ticker,model,fold,date,y_true,y_pred,confidence,bullish_probability,second_best_probability,probability_margin
JPM,xgboost,1,2019-10-03,0,0,0.9707522392272949,0.0034859650768339634,0.025761732831597328,0.9449905063956976
JPM,xgboost,1,2019-10-04,0,-1,0.6331267356872559,0.011461852118372917,0.3554114103317261,0.2777153253555298
JPM,xgboost,1,2019-10-07,0,-1,0.9866334199905396,0.0019603685941547155,0.011406182311475277,0.9752272376790643
JPM,xgboost,1,2019-10-08,1,-1,0.7947410941123962,0.008898776024580002,0.19636017084121704,0.5983809232711792
JPM,xgboost,1,2019-10-09,1,-1,0.7481934428215027,0.016134697943925858,0.23567181825637817,0.5125216245651245
JPM,xgboost,1,2019-10-10,1,0,0.6418970227241516,0.008565627969801426,0.34953734278678894,0.29235967993736267
JPM,xgboost,1,2019-10-11,1,0,0.9116986989974976,0.0463193878531456,0.0463193878531456,0.865379311144352
JPM,xgboost,1,2019-10-14,1,-1,0.7974380254745483,0.013620526529848576,0.18894141912460327,0.6084966063499451
JPM,xgboost,1,2019-10-15,1,0,0.4964790940284729,0.4901326596736908,0.4901326596736908,0.0063464343547821045
JPM,xgboost,1,2019-10-16,1,1,0.7523123025894165,0.7523123025894165,0.23629696667194366,0.5160153359174728
JPM,xgboost,1,2019-10-17,1,1,0.7168095707893372,0.7168095707893372,0.26828905940055847,0.4485205113887787
JPM,xgboost,1,2019-10-18,1,0,0.8248242139816284,0.13953156769275665,0.13953156769275665,0.6852926462888718
JPM,xgboost,1,2019-10-21,1,1,0.8127495050430298,0.8127495050430298,0.18439911305904388,0.6283503919839859
JPM,xgboost,1,2019-10-22,0,0,0.628836452960968,0.3075110614299774,0.3075110614299774,0.3213253915309906
JPM,xgboost,1,2019-10-23,0,1,0.5832310914993286,0.5832310914993286,0.21724997460842133,0.3659811168909073
JPM,xgboost,1,2019-10-24,0,0,0.4814227223396301,0.3343956172466278,0.3343956172466278,0.14702710509300232
JPM,xgboost,1,2019-10-25,0,0,0.9138984680175781,0.02901526913046837,0.05708630755543709,0.856812160462141
JPM,xgboost,1,2019-10-28,0,0,0.6167489290237427,0.07085569202899933,0.3123953938484192,0.3043535351753235
JPM,xgboost,1,2019-10-29,1,0,0.8261091709136963,0.018697185441851616,0.15519368648529053,0.6709154844284058
JPM,xgboost,1,2019-10-30,1,0,0.9122568964958191,0.012461024336516857,0.07528205215930939,0.8369748443365097
JPM,xgboost,1,2019-10-31,1,0,0.8550048470497131,0.016706807538866997,0.1282884031534195,0.7267164438962936
JPM,xgboost,1,2019-11-01,1,0,0.8711389303207397,0.01647745817899704,0.11238356679677963,0.7587553635239601
JPM,xgboost,1,2019-11-04,0,0,0.6920358538627625,0.02399773895740509,0.28396639227867126,0.4080694615840912
JPM,xgboost,1,2019-11-05,0,0,0.7854649424552917,0.004181544296443462,0.21035346388816833,0.5751114785671234
JPM,xgboost,1,2019-11-06,0,-1,0.8173173069953918,0.0108543885871768,0.17182831466197968,0.6454889923334122
JPM,xgboost,1,2019-11-07,0,0,0.6736142635345459,0.014108804985880852,0.3122769296169281,0.3613373339176178
JPM,xgboost,1,2019-11-08,0,-1,0.7548614144325256,0.012596864253282547,0.2325417697429657,0.5223196446895599
JPM,xgboost,1,2019-11-11,0,-1,0.6755679845809937,0.004752379842102528,0.3196796774864197,0.355888307094574
JPM,xgboost,1,2019-11-12,0,-1,0.7480577826499939,0.02416151389479637,0.22778066992759705,0.5202771127223969
JPM,xgboost,1,2019-11-13,0,0,0.6707385778427124,0.016168229281902313,0.3130932152271271,0.3576453626155853
JPM,xgboost,1,2019-11-14,0,-1,0.5766471028327942,0.019137367606163025,0.4042155146598816,0.1724315881729126
JPM,xgboost,1,2019-11-15,0,-1,0.7969198822975159,0.02864772081375122,0.1744324117898941,0.6224874705076218
JPM,xgboost,1,2019-11-18,0,-1,0.743237316608429,0.006925724446773529,0.24983695149421692,0.49340036511421204
JPM,xgboost,1,2019-11-19,0,-1,0.8144883513450623,0.027892954647541046,0.1576186716556549,0.6568696796894073
JPM,xgboost,1,2019-11-20,0,0,0.6301963329315186,0.022719694301486015,0.3470839858055115,0.2831123471260071
JPM,xgboost,1,2019-11-21,0,-1,0.9251350164413452,0.02498359978199005,0.049881380051374435,0.8752536363899708
JPM,xgboost,1,2019-11-22,0,-1,0.736703097820282,0.02860403247177601,0.23469287157058716,0.5020102262496948
JPM,xgboost,1,2019-11-25,0,-1,0.8829313516616821,0.023122312501072884,0.09394630789756775,0.7889850437641144
JPM,xgboost,1,2019-11-26,0,-1,0.7480788826942444,0.06126651167869568,0.19065463542938232,0.5574242472648621
JPM,xgboost,1,2019-11-27,0,-1,0.9286308884620667,0.01624349132180214,0.05512560158967972,0.8735052868723869
JPM,xgboost,1,2019-11-29,1,0,0.7111946940422058,0.00510657811537385,0.28369876742362976,0.42749592661857605
JPM,xgboost,1,2019-12-02,1,0,0.6849368810653687,0.02237802930176258,0.2926850914955139,0.39225178956985474
JPM,xgboost,1,2019-12-03,1,0,0.7569722533226013,0.1335158795118332,0.1335158795118332,0.6234563738107681
JPM,xgboost,1,2019-12-04,0,-1,0.6335756182670593,0.009303291328251362,0.3571210205554962,0.2764545977115631
JPM,xgboost,1,2019-12-05,1,-1,0.8812378644943237,0.015570384450256824,0.10319174826145172,0.778046116232872
JPM,xgboost,1,2019-12-06,0,-1,0.7192417979240417,0.028811955824494362,0.25194621086120605,0.4672955870628357
JPM,xgboost,1,2019-12-09,1,-1,0.9574292302131653,0.00341107533313334,0.03915967419743538,0.9182695560157299
JPM,xgboost,1,2019-12-10,1,-1,0.6501850485801697,0.007949752733111382,0.3418651819229126,0.3083198666572571
JPM,xgboost,1,2019-12-11,1,-1,0.8884133100509644,0.010366079397499561,0.10122065991163254,0.7871926501393318
JPM,xgboost,1,2019-12-12,0,0,0.8609493374824524,0.12129297852516174,0.12129297852516174,0.7396563589572906
JPM,xgboost,1,2019-12-13,0,-1,0.4827185273170471,0.06811737269163132,0.44916415214538574,0.03355437517166138
JPM,xgboost,1,2019-12-16,0,0,0.7941624522209167,0.1249641701579094,0.1249641701579094,0.6691982820630074
JPM,xgboost,1,2019-12-17,0,0,0.6295859217643738,0.3368993401527405,0.3368993401527405,0.2926865816116333
JPM,xgboost,1,2019-12-18,0,0,0.9229674339294434,0.01254792045801878,0.06448467075824738,0.858482763171196
JPM,xgboost,1,2019-12-19,0,0,0.8175469636917114,0.0032056504860520363,0.1792474240064621,0.6382995396852493
JPM,xgboost,1,2019-12-20,0,-1,0.6548178791999817,0.013611093163490295,0.3315710425376892,0.3232468366622925
JPM,xgboost,1,2019-12-23,0,-1,0.7073848247528076,0.011028481647372246,0.2815866470336914,0.4257981777191162
JPM,xgboost,1,2019-12-24,1,-1,0.5784326791763306,0.008623980917036533,0.4129433333873749,0.1654893457889557
JPM,xgboost,1,2019-12-26,0,0,0.7450323104858398,0.019897358492016792,0.2350703477859497,0.5099619626998901
JPM,xgboost,1,2019-12-27,0,-1,0.8007414937019348,0.02251611463725567,0.17674240469932556,0.6239990890026093
JPM,xgboost,1,2019-12-30,0,-1,0.5836139917373657,0.039789434522390366,0.3765965402126312,0.2070174515247345
JPM,xgboost,1,2019-12-31,0,-1,0.644778311252594,0.01351913157850504,0.3417026102542877,0.3030757009983063
JPM,xgboost,1,2020-01-02,0,-1,0.5203272104263306,0.006568011827766895,0.4731047451496124,0.04722246527671814
JPM,xgboost,1,2020-01-03,0,0,0.7341926097869873,0.04665954038500786,0.21914781630039215,0.5150447934865952
JPM,xgboost,1,2020-01-06,0,0,0.8099203705787659,0.004290783312171698,0.18578879535198212,0.6241315752267838
JPM,xgboost,1,2020-01-07,1,0,0.8724512457847595,0.049149174243211746,0.07839959859848022,0.7940516471862793
JPM,xgboost,1,2020-01-08,0,0,0.7534121870994568,0.003791404888033867,0.2427963763475418,0.510615810751915
JPM,xgboost,1,2020-01-09,0,0,0.8702641129493713,0.00873017217963934,0.12100570648908615,0.7492584064602852
JPM,xgboost,1,2020-01-10,0,0,0.6038866639137268,0.3550591766834259,0.3550591766834259,0.2488274872303009
JPM,xgboost,1,2020-01-13,0,0,0.8381832838058472,0.035907305777072906,0.12590943276882172,0.7122738510370255
JPM,xgboost,1,2020-01-14,0,-1,0.7407341003417969,0.02188139408826828,0.23738449811935425,0.5033496022224426
JPM,xgboost,1,2020-01-15,0,0,0.7489123940467834,0.18743953108787537,0.18743953108787537,0.5614728629589081
JPM,xgboost,1,2020-01-16,-1,0,0.5795744061470032,0.26726779341697693,0.26726779341697693,0.31230661273002625
JPM,xgboost,1,2020-01-17,-1,0,0.8902790546417236,0.008757767267525196,0.10096316039562225,0.7893158942461014
JPM,xgboost,1,2020-01-21,0,0,0.6376335024833679,0.20968371629714966,0.20968371629714966,0.42794978618621826
JPM,xgboost,1,2020-01-22,0,0,0.9600817561149597,0.015293482691049576,0.02462470903992653,0.9354570470750332
JPM,xgboost,1,2020-01-23,0,0,0.8486086130142212,0.08166304230690002,0.08166304230690002,0.7669455707073212
JPM,xgboost,1,2020-01-24,0,0,0.7685546278953552,0.20088650286197662,0.20088650286197662,0.5676681250333786
JPM,xgboost,1,2020-01-27,0,0,0.6480554938316345,0.2823713719844818,0.2823713719844818,0.3656841218471527
JPM,xgboost,1,2020-01-28,0,0,0.3662521243095398,0.3518316149711609,0.3518316149711609,0.014420509338378906
JPM,xgboost,1,2020-01-29,1,-1,0.8042249083518982,0.15708690881729126,0.15708690881729126,0.6471379995346069
JPM,xgboost,1,2020-01-30,0,-1,0.5241957902908325,0.05516425147652626,0.4206399619579315,0.103555828332901
JPM,xgboost,1,2020-01-31,1,1,0.5145142078399658,0.5145142078399658,0.45381972193717957,0.060694485902786255
JPM,xgboost,1,2020-02-03,1,1,0.7687873244285583,0.7687873244285583,0.1488301306962967,0.6199571937322617
JPM,xgboost,1,2020-02-04,1,0,0.43399879336357117,0.31994205713272095,0.31994205713272095,0.11405673623085022
JPM,xgboost,1,2020-02-05,0,0,0.4675709009170532,0.17621825635433197,0.356210857629776,0.11136004328727722
JPM,xgboost,1,2020-02-06,0,-1,0.4587627053260803,0.08531010150909424,0.45592716336250305,0.0028355419635772705
JPM,xgboost,1,2020-02-07,0,0,0.4861421287059784,0.31825393438339233,0.31825393438339233,0.16788819432258606
JPM,xgboost,1,2020-02-10,0,0,0.9314397573471069,0.03833209350705147,0.03833209350705147,0.8931076638400555
JPM,xgboost,1,2020-02-11,0,0,0.6952778100967407,0.1104976162314415,0.19422462582588196,0.5010531842708588
JPM,xgboost,1,2020-02-12,0,0,0.5814016461372375,0.07530981302261353,0.3432885408401489,0.23811310529708862
JPM,xgboost,1,2020-02-13,0,0,0.6422800421714783,0.009195827879011631,0.34852418303489685,0.2937558591365814
JPM,xgboost,1,2020-02-14,-1,0,0.9675370454788208,0.006383171770721674,0.0260798130184412,0.9414572324603796
JPM,xgboost,1,2020-02-18,-1,0,0.9796921610832214,0.009179281070828438,0.011128565296530724,0.9685635957866907
JPM,xgboost,1,2020-02-19,-1,-1,0.5593216419219971,0.04852612689137459,0.39215224981307983,0.16716939210891724
JPM,xgboost,1,2020-02-20,-1,-1,0.5787001252174377,0.02118174359202385,0.4001181125640869,0.17858201265335083
JPM,xgboost,1,2020-02-21,-1,0,0.8848708271980286,0.0453912690281868,0.06973788142204285,0.8151329457759857
JPM,xgboost,1,2020-02-24,-1,0,0.7536622881889343,0.11868814378976822,0.12764960527420044,0.6260126829147339
JPM,xgboost,1,2020-02-25,-1,0,0.5178994536399841,0.03679537773132324,0.44530510902404785,0.07259434461593628
JPM,xgboost,1,2020-02-26,-1,-1,0.612088680267334,0.07560724765062332,0.3123041093349457,0.2997845709323883
JPM,xgboost,1,2020-02-27,-1,0,0.36308225989341736,0.27656933665275574,0.3603484034538269,0.002733856439590454
JPM,xgboost,1,2020-02-28,-1,0,0.4495159089565277,0.22597715258598328,0.324506938457489,0.1250089704990387
JPM,xgboost,1,2020-03-02,-1,-1,0.565693199634552,0.2232741266489029,0.2232741266489029,0.3424190729856491
JPM,xgboost,1,2020-03-03,-1,1,0.6028009653091431,0.6028009653091431,0.23331905901432037,0.3694819062948227
JPM,xgboost,1,2020-03-04,-1,1,0.6654028296470642,0.6654028296470642,0.2035089135169983,0.4618939161300659
JPM,xgboost,1,2020-03-05,-1,0,0.5071476697921753,0.34493300318717957,0.34493300318717957,0.16221466660499573
JPM,xgboost,1,2020-03-06,-1,0,0.4768754839897156,0.21233412623405457,0.3107903301715851,0.1660851538181305
JPM,xgboost,1,2020-03-09,-1,1,0.4092743396759033,0.4092743396759033,0.37635335326194763,0.03292098641395569
JPM,xgboost,1,2020-03-10,-1,0,0.5672240853309631,0.16546733677387238,0.2673085927963257,0.29991549253463745
JPM,xgboost,1,2020-03-11,-1,1,0.45739611983299255,0.45739611983299255,0.27962973713874817,0.17776638269424438
JPM,xgboost,1,2020-03-12,-1,0,0.4007737934589386,0.3197377324104309,0.3197377324104309,0.08103606104850769
JPM,xgboost,1,2020-03-13,-1,1,0.7573755979537964,0.7573755979537964,0.1590724140405655,0.5983031839132309
JPM,xgboost,1,2020-03-16,-1,0,0.41271618008613586,0.3648657202720642,0.3648657202720642,0.047850459814071655
JPM,xgboost,1,2020-03-17,-1,1,0.6295145153999329,0.6295145153999329,0.18557608127593994,0.4439384341239929
JPM,xgboost,1,2020-03-18,1,1,0.4146501421928406,0.4146501421928406,0.3362370431423187,0.07841309905052185
JPM,xgboost,1,2020-03-19,1,-1,0.4596516788005829,0.3346070647239685,0.3346070647239685,0.12504461407661438
JPM,xgboost,1,2020-03-20,1,1,0.39614084362983704,0.39614084362983704,0.34297168254852295,0.05316916108131409
JPM,xgboost,1,2020-03-23,1,1,0.4109545350074768,0.4109545350074768,0.3641171455383301,0.04683738946914673
JPM,xgboost,1,2020-03-24,0,1,0.6768954396247864,0.6768954396247864,0.2467237412929535,0.4301716983318329
JPM,xgboost,1,2020-03-25,-1,1,0.8800143003463745,0.8800143003463745,0.10785538703203201,0.7721589133143425
JPM,xgboost,1,2020-03-26,-1,1,0.6397413015365601,0.6397413015365601,0.3526356518268585,0.28710564970970154
JPM,xgboost,1,2020-03-27,-1,1,0.5838934183120728,0.5838934183120728,0.29060691595077515,0.2932865023612976
JPM,xgboost,1,2020-03-30,-1,1,0.8344876766204834,0.8344876766204834,0.151093989610672,0.6833936870098114
JPM,xgboost,1,2020-03-31,0,1,0.4584638774394989,0.4584638774394989,0.3792153298854828,0.07924854755401611
JPM,xgboost,1,2020-04-01,1,1,0.41222083568573,0.41222083568573,0.32637059688568115,0.08585023880004883
JPM,xgboost,1,2020-04-02,1,0,0.5380096435546875,0.29963764548301697,0.29963764548301697,0.23837199807167053
JPM,xgboost,1,2020-04-03,1,0,0.5829107761383057,0.2681524455547333,0.2681524455547333,0.3147583305835724
JPM,xgboost,1,2020-04-06,1,1,0.6266441345214844,0.6266441345214844,0.3434906601905823,0.2831534743309021
JPM,xgboost,1,2020-04-07,0,0,0.5450558662414551,0.4487224221229553,0.4487224221229553,0.09633344411849976
JPM,xgboost,1,2020-04-08,-1,0,0.7384096384048462,0.25707510113716125,0.25707510113716125,0.48133453726768494
JPM,xgboost,1,2020-04-09,-1,0,0.889270544052124,0.10842413455247879,0.10842413455247879,0.7808464094996452
JPM,xgboost,1,2020-04-13,-1,0,0.5466333627700806,0.44549673795700073,0.44549673795700073,0.10113662481307983
JPM,xgboost,1,2020-04-14,-1,0,0.9444293975830078,0.044502899050712585,0.044502899050712585,0.8999264985322952
JPM,xgboost,1,2020-04-15,0,0,0.7153860330581665,0.14379054307937622,0.14379054307937622,0.5715954899787903
JPM,xgboost,1,2020-04-16,1,0,0.8750826716423035,0.05961187183856964,0.06530550122261047,0.809777170419693
JPM,xgboost,1,2020-04-17,-1,0,0.9706719517707825,0.01747981831431389,0.01747981831431389,0.9531921334564686
JPM,xgboost,1,2020-04-20,1,0,0.9207789301872253,0.0561927892267704,0.0561927892267704,0.8645861409604549
JPM,xgboost,1,2020-04-21,1,0,0.9032187461853027,0.0289815254509449,0.06779975444078445,0.8354189917445183
JPM,xgboost,1,2020-04-22,1,0,0.8879883885383606,0.03619479387998581,0.0758168175816536,0.812171570956707
JPM,xgboost,1,2020-04-23,1,0,0.7386160492897034,0.14784370362758636,0.14784370362758636,0.590772345662117
JPM,xgboost,1,2020-04-24,1,0,0.6476186513900757,0.23382161557674408,0.23382161557674408,0.4137970358133316
JPM,xgboost,1,2020-04-27,-1,0,0.799047589302063,0.1888297200202942,0.1888297200202942,0.6102178692817688
JPM,xgboost,1,2020-04-28,-1,0,0.9166596531867981,0.076947420835495,0.076947420835495,0.8397122323513031
JPM,xgboost,1,2020-04-29,-1,0,0.9592112302780151,0.03967602178454399,0.03967602178454399,0.9195352084934711
JPM,xgboost,1,2020-04-30,-1,0,0.9474048018455505,0.05204055458307266,0.05204055458307266,0.8953642472624779
JPM,xgboost,1,2020-05-01,0,1,0.5872986316680908,0.5872986316680908,0.39043179154396057,0.19686684012413025
JPM,xgboost,1,2020-05-04,-1,0,0.8933089375495911,0.08328872174024582,0.08328872174024582,0.8100202158093452
JPM,xgboost,1,2020-05-05,-1,0,0.7784922122955322,0.2041708379983902,0.2041708379983902,0.574321374297142
JPM,xgboost,1,2020-05-06,-1,0,0.8207669854164124,0.12546421587467194,0.12546421587467194,0.6953027695417404
JPM,xgboost,1,2020-05-07,-1,0,0.7295607924461365,0.15797095000743866,0.15797095000743866,0.5715898424386978
JPM,xgboost,1,2020-05-08,-1,0,0.8811326026916504,0.09389286488294601,0.09389286488294601,0.7872397378087044
JPM,xgboost,1,2020-05-11,0,0,0.7552764415740967,0.11136607825756073,0.1333574801683426,0.6219189614057541
JPM,xgboost,1,2020-05-12,0,0,0.6940589547157288,0.21641823649406433,0.21641823649406433,0.47764071822166443
JPM,xgboost,1,2020-05-13,1,0,0.6985141038894653,0.07075069099664688,0.23073524236679077,0.46777886152267456
JPM,xgboost,1,2020-05-14,1,0,0.8818719983100891,0.042844370007514954,0.07528361678123474,0.8065883815288544
JPM,xgboost,1,2020-05-15,1,1,0.6407435536384583,0.6407435536384583,0.19515608251094818,0.44558747112751007
JPM,xgboost,1,2020-05-18,1,0,0.9448153376579285,0.044293973594903946,0.044293973594903946,0.9005213640630245
JPM,xgboost,1,2020-05-19,1,0,0.5577848553657532,0.314043253660202,0.314043253660202,0.24374160170555115
JPM,xgboost,1,2020-05-20,1,0,0.9889156818389893,0.009181985631585121,0.009181985631585121,0.9797336962074041
JPM,xgboost,1,2020-05-21,1,0,0.7221526503562927,0.2508872151374817,0.2508872151374817,0.47126543521881104
JPM,xgboost,1,2020-05-22,1,0,0.6590017080307007,0.2900134325027466,0.2900134325027466,0.3689882755279541
JPM,xgboost,1,2020-05-26,1,0,0.807440996170044,0.19188867509365082,0.19188867509365082,0.6155523210763931
JPM,xgboost,1,2020-05-27,1,0,0.8500109314918518,0.14862607419490814,0.14862607419490814,0.7013848572969437
JPM,xgboost,1,2020-05-28,1,0,0.691100001335144,0.306856632232666,0.306856632232666,0.384243369102478
JPM,xgboost,1,2020-05-29,1,0,0.7864359617233276,0.21289847791194916,0.21289847791194916,0.5735374838113785
JPM,xgboost,1,2020-06-01,1,0,0.8679727911949158,0.13046570122241974,0.13046570122241974,0.737507089972496
JPM,xgboost,1,2020-06-02,1,0,0.6139228940010071,0.3837815821170807,0.3837815821170807,0.2301413118839264
JPM,xgboost,1,2020-06-03,0,0,0.9316616654396057,0.06683992594480515,0.06683992594480515,0.8648217394948006
JPM,xgboost,1,2020-06-04,-1,0,0.9729357361793518,0.025757448747754097,0.025757448747754097,0.9471782874315977
JPM,xgboost,1,2020-06-05,-1,0,0.9569356441497803,0.04105531424283981,0.04105531424283981,0.9158803299069405
JPM,xgboost,1,2020-06-08,-1,0,0.9694087505340576,0.02975594624876976,0.02975594624876976,0.9396528042852879
JPM,xgboost,1,2020-06-09,-1,0,0.8838697671890259,0.11298426240682602,0.11298426240682602,0.7708855047821999
JPM,xgboost,1,2020-06-10,-1,0,0.9778622388839722,0.01745714247226715,0.01745714247226715,0.960405096411705
JPM,xgboost,1,2020-06-11,0,0,0.8060433268547058,0.020727839320898056,0.1732288897037506,0.6328144371509552
JPM,xgboost,1,2020-06-12,-1,0,0.9337105751037598,0.0037364186719059944,0.06255295872688293,0.8711576163768768
JPM,xgboost,1,2020-06-15,-1,0,0.9797813892364502,0.0018855391535907984,0.018333105370402336,0.9614482838660479
JPM,xgboost,1,2020-06-16,-1,0,0.951836884021759,0.007563690654933453,0.040599409490823746,0.9112374745309353
JPM,xgboost,1,2020-06-17,-1,0,0.919846773147583,0.03564269840717316,0.04451051354408264,0.8753362596035004
JPM,xgboost,1,2020-06-18,0,0,0.9594353437423706,0.02961774356663227,0.02961774356663227,0.9298176001757383
JPM,xgboost,1,2020-06-19,-1,0,0.944891631603241,0.031779590994119644,0.031779590994119644,0.9131120406091213
JPM,xgboost,1,2020-06-22,-1,0,0.5496543645858765,0.2752988338470459,0.2752988338470459,0.27435553073883057
JPM,xgboost,1,2020-06-23,-1,0,0.9850432872772217,0.007535662967711687,0.007535662967711687,0.97750762430951
JPM,xgboost,1,2020-06-24,0,0,0.7257952094078064,0.18433861434459686,0.18433861434459686,0.5414565950632095
JPM,xgboost,1,2020-06-25,-1,0,0.7844832539558411,0.02311677299439907,0.1923999935388565,0.5920832604169846
JPM,xgboost,1,2020-06-26,1,0,0.7324144840240479,0.055806778371334076,0.21177873015403748,0.5206357538700104
JPM,xgboost,1,2020-06-29,0,0,0.5469074249267578,0.31734031438827515,0.31734031438827515,0.22956711053848267
JPM,xgboost,1,2020-06-30,0,0,0.5847203731536865,0.12642987072467804,0.288849800825119,0.2958705723285675
JPM,xgboost,1,2020-07-01,0,0,0.4863767623901367,0.42000001668930054,0.42000001668930054,0.06637674570083618
JPM,xgboost,1,2020-07-02,1,0,0.6252458691596985,0.2871066629886627,0.2871066629886627,0.33813920617103577
JPM,xgboost,1,2020-07-06,1,0,0.9352306127548218,0.05019426345825195,0.05019426345825195,0.8850363492965698
JPM,xgboost,1,2020-07-07,1,0,0.7613102197647095,0.145108163356781,0.145108163356781,0.6162020564079285
JPM,xgboost,1,2020-07-08,1,1,0.6333019137382507,0.6333019137382507,0.2673152685165405,0.3659866452217102
JPM,xgboost,1,2020-07-09,1,0,0.8410910964012146,0.12781907618045807,0.12781907618045807,0.7132720202207565
JPM,xgboost,1,2020-07-10,0,0,0.9335544109344482,0.03691379353404045,0.03691379353404045,0.8966406174004078
JPM,xgboost,1,2020-07-13,0,0,0.7185781002044678,0.2744249105453491,0.2744249105453491,0.44415318965911865
JPM,xgboost,1,2020-07-14,0,0,0.7419108748435974,0.2521858513355255,0.2521858513355255,0.4897250235080719
JPM,xgboost,1,2020-07-15,0,0,0.8649202585220337,0.13436688482761383,0.13436688482761383,0.7305533736944199
JPM,xgboost,1,2020-07-16,0,0,0.7817663550376892,0.21682998538017273,0.21682998538017273,0.5649363696575165
JPM,xgboost,1,2020-07-17,0,0,0.711674690246582,0.2866149842739105,0.2866149842739105,0.4250597059726715
JPM,xgboost,1,2020-07-20,0,0,0.9736959934234619,0.013641194440424442,0.013641194440424442,0.9600547989830375
JPM,xgboost,1,2020-07-21,-1,0,0.620137631893158,0.37790778279304504,0.37790778279304504,0.24222984910011292
JPM,xgboost,1,2020-07-22,0,0,0.8147969245910645,0.18415860831737518,0.18415860831737518,0.6306383162736893
JPM,xgboost,1,2020-07-23,0,0,0.8267369270324707,0.1711168736219406,0.1711168736219406,0.6556200534105301
JPM,xgboost,1,2020-07-24,0,0,0.914075493812561,0.07024482637643814,0.07024482637643814,0.8438306674361229
JPM,xgboost,1,2020-07-27,0,0,0.9152759909629822,0.046511612832546234,0.046511612832546234,0.8687643781304359
JPM,xgboost,1,2020-07-28,0,0,0.6016479134559631,0.01604427956044674,0.38230782747268677,0.21934008598327637
JPM,xgboost,1,2020-07-29,-1,0,0.9198869466781616,0.025996992364525795,0.054116055369377136,0.8657708913087845
JPM,xgboost,1,2020-07-30,0,0,0.5754651427268982,0.09866414219141006,0.3258707523345947,0.24959439039230347
JPM,xgboost,1,2020-07-31,1,0,0.7864180207252502,0.12904739379882812,0.12904739379882812,0.6573706269264221
JPM,xgboost,1,2020-08-03,1,0,0.7527380585670471,0.24186384677886963,0.24186384677886963,0.5108742117881775
JPM,xgboost,1,2020-08-04,1,0,0.595011830329895,0.3651863932609558,0.3651863932609558,0.2298254370689392
JPM,xgboost,1,2020-08-05,1,0,0.8889279961585999,0.09149418771266937,0.09149418771266937,0.7974338084459305
JPM,xgboost,1,2020-08-06,1,0,0.7708284258842468,0.2120886594057083,0.2120886594057083,0.5587397664785385
JPM,xgboost,1,2020-08-07,1,0,0.918026864528656,0.04746674373745918,0.04746674373745918,0.8705601207911968
JPM,xgboost,1,2020-08-10,0,0,0.9310762882232666,0.06591768562793732,0.06591768562793732,0.8651586025953293
JPM,xgboost,1,2020-08-11,-1,1,0.5996367335319519,0.5996367335319519,0.3989003300666809,0.200736403465271
JPM,xgboost,1,2020-08-12,-1,0,0.9674766659736633,0.030077515169978142,0.030077515169978142,0.9373991508036852
JPM,xgboost,1,2020-08-13,-1,0,0.954476535320282,0.044071171432733536,0.044071171432733536,0.9104053638875484
JPM,xgboost,1,2020-08-14,-1,0,0.8455243110656738,0.15371918678283691,0.15371918678283691,0.6918051242828369
JPM,xgboost,1,2020-08-17,0,0,0.883689284324646,0.05744452401995659,0.058866146951913834,0.8248231373727322
JPM,xgboost,1,2020-08-18,1,0,0.9649717807769775,0.016261497512459755,0.01876663789153099,0.9462051428854465
JPM,xgboost,1,2020-08-19,0,0,0.9413689374923706,0.020767921581864357,0.03786313906311989,0.9035057984292507
JPM,xgboost,1,2020-08-20,1,0,0.7483140230178833,0.12081601470708847,0.13086992502212524,0.6174440979957581
JPM,xgboost,1,2020-08-21,1,0,0.5436025261878967,0.1924092024564743,0.2639882564544678,0.27961426973342896
JPM,xgboost,1,2020-08-24,0,0,0.9430344104766846,0.02737630531191826,0.029589300975203514,0.9134451095014811
JPM,xgboost,1,2020-08-25,0,0,0.499922513961792,0.41006186604499817,0.41006186604499817,0.08986064791679382
JPM,xgboost,1,2020-08-26,1,1,0.43029651045799255,0.43029651045799255,0.3214368522167206,0.10885965824127197
JPM,xgboost,1,2020-08-27,0,0,0.9918771982192993,0.005483224522322416,0.005483224522322416,0.9863939736969769
JPM,xgboost,1,2020-08-28,0,0,0.9699772596359253,0.009666684083640575,0.020355982705950737,0.9496212769299746
JPM,xgboost,1,2020-08-31,0,0,0.9545807242393494,0.01811881922185421,0.027300477027893066,0.9272802472114563
JPM,xgboost,1,2020-09-01,0,0,0.975286066532135,0.012413965538144112,0.012413965538144112,0.9628721009939909
JPM,xgboost,1,2020-09-02,0,0,0.9556769132614136,0.024743184447288513,0.024743184447288513,0.9309337288141251
JPM,xgboost,1,2020-09-03,0,0,0.8964719176292419,0.08210378885269165,0.08210378885269165,0.8143681287765503
JPM,xgboost,1,2020-09-04,0,0,0.8391156196594238,0.15998132526874542,0.15998132526874542,0.6791342943906784
JPM,xgboost,1,2020-09-08,0,0,0.6619206666946411,0.006287384778261185,0.3317919671535492,0.3301286995410919
JPM,xgboost,1,2020-09-09,0,0,0.7043232917785645,0.018088776618242264,0.2775879502296448,0.4267353415489197
JPM,xgboost,1,2020-09-10,0,0,0.9168195128440857,0.0032805665396153927,0.07989990711212158,0.8369196057319641
JPM,xgboost,1,2020-09-11,-1,0,0.6157321929931641,0.0037419269792735577,0.3805258572101593,0.23520633578300476
JPM,xgboost,1,2020-09-14,-1,0,0.8503440022468567,0.013712767511606216,0.135943204164505,0.7144007980823517
JPM,xgboost,1,2020-09-15,-1,0,0.7142557501792908,0.06407482177019119,0.22166942059993744,0.49258632957935333
JPM,xgboost,1,2020-09-16,-1,0,0.7176422476768494,0.037883657962083817,0.24447409808635712,0.47316814959049225
JPM,xgboost,1,2020-09-17,-1,0,0.8807644248008728,0.011867746710777283,0.10736782103776932,0.7733966037631035
JPM,xgboost,1,2020-09-18,-1,0,0.8412953615188599,0.02602379024028778,0.13268089294433594,0.7086144685745239
JPM,xgboost,1,2020-09-21,0,0,0.5209209322929382,0.04059162363409996,0.4384874701499939,0.08243346214294434
JPM,xgboost,1,2020-09-22,0,-1,0.6971411108970642,0.09447472542524338,0.20838415622711182,0.4887569546699524
JPM,xgboost,1,2020-09-23,1,0,0.7269130349159241,0.020050417631864548,0.2530364990234375,0.4738765358924866
JPM,xgboost,1,2020-09-24,1,-1,0.7019428610801697,0.010494671761989594,0.2875624895095825,0.41438037157058716
JPM,xgboost,1,2020-09-25,1,1,0.665394127368927,0.665394127368927,0.2814925014972687,0.3839016258716583
JPM,xgboost,1,2020-09-28,1,0,0.9759475588798523,0.019282571971416473,0.019282571971416473,0.9566649869084358
JPM,xgboost,1,2020-09-29,1,1,0.3723324239253998,0.3723324239253998,0.34295687079429626,0.029375553131103516
JPM,xgboost,1,2020-09-30,1,0,0.6217219233512878,0.15238432586193085,0.22589373588562012,0.3958281874656677
JPM,xgboost,1,2020-10-01,1,0,0.7599607706069946,0.16351626813411713,0.16351626813411713,0.5964445024728775
JPM,xgboost,1,2020-10-02,1,0,0.9518586993217468,0.008137230761349201,0.040004029870033264,0.9118546694517136
JPM,xgboost,1,2020-10-05,1,0,0.8023503422737122,0.18880335986614227,0.18880335986614227,0.6135469824075699
JPM,xgboost,1,2020-10-06,1,0,0.8143374919891357,0.0853714644908905,0.10029103606939316,0.7140464559197426
JPM,xgboost,1,2020-10-07,0,1,0.5617971420288086,0.5617971420288086,0.312179833650589,0.2496173083782196
JPM,xgboost,1,2020-10-08,0,1,0.5489681959152222,0.5489681959152222,0.44211870431900024,0.10684949159622192
JPM,xgboost,1,2020-10-09,0,1,0.5690679550170898,0.5690679550170898,0.4268648326396942,0.14220312237739563
JPM,xgboost,1,2020-10-12,-1,1,0.6159186363220215,0.6159186363220215,0.315935343503952,0.29998329281806946
JPM,xgboost,1,2020-10-13,0,1,0.5856295228004456,0.5856295228004456,0.4019491970539093,0.18368032574653625
JPM,xgboost,1,2020-10-14,0,0,0.8478682041168213,0.13758224248886108,0.13758224248886108,0.7102859616279602
JPM,xgboost,1,2020-10-15,0,0,0.6697593331336975,0.32833683490753174,0.32833683490753174,0.34142249822616577
JPM,xgboost,1,2020-10-16,1,0,0.8202271461486816,0.16221821308135986,0.16221821308135986,0.6580089330673218
JPM,xgboost,1,2020-10-19,0,0,0.9162321090698242,0.0039470442570745945,0.07982088625431061,0.8364112228155136
JPM,xgboost,1,2020-10-20,0,0,0.8919013738632202,0.0524044930934906,0.05569412559270859,0.8362072482705116
JPM,xgboost,1,2020-10-21,-1,0,0.9318612813949585,0.0016907581593841314,0.0664479210972786,0.8654133602976799
JPM,xgboost,1,2020-10-22,-1,0,0.9578014612197876,0.02469038777053356,0.02469038777053356,0.933111073449254
JPM,xgboost,1,2020-10-23,-1,0,0.9451127648353577,0.03240937739610672,0.03240937739610672,0.912703387439251
JPM,xgboost,1,2020-10-26,0,0,0.7228415608406067,0.015021814964711666,0.26213666796684265,0.46070489287376404
JPM,xgboost,1,2020-10-27,1,0,0.7214600443840027,0.007766966708004475,0.2707729935646057,0.450687050819397
JPM,xgboost,1,2020-10-28,1,-1,0.5213359594345093,0.1389891505241394,0.3396748900413513,0.18166106939315796
JPM,xgboost,1,2020-10-29,1,0,0.6507686972618103,0.015045177191495895,0.3341861963272095,0.31658250093460083
JPM,xgboost,1,2020-10-30,1,0,0.5653501749038696,0.048758357763290405,0.3858914375305176,0.17945873737335205
JPM,xgboost,1,2020-11-02,1,0,0.9528233408927917,0.004920460283756256,0.04225621372461319,0.9105671271681786
JPM,xgboost,1,2020-11-03,1,0,0.9823299050331116,0.007291268091648817,0.010378895327448845,0.9719510097056627
JPM,xgboost,1,2020-11-04,1,0,0.8184739947319031,0.02367534674704075,0.15785068273544312,0.66062331199646
JPM,xgboost,1,2020-11-05,1,0,0.9621739983558655,0.010683090426027775,0.027142895385622978,0.9350311029702425
JPM,xgboost,1,2020-11-06,1,0,0.7446606755256653,0.058818504214286804,0.1965208351612091,0.5481398403644562
JPM,xgboost,1,2020-11-09,0,0,0.9505997896194458,0.04724515229463577,0.04724515229463577,0.90335463732481
JPM,xgboost,1,2020-11-10,0,0,0.928780198097229,0.06621360033750534,0.06621360033750534,0.8625665977597237
JPM,xgboost,1,2020-11-11,0,0,0.8493460416793823,0.14772745966911316,0.14772745966911316,0.7016185820102692
JPM,xgboost,1,2020-11-12,0,0,0.957325279712677,0.03975751996040344,0.03975751996040344,0.9175677597522736
JPM,xgboost,1,2020-11-13,0,0,0.9420154690742493,0.04490254819393158,0.04490254819393158,0.8971129208803177
JPM,xgboost,1,2020-11-16,0,0,0.9407111406326294,0.05696943402290344,0.05696943402290344,0.883741706609726
JPM,xgboost,1,2020-11-17,1,0,0.8582861423492432,0.13925045728683472,0.13925045728683472,0.7190356850624084
JPM,xgboost,1,2020-11-18,1,0,0.974033772945404,0.023798029869794846,0.023798029869794846,0.9502357430756092
JPM,xgboost,1,2020-11-19,1,0,0.8865512013435364,0.11107977479696274,0.11107977479696274,0.7754714265465736
JPM,xgboost,1,2020-11-20,1,0,0.8767344951629639,0.113431416451931,0.113431416451931,0.7633030787110329
JPM,xgboost,1,2020-11-23,0,0,0.7801175117492676,0.03987884894013405,0.18000362813472748,0.6001138836145401
JPM,xgboost,1,2020-11-24,0,0,0.9595746994018555,0.03858873248100281,0.03858873248100281,0.9209859669208527
JPM,xgboost,1,2020-11-25,0,0,0.8205469846725464,0.17737804353237152,0.17737804353237152,0.6431689411401749
JPM,xgboost,1,2020-11-27,0,0,0.8912109732627869,0.09948363155126572,0.09948363155126572,0.7917273417115211
JPM,xgboost,1,2020-11-30,1,0,0.8853151202201843,0.04394295811653137,0.07074194401502609,0.8145731762051582
JPM,xgboost,1,2020-12-01,0,0,0.9866446852684021,0.003994356375187635,0.009360960684716702,0.9772837245836854
JPM,xgboost,1,2020-12-02,0,0,0.9924548864364624,0.005817805882543325,0.005817805882543325,0.9866370805539191
JPM,xgboost,1,2020-12-03,0,0,0.9695062041282654,0.02090919390320778,0.02090919390320778,0.9485970102250576
JPM,xgboost,1,2020-12-04,-1,0,0.964918315410614,0.031359486281871796,0.031359486281871796,0.9335588291287422
JPM,xgboost,1,2020-12-07,-1,0,0.9547126889228821,0.042193878442049026,0.042193878442049026,0.912518810480833
JPM,xgboost,1,2020-12-08,0,0,0.9872047901153564,0.006784304976463318,0.006784304976463318,0.9804204851388931
JPM,xgboost,1,2020-12-09,0,0,0.7511916160583496,0.1345447450876236,0.1345447450876236,0.616646870970726
JPM,xgboost,1,2020-12-10,0,0,0.7264246940612793,0.18109959363937378,0.18109959363937378,0.5453251004219055
JPM,xgboost,1,2020-12-11,0,0,0.7230681777000427,0.048354387283325195,0.2285774201154709,0.49449075758457184
JPM,xgboost,1,2020-12-14,1,0,0.850399374961853,0.04237979277968407,0.1072208508849144,0.7431785240769386
JPM,xgboost,1,2020-12-15,0,0,0.5128437280654907,0.01717585138976574,0.4699804186820984,0.042863309383392334
JPM,xgboost,1,2020-12-16,1,0,0.5303201079368591,0.059918228536844254,0.4097616374492645,0.1205584704875946
JPM,xgboost,1,2020-12-17,1,0,0.7285811901092529,0.1645084023475647,0.1645084023475647,0.5640727877616882
JPM,xgboost,1,2020-12-18,1,-1,0.5252801179885864,0.06577491015195847,0.4089450240135193,0.11633509397506714
JPM,xgboost,1,2020-12-21,0,0,0.9597065448760986,0.009790410287678242,0.030502986162900925,0.9292035587131977
JPM,xgboost,1,2020-12-22,1,0,0.47620221972465515,0.08183752000331879,0.44196027517318726,0.034241944551467896
JPM,xgboost,1,2020-12-23,0,0,0.8914287090301514,0.05414047837257385,0.054430849850177765,0.8369978591799736
JPM,xgboost,1,2020-12-24,0,0,0.8808126449584961,0.04626128077507019,0.07292606681585312,0.807886578142643
JPM,xgboost,1,2020-12-28,0,0,0.6875625252723694,0.20908096432685852,0.20908096432685852,0.47848156094551086
JPM,xgboost,1,2020-12-29,1,0,0.5200462341308594,0.4642474353313446,0.4642474353313446,0.05579879879951477
JPM,xgboost,1,2020-12-30,1,0,0.8582314848899841,0.12534861266613007,0.12534861266613007,0.7328828722238541
JPM,xgboost,1,2020-12-31,1,0,0.8699830770492554,0.10972541570663452,0.10972541570663452,0.7602576613426208
JPM,xgboost,1,2021-01-04,1,0,0.5365309119224548,0.4404057562351227,0.4404057562351227,0.09612515568733215
JPM,xgboost,1,2021-01-05,1,1,0.7377234697341919,0.7377234697341919,0.2574578821659088,0.4802655875682831
JPM,xgboost,1,2021-01-06,1,0,0.9431547522544861,0.054495494812726974,0.054495494812726974,0.8886592574417591
JPM,xgboost,1,2021-01-07,1,0,0.9797698259353638,0.0189606212079525,0.0189606212079525,0.9608092047274113
JPM,xgboost,1,2021-01-08,0,0,0.9119086861610413,0.08404818922281265,0.08404818922281265,0.8278604969382286
JPM,xgboost,1,2021-01-11,0,0,0.9725726246833801,0.026044214144349098,0.026044214144349098,0.946528410539031
JPM,xgboost,1,2021-01-12,-1,0,0.9691034555435181,0.02815835364162922,0.02815835364162922,0.9409451019018888
JPM,xgboost,1,2021-01-13,-1,0,0.936798095703125,0.05843007564544678,0.05843007564544678,0.8783680200576782
JPM,xgboost,1,2021-01-14,-1,0,0.9530519843101501,0.032759614288806915,0.032759614288806915,0.9202923700213432
JPM,xgboost,1,2021-01-15,-1,0,0.7890985608100891,0.20231200754642487,0.20231200754642487,0.5867865532636642
JPM,xgboost,1,2021-01-19,-1,0,0.9228150844573975,0.0652608722448349,0.0652608722448349,0.8575542122125626
JPM,xgboost,1,2021-01-20,-1,0,0.844637930393219,0.13570009171962738,0.13570009171962738,0.7089378386735916
JPM,xgboost,1,2021-01-21,-1,0,0.9299380779266357,0.015839066356420517,0.05422279238700867,0.8757152855396271
JPM,xgboost,1,2021-01-22,-1,0,0.8867272138595581,0.023002980276942253,0.09026975184679031,0.7964574620127678
JPM,xgboost,1,2021-01-25,0,0,0.8707568049430847,0.07843280583620071,0.07843280583620071,0.792323999106884
JPM,xgboost,1,2021-01-26,0,0,0.8505508303642273,0.06058506667613983,0.0888640359044075,0.7616867944598198
JPM,xgboost,1,2021-01-27,1,0,0.9402416944503784,0.026428591459989548,0.033329710364341736,0.9069119840860367
JPM,xgboost,1,2021-01-28,1,0,0.9304203987121582,0.02399417944252491,0.045585427433252335,0.8848349712789059
JPM,xgboost,1,2021-01-29,1,0,0.871932864189148,0.012590412981808186,0.11547676473855972,0.7564560994505882
JPM,xgboost,1,2021-02-01,1,-1,0.6606317758560181,0.05290725827217102,0.2864609360694885,0.37417083978652954
JPM,xgboost,1,2021-02-02,1,0,0.8432235717773438,0.10436707735061646,0.10436707735061646,0.7388564944267273
JPM,xgboost,1,2021-02-03,1,0,0.8820273876190186,0.03888387233018875,0.07908876240253448,0.8029386252164841
JPM,xgboost,1,2021-02-04,0,0,0.967755913734436,0.015481567941606045,0.016762515529990196,0.9509933982044458
JPM,xgboost,1,2021-02-05,1,0,0.9662511348724365,0.00980156846344471,0.023947305977344513,0.942303828895092
JPM,xgboost,1,2021-02-08,1,0,0.5398229360580444,0.4551195800304413,0.4551195800304413,0.08470335602760315
JPM,xgboost,1,2021-02-09,1,1,0.6143880486488342,0.6143880486488342,0.3772307336330414,0.23715731501579285
JPM,xgboost,1,2021-02-10,1,1,0.6486330032348633,0.6486330032348633,0.34348443150520325,0.30514857172966003
JPM,xgboost,1,2021-02-11,1,0,0.8055384159088135,0.1857706904411316,0.1857706904411316,0.6197677254676819
JPM,xgboost,1,2021-02-12,1,0,0.5741690397262573,0.40491652488708496,0.40491652488708496,0.16925251483917236
JPM,xgboost,1,2021-02-16,1,0,0.6938016414642334,0.2985471189022064,0.2985471189022064,0.395254522562027
JPM,xgboost,1,2021-02-17,1,0,0.5420657992362976,0.4251514673233032,0.4251514673233032,0.11691433191299438
JPM,xgboost,1,2021-02-18,1,0,0.666102945804596,0.26428818702697754,0.26428818702697754,0.4018147587776184
JPM,xgboost,1,2021-02-19,0,0,0.9726076722145081,0.007893268018960953,0.019499069079756737,0.9531086031347513
JPM,xgboost,1,2021-02-22,0,0,0.9720335602760315,0.007510078605264425,0.02045629359781742,0.9515772666782141
JPM,xgboost,1,2021-02-23,0,0,0.9580199122428894,0.00849507562816143,0.033484991639852524,0.9245349206030369
JPM,xgboost,1,2021-02-24,0,0,0.9671293497085571,0.014624275267124176,0.018246397376060486,0.9488829523324966
JPM,xgboost,1,2021-02-25,0,0,0.9316987991333008,0.013480749912559986,0.05482044816017151,0.8768783509731293
JPM,xgboost,1,2021-02-26,1,0,0.9495798945426941,0.025557760149240494,0.025557760149240494,0.9240221343934536
JPM,xgboost,1,2021-03-01,0,0,0.8424323797225952,0.1175905242562294,0.1175905242562294,0.7248418554663658
JPM,xgboost,1,2021-03-02,0,0,0.9845405220985413,0.006062324624508619,0.009397185407578945,0.9751433366909623
JPM,xgboost,1,2021-03-03,0,0,0.9725140929222107,0.010606092400848866,0.016879787668585777,0.9556343052536249
JPM,xgboost,1,2021-03-04,1,0,0.9379462003707886,0.012470297515392303,0.04958351328969002,0.8883626870810986
JPM,xgboost,1,2021-03-05,1,0,0.6207139492034912,0.010989277623593807,0.36829671263694763,0.2524172365665436
JPM,xgboost,1,2021-03-08,0,0,0.5911986827850342,0.004958675242960453,0.40384262800216675,0.18735605478286743
JPM,xgboost,1,2021-03-09,0,0,0.8450051546096802,0.034453075379133224,0.12054172903299332,0.7244634255766869
JPM,xgboost,1,2021-03-10,0,0,0.7415762543678284,0.014255564659833908,0.2441682517528534,0.497408002614975
JPM,xgboost,1,2021-03-11,1,0,0.7338153719902039,0.02996480092406273,0.2362198680639267,0.49759550392627716
JPM,xgboost,1,2021-03-12,0,0,0.9688407778739929,0.012315272353589535,0.01884399726986885,0.9499967806041241
JPM,xgboost,1,2021-03-15,-1,0,0.7869006991386414,0.0048239631578326225,0.20827536284923553,0.5786253362894058
JPM,xgboost,1,2021-03-16,-1,0,0.6158069372177124,0.2162541300058365,0.2162541300058365,0.3995528072118759
JPM,xgboost,1,2021-03-17,-1,0,0.5081310272216797,0.04060690850019455,0.45126208662986755,0.056868940591812134
JPM,xgboost,1,2021-03-18,-1,0,0.9537333846092224,0.014852921478450298,0.031413618475198746,0.9223197661340237
JPM,xgboost,1,2021-03-19,0,0,0.639097273349762,0.0561838299036026,0.30471891164779663,0.33437836170196533
JPM,xgboost,1,2021-03-22,0,0,0.6412035822868347,0.03976030275225639,0.3190361261367798,0.32216745615005493
JPM,xgboost,1,2021-03-23,1,0,0.8742493391036987,0.03498280048370361,0.09076785296201706,0.7834814861416817
JPM,xgboost,1,2021-03-24,0,0,0.7083488702774048,0.005959684029221535,0.2856914699077606,0.42265740036964417
JPM,xgboost,1,2021-03-25,0,0,0.6116838455200195,0.007970807142555714,0.38034531474113464,0.2313385307788849
JPM,xgboost,1,2021-03-26,0,0,0.6034269332885742,0.18285790085792542,0.21371512115001678,0.38971181213855743
JPM,xgboost,1,2021-03-29,0,0,0.7362929582595825,0.11768608540296555,0.14602090418338776,0.5902720540761948
JPM,xgboost,1,2021-03-30,0,-1,0.7898501753807068,0.060646314173936844,0.14950351417064667,0.6403466612100601
JPM,xgboost,1,2021-03-31,1,0,0.6246593594551086,0.18536655604839325,0.18997405469417572,0.4346853047609329
JPM,xgboost,1,2021-04-01,1,0,0.4765666425228119,0.09088727831840515,0.43254604935646057,0.04402059316635132
JPM,xgboost,1,2021-04-05,0,0,0.8112646341323853,0.07959209382534027,0.10914328694343567,0.7021213471889496
JPM,xgboost,1,2021-04-06,0,0,0.6152288913726807,0.016835376620292664,0.3679357171058655,0.24729317426681519
JPM,xgboost,1,2021-04-07,-1,0,0.977992594242096,0.013674230314791203,0.013674230314791203,0.9643183639273047
JPM,xgboost,1,2021-04-08,0,0,0.8685934543609619,0.04034885764122009,0.09105772525072098,0.7775357291102409
JPM,xgboost,1,2021-04-09,0,0,0.8960317373275757,0.021978797391057014,0.08198948949575424,0.8140422478318214
JPM,xgboost,1,2021-04-12,-1,0,0.6920573711395264,0.013121082447469234,0.29482153058052063,0.39723584055900574
JPM,xgboost,1,2021-04-13,-1,0,0.9028605222702026,0.014446592889726162,0.08269284665584564,0.820167675614357
JPM,xgboost,1,2021-04-14,0,0,0.5945110321044922,0.14266341924667358,0.2628255784511566,0.33168545365333557
JPM,xgboost,1,2021-04-15,-1,0,0.9103491306304932,0.007011418230831623,0.08263944834470749,0.8277096822857857
JPM,xgboost,1,2021-04-16,-1,-1,0.7038554549217224,0.012684866786003113,0.2834596037864685,0.4203958511352539
JPM,xgboost,1,2021-04-19,0,-1,0.577997624874115,0.02158379927277565,0.40041854977607727,0.17757907509803772
JPM,xgboost,1,2021-04-20,0,1,0.76003098487854,0.76003098487854,0.15868628025054932,0.6013447046279907
JPM,xgboost,2,2021-04-21,0,1,0.7152838110923767,0.7152838110923767,0.19625301659107208,0.5190307945013046
JPM,xgboost,2,2021-04-22,1,0,0.488930344581604,0.3723655343055725,0.3723655343055725,0.1165648102760315
JPM,xgboost,2,2021-04-23,1,1,0.8613074421882629,0.8613074421882629,0.09604155272245407,0.7652658894658089
JPM,xgboost,2,2021-04-26,0,1,0.8740533590316772,0.8740533590316772,0.10779514163732529,0.766258217394352
JPM,xgboost,2,2021-04-27,1,1,0.8698170781135559,0.8698170781135559,0.09617306292057037,0.7736440151929855
JPM,xgboost,2,2021-04-28,1,-1,0.7482541799545288,0.08810339123010635,0.16364240646362305,0.5846117734909058
JPM,xgboost,2,2021-04-29,1,0,0.6540705561637878,0.2513204514980316,0.2513204514980316,0.4027501046657562
JPM,xgboost,2,2021-04-30,1,0,0.6448030471801758,0.1682698130607605,0.18692713975906372,0.45787590742111206
JPM,xgboost,2,2021-05-03,1,0,0.4223805069923401,0.31827259063720703,0.31827259063720703,0.10410791635513306
JPM,xgboost,2,2021-05-04,0,0,0.7925323843955994,0.05071708559989929,0.15675051510334015,0.6357818692922592
JPM,xgboost,2,2021-05-05,0,0,0.6857966780662537,0.07579629123210907,0.23840703070163727,0.4473896473646164
JPM,xgboost,2,2021-05-06,0,0,0.6250784397125244,0.3191066384315491,0.3191066384315491,0.30597180128097534
JPM,xgboost,2,2021-05-07,0,0,0.7620036602020264,0.18328556418418884,0.18328556418418884,0.5787180960178375
JPM,xgboost,2,2021-05-10,1,1,0.47196507453918457,0.47196507453918457,0.3803538978099823,0.09161117672920227
JPM,xgboost,2,2021-05-11,1,0,0.4478274881839752,0.3951267898082733,0.3951267898082733,0.052700698375701904
JPM,xgboost,2,2021-05-12,1,0,0.9159212112426758,0.041495710611343384,0.04258313030004501,0.8733380809426308
JPM,xgboost,2,2021-05-13,0,0,0.7225974202156067,0.20329342782497406,0.20329342782497406,0.5193039923906326
JPM,xgboost,2,2021-05-14,0,0,0.6901220083236694,0.2554725110530853,0.2554725110530853,0.4346494972705841
JPM,xgboost,2,2021-05-17,0,0,0.8064282536506653,0.14014971256256104,0.14014971256256104,0.6662785410881042
JPM,xgboost,2,2021-05-18,0,0,0.4205411374568939,0.41606494784355164,0.41606494784355164,0.004476189613342285
JPM,xgboost,2,2021-05-19,0,-1,0.5222473740577698,0.15557825565338135,0.32217440009117126,0.2000729739665985
JPM,xgboost,2,2021-05-20,1,-1,0.5033488273620605,0.03619580343365669,0.46045538783073425,0.042893439531326294
JPM,xgboost,2,2021-05-21,0,0,0.6073577404022217,0.012115814723074436,0.38052645325660706,0.22683128714561462
JPM,xgboost,2,2021-05-24,0,0,0.5861309766769409,0.02320120297372341,0.39066779613494873,0.1954631805419922
JPM,xgboost,2,2021-05-25,1,0,0.526580810546875,0.15360037982463837,0.31981879472732544,0.20676201581954956
JPM,xgboost,2,2021-05-26,1,-1,0.47963187098503113,0.08168197423219681,0.4386861026287079,0.04094576835632324
JPM,xgboost,2,2021-05-27,0,0,0.6135441660881042,0.027070585638284683,0.35938525199890137,0.2541589140892029
JPM,xgboost,2,2021-05-28,0,0,0.6858899593353271,0.04622003808617592,0.26789000630378723,0.4179999530315399
JPM,xgboost,2,2021-06-01,0,0,0.5796025395393372,0.014717883430421352,0.4056795835494995,0.17392295598983765
JPM,xgboost,2,2021-06-02,0,0,0.8095356822013855,0.046559710055589676,0.14390459656715393,0.6656310856342316
JPM,xgboost,2,2021-06-03,-1,0,0.7854065299034119,0.11359809339046478,0.11359809339046478,0.6718084365129471
JPM,xgboost,2,2021-06-04,-1,0,0.7842012643814087,0.17153626680374146,0.17153626680374146,0.6126649975776672
JPM,xgboost,2,2021-06-07,-1,0,0.6240480542182922,0.1613146960735321,0.21463723480701447,0.40941081941127777
JPM,xgboost,2,2021-06-08,-1,-1,0.5937047004699707,0.0910906195640564,0.3152047097682953,0.2784999907016754
JPM,xgboost,2,2021-06-09,-1,0,0.582946240901947,0.16304393112659454,0.25400981307029724,0.3289364278316498
JPM,xgboost,2,2021-06-10,-1,0,0.5196325182914734,0.44294753670692444,0.44294753670692444,0.07668498158454895
JPM,xgboost,2,2021-06-11,-1,1,0.6263510584831238,0.6263510584831238,0.31700947880744934,0.30934157967567444
JPM,xgboost,2,2021-06-14,-1,0,0.7061676979064941,0.23779697716236115,0.23779697716236115,0.468370720744133
JPM,xgboost,2,2021-06-15,-1,1,0.6650035381317139,0.6650035381317139,0.21738658845424652,0.44761694967746735
JPM,xgboost,2,2021-06-16,-1,0,0.506903886795044,0.43765267729759216,0.43765267729759216,0.06925120949745178
JPM,xgboost,2,2021-06-17,0,0,0.7952926158905029,0.08324315398931503,0.12146427482366562,0.6738283410668373
JPM,xgboost,2,2021-06-18,1,-1,0.515823245048523,0.2869698107242584,0.2869698107242584,0.22885343432426453
JPM,xgboost,2,2021-06-21,1,1,0.63241046667099,0.63241046667099,0.2847183346748352,0.3476921319961548
JPM,xgboost,2,2021-06-22,1,1,0.8812326788902283,0.8812326788902283,0.06568531692028046,0.8155473619699478
JPM,xgboost,2,2021-06-23,1,1,0.9265234470367432,0.9265234470367432,0.04555225372314453,0.8809711933135986
JPM,xgboost,2,2021-06-24,1,1,0.9243813157081604,0.9243813157081604,0.03806202858686447,0.8863192871212959
JPM,xgboost,2,2021-06-25,0,1,0.8795937299728394,0.8795937299728394,0.06170818954706192,0.8178855404257774
JPM,xgboost,2,2021-06-28,0,1,0.9459099769592285,0.9459099769592285,0.03458442911505699,0.9113255478441715
JPM,xgboost,2,2021-06-29,0,1,0.9502259492874146,0.9502259492874146,0.027396991848945618,0.9228289574384689
JPM,xgboost,2,2021-06-30,-1,1,0.9183186888694763,0.9183186888694763,0.05583403259515762,0.8624846562743187
JPM,xgboost,2,2021-07-01,0,-1,0.5474772453308105,0.11001655459403992,0.34250620007514954,0.204971045255661
JPM,xgboost,2,2021-07-02,0,1,0.482433944940567,0.482433944940567,0.2616513669490814,0.2207825779914856
JPM,xgboost,2,2021-07-06,0,0,0.5168222784996033,0.39088600873947144,0.39088600873947144,0.12593626976013184
JPM,xgboost,2,2021-07-07,0,1,0.5087084174156189,0.5087084174156189,0.36220410466194153,0.14650431275367737
JPM,xgboost,2,2021-07-08,1,1,0.4465053677558899,0.4465053677558899,0.299808531999588,0.14669683575630188
JPM,xgboost,2,2021-07-09,-1,1,0.5152727961540222,0.5152727961540222,0.3620398938655853,0.1532329022884369
JPM,xgboost,2,2021-07-12,-1,0,0.7930504083633423,0.13970698416233063,0.13970698416233063,0.6533434242010117
JPM,xgboost,2,2021-07-13,-1,0,0.49986448884010315,0.45261436700820923,0.45261436700820923,0.04725012183189392
JPM,xgboost,2,2021-07-14,0,0,0.5074647068977356,0.3917306661605835,0.3917306661605835,0.1157340407371521
JPM,xgboost,2,2021-07-15,-1,1,0.6175507307052612,0.6175507307052612,0.25790244340896606,0.35964828729629517
JPM,xgboost,2,2021-07-16,0,1,0.49707502126693726,0.49707502126693726,0.4559038281440735,0.04117119312286377
JPM,xgboost,2,2021-07-19,1,1,0.4314989447593689,0.4314989447593689,0.39391401410102844,0.037584930658340454
JPM,xgboost,2,2021-07-20,0,1,0.6567168235778809,0.6567168235778809,0.23312513530254364,0.4235916882753372
JPM,xgboost,2,2021-07-21,0,1,0.5793641209602356,0.5793641209602356,0.29767948389053345,0.28168463706970215
JPM,xgboost,2,2021-07-22,0,1,0.7075573801994324,0.7075573801994324,0.22686289250850677,0.4806944876909256
JPM,xgboost,2,2021-07-23,0,1,0.9599811434745789,0.9599811434745789,0.026845214888453484,0.9331359285861254
JPM,xgboost,2,2021-07-26,0,1,0.9250078797340393,0.9250078797340393,0.04420145973563194,0.8808064199984074
JPM,xgboost,2,2021-07-27,0,1,0.8947508931159973,0.8947508931159973,0.07191824167966843,0.8228326514363289
JPM,xgboost,2,2021-07-28,0,1,0.945522665977478,0.945522665977478,0.031196080148220062,0.914326585829258
JPM,xgboost,2,2021-07-29,0,1,0.7534586787223816,0.7534586787223816,0.19758664071559906,0.5558720380067825
JPM,xgboost,2,2021-07-30,1,1,0.8047905564308167,0.8047905564308167,0.12545634806156158,0.6793342083692551
JPM,xgboost,2,2021-08-02,1,1,0.5004426836967468,0.5004426836967468,0.3078034818172455,0.19263920187950134
JPM,xgboost,2,2021-08-03,1,0,0.5976288318634033,0.3306986391544342,0.3306986391544342,0.2669301927089691
JPM,xgboost,2,2021-08-04,1,1,0.8342247605323792,0.8342247605323792,0.14802412688732147,0.6862006336450577
JPM,xgboost,2,2021-08-05,1,1,0.4266372323036194,0.4266372323036194,0.3587074279785156,0.06792980432510376
JPM,xgboost,2,2021-08-06,0,0,0.7493422627449036,0.10215087980031967,0.14850687980651855,0.600835382938385
JPM,xgboost,2,2021-08-09,0,0,0.799189031124115,0.09116896986961365,0.1096419245004654,0.6895471066236496
JPM,xgboost,2,2021-08-10,0,0,0.5303301811218262,0.1924668401479721,0.2772029638290405,0.25312721729278564
JPM,xgboost,2,2021-08-11,-1,1,0.4839938282966614,0.4839938282966614,0.37761250138282776,0.10638132691383362
JPM,xgboost,2,2021-08-12,-1,1,0.4073389172554016,0.4073389172554016,0.40100449323654175,0.006334424018859863
JPM,xgboost,2,2021-08-13,-1,1,0.48181089758872986,0.48181089758872986,0.34652456641197205,0.1352863311767578
JPM,xgboost,2,2021-08-16,0,0,0.7668524384498596,0.10269774496555328,0.13044977188110352,0.6364026665687561
JPM,xgboost,2,2021-08-17,0,0,0.778636634349823,0.12474705278873444,0.12474705278873444,0.6538895815610886
JPM,xgboost,2,2021-08-18,1,0,0.6466579437255859,0.0861915573477745,0.26715049147605896,0.379507452249527
JPM,xgboost,2,2021-08-19,1,0,0.5953004360198975,0.1367885172367096,0.26791107654571533,0.32738935947418213
JPM,xgboost,2,2021-08-20,1,1,0.5631619095802307,0.5631619095802307,0.3262995779514313,0.23686233162879944
JPM,xgboost,2,2021-08-23,1,-1,0.46838217973709106,0.08001401275396347,0.45160380005836487,0.016778379678726196
JPM,xgboost,2,2021-08-24,0,0,0.6249867081642151,0.14122313261032104,0.23379018902778625,0.39119651913642883
JPM,xgboost,2,2021-08-25,0,0,0.8005471229553223,0.05857773497700691,0.1408751904964447,0.6596719324588776
JPM,xgboost,2,2021-08-26,0,0,0.6661104559898376,0.06347180902957916,0.270417720079422,0.39569273591041565
JPM,xgboost,2,2021-08-27,-1,0,0.6623054146766663,0.0495990626513958,0.28809553384780884,0.3742098808288574
JPM,xgboost,2,2021-08-30,0,-1,0.4764452576637268,0.07272446900606155,0.4508303105831146,0.025614947080612183
JPM,xgboost,2,2021-08-31,0,0,0.5073534250259399,0.0870269313454628,0.40561962127685547,0.10173380374908447
JPM,xgboost,2,2021-09-01,0,0,0.7128857970237732,0.04350374639034271,0.2436104118824005,0.4692753851413727
JPM,xgboost,2,2021-09-02,0,0,0.8241879343986511,0.10452140122652054,0.10452140122652054,0.7196665331721306
JPM,xgboost,2,2021-09-03,0,0,0.5513797402381897,0.029420576989650726,0.419199675321579,0.13218006491661072
JPM,xgboost,2,2021-09-07,0,-1,0.5761060118675232,0.05372583866119385,0.37016814947128296,0.20593786239624023
JPM,xgboost,2,2021-09-08,0,0,0.7709442973136902,0.09236259013414383,0.1366930902004242,0.634251207113266
JPM,xgboost,2,2021-09-09,0,0,0.6258423328399658,0.04394100606441498,0.3302166759967804,0.2956256568431854
JPM,xgboost,2,2021-09-10,0,0,0.7525668144226074,0.1795322597026825,0.1795322597026825,0.5730345547199249
JPM,xgboost,2,2021-09-13,-1,0,0.5674914717674255,0.03660038113594055,0.3959081768989563,0.17158329486846924
JPM,xgboost,2,2021-09-14,-1,1,0.39972642064094543,0.39972642064094543,0.3899000287055969,0.00982639193534851
JPM,xgboost,2,2021-09-15,0,0,0.5119298100471497,0.3191700577735901,0.3191700577735901,0.19275975227355957
JPM,xgboost,2,2021-09-16,0,0,0.6429226398468018,0.1473189741373062,0.20975837111473083,0.4331642687320709
JPM,xgboost,2,2021-09-17,1,0,0.5173247456550598,0.18842218816280365,0.2942531108856201,0.2230716347694397
JPM,xgboost,2,2021-09-20,1,0,0.81975919008255,0.0771879181265831,0.10305287688970566,0.7167063131928444
JPM,xgboost,2,2021-09-21,1,0,0.34494251012802124,0.3238309323787689,0.3312265872955322,0.013715922832489014
JPM,xgboost,2,2021-09-22,1,-1,0.3753681480884552,0.35697057843208313,0.35697057843208313,0.01839756965637207
JPM,xgboost,2,2021-09-23,0,0,0.770735502243042,0.12643277645111084,0.12643277645111084,0.6443027257919312
JPM,xgboost,2,2021-09-24,1,0,0.8102250099182129,0.10253717005252838,0.10253717005252838,0.7076878398656845
JPM,xgboost,2,2021-09-27,0,1,0.6541497111320496,0.6541497111320496,0.3004181385040283,0.35373157262802124
JPM,xgboost,2,2021-09-28,1,0,0.5124998092651367,0.43408459424972534,0.43408459424972534,0.07841521501541138
JPM,xgboost,2,2021-09-29,1,0,0.5298824906349182,0.4067683219909668,0.4067683219909668,0.12311416864395142
JPM,xgboost,2,2021-09-30,1,1,0.5811066627502441,0.5811066627502441,0.35564085841178894,0.2254658043384552
JPM,xgboost,2,2021-10-01,1,0,0.5555481314659119,0.3777327835559845,0.3777327835559845,0.17781534790992737
JPM,xgboost,2,2021-10-04,0,0,0.6862887144088745,0.27116286754608154,0.27116286754608154,0.41512584686279297
JPM,xgboost,2,2021-10-05,0,0,0.6283186674118042,0.3406398594379425,0.3406398594379425,0.2876788079738617
JPM,xgboost,2,2021-10-06,-1,0,0.5842891335487366,0.36410513520240784,0.36410513520240784,0.22018399834632874
JPM,xgboost,2,2021-10-07,-1,0,0.8028351068496704,0.08684884011745453,0.11031603068113327,0.6925190761685371
JPM,xgboost,2,2021-10-08,-1,0,0.7693213820457458,0.10088872909545898,0.12978984415531158,0.6395315378904343
JPM,xgboost,2,2021-10-11,0,0,0.5528646111488342,0.15518099069595337,0.2919543981552124,0.2609102129936218
JPM,xgboost,2,2021-10-12,0,0,0.5495705008506775,0.032011713832616806,0.4184177815914154,0.13115271925926208
JPM,xgboost,2,2021-10-13,1,1,0.6654301285743713,0.6654301285743713,0.19582772254943848,0.46960240602493286
JPM,xgboost,2,2021-10-14,1,0,0.558998167514801,0.31665119528770447,0.31665119528770447,0.24234697222709656
JPM,xgboost,2,2021-10-15,1,0,0.5408232808113098,0.13564300537109375,0.32353368401527405,0.21728959679603577
JPM,xgboost,2,2021-10-18,1,-1,0.46529531478881836,0.07023119181394577,0.46447351574897766,0.0008217990398406982
JPM,xgboost,2,2021-10-19,0,0,0.5811348557472229,0.0390457920730114,0.3798193037509918,0.20131555199623108
JPM,xgboost,2,2021-10-20,0,0,0.7489224672317505,0.07777276635169983,0.1733047366142273,0.5756177306175232
JPM,xgboost,2,2021-10-21,0,0,0.5070850253105164,0.3304128646850586,0.3304128646850586,0.17667216062545776
JPM,xgboost,2,2021-10-22,0,0,0.7301252484321594,0.14466498792171478,0.14466498792171478,0.5854602605104446
JPM,xgboost,2,2021-10-25,0,0,0.5850604176521301,0.29200342297554016,0.29200342297554016,0.29305699467658997
JPM,xgboost,2,2021-10-26,0,0,0.598621666431427,0.3294088542461395,0.3294088542461395,0.2692128121852875
JPM,xgboost,2,2021-10-27,0,0,0.721846878528595,0.13642074167728424,0.1417323350906372,0.5801145434379578
JPM,xgboost,2,2021-10-28,0,0,0.8487303256988525,0.0663682222366333,0.08490148186683655,0.763828843832016
JPM,xgboost,2,2021-10-29,0,0,0.6146019697189331,0.06219600886106491,0.3232020139694214,0.2913999557495117
JPM,xgboost,2,2021-11-01,0,0,0.7208830714225769,0.060501258820295334,0.21861569583415985,0.502267375588417
JPM,xgboost,2,2021-11-02,0,0,0.5036424398422241,0.03571177273988724,0.46064576506614685,0.04299667477607727
JPM,xgboost,2,2021-11-03,0,-1,0.5406076312065125,0.03189902380108833,0.4274933636188507,0.11311426758766174
JPM,xgboost,2,2021-11-04,0,0,0.4926600158214569,0.1793186217546463,0.3280213177204132,0.1646386981010437
JPM,xgboost,2,2021-11-05,0,0,0.49211984872817993,0.26694101095199585,0.26694101095199585,0.22517883777618408
JPM,xgboost,2,2021-11-08,0,-1,0.5259143114089966,0.12058572471141815,0.35350000858306885,0.17241430282592773
JPM,xgboost,2,2021-11-09,0,1,0.43725934624671936,0.43725934624671936,0.3476546108722687,0.08960473537445068
JPM,xgboost,2,2021-11-10,0,0,0.8920601606369019,0.05859321355819702,0.05859321355819702,0.8334669470787048
JPM,xgboost,2,2021-11-11,-1,0,0.6341227293014526,0.3392711281776428,0.3392711281776428,0.2948516011238098
JPM,xgboost,2,2021-11-12,-1,1,0.8590363264083862,0.8590363264083862,0.118233323097229,0.7408030033111572
JPM,xgboost,2,2021-11-15,0,1,0.875610888004303,0.875610888004303,0.09156525135040283,0.7840456366539001
JPM,xgboost,2,2021-11-16,0,1,0.8888413906097412,0.8888413906097412,0.09335047006607056,0.7954909205436707
JPM,xgboost,2,2021-11-17,0,1,0.8383426070213318,0.8383426070213318,0.1159496083855629,0.7223929986357689
JPM,xgboost,2,2021-11-18,0,1,0.8537927865982056,0.8537927865982056,0.12180875241756439,0.7319840341806412
JPM,xgboost,2,2021-11-19,0,1,0.7166553735733032,0.7166553735733032,0.2715092599391937,0.4451461136341095
JPM,xgboost,2,2021-11-22,-1,1,0.5810697674751282,0.5810697674751282,0.30302539467811584,0.27804437279701233
JPM,xgboost,2,2021-11-23,-1,0,0.7804192304611206,0.052325062453746796,0.16725565493106842,0.6131635755300522
JPM,xgboost,2,2021-11-24,-1,0,0.6740076541900635,0.13792066276073456,0.18807169795036316,0.4859359562397003
JPM,xgboost,2,2021-11-26,-1,1,0.6884358525276184,0.6884358525276184,0.2816711366176605,0.4067647159099579
JPM,xgboost,2,2021-11-29,0,1,0.6755208969116211,0.6755208969116211,0.3032890856266022,0.3722318112850189
JPM,xgboost,2,2021-11-30,1,1,0.6134238243103027,0.6134238243103027,0.2538536787033081,0.35957014560699463
JPM,xgboost,2,2021-12-01,0,1,0.5487452149391174,0.5487452149391174,0.2493998259305954,0.29934538900852203
JPM,xgboost,2,2021-12-02,0,0,0.6553630828857422,0.2845899164676666,0.2845899164676666,0.37077316641807556
JPM,xgboost,2,2021-12-03,0,1,0.45955562591552734,0.45955562591552734,0.3911954164505005,0.06836020946502686
JPM,xgboost,2,2021-12-06,0,0,0.5573961138725281,0.3521753251552582,0.3521753251552582,0.2052207887172699
JPM,xgboost,2,2021-12-07,-1,1,0.791603147983551,0.791603147983551,0.15486569702625275,0.6367374509572983
JPM,xgboost,2,2021-12-08,0,1,0.832028865814209,0.832028865814209,0.1308024376630783,0.7012264281511307
JPM,xgboost,2,2021-12-09,0,1,0.8391754627227783,0.8391754627227783,0.0876515656709671,0.7515238970518112
JPM,xgboost,2,2021-12-10,0,1,0.8127158880233765,0.8127158880233765,0.15338657796382904,0.6593293100595474
JPM,xgboost,2,2021-12-13,-1,1,0.828158974647522,0.828158974647522,0.10091543197631836,0.7272435426712036
JPM,xgboost,2,2021-12-14,0,1,0.4186067581176758,0.4186067581176758,0.41508302092552185,0.0035237371921539307
JPM,xgboost,2,2021-12-15,0,1,0.6169405579566956,0.6169405579566956,0.23533383011817932,0.38160672783851624
JPM,xgboost,2,2021-12-16,0,1,0.5507492423057556,0.5507492423057556,0.3640490770339966,0.18670016527175903
JPM,xgboost,2,2021-12-17,0,1,0.5981613993644714,0.5981613993644714,0.3065809905529022,0.2915804088115692
JPM,xgboost,2,2021-12-20,1,0,0.4546555280685425,0.3900902271270752,0.3900902271270752,0.06456530094146729
JPM,xgboost,2,2021-12-21,0,1,0.8417052030563354,0.8417052030563354,0.08926756680011749,0.752437636256218
JPM,xgboost,2,2021-12-22,0,1,0.8319430351257324,0.8319430351257324,0.08594010025262833,0.7460029348731041
JPM,xgboost,2,2021-12-23,0,1,0.8420516848564148,0.8420516848564148,0.11439373344182968,0.7276579514145851
JPM,xgboost,2,2021-12-27,1,1,0.8888242840766907,0.8888242840766907,0.07173099368810654,0.8170932903885841
JPM,xgboost,2,2021-12-28,1,1,0.661614716053009,0.661614716053009,0.2554035484790802,0.40621116757392883
JPM,xgboost,2,2021-12-29,1,1,0.6491613984107971,0.6491613984107971,0.1976444572210312,0.45151694118976593
JPM,xgboost,2,2021-12-30,1,1,0.48894622921943665,0.48894622921943665,0.2600913345813751,0.22885489463806152
JPM,xgboost,2,2021-12-31,1,1,0.5754179358482361,0.5754179358482361,0.2625361382961273,0.31288179755210876
JPM,xgboost,2,2022-01-03,1,0,0.4102681279182434,0.24026092886924744,0.34947097301483154,0.060797154903411865
JPM,xgboost,2,2022-01-04,0,1,0.4435105323791504,0.4435105323791504,0.42548054456710815,0.018029987812042236
JPM,xgboost,2,2022-01-05,1,0,0.531644880771637,0.4303833842277527,0.4303833842277527,0.10126149654388428
JPM,xgboost,2,2022-01-06,0,1,0.5899991393089294,0.5899991393089294,0.28719672560691833,0.3028024137020111
JPM,xgboost,2,2022-01-07,-1,0,0.5345444083213806,0.37219852209091187,0.37219852209091187,0.16234588623046875
JPM,xgboost,2,2022-01-10,-1,1,0.5523449778556824,0.5523449778556824,0.3981054127216339,0.15423956513404846
JPM,xgboost,2,2022-01-11,-1,0,0.5418354272842407,0.40833431482315063,0.40833431482315063,0.1335011124610901
JPM,xgboost,2,2022-01-12,-1,0,0.5871739387512207,0.3526248037815094,0.3526248037815094,0.2345491349697113
JPM,xgboost,2,2022-01-13,-1,0,0.7082099914550781,0.23707804083824158,0.23707804083824158,0.47113195061683655
JPM,xgboost,2,2022-01-14,-1,1,0.4346303939819336,0.4346303939819336,0.284234881401062,0.15039551258087158
JPM,xgboost,2,2022-01-18,-1,0,0.5794515013694763,0.25036486983299255,0.25036486983299255,0.32908663153648376
JPM,xgboost,2,2022-01-19,0,-1,0.6234159469604492,0.19988767802715302,0.19988767802715302,0.4235282689332962
JPM,xgboost,2,2022-01-20,0,-1,0.8020108342170715,0.07110638171434402,0.12688282132148743,0.6751280128955841
JPM,xgboost,2,2022-01-21,0,-1,0.7999675869941711,0.12764769792556763,0.12764769792556763,0.6723198890686035
JPM,xgboost,2,2022-01-24,1,-1,0.9078012108802795,0.05418580770492554,0.05418580770492554,0.853615403175354
JPM,xgboost,2,2022-01-25,1,-1,0.820210337638855,0.11530018597841263,0.11530018597841263,0.7049101516604424
JPM,xgboost,2,2022-01-26,0,-1,0.8817339539527893,0.09173589199781418,0.09173589199781418,0.7899980619549751
JPM,xgboost,2,2022-01-27,1,-1,0.8475444912910461,0.08115284144878387,0.08115284144878387,0.7663916498422623
JPM,xgboost,2,2022-01-28,1,-1,0.7152886986732483,0.17585444450378418,0.17585444450378418,0.5394342541694641
JPM,xgboost,2,2022-01-31,1,1,0.5496545433998108,0.5496545433998108,0.2621629238128662,0.2874916195869446
JPM,xgboost,2,2022-02-01,1,1,0.39936593174934387,0.39936593174934387,0.3199402391910553,0.07942569255828857
JPM,xgboost,2,2022-02-02,1,-1,0.4609293043613434,0.3814699053764343,0.3814699053764343,0.07945939898490906
JPM,xgboost,2,2022-02-03,1,0,0.4174901843070984,0.27801400423049927,0.30449578166007996,0.11299440264701843
JPM,xgboost,2,2022-02-04,0,-1,0.5851259231567383,0.16877751052379608,0.24609656631946564,0.33902935683727264
JPM,xgboost,2,2022-02-07,0,0,0.4830265939235687,0.408390611410141,0.408390611410141,0.07463598251342773
JPM,xgboost,2,2022-02-08,0,-1,0.49688002467155457,0.2641052007675171,0.2641052007675171,0.23277482390403748
JPM,xgboost,2,2022-02-09,0,0,0.6808581352233887,0.2504223585128784,0.2504223585128784,0.43043577671051025
JPM,xgboost,2,2022-02-10,-1,0,0.6472225189208984,0.10500305145978928,0.24777445197105408,0.39944806694984436
JPM,xgboost,2,2022-02-11,0,0,0.7602555751800537,0.2162429690361023,0.2162429690361023,0.5440126061439514
JPM,xgboost,2,2022-02-14,0,0,0.6896545886993408,0.2532161474227905,0.2532161474227905,0.4364384412765503
JPM,xgboost,2,2022-02-15,-1,0,0.7193564772605896,0.11116162687540054,0.16948190331459045,0.5498745739459991
JPM,xgboost,2,2022-02-16,-1,0,0.8471178412437439,0.06771855056285858,0.08516361564397812,0.7619542255997658
JPM,xgboost,2,2022-02-17,-1,0,0.5401425957679749,0.4061272442340851,0.4061272442340851,0.13401535153388977
JPM,xgboost,2,2022-02-18,-1,0,0.7457184195518494,0.18119262158870697,0.18119262158870697,0.5645257979631424
JPM,xgboost,2,2022-02-22,-1,0,0.727828323841095,0.13076980412006378,0.14140185713768005,0.5864264667034149
JPM,xgboost,2,2022-02-23,-1,1,0.6022872924804688,0.6022872924804688,0.3471479117870331,0.25513938069343567
JPM,xgboost,2,2022-02-24,-1,-1,0.4388331472873688,0.18881312012672424,0.37235376238822937,0.0664793848991394
JPM,xgboost,2,2022-02-25,-1,-1,0.41260385513305664,0.3420218527317047,0.3420218527317047,0.07058200240135193
JPM,xgboost,2,2022-02-28,-1,-1,0.6056746244430542,0.22645831108093262,0.22645831108093262,0.3792163133621216
JPM,xgboost,2,2022-03-01,-1,-1,0.9268763065338135,0.04075341671705246,0.04075341671705246,0.886122889816761
JPM,xgboost,2,2022-03-02,-1,-1,0.8237696886062622,0.07422492653131485,0.10200541466474533,0.7217642739415169
JPM,xgboost,2,2022-03-03,-1,-1,0.7372307181358337,0.13346533477306366,0.13346533477306366,0.6037653833627701
JPM,xgboost,2,2022-03-04,-1,-1,0.9220488667488098,0.04627041518688202,0.04627041518688202,0.8757784515619278
JPM,xgboost,2,2022-03-07,0,-1,0.8645341992378235,0.10475127398967743,0.10475127398967743,0.7597829252481461
JPM,xgboost,2,2022-03-08,1,-1,0.8944947123527527,0.0767393484711647,0.0767393484711647,0.817755363881588
JPM,xgboost,2,2022-03-09,1,-1,0.8220640420913696,0.10455553978681564,0.10455553978681564,0.717508502304554
JPM,xgboost,2,2022-03-10,1,1,0.5453532338142395,0.5453532338142395,0.37138044834136963,0.17397278547286987
JPM,xgboost,2,2022-03-11,1,-1,0.7893236875534058,0.16317369043827057,0.16317369043827057,0.6261499971151352
JPM,xgboost,2,2022-03-14,1,-1,0.5922781229019165,0.2720722556114197,0.2720722556114197,0.3202058672904968
JPM,xgboost,2,2022-03-15,1,-1,0.5374912619590759,0.4286486804485321,0.4286486804485321,0.10884258151054382
JPM,xgboost,2,2022-03-16,0,-1,0.683647096157074,0.19293054938316345,0.19293054938316345,0.4907165467739105
JPM,xgboost,2,2022-03-17,0,-1,0.459228515625,0.29684680700302124,0.29684680700302124,0.16238170862197876
JPM,xgboost,2,2022-03-18,0,-1,0.6254934072494507,0.27260246872901917,0.27260246872901917,0.3528909385204315
JPM,xgboost,2,2022-03-21,0,-1,0.6412371397018433,0.2075931280851364,0.2075931280851364,0.43364401161670685
JPM,xgboost,2,2022-03-22,0,-1,0.8555569052696228,0.06679698824882507,0.07764612883329391,0.7779107764363289
JPM,xgboost,2,2022-03-23,0,0,0.6422604918479919,0.17696374654769897,0.18077576160430908,0.46148473024368286
JPM,xgboost,2,2022-03-24,-1,-1,0.7147196531295776,0.11365897208452225,0.17162135243415833,0.5430983006954193
JPM,xgboost,2,2022-03-25,-1,1,0.5153941512107849,0.5153941512107849,0.3439297080039978,0.1714644432067871
JPM,xgboost,2,2022-03-28,-1,0,0.6803770661354065,0.25572124123573303,0.25572124123573303,0.42465582489967346
JPM,xgboost,2,2022-03-29,-1,0,0.7024736404418945,0.17999641597270966,0.17999641597270966,0.5224772244691849
JPM,xgboost,2,2022-03-30,-1,0,0.5530909895896912,0.24516761302947998,0.24516761302947998,0.3079233765602112
JPM,xgboost,2,2022-03-31,-1,0,0.6718168258666992,0.2995745837688446,0.2995745837688446,0.3722422420978546
JPM,xgboost,2,2022-04-01,0,1,0.7536085247993469,0.7536085247993469,0.21698716282844543,0.5366213619709015
JPM,xgboost,2,2022-04-04,0,1,0.6705983281135559,0.6705983281135559,0.3105001151561737,0.3600982129573822
JPM,xgboost,2,2022-04-05,0,1,0.8998203873634338,0.8998203873634338,0.05822053924202919,0.8415998481214046
JPM,xgboost,2,2022-04-06,-1,1,0.9075290560722351,0.9075290560722351,0.05507742241024971,0.8524516336619854
JPM,xgboost,2,2022-04-07,-1,1,0.7483643889427185,0.7483643889427185,0.18741123378276825,0.5609531551599503
JPM,xgboost,2,2022-04-08,-1,1,0.8566954135894775,0.8566954135894775,0.09601935744285583,0.7606760561466217
JPM,xgboost,2,2022-04-11,0,1,0.9132277965545654,0.9132277965545654,0.05521150305867195,0.8580162934958935
JPM,xgboost,2,2022-04-12,0,1,0.7157215476036072,0.7157215476036072,0.14834506809711456,0.5673764795064926
JPM,xgboost,2,2022-04-13,1,1,0.5106692314147949,0.5106692314147949,0.3626543879508972,0.1480148434638977
JPM,xgboost,2,2022-04-14,0,1,0.5313677191734314,0.5313677191734314,0.3965455889701843,0.13482213020324707
JPM,xgboost,2,2022-04-18,0,1,0.8338402509689331,0.8338402509689331,0.09708619862794876,0.7367540523409843
JPM,xgboost,2,2022-04-19,-1,1,0.865875780582428,0.865875780582428,0.06961187720298767,0.7962639033794403
JPM,xgboost,2,2022-04-20,-1,1,0.8909592628479004,0.8909592628479004,0.06748487800359726,0.8234743848443031
JPM,xgboost,2,2022-04-21,-1,1,0.7729337811470032,0.7729337811470032,0.1682727187871933,0.6046610623598099
JPM,xgboost,2,2022-04-22,-1,1,0.5974693298339844,0.5974693298339844,0.2124965935945511,0.3849727362394333
JPM,xgboost,2,2022-04-25,-1,1,0.6099677085876465,0.6099677085876465,0.23887567222118378,0.3710920363664627
JPM,xgboost,2,2022-04-26,0,1,0.7419558167457581,0.7419558167457581,0.146422877907753,0.5955329388380051
JPM,xgboost,2,2022-04-27,1,-1,0.42708322405815125,0.40392985939979553,0.40392985939979553,0.023153364658355713
JPM,xgboost,2,2022-04-28,0,1,0.676315426826477,0.676315426826477,0.1791582852602005,0.49715714156627655
JPM,xgboost,2,2022-04-29,1,1,0.5203344225883484,0.5203344225883484,0.35644134879112244,0.16389307379722595
JPM,xgboost,2,2022-05-02,0,1,0.641919732093811,0.641919732093811,0.2799743413925171,0.36194539070129395
JPM,xgboost,2,2022-05-03,-1,1,0.5266838669776917,0.5266838669776917,0.31430673599243164,0.21237713098526
JPM,xgboost,2,2022-05-04,-1,0,0.4671633243560791,0.45256587862968445,0.45256587862968445,0.014597445726394653
JPM,xgboost,2,2022-05-05,-1,1,0.7083303928375244,0.7083303928375244,0.24709652364253998,0.46123386919498444
JPM,xgboost,2,2022-05-06,-1,1,0.8071405291557312,0.8071405291557312,0.1549549698829651,0.6521855592727661
JPM,xgboost,2,2022-05-09,-1,1,0.8486849069595337,0.8486849069595337,0.1019236296415329,0.7467612773180008
JPM,xgboost,2,2022-05-10,1,1,0.43378427624702454,0.43378427624702454,0.3198687732219696,0.11391550302505493
JPM,xgboost,2,2022-05-11,0,1,0.6016587018966675,0.6016587018966675,0.24932019412517548,0.352338507771492
JPM,xgboost,2,2022-05-12,0,1,0.8719202876091003,0.8719202876091003,0.07655130326747894,0.7953689843416214
JPM,xgboost,2,2022-05-13,0,1,0.7478662133216858,0.7478662133216858,0.1366039514541626,0.6112622618675232
JPM,xgboost,2,2022-05-16,1,1,0.6873125433921814,0.6873125433921814,0.23198778927326202,0.4553247541189194
JPM,xgboost,2,2022-05-17,1,0,0.5776118040084839,0.3849762976169586,0.3849762976169586,0.19263550639152527
JPM,xgboost,2,2022-05-18,1,1,0.9105044007301331,0.9105044007301331,0.04815446957945824,0.8623499311506748
JPM,xgboost,2,2022-05-19,1,1,0.7488289475440979,0.7488289475440979,0.16821038722991943,0.5806185603141785
JPM,xgboost,2,2022-05-20,1,1,0.4914872348308563,0.4914872348308563,0.26845264434814453,0.2230345904827118
JPM,xgboost,2,2022-05-23,1,1,0.5728402733802795,0.5728402733802795,0.25006237626075745,0.3227778971195221
JPM,xgboost,2,2022-05-24,1,0,0.503210186958313,0.4154517948627472,0.4154517948627472,0.0877583920955658
JPM,xgboost,2,2022-05-25,1,0,0.6493694186210632,0.316335529088974,0.316335529088974,0.33303388953208923
JPM,xgboost,2,2022-05-26,0,1,0.6533288955688477,0.6533288955688477,0.27833110094070435,0.3749977946281433
JPM,xgboost,2,2022-05-27,0,0,0.6764009594917297,0.20603527128696442,0.20603527128696442,0.4703656882047653
JPM,xgboost,2,2022-05-31,0,0,0.844524621963501,0.10314596444368362,0.10314596444368362,0.7413786575198174
JPM,xgboost,2,2022-06-01,0,0,0.5975173115730286,0.3701930642127991,0.3701930642127991,0.2273242473602295
JPM,xgboost,2,2022-06-02,-1,1,0.5122524499893188,0.5122524499893188,0.3716575801372528,0.14059486985206604
JPM,xgboost,2,2022-06-03,-1,0,0.5721640586853027,0.406434565782547,0.406434565782547,0.16572949290275574
JPM,xgboost,2,2022-06-06,-1,1,0.5727620124816895,0.5727620124816895,0.36536502838134766,0.2073969841003418
JPM,xgboost,2,2022-06-07,-1,0,0.8236898183822632,0.04371507838368416,0.13259513676166534,0.6910946816205978
JPM,xgboost,2,2022-06-08,-1,0,0.6113299131393433,0.04829423129558563,0.3403758704662323,0.27095404267311096
JPM,xgboost,2,2022-06-09,-1,1,0.6097372174263,0.6097372174263,0.3331032991409302,0.2766339182853699
JPM,xgboost,2,2022-06-10,-1,1,0.4248168170452118,0.4248168170452118,0.33666735887527466,0.08814945816993713
JPM,xgboost,2,2022-06-13,0,-1,0.5843379497528076,0.36854055523872375,0.36854055523872375,0.21579739451408386
JPM,xgboost,2,2022-06-14,0,-1,0.7421180009841919,0.2359929233789444,0.2359929233789444,0.5061250776052475
JPM,xgboost,2,2022-06-15,0,-1,0.701724648475647,0.15818966925144196,0.15818966925144196,0.543534979224205
JPM,xgboost,2,2022-06-16,1,-1,0.8559361100196838,0.12721692025661469,0.12721692025661469,0.7287191897630692
JPM,xgboost,2,2022-06-17,1,-1,0.8668913245201111,0.11682971566915512,0.11682971566915512,0.750061608850956
JPM,xgboost,2,2022-06-21,0,-1,0.6527880430221558,0.16783803701400757,0.17937396466732025,0.4734140783548355
JPM,xgboost,2,2022-06-22,0,-1,0.8313534259796143,0.13617528975009918,0.13617528975009918,0.6951781362295151
JPM,xgboost,2,2022-06-23,0,-1,0.7136348485946655,0.1407756805419922,0.1455894559621811,0.5680453926324844
JPM,xgboost,2,2022-06-24,-1,1,0.5388299226760864,0.5388299226760864,0.2796454429626465,0.25918447971343994
JPM,xgboost,2,2022-06-27,-1,1,0.7454742193222046,0.7454742193222046,0.14863428473472595,0.5968399345874786
JPM,xgboost,2,2022-06-28,-1,1,0.7195653319358826,0.7195653319358826,0.19838781654834747,0.5211775153875351
JPM,xgboost,2,2022-06-29,0,1,0.761934220790863,0.761934220790863,0.13959017395973206,0.622344046831131
JPM,xgboost,2,2022-06-30,1,1,0.6767247915267944,0.6767247915267944,0.239897221326828,0.43682757019996643
JPM,xgboost,2,2022-07-01,0,1,0.663061797618866,0.663061797618866,0.16878704726696014,0.4942747503519058
JPM,xgboost,2,2022-07-05,0,1,0.5832653045654297,0.5832653045654297,0.21794237196445465,0.36532293260097504
JPM,xgboost,2,2022-07-06,0,1,0.8535115718841553,0.8535115718841553,0.09836719930171967,0.7551443725824356
JPM,xgboost,2,2022-07-07,-1,1,0.3881564140319824,0.3881564140319824,0.3852834403514862,0.002872973680496216
JPM,xgboost,2,2022-07-08,0,0,0.44476309418678284,0.35417667031288147,0.35417667031288147,0.09058642387390137
JPM,xgboost,2,2022-07-11,0,1,0.6753829717636108,0.6753829717636108,0.19942384958267212,0.4759591221809387
JPM,xgboost,2,2022-07-12,0,0,0.5610924363136292,0.38850221037864685,0.38850221037864685,0.1725902259349823
JPM,xgboost,2,2022-07-13,1,1,0.7164223790168762,0.7164223790168762,0.18433727324008942,0.5320851057767868
JPM,xgboost,2,2022-07-14,1,-1,0.39726224541664124,0.3096519708633423,0.3096519708633423,0.08761027455329895
JPM,xgboost,2,2022-07-15,0,0,0.5005707740783691,0.15453748404979706,0.3448917865753174,0.15567898750305176
JPM,xgboost,2,2022-07-18,1,1,0.6663689613342285,0.6663689613342285,0.1947467029094696,0.4716222584247589
JPM,xgboost,2,2022-07-19,0,0,0.6442278623580933,0.2905493974685669,0.2905493974685669,0.35367846488952637
JPM,xgboost,2,2022-07-20,0,0,0.5685822367668152,0.32270345091819763,0.32270345091819763,0.24587878584861755
JPM,xgboost,2,2022-07-21,0,0,0.6774563193321228,0.16554956138134003,0.16554956138134003,0.5119067579507828
JPM,xgboost,2,2022-07-22,0,0,0.7711920738220215,0.1594240963459015,0.1594240963459015,0.61176797747612
JPM,xgboost,2,2022-07-25,0,0,0.5184176564216614,0.35802334547042847,0.35802334547042847,0.1603943109512329
JPM,xgboost,2,2022-07-26,0,0,0.7818299531936646,0.15589725971221924,0.15589725971221924,0.6259326934814453
JPM,xgboost,2,2022-07-27,0,0,0.7414897680282593,0.14219415187835693,0.14219415187835693,0.5992956161499023
JPM,xgboost,2,2022-07-28,-1,0,0.501102864742279,0.3623981177806854,0.3623981177806854,0.13870474696159363
JPM,xgboost,2,2022-07-29,0,1,0.36955446004867554,0.36955446004867554,0.33297765254974365,0.036576807498931885
JPM,xgboost,2,2022-08-01,0,1,0.3798031210899353,0.3798031210899353,0.33950117230415344,0.04030194878578186
JPM,xgboost,2,2022-08-02,1,1,0.8586283922195435,0.8586283922195435,0.11054814606904984,0.7480802461504936
JPM,xgboost,2,2022-08-03,1,1,0.48913273215293884,0.48913273215293884,0.2557143270969391,0.23341840505599976
JPM,xgboost,2,2022-08-04,1,1,0.628535270690918,0.628535270690918,0.2436033934354782,0.38493187725543976
JPM,xgboost,2,2022-08-05,1,0,0.47491827607154846,0.3821849226951599,0.3821849226951599,0.09273335337638855
JPM,xgboost,2,2022-08-08,1,1,0.7919101715087891,0.7919101715087891,0.16647690534591675,0.6254332661628723
JPM,xgboost,2,2022-08-09,1,1,0.45149174332618713,0.45149174332618713,0.29260164499282837,0.15889009833335876
JPM,xgboost,2,2022-08-10,1,-1,0.3631093502044678,0.32784679532051086,0.32784679532051086,0.03526255488395691
JPM,xgboost,2,2022-08-11,0,0,0.5533862709999084,0.20305447280406952,0.24355927109718323,0.3098269999027252
JPM,xgboost,2,2022-08-12,-1,0,0.5382075905799866,0.2832902669906616,0.2832902669906616,0.25491732358932495
JPM,xgboost,2,2022-08-15,-1,0,0.4645715653896332,0.38647881150245667,0.38647881150245667,0.07809275388717651
JPM,xgboost,2,2022-08-16,-1,1,0.46603360772132874,0.46603360772132874,0.46214357018470764,0.0038900375366210938
JPM,xgboost,2,2022-08-17,-1,0,0.8391988277435303,0.12360265851020813,0.12360265851020813,0.7155961692333221
JPM,xgboost,2,2022-08-18,-1,0,0.4622688591480255,0.3316173255443573,0.3316173255443573,0.1306515336036682
JPM,xgboost,2,2022-08-19,-1,0,0.8898836374282837,0.0797269344329834,0.0797269344329834,0.8101567029953003
JPM,xgboost,2,2022-08-22,0,0,0.629732608795166,0.3143635094165802,0.3143635094165802,0.3153690993785858
JPM,xgboost,2,2022-08-23,0,1,0.7339581847190857,0.7339581847190857,0.16925033926963806,0.5647078454494476
JPM,xgboost,2,2022-08-24,0,1,0.673514187335968,0.673514187335968,0.17067289352416992,0.5028412938117981
JPM,xgboost,2,2022-08-25,-1,0,0.5015484690666199,0.10787925869226456,0.39057227969169617,0.1109761893749237
JPM,xgboost,2,2022-08-26,0,0,0.4412018060684204,0.4150649905204773,0.4150649905204773,0.026136815547943115
JPM,xgboost,2,2022-08-29,0,1,0.4190806746482849,0.4190806746482849,0.40044182538986206,0.01863884925842285
JPM,xgboost,2,2022-08-30,0,1,0.6264826059341431,0.6264826059341431,0.29801756143569946,0.3284650444984436
JPM,xgboost,2,2022-08-31,1,1,0.6964938640594482,0.6964938640594482,0.2257871925830841,0.47070667147636414
JPM,xgboost,2,2022-09-01,1,1,0.6535449028015137,0.6535449028015137,0.20556199550628662,0.44798290729522705
JPM,xgboost,2,2022-09-02,1,1,0.646935760974884,0.646935760974884,0.26024866104125977,0.38668709993362427
JPM,xgboost,2,2022-09-06,1,1,0.7769983410835266,0.7769983410835266,0.14339318871498108,0.6336051523685455
JPM,xgboost,2,2022-09-07,0,1,0.5508381128311157,0.5508381128311157,0.25205740332603455,0.2987807095050812
JPM,xgboost,2,2022-09-08,0,1,0.6568329334259033,0.6568329334259033,0.3021547496318817,0.3546781837940216
JPM,xgboost,2,2022-09-09,0,1,0.7056673765182495,0.7056673765182495,0.22479040920734406,0.48087696731090546
JPM,xgboost,2,2022-09-12,-1,0,0.5529627799987793,0.34605923295021057,0.34605923295021057,0.20690354704856873
JPM,xgboost,2,2022-09-13,0,0,0.8146369457244873,0.11722487211227417,0.11722487211227417,0.6974120736122131
JPM,xgboost,2,2022-09-14,-1,0,0.84451824426651,0.06834447383880615,0.08713730424642563,0.7573809400200844
JPM,xgboost,2,2022-09-15,-1,0,0.8079968690872192,0.11715631186962128,0.11715631186962128,0.690840557217598
JPM,xgboost,2,2022-09-16,-1,1,0.4669950008392334,0.4669950008392334,0.3790966868400574,0.08789831399917603
JPM,xgboost,2,2022-09-19,-1,0,0.8615641593933105,0.10145700722932816,0.10145700722932816,0.7601071521639824
JPM,xgboost,2,2022-09-20,-1,1,0.5187481045722961,0.5187481045722961,0.3668269217014313,0.15192118287086487
JPM,xgboost,2,2022-09-21,-1,1,0.5573046207427979,0.5573046207427979,0.3784978985786438,0.17880672216415405
JPM,xgboost,2,2022-09-22,-1,1,0.8199365735054016,0.8199365735054016,0.1027025431394577,0.7172340303659439
JPM,xgboost,2,2022-09-23,-1,1,0.7803735136985779,0.7803735136985779,0.12954698503017426,0.6508265286684036
JPM,xgboost,2,2022-09-26,0,-1,0.5666388273239136,0.3485095500946045,0.3485095500946045,0.21812927722930908
JPM,xgboost,2,2022-09-27,1,1,0.43368229269981384,0.43368229269981384,0.283581405878067,0.15010088682174683
JPM,xgboost,2,2022-09-28,1,1,0.6326101422309875,0.6326101422309875,0.2416808307170868,0.39092931151390076
JPM,xgboost,2,2022-09-29,1,-1,0.5333470106124878,0.3893173933029175,0.3893173933029175,0.1440296173095703
JPM,xgboost,2,2022-09-30,1,-1,0.5645973086357117,0.32265862822532654,0.32265862822532654,0.24193868041038513
JPM,xgboost,2,2022-10-03,0,1,0.46713393926620483,0.46713393926620483,0.29836374521255493,0.1687701940536499
JPM,xgboost,2,2022-10-04,-1,1,0.7510718703269958,0.7510718703269958,0.22094208002090454,0.5301297903060913
JPM,xgboost,2,2022-10-05,-1,0,0.4746355414390564,0.47204673290252686,0.47204673290252686,0.002588808536529541
JPM,xgboost,2,2022-10-06,0,1,0.7784118056297302,0.7784118056297302,0.17228224873542786,0.6061295568943024
JPM,xgboost,2,2022-10-07,1,1,0.747464120388031,0.747464120388031,0.16067719459533691,0.5867869257926941
JPM,xgboost,2,2022-10-10,1,1,0.6852172017097473,0.6852172017097473,0.1956891119480133,0.489528089761734
JPM,xgboost,2,2022-10-11,1,1,0.6897392272949219,0.6897392272949219,0.16671614348888397,0.5230230838060379
JPM,xgboost,2,2022-10-12,1,1,0.7550109624862671,0.7550109624862671,0.18747101724147797,0.5675399452447891
JPM,xgboost,2,2022-10-13,1,0,0.5387540459632874,0.37952908873558044,0.37952908873558044,0.1592249572277069
JPM,xgboost,2,2022-10-14,1,0,0.8398342728614807,0.12993976473808289,0.12993976473808289,0.7098945081233978
JPM,xgboost,2,2022-10-17,1,1,0.8373931050300598,0.8373931050300598,0.10374044626951218,0.7336526587605476
JPM,xgboost,2,2022-10-18,1,1,0.758189857006073,0.758189857006073,0.17394240200519562,0.5842474550008774
JPM,xgboost,2,2022-10-19,1,1,0.8212490081787109,0.8212490081787109,0.12508925795555115,0.6961597502231598
JPM,xgboost,2,2022-10-20,1,1,0.5661852359771729,0.5661852359771729,0.3998296856880188,0.16635555028915405
JPM,xgboost,2,2022-10-21,1,-1,0.42409396171569824,0.1625991314649582,0.41330692172050476,0.010787039995193481
JPM,xgboost,2,2022-10-24,1,0,0.8105184435844421,0.13706618547439575,0.13706618547439575,0.6734522581100464
JPM,xgboost,2,2022-10-25,1,0,0.5460805296897888,0.2417442351579666,0.2417442351579666,0.3043362945318222
JPM,xgboost,2,2022-10-26,1,0,0.8012318015098572,0.03402924910187721,0.1647389531135559,0.6364928483963013
JPM,xgboost,2,2022-10-27,1,0,0.5642584562301636,0.03784126788377762,0.39790022373199463,0.16635823249816895
JPM,xgboost,2,2022-10-28,1,0,0.4929425120353699,0.029602503404021263,0.47745493054389954,0.015487581491470337
JPM,xgboost,2,2022-10-31,1,0,0.8017309308052063,0.07837946712970734,0.11988960951566696,0.6818413212895393
JPM,xgboost,2,2022-11-01,1,0,0.9444382190704346,0.021432338282465935,0.03412945941090584,0.9103087596595287
JPM,xgboost,2,2022-11-02,1,0,0.870585024356842,0.08906962722539902,0.08906962722539902,0.781515397131443
JPM,xgboost,3,2022-11-03,1,0,0.47911742329597473,0.25378862023353577,0.2670938968658447,0.21202352643013
JPM,xgboost,3,2022-11-04,1,0,0.6616860628128052,0.038369908928871155,0.2999440133571625,0.3617420494556427
JPM,xgboost,3,2022-11-07,0,0,0.8694131970405579,0.02444607950747013,0.10614071041345596,0.7632724866271019
JPM,xgboost,3,2022-11-08,0,0,0.7213391065597534,0.058053359389305115,0.22060757875442505,0.5007315278053284
JPM,xgboost,3,2022-11-09,1,0,0.589226245880127,0.07165735214948654,0.3391163945198059,0.25010985136032104
JPM,xgboost,3,2022-11-10,0,-1,0.45868512988090515,0.16665083169937134,0.3746640086174011,0.08402112126350403
JPM,xgboost,3,2022-11-11,0,0,0.6319400072097778,0.10475562512874603,0.26330438256263733,0.3686356246471405
JPM,xgboost,3,2022-11-14,0,1,0.3820783197879791,0.3820783197879791,0.3425949215888977,0.03948339819908142
JPM,xgboost,3,2022-11-15,0,0,0.4333694577217102,0.2132922261953354,0.3533383011817932,0.08003115653991699
JPM,xgboost,3,2022-11-16,1,0,0.5381954908370972,0.17379391193389893,0.2880105674266815,0.25018492341041565
JPM,xgboost,3,2022-11-17,1,0,0.5656841397285461,0.07742074131965637,0.3568950891494751,0.20878905057907104
JPM,xgboost,3,2022-11-18,0,0,0.7623395919799805,0.08587727695703506,0.15178313851356506,0.6105564534664154
JPM,xgboost,3,2022-11-21,1,0,0.6447291970252991,0.08597661554813385,0.26929420232772827,0.3754349946975708
JPM,xgboost,3,2022-11-22,1,0,0.6301390528678894,0.09192653745412827,0.27793437242507935,0.35220468044281006
JPM,xgboost,3,2022-11-23,0,0,0.48763033747673035,0.08507202565670013,0.42729759216308594,0.06033274531364441
JPM,xgboost,3,2022-11-25,0,0,0.6628667712211609,0.04759809747338295,0.2895351052284241,0.3733316659927368
JPM,xgboost,3,2022-11-28,-1,1,0.47774776816368103,0.47774776816368103,0.30742937326431274,0.1703183948993683
JPM,xgboost,3,2022-11-29,-1,0,0.7827880382537842,0.057522714138031006,0.15968920290470123,0.623098835349083
JPM,xgboost,3,2022-11-30,-1,-1,0.5354198217391968,0.15473973751068115,0.30984047055244446,0.22557935118675232
JPM,xgboost,3,2022-12-01,-1,0,0.7007316946983337,0.13149666786193848,0.167771577835083,0.5329601168632507
JPM,xgboost,3,2022-12-02,-1,0,0.7428404688835144,0.0840865969657898,0.1730729043483734,0.569767564535141
JPM,xgboost,3,2022-12-05,1,1,0.5006682872772217,0.5006682872772217,0.43592455983161926,0.06474372744560242
JPM,xgboost,3,2022-12-06,0,0,0.5049538016319275,0.36160144209861755,0.36160144209861755,0.14335235953330994
JPM,xgboost,3,2022-12-07,0,0,0.6804851293563843,0.2668955624103546,0.2668955624103546,0.41358956694602966
JPM,xgboost,3,2022-12-08,-1,1,0.5559014081954956,0.5559014081954956,0.4099655747413635,0.14593583345413208
JPM,xgboost,3,2022-12-09,-1,0,0.7524714469909668,0.2019965797662735,0.2019965797662735,0.5504748672246933
JPM,xgboost,3,2022-12-12,-1,0,0.5435307621955872,0.38216426968574524,0.38216426968574524,0.16136649250984192
JPM,xgboost,3,2022-12-13,-1,0,0.6498558521270752,0.3217632472515106,0.3217632472515106,0.3280926048755646
JPM,xgboost,3,2022-12-14,0,0,0.5705019235610962,0.27942121028900146,0.27942121028900146,0.2910807132720947
JPM,xgboost,3,2022-12-15,0,0,0.6562186479568481,0.19627819955348969,0.19627819955348969,0.45994044840335846
JPM,xgboost,3,2022-12-16,0,1,0.5844650864601135,0.5844650864601135,0.2805921733379364,0.3038729131221771
JPM,xgboost,3,2022-12-19,0,-1,0.6461684703826904,0.10427834093570709,0.24955318868160248,0.39661528170108795
JPM,xgboost,3,2022-12-20,0,-1,0.6449851989746094,0.0663565918803215,0.28865817189216614,0.35632702708244324
JPM,xgboost,3,2022-12-21,0,-1,0.7273980975151062,0.07979628443717957,0.19280560314655304,0.5345924943685532
JPM,xgboost,3,2022-12-22,1,-1,0.5822404026985168,0.12048846483230591,0.29727110266685486,0.284969300031662
JPM,xgboost,3,2022-12-23,1,-1,0.7075743079185486,0.03813949227333069,0.2542862296104431,0.45328807830810547
JPM,xgboost,3,2022-12-27,1,-1,0.6330585479736328,0.09132423251867294,0.27561721205711365,0.35744133591651917
JPM,xgboost,3,2022-12-28,1,-1,0.7598081827163696,0.12763454020023346,0.12763454020023346,0.6321736425161362
JPM,xgboost,3,2022-12-29,1,-1,0.7591570019721985,0.048639461398124695,0.1922035664319992,0.5669534355401993
JPM,xgboost,3,2022-12-30,1,-1,0.7940293550491333,0.03694164380431175,0.16902898252010345,0.6250003725290298
JPM,xgboost,3,2023-01-03,1,-1,0.47681936621665955,0.10288853943347931,0.4202921390533447,0.05652722716331482
JPM,xgboost,3,2023-01-04,1,-1,0.5786328315734863,0.10572013258934021,0.31564703583717346,0.26298579573631287
JPM,xgboost,3,2023-01-05,1,-1,0.47878116369247437,0.19991271197795868,0.32130613923072815,0.15747502446174622
JPM,xgboost,3,2023-01-06,1,-1,0.48496171832084656,0.07162114232778549,0.44341713190078735,0.041544586420059204
JPM,xgboost,3,2023-01-09,1,-1,0.8076267838478088,0.0950135588645935,0.09735966473817825,0.7102671191096306
JPM,xgboost,3,2023-01-10,0,0,0.4909519851207733,0.030927041545510292,0.47812095284461975,0.012831032276153564
JPM,xgboost,3,2023-01-11,-1,-1,0.48186391592025757,0.09314430505037308,0.4249917268753052,0.05687218904495239
JPM,xgboost,3,2023-01-12,-1,-1,0.46810922026634216,0.09229776263237,0.43959298729896545,0.02851623296737671
JPM,xgboost,3,2023-01-13,-1,0,0.7611057758331299,0.1484726518392563,0.1484726518392563,0.6126331239938736
JPM,xgboost,3,2023-01-17,0,-1,0.4159395098686218,0.18655230104923248,0.3975082039833069,0.01843130588531494
JPM,xgboost,3,2023-01-18,0,0,0.51412034034729,0.1263519525527954,0.35952767729759216,0.15459266304969788
JPM,xgboost,3,2023-01-19,1,0,0.4061577022075653,0.24188026785850525,0.35196200013160706,0.05419570207595825
JPM,xgboost,3,2023-01-20,1,0,0.3943219482898712,0.24410316348075867,0.3615749180316925,0.03274703025817871
JPM,xgboost,3,2023-01-23,0,0,0.5739679932594299,0.148334801197052,0.2776971757411957,0.29627081751823425
JPM,xgboost,3,2023-01-24,0,0,0.5175106525421143,0.13511866331100464,0.3473706841468811,0.17013996839523315
JPM,xgboost,3,2023-01-25,0,0,0.602929949760437,0.1296330839395523,0.26743701100349426,0.33549293875694275
JPM,xgboost,3,2023-01-26,0,0,0.5227497220039368,0.10356046259403229,0.3736898601055145,0.14905986189842224
JPM,xgboost,3,2023-01-27,0,0,0.7559986710548401,0.07092898339033127,0.17307238280773163,0.5829262882471085
JPM,xgboost,3,2023-01-30,1,0,0.8413059711456299,0.0917510837316513,0.0917510837316513,0.7495548874139786
JPM,xgboost,3,2023-01-31,1,0,0.8914389610290527,0.027002107352018356,0.08155898749828339,0.8098799735307693
JPM,xgboost,3,2023-02-01,1,0,0.873760461807251,0.03646059334278107,0.08977899700403214,0.7839814648032188
JPM,xgboost,3,2023-02-02,0,0,0.588816225528717,0.05522305518388748,0.35596075654029846,0.23285546898841858
JPM,xgboost,3,2023-02-03,0,0,0.8224294781684875,0.06746227294206619,0.11010823398828506,0.7123212441802025
JPM,xgboost,3,2023-02-06,0,0,0.5670586824417114,0.07448673993349075,0.35845455527305603,0.2086041271686554
JPM,xgboost,3,2023-02-07,0,0,0.785163402557373,0.0227932408452034,0.19204334914684296,0.5931200534105301
JPM,xgboost,3,2023-02-08,0,0,0.7622374892234802,0.12508045136928558,0.12508045136928558,0.6371570378541946
JPM,xgboost,3,2023-02-09,0,0,0.6966555714607239,0.1474752277135849,0.15586915612220764,0.5407864153385162
JPM,xgboost,3,2023-02-10,0,0,0.826684832572937,0.044415973126888275,0.12889918684959412,0.6977856457233429
JPM,xgboost,3,2023-02-13,-1,0,0.645214855670929,0.06077543646097183,0.2940097153186798,0.35120514035224915
JPM,xgboost,3,2023-02-14,-1,0,0.8307300209999084,0.04356464743614197,0.1257053166627884,0.7050247043371201
JPM,xgboost,3,2023-02-15,-1,0,0.9408567547798157,0.014630102552473545,0.04451318830251694,0.8963435664772987
JPM,xgboost,3,2023-02-16,0,0,0.7859933972358704,0.058177489787340164,0.15582913160324097,0.6301642656326294
JPM,xgboost,3,2023-02-17,0,0,0.8232929706573486,0.044006023555994034,0.13270102441310883,0.6905919462442398
JPM,xgboost,3,2023-02-21,1,0,0.4574557840824127,0.16639088094234467,0.37615329027175903,0.08130249381065369
JPM,xgboost,3,2023-02-22,1,-1,0.4136389493942261,0.21234995126724243,0.3740110397338867,0.039627909660339355
JPM,xgboost,3,2023-02-23,0,-1,0.4996057152748108,0.0898294448852539,0.4105648398399353,0.08904087543487549
JPM,xgboost,3,2023-02-24,0,-1,0.46491992473602295,0.1226605772972107,0.4124194383621216,0.05250048637390137
JPM,xgboost,3,2023-02-27,0,0,0.4611259996891022,0.11655191332101822,0.4223220944404602,0.03880390524864197
JPM,xgboost,3,2023-02-28,-1,0,0.5254020690917969,0.10672764480113983,0.3678703010082245,0.1575317680835724
JPM,xgboost,3,2023-03-01,-1,0,0.49837440252304077,0.13987590372562408,0.36174967885017395,0.13662472367286682
JPM,xgboost,3,2023-03-02,-1,-1,0.44101449847221375,0.179843008518219,0.37914249300956726,0.061872005462646484
JPM,xgboost,3,2023-03-03,-1,-1,0.4555514454841614,0.2334313541650772,0.3110171854496002,0.14453426003456116
JPM,xgboost,3,2023-03-06,-1,0,0.577225923538208,0.13747017085552216,0.28530392050743103,0.291922003030777
JPM,xgboost,3,2023-03-07,-1,0,0.6003779768943787,0.17515061795711517,0.22447142004966736,0.3759065568447113
JPM,xgboost,3,2023-03-08,-1,0,0.4211271107196808,0.3671228587627411,0.3671228587627411,0.0540042519569397
JPM,xgboost,3,2023-03-09,0,-1,0.6804664731025696,0.10162919759750366,0.21790437400341034,0.46256209909915924
JPM,xgboost,3,2023-03-10,-1,0,0.43893733620643616,0.20714901387691498,0.35391369462013245,0.08502364158630371
JPM,xgboost,3,2023-03-13,-1,0,0.38301801681518555,0.3262504041194916,0.3262504041194916,0.05676761269569397
JPM,xgboost,3,2023-03-14,-1,1,0.39490580558776855,0.39490580558776855,0.3800816535949707,0.014824151992797852
JPM,xgboost,3,2023-03-15,0,-1,0.8248985409736633,0.13414505124092102,0.13414505124092102,0.6907534897327423
JPM,xgboost,3,2023-03-16,-1,1,0.4398286044597626,0.4398286044597626,0.4125174582004547,0.02731114625930786
JPM,xgboost,3,2023-03-17,0,-1,0.4428964853286743,0.4053582549095154,0.4053582549095154,0.037538230419158936
JPM,xgboost,3,2023-03-20,0,1,0.42671892046928406,0.42671892046928406,0.3846869170665741,0.04203200340270996
JPM,xgboost,3,2023-03-21,0,1,0.3653646409511566,0.3653646409511566,0.363707959651947,0.0016566812992095947
JPM,xgboost,3,2023-03-22,0,1,0.6086598038673401,0.6086598038673401,0.2165042906999588,0.3921555131673813
JPM,xgboost,3,2023-03-23,0,1,0.6637020707130432,0.6637020707130432,0.17115221917629242,0.4925498515367508
JPM,xgboost,3,2023-03-24,1,1,0.8246656060218811,0.8246656060218811,0.1154806837439537,0.7091849222779274
JPM,xgboost,3,2023-03-27,0,1,0.6499481201171875,0.6499481201171875,0.24141530692577362,0.4085328131914139
JPM,xgboost,3,2023-03-28,0,1,0.5611357688903809,0.5611357688903809,0.3346136212348938,0.22652214765548706
JPM,xgboost,3,2023-03-29,0,0,0.8786784410476685,0.06437285244464874,0.06437285244464874,0.8143055886030197
JPM,xgboost,3,2023-03-30,0,0,0.8775395154953003,0.08960681408643723,0.08960681408643723,0.7879327014088631
JPM,xgboost,3,2023-03-31,0,0,0.7720510959625244,0.11431937664747238,0.11431937664747238,0.657731719315052
JPM,xgboost,3,2023-04-03,0,0,0.8110562562942505,0.10925349593162537,0.10925349593162537,0.7018027603626251
JPM,xgboost,3,2023-04-04,0,0,0.6818246245384216,0.24453501403331757,0.24453501403331757,0.43728961050510406
JPM,xgboost,3,2023-04-05,0,0,0.8184283971786499,0.08494705706834793,0.09662453085184097,0.7218038663268089
JPM,xgboost,3,2023-04-06,1,1,0.6133415699005127,0.6133415699005127,0.29353341460227966,0.31980815529823303
JPM,xgboost,3,2023-04-10,1,1,0.5336174964904785,0.5336174964904785,0.3901122808456421,0.14350521564483643
JPM,xgboost,3,2023-04-11,1,1,0.7175634503364563,0.7175634503364563,0.1504894345998764,0.5670740157365799
JPM,xgboost,3,2023-04-12,1,1,0.48946136236190796,0.48946136236190796,0.2965991199016571,0.19286224246025085
JPM,xgboost,3,2023-04-13,1,1,0.4909904897212982,0.4909904897212982,0.26998478174209595,0.22100570797920227
JPM,xgboost,3,2023-04-14,0,1,0.4228464365005493,0.4228464365005493,0.3851306438446045,0.037715792655944824
JPM,xgboost,3,2023-04-17,0,0,0.8176678419113159,0.06467019766569138,0.11766194552183151,0.7000058963894844
JPM,xgboost,3,2023-04-18,-1,0,0.8254839777946472,0.08707916736602783,0.08743686974048615,0.7380471080541611
JPM,xgboost,3,2023-04-19,-1,0,0.749400794506073,0.09494823962450027,0.15565097332000732,0.5937498211860657
JPM,xgboost,3,2023-04-20,-1,0,0.7830004692077637,0.07108274847269058,0.14591680467128754,0.6370836645364761
JPM,xgboost,3,2023-04-21,0,0,0.457180917263031,0.20704902708530426,0.33577004075050354,0.12141087651252747
JPM,xgboost,3,2023-04-24,0,0,0.7390047907829285,0.10961852222681046,0.15137673914432526,0.5876280516386032
JPM,xgboost,3,2023-04-25,0,-1,0.45605775713920593,0.44404149055480957,0.44404149055480957,0.012016266584396362
JPM,xgboost,3,2023-04-26,0,1,0.4544219374656677,0.4544219374656677,0.32363173365592957,0.13079020380973816
JPM,xgboost,3,2023-04-27,-1,1,0.386372834444046,0.386372834444046,0.3398664593696594,0.0465063750743866
JPM,xgboost,3,2023-04-28,0,0,0.6297256350517273,0.034794650971889496,0.3354797065258026,0.2942459285259247
JPM,xgboost,3,2023-05-01,-1,0,0.545760989189148,0.3290615975856781,0.3290615975856781,0.21669939160346985
JPM,xgboost,3,2023-05-02,0,0,0.5587954521179199,0.30631500482559204,0.30631500482559204,0.2524804472923279
JPM,xgboost,3,2023-05-03,0,1,0.4889605939388275,0.4889605939388275,0.2756027281284332,0.2133578658103943
JPM,xgboost,3,2023-05-04,0,1,0.3747866451740265,0.3747866451740265,0.3404628038406372,0.03432384133338928
JPM,xgboost,3,2023-05-05,0,0,0.3657977879047394,0.2838388681411743,0.3503633737564087,0.015434414148330688
JPM,xgboost,3,2023-05-08,0,0,0.38661542534828186,0.3023098111152649,0.31107473373413086,0.075540691614151
JPM,xgboost,3,2023-05-09,0,0,0.5905640721321106,0.22496721148490906,0.22496721148490906,0.36559686064720154
JPM,xgboost,3,2023-05-10,0,1,0.43084800243377686,0.43084800243377686,0.29135215282440186,0.139495849609375
JPM,xgboost,3,2023-05-11,1,0,0.5227465629577637,0.23836717009544373,0.2388862669467926,0.28386029601097107
JPM,xgboost,3,2023-05-12,1,0,0.542961061000824,0.2436123788356781,0.2436123788356781,0.2993486821651459
JPM,xgboost,3,2023-05-15,1,0,0.5049650073051453,0.18101666867733002,0.3140183389186859,0.19094666838645935
JPM,xgboost,3,2023-05-16,0,0,0.5132173895835876,0.15560384094715118,0.3311787247657776,0.18203866481781006
JPM,xgboost,3,2023-05-17,-1,1,0.5443397164344788,0.5443397164344788,0.32432496547698975,0.220014750957489
JPM,xgboost,3,2023-05-18,-1,0,0.7430705428123474,0.1515229344367981,0.1515229344367981,0.5915476083755493
JPM,xgboost,3,2023-05-19,0,0,0.7920413613319397,0.06708141416311264,0.14087727665901184,0.6511640846729279
JPM,xgboost,3,2023-05-22,0,0,0.6749570369720459,0.16564080119132996,0.16564080119132996,0.5093162357807159
JPM,xgboost,3,2023-05-23,0,0,0.6554969549179077,0.19462379813194275,0.19462379813194275,0.46087315678596497
JPM,xgboost,3,2023-05-24,0,0,0.6543331742286682,0.21585294604301453,0.21585294604301453,0.4384802281856537
JPM,xgboost,3,2023-05-25,1,0,0.7415200471878052,0.1458442211151123,0.1458442211151123,0.5956758260726929
JPM,xgboost,3,2023-05-26,0,0,0.790922224521637,0.08242449164390564,0.1266532838344574,0.6642689406871796
JPM,xgboost,3,2023-05-30,0,0,0.5714941024780273,0.11302115768194199,0.3154846727848053,0.25600942969322205
JPM,xgboost,3,2023-05-31,1,1,0.4249563217163086,0.4249563217163086,0.34194162487983704,0.08301469683647156
JPM,xgboost,3,2023-06-01,1,0,0.7488448619842529,0.09632672369480133,0.15482845902442932,0.5940164029598236
JPM,xgboost,3,2023-06-02,0,0,0.8239598870277405,0.07056943327188492,0.10547064989805222,0.7184892371296883
JPM,xgboost,3,2023-06-05,0,0,0.4640747606754303,0.1671554297208786,0.36876973509788513,0.09530502557754517
JPM,xgboost,3,2023-06-06,0,0,0.6916594505310059,0.06888889521360397,0.23945170640945435,0.4522077441215515
JPM,xgboost,3,2023-06-07,0,0,0.7158790230751038,0.07304054498672485,0.2110804170370102,0.5047986060380936
JPM,xgboost,3,2023-06-08,0,0,0.6271926164627075,0.10969148576259613,0.26311588287353516,0.36407673358917236
JPM,xgboost,3,2023-06-09,0,0,0.6518397927284241,0.09414958953857422,0.25401055812835693,0.39782923460006714
JPM,xgboost,3,2023-06-12,0,0,0.8601359128952026,0.03822747617959976,0.10163655877113342,0.7584993541240692
JPM,xgboost,3,2023-06-13,0,0,0.8865590691566467,0.02441086433827877,0.08903005719184875,0.797529011964798
JPM,xgboost,3,2023-06-14,0,0,0.9043024778366089,0.02868126705288887,0.06701625883579254,0.8372862190008163
JPM,xgboost,3,2023-06-15,-1,0,0.7753481268882751,0.04697497561573982,0.17767688632011414,0.597671240568161
JPM,xgboost,3,2023-06-16,-1,-1,0.5419163107872009,0.05400414764881134,0.40407949686050415,0.13783681392669678
JPM,xgboost,3,2023-06-20,-1,0,0.8252933621406555,0.07637915015220642,0.09832742810249329,0.7269659340381622
JPM,xgboost,3,2023-06-21,-1,0,0.803471028804779,0.07770197093486786,0.1188269630074501,0.684644065797329
JPM,xgboost,3,2023-06-22,1,0,0.6442633271217346,0.12562529742717743,0.23011136054992676,0.41415196657180786
JPM,xgboost,3,2023-06-23,1,0,0.5858097672462463,0.33844444155693054,0.33844444155693054,0.2473653256893158
JPM,xgboost,3,2023-06-26,1,0,0.5899748802185059,0.23807966709136963,0.23807966709136963,0.35189521312713623
JPM,xgboost,3,2023-06-27,1,0,0.6003301739692688,0.2958933711051941,0.2958933711051941,0.3044368028640747
JPM,xgboost,3,2023-06-28,1,0,0.5004061460494995,0.3116605579853058,0.3116605579853058,0.18874558806419373
JPM,xgboost,3,2023-06-29,0,0,0.6835500001907349,0.17163211107254028,0.17163211107254028,0.5119178891181946
JPM,xgboost,3,2023-06-30,0,0,0.8757292628288269,0.08333692699670792,0.08333692699670792,0.792392335832119
JPM,xgboost,3,2023-07-03,0,0,0.6528427004814148,0.29295164346694946,0.29295164346694946,0.35989105701446533
JPM,xgboost,3,2023-07-05,1,0,0.7979393005371094,0.12330704927444458,0.12330704927444458,0.6746322512626648
JPM,xgboost,3,2023-07-06,1,0,0.5508930683135986,0.27477186918258667,0.27477186918258667,0.27612119913101196
JPM,xgboost,3,2023-07-07,1,0,0.7582190036773682,0.06309793144464493,0.1786831170320511,0.5795358866453171
JPM,xgboost,3,2023-07-10,1,0,0.8160684704780579,0.1300489455461502,0.1300489455461502,0.6860195249319077
JPM,xgboost,3,2023-07-11,1,0,0.7763513922691345,0.14337895810604095,0.14337895810604095,0.6329724341630936
JPM,xgboost,3,2023-07-12,1,0,0.7691487073898315,0.10887882113456726,0.12197242677211761,0.6471762806177139
JPM,xgboost,3,2023-07-13,1,0,0.6109312772750854,0.22814030945301056,0.22814030945301056,0.3827909678220749
JPM,xgboost,3,2023-07-14,1,0,0.620755136013031,0.1899636834859848,0.1899636834859848,0.4307914525270462
JPM,xgboost,3,2023-07-17,1,0,0.6963167190551758,0.21223704516887665,0.21223704516887665,0.48407967388629913
JPM,xgboost,3,2023-07-18,1,0,0.5834872126579285,0.19122779369354248,0.22528500854969025,0.3582022041082382
JPM,xgboost,3,2023-07-19,1,0,0.540239691734314,0.19372686743736267,0.26603344082832336,0.2742062509059906
JPM,xgboost,3,2023-07-20,0,0,0.6328743696212769,0.10386762022972107,0.2632579803466797,0.36961638927459717
JPM,xgboost,3,2023-07-21,0,0,0.5396049618721008,0.27918940782546997,0.27918940782546997,0.26041555404663086
JPM,xgboost,3,2023-07-24,0,0,0.9132199287414551,0.031653206795454025,0.05512689799070358,0.8580930307507515
JPM,xgboost,3,2023-07-25,0,0,0.5370455980300903,0.1928987354040146,0.2700556516647339,0.26698994636535645
JPM,xgboost,3,2023-07-26,0,0,0.8020040392875671,0.03429175168275833,0.16370415687561035,0.6382998824119568
JPM,xgboost,3,2023-07-27,0,0,0.5743052363395691,0.15114733576774597,0.2745474874973297,0.2997577488422394
JPM,xgboost,3,2023-07-28,0,-1,0.4905010163784027,0.14108294248580933,0.36841607093811035,0.12208494544029236
JPM,xgboost,3,2023-07-31,0,0,0.6709403991699219,0.08255043625831604,0.24650920927524567,0.4244311898946762
JPM,xgboost,3,2023-08-01,0,0,0.5453401803970337,0.22103139758110046,0.23362846672534943,0.31171171367168427
JPM,xgboost,3,2023-08-02,0,-1,0.5175164341926575,0.09441982209682465,0.3880637586116791,0.1294526755809784
JPM,xgboost,3,2023-08-03,0,-1,0.44423195719718933,0.17435815930366516,0.3814098536968231,0.06282210350036621
JPM,xgboost,3,2023-08-04,0,0,0.5106350779533386,0.16039003431797028,0.3289748728275299,0.18166020512580872
JPM,xgboost,3,2023-08-07,0,-1,0.661586582660675,0.05116800218820572,0.2872454524040222,0.37434113025665283
JPM,xgboost,3,2023-08-08,-1,0,0.856671929359436,0.027252601459622383,0.11607546359300613,0.7405964657664299
JPM,xgboost,3,2023-08-09,-1,0,0.43517592549324036,0.2466815859079361,0.31814247369766235,0.117033451795578
JPM,xgboost,3,2023-08-10,-1,0,0.4098268151283264,0.1972091645002365,0.39296406507492065,0.01686275005340576
JPM,xgboost,3,2023-08-11,-1,0,0.4453471004962921,0.18835370242595673,0.36629924178123474,0.07904785871505737
JPM,xgboost,3,2023-08-14,-1,0,0.41456863284111023,0.20313484966754913,0.38229653239250183,0.0322721004486084
JPM,xgboost,3,2023-08-15,-1,1,0.4469539523124695,0.4469539523124695,0.41249552369117737,0.034458428621292114
JPM,xgboost,3,2023-08-16,0,0,0.4194463789463043,0.18901950120925903,0.39153409004211426,0.027912288904190063
JPM,xgboost,3,2023-08-17,0,0,0.47734835743904114,0.24144557118415833,0.28120604157447815,0.196142315864563
JPM,xgboost,3,2023-08-18,0,-1,0.398806095123291,0.231307253241539,0.3698866665363312,0.02891942858695984
JPM,xgboost,3,2023-08-21,0,0,0.630312979221344,0.20471663773059845,0.20471663773059845,0.42559634149074554
JPM,xgboost,3,2023-08-22,0,0,0.4473913908004761,0.27745696902275085,0.27745696902275085,0.16993442177772522
JPM,xgboost,3,2023-08-23,0,1,0.37297743558883667,0.37297743558883667,0.3407129645347595,0.03226447105407715
JPM,xgboost,3,2023-08-24,0,1,0.4010680615901947,0.4010680615901947,0.3710472285747528,0.030020833015441895
JPM,xgboost,3,2023-08-25,0,1,0.4530177116394043,0.4530177116394043,0.4079641103744507,0.04505360126495361
JPM,xgboost,3,2023-08-28,0,1,0.5331853032112122,0.5331853032112122,0.3462359309196472,0.18694937229156494
JPM,xgboost,3,2023-08-29,-1,0,0.39741790294647217,0.2284870743751526,0.37409508228302,0.02332282066345215
JPM,xgboost,3,2023-08-30,-1,1,0.4762580394744873,0.4762580394744873,0.3599632680416107,0.11629477143287659
JPM,xgboost,3,2023-08-31,0,1,0.832783043384552,0.832783043384552,0.10093193501234055,0.7318511083722115
JPM,xgboost,3,2023-09-01,0,1,0.4678995907306671,0.4678995907306671,0.36540278792381287,0.10249680280685425
JPM,xgboost,3,2023-09-05,0,1,0.6443942785263062,0.6443942785263062,0.3017727732658386,0.34262150526046753
JPM,xgboost,3,2023-09-06,0,0,0.4689180552959442,0.34877774119377136,0.34877774119377136,0.12014031410217285
JPM,xgboost,3,2023-09-07,1,1,0.46849650144577026,0.46849650144577026,0.36555832624435425,0.10293817520141602
JPM,xgboost,3,2023-09-08,1,0,0.47711026668548584,0.2837454080581665,0.2837454080581665,0.19336485862731934
JPM,xgboost,3,2023-09-11,1,1,0.6737929582595825,0.6737929582595825,0.20594586431980133,0.4678470939397812
JPM,xgboost,3,2023-09-12,0,0,0.5333858132362366,0.3422897160053253,0.3422897160053253,0.19109609723091125
JPM,xgboost,3,2023-09-13,0,1,0.7638306617736816,0.7638306617736816,0.130157008767128,0.6336736530065536
JPM,xgboost,3,2023-09-14,0,0,0.5264606475830078,0.26278969645500183,0.26278969645500183,0.263670951128006
JPM,xgboost,3,2023-09-15,-1,1,0.5111554861068726,0.5111554861068726,0.30275166034698486,0.2084038257598877
JPM,xgboost,3,2023-09-18,0,0,0.48712313175201416,0.2266235649585724,0.28625327348709106,0.2008698582649231
JPM,xgboost,3,2023-09-19,-1,0,0.5901662111282349,0.20248475670814514,0.20734903216362,0.38281717896461487
JPM,xgboost,3,2023-09-20,0,0,0.603506326675415,0.25649651885032654,0.25649651885032654,0.3470098078250885
JPM,xgboost,3,2023-09-21,0,1,0.5141941905021667,0.5141941905021667,0.35941940546035767,0.15477478504180908
JPM,xgboost,3,2023-09-22,0,1,0.5022692084312439,0.5022692084312439,0.35117411613464355,0.15109509229660034
JPM,xgboost,3,2023-09-25,0,0,0.5564018487930298,0.27868273854255676,0.27868273854255676,0.277719110250473
JPM,xgboost,3,2023-09-26,0,1,0.5705211162567139,0.5705211162567139,0.3280705511569977,0.2424505650997162
JPM,xgboost,3,2023-09-27,0,1,0.49822095036506653,0.49822095036506653,0.34732386469841003,0.1508970856666565
JPM,xgboost,3,2023-09-28,-1,1,0.38073399662971497,0.38073399662971497,0.3557610511779785,0.02497294545173645
JPM,xgboost,3,2023-09-29,0,1,0.45983433723449707,0.45983433723449707,0.3553035259246826,0.10453081130981445
JPM,xgboost,3,2023-10-02,0,1,0.6554101705551147,0.6554101705551147,0.23183037340641022,0.42357979714870453
JPM,xgboost,3,2023-10-03,1,1,0.6714687347412109,0.6714687347412109,0.1719890832901001,0.49947965145111084
JPM,xgboost,3,2023-10-04,1,1,0.8256447911262512,0.8256447911262512,0.12078281491994858,0.7048619762063026
JPM,xgboost,3,2023-10-05,1,1,0.6237483024597168,0.6237483024597168,0.20206204056739807,0.4216862618923187
JPM,xgboost,3,2023-10-06,0,1,0.5970832705497742,0.5970832705497742,0.2241085171699524,0.3729747533798218
JPM,xgboost,3,2023-10-09,1,0,0.42399367690086365,0.3534606397151947,0.3534606397151947,0.07053303718566895
JPM,xgboost,3,2023-10-10,0,1,0.43782737851142883,0.43782737851142883,0.2987126111984253,0.13911476731300354
JPM,xgboost,3,2023-10-11,0,-1,0.4637158215045929,0.15198826789855957,0.38429588079452515,0.07941994071006775
JPM,xgboost,3,2023-10-12,0,-1,0.48170873522758484,0.12675251066684723,0.3915387690067291,0.09016996622085571
JPM,xgboost,3,2023-10-13,-1,0,0.5170741677284241,0.1913621425628662,0.29156365990638733,0.22551050782203674
JPM,xgboost,3,2023-10-16,-1,-1,0.639767050743103,0.06746530532836914,0.29276758432388306,0.34699946641921997
JPM,xgboost,3,2023-10-17,-1,-1,0.7465828657150269,0.04546684771776199,0.20795027911663055,0.5386325865983963
JPM,xgboost,3,2023-10-18,-1,0,0.5452945232391357,0.10166054219007492,0.35304489731788635,0.1922496259212494
JPM,xgboost,3,2023-10-19,-1,-1,0.5082734823226929,0.07189387828111649,0.41983264684677124,0.08844083547592163
JPM,xgboost,3,2023-10-20,-1,1,0.4400438964366913,0.4400438964366913,0.357416570186615,0.0826273262500763
JPM,xgboost,3,2023-10-23,-1,0,0.38326501846313477,0.3765217065811157,0.3765217065811157,0.006743311882019043
JPM,xgboost,3,2023-10-24,0,1,0.5065038800239563,0.5065038800239563,0.3862108588218689,0.1202930212020874
JPM,xgboost,3,2023-10-25,0,1,0.47772350907325745,0.47772350907325745,0.3193527162075043,0.15837079286575317
JPM,xgboost,3,2023-10-26,0,1,0.6327410340309143,0.6327410340309143,0.26883241534233093,0.3639086186885834
JPM,xgboost,3,2023-10-27,1,-1,0.47619855403900146,0.17616231739521027,0.3476390838623047,0.12855947017669678
JPM,xgboost,3,2023-10-30,1,1,0.6744194626808167,0.6744194626808167,0.20826496183872223,0.4661545008420944
JPM,xgboost,3,2023-10-31,1,1,0.6998530030250549,0.6998530030250549,0.21057693660259247,0.48927606642246246
JPM,xgboost,3,2023-11-01,1,1,0.7302268147468567,0.7302268147468567,0.23194043338298798,0.4982863813638687
JPM,xgboost,3,2023-11-02,1,1,0.5949798226356506,0.5949798226356506,0.3122817277908325,0.2826980948448181
JPM,xgboost,3,2023-11-03,1,1,0.5315870642662048,0.5315870642662048,0.3224088251590729,0.20917823910713196
JPM,xgboost,3,2023-11-06,0,0,0.5231433510780334,0.3114941716194153,0.3114941716194153,0.21164917945861816
JPM,xgboost,3,2023-11-07,1,0,0.4527331292629242,0.3462700843811035,0.3462700843811035,0.10646304488182068
JPM,xgboost,3,2023-11-08,1,0,0.42746713757514954,0.1900826245546341,0.38245028257369995,0.045016855001449585
JPM,xgboost,3,2023-11-09,1,0,0.5184307098388672,0.19623686373233795,0.28533244132995605,0.23309826850891113
JPM,xgboost,3,2023-11-10,1,0,0.536911129951477,0.087645024061203,0.37544384598731995,0.1614672839641571
JPM,xgboost,3,2023-11-13,1,0,0.5003666281700134,0.12303841859102249,0.3765949308872223,0.12377169728279114
JPM,xgboost,3,2023-11-14,1,0,0.5998586416244507,0.10965774208307266,0.29048359394073486,0.3093750476837158
JPM,xgboost,3,2023-11-15,1,0,0.6370152831077576,0.18180248141288757,0.18180248141288757,0.45521280169487
JPM,xgboost,3,2023-11-16,0,0,0.59620201587677,0.18449220061302185,0.21930573880672455,0.37689627707004547
JPM,xgboost,3,2023-11-17,0,0,0.6517819166183472,0.08393441885709763,0.2642836570739746,0.38749825954437256
JPM,xgboost,3,2023-11-20,0,-1,0.4722326099872589,0.06004301831126213,0.46772435307502747,0.004508256912231445
JPM,xgboost,3,2023-11-21,0,0,0.5408295392990112,0.06216239184141159,0.3970080316066742,0.14382150769233704
JPM,xgboost,3,2023-11-22,0,0,0.6339434385299683,0.03800756856799126,0.32804903388023376,0.3058944046497345
JPM,xgboost,3,2023-11-24,1,-1,0.5893197059631348,0.05320993810892105,0.3574703335762024,0.23184937238693237
JPM,xgboost,3,2023-11-27,1,0,0.5552735328674316,0.04495912417769432,0.39976730942726135,0.1555062234401703
JPM,xgboost,3,2023-11-28,1,-1,0.5444363355636597,0.04594965651631355,0.4096139669418335,0.13482236862182617
JPM,xgboost,3,2023-11-29,0,0,0.9353804588317871,0.014840219169855118,0.04977931082248688,0.8856011480093002
JPM,xgboost,3,2023-11-30,0,0,0.9486042857170105,0.016921797767281532,0.03447394445538521,0.9141303412616253
JPM,xgboost,3,2023-12-01,0,0,0.8470160365104675,0.04401951655745506,0.10896444320678711,0.7380515933036804
JPM,xgboost,3,2023-12-04,0,0,0.8320928812026978,0.0755331963300705,0.09237390011548996,0.7397189810872078
JPM,xgboost,3,2023-12-05,0,0,0.6068006753921509,0.1592722088098526,0.2339271456003189,0.37287352979183197
JPM,xgboost,3,2023-12-06,1,0,0.5262434482574463,0.07589731365442276,0.39785927534103394,0.12838417291641235
JPM,xgboost,3,2023-12-07,1,0,0.7473257780075073,0.028329946100711823,0.22434429824352264,0.5229814797639847
JPM,xgboost,3,2023-12-08,1,0,0.8380470275878906,0.023347796872258186,0.13860514760017395,0.6994418799877167
JPM,xgboost,3,2023-12-11,1,0,0.7947999238967896,0.026888228952884674,0.1783117949962616,0.616488128900528
JPM,xgboost,3,2023-12-12,1,-1,0.5914104580879211,0.029248377308249474,0.37934112548828125,0.2120693325996399
JPM,xgboost,3,2023-12-13,1,0,0.5142330527305603,0.059746306389570236,0.4260205924510956,0.08821246027946472
JPM,xgboost,3,2023-12-14,1,0,0.6968163251876831,0.0586954765021801,0.2444881796836853,0.4523281455039978
JPM,xgboost,3,2023-12-15,0,0,0.6189621090888977,0.04842536896467209,0.332612544298172,0.2863495647907257
JPM,xgboost,3,2023-12-18,0,0,0.7519654631614685,0.027025433257222176,0.22100909054279327,0.5309563726186752
JPM,xgboost,3,2023-12-19,0,0,0.6746556758880615,0.06429249793291092,0.26105180382728577,0.41360387206077576
JPM,xgboost,3,2023-12-20,1,-1,0.3481893539428711,0.3266301155090332,0.3266301155090332,0.02155923843383789
JPM,xgboost,3,2023-12-21,0,0,0.5211219787597656,0.08294608443975449,0.39593198895454407,0.12518998980522156
JPM,xgboost,3,2023-12-22,1,0,0.452347993850708,0.12884241342544556,0.41880959272384644,0.03353840112686157
JPM,xgboost,3,2023-12-26,0,0,0.6031456589698792,0.06513183563947678,0.33172252774238586,0.2714231312274933
JPM,xgboost,3,2023-12-27,0,0,0.6318805813789368,0.09779328107833862,0.2703261375427246,0.36155444383621216
JPM,xgboost,3,2023-12-28,0,0,0.6515219807624817,0.05601324513554573,0.2924647629261017,0.35905721783638
JPM,xgboost,3,2023-12-29,0,-1,0.5141243934631348,0.08219130337238312,0.40368425846099854,0.11044013500213623
JPM,xgboost,3,2024-01-02,0,0,0.7176010608673096,0.06098642945289612,0.2214125245809555,0.49618853628635406
JPM,xgboost,3,2024-01-03,0,-1,0.48803964257240295,0.10369529575109482,0.40826502442359924,0.07977461814880371
JPM,xgboost,3,2024-01-04,0,0,0.5586344599723816,0.04336206614971161,0.3980034589767456,0.160631000995636
JPM,xgboost,3,2024-01-05,0,0,0.8819782733917236,0.03465304523706436,0.0833687037229538,0.7986095696687698
JPM,xgboost,3,2024-01-08,-1,0,0.5799541473388672,0.1868968904018402,0.2331489622592926,0.3468051850795746
JPM,xgboost,3,2024-01-09,-1,-1,0.6964932680130005,0.16363248229026794,0.16363248229026794,0.5328607857227325
JPM,xgboost,3,2024-01-10,-1,-1,0.6360564827919006,0.12673011422157288,0.2372133731842041,0.39884310960769653
JPM,xgboost,3,2024-01-11,0,0,0.6111400723457336,0.0646379142999649,0.32422202825546265,0.286918044090271
JPM,xgboost,3,2024-01-12,0,0,0.7313176989555359,0.09609322994947433,0.17258912324905396,0.5587285757064819
JPM,xgboost,3,2024-01-16,0,0,0.6915296912193298,0.12246836721897125,0.1860019415616989,0.5055277496576309
JPM,xgboost,3,2024-01-17,1,0,0.5309604406356812,0.3226647675037384,0.3226647675037384,0.20829567313194275
JPM,xgboost,3,2024-01-18,1,0,0.6364233493804932,0.160658061504364,0.20291858911514282,0.43350476026535034
JPM,xgboost,3,2024-01-19,0,0,0.5371827483177185,0.10640496015548706,0.3564123213291168,0.18077042698860168
JPM,xgboost,3,2024-01-22,0,0,0.46511033177375793,0.16440027952194214,0.3704894185066223,0.09462091326713562
JPM,xgboost,3,2024-01-23,1,0,0.5623157024383545,0.20972707867622375,0.22795723378658295,0.33435846865177155
JPM,xgboost,3,2024-01-24,1,0,0.626501739025116,0.08209599554538727,0.29140231013298035,0.3350994288921356
JPM,xgboost,3,2024-01-25,0,0,0.6901724934577942,0.16835477948188782,0.16835477948188782,0.5218177139759064
JPM,xgboost,3,2024-01-26,0,0,0.6830670237541199,0.11281883716583252,0.2041141390800476,0.47895288467407227
JPM,xgboost,3,2024-01-29,0,0,0.749869167804718,0.09579705446958542,0.15433381497859955,0.5955353528261185
JPM,xgboost,3,2024-01-30,0,0,0.7065107226371765,0.2380412220954895,0.2380412220954895,0.468469500541687
JPM,xgboost,3,2024-01-31,0,0,0.5970239043235779,0.23017354309558868,0.23017354309558868,0.3668503612279892
JPM,xgboost,3,2024-02-01,0,0,0.8499852418899536,0.0560728944838047,0.09394188970327377,0.7560433521866798
JPM,xgboost,3,2024-02-02,0,0,0.6922552585601807,0.09960416704416275,0.20814061164855957,0.4841146469116211
JPM,xgboost,3,2024-02-05,0,0,0.8177601099014282,0.07359904050827026,0.10864080488681793,0.7091193050146103
JPM,xgboost,3,2024-02-06,0,0,0.7694261074066162,0.07303666323423386,0.1575372815132141,0.6118888258934021
JPM,xgboost,3,2024-02-07,0,0,0.8707254528999329,0.051935479044914246,0.07733909040689468,0.7933863624930382
JPM,xgboost,3,2024-02-08,1,0,0.8545112013816833,0.040680985897779465,0.10480785369873047,0.7497033476829529
JPM,xgboost,3,2024-02-09,1,0,0.7413209676742554,0.06210082769393921,0.19657815992832184,0.5447428077459335
JPM,xgboost,3,2024-02-12,1,0,0.7988488078117371,0.03287545219063759,0.16827580332756042,0.6305730044841766
JPM,xgboost,3,2024-02-13,1,0,0.5543501377105713,0.19824306666851044,0.24740678071975708,0.3069433569908142
JPM,xgboost,3,2024-02-14,1,0,0.7885052561759949,0.017308730632066727,0.1941860020160675,0.5943192541599274
JPM,xgboost,3,2024-02-15,1,0,0.8940790295600891,0.03123910166323185,0.07468189299106598,0.8193971365690231
JPM,xgboost,3,2024-02-16,1,0,0.8796258568763733,0.05638871341943741,0.0639854148030281,0.8156404420733452
JPM,xgboost,3,2024-02-20,1,0,0.9195594191551208,0.023822864517569542,0.05661773309111595,0.8629416860640049
JPM,xgboost,3,2024-02-21,0,0,0.7549238801002502,0.030945071950554848,0.21413099765777588,0.5407928824424744
JPM,xgboost,3,2024-02-22,0,0,0.6676331162452698,0.08125735819339752,0.2511094808578491,0.41652363538742065
JPM,xgboost,3,2024-02-23,0,0,0.7621399164199829,0.10115335881710052,0.13670669496059418,0.6254332214593887
JPM,xgboost,3,2024-02-26,0,0,0.7739516496658325,0.08868414163589478,0.1373641937971115,0.636587455868721
JPM,xgboost,3,2024-02-27,1,0,0.9331050515174866,0.028461555019021034,0.03843332827091217,0.8946717232465744
JPM,xgboost,3,2024-02-28,1,0,0.682471752166748,0.18238000571727753,0.18238000571727753,0.5000917464494705
JPM,xgboost,3,2024-02-29,0,0,0.5909241437911987,0.14249536395072937,0.2665805220603943,0.32434362173080444
JPM,xgboost,3,2024-03-01,0,0,0.8571211695671082,0.06062746420502663,0.0822513997554779,0.7748697698116302
JPM,xgboost,3,2024-03-04,0,0,0.8266486525535583,0.08773790299892426,0.08773790299892426,0.7389107495546341
JPM,xgboost,3,2024-03-05,0,0,0.6573237180709839,0.1823401004076004,0.1823401004076004,0.4749836176633835
JPM,xgboost,3,2024-03-06,0,0,0.7321030497550964,0.060799941420555115,0.20709705352783203,0.5250059962272644
JPM,xgboost,3,2024-03-07,0,0,0.5792274475097656,0.13628055155277252,0.28449198603630066,0.29473546147346497
JPM,xgboost,3,2024-03-08,0,-1,0.708938717842102,0.06811440736055374,0.22294685244560242,0.48599186539649963
JPM,xgboost,3,2024-03-11,1,-1,0.6462597250938416,0.036589693278074265,0.3171505331993103,0.32910919189453125
JPM,xgboost,3,2024-03-12,1,-1,0.5985067486763,0.0380074605345726,0.36348578333854675,0.2350209653377533
JPM,xgboost,3,2024-03-13,1,-1,0.6190669536590576,0.05254684388637543,0.32838618755340576,0.29068076610565186
JPM,xgboost,3,2024-03-14,1,0,0.7231125235557556,0.06084396690130234,0.21604347229003906,0.5070690512657166
JPM,xgboost,3,2024-03-15,1,0,0.8155651688575745,0.12778784334659576,0.12778784334659576,0.6877773255109787
JPM,xgboost,3,2024-03-18,0,0,0.7501294016838074,0.11272954940795898,0.13714103400707245,0.6129883676767349
JPM,xgboost,3,2024-03-19,0,0,0.8542166948318481,0.034611333161592484,0.11117194592952728,0.7430447489023209
JPM,xgboost,3,2024-03-20,0,0,0.8056069016456604,0.07878926396369934,0.11560389399528503,0.6900030076503754
JPM,xgboost,3,2024-03-21,0,0,0.6933431029319763,0.11752258241176605,0.18913431465625763,0.5042087882757187
JPM,xgboost,3,2024-03-22,0,-1,0.3797125816345215,0.24814970791339874,0.3721376955509186,0.007574886083602905
JPM,xgboost,3,2024-03-25,1,0,0.7430264949798584,0.16323141753673553,0.16323141753673553,0.5797950774431229
JPM,xgboost,3,2024-03-26,0,0,0.7521408200263977,0.07344236224889755,0.17441678047180176,0.577724039554596
JPM,xgboost,3,2024-03-27,0,0,0.6456608176231384,0.14877797663211823,0.20556119084358215,0.4400996267795563
JPM,xgboost,3,2024-03-28,0,0,0.46342772245407104,0.23999056220054626,0.2965816855430603,0.16684603691101074
JPM,xgboost,3,2024-04-01,0,0,0.44389599561691284,0.16166667640209198,0.3944372832775116,0.049458712339401245
JPM,xgboost,3,2024-04-02,0,0,0.5592027902603149,0.2690370976924896,0.2690370976924896,0.2901656925678253
JPM,xgboost,3,2024-04-03,0,0,0.7101700305938721,0.16501055657863617,0.16501055657863617,0.5451594740152359
JPM,xgboost,3,2024-04-04,0,0,0.6710501313209534,0.20457424223423004,0.20457424223423004,0.4664758890867233
JPM,xgboost,3,2024-04-05,-1,0,0.6278197765350342,0.1509089320898056,0.22127127647399902,0.40654850006103516
JPM,xgboost,3,2024-04-08,-1,0,0.7461800575256348,0.09413444995880127,0.1596854329109192,0.5864946246147156
JPM,xgboost,3,2024-04-09,-1,0,0.9024677276611328,0.05400644242763519,0.05400644242763519,0.8484612852334976
JPM,xgboost,3,2024-04-10,-1,0,0.5504882335662842,0.28941982984542847,0.28941982984542847,0.2610684037208557
JPM,xgboost,3,2024-04-11,-1,0,0.4715231955051422,0.20251236855983734,0.32596442103385925,0.14555877447128296
JPM,xgboost,3,2024-04-12,0,-1,0.6330881118774414,0.12521518766880035,0.24169668555259705,0.39139142632484436
JPM,xgboost,3,2024-04-15,1,0,0.629019021987915,0.09697390347719193,0.27400708198547363,0.3550119400024414
JPM,xgboost,3,2024-04-16,1,0,0.8337355852127075,0.04469725862145424,0.12156713753938675,0.7121684476733208
JPM,xgboost,3,2024-04-17,1,0,0.8249956965446472,0.0703149288892746,0.10468943417072296,0.7203062623739243
JPM,xgboost,3,2024-04-18,1,0,0.6731853485107422,0.13979680836200714,0.18701782822608948,0.4861675202846527
JPM,xgboost,3,2024-04-19,1,0,0.6020871996879578,0.17341087758541107,0.22450193762779236,0.3775852620601654
JPM,xgboost,3,2024-04-22,1,0,0.4306337535381317,0.3544193208217621,0.3544193208217621,0.07621443271636963
JPM,xgboost,3,2024-04-23,0,1,0.46775004267692566,0.46775004267692566,0.3683316111564636,0.09941843152046204
JPM,xgboost,3,2024-04-24,0,0,0.5628206133842468,0.30014359951019287,0.30014359951019287,0.26267701387405396
JPM,xgboost,3,2024-04-25,0,-1,0.4190290570259094,0.2016686201095581,0.3793022930622101,0.03972676396369934
JPM,xgboost,3,2024-04-26,0,-1,0.6861667037010193,0.039652541279792786,0.2741807699203491,0.41198593378067017
JPM,xgboost,3,2024-04-29,0,-1,0.7421550154685974,0.028415149077773094,0.22942984104156494,0.5127251744270325
JPM,xgboost,3,2024-04-30,0,-1,0.8184380531311035,0.02710111066699028,0.1544608324766159,0.6639772206544876
JPM,xgboost,3,2024-05-01,0,-1,0.8397442698478699,0.016339775174856186,0.14391590654850006,0.6958283632993698
JPM,xgboost,3,2024-05-02,1,-1,0.6521275639533997,0.019616395235061646,0.3282560408115387,0.32387152314186096
JPM,xgboost,3,2024-05-03,1,-1,0.6224557161331177,0.0180229339748621,0.35952138900756836,0.2629343271255493
JPM,xgboost,3,2024-05-06,1,-1,0.872391402721405,0.005759903229773045,0.12184862792491913,0.7505427747964859
JPM,xgboost,3,2024-05-07,1,0,0.5163518786430359,0.01314777135848999,0.47050032019615173,0.045851558446884155
JPM,xgboost,3,2024-05-08,1,-1,0.855995237827301,0.007544634863734245,0.13646014034748077,0.7195350974798203
JPM,xgboost,3,2024-05-09,1,-1,0.7228254079818726,0.024003999307751656,0.25317057967185974,0.4696548283100128
JPM,xgboost,3,2024-05-10,1,-1,0.5123995542526245,0.011688129045069218,0.47591230273246765,0.03648725152015686
JPM,xgboost,3,2024-05-13,0,-1,0.7539832592010498,0.014391307719051838,0.23162546753883362,0.5223577916622162
JPM,xgboost,3,2024-05-14,0,0,0.5898261666297913,0.024098757654428482,0.38607507944107056,0.2037510871887207
JPM,xgboost,3,2024-05-15,0,-1,0.7191654443740845,0.016315048560500145,0.2645195722579956,0.45464587211608887
JPM,xgboost,3,2024-05-16,-1,-1,0.7248445749282837,0.017208514735102654,0.2579469382762909,0.4668976366519928
JPM,xgboost,3,2024-05-17,0,0,0.6011431217193604,0.021402694284915924,0.3774541914463043,0.22368893027305603
JPM,xgboost,3,2024-05-20,1,-1,0.560768723487854,0.12161047011613846,0.31762081384658813,0.24314790964126587
JPM,xgboost,3,2024-05-21,0,0,0.7823441028594971,0.026641687378287315,0.19101420044898987,0.5913299024105072
JPM,xgboost,3,2024-05-22,0,0,0.7488486766815186,0.04280637949705124,0.208344966173172,0.5405037105083466
