ticker,model,fold,date,y_true,y_pred,confidence,bullish_probability,second_best_probability,probability_margin
MSFT,calibrated_hist_gradient_boosting,1,2019-10-03,1,1,0.4400965215410941,0.4400965215410941,0.32310002840254815,0.11699649313854593
MSFT,calibrated_hist_gradient_boosting,1,2019-10-04,0,1,0.4426884303841619,0.4426884303841619,0.31161245483263383,0.13107597555152806
MSFT,calibrated_hist_gradient_boosting,1,2019-10-07,0,1,0.43564260970023055,0.43564260970023055,0.3243014083430364,0.11134120135719416
MSFT,calibrated_hist_gradient_boosting,1,2019-10-08,1,1,0.4318149215276517,0.4318149215276517,0.3386565788261229,0.09315834270152884
MSFT,calibrated_hist_gradient_boosting,1,2019-10-09,0,1,0.3759283749917048,0.3759283749917048,0.3640485448033872,0.011879830188317564
MSFT,calibrated_hist_gradient_boosting,1,2019-10-10,0,1,0.37413652801919556,0.37413652801919556,0.35582054355808995,0.018315984461105606
MSFT,calibrated_hist_gradient_boosting,1,2019-10-11,0,1,0.4084684385742782,0.4084684385742782,0.3448115736735915,0.06365686490068673
MSFT,calibrated_hist_gradient_boosting,1,2019-10-14,0,1,0.40580567513614896,0.40580567513614896,0.3472193944241826,0.058586280711966365
MSFT,calibrated_hist_gradient_boosting,1,2019-10-15,-1,0,0.3634594242601623,0.34663227168384664,0.34663227168384664,0.016827152576315674
MSFT,calibrated_hist_gradient_boosting,1,2019-10-16,-1,1,0.45020888778923335,0.45020888778923335,0.33377336183980394,0.11643552594942941
MSFT,calibrated_hist_gradient_boosting,1,2019-10-17,0,1,0.47471476481493907,0.47471476481493907,0.31885830426845035,0.15585646054648872
MSFT,calibrated_hist_gradient_boosting,1,2019-10-18,1,1,0.4422889086116173,0.4422889086116173,0.31123696763096187,0.13105194098065542
MSFT,calibrated_hist_gradient_boosting,1,2019-10-21,1,1,0.43560548557023454,0.43560548557023454,0.32321635262423937,0.11238913294599517
MSFT,calibrated_hist_gradient_boosting,1,2019-10-22,1,1,0.45100490013108296,0.45100490013108296,0.3209507695324167,0.13005413059866627
MSFT,calibrated_hist_gradient_boosting,1,2019-10-23,1,1,0.4292009714747215,0.4292009714747215,0.32372089356731465,0.10548007790740688
MSFT,calibrated_hist_gradient_boosting,1,2019-10-24,1,1,0.4356598248408005,0.4356598248408005,0.3266003030987032,0.10905952174209732
MSFT,calibrated_hist_gradient_boosting,1,2019-10-25,1,1,0.42973582546827754,0.42973582546827754,0.336534202875296,0.09320162259298154
MSFT,calibrated_hist_gradient_boosting,1,2019-10-28,0,0,0.3745310126482411,0.3310682327931415,0.3310682327931415,0.04346277985509961
MSFT,calibrated_hist_gradient_boosting,1,2019-10-29,0,1,0.4070431339564249,0.4070431339564249,0.3405951489024373,0.06644798505398758
MSFT,calibrated_hist_gradient_boosting,1,2019-10-30,0,0,0.37915537320718645,0.3098378934986087,0.31100673329420486,0.06814863991298159
MSFT,calibrated_hist_gradient_boosting,1,2019-10-31,0,1,0.3844233906619832,0.3844233906619832,0.35278497043240514,0.03163842022957808
MSFT,calibrated_hist_gradient_boosting,1,2019-11-01,0,1,0.4408897683039891,0.4408897683039891,0.3332717222287815,0.10761804607520764
MSFT,calibrated_hist_gradient_boosting,1,2019-11-04,0,0,0.3749301543740409,0.33875143131613084,0.33875143131613084,0.03617872305791009
MSFT,calibrated_hist_gradient_boosting,1,2019-11-05,0,1,0.3955046547351218,0.3955046547351218,0.3445078938260349,0.05099676090908689
MSFT,calibrated_hist_gradient_boosting,1,2019-11-06,1,1,0.45330957249444603,0.45330957249444603,0.3153576476562661,0.13795192483817992
MSFT,calibrated_hist_gradient_boosting,1,2019-11-07,1,1,0.45309279403566477,0.45309279403566477,0.3245771572061649,0.12851563682949985
MSFT,calibrated_hist_gradient_boosting,1,2019-11-08,1,1,0.38220398091938357,0.38220398091938357,0.345851007772165,0.03635297314721858
MSFT,calibrated_hist_gradient_boosting,1,2019-11-11,1,0,0.35889761348874677,0.3531134405049174,0.3531134405049174,0.005784172983829383
MSFT,calibrated_hist_gradient_boosting,1,2019-11-12,1,0,0.3709931360299699,0.33396978393133336,0.33396978393133336,0.03702335209863655
MSFT,calibrated_hist_gradient_boosting,1,2019-11-13,0,0,0.3573236013988985,0.3481833102216254,0.3481833102216254,0.009140291177273108
MSFT,calibrated_hist_gradient_boosting,1,2019-11-14,0,0,0.36989164248816636,0.3492106404531082,0.3492106404531082,0.020681002035058182
MSFT,calibrated_hist_gradient_boosting,1,2019-11-15,0,0,0.40121772649381865,0.30389368183031445,0.30389368183031445,0.0973240446635042
MSFT,calibrated_hist_gradient_boosting,1,2019-11-18,0,0,0.3877008314312347,0.318433380061688,0.318433380061688,0.0692674513695467
MSFT,calibrated_hist_gradient_boosting,1,2019-11-19,0,0,0.40543137132309903,0.31022086102753516,0.31022086102753516,0.09521051029556388
MSFT,calibrated_hist_gradient_boosting,1,2019-11-20,0,0,0.3799886680036064,0.3531527201968185,0.3531527201968185,0.02683594780678794
MSFT,calibrated_hist_gradient_boosting,1,2019-11-21,0,1,0.3788647888076797,0.3788647888076797,0.36678634633788104,0.012078442469798667
MSFT,calibrated_hist_gradient_boosting,1,2019-11-22,0,0,0.38778588638347505,0.3534334170203728,0.3534334170203728,0.03435246936310227
MSFT,calibrated_hist_gradient_boosting,1,2019-11-25,0,0,0.3732820493635704,0.32317733535004206,0.32317733535004206,0.05010471401352834
MSFT,calibrated_hist_gradient_boosting,1,2019-11-26,0,0,0.377394927814263,0.33296627590941613,0.33296627590941613,0.04442865190484685
MSFT,calibrated_hist_gradient_boosting,1,2019-11-27,0,0,0.36405345189848975,0.35679896193931954,0.35679896193931954,0.007254489959170218
MSFT,calibrated_hist_gradient_boosting,1,2019-11-29,0,1,0.41789405079042247,0.41789405079042247,0.35368585765356836,0.06420819313685411
MSFT,calibrated_hist_gradient_boosting,1,2019-12-02,0,1,0.3877209689966297,0.3877209689966297,0.3654913741239368,0.022229594872692937
MSFT,calibrated_hist_gradient_boosting,1,2019-12-03,0,1,0.3903998116462269,0.3903998116462269,0.3575738607193719,0.032825950926854974
MSFT,calibrated_hist_gradient_boosting,1,2019-12-04,0,0,0.3744338681649599,0.3644005889625395,0.3644005889625395,0.010033279202420364
MSFT,calibrated_hist_gradient_boosting,1,2019-12-05,1,1,0.3862660625472461,0.3862660625472461,0.36914955234243,0.017116510204816082
MSFT,calibrated_hist_gradient_boosting,1,2019-12-06,0,0,0.39005909838166697,0.332098703464154,0.332098703464154,0.05796039491751298
MSFT,calibrated_hist_gradient_boosting,1,2019-12-09,1,1,0.42436845058840317,0.42436845058840317,0.3461695910670908,0.07819885952131239
MSFT,calibrated_hist_gradient_boosting,1,2019-12-10,1,1,0.3852505530921606,0.3852505530921606,0.36850054212483263,0.016750010967327977
MSFT,calibrated_hist_gradient_boosting,1,2019-12-11,0,0,0.38597714095864255,0.35165757443782325,0.35165757443782325,0.0343195665208193
MSFT,calibrated_hist_gradient_boosting,1,2019-12-12,0,1,0.3798713898904031,0.3798713898904031,0.36503009647876133,0.014841293411641754
MSFT,calibrated_hist_gradient_boosting,1,2019-12-13,0,0,0.37810011569795515,0.36173462411759544,0.36173462411759544,0.016365491580359715
MSFT,calibrated_hist_gradient_boosting,1,2019-12-16,0,0,0.3959946968285992,0.32798728674920946,0.32798728674920946,0.06800741007938976
MSFT,calibrated_hist_gradient_boosting,1,2019-12-17,0,1,0.42210159535941666,0.42210159535941666,0.36216661699219643,0.059934978367220226
MSFT,calibrated_hist_gradient_boosting,1,2019-12-18,1,1,0.4065893316182427,0.4065893316182427,0.3745619824525431,0.0320273491656996
MSFT,calibrated_hist_gradient_boosting,1,2019-12-19,1,1,0.38180795616913193,0.38180795616913193,0.37144114705610304,0.010366809113028896
MSFT,calibrated_hist_gradient_boosting,1,2019-12-20,0,0,0.3804305584892374,0.32677358353621305,0.32677358353621305,0.05365697495302435
MSFT,calibrated_hist_gradient_boosting,1,2019-12-23,0,0,0.38534437316567166,0.33865913834200195,0.33865913834200195,0.04668523482366971
MSFT,calibrated_hist_gradient_boosting,1,2019-12-24,1,0,0.37718379850673367,0.35474874478240953,0.35474874478240953,0.02243505372432414
MSFT,calibrated_hist_gradient_boosting,1,2019-12-26,0,0,0.3620303614815383,0.3539874261796634,0.3539874261796634,0.008042935301874887
MSFT,calibrated_hist_gradient_boosting,1,2019-12-27,0,0,0.3785515945437819,0.34999368544716586,0.34999368544716586,0.02855790909661604
MSFT,calibrated_hist_gradient_boosting,1,2019-12-30,0,0,0.3869169551819452,0.36415823008512493,0.36415823008512493,0.022758725096820254
MSFT,calibrated_hist_gradient_boosting,1,2019-12-31,0,1,0.3885557185751054,0.3885557185751054,0.3591269731661799,0.029428745408925483
MSFT,calibrated_hist_gradient_boosting,1,2020-01-02,0,0,0.3739187823879657,0.3389701002603395,0.3389701002603395,0.034948682127626196
MSFT,calibrated_hist_gradient_boosting,1,2020-01-03,0,1,0.4067839610962401,0.4067839610962401,0.3615748835746378,0.0452090775216023
MSFT,calibrated_hist_gradient_boosting,1,2020-01-06,1,1,0.4068487477626314,0.4068487477626314,0.3546963684294637,0.05215237933316769
MSFT,calibrated_hist_gradient_boosting,1,2020-01-07,1,1,0.3866015257795516,0.3866015257795516,0.3694373537221704,0.01716417205738119
MSFT,calibrated_hist_gradient_boosting,1,2020-01-08,0,0,0.3774034152617449,0.34628724816387546,0.34628724816387546,0.031116167097869463
MSFT,calibrated_hist_gradient_boosting,1,2020-01-09,1,0,0.3952192340047813,0.2970244232593533,0.3077563427358654,0.08746289126891593
MSFT,calibrated_hist_gradient_boosting,1,2020-01-10,1,0,0.3847021932295809,0.34598185988510993,0.34598185988510993,0.03872033334447095
MSFT,calibrated_hist_gradient_boosting,1,2020-01-13,0,0,0.3772806739466558,0.3144861616818817,0.3144861616818817,0.06279451226477412
MSFT,calibrated_hist_gradient_boosting,1,2020-01-14,1,1,0.3730927537605091,0.3730927537605091,0.3697974302061109,0.0032953235543982107
MSFT,calibrated_hist_gradient_boosting,1,2020-01-15,1,0,0.3789164230633301,0.335917749760447,0.335917749760447,0.042998673302883095
MSFT,calibrated_hist_gradient_boosting,1,2020-01-16,0,0,0.3757201239221509,0.31772489675833976,0.31772489675833976,0.057995227163811114
MSFT,calibrated_hist_gradient_boosting,1,2020-01-17,-1,0,0.3879215290358639,0.3103361467059349,0.3103361467059349,0.07758538232992901
MSFT,calibrated_hist_gradient_boosting,1,2020-01-21,0,1,0.3873907434778119,0.3873907434778119,0.3475166191219838,0.0398741243558281
MSFT,calibrated_hist_gradient_boosting,1,2020-01-22,0,0,0.3885416544187821,0.34656498882404535,0.34656498882404535,0.04197666559473673
MSFT,calibrated_hist_gradient_boosting,1,2020-01-23,1,0,0.37175588863356296,0.34070635963429147,0.34070635963429147,0.031049528999271492
MSFT,calibrated_hist_gradient_boosting,1,2020-01-24,1,0,0.3838706030659346,0.3504591082009083,0.3504591082009083,0.033411494865026314
MSFT,calibrated_hist_gradient_boosting,1,2020-01-27,1,1,0.40870992802504635,0.40870992802504635,0.3519939473972625,0.05671598062778388
MSFT,calibrated_hist_gradient_boosting,1,2020-01-28,1,0,0.3771188813365785,0.3500837549836311,0.3500837549836311,0.027035126352947414
MSFT,calibrated_hist_gradient_boosting,1,2020-01-29,1,0,0.37317075656708987,0.32282752992367963,0.32282752992367963,0.05034322664341023
MSFT,calibrated_hist_gradient_boosting,1,2020-01-30,1,0,0.3755570720481421,0.32441909817884085,0.32441909817884085,0.051137973869301245
MSFT,calibrated_hist_gradient_boosting,1,2020-01-31,1,1,0.38830806920653277,0.38830806920653277,0.3472076027060908,0.04110046650044197
MSFT,calibrated_hist_gradient_boosting,1,2020-02-03,1,1,0.3693205973982206,0.3693205973982206,0.35489690121164347,0.014423696186577128
MSFT,calibrated_hist_gradient_boosting,1,2020-02-04,1,0,0.3769355805194268,0.3384959647171639,0.3384959647171639,0.038439615802262905
MSFT,calibrated_hist_gradient_boosting,1,2020-02-05,1,0,0.37094792247773034,0.36189502834142995,0.36189502834142995,0.009052894136300393
MSFT,calibrated_hist_gradient_boosting,1,2020-02-06,0,0,0.3762545652979017,0.34038753903974556,0.34038753903974556,0.03586702625815613
MSFT,calibrated_hist_gradient_boosting,1,2020-02-07,0,1,0.3684349047033349,0.3684349047033349,0.36060411561149747,0.007830789091837431
MSFT,calibrated_hist_gradient_boosting,1,2020-02-10,0,0,0.35441917337279333,0.35243245770210646,0.35243245770210646,0.001986715670686867
MSFT,calibrated_hist_gradient_boosting,1,2020-02-11,0,1,0.40987825477074663,0.40987825477074663,0.3639279630791128,0.04595029169163384
MSFT,calibrated_hist_gradient_boosting,1,2020-02-12,0,1,0.4097093489477464,0.4097093489477464,0.36126517098449745,0.04844417796324896
MSFT,calibrated_hist_gradient_boosting,1,2020-02-13,-1,1,0.43017974892956823,0.43017974892956823,0.34764873121023787,0.08253101771933036
MSFT,calibrated_hist_gradient_boosting,1,2020-02-14,-1,1,0.4028835187683348,0.4028835187683348,0.35363586771733474,0.04924765105100004
MSFT,calibrated_hist_gradient_boosting,1,2020-02-18,-1,0,0.3642420026018058,0.335714408363365,0.335714408363365,0.028527594238440757
MSFT,calibrated_hist_gradient_boosting,1,2020-02-19,-1,0,0.38288916702171627,0.3371310554616673,0.3371310554616673,0.045758111560049
MSFT,calibrated_hist_gradient_boosting,1,2020-02-20,-1,1,0.4326293267709645,0.4326293267709645,0.3439324024525267,0.08869692431843779
MSFT,calibrated_hist_gradient_boosting,1,2020-02-21,-1,1,0.4213860851858496,0.4213860851858496,0.3543991254361389,0.0669869597497107
MSFT,calibrated_hist_gradient_boosting,1,2020-02-24,0,1,0.4355353268683086,0.4355353268683086,0.3375014634770574,0.0980338633912512
MSFT,calibrated_hist_gradient_boosting,1,2020-02-25,-1,1,0.40960336647256024,0.40960336647256024,0.3531619208537193,0.05644144561884096
MSFT,calibrated_hist_gradient_boosting,1,2020-02-26,0,1,0.40939872313060194,0.40939872313060194,0.34107704445457837,0.06832167867602357
MSFT,calibrated_hist_gradient_boosting,1,2020-02-27,1,1,0.449731393662173,0.449731393662173,0.3224234495983629,0.12730794406381013
MSFT,calibrated_hist_gradient_boosting,1,2020-02-28,0,1,0.4404925181061903,0.4404925181061903,0.3228710740415535,0.11762144406463676
MSFT,calibrated_hist_gradient_boosting,1,2020-03-02,-1,1,0.38419187990844345,0.38419187990844345,0.3454827197483476,0.038709160160095846
MSFT,calibrated_hist_gradient_boosting,1,2020-03-03,-1,1,0.4363425259513097,0.4363425259513097,0.34697602011028056,0.08936650584102912
MSFT,calibrated_hist_gradient_boosting,1,2020-03-04,-1,1,0.4569358644482431,0.4569358644482431,0.31184527086287056,0.14509059358537252
MSFT,calibrated_hist_gradient_boosting,1,2020-03-05,-1,1,0.43147569923738954,0.43147569923738954,0.34036669742042397,0.09110900181696557
MSFT,calibrated_hist_gradient_boosting,1,2020-03-06,0,1,0.4709586882685248,0.4709586882685248,0.3115733456238889,0.15938534264463594
MSFT,calibrated_hist_gradient_boosting,1,2020-03-09,-1,1,0.45501569885834114,0.45501569885834114,0.3243122889080025,0.13070340995033863
MSFT,calibrated_hist_gradient_boosting,1,2020-03-10,-1,1,0.45875230547577667,0.45875230547577667,0.31672305016920155,0.14202925530657512
MSFT,calibrated_hist_gradient_boosting,1,2020-03-11,-1,1,0.42747003960738833,0.42747003960738833,0.3386165143814055,0.08885352522598283
MSFT,calibrated_hist_gradient_boosting,1,2020-03-12,1,1,0.4373921119559237,0.4373921119559237,0.3282200964784901,0.1091720154774336
MSFT,calibrated_hist_gradient_boosting,1,2020-03-13,-1,1,0.3875847501220837,0.3875847501220837,0.3511730329605612,0.03641171716152253
MSFT,calibrated_hist_gradient_boosting,1,2020-03-16,0,1,0.4402187181222735,0.4402187181222735,0.33265913440934197,0.1075595837129315
MSFT,calibrated_hist_gradient_boosting,1,2020-03-17,0,1,0.43926867268735625,0.43926867268735625,0.3299441568313533,0.10932451585600295
MSFT,calibrated_hist_gradient_boosting,1,2020-03-18,1,1,0.4367108656474194,0.4367108656474194,0.3343585652361576,0.10235230041126181
MSFT,calibrated_hist_gradient_boosting,1,2020-03-19,1,1,0.44357754835833285,0.44357754835833285,0.33297955413809555,0.1105979942202373
MSFT,calibrated_hist_gradient_boosting,1,2020-03-20,1,1,0.42218024636535656,0.42218024636535656,0.34745198669662436,0.0747282596687322
MSFT,calibrated_hist_gradient_boosting,1,2020-03-23,1,1,0.44260925837552945,0.44260925837552945,0.33145314119349206,0.11115611718203738
MSFT,calibrated_hist_gradient_boosting,1,2020-03-24,1,1,0.4031730154941299,0.4031730154941299,0.3430934439954186,0.06007957149871135
MSFT,calibrated_hist_gradient_boosting,1,2020-03-25,1,1,0.3961337896292653,0.3961337896292653,0.35095367804959005,0.045180111579675275
MSFT,calibrated_hist_gradient_boosting,1,2020-03-26,0,1,0.38050376532747743,0.38050376532747743,0.3734114334732017,0.007092331854275713
MSFT,calibrated_hist_gradient_boosting,1,2020-03-27,1,1,0.4105805341754383,0.4105805341754383,0.3492464492315892,0.06133408494384912
MSFT,calibrated_hist_gradient_boosting,1,2020-03-30,1,1,0.3927662699899892,0.3927662699899892,0.3592750058230186,0.033491264166970625
MSFT,calibrated_hist_gradient_boosting,1,2020-03-31,1,1,0.4093576863633759,0.4093576863633759,0.36370292078680727,0.04565476557656861
MSFT,calibrated_hist_gradient_boosting,1,2020-04-01,1,1,0.4522316229477159,0.4522316229477159,0.3532058738667065,0.09902574908100942
MSFT,calibrated_hist_gradient_boosting,1,2020-04-02,1,1,0.42479994562789786,0.42479994562789786,0.3476712796251474,0.07712866600275048
MSFT,calibrated_hist_gradient_boosting,1,2020-04-03,1,1,0.437158422061003,0.437158422061003,0.3497851411515091,0.08737328090949392
MSFT,calibrated_hist_gradient_boosting,1,2020-04-06,1,1,0.37665947696470736,0.37665947696470736,0.35392279580235314,0.022736681162354222
MSFT,calibrated_hist_gradient_boosting,1,2020-04-07,1,1,0.38727337054426886,0.38727337054426886,0.3675484002883196,0.01972497025594927
MSFT,calibrated_hist_gradient_boosting,1,2020-04-08,1,1,0.3933200421616964,0.3933200421616964,0.3426915958505541,0.05062844631114233
MSFT,calibrated_hist_gradient_boosting,1,2020-04-09,1,1,0.39036233591118413,0.39036233591118413,0.3467608326542999,0.04360150325688422
MSFT,calibrated_hist_gradient_boosting,1,2020-04-13,1,1,0.4633857969725865,0.4633857969725865,0.3262336214854061,0.1371521754871804
MSFT,calibrated_hist_gradient_boosting,1,2020-04-14,-1,1,0.36273454856142395,0.36273454856142395,0.358507984776004,0.004226563785419968
MSFT,calibrated_hist_gradient_boosting,1,2020-04-15,0,1,0.398472584983339,0.398472584983339,0.3573012401991404,0.041171344784198594
MSFT,calibrated_hist_gradient_boosting,1,2020-04-16,-1,1,0.367521516759813,0.367521516759813,0.3567644895506978,0.0107570272091152
MSFT,calibrated_hist_gradient_boosting,1,2020-04-17,-1,1,0.38005915338451984,0.38005915338451984,0.3537701595947027,0.02628899378981714
MSFT,calibrated_hist_gradient_boosting,1,2020-04-20,0,1,0.4501899205305609,0.4501899205305609,0.3441271045634163,0.10606281596714462
MSFT,calibrated_hist_gradient_boosting,1,2020-04-21,0,1,0.4444744522918307,0.4444744522918307,0.3378801863633918,0.1065942659284389
MSFT,calibrated_hist_gradient_boosting,1,2020-04-22,1,1,0.41439375057876915,0.41439375057876915,0.3434761583457789,0.07091759223299027
MSFT,calibrated_hist_gradient_boosting,1,2020-04-23,1,1,0.4198581356043513,0.4198581356043513,0.33861142282330015,0.08124671278105117
MSFT,calibrated_hist_gradient_boosting,1,2020-04-24,0,1,0.38737523163077986,0.38737523163077986,0.3500182646065418,0.037356967024238075
MSFT,calibrated_hist_gradient_boosting,1,2020-04-27,1,1,0.39054575677459996,0.39054575677459996,0.3493936711799781,0.04115208559462186
MSFT,calibrated_hist_gradient_boosting,1,2020-04-28,1,1,0.4337168414117376,0.4337168414117376,0.3517542856427039,0.08196255576903372
MSFT,calibrated_hist_gradient_boosting,1,2020-04-29,1,1,0.3857010454865686,0.3857010454865686,0.3483577896467369,0.03734325583983167
MSFT,calibrated_hist_gradient_boosting,1,2020-04-30,1,1,0.38186067809639446,0.38186067809639446,0.3620428515868477,0.019817826509546776
MSFT,calibrated_hist_gradient_boosting,1,2020-05-01,1,1,0.43481248386468213,0.43481248386468213,0.35297947723718837,0.08183300662749377
MSFT,calibrated_hist_gradient_boosting,1,2020-05-04,1,0,0.3688708024627431,0.3580818691718272,0.3580818691718272,0.010788933290915903
MSFT,calibrated_hist_gradient_boosting,1,2020-05-05,0,0,0.37674661206453425,0.33894394978063236,0.33894394978063236,0.03780266228390189
MSFT,calibrated_hist_gradient_boosting,1,2020-05-06,0,0,0.39345603739189894,0.3291309996912622,0.3291309996912622,0.06432503770063674
MSFT,calibrated_hist_gradient_boosting,1,2020-05-07,0,0,0.38654479460282926,0.34487160652414345,0.34487160652414345,0.04167318807868581
MSFT,calibrated_hist_gradient_boosting,1,2020-05-08,0,0,0.3848243287357307,0.34814517143998963,0.34814517143998963,0.03667915729574106
MSFT,calibrated_hist_gradient_boosting,1,2020-05-11,0,0,0.3821476777843753,0.3467682121265194,0.3467682121265194,0.03537946565785588
MSFT,calibrated_hist_gradient_boosting,1,2020-05-12,0,1,0.39933919896209485,0.39933919896209485,0.3714315865864712,0.02790761237562367
MSFT,calibrated_hist_gradient_boosting,1,2020-05-13,1,1,0.39240074714846607,0.39240074714846607,0.3739432349288954,0.01845751221957065
MSFT,calibrated_hist_gradient_boosting,1,2020-05-14,0,1,0.42809149527951956,0.42809149527951956,0.34997116766961006,0.0781203276099095
MSFT,calibrated_hist_gradient_boosting,1,2020-05-15,0,1,0.3804705816429898,0.3804705816429898,0.3744165878038313,0.0060539938391585
MSFT,calibrated_hist_gradient_boosting,1,2020-05-18,0,0,0.370034241197706,0.34156471821405754,0.34156471821405754,0.028469522983648465
MSFT,calibrated_hist_gradient_boosting,1,2020-05-19,0,0,0.3796658428740253,0.35525158472839813,0.35525158472839813,0.0244142581456272
MSFT,calibrated_hist_gradient_boosting,1,2020-05-20,-1,0,0.3795441338359882,0.33737528852307785,0.33737528852307785,0.04216884531291032
MSFT,calibrated_hist_gradient_boosting,1,2020-05-21,0,1,0.4208917015988109,0.4208917015988109,0.357178565775155,0.0637131358236559
MSFT,calibrated_hist_gradient_boosting,1,2020-05-22,0,1,0.4134772216495674,0.4134772216495674,0.3492431701485906,0.06423405150097683
MSFT,calibrated_hist_gradient_boosting,1,2020-05-26,0,1,0.4066201669349985,0.4066201669349985,0.347899236378177,0.05872093055682148
MSFT,calibrated_hist_gradient_boosting,1,2020-05-27,0,1,0.3964089233053676,0.3964089233053676,0.35245733913063243,0.04395158417473516
MSFT,calibrated_hist_gradient_boosting,1,2020-05-28,0,1,0.40850162571544885,0.40850162571544885,0.34123136486865513,0.06727026084679372
MSFT,calibrated_hist_gradient_boosting,1,2020-05-29,1,1,0.4137983533671297,0.4137983533671297,0.3627304406711989,0.051067912695930806
MSFT,calibrated_hist_gradient_boosting,1,2020-06-01,1,1,0.4412768799840718,0.4412768799840718,0.32899645406471234,0.11228042591935944
MSFT,calibrated_hist_gradient_boosting,1,2020-06-02,1,1,0.40451526799250165,0.40451526799250165,0.3501046663234974,0.054410601669004244
MSFT,calibrated_hist_gradient_boosting,1,2020-06-03,1,1,0.4476611633644288,0.4476611633644288,0.32778777728210967,0.11987338608231912
MSFT,calibrated_hist_gradient_boosting,1,2020-06-04,0,1,0.45143019908279736,0.45143019908279736,0.32386036658751466,0.1275698324952827
MSFT,calibrated_hist_gradient_boosting,1,2020-06-05,0,1,0.42709772927416106,0.42709772927416106,0.34132655435920806,0.08577117491495301
MSFT,calibrated_hist_gradient_boosting,1,2020-06-08,0,1,0.41684529079854116,0.41684529079854116,0.3519861289238552,0.06485916187468593
MSFT,calibrated_hist_gradient_boosting,1,2020-06-09,0,1,0.4026062102413937,0.4026062102413937,0.3532258231189545,0.049380387122439195
MSFT,calibrated_hist_gradient_boosting,1,2020-06-10,0,1,0.3682832141676573,0.3682832141676573,0.35671738255623636,0.01156583161142094
MSFT,calibrated_hist_gradient_boosting,1,2020-06-11,1,1,0.44874106518105344,0.44874106518105344,0.34093663136860647,0.10780443381244698
MSFT,calibrated_hist_gradient_boosting,1,2020-06-12,1,1,0.4345445804643128,0.4345445804643128,0.35211685429704614,0.08242772616726668
MSFT,calibrated_hist_gradient_boosting,1,2020-06-15,1,1,0.4477602870084408,0.4477602870084408,0.34874561353682454,0.09901467347161624
MSFT,calibrated_hist_gradient_boosting,1,2020-06-16,1,1,0.3800415340942401,0.3800415340942401,0.3559777415727536,0.024063792521486493
MSFT,calibrated_hist_gradient_boosting,1,2020-06-17,0,1,0.3762431398713197,0.3762431398713197,0.3591936876094748,0.0170494522618449
MSFT,calibrated_hist_gradient_boosting,1,2020-06-18,1,0,0.36020970767103305,0.3595275139327678,0.3595275139327678,0.0006821937382652798
MSFT,calibrated_hist_gradient_boosting,1,2020-06-19,0,0,0.3890545295359737,0.341182612902454,0.341182612902454,0.047871916633519696
MSFT,calibrated_hist_gradient_boosting,1,2020-06-22,0,0,0.37451529767950714,0.3422858467558369,0.3422858467558369,0.032229450923670244
MSFT,calibrated_hist_gradient_boosting,1,2020-06-23,0,0,0.38617162929166765,0.32935703531647087,0.32935703531647087,0.05681459397519678
MSFT,calibrated_hist_gradient_boosting,1,2020-06-24,1,1,0.39768336787950154,0.39768336787950154,0.3748477754076498,0.02283559247185174
MSFT,calibrated_hist_gradient_boosting,1,2020-06-25,1,1,0.39017654499618915,0.39017654499618915,0.350765044234302,0.03941150076188715
MSFT,calibrated_hist_gradient_boosting,1,2020-06-26,1,1,0.42244344801864964,0.42244344801864964,0.3446253946108788,0.07781805340777082
MSFT,calibrated_hist_gradient_boosting,1,2020-06-29,1,1,0.42878173981337864,0.42878173981337864,0.33593759094897413,0.09284414886440451
MSFT,calibrated_hist_gradient_boosting,1,2020-06-30,1,1,0.3621356772864652,0.3621356772864652,0.3609382900601326,0.001197387226332558
MSFT,calibrated_hist_gradient_boosting,1,2020-07-01,1,1,0.3935177770415728,0.3935177770415728,0.35390439168682786,0.03961338535474496
MSFT,calibrated_hist_gradient_boosting,1,2020-07-02,1,0,0.36221792779752054,0.33502014078888925,0.33502014078888925,0.02719778700863129
MSFT,calibrated_hist_gradient_boosting,1,2020-07-06,0,0,0.3845480986094672,0.33037321955769366,0.33037321955769366,0.05417487905177354
MSFT,calibrated_hist_gradient_boosting,1,2020-07-07,0,1,0.3980058321616324,0.3980058321616324,0.35048951134661116,0.04751632081502122
MSFT,calibrated_hist_gradient_boosting,1,2020-07-08,-1,0,0.3772270151511142,0.33926006222472993,0.33926006222472993,0.037966952926384245
MSFT,calibrated_hist_gradient_boosting,1,2020-07-09,-1,0,0.3861598849373891,0.3176284503746086,0.3176284503746086,0.06853143456278055
MSFT,calibrated_hist_gradient_boosting,1,2020-07-10,-1,1,0.388347957205957,0.388347957205957,0.35743524470049337,0.030912712505463624
MSFT,calibrated_hist_gradient_boosting,1,2020-07-13,1,1,0.38649115364354075,0.38649115364354075,0.3738272019574098,0.012663951686130936
MSFT,calibrated_hist_gradient_boosting,1,2020-07-14,0,1,0.4126140266070173,0.4126140266070173,0.3552645780207498,0.057349448586267504
MSFT,calibrated_hist_gradient_boosting,1,2020-07-15,0,0,0.3709639631618857,0.3676859238560531,0.3676859238560531,0.003278039305832592
MSFT,calibrated_hist_gradient_boosting,1,2020-07-16,0,1,0.4140864494753033,0.4140864494753033,0.3496820615684515,0.06440438790685182
MSFT,calibrated_hist_gradient_boosting,1,2020-07-17,0,1,0.42503518785544103,0.42503518785544103,0.3447314913997326,0.08030369645570845
MSFT,calibrated_hist_gradient_boosting,1,2020-07-20,-1,0,0.3884144890277807,0.33225076675755155,0.33225076675755155,0.056163722270229144
MSFT,calibrated_hist_gradient_boosting,1,2020-07-21,-1,1,0.4315265996456554,0.4315265996456554,0.3593051978858857,0.07222140175976965
MSFT,calibrated_hist_gradient_boosting,1,2020-07-22,-1,1,0.3795037397387569,0.3795037397387569,0.358770561333303,0.02073317840545391
MSFT,calibrated_hist_gradient_boosting,1,2020-07-23,0,1,0.4524029886136689,0.4524029886136689,0.3278398180402149,0.12456317057345401
MSFT,calibrated_hist_gradient_boosting,1,2020-07-24,0,1,0.4463034928328751,0.4463034928328751,0.32121816612581894,0.1250853267070562
MSFT,calibrated_hist_gradient_boosting,1,2020-07-27,1,1,0.4097153339304123,0.4097153339304123,0.34611506672307124,0.06360026720734108
MSFT,calibrated_hist_gradient_boosting,1,2020-07-28,1,1,0.4642756762537574,0.4642756762537574,0.32548902767629595,0.13878664857746142
MSFT,calibrated_hist_gradient_boosting,1,2020-07-29,1,1,0.45701244727953433,0.45701244727953433,0.3218913369731416,0.13512111030639273
MSFT,calibrated_hist_gradient_boosting,1,2020-07-30,1,1,0.4715861091141886,0.4715861091141886,0.31720406444369104,0.15438204467049754
MSFT,calibrated_hist_gradient_boosting,1,2020-07-31,1,1,0.48828204018144533,0.48828204018144533,0.31046538494476783,0.1778166552366775
MSFT,calibrated_hist_gradient_boosting,1,2020-08-03,-1,1,0.38139550199636923,0.38139550199636923,0.37173854936663303,0.009656952629736204
MSFT,calibrated_hist_gradient_boosting,1,2020-08-04,-1,1,0.4209654476963638,0.4209654476963638,0.3608339656248525,0.06013148207151131
MSFT,calibrated_hist_gradient_boosting,1,2020-08-05,0,1,0.42852312343415705,0.42852312343415705,0.35635600661306227,0.07216711682109478
MSFT,calibrated_hist_gradient_boosting,1,2020-08-06,-1,1,0.40876157708847355,0.40876157708847355,0.34930181095746105,0.059459766131012504
MSFT,calibrated_hist_gradient_boosting,1,2020-08-07,0,1,0.44746927229259886,0.44746927229259886,0.3535290134415036,0.09394025885109525
MSFT,calibrated_hist_gradient_boosting,1,2020-08-10,0,1,0.46382679534588017,0.46382679534588017,0.32268194775457576,0.1411448475913044
MSFT,calibrated_hist_gradient_boosting,1,2020-08-11,1,1,0.4818738817744168,0.4818738817744168,0.3074505185351151,0.1744233632393017
MSFT,calibrated_hist_gradient_boosting,1,2020-08-12,0,1,0.44418927840170846,0.44418927840170846,0.3360533835204715,0.10813589488123698
MSFT,calibrated_hist_gradient_boosting,1,2020-08-13,1,1,0.4338019752027434,0.4338019752027434,0.34421476207678925,0.08958721312595413
MSFT,calibrated_hist_gradient_boosting,1,2020-08-14,1,1,0.4280132700951322,0.4280132700951322,0.34863763972066747,0.07937563037446471
MSFT,calibrated_hist_gradient_boosting,1,2020-08-17,0,1,0.4204723804606734,0.4204723804606734,0.3417042745833084,0.07876810587736505
MSFT,calibrated_hist_gradient_boosting,1,2020-08-18,1,1,0.3844377761253274,0.3844377761253274,0.3642913174388729,0.020146458686454538
MSFT,calibrated_hist_gradient_boosting,1,2020-08-19,1,1,0.4712999620940312,0.4712999620940312,0.32832585375633555,0.14297410833769564
MSFT,calibrated_hist_gradient_boosting,1,2020-08-20,1,0,0.37035041525093376,0.36046823006732076,0.36046823006732076,0.009882185183613001
MSFT,calibrated_hist_gradient_boosting,1,2020-08-21,1,1,0.4587378019667776,0.4587378019667776,0.3334696746513464,0.1252681273154312
MSFT,calibrated_hist_gradient_boosting,1,2020-08-24,1,1,0.41930125896261455,0.41930125896261455,0.346816867199395,0.07248439176321958
MSFT,calibrated_hist_gradient_boosting,1,2020-08-25,1,1,0.3950239397316419,0.3950239397316419,0.3317714775459378,0.06325246218570413
MSFT,calibrated_hist_gradient_boosting,1,2020-08-26,1,0,0.37265583185113726,0.3266811214291084,0.3266811214291084,0.045974710422028886
MSFT,calibrated_hist_gradient_boosting,1,2020-08-27,-1,0,0.36654422965991856,0.3354883963892366,0.3354883963892366,0.031055833270681954
MSFT,calibrated_hist_gradient_boosting,1,2020-08-28,-1,0,0.382814378961332,0.3217312047538931,0.3217312047538931,0.06108317420743892
MSFT,calibrated_hist_gradient_boosting,1,2020-08-31,-1,1,0.4356008439853542,0.4356008439853542,0.33480514045713017,0.10079570352822403
MSFT,calibrated_hist_gradient_boosting,1,2020-09-01,-1,1,0.45004293499740244,0.45004293499740244,0.3223711546672619,0.12767178033014054
MSFT,calibrated_hist_gradient_boosting,1,2020-09-02,-1,0,0.36306520102327267,0.3300553958652754,0.3300553958652754,0.033009805157997285
MSFT,calibrated_hist_gradient_boosting,1,2020-09-03,-1,1,0.46520973275874017,0.46520973275874017,0.33167765025641116,0.133532082502329
MSFT,calibrated_hist_gradient_boosting,1,2020-09-04,-1,1,0.4564408481152737,0.4564408481152737,0.3351017524073263,0.12133909570794738
MSFT,calibrated_hist_gradient_boosting,1,2020-09-08,1,1,0.4518559301984655,0.4518559301984655,0.3306411301164929,0.1212148000819726
MSFT,calibrated_hist_gradient_boosting,1,2020-09-09,-1,1,0.37408221000241726,0.37408221000241726,0.3545439401378537,0.019538269864563584
MSFT,calibrated_hist_gradient_boosting,1,2020-09-10,0,1,0.453465077546658,0.453465077546658,0.3309753480970698,0.12248972944958819
MSFT,calibrated_hist_gradient_boosting,1,2020-09-11,0,1,0.47403801771157505,0.47403801771157505,0.32216977098904204,0.15186824672253302
MSFT,calibrated_hist_gradient_boosting,1,2020-09-14,0,1,0.4539782028437987,0.4539782028437987,0.32588662654439643,0.12809157629940227
MSFT,calibrated_hist_gradient_boosting,1,2020-09-15,0,1,0.44263022808987523,0.44263022808987523,0.31725482138205857,0.12537540670781666
MSFT,calibrated_hist_gradient_boosting,1,2020-09-16,-1,1,0.47748313344327986,0.47748313344327986,0.3213479119881135,0.15613522145516634
MSFT,calibrated_hist_gradient_boosting,1,2020-09-17,0,1,0.4720095440170485,0.4720095440170485,0.3107438336216887,0.16126571039535975
MSFT,calibrated_hist_gradient_boosting,1,2020-09-18,1,1,0.459702687778859,0.459702687778859,0.3284290051863242,0.1312736825925348
MSFT,calibrated_hist_gradient_boosting,1,2020-09-21,1,1,0.46239845277259084,0.46239845277259084,0.3193854466550578,0.14301300611753304
MSFT,calibrated_hist_gradient_boosting,1,2020-09-22,0,1,0.43957169869839113,0.43957169869839113,0.3390594434625694,0.10051225523582175
MSFT,calibrated_hist_gradient_boosting,1,2020-09-23,1,1,0.46380679673833086,0.46380679673833086,0.33903406990766727,0.1247727268306636
MSFT,calibrated_hist_gradient_boosting,1,2020-09-24,1,1,0.4817277689268591,0.4817277689268591,0.31621417309194694,0.16551359583491215
MSFT,calibrated_hist_gradient_boosting,1,2020-09-25,0,1,0.460588230240673,0.460588230240673,0.3206454283900216,0.13994280185065144
MSFT,calibrated_hist_gradient_boosting,1,2020-09-28,0,1,0.4756130734336234,0.4756130734336234,0.3114257455687212,0.1641873278649022
MSFT,calibrated_hist_gradient_boosting,1,2020-09-29,0,1,0.44541471798666515,0.44541471798666515,0.337944461158798,0.10747025682786715
MSFT,calibrated_hist_gradient_boosting,1,2020-09-30,0,1,0.479246139016763,0.479246139016763,0.3146242833966448,0.16462185562011822
MSFT,calibrated_hist_gradient_boosting,1,2020-10-01,0,1,0.4550772871695152,0.4550772871695152,0.3222918882825801,0.13278539888693508
MSFT,calibrated_hist_gradient_boosting,1,2020-10-02,1,1,0.48641321887786865,0.48641321887786865,0.31955435931717363,0.16685885956069502
MSFT,calibrated_hist_gradient_boosting,1,2020-10-05,1,1,0.49321677739344755,0.49321677739344755,0.3072526548431051,0.18596412255034245
MSFT,calibrated_hist_gradient_boosting,1,2020-10-06,1,1,0.4154462975771635,0.4154462975771635,0.35883510667072666,0.05661119090643685
MSFT,calibrated_hist_gradient_boosting,1,2020-10-07,1,1,0.4936637961591568,0.4936637961591568,0.31022943860889535,0.18343435755026144
MSFT,calibrated_hist_gradient_boosting,1,2020-10-08,1,1,0.45161922939510685,0.45161922939510685,0.3282235967358437,0.12339563265926312
MSFT,calibrated_hist_gradient_boosting,1,2020-10-09,0,0,0.3627039919679553,0.3478657624094339,0.3478657624094339,0.014838229558521376
MSFT,calibrated_hist_gradient_boosting,1,2020-10-12,-1,0,0.37403124430540474,0.3428225344248023,0.3428225344248023,0.031208709880602425
MSFT,calibrated_hist_gradient_boosting,1,2020-10-13,-1,0,0.37151241251049405,0.3538789835308403,0.3538789835308403,0.017633428979653754
MSFT,calibrated_hist_gradient_boosting,1,2020-10-14,-1,1,0.38208445562420773,0.38208445562420773,0.36438510798300466,0.017699347641203067
MSFT,calibrated_hist_gradient_boosting,1,2020-10-15,-1,1,0.4376351051287444,0.4376351051287444,0.33970058487309035,0.09793452025565402
MSFT,calibrated_hist_gradient_boosting,1,2020-10-16,0,0,0.3641086887757154,0.3619477428611857,0.3619477428611857,0.0021609459145296994
MSFT,calibrated_hist_gradient_boosting,1,2020-10-19,0,1,0.4425916315208658,0.4425916315208658,0.33925439011669933,0.10333724140416645
MSFT,calibrated_hist_gradient_boosting,1,2020-10-20,0,1,0.45063661697165897,0.45063661697165897,0.32339953255893894,0.12723708441272003
MSFT,calibrated_hist_gradient_boosting,1,2020-10-21,-1,1,0.42995239527243106,0.42995239527243106,0.33334257818179985,0.09660981709063121
MSFT,calibrated_hist_gradient_boosting,1,2020-10-22,-1,1,0.4977402906171447,0.4977402906171447,0.29905304262588334,0.19868724799126136
MSFT,calibrated_hist_gradient_boosting,1,2020-10-23,-1,1,0.45927749665986317,0.45927749665986317,0.311153520548276,0.14812397611158717
MSFT,calibrated_hist_gradient_boosting,1,2020-10-26,-1,1,0.4521607503326921,0.4521607503326921,0.3175876072307275,0.1345731431019646
MSFT,calibrated_hist_gradient_boosting,1,2020-10-27,-1,1,0.38878519873234474,0.38878519873234474,0.34998432096604,0.03880087776630475
MSFT,calibrated_hist_gradient_boosting,1,2020-10-28,1,1,0.45627855397319467,0.45627855397319467,0.32691223210422327,0.1293663218689714
MSFT,calibrated_hist_gradient_boosting,1,2020-10-29,1,1,0.45529872725781706,0.45529872725781706,0.3225603197065716,0.13273840755124544
MSFT,calibrated_hist_gradient_boosting,1,2020-10-30,1,1,0.44389227734353404,0.44389227734353404,0.338059814592577,0.10583246275095703
MSFT,calibrated_hist_gradient_boosting,1,2020-11-02,1,1,0.4726720162011855,0.4726720162011855,0.3219450806417617,0.1507269355594238
MSFT,calibrated_hist_gradient_boosting,1,2020-11-03,1,1,0.44786119306710215,0.44786119306710215,0.32724273468558496,0.12061845838151719
MSFT,calibrated_hist_gradient_boosting,1,2020-11-04,0,1,0.4138213375932533,0.4138213375932533,0.34741831752356983,0.06640302006968346
MSFT,calibrated_hist_gradient_boosting,1,2020-11-05,-1,0,0.37322951450227954,0.33047822212601,0.33047822212601,0.04275129237626951
MSFT,calibrated_hist_gradient_boosting,1,2020-11-06,-1,0,0.367519157649894,0.3666689802494818,0.3666689802494818,0.0008501774004122109
MSFT,calibrated_hist_gradient_boosting,1,2020-11-09,0,1,0.4722349677962985,0.4722349677962985,0.33228148937565133,0.13995347842064715
MSFT,calibrated_hist_gradient_boosting,1,2020-11-10,0,1,0.46217761819137726,0.46217761819137726,0.3182566479667141,0.14392097022466316
MSFT,calibrated_hist_gradient_boosting,1,2020-11-11,-1,1,0.45189012328581485,0.45189012328581485,0.33478528319321327,0.11710484009260158
MSFT,calibrated_hist_gradient_boosting,1,2020-11-12,0,1,0.4604771748533256,0.4604771748533256,0.3284430726335797,0.13203410221974593
MSFT,calibrated_hist_gradient_boosting,1,2020-11-13,-1,1,0.4764563538265554,0.4764563538265554,0.3233715722376348,0.15308478158892058
MSFT,calibrated_hist_gradient_boosting,1,2020-11-16,-1,1,0.45320530158236366,0.45320530158236366,0.32576788419294883,0.12743741738941483
MSFT,calibrated_hist_gradient_boosting,1,2020-11-17,0,1,0.4887058584071953,0.4887058584071953,0.3157608059291684,0.17294505247802694
MSFT,calibrated_hist_gradient_boosting,1,2020-11-18,0,1,0.4615902274191081,0.4615902274191081,0.32086786582448346,0.14072236159462465
MSFT,calibrated_hist_gradient_boosting,1,2020-11-19,0,1,0.4397081524483282,0.4397081524483282,0.3291195953379035,0.1105885571104247
MSFT,calibrated_hist_gradient_boosting,1,2020-11-20,0,1,0.4689222977655683,0.4689222977655683,0.30757516943423946,0.16134712833132886
MSFT,calibrated_hist_gradient_boosting,1,2020-11-23,1,1,0.4639559374658431,0.4639559374658431,0.31103932710780474,0.15291661035803839
MSFT,calibrated_hist_gradient_boosting,1,2020-11-24,0,1,0.4525018310611828,0.4525018310611828,0.31051903091815547,0.14198280014302733
MSFT,calibrated_hist_gradient_boosting,1,2020-11-25,0,1,0.3962740347660172,0.3962740347660172,0.3430274104488042,0.053246624317213
MSFT,calibrated_hist_gradient_boosting,1,2020-11-27,0,1,0.403333260232358,0.403333260232358,0.34029552632285837,0.06303773390949963
MSFT,calibrated_hist_gradient_boosting,1,2020-11-30,0,1,0.47611153503436404,0.47611153503436404,0.3067353601214411,0.16937617491292295
MSFT,calibrated_hist_gradient_boosting,1,2020-12-01,0,1,0.46903493880908403,0.46903493880908403,0.31309118079370474,0.1559437580153793
MSFT,calibrated_hist_gradient_boosting,1,2020-12-02,0,1,0.46453999150163333,0.46453999150163333,0.32157607925021153,0.1429639122514218
MSFT,calibrated_hist_gradient_boosting,1,2020-12-03,0,1,0.47442131426995077,0.47442131426995077,0.30323243002469696,0.1711888842452538
MSFT,calibrated_hist_gradient_boosting,1,2020-12-04,0,1,0.4658747134541617,0.4658747134541617,0.2995452524484627,0.166329461005699
MSFT,calibrated_hist_gradient_boosting,1,2020-12-07,0,1,0.4554705024287837,0.4554705024287837,0.3136226630437596,0.1418478393850241
MSFT,calibrated_hist_gradient_boosting,1,2020-12-08,0,1,0.4650707883565899,0.4650707883565899,0.30835706714104133,0.15671372121554855
MSFT,calibrated_hist_gradient_boosting,1,2020-12-09,1,1,0.43173868322347014,0.43173868322347014,0.32567588328856073,0.10606279993490941
MSFT,calibrated_hist_gradient_boosting,1,2020-12-10,1,1,0.4098413643734595,0.4098413643734595,0.34472032599198865,0.06512103838147087
MSFT,calibrated_hist_gradient_boosting,1,2020-12-11,1,1,0.42375326071204694,0.42375326071204694,0.31867610686537456,0.10507715384667238
MSFT,calibrated_hist_gradient_boosting,1,2020-12-14,1,1,0.45605628615547733,0.45605628615547733,0.3139864604850049,0.14206982567047244
MSFT,calibrated_hist_gradient_boosting,1,2020-12-15,1,1,0.45255704388774487,0.45255704388774487,0.31728694367005056,0.1352701002176943
MSFT,calibrated_hist_gradient_boosting,1,2020-12-16,0,1,0.37716016117470746,0.37716016117470746,0.36530578782320394,0.011854373351503522
MSFT,calibrated_hist_gradient_boosting,1,2020-12-17,0,1,0.4182254913233463,0.4182254913233463,0.3379759355494854,0.08024955577386089
MSFT,calibrated_hist_gradient_boosting,1,2020-12-18,1,1,0.4549372076799054,0.4549372076799054,0.32617396042464525,0.12876324725526017
MSFT,calibrated_hist_gradient_boosting,1,2020-12-21,0,1,0.35624697346469936,0.35624697346469936,0.3467208887623629,0.009526084702336457
MSFT,calibrated_hist_gradient_boosting,1,2020-12-22,0,0,0.3618836416551127,0.33643926400358515,0.33643926400358515,0.025444377651527572
MSFT,calibrated_hist_gradient_boosting,1,2020-12-23,0,1,0.43872930085660716,0.43872930085660716,0.3309502750698086,0.10777902578679854
MSFT,calibrated_hist_gradient_boosting,1,2020-12-24,-1,0,0.36931144461563187,0.3634367594453085,0.3634367594453085,0.005874685170323357
MSFT,calibrated_hist_gradient_boosting,1,2020-12-28,-1,0,0.36100332755840947,0.34956833012965877,0.34956833012965877,0.011434997428750704
MSFT,calibrated_hist_gradient_boosting,1,2020-12-29,-1,1,0.38918432402031194,0.38918432402031194,0.3625375129903044,0.026646811030007544
MSFT,calibrated_hist_gradient_boosting,1,2020-12-30,0,1,0.4255737455166491,0.4255737455166491,0.35426766823908523,0.07130607727756388
MSFT,calibrated_hist_gradient_boosting,1,2020-12-31,0,1,0.37958926919836306,0.37958926919836306,0.36220477691928915,0.017384492279073904
MSFT,calibrated_hist_gradient_boosting,1,2021-01-04,0,1,0.38919782449900814,0.38919782449900814,0.35502175312653006,0.03417607137247808
MSFT,calibrated_hist_gradient_boosting,1,2021-01-05,0,1,0.3944501719387978,0.3944501719387978,0.3450584206317857,0.049391751307012066
MSFT,calibrated_hist_gradient_boosting,1,2021-01-06,0,1,0.4412743486446365,0.4412743486446365,0.3188646562456962,0.12240969239894028
MSFT,calibrated_hist_gradient_boosting,1,2021-01-07,-1,1,0.42946712413422405,0.42946712413422405,0.337866026332045,0.09160109780217907
MSFT,calibrated_hist_gradient_boosting,1,2021-01-08,-1,1,0.4071588456294641,0.4071588456294641,0.3276572687609481,0.079501576868516
MSFT,calibrated_hist_gradient_boosting,1,2021-01-11,0,1,0.46358524629020836,0.46358524629020836,0.31715551979515905,0.14642972649504932
MSFT,calibrated_hist_gradient_boosting,1,2021-01-12,1,1,0.4443981565432651,0.4443981565432651,0.31852080241732444,0.12587735412594064
MSFT,calibrated_hist_gradient_boosting,1,2021-01-13,1,1,0.42951521109924223,0.42951521109924223,0.32812945414919265,0.10138575695004959
MSFT,calibrated_hist_gradient_boosting,1,2021-01-14,1,1,0.446543778081675,0.446543778081675,0.31691383099127485,0.12962994709040015
MSFT,calibrated_hist_gradient_boosting,1,2021-01-15,1,1,0.4339317937219101,0.4339317937219101,0.3267963405592536,0.10713545316265649
MSFT,calibrated_hist_gradient_boosting,1,2021-01-19,1,1,0.4276101618297137,0.4276101618297137,0.3183670690753168,0.10924309275439686
MSFT,calibrated_hist_gradient_boosting,1,2021-01-20,1,1,0.38255884213837993,0.38255884213837993,0.37188654364581736,0.01067229849256257
MSFT,calibrated_hist_gradient_boosting,1,2021-01-21,1,1,0.39936321581359,0.39936321581359,0.3657770194498602,0.03358619636372984
MSFT,calibrated_hist_gradient_boosting,1,2021-01-22,1,0,0.3767523534861857,0.37267008435551724,0.37267008435551724,0.004082269130668448
MSFT,calibrated_hist_gradient_boosting,1,2021-01-25,1,1,0.3654786365909775,0.3654786365909775,0.3649894765231246,0.000489160067852934
MSFT,calibrated_hist_gradient_boosting,1,2021-01-26,1,0,0.37265653782415553,0.35383502744610557,0.35383502744610557,0.018821510378049966
MSFT,calibrated_hist_gradient_boosting,1,2021-01-27,1,0,0.3737646120098172,0.3607299491298246,0.3607299491298246,0.013034662879992609
MSFT,calibrated_hist_gradient_boosting,1,2021-01-28,0,0,0.36652694443379036,0.3367609510901535,0.3367609510901535,0.029765993343636832
MSFT,calibrated_hist_gradient_boosting,1,2021-01-29,1,1,0.4556108514622725,0.4556108514622725,0.3456650914683211,0.1099457599939514
MSFT,calibrated_hist_gradient_boosting,1,2021-02-01,0,0,0.3702585516170253,0.3518277848034978,0.3518277848034978,0.01843076681352751
MSFT,calibrated_hist_gradient_boosting,1,2021-02-02,0,1,0.3787931055580245,0.3787931055580245,0.36174698278128803,0.01704612277673645
MSFT,calibrated_hist_gradient_boosting,1,2021-02-03,0,0,0.3710218449140948,0.34598305259930334,0.34598305259930334,0.025038792314791447
MSFT,calibrated_hist_gradient_boosting,1,2021-02-04,0,1,0.41357790486026214,0.41357790486026214,0.34452881087155024,0.0690490939887119
MSFT,calibrated_hist_gradient_boosting,1,2021-02-05,0,1,0.4066434387743281,0.4066434387743281,0.35574678959619804,0.05089664917813008
MSFT,calibrated_hist_gradient_boosting,1,2021-02-08,0,1,0.398014114783325,0.398014114783325,0.36707855673908957,0.030935558044235423
MSFT,calibrated_hist_gradient_boosting,1,2021-02-09,0,1,0.4060292709958995,0.4060292709958995,0.35204535558177136,0.05398391541412817
MSFT,calibrated_hist_gradient_boosting,1,2021-02-10,0,1,0.40326874205354835,0.40326874205354835,0.3623904373453901,0.04087830470815823
MSFT,calibrated_hist_gradient_boosting,1,2021-02-11,0,0,0.3904330354072094,0.3397389164130418,0.3397389164130418,0.05069411899416759
MSFT,calibrated_hist_gradient_boosting,1,2021-02-12,-1,1,0.42667168598477184,0.42667168598477184,0.3367285352553684,0.08994315072940345
MSFT,calibrated_hist_gradient_boosting,1,2021-02-16,-1,1,0.3801196678416347,0.3801196678416347,0.3608914223767567,0.019228245464878002
MSFT,calibrated_hist_gradient_boosting,1,2021-02-17,-1,0,0.3666404755280228,0.36450357038085496,0.36450357038085496,0.0021369051471678557
MSFT,calibrated_hist_gradient_boosting,1,2021-02-18,-1,1,0.3798254324646944,0.3798254324646944,0.36523958633573156,0.014585846128962854
MSFT,calibrated_hist_gradient_boosting,1,2021-02-19,-1,1,0.39004407276267045,0.39004407276267045,0.353132427687171,0.03691164507549943
MSFT,calibrated_hist_gradient_boosting,1,2021-02-22,0,1,0.4233665030782244,0.4233665030782244,0.3315492714969266,0.09181723158129779
MSFT,calibrated_hist_gradient_boosting,1,2021-02-23,0,1,0.4033639127048552,0.4033639127048552,0.3388787440192391,0.0644851686856161
MSFT,calibrated_hist_gradient_boosting,1,2021-02-24,-1,1,0.44090455100568077,0.44090455100568077,0.3184663258096467,0.12243822519603409
MSFT,calibrated_hist_gradient_boosting,1,2021-02-25,0,1,0.4639886227023357,0.4639886227023357,0.3018638800428328,0.16212474265950289
MSFT,calibrated_hist_gradient_boosting,1,2021-02-26,0,1,0.46822206082823997,0.46822206082823997,0.31332396255171585,0.15489809827652412
MSFT,calibrated_hist_gradient_boosting,1,2021-03-01,-1,1,0.3950673189266658,0.3950673189266658,0.3452020233709742,0.04986529555569158
MSFT,calibrated_hist_gradient_boosting,1,2021-03-02,0,1,0.4728543877093063,0.4728543877093063,0.3163842003604008,0.1564701873489055
MSFT,calibrated_hist_gradient_boosting,1,2021-03-03,1,1,0.4621244989686358,0.4621244989686358,0.32165689578126094,0.14046760318737483
MSFT,calibrated_hist_gradient_boosting,1,2021-03-04,1,1,0.463977736015414,0.463977736015414,0.31792653651309094,0.14605119950232304
MSFT,calibrated_hist_gradient_boosting,1,2021-03-05,0,1,0.4810240373188341,0.4810240373188341,0.30134708267089133,0.17967695464794275
MSFT,calibrated_hist_gradient_boosting,1,2021-03-08,1,1,0.4558953086267279,0.4558953086267279,0.34129396832643427,0.11460134030029362
MSFT,calibrated_hist_gradient_boosting,1,2021-03-09,0,1,0.4789820357751398,0.4789820357751398,0.29993351705618926,0.17904851871895056
MSFT,calibrated_hist_gradient_boosting,1,2021-03-10,0,1,0.48123606692940574,0.48123606692940574,0.2956061382112369,0.18562992871816886
MSFT,calibrated_hist_gradient_boosting,1,2021-03-11,-1,1,0.4285971109647644,0.4285971109647644,0.34285599038421294,0.08574112058055144
MSFT,calibrated_hist_gradient_boosting,1,2021-03-12,-1,1,0.46572585353223017,0.46572585353223017,0.31889509878553224,0.14683075474669793
MSFT,calibrated_hist_gradient_boosting,1,2021-03-15,0,1,0.48095531502700867,0.48095531502700867,0.3179909009859198,0.16296441404108886
MSFT,calibrated_hist_gradient_boosting,1,2021-03-16,0,1,0.4352111448925268,0.4352111448925268,0.3439888297311395,0.09122231516138735
MSFT,calibrated_hist_gradient_boosting,1,2021-03-17,0,1,0.4816043062415849,0.4816043062415849,0.3177417216511536,0.1638625845904313
MSFT,calibrated_hist_gradient_boosting,1,2021-03-18,0,1,0.48894803668240044,0.48894803668240044,0.3063115235351095,0.18263651314729096
MSFT,calibrated_hist_gradient_boosting,1,2021-03-19,1,1,0.4501612862088888,0.4501612862088888,0.32760677595520216,0.12255451025368663
MSFT,calibrated_hist_gradient_boosting,1,2021-03-22,0,1,0.49147803053188865,0.49147803053188865,0.3059684848360709,0.18550954569581773
MSFT,calibrated_hist_gradient_boosting,1,2021-03-23,-1,1,0.3911732032381569,0.3911732032381569,0.36946714108852047,0.02170606214963644
MSFT,calibrated_hist_gradient_boosting,1,2021-03-24,0,1,0.44563208930137366,0.44563208930137366,0.3363628522062041,0.10926923709516956
MSFT,calibrated_hist_gradient_boosting,1,2021-03-25,1,1,0.4481430043670844,0.4481430043670844,0.32872868433442115,0.11941432003266322
MSFT,calibrated_hist_gradient_boosting,1,2021-03-26,1,1,0.4657785598672935,0.4657785598672935,0.32239686890037467,0.14338169096691883
MSFT,calibrated_hist_gradient_boosting,1,2021-03-29,1,1,0.4711056485218352,0.4711056485218352,0.32503072303994107,0.1460749254818941
MSFT,calibrated_hist_gradient_boosting,1,2021-03-30,1,1,0.4490407288098947,0.4490407288098947,0.33095929233421595,0.11808143647567876
MSFT,calibrated_hist_gradient_boosting,1,2021-03-31,1,1,0.441683694484661,0.441683694484661,0.3356432524574989,0.10604044202716212
MSFT,calibrated_hist_gradient_boosting,1,2021-04-01,1,0,0.36102118861688165,0.3577389992254558,0.3577389992254558,0.003282189391425827
MSFT,calibrated_hist_gradient_boosting,1,2021-04-05,1,0,0.36987275026651617,0.34144505050156937,0.34144505050156937,0.0284276997649468
MSFT,calibrated_hist_gradient_boosting,1,2021-04-06,1,1,0.40286600011589946,0.40286600011589946,0.3513514834217432,0.05151451669415624
MSFT,calibrated_hist_gradient_boosting,1,2021-04-07,1,0,0.36827645750095206,0.3586642703257327,0.3586642703257327,0.009612187175219333
MSFT,calibrated_hist_gradient_boosting,1,2021-04-08,1,0,0.38259843982444997,0.3135945500964799,0.3135945500964799,0.06900388972797006
MSFT,calibrated_hist_gradient_boosting,1,2021-04-09,0,0,0.36005976250127997,0.35171673970004064,0.35171673970004064,0.00834302280123933
MSFT,calibrated_hist_gradient_boosting,1,2021-04-12,0,1,0.36070508969561227,0.36070508969561227,0.3595246381467591,0.0011804515488531564
MSFT,calibrated_hist_gradient_boosting,1,2021-04-13,0,0,0.39069138725259234,0.306330343585702,0.306330343585702,0.08436104366689035
MSFT,calibrated_hist_gradient_boosting,1,2021-04-14,0,1,0.43915192677279324,0.43915192677279324,0.3356491306271083,0.10350279614568492
MSFT,calibrated_hist_gradient_boosting,1,2021-04-15,0,0,0.38044500490270833,0.3230216256218505,0.3230216256218505,0.057423379280857834
MSFT,calibrated_hist_gradient_boosting,1,2021-04-16,0,1,0.3678280901652105,0.3678280901652105,0.34857934855762646,0.019248741607584052
MSFT,calibrated_hist_gradient_boosting,1,2021-04-19,0,1,0.4219698181514735,0.4219698181514735,0.34218618608828333,0.07978363206319017
MSFT,calibrated_hist_gradient_boosting,1,2021-04-20,0,1,0.37806364222708577,0.37806364222708577,0.35576408765982137,0.0222995545672644
MSFT,calibrated_hist_gradient_boosting,2,2021-04-21,-1,1,0.44598310440868677,0.44598310440868677,0.328009332262571,0.11797377214611576
MSFT,calibrated_hist_gradient_boosting,2,2021-04-22,0,1,0.4804062645531661,0.4804062645531661,0.3430454986406685,0.13736076591249757
MSFT,calibrated_hist_gradient_boosting,2,2021-04-23,-1,1,0.42373348844597936,0.42373348844597936,0.35593738600123404,0.06779610244474532
MSFT,calibrated_hist_gradient_boosting,2,2021-04-26,-1,1,0.40839835800699764,0.40839835800699764,0.35822376707206854,0.0501745909349291
MSFT,calibrated_hist_gradient_boosting,2,2021-04-27,-1,1,0.4438618007382053,0.4438618007382053,0.3520957183531153,0.09176608238508999
MSFT,calibrated_hist_gradient_boosting,2,2021-04-28,-1,1,0.4673720703871196,0.4673720703871196,0.33084510145982415,0.13652696892729543
MSFT,calibrated_hist_gradient_boosting,2,2021-04-29,0,1,0.4721788293958335,0.4721788293958335,0.3419925551067695,0.13018627428906399
MSFT,calibrated_hist_gradient_boosting,2,2021-04-30,0,1,0.49441844672982094,0.49441844672982094,0.320841663194237,0.17357678353558392
MSFT,calibrated_hist_gradient_boosting,2,2021-05-03,0,1,0.5307712119254351,0.5307712119254351,0.3088669586773975,0.2219042532480376
MSFT,calibrated_hist_gradient_boosting,2,2021-05-04,0,1,0.557041415348742,0.557041415348742,0.2743412949896601,0.2827001203590819
MSFT,calibrated_hist_gradient_boosting,2,2021-05-05,-1,1,0.559058975498746,0.559058975498746,0.27094824840069187,0.2881107270980541
MSFT,calibrated_hist_gradient_boosting,2,2021-05-06,-1,1,0.5450635518316572,0.5450635518316572,0.2896818942275052,0.25538165760415205
MSFT,calibrated_hist_gradient_boosting,2,2021-05-07,0,1,0.5317946655348129,0.5317946655348129,0.2942113231166431,0.2375833424181698
MSFT,calibrated_hist_gradient_boosting,2,2021-05-10,0,1,0.5620739212684622,0.5620739212684622,0.28490354034016874,0.2771703809282935
MSFT,calibrated_hist_gradient_boosting,2,2021-05-11,0,1,0.5737847886733948,0.5737847886733948,0.2717809257239618,0.302003862949433
MSFT,calibrated_hist_gradient_boosting,2,2021-05-12,0,1,0.5339366929867281,0.5339366929867281,0.3164332495871571,0.217503443399571
MSFT,calibrated_hist_gradient_boosting,2,2021-05-13,0,1,0.5618350536599807,0.5618350536599807,0.29674230285623243,0.2650927508037482
MSFT,calibrated_hist_gradient_boosting,2,2021-05-14,0,1,0.5500694773228489,0.5500694773228489,0.2823151211750748,0.26775435614777415
MSFT,calibrated_hist_gradient_boosting,2,2021-05-17,1,1,0.5571465478492913,0.5571465478492913,0.28115862668474073,0.27598792116455056
MSFT,calibrated_hist_gradient_boosting,2,2021-05-18,1,1,0.5476303900656396,0.5476303900656396,0.3099524276036474,0.23767796246199224
MSFT,calibrated_hist_gradient_boosting,2,2021-05-19,1,1,0.5366075271874041,0.5366075271874041,0.3116613815748674,0.22494614561253673
MSFT,calibrated_hist_gradient_boosting,2,2021-05-20,0,1,0.551155177666064,0.551155177666064,0.2616137565762915,0.28954142108977254
MSFT,calibrated_hist_gradient_boosting,2,2021-05-21,0,1,0.5647842153493686,0.5647842153493686,0.2774538671457693,0.2873303482035993
MSFT,calibrated_hist_gradient_boosting,2,2021-05-24,0,1,0.5308636758429975,0.5308636758429975,0.264253225253841,0.26661045058915656
MSFT,calibrated_hist_gradient_boosting,2,2021-05-25,0,1,0.5350088610484276,0.5350088610484276,0.2938170647328148,0.24119179631561277
MSFT,calibrated_hist_gradient_boosting,2,2021-05-26,-1,1,0.5184197703449578,0.5184197703449578,0.2860076065378165,0.2324121638071413
MSFT,calibrated_hist_gradient_boosting,2,2021-05-27,0,1,0.515416288233829,0.515416288233829,0.2810989130458115,0.23431737518801748
MSFT,calibrated_hist_gradient_boosting,2,2021-05-28,0,1,0.5170116613417037,0.5170116613417037,0.3103669653502107,0.20664469599149304
MSFT,calibrated_hist_gradient_boosting,2,2021-06-01,1,1,0.5066224834620348,0.5066224834620348,0.3066544556149425,0.19996802784709228
MSFT,calibrated_hist_gradient_boosting,2,2021-06-02,1,1,0.4838504409376918,0.4838504409376918,0.30511927443421794,0.17873116650347387
MSFT,calibrated_hist_gradient_boosting,2,2021-06-03,1,1,0.5028729315992454,0.5028729315992454,0.3223447578250303,0.1805281737742151
MSFT,calibrated_hist_gradient_boosting,2,2021-06-04,1,1,0.47130055583839686,0.47130055583839686,0.3061334071042379,0.16516714873415894
MSFT,calibrated_hist_gradient_boosting,2,2021-06-07,1,1,0.4306977653422823,0.4306977653422823,0.29526122959774487,0.13543653574453746
MSFT,calibrated_hist_gradient_boosting,2,2021-06-08,1,1,0.41947662565205396,0.41947662565205396,0.3630145875582247,0.05646203809382927
MSFT,calibrated_hist_gradient_boosting,2,2021-06-09,0,1,0.39124023937401664,0.39124023937401664,0.372226376673082,0.019013862700934636
MSFT,calibrated_hist_gradient_boosting,2,2021-06-10,0,1,0.35801711071911174,0.35801711071911174,0.3242615507971779,0.03375555992193385
MSFT,calibrated_hist_gradient_boosting,2,2021-06-11,0,1,0.41282418426172934,0.41282418426172934,0.33389245852934807,0.07893172573238127
MSFT,calibrated_hist_gradient_boosting,2,2021-06-14,0,1,0.42874968529110347,0.42874968529110347,0.32059572904256034,0.10815395624854313
MSFT,calibrated_hist_gradient_boosting,2,2021-06-15,1,1,0.4460162289991267,0.4460162289991267,0.3002053466878807,0.145810882311246
MSFT,calibrated_hist_gradient_boosting,2,2021-06-16,1,1,0.43756875845769727,0.43756875845769727,0.3247704070004494,0.11279835145724787
MSFT,calibrated_hist_gradient_boosting,2,2021-06-17,1,1,0.4384722762893601,0.4384722762893601,0.3189349834908256,0.11953729279853448
MSFT,calibrated_hist_gradient_boosting,2,2021-06-18,1,1,0.41926369019328913,0.41926369019328913,0.3055883652245104,0.11367532496877875
MSFT,calibrated_hist_gradient_boosting,2,2021-06-21,1,1,0.4227397187380894,0.4227397187380894,0.3063148173471832,0.11642490139090622
MSFT,calibrated_hist_gradient_boosting,2,2021-06-22,1,1,0.41042500236402163,0.41042500236402163,0.29729834820406853,0.1131266541599531
MSFT,calibrated_hist_gradient_boosting,2,2021-06-23,1,1,0.41140178146943523,0.41140178146943523,0.2969704556116885,0.11443132585774674
MSFT,calibrated_hist_gradient_boosting,2,2021-06-24,0,1,0.3847138376646618,0.3847138376646618,0.3172387791205586,0.06747505854410318
MSFT,calibrated_hist_gradient_boosting,2,2021-06-25,1,1,0.44438069371300903,0.44438069371300903,0.3068363393072356,0.13754435440577345
MSFT,calibrated_hist_gradient_boosting,2,2021-06-28,1,1,0.40164650193680956,0.40164650193680956,0.3309227696462033,0.07072373229060624
MSFT,calibrated_hist_gradient_boosting,2,2021-06-29,1,1,0.42752994431401464,0.42752994431401464,0.30336554047445335,0.12416440383956129
MSFT,calibrated_hist_gradient_boosting,2,2021-06-30,1,1,0.4249264286768235,0.4249264286768235,0.3289073270870105,0.09601910158981303
MSFT,calibrated_hist_gradient_boosting,2,2021-07-01,1,1,0.3972914437807766,0.3972914437807766,0.3274541173719512,0.0698373264088254
MSFT,calibrated_hist_gradient_boosting,2,2021-07-02,0,1,0.38883771318710664,0.38883771318710664,0.3082511722779528,0.08058654090915385
MSFT,calibrated_hist_gradient_boosting,2,2021-07-06,0,1,0.4084614437564593,0.4084614437564593,0.2971737319556837,0.11128771180077562
MSFT,calibrated_hist_gradient_boosting,2,2021-07-07,0,1,0.39099827462194064,0.39099827462194064,0.33032023552743456,0.06067803909450609
MSFT,calibrated_hist_gradient_boosting,2,2021-07-08,0,1,0.4206188374947882,0.4206188374947882,0.3618548062200293,0.05876403127475888
MSFT,calibrated_hist_gradient_boosting,2,2021-07-09,0,1,0.41392427837199625,0.41392427837199625,0.3410468410996496,0.07287743727234663
MSFT,calibrated_hist_gradient_boosting,2,2021-07-12,0,1,0.4156890128554334,0.4156890128554334,0.37293227388620465,0.04275673896922877
MSFT,calibrated_hist_gradient_boosting,2,2021-07-13,0,1,0.4469309855152755,0.4469309855152755,0.3110791116890624,0.1358518738262131
MSFT,calibrated_hist_gradient_boosting,2,2021-07-14,0,1,0.3877850114073485,0.3877850114073485,0.3258765442137058,0.06190846719364268
MSFT,calibrated_hist_gradient_boosting,2,2021-07-15,0,1,0.41555753071263823,0.41555753071263823,0.32875163658057643,0.0868058941320618
MSFT,calibrated_hist_gradient_boosting,2,2021-07-16,1,1,0.4121891274842757,0.4121891274842757,0.3251630169260063,0.08702611055826942
MSFT,calibrated_hist_gradient_boosting,2,2021-07-19,1,1,0.4403739034504452,0.4403739034504452,0.3085624423127981,0.13181146113764708
MSFT,calibrated_hist_gradient_boosting,2,2021-07-20,1,1,0.4523773826837704,0.4523773826837704,0.31329819786599233,0.1390791848177781
MSFT,calibrated_hist_gradient_boosting,2,2021-07-21,0,1,0.41393747623361876,0.41393747623361876,0.29890949115811927,0.1150279850754995
MSFT,calibrated_hist_gradient_boosting,2,2021-07-22,0,1,0.39696902134719686,0.39696902134719686,0.33726669035656237,0.05970233099063449
MSFT,calibrated_hist_gradient_boosting,2,2021-07-23,0,1,0.394874467704971,0.394874467704971,0.3380797619756895,0.05679470572928147
MSFT,calibrated_hist_gradient_boosting,2,2021-07-26,0,1,0.3909184713575143,0.3909184713575143,0.33404122672070574,0.056877244636808544
MSFT,calibrated_hist_gradient_boosting,2,2021-07-27,0,1,0.4371029504148183,0.4371029504148183,0.33303924174762717,0.10406370866719111
MSFT,calibrated_hist_gradient_boosting,2,2021-07-28,0,1,0.40911743635502046,0.40911743635502046,0.3782977009967477,0.03081973535827276
MSFT,calibrated_hist_gradient_boosting,2,2021-07-29,0,1,0.40297469520403856,0.40297469520403856,0.3470464385607837,0.05592825664325485
MSFT,calibrated_hist_gradient_boosting,2,2021-07-30,0,1,0.4321593638692951,0.4321593638692951,0.3290590103853281,0.10310035348396701
MSFT,calibrated_hist_gradient_boosting,2,2021-08-02,0,1,0.3889021585943116,0.3889021585943116,0.3064737842673496,0.08242837432696198
MSFT,calibrated_hist_gradient_boosting,2,2021-08-03,0,1,0.38856484858103063,0.38856484858103063,0.31042677628473814,0.0781380722962925
MSFT,calibrated_hist_gradient_boosting,2,2021-08-04,0,1,0.4360886131090321,0.4360886131090321,0.2959287482577803,0.14015986485125176
MSFT,calibrated_hist_gradient_boosting,2,2021-08-05,0,1,0.38656516124741963,0.38656516124741963,0.32416008434904825,0.06240507689837138
MSFT,calibrated_hist_gradient_boosting,2,2021-08-06,0,1,0.46884982776710177,0.46884982776710177,0.3430801917961243,0.12576963597097746
MSFT,calibrated_hist_gradient_boosting,2,2021-08-09,1,1,0.4655590639827499,0.4655590639827499,0.3006702898323134,0.16488877415043646
MSFT,calibrated_hist_gradient_boosting,2,2021-08-10,1,1,0.45950992815147407,0.45950992815147407,0.36541535594154956,0.09409457220992451
MSFT,calibrated_hist_gradient_boosting,2,2021-08-11,0,1,0.4754087449515027,0.4754087449515027,0.3583300302864691,0.11707871466503361
MSFT,calibrated_hist_gradient_boosting,2,2021-08-12,1,1,0.4749534907376103,0.4749534907376103,0.3395947632329472,0.1353587275046631
MSFT,calibrated_hist_gradient_boosting,2,2021-08-13,1,1,0.43447504779854107,0.43447504779854107,0.33645769228465466,0.0980173555138864
MSFT,calibrated_hist_gradient_boosting,2,2021-08-16,1,1,0.45324019398381726,0.45324019398381726,0.34597324232057947,0.1072669516632378
MSFT,calibrated_hist_gradient_boosting,2,2021-08-17,1,1,0.4344018553152395,0.4344018553152395,0.3293823845723592,0.10501947074288032
MSFT,calibrated_hist_gradient_boosting,2,2021-08-18,1,1,0.45478260401957665,0.45478260401957665,0.27606923884912016,0.1787133651704565
MSFT,calibrated_hist_gradient_boosting,2,2021-08-19,0,1,0.42718879734987275,0.42718879734987275,0.298546759551451,0.12864203779842176
MSFT,calibrated_hist_gradient_boosting,2,2021-08-20,0,1,0.3773284935356435,0.3773284935356435,0.33024490173831345,0.04708359179733007
MSFT,calibrated_hist_gradient_boosting,2,2021-08-23,0,1,0.40719199900043535,0.40719199900043535,0.30002607333274905,0.10716592566768629
MSFT,calibrated_hist_gradient_boosting,2,2021-08-24,0,1,0.41806306368868323,0.41806306368868323,0.32345738062003637,0.09460568306864686
MSFT,calibrated_hist_gradient_boosting,2,2021-08-25,0,1,0.3997817736236031,0.3997817736236031,0.3322412550368773,0.06754051858672583
MSFT,calibrated_hist_gradient_boosting,2,2021-08-26,0,1,0.43741891219407397,0.43741891219407397,0.3285056212246493,0.10891329096942465
MSFT,calibrated_hist_gradient_boosting,2,2021-08-27,0,1,0.4493744511426068,0.4493744511426068,0.318152544319727,0.13122190682287982
MSFT,calibrated_hist_gradient_boosting,2,2021-08-30,0,1,0.40397855108155173,0.40397855108155173,0.33536109280579324,0.06861745827575849
MSFT,calibrated_hist_gradient_boosting,2,2021-08-31,0,1,0.4321134423884055,0.4321134423884055,0.31734703813063675,0.11476640425776874
MSFT,calibrated_hist_gradient_boosting,2,2021-09-01,0,1,0.4288821474377091,0.4288821474377091,0.31270907051731345,0.11617307692039563
MSFT,calibrated_hist_gradient_boosting,2,2021-09-02,0,1,0.4269786180465531,0.4269786180465531,0.37263816098263874,0.05434045706391438
MSFT,calibrated_hist_gradient_boosting,2,2021-09-03,0,1,0.4394732004194033,0.4394732004194033,0.36154261801869825,0.07793058240070505
MSFT,calibrated_hist_gradient_boosting,2,2021-09-07,0,1,0.4638319934194379,0.4638319934194379,0.31419264267094715,0.14963935074849077
MSFT,calibrated_hist_gradient_boosting,2,2021-09-08,0,1,0.47075748635219616,0.47075748635219616,0.3083708705671427,0.16238661578505348
MSFT,calibrated_hist_gradient_boosting,2,2021-09-09,1,1,0.460139930527349,0.460139930527349,0.30710001414166116,0.1530399163856878
MSFT,calibrated_hist_gradient_boosting,2,2021-09-10,0,1,0.41526600159694044,0.41526600159694044,0.3237752984760512,0.09149070312088925
MSFT,calibrated_hist_gradient_boosting,2,2021-09-13,0,1,0.40590519036940265,0.40590519036940265,0.3283460419602567,0.07755914840914596
MSFT,calibrated_hist_gradient_boosting,2,2021-09-14,0,1,0.45316530424273954,0.45316530424273954,0.30980195093818436,0.14336335330455519
MSFT,calibrated_hist_gradient_boosting,2,2021-09-15,-1,1,0.3918433725652442,0.3918433725652442,0.3080536002590302,0.08378977230621398
MSFT,calibrated_hist_gradient_boosting,2,2021-09-16,0,1,0.41062242385103503,0.41062242385103503,0.3091906662666999,0.10143175758433515
MSFT,calibrated_hist_gradient_boosting,2,2021-09-17,0,1,0.41498258886189915,0.41498258886189915,0.350507732132265,0.06447485672963416
MSFT,calibrated_hist_gradient_boosting,2,2021-09-20,0,1,0.4704036442016637,0.4704036442016637,0.31248016188638544,0.15792348231527825
MSFT,calibrated_hist_gradient_boosting,2,2021-09-21,-1,1,0.429428998354571,0.429428998354571,0.2978174321899409,0.1316115661646301
MSFT,calibrated_hist_gradient_boosting,2,2021-09-22,-1,1,0.4262156193476931,0.4262156193476931,0.2919340487637594,0.1342815705839337
MSFT,calibrated_hist_gradient_boosting,2,2021-09-23,-1,1,0.4856979871512741,0.4856979871512741,0.29660688145612185,0.18909110569515225
MSFT,calibrated_hist_gradient_boosting,2,2021-09-24,-1,1,0.437170983965332,0.437170983965332,0.2978491090278437,0.13932187493748832
MSFT,calibrated_hist_gradient_boosting,2,2021-09-27,-1,1,0.45175534637111875,0.45175534637111875,0.2989797416611147,0.15277560471000406
MSFT,calibrated_hist_gradient_boosting,2,2021-09-28,0,1,0.5604508933444626,0.5604508933444626,0.2996867377882459,0.26076415555621674
MSFT,calibrated_hist_gradient_boosting,2,2021-09-29,1,1,0.527282100736255,0.527282100736255,0.29633133472985856,0.23095076600639647
MSFT,calibrated_hist_gradient_boosting,2,2021-09-30,1,1,0.5420449738588201,0.5420449738588201,0.30488925680767126,0.23715571705114885
MSFT,calibrated_hist_gradient_boosting,2,2021-10-01,0,1,0.46871100925287745,0.46871100925287745,0.2989859342151578,0.16972507503771966
MSFT,calibrated_hist_gradient_boosting,2,2021-10-04,1,1,0.5411360383847899,0.5411360383847899,0.3280258362806439,0.21311020210414594
MSFT,calibrated_hist_gradient_boosting,2,2021-10-05,0,1,0.48922355829965875,0.48922355829965875,0.3131195607507728,0.17610399754888595
MSFT,calibrated_hist_gradient_boosting,2,2021-10-06,0,1,0.42190613634063645,0.42190613634063645,0.32780125908516133,0.09410487725547512
MSFT,calibrated_hist_gradient_boosting,2,2021-10-07,1,1,0.41306679027360804,0.41306679027360804,0.3077116542871449,0.10535513598646312
MSFT,calibrated_hist_gradient_boosting,2,2021-10-08,1,1,0.4432274821634794,0.4432274821634794,0.29511659593684997,0.14811088622662943
MSFT,calibrated_hist_gradient_boosting,2,2021-10-11,1,1,0.49359644384700946,0.49359644384700946,0.27719307000043614,0.21640337384657332
MSFT,calibrated_hist_gradient_boosting,2,2021-10-12,1,1,0.4319055453777216,0.4319055453777216,0.30698960756557775,0.12491593781214383
MSFT,calibrated_hist_gradient_boosting,2,2021-10-13,1,1,0.4518722582595139,0.4518722582595139,0.2768324535867949,0.17503980467271896
MSFT,calibrated_hist_gradient_boosting,2,2021-10-14,1,1,0.44417918866497286,0.44417918866497286,0.291354619605727,0.15282456905924585
MSFT,calibrated_hist_gradient_boosting,2,2021-10-15,0,1,0.4533702778968037,0.4533702778968037,0.2765925936098803,0.17677768428692336
MSFT,calibrated_hist_gradient_boosting,2,2021-10-18,0,1,0.40528681985811793,0.40528681985811793,0.30449110429685117,0.10079571556126676
MSFT,calibrated_hist_gradient_boosting,2,2021-10-19,0,1,0.43018929613158946,0.43018929613158946,0.36328319978800416,0.0669060963435853
MSFT,calibrated_hist_gradient_boosting,2,2021-10-20,1,1,0.4873856713850286,0.4873856713850286,0.29936064179710953,0.18802502958791906
MSFT,calibrated_hist_gradient_boosting,2,2021-10-21,1,1,0.42598225229419434,0.42598225229419434,0.31961339712408043,0.10636885517011391
MSFT,calibrated_hist_gradient_boosting,2,2021-10-22,1,1,0.47836043928870814,0.47836043928870814,0.297499839917653,0.18086059937105514
MSFT,calibrated_hist_gradient_boosting,2,2021-10-25,1,1,0.4686813047925574,0.4686813047925574,0.29232617641316727,0.1763551283793901
MSFT,calibrated_hist_gradient_boosting,2,2021-10-26,1,1,0.40545477567656024,0.40545477567656024,0.347545372832115,0.057909402844445235
MSFT,calibrated_hist_gradient_boosting,2,2021-10-27,1,1,0.39796824652138346,0.39796824652138346,0.31334045385311843,0.08462779266826503
MSFT,calibrated_hist_gradient_boosting,2,2021-10-28,1,1,0.3967707905126249,0.3967707905126249,0.34099974758690604,0.05577104292571888
MSFT,calibrated_hist_gradient_boosting,2,2021-10-29,0,1,0.42264094718663414,0.42264094718663414,0.2926127040673921,0.13002824311924205
MSFT,calibrated_hist_gradient_boosting,2,2021-11-01,1,1,0.4383214135571519,0.4383214135571519,0.32508141073509345,0.11324000282205843
MSFT,calibrated_hist_gradient_boosting,2,2021-11-02,0,1,0.4136143537182029,0.4136143537182029,0.33854921116798914,0.07506514255021374
MSFT,calibrated_hist_gradient_boosting,2,2021-11-03,0,1,0.42827631739573757,0.42827631739573757,0.3404990954948149,0.08777722190092269
MSFT,calibrated_hist_gradient_boosting,2,2021-11-04,0,1,0.37073453897381553,0.37073453897381553,0.3265479220927425,0.044186616881073004
MSFT,calibrated_hist_gradient_boosting,2,2021-11-05,0,1,0.38767277661404603,0.38767277661404603,0.37327253935928884,0.014400237254757198
MSFT,calibrated_hist_gradient_boosting,2,2021-11-08,0,1,0.3947200536229289,0.3947200536229289,0.3585099957345481,0.036210057888380776
MSFT,calibrated_hist_gradient_boosting,2,2021-11-09,0,1,0.40810242166289346,0.40810242166289346,0.34039365634495705,0.0677087653179364
MSFT,calibrated_hist_gradient_boosting,2,2021-11-10,1,1,0.4098266353143413,0.4098266353143413,0.35773166600859524,0.052094969305746086
MSFT,calibrated_hist_gradient_boosting,2,2021-11-11,1,1,0.4096938308936859,0.4096938308936859,0.3492494166716469,0.060444414222039
MSFT,calibrated_hist_gradient_boosting,2,2021-11-12,1,1,0.4209354469384836,0.4209354469384836,0.3292608410364013,0.09167460590208232
MSFT,calibrated_hist_gradient_boosting,2,2021-11-15,0,1,0.4012547026892841,0.4012547026892841,0.3237671932431799,0.07748750944610422
MSFT,calibrated_hist_gradient_boosting,2,2021-11-16,0,1,0.41426127242972083,0.41426127242972083,0.3119007765780882,0.10236049585163265
MSFT,calibrated_hist_gradient_boosting,2,2021-11-17,0,1,0.4436269836931361,0.4436269836931361,0.30641779488778836,0.13720918880534771
MSFT,calibrated_hist_gradient_boosting,2,2021-11-18,-1,1,0.41732164650328096,0.41732164650328096,0.3173500044764345,0.09997164202684644
MSFT,calibrated_hist_gradient_boosting,2,2021-11-19,0,1,0.4172220358976511,0.4172220358976511,0.33999885771156446,0.07722317818608665
MSFT,calibrated_hist_gradient_boosting,2,2021-11-22,-1,1,0.4687996492691908,0.4687996492691908,0.32894501889494115,0.13985463037424967
MSFT,calibrated_hist_gradient_boosting,2,2021-11-23,-1,1,0.4524764150825977,0.4524764150825977,0.34838693336549365,0.10408948171710408
MSFT,calibrated_hist_gradient_boosting,2,2021-11-24,-1,1,0.4398594016545491,0.4398594016545491,0.3417559789712106,0.09810342268333849
MSFT,calibrated_hist_gradient_boosting,2,2021-11-26,-1,1,0.43494125909694786,0.43494125909694786,0.33314549842341534,0.10179576067353252
MSFT,calibrated_hist_gradient_boosting,2,2021-11-29,-1,1,0.4757566558572445,0.4757566558572445,0.32114454785893687,0.15461210799830766
MSFT,calibrated_hist_gradient_boosting,2,2021-11-30,0,1,0.4670222175669654,0.4670222175669654,0.30853645890739895,0.15848575865956643
MSFT,calibrated_hist_gradient_boosting,2,2021-12-01,0,1,0.44850296231278763,0.44850296231278763,0.29213673751197694,0.1563662248008107
MSFT,calibrated_hist_gradient_boosting,2,2021-12-02,0,1,0.4977953500698256,0.4977953500698256,0.28247558247420124,0.21531976759562438
MSFT,calibrated_hist_gradient_boosting,2,2021-12-03,1,1,0.5060505942804938,0.5060505942804938,0.2792797326854538,0.22677086159504
MSFT,calibrated_hist_gradient_boosting,2,2021-12-06,1,1,0.5160762544124081,0.5160762544124081,0.265162676231619,0.25091357818078913
MSFT,calibrated_hist_gradient_boosting,2,2021-12-07,0,1,0.5234170428590347,0.5234170428590347,0.28358536449838884,0.23983167836064584
MSFT,calibrated_hist_gradient_boosting,2,2021-12-08,0,1,0.4863667736368802,0.4863667736368802,0.3137932119484159,0.17257356168846427
MSFT,calibrated_hist_gradient_boosting,2,2021-12-09,-1,1,0.4698185365571404,0.4698185365571404,0.31381462258887133,0.15600391396826907
MSFT,calibrated_hist_gradient_boosting,2,2021-12-10,-1,1,0.366571451471215,0.366571451471215,0.32271245006054483,0.04385900141067017
MSFT,calibrated_hist_gradient_boosting,2,2021-12-13,-1,1,0.4557559256953098,0.4557559256953098,0.32917060753129623,0.12658531816401358
MSFT,calibrated_hist_gradient_boosting,2,2021-12-14,0,1,0.4959510553325393,0.4959510553325393,0.2704026728754853,0.225548382457054
MSFT,calibrated_hist_gradient_boosting,2,2021-12-15,0,1,0.5213349435672504,0.5213349435672504,0.2812049952859404,0.24012994828131
MSFT,calibrated_hist_gradient_boosting,2,2021-12-16,1,1,0.5230645092003615,0.5230645092003615,0.30653127076004477,0.21653323844031674
MSFT,calibrated_hist_gradient_boosting,2,2021-12-17,1,1,0.5637892415837058,0.5637892415837058,0.27698668743104293,0.28680255415266287
MSFT,calibrated_hist_gradient_boosting,2,2021-12-20,1,1,0.5394603212053859,0.5394603212053859,0.316864879251535,0.2225954419538509
MSFT,calibrated_hist_gradient_boosting,2,2021-12-21,1,1,0.5209630409103964,0.5209630409103964,0.2635496471657813,0.2574133937446151
MSFT,calibrated_hist_gradient_boosting,2,2021-12-22,0,1,0.5237192881919326,0.5237192881919326,0.281354649382661,0.24236463880927156
MSFT,calibrated_hist_gradient_boosting,2,2021-12-23,0,1,0.5445092892528084,0.5445092892528084,0.27712381570888794,0.26738547354392045
MSFT,calibrated_hist_gradient_boosting,2,2021-12-27,-1,1,0.45088489198397874,0.45088489198397874,0.3174817458623324,0.13340314612164633
MSFT,calibrated_hist_gradient_boosting,2,2021-12-28,-1,1,0.5054109785857324,0.5054109785857324,0.3185655066972411,0.18684547188849127
MSFT,calibrated_hist_gradient_boosting,2,2021-12-29,-1,1,0.4673126001185883,0.4673126001185883,0.29677460175357123,0.17053799836501704
MSFT,calibrated_hist_gradient_boosting,2,2021-12-30,-1,1,0.5119484589097706,0.5119484589097706,0.3157077010822978,0.1962407578274728
MSFT,calibrated_hist_gradient_boosting,2,2021-12-31,-1,1,0.46131834274916916,0.46131834274916916,0.3114821785778391,0.14983616417133006
MSFT,calibrated_hist_gradient_boosting,2,2022-01-03,-1,1,0.4821381611489996,0.4821381611489996,0.29545011389988657,0.18668804724911303
MSFT,calibrated_hist_gradient_boosting,2,2022-01-04,-1,1,0.47722365357247787,0.47722365357247787,0.3164320613202962,0.16079159225218165
MSFT,calibrated_hist_gradient_boosting,2,2022-01-05,0,1,0.5191195010083294,0.5191195010083294,0.2841815899304762,0.23493791107785317
MSFT,calibrated_hist_gradient_boosting,2,2022-01-06,-1,1,0.5082263315867477,0.5082263315867477,0.2811582570008972,0.2270680745858505
MSFT,calibrated_hist_gradient_boosting,2,2022-01-07,0,1,0.5160779081074631,0.5160779081074631,0.2772497007148598,0.2388282073926033
MSFT,calibrated_hist_gradient_boosting,2,2022-01-10,-1,1,0.5212515047383585,0.5212515047383585,0.2623341559225753,0.25891734881578315
MSFT,calibrated_hist_gradient_boosting,2,2022-01-11,-1,1,0.5455935379452873,0.5455935379452873,0.27705381292937603,0.2685397250159113
MSFT,calibrated_hist_gradient_boosting,2,2022-01-12,-1,1,0.5117790987480477,0.5117790987480477,0.296280861245898,0.21549823750214975
MSFT,calibrated_hist_gradient_boosting,2,2022-01-13,-1,1,0.5707924097022633,0.5707924097022633,0.2921489996106658,0.2786434100915975
MSFT,calibrated_hist_gradient_boosting,2,2022-01-14,-1,1,0.5278116683853998,0.5278116683853998,0.28594564904259384,0.241866019342806
MSFT,calibrated_hist_gradient_boosting,2,2022-01-18,-1,1,0.5429726450183452,0.5429726450183452,0.3029475285846764,0.2400251164336688
MSFT,calibrated_hist_gradient_boosting,2,2022-01-19,-1,1,0.555987910278152,0.555987910278152,0.27412835198344115,0.2818595582947108
MSFT,calibrated_hist_gradient_boosting,2,2022-01-20,0,1,0.5623167981112968,0.5623167981112968,0.284335377410358,0.27798142070093873
MSFT,calibrated_hist_gradient_boosting,2,2022-01-21,1,1,0.56161149654489,0.56161149654489,0.2885253222447763,0.27308617430011367
MSFT,calibrated_hist_gradient_boosting,2,2022-01-24,1,1,0.5635596573419345,0.5635596573419345,0.269134594140035,0.2944250632018995
MSFT,calibrated_hist_gradient_boosting,2,2022-01-25,1,1,0.5430525103988876,0.5430525103988876,0.28744307890506954,0.25560943149381804
MSFT,calibrated_hist_gradient_boosting,2,2022-01-26,1,1,0.5398265218316554,0.5398265218316554,0.2668138050908851,0.27301271674077027
MSFT,calibrated_hist_gradient_boosting,2,2022-01-27,0,1,0.5447067354397426,0.5447067354397426,0.2889246305850375,0.2557821048547051
MSFT,calibrated_hist_gradient_boosting,2,2022-01-28,0,1,0.46326446517234093,0.46326446517234093,0.32490393461362993,0.138360530558711
MSFT,calibrated_hist_gradient_boosting,2,2022-01-31,-1,1,0.49079255891735407,0.49079255891735407,0.3100528135583754,0.1807397453589787
MSFT,calibrated_hist_gradient_boosting,2,2022-02-01,0,1,0.5291904409100524,0.5291904409100524,0.3240053245297975,0.20518511638025488
MSFT,calibrated_hist_gradient_boosting,2,2022-02-02,0,1,0.4471951835112276,0.4471951835112276,0.31322063262424615,0.13397455088698146
MSFT,calibrated_hist_gradient_boosting,2,2022-02-03,0,1,0.4848430308877198,0.4848430308877198,0.32859924511310795,0.15624378577461184
MSFT,calibrated_hist_gradient_boosting,2,2022-02-04,-1,1,0.42646491310298057,0.42646491310298057,0.3105363751612552,0.11592853794172536
MSFT,calibrated_hist_gradient_boosting,2,2022-02-07,0,1,0.48086545340395476,0.48086545340395476,0.2924600664216836,0.18840538698227116
MSFT,calibrated_hist_gradient_boosting,2,2022-02-08,0,1,0.5135358073282551,0.5135358073282551,0.27829251359819657,0.23524329373005853
MSFT,calibrated_hist_gradient_boosting,2,2022-02-09,-1,1,0.46615734719062507,0.46615734719062507,0.3072750414624406,0.15888230572818446
MSFT,calibrated_hist_gradient_boosting,2,2022-02-10,-1,1,0.5247644247020753,0.5247644247020753,0.2990112662173478,0.2257531584847275
MSFT,calibrated_hist_gradient_boosting,2,2022-02-11,-1,1,0.45191610282483285,0.45191610282483285,0.31436010657009167,0.1375559962547412
MSFT,calibrated_hist_gradient_boosting,2,2022-02-14,-1,1,0.4873363311659711,0.4873363311659711,0.26912229592714,0.2182140352388311
MSFT,calibrated_hist_gradient_boosting,2,2022-02-15,-1,1,0.4825521476812764,0.4825521476812764,0.2938376955185489,0.18871445216272753
MSFT,calibrated_hist_gradient_boosting,2,2022-02-16,0,1,0.5071571125769915,0.5071571125769915,0.2884273837701475,0.218729728806844
MSFT,calibrated_hist_gradient_boosting,2,2022-02-17,1,1,0.5454244181557473,0.5454244181557473,0.31308516804535097,0.2323392501103963
MSFT,calibrated_hist_gradient_boosting,2,2022-02-18,1,1,0.5429690464460476,0.5429690464460476,0.2898298689119984,0.2531391775340492
MSFT,calibrated_hist_gradient_boosting,2,2022-02-22,1,1,0.530097459902088,0.530097459902088,0.273009834519191,0.25708762538289703
MSFT,calibrated_hist_gradient_boosting,2,2022-02-23,1,1,0.49349868175319833,0.49349868175319833,0.31762477242252696,0.17587390933067137
MSFT,calibrated_hist_gradient_boosting,2,2022-02-24,0,1,0.4406477128940193,0.4406477128940193,0.3065260272612078,0.13412168563281152
MSFT,calibrated_hist_gradient_boosting,2,2022-02-25,-1,1,0.5119684789491087,0.5119684789491087,0.2975319652389434,0.2144365137101653
MSFT,calibrated_hist_gradient_boosting,2,2022-02-28,-1,1,0.48281742824279145,0.48281742824279145,0.3082808714670736,0.17453655677571783
MSFT,calibrated_hist_gradient_boosting,2,2022-03-01,-1,1,0.5252746522123887,0.5252746522123887,0.31426963029942273,0.21100502191296594
MSFT,calibrated_hist_gradient_boosting,2,2022-03-02,-1,1,0.47166936805023335,0.47166936805023335,0.3207921529937022,0.15087721505653118
MSFT,calibrated_hist_gradient_boosting,2,2022-03-03,-1,1,0.4607502212687624,0.4607502212687624,0.30677771169599394,0.15397250957276848
MSFT,calibrated_hist_gradient_boosting,2,2022-03-04,-1,1,0.47803305057202256,0.47803305057202256,0.32912743152624085,0.1489056190457817
MSFT,calibrated_hist_gradient_boosting,2,2022-03-07,0,1,0.5261208095233192,0.5261208095233192,0.30517896775047665,0.22094184177284254
MSFT,calibrated_hist_gradient_boosting,2,2022-03-08,1,1,0.535434405999295,0.535434405999295,0.28028863173388857,0.25514577426540647
MSFT,calibrated_hist_gradient_boosting,2,2022-03-09,1,1,0.4844409828104002,0.4844409828104002,0.2641280902178195,0.2203128925925807
MSFT,calibrated_hist_gradient_boosting,2,2022-03-10,1,1,0.5289556489559911,0.5289556489559911,0.3041801254368379,0.2247755235191532
MSFT,calibrated_hist_gradient_boosting,2,2022-03-11,1,1,0.5285002148233643,0.5285002148233643,0.31128444885077544,0.21721576597258885
MSFT,calibrated_hist_gradient_boosting,2,2022-03-14,1,1,0.5283150793783727,0.5283150793783727,0.2912744938783706,0.23704058550000212
MSFT,calibrated_hist_gradient_boosting,2,2022-03-15,1,1,0.42894493055297306,0.42894493055297306,0.2898213186881253,0.13912361186484778
MSFT,calibrated_hist_gradient_boosting,2,2022-03-16,0,1,0.44482721842530676,0.44482721842530676,0.32215909848703445,0.12266811993827231
MSFT,calibrated_hist_gradient_boosting,2,2022-03-17,1,1,0.4985021231097892,0.4985021231097892,0.32695675539508645,0.17154536771470275
MSFT,calibrated_hist_gradient_boosting,2,2022-03-18,0,1,0.43444030564862524,0.43444030564862524,0.2868999148539783,0.14754039079464693
MSFT,calibrated_hist_gradient_boosting,2,2022-03-21,1,1,0.47819000304960335,0.47819000304960335,0.2905786752353307,0.18761132781427264
MSFT,calibrated_hist_gradient_boosting,2,2022-03-22,1,1,0.48429744069614983,0.48429744069614983,0.30996269879132016,0.17433474190482967
MSFT,calibrated_hist_gradient_boosting,2,2022-03-23,1,1,0.49965871818586854,0.49965871818586854,0.3126525220500422,0.18700619613582636
MSFT,calibrated_hist_gradient_boosting,2,2022-03-24,0,1,0.5513911488461242,0.5513911488461242,0.28745126873133037,0.2639398801147938
MSFT,calibrated_hist_gradient_boosting,2,2022-03-25,0,1,0.5337732276857334,0.5337732276857334,0.31499375029995397,0.21877947738577946
MSFT,calibrated_hist_gradient_boosting,2,2022-03-28,0,1,0.45215210228941133,0.45215210228941133,0.3068312840401473,0.14532081824926402
MSFT,calibrated_hist_gradient_boosting,2,2022-03-29,0,1,0.45294072748508096,0.45294072748508096,0.32007264771912747,0.1328680797659535
MSFT,calibrated_hist_gradient_boosting,2,2022-03-30,-1,1,0.4808148787234993,0.4808148787234993,0.32783944321983527,0.15297543550366405
MSFT,calibrated_hist_gradient_boosting,2,2022-03-31,-1,1,0.49476085738682474,0.49476085738682474,0.35967489774560146,0.13508595964122327
MSFT,calibrated_hist_gradient_boosting,2,2022-04-01,-1,1,0.4487842560853459,0.4487842560853459,0.34771287316202226,0.10107138292332363
MSFT,calibrated_hist_gradient_boosting,2,2022-04-04,-1,1,0.43492843607526294,0.43492843607526294,0.33290237392897204,0.1020260621462909
MSFT,calibrated_hist_gradient_boosting,2,2022-04-05,-1,1,0.4740710873224691,0.4740710873224691,0.31664636350020303,0.15742472382226608
MSFT,calibrated_hist_gradient_boosting,2,2022-04-06,-1,1,0.5079884546267055,0.5079884546267055,0.3009754582186331,0.2070129964080724
MSFT,calibrated_hist_gradient_boosting,2,2022-04-07,-1,1,0.4708912003267422,0.4708912003267422,0.29812064050054393,0.17277055982619827
MSFT,calibrated_hist_gradient_boosting,2,2022-04-08,-1,1,0.5107390143668582,0.5107390143668582,0.29148269735694415,0.21925631700991405
MSFT,calibrated_hist_gradient_boosting,2,2022-04-11,0,1,0.5427034910162025,0.5427034910162025,0.2893648481303018,0.25333864288590074
MSFT,calibrated_hist_gradient_boosting,2,2022-04-12,0,1,0.49471481518199445,0.49471481518199445,0.31125922334634576,0.1834555918356487
MSFT,calibrated_hist_gradient_boosting,2,2022-04-13,-1,1,0.5506114497605289,0.5506114497605289,0.27128015357326524,0.27933129618726366
MSFT,calibrated_hist_gradient_boosting,2,2022-04-14,-1,1,0.5650671504506034,0.5650671504506034,0.2772007152141256,0.2878664352364778
MSFT,calibrated_hist_gradient_boosting,2,2022-04-18,0,1,0.5500041342060018,0.5500041342060018,0.27027771384639165,0.27972642035961015
MSFT,calibrated_hist_gradient_boosting,2,2022-04-19,-1,1,0.5417594331055247,0.5417594331055247,0.28498621020018783,0.25677322290533683
MSFT,calibrated_hist_gradient_boosting,2,2022-04-20,0,1,0.5582856125108308,0.5582856125108308,0.28529230323928095,0.2729933092715498
MSFT,calibrated_hist_gradient_boosting,2,2022-04-21,1,1,0.5501122481892482,0.5501122481892482,0.30251894702234433,0.24759330116690387
MSFT,calibrated_hist_gradient_boosting,2,2022-04-22,0,1,0.5338744629291657,0.5338744629291657,0.30375335544753806,0.23012110748162767
MSFT,calibrated_hist_gradient_boosting,2,2022-04-25,0,1,0.5006861768123312,0.5006861768123312,0.3079096018327941,0.1927765749795371
MSFT,calibrated_hist_gradient_boosting,2,2022-04-26,1,1,0.5524595762295067,0.5524595762295067,0.2819837953763626,0.2704757808531441
MSFT,calibrated_hist_gradient_boosting,2,2022-04-27,1,1,0.4703496327721002,0.4703496327721002,0.28091310560140387,0.1894365271706963
MSFT,calibrated_hist_gradient_boosting,2,2022-04-28,-1,1,0.5042645254416838,0.5042645254416838,0.3046959516558167,0.19956857378586706
MSFT,calibrated_hist_gradient_boosting,2,2022-04-29,0,1,0.5475654062165147,0.5475654062165147,0.32776267076148086,0.21980273545503387
MSFT,calibrated_hist_gradient_boosting,2,2022-05-02,-1,1,0.45508845754277033,0.45508845754277033,0.31104588964140395,0.14404256790136638
MSFT,calibrated_hist_gradient_boosting,2,2022-05-03,-1,1,0.5340910624662837,0.5340910624662837,0.309574595641046,0.22451646682523768
MSFT,calibrated_hist_gradient_boosting,2,2022-05-04,-1,1,0.5162357036741575,0.5162357036741575,0.30856319541297267,0.20767250826118483
MSFT,calibrated_hist_gradient_boosting,2,2022-05-05,-1,1,0.4963966599122633,0.4963966599122633,0.3133065725205495,0.18309008739171378
MSFT,calibrated_hist_gradient_boosting,2,2022-05-06,-1,1,0.5132473560106446,0.5132473560106446,0.28765898013986596,0.22558837587077868
MSFT,calibrated_hist_gradient_boosting,2,2022-05-09,0,1,0.5122043737939468,0.5122043737939468,0.2823311026828383,0.2298732711111085
MSFT,calibrated_hist_gradient_boosting,2,2022-05-10,0,1,0.4875340073008491,0.4875340073008491,0.2603947756064393,0.2271392316944098
MSFT,calibrated_hist_gradient_boosting,2,2022-05-11,-1,1,0.5087064426858404,0.5087064426858404,0.2639335667330273,0.2447728759528131
MSFT,calibrated_hist_gradient_boosting,2,2022-05-12,0,1,0.48822965063639145,0.48822965063639145,0.2563791653516115,0.23185048528477997
MSFT,calibrated_hist_gradient_boosting,2,2022-05-13,-1,1,0.5009190889084053,0.5009190889084053,0.2716295182306696,0.2292895706777357
MSFT,calibrated_hist_gradient_boosting,2,2022-05-16,0,1,0.46902508037031526,0.46902508037031526,0.2871871701686519,0.18183791020166334
MSFT,calibrated_hist_gradient_boosting,2,2022-05-17,-1,1,0.47917248150440256,0.47917248150440256,0.2660778031723297,0.21309467833207285
MSFT,calibrated_hist_gradient_boosting,2,2022-05-18,1,1,0.49779716418982245,0.49779716418982245,0.30096783960854995,0.1968293245812725
MSFT,calibrated_hist_gradient_boosting,2,2022-05-19,1,1,0.47587361407278034,0.47587361407278034,0.2773370292487966,0.19853658482398373
MSFT,calibrated_hist_gradient_boosting,2,2022-05-20,1,1,0.47427799322831526,0.47427799322831526,0.2656889486770564,0.20858904455125887
MSFT,calibrated_hist_gradient_boosting,2,2022-05-23,1,1,0.4690649407732408,0.4690649407732408,0.30752356674126485,0.16154137403197594
MSFT,calibrated_hist_gradient_boosting,2,2022-05-24,1,1,0.47187065973240777,0.47187065973240777,0.32412735219876826,0.1477433075336395
MSFT,calibrated_hist_gradient_boosting,2,2022-05-25,1,1,0.5135070971947591,0.5135070971947591,0.3295001764649038,0.18400692072985525
MSFT,calibrated_hist_gradient_boosting,2,2022-05-26,0,1,0.49720370162461003,0.49720370162461003,0.3024925352147491,0.19471116640986091
MSFT,calibrated_hist_gradient_boosting,2,2022-05-27,0,1,0.4788762958317198,0.4788762958317198,0.2963294479668867,0.1825468478648331
MSFT,calibrated_hist_gradient_boosting,2,2022-05-31,0,1,0.47164683885944675,0.47164683885944675,0.29475609033289024,0.1768907485265565
MSFT,calibrated_hist_gradient_boosting,2,2022-06-01,0,1,0.46795018301216434,0.46795018301216434,0.33964344011788444,0.1283067428942799
MSFT,calibrated_hist_gradient_boosting,2,2022-06-02,-1,1,0.4673049971767669,0.4673049971767669,0.30726687626653143,0.16003812091023545
MSFT,calibrated_hist_gradient_boosting,2,2022-06-03,-1,1,0.49924443764199405,0.49924443764199405,0.35515641010376814,0.14408802753822592
MSFT,calibrated_hist_gradient_boosting,2,2022-06-06,-1,1,0.48820456700142506,0.48820456700142506,0.33643145719699774,0.15177310980442732
MSFT,calibrated_hist_gradient_boosting,2,2022-06-07,-1,1,0.47818675077350203,0.47818675077350203,0.32428188550420256,0.15390486526929947
MSFT,calibrated_hist_gradient_boosting,2,2022-06-08,-1,1,0.49754592309719303,0.49754592309719303,0.3047208537140101,0.19282506938318295
MSFT,calibrated_hist_gradient_boosting,2,2022-06-09,-1,1,0.4946520319818351,0.4946520319818351,0.34237250713866146,0.15227952484317364
MSFT,calibrated_hist_gradient_boosting,2,2022-06-10,-1,1,0.5140852181195757,0.5140852181195757,0.2912641520447312,0.22282106607484453
MSFT,calibrated_hist_gradient_boosting,2,2022-06-13,1,1,0.530350666254399,0.530350666254399,0.28800010797954284,0.24235055827485613
MSFT,calibrated_hist_gradient_boosting,2,2022-06-14,1,1,0.5039228084572567,0.5039228084572567,0.2602509987080303,0.24367180974922636
MSFT,calibrated_hist_gradient_boosting,2,2022-06-15,1,1,0.47454740545008106,0.47454740545008106,0.26632616542215437,0.2082212400279267
MSFT,calibrated_hist_gradient_boosting,2,2022-06-16,1,1,0.5220682565905852,0.5220682565905852,0.28007756454445976,0.24199069204612544
MSFT,calibrated_hist_gradient_boosting,2,2022-06-17,1,1,0.4814372787365635,0.4814372787365635,0.2721971281377611,0.2092401505988024
MSFT,calibrated_hist_gradient_boosting,2,2022-06-21,0,1,0.46894042784447515,0.46894042784447515,0.2781704945141955,0.19076993333027964
MSFT,calibrated_hist_gradient_boosting,2,2022-06-22,1,1,0.4524006459161985,0.4524006459161985,0.2811172603033463,0.17128338561285222
MSFT,calibrated_hist_gradient_boosting,2,2022-06-23,0,1,0.44986565400459505,0.44986565400459505,0.300868654683706,0.14899699932088906
MSFT,calibrated_hist_gradient_boosting,2,2022-06-24,-1,1,0.4220461902568073,0.4220461902568073,0.2961972327254611,0.12584895753134617
MSFT,calibrated_hist_gradient_boosting,2,2022-06-27,0,1,0.45299260305545896,0.45299260305545896,0.293598631594497,0.15939397146096196
MSFT,calibrated_hist_gradient_boosting,2,2022-06-28,1,1,0.4727607455152736,0.4727607455152736,0.3343383574375179,0.1384223880777557
MSFT,calibrated_hist_gradient_boosting,2,2022-06-29,1,1,0.4845583222007428,0.4845583222007428,0.2802872827828005,0.20427103941794228
MSFT,calibrated_hist_gradient_boosting,2,2022-06-30,1,1,0.46473721648589,0.46473721648589,0.30659650441376474,0.15814071207212527
MSFT,calibrated_hist_gradient_boosting,2,2022-07-01,0,1,0.49415012338214703,0.49415012338214703,0.2554721847947743,0.23867793858737274
MSFT,calibrated_hist_gradient_boosting,2,2022-07-05,-1,1,0.4049413809744731,0.4049413809744731,0.32977950106268206,0.07516187991179102
MSFT,calibrated_hist_gradient_boosting,2,2022-07-06,-1,1,0.4065356730425828,0.4065356730425828,0.340016197953162,0.0665194750894208
MSFT,calibrated_hist_gradient_boosting,2,2022-07-07,-1,1,0.4622475614296062,0.4622475614296062,0.283532815733194,0.1787147456964122
MSFT,calibrated_hist_gradient_boosting,2,2022-07-08,-1,1,0.4231247285864646,0.4231247285864646,0.32965298063512605,0.09347174795133856
MSFT,calibrated_hist_gradient_boosting,2,2022-07-11,-1,1,0.44774751360825144,0.44774751360825144,0.34603011408942325,0.10171739951882819
MSFT,calibrated_hist_gradient_boosting,2,2022-07-12,1,1,0.4738230062928617,0.4738230062928617,0.28721867460756384,0.1866043316852979
MSFT,calibrated_hist_gradient_boosting,2,2022-07-13,1,1,0.4412676457245445,0.4412676457245445,0.289317092093476,0.15195055363106852
MSFT,calibrated_hist_gradient_boosting,2,2022-07-14,1,1,0.40358670025589527,0.40358670025589527,0.3010853545855498,0.10250134567034547
MSFT,calibrated_hist_gradient_boosting,2,2022-07-15,0,1,0.46981962457132337,0.46981962457132337,0.2796129055789179,0.1902067189924055
MSFT,calibrated_hist_gradient_boosting,2,2022-07-18,0,1,0.4896107470971451,0.4896107470971451,0.30919893787698166,0.18041180922016342
MSFT,calibrated_hist_gradient_boosting,2,2022-07-19,-1,1,0.4705288747993411,0.4705288747993411,0.3232422041875907,0.14728667061175038
MSFT,calibrated_hist_gradient_boosting,2,2022-07-20,1,1,0.44107245515239885,0.44107245515239885,0.3149703478640302,0.12610210728836863
MSFT,calibrated_hist_gradient_boosting,2,2022-07-21,1,1,0.4652748322667902,0.4652748322667902,0.31101857532661104,0.15425625694017914
MSFT,calibrated_hist_gradient_boosting,2,2022-07-22,1,1,0.5178328988316633,0.5178328988316633,0.30507505771323434,0.21275784111842894
MSFT,calibrated_hist_gradient_boosting,2,2022-07-25,1,1,0.5162475220338504,0.5162475220338504,0.2848799807343864,0.23136754129946396
MSFT,calibrated_hist_gradient_boosting,2,2022-07-26,1,1,0.4869421380949286,0.4869421380949286,0.3197876804564603,0.1671544576384683
MSFT,calibrated_hist_gradient_boosting,2,2022-07-27,1,1,0.4544061294374692,0.4544061294374692,0.3035052376888166,0.15090089174865262
MSFT,calibrated_hist_gradient_boosting,2,2022-07-28,1,1,0.48344477524855795,0.48344477524855795,0.31561183742542065,0.1678329378231373
MSFT,calibrated_hist_gradient_boosting,2,2022-07-29,0,1,0.5056156551995467,0.5056156551995467,0.31090800857201484,0.19470764662753182
MSFT,calibrated_hist_gradient_boosting,2,2022-08-01,0,1,0.5168857064635757,0.5168857064635757,0.29551404466002934,0.22137166180354634
MSFT,calibrated_hist_gradient_boosting,2,2022-08-02,1,1,0.5338505622815289,0.5338505622815289,0.3064051661819848,0.22744539609954412
MSFT,calibrated_hist_gradient_boosting,2,2022-08-03,1,1,0.46784308953392145,0.46784308953392145,0.3045721226513325,0.16327096688258896
MSFT,calibrated_hist_gradient_boosting,2,2022-08-04,0,1,0.49522500677317166,0.49522500677317166,0.3250701478257852,0.17015485894738647
MSFT,calibrated_hist_gradient_boosting,2,2022-08-05,1,1,0.4647792089702127,0.4647792089702127,0.31008204789714094,0.15469716107307174
MSFT,calibrated_hist_gradient_boosting,2,2022-08-08,1,1,0.5085151330324312,0.5085151330324312,0.3230618015035711,0.18545333152886012
MSFT,calibrated_hist_gradient_boosting,2,2022-08-09,1,1,0.46694439970265744,0.46694439970265744,0.3049849331522184,0.16195946655043902
MSFT,calibrated_hist_gradient_boosting,2,2022-08-10,0,1,0.42622072977385844,0.42622072977385844,0.33676136059376877,0.08945936918008968
MSFT,calibrated_hist_gradient_boosting,2,2022-08-11,0,1,0.42266537106937013,0.42266537106937013,0.36728280241957983,0.0553825686497903
MSFT,calibrated_hist_gradient_boosting,2,2022-08-12,0,1,0.3951827043097555,0.3951827043097555,0.3299362686220668,0.06524643568768868
MSFT,calibrated_hist_gradient_boosting,2,2022-08-15,-1,1,0.3954563040539864,0.3954563040539864,0.3410866306244149,0.0543696734295715
MSFT,calibrated_hist_gradient_boosting,2,2022-08-16,-1,1,0.44066118436854734,0.44066118436854734,0.3305114611005641,0.11014972326798322
MSFT,calibrated_hist_gradient_boosting,2,2022-08-17,-1,1,0.45646513078928336,0.45646513078928336,0.342205980419376,0.11425915036990736
MSFT,calibrated_hist_gradient_boosting,2,2022-08-18,-1,1,0.4520095068611318,0.4520095068611318,0.36868903806063386,0.08332046880049793
MSFT,calibrated_hist_gradient_boosting,2,2022-08-19,-1,1,0.48053895205765484,0.48053895205765484,0.36834370888774615,0.1121952431699087
MSFT,calibrated_hist_gradient_boosting,2,2022-08-22,-1,1,0.4567837136508306,0.4567837136508306,0.3545840479340166,0.10219966571681399
MSFT,calibrated_hist_gradient_boosting,2,2022-08-23,-1,1,0.4295938514134228,0.4295938514134228,0.33298555000149804,0.09660830141192478
MSFT,calibrated_hist_gradient_boosting,2,2022-08-24,-1,1,0.50380353200434,0.50380353200434,0.33755570315458966,0.16624782884975037
MSFT,calibrated_hist_gradient_boosting,2,2022-08-25,-1,1,0.5428761310050177,0.5428761310050177,0.2928386124081402,0.25003751859687756
MSFT,calibrated_hist_gradient_boosting,2,2022-08-26,-1,1,0.5494524440052718,0.5494524440052718,0.29268245768136675,0.2567699863239051
MSFT,calibrated_hist_gradient_boosting,2,2022-08-29,-1,1,0.514894198492687,0.514894198492687,0.29699072052963954,0.2179034779630475
MSFT,calibrated_hist_gradient_boosting,2,2022-08-30,0,1,0.5068430097795569,0.5068430097795569,0.29898582534882806,0.20785718443072881
MSFT,calibrated_hist_gradient_boosting,2,2022-08-31,0,1,0.5390485351184925,0.5390485351184925,0.2968749079492961,0.24217362716919638
MSFT,calibrated_hist_gradient_boosting,2,2022-09-01,0,1,0.5412695621698731,0.5412695621698731,0.3041891755397668,0.23708038663010628
MSFT,calibrated_hist_gradient_boosting,2,2022-09-02,1,1,0.4962050216031555,0.4962050216031555,0.32200615717268605,0.17419886443046945
MSFT,calibrated_hist_gradient_boosting,2,2022-09-06,0,1,0.5171885160964944,0.5171885160964944,0.28803807920694563,0.22915043688954878
MSFT,calibrated_hist_gradient_boosting,2,2022-09-07,-1,1,0.5378020363545923,0.5378020363545923,0.2943907580934479,0.24341127826114445
MSFT,calibrated_hist_gradient_boosting,2,2022-09-08,-1,1,0.5368610602650626,0.5368610602650626,0.3136600650078785,0.22320099525718412
MSFT,calibrated_hist_gradient_boosting,2,2022-09-09,-1,1,0.5363285233140496,0.5363285233140496,0.29139815238308825,0.24493037093096132
MSFT,calibrated_hist_gradient_boosting,2,2022-09-12,-1,1,0.4653239987268225,0.4653239987268225,0.3141912375414704,0.15113276118535213
MSFT,calibrated_hist_gradient_boosting,2,2022-09-13,-1,1,0.5458557054605166,0.5458557054605166,0.27647818283054887,0.2693775226299678
MSFT,calibrated_hist_gradient_boosting,2,2022-09-14,-1,1,0.5473523061753688,0.5473523061753688,0.26656687479676805,0.28078543137860074
MSFT,calibrated_hist_gradient_boosting,2,2022-09-15,0,1,0.5432933250033462,0.5432933250033462,0.27109144155896164,0.2722018834443845
MSFT,calibrated_hist_gradient_boosting,2,2022-09-16,-1,1,0.5440782130422241,0.5440782130422241,0.2569949725654978,0.28708324047672634
MSFT,calibrated_hist_gradient_boosting,2,2022-09-19,-1,1,0.5537990055480427,0.5537990055480427,0.2683218370488821,0.28547716849916066
MSFT,calibrated_hist_gradient_boosting,2,2022-09-20,-1,1,0.5756658231456057,0.5756658231456057,0.2734387767614837,0.30222704638412196
MSFT,calibrated_hist_gradient_boosting,2,2022-09-21,0,1,0.5253943977068217,0.5253943977068217,0.2910305865682684,0.2343638111385533
MSFT,calibrated_hist_gradient_boosting,2,2022-09-22,0,1,0.5477583693328545,0.5477583693328545,0.2765255969075216,0.2712327724253329
MSFT,calibrated_hist_gradient_boosting,2,2022-09-23,-1,1,0.5469199002128767,0.5469199002128767,0.28063709764067196,0.26628280257220477
MSFT,calibrated_hist_gradient_boosting,2,2022-09-26,0,1,0.5716474824161182,0.5716474824161182,0.2785902989826352,0.29305718343348297
MSFT,calibrated_hist_gradient_boosting,2,2022-09-27,1,1,0.5005291840938679,0.5005291840938679,0.31882196943806745,0.18170721465580048
MSFT,calibrated_hist_gradient_boosting,2,2022-09-28,1,1,0.5234297371950194,0.5234297371950194,0.28309839713084334,0.24033134006417606
MSFT,calibrated_hist_gradient_boosting,2,2022-09-29,1,1,0.5307582496704635,0.5307582496704635,0.28861919894114324,0.24213905072932024
MSFT,calibrated_hist_gradient_boosting,2,2022-09-30,0,1,0.5247357965811215,0.5247357965811215,0.29253687401666756,0.2321989225644539
MSFT,calibrated_hist_gradient_boosting,2,2022-10-03,-1,1,0.4533364752412514,0.4533364752412514,0.30982324971786845,0.14351322552338297
MSFT,calibrated_hist_gradient_boosting,2,2022-10-04,-1,1,0.3971296602406315,0.3971296602406315,0.32804957822042907,0.06908008202020244
MSFT,calibrated_hist_gradient_boosting,2,2022-10-05,-1,1,0.43213272375328615,0.43213272375328615,0.31271672749512197,0.11941599625816418
MSFT,calibrated_hist_gradient_boosting,2,2022-10-06,-1,1,0.43531519157139514,0.43531519157139514,0.3151298352502942,0.12018535632110094
MSFT,calibrated_hist_gradient_boosting,2,2022-10-07,-1,1,0.4979902929191325,0.4979902929191325,0.29311149223701394,0.20487880068211856
MSFT,calibrated_hist_gradient_boosting,2,2022-10-10,1,1,0.5281002085802797,0.5281002085802797,0.25806354305608686,0.27003666552419286
MSFT,calibrated_hist_gradient_boosting,2,2022-10-11,1,1,0.533125684099467,0.533125684099467,0.2501265744051294,0.2829991096943376
MSFT,calibrated_hist_gradient_boosting,2,2022-10-12,1,1,0.5311994334125268,0.5311994334125268,0.2535953469557304,0.27760408645679646
MSFT,calibrated_hist_gradient_boosting,2,2022-10-13,0,1,0.4119735168393313,0.4119735168393313,0.29918321267048553,0.11279030416884578
MSFT,calibrated_hist_gradient_boosting,2,2022-10-14,1,1,0.4797750178052273,0.4797750178052273,0.3085345878217234,0.17124042998350392
MSFT,calibrated_hist_gradient_boosting,2,2022-10-17,1,1,0.46810431996188734,0.46810431996188734,0.2729039682116987,0.19520035175018863
MSFT,calibrated_hist_gradient_boosting,2,2022-10-18,1,1,0.4447833466673711,0.4447833466673711,0.2892287339637706,0.15555461270360055
MSFT,calibrated_hist_gradient_boosting,2,2022-10-19,-1,1,0.463091982247171,0.463091982247171,0.30304188464787923,0.16005009759929179
MSFT,calibrated_hist_gradient_boosting,2,2022-10-20,-1,1,0.483327488219685,0.483327488219685,0.2876714675145069,0.19565602070517812
MSFT,calibrated_hist_gradient_boosting,2,2022-10-21,-1,1,0.3843202659964724,0.3843202659964724,0.3248741152554199,0.05944615074105247
MSFT,calibrated_hist_gradient_boosting,2,2022-10-24,-1,1,0.4006999010619004,0.4006999010619004,0.3195379067750856,0.08116199428681481
MSFT,calibrated_hist_gradient_boosting,2,2022-10-25,-1,1,0.42041299862475334,0.42041299862475334,0.3123882694384735,0.10802472918627987
MSFT,calibrated_hist_gradient_boosting,2,2022-10-26,-1,1,0.5123852063960951,0.5123852063960951,0.27923152347710456,0.23315368291899052
MSFT,calibrated_hist_gradient_boosting,2,2022-10-27,-1,1,0.5574814435272712,0.5574814435272712,0.26568705408171706,0.2917943894455542
MSFT,calibrated_hist_gradient_boosting,2,2022-10-28,-1,1,0.4467753600784004,0.4467753600784004,0.2786010904967348,0.1681742695816656
MSFT,calibrated_hist_gradient_boosting,2,2022-10-31,0,1,0.570071748544053,0.570071748544053,0.27833318119816364,0.2917385673458893
MSFT,calibrated_hist_gradient_boosting,2,2022-11-01,0,1,0.5763624569294751,0.5763624569294751,0.2537625291015168,0.32259992782795827
MSFT,calibrated_hist_gradient_boosting,2,2022-11-02,1,1,0.5708587252101726,0.5708587252101726,0.2709210173602831,0.29993770784988943
MSFT,calibrated_hist_gradient_boosting,3,2022-11-03,1,1,0.45076925753911173,0.45076925753911173,0.27983606542069844,0.1709331921184133
MSFT,calibrated_hist_gradient_boosting,3,2022-11-04,1,1,0.43577723999242135,0.43577723999242135,0.2954345692511482,0.14034267074127316
MSFT,calibrated_hist_gradient_boosting,3,2022-11-07,1,1,0.4088931024570242,0.4088931024570242,0.30513182907984815,0.10376127337717606
MSFT,calibrated_hist_gradient_boosting,3,2022-11-08,1,1,0.4171094283109773,0.4171094283109773,0.2931007156904603,0.12400871262051699
MSFT,calibrated_hist_gradient_boosting,3,2022-11-09,1,1,0.46496845518637464,0.46496845518637464,0.26928268687613516,0.19568576831023948
MSFT,calibrated_hist_gradient_boosting,3,2022-11-10,0,1,0.428625595224239,0.428625595224239,0.3128179607046126,0.11580763451962639
MSFT,calibrated_hist_gradient_boosting,3,2022-11-11,-1,1,0.46862148670763765,0.46862148670763765,0.26596951540174807,0.20265197130588958
MSFT,calibrated_hist_gradient_boosting,3,2022-11-14,0,1,0.4197930537319614,0.4197930537319614,0.2957090064910695,0.12408404724089189
MSFT,calibrated_hist_gradient_boosting,3,2022-11-15,0,1,0.4455837123652573,0.4455837123652573,0.28031560212415146,0.16526811024110583
MSFT,calibrated_hist_gradient_boosting,3,2022-11-16,1,1,0.4514040245425866,0.4514040245425866,0.2814819766665813,0.1699220478760053
MSFT,calibrated_hist_gradient_boosting,3,2022-11-17,1,1,0.4359151397048921,0.4359151397048921,0.28848178214211123,0.14743335756278086
MSFT,calibrated_hist_gradient_boosting,3,2022-11-18,0,1,0.4319576192860249,0.4319576192860249,0.28964186380847023,0.14231575547755465
MSFT,calibrated_hist_gradient_boosting,3,2022-11-21,0,1,0.43524331657973353,0.43524331657973353,0.2892773538724729,0.14596596270726064
MSFT,calibrated_hist_gradient_boosting,3,2022-11-22,1,1,0.45341480590610717,0.45341480590610717,0.27599696305524873,0.17741784285085843
MSFT,calibrated_hist_gradient_boosting,3,2022-11-23,1,1,0.4437074783961655,0.4437074783961655,0.2825262372230152,0.1611812411731503
MSFT,calibrated_hist_gradient_boosting,3,2022-11-25,1,1,0.40555292223768286,0.40555292223768286,0.3025650111909178,0.10298791104676508
MSFT,calibrated_hist_gradient_boosting,3,2022-11-28,1,1,0.39465216682497156,0.39465216682497156,0.3035833245391101,0.09106884228586148
MSFT,calibrated_hist_gradient_boosting,3,2022-11-29,0,1,0.38829857754636193,0.38829857754636193,0.3191016654064969,0.06919691213986501
MSFT,calibrated_hist_gradient_boosting,3,2022-11-30,-1,1,0.3671778385855069,0.3671778385855069,0.35335466840735624,0.013823170178150657
MSFT,calibrated_hist_gradient_boosting,3,2022-12-01,-1,1,0.40540154598656536,0.40540154598656536,0.31824919813285574,0.08715234785370962
MSFT,calibrated_hist_gradient_boosting,3,2022-12-02,-1,1,0.4268569131902776,0.4268569131902776,0.3009139152419347,0.12594299794834285
MSFT,calibrated_hist_gradient_boosting,3,2022-12-05,0,1,0.42153511916772485,0.42153511916772485,0.29762333369286315,0.1239117854748617
MSFT,calibrated_hist_gradient_boosting,3,2022-12-06,1,1,0.4143059788856735,0.4143059788856735,0.2964795744521318,0.1178264044335417
MSFT,calibrated_hist_gradient_boosting,3,2022-12-07,1,1,0.41681697383649197,0.41681697383649197,0.3125221897504196,0.10429478408607235
MSFT,calibrated_hist_gradient_boosting,3,2022-12-08,0,1,0.41202832435047015,0.41202832435047015,0.3042299520385056,0.10779837231196454
MSFT,calibrated_hist_gradient_boosting,3,2022-12-09,0,1,0.4130425035588014,0.4130425035588014,0.3072805881623522,0.10576191539644919
MSFT,calibrated_hist_gradient_boosting,3,2022-12-12,-1,1,0.4311727846685743,0.4311727846685743,0.2988044966151278,0.13236828805344647
MSFT,calibrated_hist_gradient_boosting,3,2022-12-13,-1,1,0.4240046665319217,0.4240046665319217,0.32544437363405504,0.09856029289786666
MSFT,calibrated_hist_gradient_boosting,3,2022-12-14,-1,1,0.4141554417151358,0.4141554417151358,0.3160095295871199,0.09814591212801588
MSFT,calibrated_hist_gradient_boosting,3,2022-12-15,-1,1,0.4020534988895212,0.4020534988895212,0.32258343743482515,0.07947006145469604
MSFT,calibrated_hist_gradient_boosting,3,2022-12-16,-1,1,0.3865564244332765,0.3865564244332765,0.33297512638340027,0.053581298049876214
MSFT,calibrated_hist_gradient_boosting,3,2022-12-19,0,1,0.4062437742412346,0.4062437742412346,0.32137594877147585,0.08486782546975874
MSFT,calibrated_hist_gradient_boosting,3,2022-12-20,-1,1,0.4135280603159895,0.4135280603159895,0.33100097935799716,0.08252708095799233
MSFT,calibrated_hist_gradient_boosting,3,2022-12-21,0,1,0.41273070818862506,0.41273070818862506,0.32019783310950617,0.09253287507911889
MSFT,calibrated_hist_gradient_boosting,3,2022-12-22,0,1,0.4122386443725034,0.4122386443725034,0.312050903310016,0.1001877410624874
MSFT,calibrated_hist_gradient_boosting,3,2022-12-23,0,1,0.4414078249951781,0.4414078249951781,0.2984208273258409,0.1429869976693372
MSFT,calibrated_hist_gradient_boosting,3,2022-12-27,-1,1,0.4328404575386274,0.4328404575386274,0.3052881245271739,0.12755233301145347
MSFT,calibrated_hist_gradient_boosting,3,2022-12-28,-1,1,0.42606342598221775,0.42606342598221775,0.3093007933693577,0.11676263261286007
MSFT,calibrated_hist_gradient_boosting,3,2022-12-29,-1,1,0.3973191139488645,0.3973191139488645,0.3227957582967621,0.07452335565210239
MSFT,calibrated_hist_gradient_boosting,3,2022-12-30,-1,1,0.42290772867447646,0.42290772867447646,0.3004119026256229,0.12249582604885356
MSFT,calibrated_hist_gradient_boosting,3,2023-01-03,-1,1,0.42124121694613686,0.42124121694613686,0.30541324857450847,0.1158279683716284
MSFT,calibrated_hist_gradient_boosting,3,2023-01-04,1,1,0.43828704326865836,0.43828704326865836,0.29790140502600293,0.14038563824265543
MSFT,calibrated_hist_gradient_boosting,3,2023-01-05,1,1,0.4558894671933913,0.4558894671933913,0.2848903045730912,0.17099916262030007
MSFT,calibrated_hist_gradient_boosting,3,2023-01-06,1,1,0.44636965232045106,0.44636965232045106,0.2865997313563033,0.15976992096414777
MSFT,calibrated_hist_gradient_boosting,3,2023-01-09,1,1,0.44780514441328106,0.44780514441328106,0.29400138850394614,0.15380375590933493
MSFT,calibrated_hist_gradient_boosting,3,2023-01-10,1,1,0.4480274735321885,0.4480274735321885,0.27718163171234184,0.1708458418198467
MSFT,calibrated_hist_gradient_boosting,3,2023-01-11,0,1,0.40837832557404147,0.40837832557404147,0.3067418231903322,0.10163650238370925
MSFT,calibrated_hist_gradient_boosting,3,2023-01-12,0,1,0.40388271528226505,0.40388271528226505,0.30755740258993464,0.09632531269233041
MSFT,calibrated_hist_gradient_boosting,3,2023-01-13,0,1,0.4240560037574839,0.4240560037574839,0.2889679662249312,0.13508803753255272
MSFT,calibrated_hist_gradient_boosting,3,2023-01-17,0,1,0.38695067489146173,0.38695067489146173,0.32641213379271344,0.06053854109874829
MSFT,calibrated_hist_gradient_boosting,3,2023-01-18,1,1,0.42500067415020054,0.42500067415020054,0.2964840727514906,0.12851660139870996
MSFT,calibrated_hist_gradient_boosting,3,2023-01-19,1,1,0.44244940061406807,0.44244940061406807,0.29041585352240534,0.15203354709166272
MSFT,calibrated_hist_gradient_boosting,3,2023-01-20,1,1,0.39508300886012876,0.39508300886012876,0.321826288135824,0.07325672072430478
MSFT,calibrated_hist_gradient_boosting,3,2023-01-23,0,1,0.4271966889011747,0.4271966889011747,0.2916880997294633,0.13550858917171138
MSFT,calibrated_hist_gradient_boosting,3,2023-01-24,1,1,0.3967146008809353,0.3967146008809353,0.3212304689997508,0.07548413188118452
MSFT,calibrated_hist_gradient_boosting,3,2023-01-25,1,1,0.4236378051473024,0.4236378051473024,0.2966236394803546,0.12701416566694784
MSFT,calibrated_hist_gradient_boosting,3,2023-01-26,1,1,0.42824014714003295,0.42824014714003295,0.3052567760217659,0.12298337111826707
MSFT,calibrated_hist_gradient_boosting,3,2023-01-27,1,1,0.4184968209082867,0.4184968209082867,0.29865845684913656,0.11983836405915016
MSFT,calibrated_hist_gradient_boosting,3,2023-01-30,1,1,0.40366572498972525,0.40366572498972525,0.31551753097238977,0.08814819401733548
MSFT,calibrated_hist_gradient_boosting,3,2023-01-31,1,1,0.44123876105417775,0.44123876105417775,0.28761422014164006,0.1536245409125377
MSFT,calibrated_hist_gradient_boosting,3,2023-02-01,1,1,0.426517471617818,0.426517471617818,0.3109399082405111,0.1155775633773069
MSFT,calibrated_hist_gradient_boosting,3,2023-02-02,0,1,0.40434131737978746,0.40434131737978746,0.3384931842304204,0.06584813314936705
MSFT,calibrated_hist_gradient_boosting,3,2023-02-03,0,1,0.408242266863098,0.408242266863098,0.31611259878175485,0.09212966808134315
MSFT,calibrated_hist_gradient_boosting,3,2023-02-06,1,1,0.43645873364389925,0.43645873364389925,0.2902294078497109,0.14622932579418835
MSFT,calibrated_hist_gradient_boosting,3,2023-02-07,0,1,0.41991846189449333,0.41991846189449333,0.3317806655087101,0.08813779638578323
MSFT,calibrated_hist_gradient_boosting,3,2023-02-08,0,1,0.431948163689799,0.431948163689799,0.31771889295832606,0.11422927073147293
MSFT,calibrated_hist_gradient_boosting,3,2023-02-09,0,1,0.4380339379977716,0.4380339379977716,0.2999636323567843,0.13807030564098732
MSFT,calibrated_hist_gradient_boosting,3,2023-02-10,0,1,0.41367565768326764,0.41367565768326764,0.30832307412770543,0.10535258355556221
MSFT,calibrated_hist_gradient_boosting,3,2023-02-13,-1,1,0.4356932814452494,0.4356932814452494,0.32111614079608236,0.11457714064916702
MSFT,calibrated_hist_gradient_boosting,3,2023-02-14,-1,1,0.3966298014164649,0.3966298014164649,0.3233424022165959,0.07328739919986904
MSFT,calibrated_hist_gradient_boosting,3,2023-02-15,-1,1,0.40862493283114437,0.40862493283114437,0.30901323362012517,0.0996116992110192
MSFT,calibrated_hist_gradient_boosting,3,2023-02-16,-1,1,0.4299904913657488,0.4299904913657488,0.3103994741324911,0.11959101723325771
MSFT,calibrated_hist_gradient_boosting,3,2023-02-17,-1,1,0.40895066721569945,0.40895066721569945,0.3164196475246109,0.09253101969108857
MSFT,calibrated_hist_gradient_boosting,3,2023-02-21,0,1,0.3818204677743033,0.3818204677743033,0.33622532998475685,0.045595137789546436
MSFT,calibrated_hist_gradient_boosting,3,2023-02-22,-1,1,0.3780178911618943,0.3780178911618943,0.34521930681633095,0.032798584345563375
MSFT,calibrated_hist_gradient_boosting,3,2023-02-23,0,1,0.38800844081554753,0.38800844081554753,0.33751606982048593,0.0504923709950616
MSFT,calibrated_hist_gradient_boosting,3,2023-02-24,1,1,0.38290098512083165,0.38290098512083165,0.3286731415162249,0.05422784360460675
MSFT,calibrated_hist_gradient_boosting,3,2023-02-27,1,1,0.39249879087321987,0.39249879087321987,0.33833006044949016,0.054168730423729716
MSFT,calibrated_hist_gradient_boosting,3,2023-02-28,0,1,0.36412464934305994,0.36412464934305994,0.3493260987307094,0.014798550612350525
MSFT,calibrated_hist_gradient_boosting,3,2023-03-01,1,1,0.4064800100450008,0.4064800100450008,0.3329157430102247,0.07356426703477609
MSFT,calibrated_hist_gradient_boosting,3,2023-03-02,0,1,0.3789505218880212,0.3789505218880212,0.34196302452187227,0.036987497366148925
MSFT,calibrated_hist_gradient_boosting,3,2023-03-03,-1,1,0.4131324334183568,0.4131324334183568,0.30539529383165753,0.10773713958669928
MSFT,calibrated_hist_gradient_boosting,3,2023-03-06,0,1,0.38946240896064666,0.38946240896064666,0.33037078004789194,0.05909162891275471
MSFT,calibrated_hist_gradient_boosting,3,2023-03-07,1,1,0.4230957845072842,0.4230957845072842,0.3088558807939677,0.11423990371331649
MSFT,calibrated_hist_gradient_boosting,3,2023-03-08,1,1,0.398992883461794,0.398992883461794,0.32004762059207986,0.07894526286971415
MSFT,calibrated_hist_gradient_boosting,3,2023-03-09,1,1,0.38516502519390095,0.38516502519390095,0.33633272406348586,0.04883230113041509
MSFT,calibrated_hist_gradient_boosting,3,2023-03-10,1,1,0.4211171218294963,0.4211171218294963,0.30793738089294864,0.11317974093654765
MSFT,calibrated_hist_gradient_boosting,3,2023-03-13,1,1,0.37397161933136563,0.37397161933136563,0.34988345440888785,0.024088164922477784
MSFT,calibrated_hist_gradient_boosting,3,2023-03-14,1,1,0.39380680396492246,0.39380680396492246,0.33670497091470003,0.05710183305022243
MSFT,calibrated_hist_gradient_boosting,3,2023-03-15,1,1,0.3855949288019136,0.3855949288019136,0.3395300453030154,0.0460648834988982
MSFT,calibrated_hist_gradient_boosting,3,2023-03-16,0,1,0.3844475876807212,0.3844475876807212,0.3467733254653696,0.037674262215351584
MSFT,calibrated_hist_gradient_boosting,3,2023-03-17,0,1,0.38528584971177526,0.38528584971177526,0.3408766546947753,0.04440919501699997
MSFT,calibrated_hist_gradient_boosting,3,2023-03-20,0,1,0.44348202699056777,0.44348202699056777,0.3054455594809421,0.13803646750962567
MSFT,calibrated_hist_gradient_boosting,3,2023-03-21,0,1,0.42454555278374917,0.42454555278374917,0.30633084357584933,0.11821470920789984
MSFT,calibrated_hist_gradient_boosting,3,2023-03-22,1,1,0.46047809508633025,0.46047809508633025,0.29054663276692244,0.1699314623194078
MSFT,calibrated_hist_gradient_boosting,3,2023-03-23,1,1,0.4287452213732635,0.4287452213732635,0.31790098945133627,0.11084423192192722
MSFT,calibrated_hist_gradient_boosting,3,2023-03-24,1,1,0.40394572909152665,0.40394572909152665,0.3288766949576534,0.07506903413387322
MSFT,calibrated_hist_gradient_boosting,3,2023-03-27,1,1,0.44584564396289084,0.44584564396289084,0.30177164299060905,0.1440740009722818
MSFT,calibrated_hist_gradient_boosting,3,2023-03-28,1,1,0.4372930607077712,0.4372930607077712,0.3020630353682718,0.1352300253394994
MSFT,calibrated_hist_gradient_boosting,3,2023-03-29,0,1,0.4068682290709882,0.4068682290709882,0.32047038550380647,0.08639784356718172
MSFT,calibrated_hist_gradient_boosting,3,2023-03-30,1,1,0.3979756440761606,0.3979756440761606,0.3324393968452985,0.0655362472308621
MSFT,calibrated_hist_gradient_boosting,3,2023-03-31,0,1,0.3946018817362214,0.3946018817362214,0.3379803581754171,0.0566215235608043
MSFT,calibrated_hist_gradient_boosting,3,2023-04-03,0,1,0.38240212387607264,0.38240212387607264,0.3175891420030911,0.06481298187298157
MSFT,calibrated_hist_gradient_boosting,3,2023-04-04,0,1,0.40872763136967555,0.40872763136967555,0.3271858374001538,0.08154179396952177
MSFT,calibrated_hist_gradient_boosting,3,2023-04-05,0,1,0.4167861020040453,0.4167861020040453,0.3127734249496132,0.10401267705443212
MSFT,calibrated_hist_gradient_boosting,3,2023-04-06,0,1,0.4119531420124876,0.4119531420124876,0.32045887509447707,0.09149426691801055
MSFT,calibrated_hist_gradient_boosting,3,2023-04-10,0,1,0.4139713736914297,0.4139713736914297,0.3223790603890367,0.09159231330239304
MSFT,calibrated_hist_gradient_boosting,3,2023-04-11,0,1,0.4068562291948294,0.4068562291948294,0.30813139677110885,0.09872483242372054
MSFT,calibrated_hist_gradient_boosting,3,2023-04-12,0,1,0.43122864000593025,0.43122864000593025,0.3010050689205438,0.13022357108538646
MSFT,calibrated_hist_gradient_boosting,3,2023-04-13,0,1,0.42537014255083844,0.42537014255083844,0.29296396936795244,0.132406173182886
MSFT,calibrated_hist_gradient_boosting,3,2023-04-14,0,1,0.44169995001530354,0.44169995001530354,0.2876034337598568,0.15409651625544674
MSFT,calibrated_hist_gradient_boosting,3,2023-04-17,-1,1,0.4319586186165975,0.4319586186165975,0.28572569715070556,0.14623292146589195
MSFT,calibrated_hist_gradient_boosting,3,2023-04-18,-1,1,0.4284613268594775,0.4284613268594775,0.2918916082377467,0.13656971862173084
MSFT,calibrated_hist_gradient_boosting,3,2023-04-19,1,1,0.4212753230895185,0.4212753230895185,0.29541588409115493,0.12585943899836355
MSFT,calibrated_hist_gradient_boosting,3,2023-04-20,1,1,0.4118910420650765,0.4118910420650765,0.2954437740859781,0.11644726797909838
MSFT,calibrated_hist_gradient_boosting,3,2023-04-21,1,1,0.43617639680952075,0.43617639680952075,0.29086169742801277,0.14531469938150798
MSFT,calibrated_hist_gradient_boosting,3,2023-04-24,1,1,0.42399008529518506,0.42399008529518506,0.3052684298228699,0.11872165547231517
MSFT,calibrated_hist_gradient_boosting,3,2023-04-25,1,1,0.3878354207039307,0.3878354207039307,0.320243609293384,0.06759181141054665
MSFT,calibrated_hist_gradient_boosting,3,2023-04-26,1,1,0.41473163123126905,0.41473163123126905,0.3381302700673603,0.07660136116390875
MSFT,calibrated_hist_gradient_boosting,3,2023-04-27,0,1,0.3946332263162957,0.3946332263162957,0.3295844453624425,0.06504878095385319
MSFT,calibrated_hist_gradient_boosting,3,2023-04-28,0,1,0.39349317524709954,0.39349317524709954,0.3345852634306634,0.05890791181643612
MSFT,calibrated_hist_gradient_boosting,3,2023-05-01,0,1,0.3825815296495441,0.3825815296495441,0.3391535703325042,0.04342795931703991
MSFT,calibrated_hist_gradient_boosting,3,2023-05-02,0,1,0.4172958251732461,0.4172958251732461,0.31430836792400196,0.10298745724924413
MSFT,calibrated_hist_gradient_boosting,3,2023-05-03,1,1,0.41998458206702455,0.41998458206702455,0.31002015539731786,0.10996442666970668
MSFT,calibrated_hist_gradient_boosting,3,2023-05-04,0,1,0.4150102257083055,0.4150102257083055,0.3262462265860638,0.0887639991222417
MSFT,calibrated_hist_gradient_boosting,3,2023-05-05,0,1,0.3715004125854613,0.3715004125854613,0.34330109320642527,0.028199319379036025
MSFT,calibrated_hist_gradient_boosting,3,2023-05-08,0,1,0.4000265990915988,0.4000265990915988,0.3162942069388675,0.08373239215273132
MSFT,calibrated_hist_gradient_boosting,3,2023-05-09,0,1,0.4134481285498502,0.4134481285498502,0.3213286953535582,0.09211943319629201
MSFT,calibrated_hist_gradient_boosting,3,2023-05-10,0,1,0.3960421146260617,0.3960421146260617,0.32821632381652777,0.06782579080953394
MSFT,calibrated_hist_gradient_boosting,3,2023-05-11,1,1,0.38166294099512516,0.38166294099512516,0.34095414985039624,0.04070879114472892
MSFT,calibrated_hist_gradient_boosting,3,2023-05-12,1,1,0.4107938272686864,0.4107938272686864,0.31734039091964533,0.09345343634904107
MSFT,calibrated_hist_gradient_boosting,3,2023-05-15,1,1,0.4028816655059933,0.4028816655059933,0.3238872053199064,0.07899446018608691
MSFT,calibrated_hist_gradient_boosting,3,2023-05-16,0,1,0.4180410043088971,0.4180410043088971,0.3168120889536075,0.1012289153552896
MSFT,calibrated_hist_gradient_boosting,3,2023-05-17,0,1,0.40230559905711166,0.40230559905711166,0.3101105904512634,0.09219500860584828
MSFT,calibrated_hist_gradient_boosting,3,2023-05-18,1,1,0.4139257776310528,0.4139257776310528,0.3254062712338648,0.08851950639718803
MSFT,calibrated_hist_gradient_boosting,3,2023-05-19,1,1,0.420032040730599,0.420032040730599,0.31383534102140886,0.10619669970919016
MSFT,calibrated_hist_gradient_boosting,3,2023-05-22,1,1,0.39109071711891774,0.39109071711891774,0.3423298840704884,0.04876083304842932
MSFT,calibrated_hist_gradient_boosting,3,2023-05-23,1,1,0.42227259663753086,0.42227259663753086,0.3036941411758067,0.11857845546172419
MSFT,calibrated_hist_gradient_boosting,3,2023-05-24,1,1,0.40624705889048446,0.40624705889048446,0.30701752237332564,0.09922953651715882
MSFT,calibrated_hist_gradient_boosting,3,2023-05-25,1,1,0.4181468420876604,0.4181468420876604,0.32982206979357825,0.08832477229408214
MSFT,calibrated_hist_gradient_boosting,3,2023-05-26,0,1,0.385045140112749,0.385045140112749,0.3395413130536946,0.04550382705905437
MSFT,calibrated_hist_gradient_boosting,3,2023-05-30,0,1,0.37994409474186924,0.37994409474186924,0.32950435644484644,0.05043973829702281
MSFT,calibrated_hist_gradient_boosting,3,2023-05-31,0,1,0.41153464152009817,0.41153464152009817,0.3167535670235684,0.09478107449652978
MSFT,calibrated_hist_gradient_boosting,3,2023-06-01,-1,1,0.379716991515848,0.379716991515848,0.3297860785473321,0.04993091296851587
MSFT,calibrated_hist_gradient_boosting,3,2023-06-02,-1,1,0.37181122745099454,0.37181122745099454,0.32174720973404647,0.05006401771694807
MSFT,calibrated_hist_gradient_boosting,3,2023-06-05,0,1,0.3650002810177113,0.3650002810177113,0.34633418706619185,0.01866609395151947
MSFT,calibrated_hist_gradient_boosting,3,2023-06-06,0,1,0.39937642212526914,0.39937642212526914,0.31198427551162355,0.08739214661364558
MSFT,calibrated_hist_gradient_boosting,3,2023-06-07,1,1,0.42099783308690136,0.42099783308690136,0.3113518856213169,0.10964594746558448
MSFT,calibrated_hist_gradient_boosting,3,2023-06-08,1,1,0.435983029740677,0.435983029740677,0.29608363520812037,0.13989939453255662
MSFT,calibrated_hist_gradient_boosting,3,2023-06-09,1,1,0.4405858535559781,0.4405858535559781,0.2851884246550571,0.155397428900921
MSFT,calibrated_hist_gradient_boosting,3,2023-06-12,0,1,0.4068509562616482,0.4068509562616482,0.30576460886638324,0.10108634739526495
MSFT,calibrated_hist_gradient_boosting,3,2023-06-13,0,1,0.4103628284797048,0.4103628284797048,0.29728336294645513,0.11307946553324966
MSFT,calibrated_hist_gradient_boosting,3,2023-06-14,0,1,0.39527346085756765,0.39527346085756765,0.3270111613277756,0.06826229952979207
MSFT,calibrated_hist_gradient_boosting,3,2023-06-15,-1,1,0.3754901392076973,0.3754901392076973,0.34125717868244787,0.034232960525249434
MSFT,calibrated_hist_gradient_boosting,3,2023-06-16,-1,1,0.3885563331082768,0.3885563331082768,0.33015655396857835,0.05839977913969846
MSFT,calibrated_hist_gradient_boosting,3,2023-06-20,0,1,0.39859059493065563,0.39859059493065563,0.3039427003263222,0.09464789460433343
MSFT,calibrated_hist_gradient_boosting,3,2023-06-21,0,1,0.41852215551759375,0.41852215551759375,0.2953674666020076,0.12315468891558617
MSFT,calibrated_hist_gradient_boosting,3,2023-06-22,0,1,0.41248393525136473,0.41248393525136473,0.29477178905915924,0.11771214619220549
MSFT,calibrated_hist_gradient_boosting,3,2023-06-23,0,1,0.41789938446375485,0.41789938446375485,0.29714142339674704,0.12075796106700781
MSFT,calibrated_hist_gradient_boosting,3,2023-06-26,1,1,0.44913626246884325,0.44913626246884325,0.2884892276074131,0.16064703486143017
MSFT,calibrated_hist_gradient_boosting,3,2023-06-27,0,1,0.44176378810084144,0.44176378810084144,0.2819905539063225,0.15977323419451894
MSFT,calibrated_hist_gradient_boosting,3,2023-06-28,0,1,0.4509757976936168,0.4509757976936168,0.28056078188349814,0.17041501581011864
MSFT,calibrated_hist_gradient_boosting,3,2023-06-29,0,1,0.4428193097265753,0.4428193097265753,0.28264205721350666,0.16017725251306864
MSFT,calibrated_hist_gradient_boosting,3,2023-06-30,-1,1,0.43743026642983085,0.43743026642983085,0.28360512030383384,0.15382514612599701
MSFT,calibrated_hist_gradient_boosting,3,2023-07-03,0,1,0.4399451923898445,0.4399451923898445,0.28600565655862314,0.15393953583122133
MSFT,calibrated_hist_gradient_boosting,3,2023-07-05,0,1,0.4379973919976876,0.4379973919976876,0.2915576120839839,0.14643977991370372
MSFT,calibrated_hist_gradient_boosting,3,2023-07-06,0,1,0.4391130919396929,0.4391130919396929,0.280850836083012,0.1582622558566809
MSFT,calibrated_hist_gradient_boosting,3,2023-07-07,1,1,0.3948300657630636,0.3948300657630636,0.31298246458020335,0.08184760118286027
MSFT,calibrated_hist_gradient_boosting,3,2023-07-10,1,1,0.40517562241024424,0.40517562241024424,0.3077280856138288,0.09744753679641543
MSFT,calibrated_hist_gradient_boosting,3,2023-07-11,1,1,0.4218532462716713,0.4218532462716713,0.29970892392798537,0.12214432234368594
MSFT,calibrated_hist_gradient_boosting,3,2023-07-12,1,1,0.4234126317729212,0.4234126317729212,0.29230988213775494,0.13110274963516627
MSFT,calibrated_hist_gradient_boosting,3,2023-07-13,0,1,0.4115056413100537,0.4115056413100537,0.2972917919829983,0.11421384932705536
MSFT,calibrated_hist_gradient_boosting,3,2023-07-14,0,1,0.4434993040336778,0.4434993040336778,0.28580334445172956,0.15769595958194826
MSFT,calibrated_hist_gradient_boosting,3,2023-07-17,0,1,0.4121337790345902,0.4121337790345902,0.29848689976544884,0.11364687926914135
MSFT,calibrated_hist_gradient_boosting,3,2023-07-18,-1,1,0.41607584951360194,0.41607584951360194,0.3143920372840802,0.10168381222952172
MSFT,calibrated_hist_gradient_boosting,3,2023-07-19,-1,1,0.43896557763584837,0.43896557763584837,0.2863554690537787,0.1526101085820697
MSFT,calibrated_hist_gradient_boosting,3,2023-07-20,-1,1,0.4656248898806192,0.4656248898806192,0.2711085007066743,0.19451638917394487
MSFT,calibrated_hist_gradient_boosting,3,2023-07-21,0,1,0.43027891545063407,0.43027891545063407,0.28686197248437617,0.1434169429662579
MSFT,calibrated_hist_gradient_boosting,3,2023-07-24,-1,1,0.44661206557689676,0.44661206557689676,0.2820361586063144,0.16457590697058233
MSFT,calibrated_hist_gradient_boosting,3,2023-07-25,-1,1,0.4388101653987184,0.4388101653987184,0.2843915888691138,0.1544185765296046
MSFT,calibrated_hist_gradient_boosting,3,2023-07-26,-1,1,0.4242264612846258,0.4242264612846258,0.29278508224168726,0.13144137904293857
MSFT,calibrated_hist_gradient_boosting,3,2023-07-27,0,1,0.4480656064039694,0.4480656064039694,0.2833421220940047,0.1647234843099647
MSFT,calibrated_hist_gradient_boosting,3,2023-07-28,-1,1,0.41843260751221284,0.41843260751221284,0.2983398621752404,0.12009274533697245
MSFT,calibrated_hist_gradient_boosting,3,2023-07-31,0,1,0.46339735527946546,0.46339735527946546,0.27105192480361356,0.1923454304758519
MSFT,calibrated_hist_gradient_boosting,3,2023-08-01,-1,1,0.45277041824765196,0.45277041824765196,0.27374670920510935,0.1790237090425426
MSFT,calibrated_hist_gradient_boosting,3,2023-08-02,0,1,0.46774048963020154,0.46774048963020154,0.26640230933101766,0.20133818029918388
MSFT,calibrated_hist_gradient_boosting,3,2023-08-03,0,1,0.4596718481037998,0.4596718481037998,0.27671151779365644,0.18296033031014336
MSFT,calibrated_hist_gradient_boosting,3,2023-08-04,-1,1,0.470142556480414,0.470142556480414,0.28123363303821186,0.18890892344220211
MSFT,calibrated_hist_gradient_boosting,3,2023-08-07,0,1,0.46280007388688577,0.46280007388688577,0.27283718031774995,0.18996289356913582
MSFT,calibrated_hist_gradient_boosting,3,2023-08-08,0,1,0.46021895950472197,0.46021895950472197,0.274965203241539,0.18525375626318297
MSFT,calibrated_hist_gradient_boosting,3,2023-08-09,0,1,0.43809435118958157,0.43809435118958157,0.2836952634010545,0.15439908778852707
MSFT,calibrated_hist_gradient_boosting,3,2023-08-10,0,1,0.44501102465509407,0.44501102465509407,0.2887751158765503,0.15623590877854376
MSFT,calibrated_hist_gradient_boosting,3,2023-08-11,0,1,0.4313012817072202,0.4313012817072202,0.29235173018722477,0.13894955151999544
MSFT,calibrated_hist_gradient_boosting,3,2023-08-14,0,1,0.440404779736767,0.440404779736767,0.28846229980728905,0.15194247992947796
MSFT,calibrated_hist_gradient_boosting,3,2023-08-15,0,1,0.426753192807851,0.426753192807851,0.29412646810261944,0.13262672470523157
MSFT,calibrated_hist_gradient_boosting,3,2023-08-16,1,1,0.45270930105847523,0.45270930105847523,0.28089559400225683,0.1718137070562184
MSFT,calibrated_hist_gradient_boosting,3,2023-08-17,0,1,0.4462615923783219,0.4462615923783219,0.28356199178259023,0.16269960059573169
MSFT,calibrated_hist_gradient_boosting,3,2023-08-18,1,1,0.4517806877505943,0.4517806877505943,0.2853731246629057,0.16640756308768861
MSFT,calibrated_hist_gradient_boosting,3,2023-08-21,0,1,0.4356289026892252,0.4356289026892252,0.28635250243829174,0.14927640025093347
MSFT,calibrated_hist_gradient_boosting,3,2023-08-22,0,1,0.44034395828135603,0.44034395828135603,0.28893896441326655,0.15140499386808948
MSFT,calibrated_hist_gradient_boosting,3,2023-08-23,0,1,0.4306258403123753,0.4306258403123753,0.2981507686629008,0.13247507164947447
MSFT,calibrated_hist_gradient_boosting,3,2023-08-24,1,1,0.42374594699362417,0.42374594699362417,0.300421662726213,0.12332428426741116
MSFT,calibrated_hist_gradient_boosting,3,2023-08-25,0,1,0.4278877952298705,0.4278877952298705,0.30522695486039236,0.12266084036947816
MSFT,calibrated_hist_gradient_boosting,3,2023-08-28,1,1,0.41107313367359355,0.41107313367359355,0.3007060381075264,0.11036709556606716
MSFT,calibrated_hist_gradient_boosting,3,2023-08-29,0,1,0.422752581828373,0.422752581828373,0.3003717203850319,0.1223808614433411
MSFT,calibrated_hist_gradient_boosting,3,2023-08-30,0,1,0.4074368786668671,0.4074368786668671,0.31091456714349036,0.09652231152337676
MSFT,calibrated_hist_gradient_boosting,3,2023-08-31,0,1,0.41131528665185235,0.41131528665185235,0.32561467853713993,0.08570060811471242
MSFT,calibrated_hist_gradient_boosting,3,2023-09-01,1,1,0.39966295552511405,0.39966295552511405,0.3292816700082111,0.07038128551690293
MSFT,calibrated_hist_gradient_boosting,3,2023-09-05,0,1,0.3998758938862381,0.3998758938862381,0.32038108014964845,0.07949481373658968
MSFT,calibrated_hist_gradient_boosting,3,2023-09-06,0,1,0.3998088489077882,0.3998088489077882,0.32287786655628653,0.07693098235150164
MSFT,calibrated_hist_gradient_boosting,3,2023-09-07,1,1,0.41948212197710727,0.41948212197710727,0.3092377147074219,0.11024440726968537
MSFT,calibrated_hist_gradient_boosting,3,2023-09-08,0,1,0.40930366479957087,0.40930366479957087,0.32642721825304294,0.08287644654652793
MSFT,calibrated_hist_gradient_boosting,3,2023-09-11,-1,1,0.38484848414772815,0.38484848414772815,0.3267240012568937,0.05812448289083444
MSFT,calibrated_hist_gradient_boosting,3,2023-09-12,0,1,0.4311769690529452,0.4311769690529452,0.3021624229284943,0.1290145461244509
MSFT,calibrated_hist_gradient_boosting,3,2023-09-13,-1,1,0.40392910015651035,0.40392910015651035,0.3268582171417938,0.07707088301471654
MSFT,calibrated_hist_gradient_boosting,3,2023-09-14,-1,1,0.36767661459955353,0.36767661459955353,0.3455030149482711,0.022173599651282405
MSFT,calibrated_hist_gradient_boosting,3,2023-09-15,-1,1,0.43139583400915865,0.43139583400915865,0.30283881980194477,0.12855701420721388
MSFT,calibrated_hist_gradient_boosting,3,2023-09-18,-1,1,0.40987919398681244,0.40987919398681244,0.3096605628043188,0.10021863118249363
MSFT,calibrated_hist_gradient_boosting,3,2023-09-19,-1,1,0.39858171318308533,0.39858171318308533,0.3320450548558594,0.06653665832722594
MSFT,calibrated_hist_gradient_boosting,3,2023-09-20,-1,1,0.4534769867986255,0.4534769867986255,0.28203093459108186,0.17144605220754366
MSFT,calibrated_hist_gradient_boosting,3,2023-09-21,0,1,0.437325329316075,0.437325329316075,0.30506969392690797,0.13225563538916701
MSFT,calibrated_hist_gradient_boosting,3,2023-09-22,0,1,0.4284445007602012,0.4284445007602012,0.31648981647886626,0.11195468428133493
MSFT,calibrated_hist_gradient_boosting,3,2023-09-25,0,1,0.43576365106965387,0.43576365106965387,0.29502801703827036,0.1407356340313835
MSFT,calibrated_hist_gradient_boosting,3,2023-09-26,0,1,0.44613493078842487,0.44613493078842487,0.2957787357868737,0.15035619500155117
MSFT,calibrated_hist_gradient_boosting,3,2023-09-27,0,1,0.4313967120080581,0.4313967120080581,0.30565853265211856,0.12573817935593956
MSFT,calibrated_hist_gradient_boosting,3,2023-09-28,0,1,0.42610515192427534,0.42610515192427534,0.3003304365183526,0.12577471540592272
MSFT,calibrated_hist_gradient_boosting,3,2023-09-29,1,1,0.4211312875884559,0.4211312875884559,0.3135959183561711,0.1075353692322848
MSFT,calibrated_hist_gradient_boosting,3,2023-10-02,1,1,0.42128641477239803,0.42128641477239803,0.3146992769649324,0.10658713780746565
MSFT,calibrated_hist_gradient_boosting,3,2023-10-03,1,1,0.4241392469317615,0.4241392469317615,0.2936581061495517,0.13048114078220985
MSFT,calibrated_hist_gradient_boosting,3,2023-10-04,1,1,0.42476731427136744,0.42476731427136744,0.3096134498836434,0.11515386438772401
MSFT,calibrated_hist_gradient_boosting,3,2023-10-05,1,1,0.4137193264940777,0.4137193264940777,0.31579424885033675,0.09792507764374098
MSFT,calibrated_hist_gradient_boosting,3,2023-10-06,0,1,0.3723533896884286,0.3723533896884286,0.3478552701652138,0.024498119523214845
MSFT,calibrated_hist_gradient_boosting,3,2023-10-09,0,1,0.4060287504569904,0.4060287504569904,0.3212889770075542,0.08473977344943617
MSFT,calibrated_hist_gradient_boosting,3,2023-10-10,0,1,0.36664021591125634,0.36664021591125634,0.3428385062095762,0.023801709701680163
MSFT,calibrated_hist_gradient_boosting,3,2023-10-11,0,1,0.3744610411728017,0.3744610411728017,0.3249610689930078,0.049499972179793905
MSFT,calibrated_hist_gradient_boosting,3,2023-10-12,0,1,0.40696511771428523,0.40696511771428523,0.3191516317133189,0.08781348600096633
MSFT,calibrated_hist_gradient_boosting,3,2023-10-13,0,1,0.40107993590669205,0.40107993590669205,0.32557549113146156,0.0755044447752305
MSFT,calibrated_hist_gradient_boosting,3,2023-10-16,0,1,0.398064591566687,0.398064591566687,0.33910473810874314,0.058959853457943856
MSFT,calibrated_hist_gradient_boosting,3,2023-10-17,0,1,0.40915095164078696,0.40915095164078696,0.32234036075703515,0.08681059088375181
MSFT,calibrated_hist_gradient_boosting,3,2023-10-18,1,1,0.3975672636409344,0.3975672636409344,0.3428732047877965,0.05469405885313794
MSFT,calibrated_hist_gradient_boosting,3,2023-10-19,0,1,0.39416071653955126,0.39416071653955126,0.3392844194236411,0.05487629711591013
MSFT,calibrated_hist_gradient_boosting,3,2023-10-20,0,1,0.38944632015634917,0.38944632015634917,0.33202317768766754,0.05742314246868163
MSFT,calibrated_hist_gradient_boosting,3,2023-10-23,1,1,0.36174240404572505,0.36174240404572505,0.3515766978919679,0.01016570615375717
MSFT,calibrated_hist_gradient_boosting,3,2023-10-24,1,1,0.36969425982678233,0.36969425982678233,0.3406398545388279,0.029054405287954443
MSFT,calibrated_hist_gradient_boosting,3,2023-10-25,0,1,0.4359007292260477,0.4359007292260477,0.3266575362227775,0.10924319300327023
MSFT,calibrated_hist_gradient_boosting,3,2023-10-26,1,1,0.4308060468580748,0.4308060468580748,0.31708973351929814,0.11371631333877663
MSFT,calibrated_hist_gradient_boosting,3,2023-10-27,1,1,0.4286676844257234,0.4286676844257234,0.31581785534988366,0.11284982907583974
MSFT,calibrated_hist_gradient_boosting,3,2023-10-30,1,1,0.4325041154563916,0.4325041154563916,0.2990322114075245,0.1334719040488671
MSFT,calibrated_hist_gradient_boosting,3,2023-10-31,1,1,0.425896044488693,0.425896044488693,0.30947422512877293,0.11642181935992008
MSFT,calibrated_hist_gradient_boosting,3,2023-11-01,1,1,0.43938125110147536,0.43938125110147536,0.31124663811531095,0.1281346129861644
MSFT,calibrated_hist_gradient_boosting,3,2023-11-02,1,1,0.4411720820100067,0.4411720820100067,0.30580631727730806,0.13536576473269862
MSFT,calibrated_hist_gradient_boosting,3,2023-11-03,1,1,0.41393862671234066,0.41393862671234066,0.3222170493576895,0.09172157735465114
MSFT,calibrated_hist_gradient_boosting,3,2023-11-06,1,1,0.39215307943584454,0.39215307943584454,0.34562660912417575,0.04652647031166879
MSFT,calibrated_hist_gradient_boosting,3,2023-11-07,1,1,0.39016779122363765,0.39016779122363765,0.34021036508969066,0.04995742613394699
MSFT,calibrated_hist_gradient_boosting,3,2023-11-08,0,1,0.38479739840675137,0.38479739840675137,0.3501205930457711,0.03467680536098028
MSFT,calibrated_hist_gradient_boosting,3,2023-11-09,1,1,0.40268554652683014,0.40268554652683014,0.32289460787563246,0.07979093865119768
MSFT,calibrated_hist_gradient_boosting,3,2023-11-10,0,-1,0.3759254321872598,0.3426778309776675,0.3426778309776675,0.033247601209592303
MSFT,calibrated_hist_gradient_boosting,3,2023-11-13,1,1,0.39647331412596515,0.39647331412596515,0.32517989719665424,0.0712934169293109
MSFT,calibrated_hist_gradient_boosting,3,2023-11-14,0,1,0.3556778107318901,0.3556778107318901,0.3481725366535808,0.00750527407830931
MSFT,calibrated_hist_gradient_boosting,3,2023-11-15,1,1,0.3643900603693792,0.3643900603693792,0.3406989543056788,0.023691106063700396
MSFT,calibrated_hist_gradient_boosting,3,2023-11-16,0,-1,0.35522835946942705,0.3498316369862957,0.3498316369862957,0.005396722483131333
MSFT,calibrated_hist_gradient_boosting,3,2023-11-17,1,1,0.3732942787191372,0.3732942787191372,0.33087236965145256,0.042421909067684616
MSFT,calibrated_hist_gradient_boosting,3,2023-11-20,0,-1,0.3532892809135195,0.3487736910434149,0.3487736910434149,0.0045155898701046415
MSFT,calibrated_hist_gradient_boosting,3,2023-11-21,0,1,0.34456106639821976,0.34456106639821976,0.34364675740428946,0.0009143089939303017
MSFT,calibrated_hist_gradient_boosting,3,2023-11-22,0,1,0.37532582715223733,0.37532582715223733,0.318709372232631,0.05661645491960632
MSFT,calibrated_hist_gradient_boosting,3,2023-11-24,0,1,0.34921550787612193,0.34921550787612193,0.3330119010950337,0.01620360678108823
MSFT,calibrated_hist_gradient_boosting,3,2023-11-27,-1,1,0.3701566259725626,0.3701566259725626,0.33680556384297966,0.03335106212958294
MSFT,calibrated_hist_gradient_boosting,3,2023-11-28,-1,1,0.3606028181876326,0.3606028181876326,0.33528646000200785,0.025316358185624777
MSFT,calibrated_hist_gradient_boosting,3,2023-11-29,-1,1,0.37257111827888095,0.37257111827888095,0.3242458184753939,0.04832529980348704
MSFT,calibrated_hist_gradient_boosting,3,2023-11-30,-1,1,0.36616469076716623,0.36616469076716623,0.32517331674815597,0.04099137401901026
MSFT,calibrated_hist_gradient_boosting,3,2023-12-01,0,1,0.398279456664646,0.398279456664646,0.30619587003483084,0.09208358662981514
MSFT,calibrated_hist_gradient_boosting,3,2023-12-04,0,1,0.37709841545379524,0.37709841545379524,0.3176799775364487,0.05941843791734652
MSFT,calibrated_hist_gradient_boosting,3,2023-12-05,0,1,0.4049396570781574,0.4049396570781574,0.30885760590707323,0.09608205117108415
MSFT,calibrated_hist_gradient_boosting,3,2023-12-06,0,1,0.4215983800735333,0.4215983800735333,0.29428390840479196,0.12731447166874132
MSFT,calibrated_hist_gradient_boosting,3,2023-12-07,0,1,0.44195061803816116,0.44195061803816116,0.282656491095629,0.15929412694253214
MSFT,calibrated_hist_gradient_boosting,3,2023-12-08,0,1,0.4298466505780438,0.4298466505780438,0.2884116016077749,0.14143504897026887
MSFT,calibrated_hist_gradient_boosting,3,2023-12-11,0,1,0.41297380428339153,0.41297380428339153,0.29820874084759236,0.11476506343579918
MSFT,calibrated_hist_gradient_boosting,3,2023-12-12,0,1,0.4297979020458833,0.4297979020458833,0.2891866035764723,0.140611298469411
MSFT,calibrated_hist_gradient_boosting,3,2023-12-13,0,1,0.43494052626756535,0.43494052626756535,0.2855939664068304,0.14934655986073497
MSFT,calibrated_hist_gradient_boosting,3,2023-12-14,1,1,0.41350135007476707,0.41350135007476707,0.29940305163674025,0.11409829843802682
MSFT,calibrated_hist_gradient_boosting,3,2023-12-15,0,1,0.40762352858576595,0.40762352858576595,0.3055996018363048,0.10202392674946115
MSFT,calibrated_hist_gradient_boosting,3,2023-12-18,0,1,0.4201765109350745,0.4201765109350745,0.2940718481540447,0.12610466278102983
MSFT,calibrated_hist_gradient_boosting,3,2023-12-19,0,1,0.44012437554561906,0.44012437554561906,0.2818147937804207,0.15830958176519838
MSFT,calibrated_hist_gradient_boosting,3,2023-12-20,0,1,0.42573526808641454,0.42573526808641454,0.30010155945752803,0.1256337086288865
MSFT,calibrated_hist_gradient_boosting,3,2023-12-21,0,1,0.4209108722906793,0.4209108722906793,0.2931076617660824,0.12780321052459692
MSFT,calibrated_hist_gradient_boosting,3,2023-12-22,0,1,0.43012006685807025,0.43012006685807025,0.2860744431080178,0.14404562375005248
MSFT,calibrated_hist_gradient_boosting,3,2023-12-26,0,1,0.4348739418880612,0.4348739418880612,0.2836412948289004,0.15123264705916084
MSFT,calibrated_hist_gradient_boosting,3,2023-12-27,0,1,0.4099871264651496,0.4099871264651496,0.30217537909005293,0.10781174737509669
MSFT,calibrated_hist_gradient_boosting,3,2023-12-28,-1,1,0.42889237281761505,0.42889237281761505,0.28906148383865227,0.1398308889789628
MSFT,calibrated_hist_gradient_boosting,3,2023-12-29,0,1,0.4420621626117285,0.4420621626117285,0.280009418366243,0.1620527442454855
MSFT,calibrated_hist_gradient_boosting,3,2024-01-02,0,1,0.41611881408813134,0.41611881408813134,0.29206903184245997,0.12404978224567137
MSFT,calibrated_hist_gradient_boosting,3,2024-01-03,1,1,0.42443976333441374,0.42443976333441374,0.29272624202335057,0.13171352131106318
MSFT,calibrated_hist_gradient_boosting,3,2024-01-04,1,1,0.44729015010547385,0.44729015010547385,0.28279083967507423,0.16449931043039961
MSFT,calibrated_hist_gradient_boosting,3,2024-01-05,1,1,0.4490390295382048,0.4490390295382048,0.283496484285954,0.16554254525225082
MSFT,calibrated_hist_gradient_boosting,3,2024-01-08,1,1,0.43514415404818374,0.43514415404818374,0.2878006330185355,0.14734352102964826
MSFT,calibrated_hist_gradient_boosting,3,2024-01-09,1,1,0.45617638450730874,0.45617638450730874,0.27242836924345243,0.1837480152638563
MSFT,calibrated_hist_gradient_boosting,3,2024-01-10,1,1,0.41371988710079677,0.41371988710079677,0.29933254556783684,0.11438734153295993
MSFT,calibrated_hist_gradient_boosting,3,2024-01-11,1,1,0.41143687136362117,0.41143687136362117,0.30351250684775344,0.10792436451586773
MSFT,calibrated_hist_gradient_boosting,3,2024-01-12,1,1,0.40596394692365484,0.40596394692365484,0.32120059586104033,0.08476335106261451
MSFT,calibrated_hist_gradient_boosting,3,2024-01-16,1,1,0.38654895880450174,0.38654895880450174,0.3377664615989069,0.048782497205594855
MSFT,calibrated_hist_gradient_boosting,3,2024-01-17,1,1,0.42174530650019365,0.42174530650019365,0.31601955443320967,0.10572575206698398
MSFT,calibrated_hist_gradient_boosting,3,2024-01-18,1,1,0.37726836886156406,0.37726836886156406,0.33653006990611223,0.040738298955451835
MSFT,calibrated_hist_gradient_boosting,3,2024-01-19,0,1,0.40181391313084064,0.40181391313084064,0.32814020845896014,0.0736737046718805
MSFT,calibrated_hist_gradient_boosting,3,2024-01-22,1,1,0.4237510877669228,0.4237510877669228,0.2952973990647818,0.12845368870214097
MSFT,calibrated_hist_gradient_boosting,3,2024-01-23,1,1,0.4176656797770795,0.4176656797770795,0.30319741766867564,0.11446826210840388
MSFT,calibrated_hist_gradient_boosting,3,2024-01-24,0,1,0.3933960318408875,0.3933960318408875,0.31996328158060966,0.07343275026027785
MSFT,calibrated_hist_gradient_boosting,3,2024-01-25,0,1,0.3931271044177999,0.3931271044177999,0.3117080862638246,0.08141901815397529
MSFT,calibrated_hist_gradient_boosting,3,2024-01-26,0,1,0.41334500222980464,0.41334500222980464,0.2945856151777347,0.11875938705206995
MSFT,calibrated_hist_gradient_boosting,3,2024-01-29,0,1,0.3641608337699149,0.3641608337699149,0.32824754923249944,0.03591328453741549
MSFT,calibrated_hist_gradient_boosting,3,2024-01-30,0,1,0.38696121975777203,0.38696121975777203,0.31718815612282447,0.06977306363494756
MSFT,calibrated_hist_gradient_boosting,3,2024-01-31,1,1,0.43976010141680527,0.43976010141680527,0.2898991189855022,0.14986098243130308
MSFT,calibrated_hist_gradient_boosting,3,2024-02-01,1,1,0.40177681082839056,0.40177681082839056,0.30645593252897635,0.09532087829941421
MSFT,calibrated_hist_gradient_boosting,3,2024-02-02,1,1,0.39933700963732527,0.39933700963732527,0.3141978463084452,0.08513916332888005
MSFT,calibrated_hist_gradient_boosting,3,2024-02-05,1,1,0.4154199626880541,0.4154199626880541,0.29458176213730886,0.12083820055074523
MSFT,calibrated_hist_gradient_boosting,3,2024-02-06,0,1,0.403037910077022,0.403037910077022,0.3013995880010787,0.10163832207594331
MSFT,calibrated_hist_gradient_boosting,3,2024-02-07,0,1,0.39058374498820564,0.39058374498820564,0.3242019892743952,0.06638175571381044
MSFT,calibrated_hist_gradient_boosting,3,2024-02-08,0,1,0.41054875423862675,0.41054875423862675,0.2996645009920757,0.11088425324655105
MSFT,calibrated_hist_gradient_boosting,3,2024-02-09,-1,1,0.4044072586281909,0.4044072586281909,0.30645061070864527,0.09795664791954561
MSFT,calibrated_hist_gradient_boosting,3,2024-02-12,-1,1,0.3917320653442747,0.3917320653442747,0.30461951770500884,0.08711254763926585
MSFT,calibrated_hist_gradient_boosting,3,2024-02-13,0,1,0.4123780998902334,0.4123780998902334,0.2994537442695931,0.1129243556206403
MSFT,calibrated_hist_gradient_boosting,3,2024-02-14,0,1,0.42270695579205136,0.42270695579205136,0.29529501647737527,0.1274119393146761
MSFT,calibrated_hist_gradient_boosting,3,2024-02-15,0,1,0.4452191210123752,0.4452191210123752,0.2805273236394032,0.16469179737297202
MSFT,calibrated_hist_gradient_boosting,3,2024-02-16,0,1,0.4228205932659554,0.4228205932659554,0.2953510017196355,0.12746959154631987
MSFT,calibrated_hist_gradient_boosting,3,2024-02-20,0,1,0.4199673836493923,0.4199673836493923,0.30391383172273123,0.11605355192666106
MSFT,calibrated_hist_gradient_boosting,3,2024-02-21,0,1,0.40525469857828017,0.40525469857828017,0.31036313889582373,0.09489155968245644
MSFT,calibrated_hist_gradient_boosting,3,2024-02-22,0,1,0.4354832520763643,0.4354832520763643,0.2929829885386942,0.1425002635376701
MSFT,calibrated_hist_gradient_boosting,3,2024-02-23,0,1,0.42399083601046167,0.42399083601046167,0.2961898994955145,0.12780093651494717
MSFT,calibrated_hist_gradient_boosting,3,2024-02-26,0,1,0.42710923660257344,0.42710923660257344,0.2891749867278446,0.13793424987472885
MSFT,calibrated_hist_gradient_boosting,3,2024-02-27,0,1,0.42102721673121773,0.42102721673121773,0.2910162357265935,0.13001098100462422
MSFT,calibrated_hist_gradient_boosting,3,2024-02-28,0,1,0.4244742615419799,0.4244742615419799,0.29255918589506785,0.13191507564691207
MSFT,calibrated_hist_gradient_boosting,3,2024-02-29,0,1,0.4282329223161909,0.4282329223161909,0.2867510117525969,0.14148191056359405
MSFT,calibrated_hist_gradient_boosting,3,2024-03-01,-1,1,0.42532547318744834,0.42532547318744834,0.28883775281507323,0.1364877203723751
MSFT,calibrated_hist_gradient_boosting,3,2024-03-04,-1,1,0.4355668138159601,0.4355668138159601,0.28556790321029707,0.149998910605663
MSFT,calibrated_hist_gradient_boosting,3,2024-03-05,1,1,0.42069705608491453,0.42069705608491453,0.3093535064193187,0.11134354966559584
MSFT,calibrated_hist_gradient_boosting,3,2024-03-06,1,1,0.41254860205329646,0.41254860205329646,0.3082121447801408,0.10433645727315566
MSFT,calibrated_hist_gradient_boosting,3,2024-03-07,1,1,0.42112756238493204,0.42112756238493204,0.29968483100850307,0.12144273137642897
MSFT,calibrated_hist_gradient_boosting,3,2024-03-08,1,1,0.40943510009216416,0.40943510009216416,0.3103667215069945,0.09906837858516965
MSFT,calibrated_hist_gradient_boosting,3,2024-03-11,1,1,0.4015891292882287,0.4015891292882287,0.31191757076408605,0.08967155852414266
MSFT,calibrated_hist_gradient_boosting,3,2024-03-12,0,1,0.44109973036962463,0.44109973036962463,0.2809194004685526,0.160180329901072
MSFT,calibrated_hist_gradient_boosting,3,2024-03-13,1,1,0.4394455643108371,0.4394455643108371,0.2839196924639796,0.1555258718468575
MSFT,calibrated_hist_gradient_boosting,3,2024-03-14,0,1,0.42077768377477875,0.42077768377477875,0.30890231768235954,0.11187536609241922
MSFT,calibrated_hist_gradient_boosting,3,2024-03-15,1,1,0.44957804218249303,0.44957804218249303,0.27615677838826386,0.17342126379422917
MSFT,calibrated_hist_gradient_boosting,3,2024-03-18,0,1,0.469873844380926,0.469873844380926,0.2655052540219934,0.20436859035893262
MSFT,calibrated_hist_gradient_boosting,3,2024-03-19,0,1,0.42879770369411657,0.42879770369411657,0.2883527885973543,0.14044491509676227
MSFT,calibrated_hist_gradient_boosting,3,2024-03-20,0,1,0.42848443716520457,0.42848443716520457,0.2990305146441035,0.12945392252110105
MSFT,calibrated_hist_gradient_boosting,3,2024-03-21,-1,1,0.40228758569245304,0.40228758569245304,0.30546668526727355,0.09682090042517949
MSFT,calibrated_hist_gradient_boosting,3,2024-03-22,0,1,0.41920081187647434,0.41920081187647434,0.29523354832224635,0.12396726355422799
MSFT,calibrated_hist_gradient_boosting,3,2024-03-25,0,1,0.4149505617623587,0.4149505617623587,0.2949156598874829,0.12003490187487581
MSFT,calibrated_hist_gradient_boosting,3,2024-03-26,0,1,0.40939078639838744,0.40939078639838744,0.309742903811702,0.09964788258668544
MSFT,calibrated_hist_gradient_boosting,3,2024-03-27,0,1,0.4124804092598126,0.4124804092598126,0.294290255444655,0.11819015381515763
MSFT,calibrated_hist_gradient_boosting,3,2024-03-28,0,1,0.42189020340077626,0.42189020340077626,0.28925317044533466,0.1326370329554416
MSFT,calibrated_hist_gradient_boosting,3,2024-04-01,0,1,0.40527692945385363,0.40527692945385363,0.3092974770334469,0.09597945242040673
MSFT,calibrated_hist_gradient_boosting,3,2024-04-02,0,1,0.40018275850795026,0.40018275850795026,0.3116937327474116,0.08848902576053869
MSFT,calibrated_hist_gradient_boosting,3,2024-04-03,0,1,0.37266229394718203,0.37266229394718203,0.345348166573173,0.027314127374009012
MSFT,calibrated_hist_gradient_boosting,3,2024-04-04,1,1,0.37842783423627485,0.37842783423627485,0.3461635814315474,0.032264252804727445
MSFT,calibrated_hist_gradient_boosting,3,2024-04-05,0,1,0.4055844997661362,0.4055844997661362,0.3204407320372494,0.08514376772888682
MSFT,calibrated_hist_gradient_boosting,3,2024-04-08,-1,1,0.4291266474428896,0.4291266474428896,0.3096389209735958,0.11948772646929379
MSFT,calibrated_hist_gradient_boosting,3,2024-04-09,-1,1,0.3912696396928961,0.3912696396928961,0.32355752070028276,0.06771211899261331
MSFT,calibrated_hist_gradient_boosting,3,2024-04-10,-1,1,0.3828299378038464,0.3828299378038464,0.3385743768263767,0.04425556097746969
MSFT,calibrated_hist_gradient_boosting,3,2024-04-11,-1,1,0.41333635305258903,0.41333635305258903,0.33373129727345835,0.07960505577913068
MSFT,calibrated_hist_gradient_boosting,3,2024-04-12,-1,1,0.3808928576140569,0.3808928576140569,0.3251464361434859,0.05574642147057102
MSFT,calibrated_hist_gradient_boosting,3,2024-04-15,-1,1,0.40609104425192716,0.40609104425192716,0.3174864814164718,0.08860456283545537
MSFT,calibrated_hist_gradient_boosting,3,2024-04-16,0,1,0.4180931886733499,0.4180931886733499,0.32528443157047354,0.09280875710287634
MSFT,calibrated_hist_gradient_boosting,3,2024-04-17,0,1,0.42051899564894946,0.42051899564894946,0.3209686590157019,0.09955033663324758
MSFT,calibrated_hist_gradient_boosting,3,2024-04-18,0,1,0.45701545372184177,0.45701545372184177,0.29580118943032047,0.1612142642915213
MSFT,calibrated_hist_gradient_boosting,3,2024-04-19,0,1,0.4346226016130122,0.4346226016130122,0.2928039766092519,0.1418186250037603
MSFT,calibrated_hist_gradient_boosting,3,2024-04-22,0,1,0.44544832993904643,0.44544832993904643,0.29518334484956393,0.1502649850894825
MSFT,calibrated_hist_gradient_boosting,3,2024-04-23,-1,1,0.42722428809980384,0.42722428809980384,0.2959233280949629,0.13130096000484093
MSFT,calibrated_hist_gradient_boosting,3,2024-04-24,-1,1,0.41555116596552805,0.41555116596552805,0.31225004478760515,0.1033011211779229
MSFT,calibrated_hist_gradient_boosting,3,2024-04-25,0,1,0.4471299651224376,0.4471299651224376,0.2901674482384853,0.1569625168839523
MSFT,calibrated_hist_gradient_boosting,3,2024-04-26,0,1,0.4503234571291246,0.4503234571291246,0.2870213695300346,0.16330208759908998
MSFT,calibrated_hist_gradient_boosting,3,2024-04-29,1,1,0.45828840081390027,0.45828840081390027,0.2755745077534504,0.18271389306044988
MSFT,calibrated_hist_gradient_boosting,3,2024-04-30,1,1,0.48874686751290514,0.48874686751290514,0.2636760163994433,0.2250708511134618
MSFT,calibrated_hist_gradient_boosting,3,2024-05-01,1,1,0.4470848821741918,0.4470848821741918,0.28796231857358146,0.15912256360061033
MSFT,calibrated_hist_gradient_boosting,3,2024-05-02,1,1,0.45460039685756914,0.45460039685756914,0.2762411903109376,0.17835920654663157
MSFT,calibrated_hist_gradient_boosting,3,2024-05-03,0,1,0.4118887832424334,0.4118887832424334,0.31175951822079867,0.10012926502163472
MSFT,calibrated_hist_gradient_boosting,3,2024-05-06,0,1,0.40158252247069165,0.40158252247069165,0.32790202246824063,0.07368050000245102
MSFT,calibrated_hist_gradient_boosting,3,2024-05-07,0,1,0.4065998287803396,0.4065998287803396,0.30752923559598294,0.09907059318435668
MSFT,calibrated_hist_gradient_boosting,3,2024-05-08,1,1,0.42247738849874156,0.42247738849874156,0.3043647204230722,0.11811266807566934
MSFT,calibrated_hist_gradient_boosting,3,2024-05-09,1,1,0.4153730573252375,0.4153730573252375,0.31512756709518225,0.10024549023005525
MSFT,calibrated_hist_gradient_boosting,3,2024-05-10,0,1,0.4175522977173491,0.4175522977173491,0.30331803221933423,0.11423426549801485
MSFT,calibrated_hist_gradient_boosting,3,2024-05-13,1,1,0.4114582217307203,0.4114582217307203,0.31885505975523126,0.09260316197548901
MSFT,calibrated_hist_gradient_boosting,3,2024-05-14,1,1,0.410859488749904,0.410859488749904,0.3056212702539598,0.10523821849594422
MSFT,calibrated_hist_gradient_boosting,3,2024-05-15,0,1,0.4144789051217755,0.4144789051217755,0.30508346744417175,0.10939543767760374
MSFT,calibrated_hist_gradient_boosting,3,2024-05-16,0,1,0.42571617340200785,0.42571617340200785,0.2927056399952293,0.13301053340677854
MSFT,calibrated_hist_gradient_boosting,3,2024-05-17,1,1,0.4262490372941638,0.4262490372941638,0.3080730018875373,0.11817603540662652
MSFT,calibrated_hist_gradient_boosting,3,2024-05-20,0,1,0.43695033621766494,0.43695033621766494,0.3008294023724477,0.13612093384521723
MSFT,calibrated_hist_gradient_boosting,3,2024-05-21,0,1,0.436623379705717,0.436623379705717,0.292897333309469,0.14372604639624803
MSFT,calibrated_hist_gradient_boosting,3,2024-05-22,-1,1,0.43472761647710484,0.43472761647710484,0.29353415821887713,0.1411934582582277
