ticker,model,fold,date,y_true,y_pred,confidence,bullish_probability,second_best_probability,probability_margin
MSFT,logistic_regression,1,2019-10-03,1,1,0.49329527530066564,0.49329527530066564,0.30035956228718913,0.1929357130134765
MSFT,logistic_regression,1,2019-10-04,0,1,0.4316695474782834,0.4316695474782834,0.2881459551778523,0.1435235923004311
MSFT,logistic_regression,1,2019-10-07,0,1,0.5133362995392488,0.5133362995392488,0.3515638754228403,0.16177242411640846
MSFT,logistic_regression,1,2019-10-08,1,0,0.37986200367720463,0.3088301002081369,0.31130789611465853,0.0685541075625461
MSFT,logistic_regression,1,2019-10-09,0,-1,0.6265531785740731,0.13917546782392903,0.23427135360199797,0.39228182497207514
MSFT,logistic_regression,1,2019-10-10,0,-1,0.41673883519854166,0.26122986707083257,0.3220312977306258,0.09470753746791588
MSFT,logistic_regression,1,2019-10-11,0,1,0.34873572809322384,0.34873572809322384,0.3463892919755025,0.00234643611772134
MSFT,logistic_regression,1,2019-10-14,0,0,0.4601425936528883,0.28051527213263194,0.28051527213263194,0.17962732152025634
MSFT,logistic_regression,1,2019-10-15,-1,-1,0.5129897639899664,0.16955816308041907,0.3174520729296145,0.1955376910603519
MSFT,logistic_regression,1,2019-10-16,-1,0,0.46061720522277044,0.32039034968589014,0.32039034968589014,0.1402268555368803
MSFT,logistic_regression,1,2019-10-17,0,1,0.6232234011762503,0.6232234011762503,0.2403036862314444,0.3829197149448059
MSFT,logistic_regression,1,2019-10-18,1,1,0.6617897253309658,0.6617897253309658,0.25283683609125956,0.40895288923970624
MSFT,logistic_regression,1,2019-10-21,1,1,0.6575676530604885,0.6575676530604885,0.23245686237511673,0.4251107906853717
MSFT,logistic_regression,1,2019-10-22,1,1,0.6051638512425007,0.6051638512425007,0.34275916110587246,0.26240469013662826
MSFT,logistic_regression,1,2019-10-23,1,1,0.7212210645246661,0.7212210645246661,0.20688868726962004,0.514332377255046
MSFT,logistic_regression,1,2019-10-24,1,0,0.44884735753160415,0.3484144602781482,0.3484144602781482,0.10043289725345594
MSFT,logistic_regression,1,2019-10-25,1,0,0.43156924873722663,0.3752071256170343,0.3752071256170343,0.05636212312019234
MSFT,logistic_regression,1,2019-10-28,0,0,0.4582746209361245,0.14153611903181354,0.4001892600320619,0.05808536090406258
MSFT,logistic_regression,1,2019-10-29,0,0,0.5671927546458607,0.25639753683844996,0.25639753683844996,0.31079521780741076
MSFT,logistic_regression,1,2019-10-30,0,0,0.4792663551702743,0.12956238142425308,0.3911712634054725,0.08809509176480185
MSFT,logistic_regression,1,2019-10-31,0,0,0.6080564333504604,0.21629102451687723,0.21629102451687723,0.39176540883358324
MSFT,logistic_regression,1,2019-11-01,0,1,0.4150869409277181,0.4150869409277181,0.3963678168762603,0.01871912405145776
MSFT,logistic_regression,1,2019-11-04,0,0,0.625007896121309,0.2572884743586065,0.2572884743586065,0.3677194217627025
MSFT,logistic_regression,1,2019-11-05,0,0,0.6250742029177649,0.2376220382359963,0.2376220382359963,0.38745216468176863
MSFT,logistic_regression,1,2019-11-06,1,0,0.5364040898111533,0.3748443685430152,0.3748443685430152,0.16155972126813806
MSFT,logistic_regression,1,2019-11-07,1,1,0.46209330405375143,0.46209330405375143,0.42727125780528447,0.034822046248466965
MSFT,logistic_regression,1,2019-11-08,1,0,0.48341014981474173,0.2974661058385876,0.2974661058385876,0.1859440439761541
MSFT,logistic_regression,1,2019-11-11,1,0,0.42937903837149355,0.36995159412912504,0.36995159412912504,0.05942744424236851
MSFT,logistic_regression,1,2019-11-12,1,1,0.36655066392095526,0.36655066392095526,0.3521800276997143,0.014370636221240962
MSFT,logistic_regression,1,2019-11-13,0,0,0.37918847919748994,0.3291875354318812,0.3291875354318812,0.05000094376560876
MSFT,logistic_regression,1,2019-11-14,0,-1,0.4231445532216527,0.24090522727095334,0.3359502195073942,0.0871943337142585
MSFT,logistic_regression,1,2019-11-15,0,-1,0.4762030530715347,0.11191315109926604,0.41188379582919915,0.06431925724233556
MSFT,logistic_regression,1,2019-11-18,0,0,0.4460705088070283,0.15689389477247456,0.39703559642049707,0.04903491238653124
MSFT,logistic_regression,1,2019-11-19,0,0,0.46411304989197166,0.13527641208175017,0.4006105380262781,0.06350251186569356
MSFT,logistic_regression,1,2019-11-20,0,0,0.45676347523373073,0.11616991554847164,0.4270666092177978,0.02969686601593291
MSFT,logistic_regression,1,2019-11-21,0,0,0.41232346789693275,0.2467549564671667,0.34092157563590053,0.07140189226103222
MSFT,logistic_regression,1,2019-11-22,0,0,0.3739648529451691,0.32736301762658143,0.32736301762658143,0.04660183531858769
MSFT,logistic_regression,1,2019-11-25,0,1,0.3812780164546302,0.3812780164546302,0.3275150876902406,0.053762928764389595
MSFT,logistic_regression,1,2019-11-26,0,0,0.41789122796958167,0.30616904468695477,0.30616904468695477,0.1117221832826269
MSFT,logistic_regression,1,2019-11-27,0,1,0.4676056039828179,0.4676056039828179,0.3480939504182577,0.11951165356456023
MSFT,logistic_regression,1,2019-11-29,0,0,0.4237363090979963,0.4099596841545955,0.4099596841545955,0.013776624943400817
MSFT,logistic_regression,1,2019-12-02,0,1,0.3918933576492249,0.3918933576492249,0.3479748214347394,0.04391853621448549
MSFT,logistic_regression,1,2019-12-03,0,0,0.36739799652514654,0.3541719190565484,0.3541719190565484,0.013226077468598163
MSFT,logistic_regression,1,2019-12-04,0,1,0.4586397297536035,0.4586397297536035,0.34433176645603547,0.11430796329756804
MSFT,logistic_regression,1,2019-12-05,1,1,0.4458787302244686,0.4458787302244686,0.38839211110258465,0.057486619121883964
MSFT,logistic_regression,1,2019-12-06,0,0,0.45293063967689146,0.3209166074162504,0.3209166074162504,0.13201403226064107
MSFT,logistic_regression,1,2019-12-09,1,0,0.4665918144027029,0.3661127691053172,0.3661127691053172,0.10047904529738572
MSFT,logistic_regression,1,2019-12-10,1,1,0.4773437461286154,0.4773437461286154,0.3408142411802464,0.13652950494836902
MSFT,logistic_regression,1,2019-12-11,0,1,0.46335940901863004,0.46335940901863004,0.33054211181449084,0.1328172972041392
MSFT,logistic_regression,1,2019-12-12,0,1,0.43954029736573047,0.43954029736573047,0.3160622478910036,0.12347804947472685
MSFT,logistic_regression,1,2019-12-13,0,0,0.40612848570847154,0.3601420950964412,0.3601420950964412,0.04598639061203036
MSFT,logistic_regression,1,2019-12-16,0,1,0.4336207043368479,0.4336207043368479,0.3547141040287107,0.07890660030813723
MSFT,logistic_regression,1,2019-12-17,0,1,0.5022066614980722,0.5022066614980722,0.3574001968962046,0.14480646460186763
MSFT,logistic_regression,1,2019-12-18,1,1,0.5546293366888126,0.5546293366888126,0.30338950181612423,0.2512398348726884
MSFT,logistic_regression,1,2019-12-19,1,1,0.4281489735614495,0.4281489735614495,0.3616021410022911,0.06654683255915839
MSFT,logistic_regression,1,2019-12-20,0,1,0.36560996465044693,0.36560996465044693,0.3490978086659966,0.016512155984450327
MSFT,logistic_regression,1,2019-12-23,0,1,0.47950176470656075,0.47950176470656075,0.3892329311007709,0.09026883360578986
MSFT,logistic_regression,1,2019-12-24,1,1,0.5449483012580002,0.5449483012580002,0.3176057565759635,0.22734254468203668
MSFT,logistic_regression,1,2019-12-26,0,1,0.4737951741395688,0.4737951741395688,0.29105821504414564,0.18273695909542315
MSFT,logistic_regression,1,2019-12-27,0,1,0.545129355369906,0.545129355369906,0.2589801078632849,0.28614924750662113
MSFT,logistic_regression,1,2019-12-30,0,1,0.5558606037858977,0.5558606037858977,0.29928167509410825,0.2565789286917895
MSFT,logistic_regression,1,2019-12-31,0,1,0.5117209221501995,0.5117209221501995,0.31106410994911193,0.20065681220108755
MSFT,logistic_regression,1,2020-01-02,0,0,0.41850756828197083,0.26609809928737554,0.3153943324306536,0.10311323585131721
MSFT,logistic_regression,1,2020-01-03,0,0,0.535730527568106,0.3534242485783109,0.3534242485783109,0.18230627898979512
MSFT,logistic_regression,1,2020-01-06,1,0,0.44484521576995795,0.3849061232403893,0.3849061232403893,0.05993909252956864
MSFT,logistic_regression,1,2020-01-07,1,0,0.4468761934304156,0.43973369979509774,0.43973369979509774,0.007142493635317881
MSFT,logistic_regression,1,2020-01-08,0,0,0.40101542274551677,0.31411426360324984,0.31411426360324984,0.08690115914226693
MSFT,logistic_regression,1,2020-01-09,1,0,0.6340188178840203,0.20884749340485576,0.20884749340485576,0.4251713244791645
MSFT,logistic_regression,1,2020-01-10,1,0,0.5322759416261185,0.3257245893784373,0.3257245893784373,0.20655135224768117
MSFT,logistic_regression,1,2020-01-13,0,0,0.5440395089965689,0.23372791812795893,0.23372791812795893,0.31031159086861004
MSFT,logistic_regression,1,2020-01-14,1,0,0.5436851289549122,0.32432110023540717,0.32432110023540717,0.219364028719505
MSFT,logistic_regression,1,2020-01-15,1,0,0.44149912816278264,0.3852359390657592,0.3852359390657592,0.056263189097023436
MSFT,logistic_regression,1,2020-01-16,0,0,0.5796171798547515,0.15639772064437854,0.26398509950087,0.31563208035388146
MSFT,logistic_regression,1,2020-01-17,-1,0,0.5894788261299824,0.1539027641292124,0.25661840974080513,0.33286041638917724
MSFT,logistic_regression,1,2020-01-21,0,0,0.6109605366295048,0.23261657872701672,0.23261657872701672,0.3783439579024881
MSFT,logistic_regression,1,2020-01-22,0,0,0.5485710796751043,0.2989262495767872,0.2989262495767872,0.24964483009831712
MSFT,logistic_regression,1,2020-01-23,1,0,0.4816738931712038,0.2811108693707743,0.2811108693707743,0.2005630238004295
MSFT,logistic_regression,1,2020-01-24,1,0,0.4909191687399591,0.3392525111591507,0.3392525111591507,0.15166665758080838
MSFT,logistic_regression,1,2020-01-27,1,0,0.46677714520141866,0.38687431639084807,0.38687431639084807,0.07990282881057059
MSFT,logistic_regression,1,2020-01-28,1,0,0.44507579556651217,0.22029488585450832,0.33462931857897954,0.11044647698753263
MSFT,logistic_regression,1,2020-01-29,1,0,0.5174572176086553,0.06199231915924937,0.42055046323209533,0.09690675437655993
MSFT,logistic_regression,1,2020-01-30,1,-1,0.6076072780665956,0.014829361851473745,0.3775633600819306,0.23004391798466506
MSFT,logistic_regression,1,2020-01-31,1,0,0.5733542180652722,0.040388445566842415,0.38625733636788534,0.18709688169738686
MSFT,logistic_regression,1,2020-02-03,1,-1,0.8498582140794422,0.004837423677020091,0.1453043622435377,0.7045538518359045
MSFT,logistic_regression,1,2020-02-04,1,-1,0.7942762733481575,0.0007526772975119509,0.20497104935433047,0.589305223993827
MSFT,logistic_regression,1,2020-02-05,1,-1,0.5442953369011566,0.005103586829468525,0.4506010762693748,0.09369426063178182
MSFT,logistic_regression,1,2020-02-06,0,-1,0.5249788013568008,0.0015700461344838965,0.4734511525087155,0.05152764884808525
MSFT,logistic_regression,1,2020-02-07,0,-1,0.5563636656729288,0.001541875457824532,0.44209445886924664,0.11426920680368219
MSFT,logistic_regression,1,2020-02-10,0,-1,0.8028892848756696,0.00019217641292051165,0.19691853871140994,0.6059707461642596
MSFT,logistic_regression,1,2020-02-11,0,0,0.7699570535280861,0.003587009708686251,0.22645593676322767,0.5435011167648585
MSFT,logistic_regression,1,2020-02-12,0,0,0.6740015125039096,0.006825510708162139,0.31917297678792833,0.3548285357159813
MSFT,logistic_regression,1,2020-02-13,-1,0,0.8450188156073889,0.007898709499312939,0.14708247489329812,0.6979363407140908
MSFT,logistic_regression,1,2020-02-14,-1,0,0.7156288635818618,0.01124204777836987,0.27312908863976826,0.4424997749420936
MSFT,logistic_regression,1,2020-02-18,-1,0,0.7558600962966144,0.005870417783095955,0.23826948592028963,0.5175906103763248
MSFT,logistic_regression,1,2020-02-19,-1,0,0.6406618335457833,0.01229903376312811,0.34703913269108855,0.2936227008546948
MSFT,logistic_regression,1,2020-02-20,-1,0,0.768370405250065,0.013525757878533485,0.21810383687140167,0.5502665683786633
MSFT,logistic_regression,1,2020-02-21,-1,0,0.7992927443479175,0.0791946892387495,0.12151256641333294,0.6777801779345846
MSFT,logistic_regression,1,2020-02-24,0,0,0.8227297486884914,0.08301957630451537,0.09425067500699333,0.728479073681498
MSFT,logistic_regression,1,2020-02-25,-1,0,0.5989117102338838,0.09675721573777774,0.30433107402833853,0.29458063620554525
MSFT,logistic_regression,1,2020-02-26,0,0,0.5613650137705452,0.03856165131666852,0.40007333491278635,0.1612916788577588
MSFT,logistic_regression,1,2020-02-27,1,1,0.5099138629238393,0.5099138629238393,0.45366650618758214,0.05624735673625719
MSFT,logistic_regression,1,2020-02-28,0,-1,0.6130280771751637,0.0767989172116522,0.3101730056131841,0.3028550715619796
MSFT,logistic_regression,1,2020-03-02,-1,0,0.5346275108371462,0.0019032095491277766,0.463469279613726,0.07115823122342019
MSFT,logistic_regression,1,2020-03-03,-1,0,0.7728893809271928,0.15118056468329577,0.15118056468329577,0.6217088162438971
MSFT,logistic_regression,1,2020-03-04,-1,0,0.7262244421675146,0.15710383593222785,0.15710383593222785,0.5691206062352867
MSFT,logistic_regression,1,2020-03-05,-1,0,0.8832138567449682,0.03800789226757549,0.07877825098745637,0.8044356057575118
MSFT,logistic_regression,1,2020-03-06,0,1,0.676736431556471,0.676736431556471,0.2171188752548305,0.4596175563016405
MSFT,logistic_regression,1,2020-03-09,-1,1,0.6295706945626837,0.6295706945626837,0.3353626898918694,0.29420800467081426
MSFT,logistic_regression,1,2020-03-10,-1,-1,0.783183123506118,0.13881237817354275,0.13881237817354275,0.6443707453325752
MSFT,logistic_regression,1,2020-03-11,-1,0,0.5873971460460606,0.34450939649579554,0.34450939649579554,0.2428877495502651
MSFT,logistic_regression,1,2020-03-12,1,1,0.9070971575551365,0.9070971575551365,0.05671910924794053,0.850378048307196
MSFT,logistic_regression,1,2020-03-13,-1,-1,0.9938684235654336,6.77656357760691e-05,0.006063810798790404,0.9878046127666432
MSFT,logistic_regression,1,2020-03-16,0,1,0.8763917906396044,0.8763917906396044,0.11490416718577606,0.7614876234538284
MSFT,logistic_regression,1,2020-03-17,0,-1,0.7423583563217667,0.24661599865489833,0.24661599865489833,0.49574235766686836
MSFT,logistic_regression,1,2020-03-18,1,0,0.7613462471406579,0.0773161098279563,0.16133764303138576,0.6000086041092721
MSFT,logistic_regression,1,2020-03-19,1,-1,0.9004824877788313,0.0961265805148223,0.0961265805148223,0.8043559072640091
MSFT,logistic_regression,1,2020-03-20,1,-1,0.46802343183506545,0.1268783095956488,0.4050982585692857,0.06292517326577973
MSFT,logistic_regression,1,2020-03-23,1,-1,0.9817555294035826,0.010858778972158279,0.010858778972158279,0.9708967504314243
MSFT,logistic_regression,1,2020-03-24,1,-1,0.9902834454962747,0.00046419061066493785,0.009252363893060602,0.9810310816032141
MSFT,logistic_regression,1,2020-03-25,1,-1,0.7228764414872244,0.014792170921633659,0.26233138759114183,0.4605450538960826
MSFT,logistic_regression,1,2020-03-26,0,-1,0.8225060455626396,0.00010845400408256769,0.17738550043327778,0.6451205451293618
MSFT,logistic_regression,1,2020-03-27,1,0,0.535590351536126,0.004049434646264706,0.4603602138176093,0.07523013771851672
MSFT,logistic_regression,1,2020-03-30,1,-1,0.9984636090294301,2.188887858089624e-06,0.0015342020827117519,0.9969294069467184
MSFT,logistic_regression,1,2020-03-31,1,-1,0.9076936987094113,6.027342506795029e-05,0.09224602786552082,0.8154476708438905
MSFT,logistic_regression,1,2020-04-01,1,-1,0.9895568190554945,0.0005859721537609437,0.00985720879074454,0.9796996102647499
MSFT,logistic_regression,1,2020-04-02,1,-1,0.9868779200667508,0.00016280335222680726,0.012959276581022458,0.9739186434857283
MSFT,logistic_regression,1,2020-04-03,1,-1,0.9885298879943877,0.00010481956890690288,0.011365292436705395,0.9771645955576823
MSFT,logistic_regression,1,2020-04-06,1,-1,0.986598689460463,1.8532775083375113e-06,0.013399457262028597,0.9731992321984344
MSFT,logistic_regression,1,2020-04-07,1,-1,0.8234962920473269,0.00018725805476843018,0.17631644989790482,0.647179842149422
MSFT,logistic_regression,1,2020-04-08,1,-1,0.8736974158393409,0.0005700528769517306,0.12573253128370743,0.7479648845556335
MSFT,logistic_regression,1,2020-04-09,1,0,0.6566974603497064,0.00015336877086944532,0.34314917087942415,0.3135482894702823
MSFT,logistic_regression,1,2020-04-13,1,-1,0.7457036208405159,0.002589914052981626,0.25170646510650246,0.4939971557340134
MSFT,logistic_regression,1,2020-04-14,-1,-1,0.6378417598943926,8.074698765319805e-06,0.36215016540684203,0.2756915944875506
MSFT,logistic_regression,1,2020-04-15,0,0,0.6616587918885841,0.00011471069118915457,0.33822649742022665,0.3234322944683575
MSFT,logistic_regression,1,2020-04-16,-1,-1,0.6633751425194077,5.178614409196615e-06,0.33661967886618316,0.3267554636532245
MSFT,logistic_regression,1,2020-04-17,-1,0,0.8112799189758375,2.0692809909164207e-05,0.18869938821425328,0.6225805307615843
MSFT,logistic_regression,1,2020-04-20,0,0,0.9313002666334632,4.680811058340199e-05,0.0686529252559535,0.8626473413775098
MSFT,logistic_regression,1,2020-04-21,0,0,0.9514510650940666,0.0004815141692332041,0.04806742073670025,0.9033836443573664
MSFT,logistic_regression,1,2020-04-22,1,0,0.7012431842399999,0.0008200373719333986,0.29793677838806687,0.403306405851933
MSFT,logistic_regression,1,2020-04-23,1,0,0.965319755773631,0.0010436788215914122,0.03363656540477751,0.9316831903688535
MSFT,logistic_regression,1,2020-04-24,0,0,0.9207695449471373,0.003552486411669667,0.07567796864119293,0.8450915763059443
MSFT,logistic_regression,1,2020-04-27,1,0,0.9924883542881688,0.0005825724690132683,0.0069290732428179055,0.985559281045351
MSFT,logistic_regression,1,2020-04-28,1,0,0.9300888699565518,0.052752189504477555,0.052752189504477555,0.8773366804520742
MSFT,logistic_regression,1,2020-04-29,1,0,0.9819564359792285,0.0015286187303594177,0.016514945290411948,0.9654414906888166
MSFT,logistic_regression,1,2020-04-30,1,0,0.9953038556161169,0.0002952070434718993,0.004400937340411256,0.9909029182757056
MSFT,logistic_regression,1,2020-05-01,1,0,0.9910720079707229,0.004593939607552813,0.004593939607552813,0.9864780683631701
MSFT,logistic_regression,1,2020-05-04,1,0,0.9868907314045493,0.00031205742364514113,0.012797211171805626,0.9740935202327436
MSFT,logistic_regression,1,2020-05-05,0,0,0.9778366827011374,0.0010326966462450458,0.021130620652617334,0.9567060620485202
MSFT,logistic_regression,1,2020-05-06,0,0,0.9728835914271541,0.001274398498995676,0.025842010073850313,0.9470415813533037
MSFT,logistic_regression,1,2020-05-07,0,0,0.9844937152259207,0.0010016391614008598,0.014504645612678493,0.9699890696132422
MSFT,logistic_regression,1,2020-05-08,0,0,0.9773081145973127,0.0022556430399112504,0.02043624236277589,0.9568718722345368
MSFT,logistic_regression,1,2020-05-11,0,0,0.9834751346065443,0.0007120668313811711,0.015812798562074497,0.9676623360444698
MSFT,logistic_regression,1,2020-05-12,0,0,0.9841876472963905,0.00586433190026852,0.009948020803341038,0.9742396264930495
MSFT,logistic_regression,1,2020-05-13,1,0,0.9443523896223853,0.01651352700036842,0.039134083377246165,0.9052183062451391
MSFT,logistic_regression,1,2020-05-14,0,0,0.9331803602038656,0.041149938306394816,0.041149938306394816,0.8920304218974708
MSFT,logistic_regression,1,2020-05-15,0,0,0.9441979935918291,0.007637996892425266,0.04816400951574558,0.8960339840760835
MSFT,logistic_regression,1,2020-05-18,0,0,0.9759600796480552,0.018232114806464354,0.018232114806464354,0.9577279648415908
MSFT,logistic_regression,1,2020-05-19,0,0,0.9916941179098655,0.004310318899517663,0.004310318899517663,0.9873837990103478
MSFT,logistic_regression,1,2020-05-20,-1,0,0.97843351021213,0.01291222829175684,0.01291222829175684,0.9655212819203731
MSFT,logistic_regression,1,2020-05-21,0,0,0.9827888595154106,0.013000866902928308,0.013000866902928308,0.9697879926124823
MSFT,logistic_regression,1,2020-05-22,0,0,0.9424352429672878,0.05008158635530139,0.05008158635530139,0.8923536566119864
MSFT,logistic_regression,1,2020-05-26,0,0,0.9230834641860044,0.07299120211334527,0.07299120211334527,0.8500922620726591
MSFT,logistic_regression,1,2020-05-27,0,0,0.9598572259645292,0.036947410410447454,0.036947410410447454,0.9229098155540817
MSFT,logistic_regression,1,2020-05-28,0,0,0.9489793471947364,0.049297978043187786,0.049297978043187786,0.8996813691515486
MSFT,logistic_regression,1,2020-05-29,1,0,0.932093209229584,0.06429683890001424,0.06429683890001424,0.8677963703295698
MSFT,logistic_regression,1,2020-06-01,1,0,0.9401672762612712,0.05844393561358163,0.05844393561358163,0.8817233406476895
MSFT,logistic_regression,1,2020-06-02,1,0,0.8968789463233076,0.0993016999965112,0.0993016999965112,0.7975772463267964
MSFT,logistic_regression,1,2020-06-03,1,0,0.8616520134322937,0.13666930129987653,0.13666930129987653,0.7249827121324172
MSFT,logistic_regression,1,2020-06-04,0,0,0.6365451548389129,0.36234423926476184,0.36234423926476184,0.2742009155741511
MSFT,logistic_regression,1,2020-06-05,0,0,0.8160655341356209,0.18176439476499476,0.18176439476499476,0.6343011393706262
MSFT,logistic_regression,1,2020-06-08,0,0,0.8489676665607108,0.15024284794244244,0.15024284794244244,0.6987248186182683
MSFT,logistic_regression,1,2020-06-09,0,0,0.8466687655612786,0.15167661079494524,0.15167661079494524,0.6949921547663334
MSFT,logistic_regression,1,2020-06-10,0,0,0.9863367409614658,0.00450776779829781,0.009155491240236253,0.9771812497212296
MSFT,logistic_regression,1,2020-06-11,1,0,0.9767568029564091,0.020097435296495568,0.020097435296495568,0.9566593676599136
MSFT,logistic_regression,1,2020-06-12,1,0,0.8554579198112705,0.11765812491584281,0.11765812491584281,0.7377997948954277
MSFT,logistic_regression,1,2020-06-15,1,0,0.9644611340196573,0.027230421331118106,0.027230421331118106,0.9372307126885392
MSFT,logistic_regression,1,2020-06-16,1,0,0.9091073145629481,0.06802949113144341,0.06802949113144341,0.8410778234315047
MSFT,logistic_regression,1,2020-06-17,0,0,0.9822293350402591,0.01449415801022557,0.01449415801022557,0.9677351770300335
MSFT,logistic_regression,1,2020-06-18,1,0,0.958485077111537,0.01746448296984472,0.024050439918618192,0.9344346371929187
MSFT,logistic_regression,1,2020-06-19,0,0,0.9489650751159048,0.020874406133161615,0.030160518750933465,0.9188045563649713
MSFT,logistic_regression,1,2020-06-22,0,0,0.892417569790703,0.006977252533879962,0.10060517767541698,0.791812392115286
MSFT,logistic_regression,1,2020-06-23,0,0,0.9542132591641919,0.0052565309472322064,0.04053020988857593,0.9136830492756159
MSFT,logistic_regression,1,2020-06-24,1,0,0.8763278021664209,0.015749379564205118,0.10792281826937393,0.768404983897047
MSFT,logistic_regression,1,2020-06-25,1,0,0.7716279911912123,0.003612313369974432,0.22475969543881344,0.5468682957523988
MSFT,logistic_regression,1,2020-06-26,1,0,0.8020364607037818,0.007842183306078335,0.19012135599014,0.6119151047136417
MSFT,logistic_regression,1,2020-06-29,1,0,0.7406142526840123,0.013794368560096462,0.24559137875589135,0.49502287392812094
MSFT,logistic_regression,1,2020-06-30,1,0,0.7795192651285241,0.0018866442378770766,0.2185940906335989,0.5609251744949252
MSFT,logistic_regression,1,2020-07-01,1,0,0.8081538290881679,0.0039315402173226485,0.1879146306945095,0.6202391983936584
MSFT,logistic_regression,1,2020-07-02,1,0,0.853337248380215,0.0023927830364341264,0.14426996858335095,0.709067279796864
MSFT,logistic_regression,1,2020-07-06,0,0,0.7448834968404238,0.0011695951870902364,0.2539469079724859,0.49093658886793784
MSFT,logistic_regression,1,2020-07-07,0,0,0.7765707432341638,0.0030617304885024316,0.22036752627733375,0.5562032169568301
MSFT,logistic_regression,1,2020-07-08,-1,0,0.6421635158508538,0.0019443368450999126,0.3558921473040462,0.2862713685468076
MSFT,logistic_regression,1,2020-07-09,-1,0,0.736877851583829,0.001896560193928135,0.2612255882222428,0.4756522633615862
MSFT,logistic_regression,1,2020-07-10,-1,0,0.8768060656292677,0.0043815734869112645,0.11881236088382109,0.7579937047454466
MSFT,logistic_regression,1,2020-07-13,1,0,0.9633462867187801,0.006145181820600087,0.03050853146061981,0.9328377552581603
MSFT,logistic_regression,1,2020-07-14,0,0,0.9267798412313694,0.008668341977103203,0.06455181679152738,0.8622280244398419
MSFT,logistic_regression,1,2020-07-15,0,0,0.9594572832077845,0.017365839096543823,0.023176877695671574,0.9362804055121129
MSFT,logistic_regression,1,2020-07-16,0,0,0.9205808718412724,0.07290723275714411,0.07290723275714411,0.8476736390841282
MSFT,logistic_regression,1,2020-07-17,0,0,0.9135278708577087,0.08013352636521279,0.08013352636521279,0.8333943444924959
MSFT,logistic_regression,1,2020-07-20,-1,0,0.9485555991918294,0.0036450904182102504,0.04779931038996033,0.9007562888018691
MSFT,logistic_regression,1,2020-07-21,-1,0,0.9666368715948401,0.02841720937624338,0.02841720937624338,0.9382196622185968
MSFT,logistic_regression,1,2020-07-22,-1,0,0.9511726229368228,0.03257816094232863,0.03257816094232863,0.9185944619944941
MSFT,logistic_regression,1,2020-07-23,0,0,0.9351955268745111,0.06298554348183528,0.06298554348183528,0.8722099833926759
MSFT,logistic_regression,1,2020-07-24,0,0,0.7324838944021063,0.2583439042846147,0.2583439042846147,0.4741399901174916
MSFT,logistic_regression,1,2020-07-27,1,0,0.9610228245214323,0.03540770782422893,0.03540770782422893,0.9256151166972033
MSFT,logistic_regression,1,2020-07-28,1,0,0.8624935468822086,0.1335795636746408,0.1335795636746408,0.7289139832075677
MSFT,logistic_regression,1,2020-07-29,1,0,0.8551639796585871,0.14157840637032934,0.14157840637032934,0.7135855732882578
MSFT,logistic_regression,1,2020-07-30,1,0,0.9370300500473703,0.05736255751474177,0.05736255751474177,0.8796674925326285
MSFT,logistic_regression,1,2020-07-31,1,0,0.8781147122995301,0.11031184784405577,0.11031184784405577,0.7678028644554743
MSFT,logistic_regression,1,2020-08-03,-1,0,0.9284802340889193,0.006002917736783625,0.06551684817429715,0.8629633859146222
MSFT,logistic_regression,1,2020-08-04,-1,0,0.9703656753668379,0.02393683576137986,0.02393683576137986,0.9464288396054581
MSFT,logistic_regression,1,2020-08-05,0,0,0.8248722479375751,0.16460783418048758,0.16460783418048758,0.6602644137570874
MSFT,logistic_regression,1,2020-08-06,-1,0,0.9630995290511243,0.01859120913136973,0.01859120913136973,0.9445083199197546
MSFT,logistic_regression,1,2020-08-07,0,0,0.8495735405141899,0.1416518461257965,0.1416518461257965,0.7079216943883934
MSFT,logistic_regression,1,2020-08-10,0,0,0.7759316338862655,0.22167099537541887,0.22167099537541887,0.5542606385108466
MSFT,logistic_regression,1,2020-08-11,1,0,0.6932456159204254,0.30518506544632074,0.30518506544632074,0.3880605504741047
MSFT,logistic_regression,1,2020-08-12,0,0,0.8765610370154352,0.11422224904204123,0.11422224904204123,0.7623387879733939
MSFT,logistic_regression,1,2020-08-13,1,0,0.943840569341415,0.05431540222765861,0.05431540222765861,0.8895251671137564
MSFT,logistic_regression,1,2020-08-14,1,0,0.903785507013769,0.09266968457584329,0.09266968457584329,0.8111158224379258
MSFT,logistic_regression,1,2020-08-17,0,0,0.7954164183510811,0.19441813841852618,0.19441813841852618,0.600998279932555
MSFT,logistic_regression,1,2020-08-18,1,0,0.8100456232834544,0.16516012468917093,0.16516012468917093,0.6448854985942835
MSFT,logistic_regression,1,2020-08-19,1,0,0.6803006234639977,0.30687698690135023,0.30687698690135023,0.37342363656264743
MSFT,logistic_regression,1,2020-08-20,1,0,0.8989443299056978,0.03544003347663689,0.0656156366176651,0.8333286932880327
MSFT,logistic_regression,1,2020-08-21,1,0,0.9213340560838784,0.05943520424591024,0.05943520424591024,0.8618988518379682
MSFT,logistic_regression,1,2020-08-24,1,0,0.8619959766147571,0.11764909032609577,0.11764909032609577,0.7443468862886613
MSFT,logistic_regression,1,2020-08-25,1,0,0.9616974438282027,0.016293211346997325,0.022009344824799968,0.9396880990034027
MSFT,logistic_regression,1,2020-08-26,1,0,0.907562529962843,0.017924969083901572,0.07451250095325536,0.8330500290095877
MSFT,logistic_regression,1,2020-08-27,-1,0,0.9183224994984289,0.0017892997531628076,0.07988820074840827,0.8384342987500206
MSFT,logistic_regression,1,2020-08-28,-1,0,0.9518328615083996,0.0030467666905705836,0.045120371801029645,0.90671248970737
MSFT,logistic_regression,1,2020-08-31,-1,0,0.9314328268098924,0.044941857642364025,0.044941857642364025,0.8864909691675283
MSFT,logistic_regression,1,2020-09-01,-1,0,0.9195004810741059,0.0378344135784895,0.042665105347404704,0.8768353757267011
MSFT,logistic_regression,1,2020-09-02,-1,0,0.9462008362998277,0.010941945985895882,0.04285721771427637,0.9033436185855512
MSFT,logistic_regression,1,2020-09-03,-1,0,0.8404866848456445,0.1563612125605576,0.1563612125605576,0.6841254722850869
MSFT,logistic_regression,1,2020-09-04,-1,0,0.860824023852684,0.12761154076828723,0.12761154076828723,0.7332124830843967
MSFT,logistic_regression,1,2020-09-08,1,0,0.722603721288374,0.2759765900666428,0.2759765900666428,0.4466271312217312
MSFT,logistic_regression,1,2020-09-09,-1,0,0.9055016690509652,0.06921378992350724,0.06921378992350724,0.836287879127458
MSFT,logistic_regression,1,2020-09-10,0,0,0.9449693229693644,0.05400860250014418,0.05400860250014418,0.8909607204692203
MSFT,logistic_regression,1,2020-09-11,0,0,0.6657566036409173,0.3280997787878931,0.3280997787878931,0.3376568248530242
MSFT,logistic_regression,1,2020-09-14,0,0,0.9256053464352005,0.07142715679260594,0.07142715679260594,0.8541781896425946
MSFT,logistic_regression,1,2020-09-15,0,0,0.9023625604547714,0.08672096645415832,0.08672096645415832,0.8156415940006131
MSFT,logistic_regression,1,2020-09-16,-1,0,0.8075802667489798,0.19012622364262333,0.19012622364262333,0.6174540431063564
MSFT,logistic_regression,1,2020-09-17,0,0,0.7163570554003976,0.2777043554818372,0.2777043554818372,0.43865269991856043
MSFT,logistic_regression,1,2020-09-18,1,0,0.7467831468952749,0.24083359354668527,0.24083359354668527,0.5059495533485896
MSFT,logistic_regression,1,2020-09-21,1,0,0.8509219248515599,0.10518661285062685,0.10518661285062685,0.7457353120009331
MSFT,logistic_regression,1,2020-09-22,0,0,0.9184098168161632,0.019459603969515248,0.0621305792143214,0.8562792376018418
MSFT,logistic_regression,1,2020-09-23,1,0,0.7887604209018335,0.1682280893700828,0.1682280893700828,0.6205323315317507
MSFT,logistic_regression,1,2020-09-24,1,0,0.6594311884311255,0.11409083626502492,0.2264779753038496,0.43295321312727586
MSFT,logistic_regression,1,2020-09-25,0,0,0.7302980177029305,0.0519936600041562,0.21770832229291334,0.5125896954100171
MSFT,logistic_regression,1,2020-09-28,0,0,0.6153994197423064,0.26073578084225413,0.26073578084225413,0.35466363890005226
MSFT,logistic_regression,1,2020-09-29,0,0,0.6891419502228417,0.2606268281631028,0.2606268281631028,0.42851512205973896
MSFT,logistic_regression,1,2020-09-30,0,0,0.5858475935053694,0.12534588350914927,0.2888065229854814,0.29704107051988804
MSFT,logistic_regression,1,2020-10-01,0,0,0.590701089642913,0.1815732483560497,0.22772566200103733,0.3629754276418757
MSFT,logistic_regression,1,2020-10-02,1,0,0.6786581303205558,0.261595640186073,0.261595640186073,0.41706249013448277
MSFT,logistic_regression,1,2020-10-05,1,0,0.7283219383203903,0.12796533351791553,0.14371272816169425,0.584609210158696
MSFT,logistic_regression,1,2020-10-06,1,0,0.8626064450858519,0.06910812171945109,0.06910812171945109,0.7934983233664008
MSFT,logistic_regression,1,2020-10-07,1,0,0.6681446586303631,0.17161409126109092,0.17161409126109092,0.49653056736927215
MSFT,logistic_regression,1,2020-10-08,1,0,0.9199472296707171,0.042964180855570605,0.042964180855570605,0.8769830488151464
MSFT,logistic_regression,1,2020-10-09,0,0,0.7643909640633456,0.024440901844430672,0.21116813409222365,0.5532228299711219
MSFT,logistic_regression,1,2020-10-12,-1,0,0.863771887594116,0.004969806419059828,0.13125830598682423,0.7325135816072919
MSFT,logistic_regression,1,2020-10-13,-1,0,0.8267830970805523,0.006912032403435101,0.16630487051601267,0.6604782265645397
MSFT,logistic_regression,1,2020-10-14,-1,0,0.8421305667905521,0.011719562075485032,0.14614987113396286,0.6959806956565893
MSFT,logistic_regression,1,2020-10-15,-1,0,0.8075461263968664,0.017587430977812436,0.174866442625321,0.6326796837715454
MSFT,logistic_regression,1,2020-10-16,0,0,0.8254204906501628,0.012563089769580166,0.16201641958025703,0.6634040710699057
MSFT,logistic_regression,1,2020-10-19,0,0,0.8767420941186068,0.05149653064621268,0.07176137523518052,0.8049807188834263
MSFT,logistic_regression,1,2020-10-20,0,0,0.830711733146721,0.0812188931687285,0.08806937368455053,0.7426423594621705
MSFT,logistic_regression,1,2020-10-21,-1,0,0.9068691775951518,0.024334211759152506,0.06879661064569581,0.838072566949456
MSFT,logistic_regression,1,2020-10-22,-1,0,0.8750594053930161,0.060429209623980316,0.0645113849830037,0.8105480204100124
MSFT,logistic_regression,1,2020-10-23,-1,0,0.8625680791667645,0.06842569101125269,0.06900622982198275,0.7935618493447817
MSFT,logistic_regression,1,2020-10-26,-1,0,0.7256679932588498,0.17763031598656492,0.17763031598656492,0.5480376772722848
MSFT,logistic_regression,1,2020-10-27,-1,0,0.6143684845291516,0.08000362248327902,0.30562789298756926,0.30874059154158234
MSFT,logistic_regression,1,2020-10-28,1,0,0.6342794471921648,0.3210320077606652,0.3210320077606652,0.3132474394314996
MSFT,logistic_regression,1,2020-10-29,1,1,0.5551739050952748,0.5551739050952748,0.3091845713636737,0.24598933373160103
MSFT,logistic_regression,1,2020-10-30,1,0,0.7756977551567062,0.1463552993779794,0.1463552993779794,0.6293424557787268
MSFT,logistic_regression,1,2020-11-02,1,1,0.47187637353503803,0.47187637353503803,0.4213454884254721,0.05053088510956594
MSFT,logistic_regression,1,2020-11-03,1,0,0.8681383347752156,0.06870695092281057,0.06870695092281057,0.7994313838524051
MSFT,logistic_regression,1,2020-11-04,0,0,0.795214087274905,0.010056084799246795,0.19472982792584825,0.6004842593490567
MSFT,logistic_regression,1,2020-11-05,-1,0,0.9368018649712678,0.0034676245648052753,0.0597305104639268,0.877071354507341
MSFT,logistic_regression,1,2020-11-06,-1,0,0.9363202933584255,0.00790697212467323,0.055772734516901186,0.8805475588415242
MSFT,logistic_regression,1,2020-11-09,0,0,0.9075065488282142,0.06652576795356596,0.06652576795356596,0.8409807808746483
MSFT,logistic_regression,1,2020-11-10,0,0,0.544723004550026,0.4515976561934839,0.4515976561934839,0.09312534835654207
MSFT,logistic_regression,1,2020-11-11,-1,0,0.9214390807247953,0.06265152044650654,0.06265152044650654,0.8587875602782887
MSFT,logistic_regression,1,2020-11-12,0,0,0.9374806725359798,0.05826753450958576,0.05826753450958576,0.879213138026394
MSFT,logistic_regression,1,2020-11-13,-1,0,0.8677216293169516,0.12818748164753427,0.12818748164753427,0.7395341476694174
MSFT,logistic_regression,1,2020-11-16,-1,0,0.9700247000597241,0.028065184031430566,0.028065184031430566,0.9419595160282935
MSFT,logistic_regression,1,2020-11-17,0,0,0.8840070282950182,0.11285764051103585,0.11285764051103585,0.7711493877839823
MSFT,logistic_regression,1,2020-11-18,0,0,0.7272747443762084,0.26737919632767965,0.26737919632767965,0.4598955480485288
MSFT,logistic_regression,1,2020-11-19,0,0,0.6551096054318796,0.33023771239706456,0.33023771239706456,0.324871893034815
MSFT,logistic_regression,1,2020-11-20,0,0,0.5226335452429374,0.4687628336690518,0.4687628336690518,0.053870711573885566
MSFT,logistic_regression,1,2020-11-23,1,0,0.6527769384149086,0.33734296430093963,0.33734296430093963,0.31543397411396895
MSFT,logistic_regression,1,2020-11-24,0,0,0.8705845593866661,0.11642878998190226,0.11642878998190226,0.7541557694047638
MSFT,logistic_regression,1,2020-11-25,0,0,0.9237612886006995,0.06723340879080003,0.06723340879080003,0.8565278798098994
MSFT,logistic_regression,1,2020-11-27,0,0,0.906653391646396,0.08132727503360852,0.08132727503360852,0.8253261166127875
MSFT,logistic_regression,1,2020-11-30,0,0,0.9250908612430921,0.060255854113984576,0.060255854113984576,0.8648350071291075
MSFT,logistic_regression,1,2020-12-01,0,0,0.9028173472577875,0.0750700279746695,0.0750700279746695,0.827747319283118
MSFT,logistic_regression,1,2020-12-02,0,0,0.8942715284017067,0.09742430234021641,0.09742430234021641,0.7968472260614903
MSFT,logistic_regression,1,2020-12-03,0,0,0.6328183901640925,0.35829320464520165,0.35829320464520165,0.2745251855188908
MSFT,logistic_regression,1,2020-12-04,0,1,0.5812450275866844,0.5812450275866844,0.4131836276605037,0.1680613999261807
MSFT,logistic_regression,1,2020-12-07,0,1,0.5598153650453238,0.5598153650453238,0.4321352527505721,0.12768011229475174
MSFT,logistic_regression,1,2020-12-08,0,0,0.6698571558357411,0.3082642911639925,0.3082642911639925,0.3615928646717486
MSFT,logistic_regression,1,2020-12-09,1,0,0.6862672332637839,0.29983700728686763,0.29983700728686763,0.3864302259769163
MSFT,logistic_regression,1,2020-12-10,1,1,0.6014651138799983,0.6014651138799983,0.38597714993687277,0.21548796394312558
MSFT,logistic_regression,1,2020-12-11,1,0,0.669564375578492,0.2894797804839843,0.2894797804839843,0.3800845950945077
MSFT,logistic_regression,1,2020-12-14,1,0,0.6283643270274208,0.31770280115331495,0.31770280115331495,0.3106615258741059
MSFT,logistic_regression,1,2020-12-15,1,1,0.5233661375871351,0.5233661375871351,0.45074763850413935,0.07261849908299578
MSFT,logistic_regression,1,2020-12-16,0,0,0.7802461117724356,0.0906689646910098,0.1290849235365545,0.6511611882358811
MSFT,logistic_regression,1,2020-12-17,0,0,0.804763093506539,0.13696137415585719,0.13696137415585719,0.6678017193506818
MSFT,logistic_regression,1,2020-12-18,1,0,0.7092671982953538,0.21878768258587875,0.21878768258587875,0.490479515709475
MSFT,logistic_regression,1,2020-12-21,0,0,0.8012704770281205,0.03306769949181512,0.16566182348006442,0.6356086535480561
MSFT,logistic_regression,1,2020-12-22,0,0,0.7628690612075687,0.049075886886208196,0.1880550519062231,0.5748140093013456
MSFT,logistic_regression,1,2020-12-23,0,0,0.7456655172832476,0.17497698433706033,0.17497698433706033,0.5706885329461873
MSFT,logistic_regression,1,2020-12-24,-1,0,0.7819213187443133,0.092467012061474,0.12561166919421277,0.6563096495501005
MSFT,logistic_regression,1,2020-12-28,-1,0,0.7305797710202333,0.09793859003949289,0.17148163894027388,0.5590981320799594
MSFT,logistic_regression,1,2020-12-29,-1,0,0.7716157447142753,0.13742931777008913,0.13742931777008913,0.6341864269441861
MSFT,logistic_regression,1,2020-12-30,0,0,0.7260952671283618,0.22313120511197035,0.22313120511197035,0.5029640620163914
MSFT,logistic_regression,1,2020-12-31,0,0,0.6852961281950521,0.21521545347871524,0.21521545347871524,0.4700806747163369
MSFT,logistic_regression,1,2021-01-04,0,0,0.7210167943360078,0.21624382163573358,0.21624382163573358,0.5047729727002743
MSFT,logistic_regression,1,2021-01-05,0,0,0.6242939018120923,0.32527882263194785,0.32527882263194785,0.29901507918014447
MSFT,logistic_regression,1,2021-01-06,0,1,0.5306908527593587,0.5306908527593587,0.4620989358266774,0.0685919169326813
MSFT,logistic_regression,1,2021-01-07,-1,0,0.645022767412649,0.31932909803841464,0.31932909803841464,0.32569366937423433
MSFT,logistic_regression,1,2021-01-08,-1,0,0.9097986154169391,0.08107832084097366,0.08107832084097366,0.8287202945759654
MSFT,logistic_regression,1,2021-01-11,0,0,0.7636657414479084,0.22369412177254708,0.22369412177254708,0.5399716196753613
MSFT,logistic_regression,1,2021-01-12,1,0,0.6878156732944783,0.3039298310597535,0.3039298310597535,0.38388584223472483
MSFT,logistic_regression,1,2021-01-13,1,0,0.6556339815408669,0.3224569932866722,0.3224569932866722,0.33317698825419473
MSFT,logistic_regression,1,2021-01-14,1,0,0.5571100696299428,0.43413427203159205,0.43413427203159205,0.12297579759835076
MSFT,logistic_regression,1,2021-01-15,1,1,0.60780697473618,0.60780697473618,0.38259831760264534,0.2252086571335346
MSFT,logistic_regression,1,2021-01-19,1,0,0.7129455979481008,0.2555540414535389,0.2555540414535389,0.45739155649456187
MSFT,logistic_regression,1,2021-01-20,1,0,0.8701373452908198,0.049118656203377124,0.08074399850580324,0.7893933467850165
MSFT,logistic_regression,1,2021-01-21,1,0,0.9078292271166986,0.07168386579082463,0.07168386579082463,0.8361453613258739
MSFT,logistic_regression,1,2021-01-22,1,0,0.8083155338880912,0.1224242042263703,0.1224242042263703,0.6858913296617208
MSFT,logistic_regression,1,2021-01-25,1,0,0.7929182133067783,0.03885251478837285,0.168229271904849,0.6246889414019292
MSFT,logistic_regression,1,2021-01-26,1,0,0.725842475172739,0.03853214544115355,0.23562537938610742,0.49021709578663164
MSFT,logistic_regression,1,2021-01-27,1,0,0.5534355344626165,0.010972248125261047,0.43559221741212245,0.11784331705049406
MSFT,logistic_regression,1,2021-01-28,0,-1,0.6155388199057431,0.003026257505079486,0.3814349225891774,0.23410389731656572
MSFT,logistic_regression,1,2021-01-29,1,0,0.7633568385836169,0.009275405213641291,0.22736775620274188,0.5359890823808751
MSFT,logistic_regression,1,2021-02-01,0,-1,0.6984614178268093,0.001209521178436902,0.3003290609947539,0.39813235683205533
MSFT,logistic_regression,1,2021-02-02,0,0,0.8579056757021987,0.0025694852852545798,0.13952483901254678,0.7183808366896519
MSFT,logistic_regression,1,2021-02-03,0,0,0.5134102940601822,0.0025430756818931475,0.4840466302579246,0.029363663802257634
MSFT,logistic_regression,1,2021-02-04,0,0,0.8832130673839458,0.0019015958621819106,0.1148853367538723,0.7683277306300735
MSFT,logistic_regression,1,2021-02-05,0,0,0.7547551105959643,0.007900093816545667,0.2373447955874901,0.5174103150084742
MSFT,logistic_regression,1,2021-02-08,0,0,0.8525072125854604,0.011990484253820625,0.13550230316071898,0.7170049094247414
MSFT,logistic_regression,1,2021-02-09,0,0,0.8170507234007803,0.008443225748675807,0.17450605085054371,0.6425446725502366
MSFT,logistic_regression,1,2021-02-10,0,0,0.8837821342261574,0.007095692808202724,0.10912217296563986,0.7746599612605175
MSFT,logistic_regression,1,2021-02-11,0,0,0.8171484287114683,0.009161428990432874,0.17369014229809884,0.6434582864133694
MSFT,logistic_regression,1,2021-02-12,-1,0,0.8582350327523832,0.003739499572760485,0.13802546767485638,0.7202095650775269
MSFT,logistic_regression,1,2021-02-16,-1,0,0.8106258443043868,0.008011785077771567,0.18136237061784166,0.6292634736865451
MSFT,logistic_regression,1,2021-02-17,-1,0,0.8184998567783933,0.007734977716448782,0.17376516550515805,0.6447346912732352
MSFT,logistic_regression,1,2021-02-18,-1,0,0.7711708711770581,0.023324571046887843,0.20550455777605395,0.5656663134010042
MSFT,logistic_regression,1,2021-02-19,-1,0,0.8020129137747661,0.05242667374371966,0.14556041248151425,0.6564525012932518
MSFT,logistic_regression,1,2021-02-22,0,0,0.8565575670601134,0.1002447041171955,0.1002447041171955,0.7563128629429179
MSFT,logistic_regression,1,2021-02-23,0,0,0.8062099249388097,0.13727370572841524,0.13727370572841524,0.6689362192103945
MSFT,logistic_regression,1,2021-02-24,-1,0,0.8299861703723063,0.13472265369889846,0.13472265369889846,0.6952635166734078
MSFT,logistic_regression,1,2021-02-25,0,0,0.7954591887518909,0.18977571916379085,0.18977571916379085,0.6056834695881
MSFT,logistic_regression,1,2021-02-26,0,0,0.7691655692479109,0.15884517680177182,0.15884517680177182,0.6103203924461391
MSFT,logistic_regression,1,2021-03-01,-1,0,0.8977681622083402,0.061726640427633164,0.061726640427633164,0.836041521780707
MSFT,logistic_regression,1,2021-03-02,0,0,0.741738336937331,0.23932276769938707,0.23932276769938707,0.502415569237944
MSFT,logistic_regression,1,2021-03-03,1,0,0.5921956490198557,0.3924504721117908,0.3924504721117908,0.19974517690806487
MSFT,logistic_regression,1,2021-03-04,1,0,0.6009689100471566,0.32257939375048117,0.32257939375048117,0.2783895162966754
MSFT,logistic_regression,1,2021-03-05,0,0,0.6743110357314593,0.228878860880252,0.228878860880252,0.44543217485120734
MSFT,logistic_regression,1,2021-03-08,1,0,0.676368349692966,0.30836348737734937,0.30836348737734937,0.36800486231561663
MSFT,logistic_regression,1,2021-03-09,0,0,0.8258816765031639,0.11597149257946611,0.11597149257946611,0.7099101839236978
MSFT,logistic_regression,1,2021-03-10,0,0,0.8521565078276567,0.12791887547347813,0.12791887547347813,0.7242376323541786
MSFT,logistic_regression,1,2021-03-11,-1,0,0.8411827854286629,0.08850775923774241,0.08850775923774241,0.7526750261909204
MSFT,logistic_regression,1,2021-03-12,-1,0,0.8878386368745871,0.09778363331673147,0.09778363331673147,0.7900550035578556
MSFT,logistic_regression,1,2021-03-15,0,0,0.5790498342537976,0.38966905460875234,0.38966905460875234,0.1893807796450453
MSFT,logistic_regression,1,2021-03-16,0,0,0.8443346444996063,0.10616373783485764,0.10616373783485764,0.7381709066647486
MSFT,logistic_regression,1,2021-03-17,0,0,0.7929522836975472,0.161725911792748,0.161725911792748,0.6312263719047992
MSFT,logistic_regression,1,2021-03-18,0,0,0.6251604794809242,0.3627122408643211,0.3627122408643211,0.26244823861660316
MSFT,logistic_regression,1,2021-03-19,1,0,0.5704636419384427,0.3884344178612997,0.3884344178612997,0.182029224077143
MSFT,logistic_regression,1,2021-03-22,0,0,0.8368976558128245,0.046464440050241224,0.11663790413693415,0.7202597516758904
MSFT,logistic_regression,1,2021-03-23,-1,0,0.824958288701296,0.05090733026557932,0.12413438103312459,0.7008239076681714
MSFT,logistic_regression,1,2021-03-24,0,0,0.7962091189777658,0.10616238318815954,0.10616238318815954,0.6900467357896063
MSFT,logistic_regression,1,2021-03-25,1,0,0.7403356220151861,0.1575077602769486,0.1575077602769486,0.5828278617382375
MSFT,logistic_regression,1,2021-03-26,1,0,0.7451286927549455,0.1268949207372183,0.12797638650783608,0.6171523062471095
MSFT,logistic_regression,1,2021-03-29,1,0,0.7460176071926015,0.20634458964561259,0.20634458964561259,0.5396730175469888
MSFT,logistic_regression,1,2021-03-30,1,0,0.5485318245548266,0.4282285866247724,0.4282285866247724,0.12030323793005421
MSFT,logistic_regression,1,2021-03-31,1,0,0.840747414186849,0.060251067928467406,0.09900151788468384,0.7417458963021651
MSFT,logistic_regression,1,2021-04-01,1,0,0.8901371534224892,0.012922914087635415,0.09693993248987551,0.7931972209326137
MSFT,logistic_regression,1,2021-04-05,1,0,0.9025377839666411,0.006834536508180865,0.09062767952517806,0.811910104441463
MSFT,logistic_regression,1,2021-04-06,1,0,0.955296080372933,0.010940700585237616,0.03376321904182929,0.9215328613311037
MSFT,logistic_regression,1,2021-04-07,1,0,0.8494727699719428,0.021775092224053317,0.12875213780400402,0.7207206321679387
MSFT,logistic_regression,1,2021-04-08,1,0,0.8413507101201867,0.009722135096262182,0.14892715478355106,0.6924235553366356
MSFT,logistic_regression,1,2021-04-09,0,0,0.8406227070571012,0.016898839232846886,0.14247845371005186,0.6981442533470493
MSFT,logistic_regression,1,2021-04-12,0,0,0.8922973102063849,0.020861300678401404,0.08684138911521351,0.8054559210911714
MSFT,logistic_regression,1,2021-04-13,0,0,0.8334462964570232,0.011301687865317291,0.1552520156776595,0.6781942807793637
MSFT,logistic_regression,1,2021-04-14,0,0,0.897025257749446,0.024049520947823932,0.07892522130272993,0.818100036446716
MSFT,logistic_regression,1,2021-04-15,0,0,0.8305988754616492,0.020411392466124608,0.14898973207222616,0.6816091433894231
MSFT,logistic_regression,1,2021-04-16,0,0,0.9056619522429933,0.007659110541609797,0.0866789372153971,0.8189830150275962
MSFT,logistic_regression,1,2021-04-19,0,0,0.8755951549214869,0.022583099893642208,0.10182174518487096,0.7737734097366159
MSFT,logistic_regression,1,2021-04-20,0,0,0.8657256594008356,0.025406166001996217,0.10886817459716826,0.7568574848036673
MSFT,logistic_regression,2,2021-04-21,-1,-1,0.39270999163925685,0.24406032936512514,0.36322967899561803,0.029480312643638817
MSFT,logistic_regression,2,2021-04-22,0,-1,0.39396018183061104,0.28036298327412623,0.3256768348952627,0.06828334693534832
MSFT,logistic_regression,2,2021-04-23,-1,-1,0.47152983222149797,0.1792665701391186,0.34920359763938347,0.1223262345821145
MSFT,logistic_regression,2,2021-04-26,-1,-1,0.4161705411615166,0.20619020241252825,0.3776392564259553,0.03853128473556128
MSFT,logistic_regression,2,2021-04-27,-1,-1,0.418738063186538,0.22830697438612865,0.3529549624273335,0.06578310075920452
MSFT,logistic_regression,2,2021-04-28,-1,0,0.48318127943767375,0.26547113479445866,0.26547113479445866,0.2177101446432151
MSFT,logistic_regression,2,2021-04-29,0,0,0.3968889224889373,0.2877013879428805,0.3154096895681821,0.0814792329207552
MSFT,logistic_regression,2,2021-04-30,0,-1,0.3718552683021676,0.27809756621133985,0.3500471654864927,0.021808102815674912
MSFT,logistic_regression,2,2021-05-03,0,0,0.36523719059956405,0.3560111778776831,0.3560111778776831,0.00922601272188095
MSFT,logistic_regression,2,2021-05-04,0,1,0.4345540682182563,0.4345540682182563,0.3009589616669923,0.133595106551264
MSFT,logistic_regression,2,2021-05-05,-1,1,0.42505148106115487,0.42505148106115487,0.3172322559121229,0.10781922514903197
MSFT,logistic_regression,2,2021-05-06,-1,-1,0.3457432269921427,0.3339762541051802,0.3339762541051802,0.01176697288696249
MSFT,logistic_regression,2,2021-05-07,0,1,0.3744095892980479,0.3744095892980479,0.32401738039496686,0.05039220890308105
MSFT,logistic_regression,2,2021-05-10,0,1,0.4699067440822027,0.4699067440822027,0.31356250962796345,0.15634423445423923
MSFT,logistic_regression,2,2021-05-11,0,1,0.4506563640038301,0.4506563640038301,0.29187512116791275,0.15878124283591732
MSFT,logistic_regression,2,2021-05-12,0,1,0.5315863736440873,0.5315863736440873,0.2395032295566569,0.2920831440874304
MSFT,logistic_regression,2,2021-05-13,0,1,0.5020894297022461,0.5020894297022461,0.2581193186515586,0.2439701110506875
MSFT,logistic_regression,2,2021-05-14,0,1,0.4011405602877239,0.4011405602877239,0.3095922235248349,0.09154833676288898
MSFT,logistic_regression,2,2021-05-17,1,1,0.5330656522837115,0.5330656522837115,0.3018570573937491,0.23120859488996243
MSFT,logistic_regression,2,2021-05-18,1,1,0.5656911226824991,0.5656911226824991,0.24982773110406864,0.31586339157843046
MSFT,logistic_regression,2,2021-05-19,1,1,0.4801662525238408,0.4801662525238408,0.2662167363031943,0.2139495162206465
MSFT,logistic_regression,2,2021-05-20,0,1,0.46553109498687184,0.46553109498687184,0.2836074927817036,0.18192360220516823
MSFT,logistic_regression,2,2021-05-21,0,1,0.5750980103973998,0.5750980103973998,0.24121932857756068,0.33387868181983915
MSFT,logistic_regression,2,2021-05-24,0,1,0.45883369084138126,0.45883369084138126,0.2812626246227145,0.17757106621866675
MSFT,logistic_regression,2,2021-05-25,0,1,0.4860985777307563,0.4860985777307563,0.2771007251998855,0.20899785253087083
MSFT,logistic_regression,2,2021-05-26,-1,1,0.47628456425256743,0.47628456425256743,0.32271694403150547,0.15356762022106196
MSFT,logistic_regression,2,2021-05-27,0,1,0.5180635504803462,0.5180635504803462,0.2926000868851917,0.22546346359515457
MSFT,logistic_regression,2,2021-05-28,0,1,0.5062300709620724,0.5062300709620724,0.2774655855121275,0.22876448544994488
MSFT,logistic_regression,2,2021-06-01,1,1,0.56795763007472,0.56795763007472,0.2487819051698438,0.3191757249048762
MSFT,logistic_regression,2,2021-06-02,1,1,0.511238222676312,0.511238222676312,0.29110635687875114,0.2201318657975609
MSFT,logistic_regression,2,2021-06-03,1,1,0.521226513872725,0.521226513872725,0.27362135625084816,0.24760515762187685
MSFT,logistic_regression,2,2021-06-04,1,1,0.4301831292999682,0.4301831292999682,0.29823741406218246,0.13194571523778575
MSFT,logistic_regression,2,2021-06-07,1,1,0.3644387951860034,0.3644387951860034,0.34770820702822497,0.016730588157778448
MSFT,logistic_regression,2,2021-06-08,1,1,0.4737257776543695,0.4737257776543695,0.2848055393886581,0.18892023826571142
MSFT,logistic_regression,2,2021-06-09,0,1,0.4340860921698267,0.4340860921698267,0.287678402079593,0.1464076900902337
MSFT,logistic_regression,2,2021-06-10,0,-1,0.36425550297092646,0.3446432533383555,0.3446432533383555,0.019612249632570966
MSFT,logistic_regression,2,2021-06-11,0,1,0.3785092064145634,0.3785092064145634,0.35833748134045673,0.020171725074106694
MSFT,logistic_regression,2,2021-06-14,0,1,0.3479111852311718,0.3479111852311718,0.34255670364342317,0.00535448158774865
MSFT,logistic_regression,2,2021-06-15,1,1,0.3775630216143165,0.3775630216143165,0.3666570345984507,0.010905987015865759
MSFT,logistic_regression,2,2021-06-16,1,1,0.39738388574665656,0.39738388574665656,0.3171059321335479,0.08027795361310869
MSFT,logistic_regression,2,2021-06-17,1,-1,0.44253062401110504,0.2512370773730336,0.30623229861586143,0.1362983253952436
MSFT,logistic_regression,2,2021-06-18,1,-1,0.3872011985931016,0.36456256218961475,0.36456256218961475,0.022638636403486845
MSFT,logistic_regression,2,2021-06-21,1,-1,0.4198683530325275,0.2471134520891218,0.3330181948783507,0.0868501581541768
MSFT,logistic_regression,2,2021-06-22,1,-1,0.4329952654828616,0.25275916341313853,0.3142455711039998,0.11874969437886179
MSFT,logistic_regression,2,2021-06-23,1,0,0.3421727908781666,0.3199139279136491,0.3379132812081843,0.0042595096699822865
MSFT,logistic_regression,2,2021-06-24,0,-1,0.3622901511206129,0.29873111367816835,0.3389787352012187,0.02331141591939423
MSFT,logistic_regression,2,2021-06-25,1,0,0.3720330953242824,0.32325875976071156,0.32325875976071156,0.04877433556357086
MSFT,logistic_regression,2,2021-06-28,1,-1,0.436961417475298,0.2374627989861276,0.3255757835385746,0.1113856339367234
MSFT,logistic_regression,2,2021-06-29,1,-1,0.4867573587893915,0.188421040926708,0.3248216002839004,0.16193575850549113
MSFT,logistic_regression,2,2021-06-30,1,0,0.40687417917248236,0.23625536093122593,0.35687045989629174,0.05000371927619063
MSFT,logistic_regression,2,2021-07-01,1,0,0.43953732721248717,0.18379636447832443,0.37666630830918835,0.06287101890329883
MSFT,logistic_regression,2,2021-07-02,0,-1,0.5594404055421404,0.14151915536518112,0.29904043909267847,0.2603999664494619
MSFT,logistic_regression,2,2021-07-06,0,-1,0.459145718335215,0.17912192243122194,0.36173235923356306,0.09741335910165194
MSFT,logistic_regression,2,2021-07-07,0,-1,0.46327085428188575,0.15543595808776578,0.3812931876303485,0.08197766665153727
MSFT,logistic_regression,2,2021-07-08,0,-1,0.46600050076792493,0.1730575879769358,0.3609419112551392,0.10505858951278574
MSFT,logistic_regression,2,2021-07-09,0,0,0.4527338135584301,0.19240408120533575,0.35486210523623407,0.09787170832219605
MSFT,logistic_regression,2,2021-07-12,0,0,0.4372991837484474,0.20998778113855768,0.3527130351129949,0.0845861486354525
MSFT,logistic_regression,2,2021-07-13,0,-1,0.5436190898313885,0.16338671820374367,0.29299419196486787,0.25062489786652065
MSFT,logistic_regression,2,2021-07-14,0,-1,0.4719222471829295,0.16058227440379685,0.36749547841327357,0.10442676876965595
MSFT,logistic_regression,2,2021-07-15,0,-1,0.40506710937683404,0.193810150349663,0.4011227402735031,0.003944369103330958
MSFT,logistic_regression,2,2021-07-16,1,-1,0.4940601281421777,0.1955147291269132,0.3104251427309091,0.1836349854112686
MSFT,logistic_regression,2,2021-07-19,1,-1,0.5323116356725255,0.22664702368048295,0.24104134064699162,0.29127029502553387
MSFT,logistic_regression,2,2021-07-20,1,-1,0.47496642469018424,0.19580962444329378,0.329223950866522,0.14574247382366223
MSFT,logistic_regression,2,2021-07-21,0,-1,0.4922215698431392,0.1797901764004831,0.32798825375637763,0.16423331608676156
MSFT,logistic_regression,2,2021-07-22,0,-1,0.5467218898691473,0.16716661561227336,0.2861114945185794,0.26061039535056785
MSFT,logistic_regression,2,2021-07-23,0,-1,0.50843035936857,0.1399718210246656,0.35159781960676445,0.1568325397618055
MSFT,logistic_regression,2,2021-07-26,0,-1,0.42644020049365805,0.16272579207444854,0.4108340074318934,0.01560619306176464
MSFT,logistic_regression,2,2021-07-27,0,-1,0.4805228931371758,0.21117375519057113,0.30830335167225315,0.17221954146492263
MSFT,logistic_regression,2,2021-07-28,0,-1,0.48512783642144325,0.21647567672645138,0.29839648685210524,0.186731349569338
MSFT,logistic_regression,2,2021-07-29,0,0,0.4008621659028909,0.2098700066951631,0.389267827401946,0.011594338500944934
MSFT,logistic_regression,2,2021-07-30,0,-1,0.38967945510383867,0.2583986471908753,0.351921897705286,0.03775755739855269
MSFT,logistic_regression,2,2021-08-02,0,-1,0.3916381666341642,0.2672120072417977,0.34114982612403805,0.05048834051012613
MSFT,logistic_regression,2,2021-08-03,0,-1,0.39582105247190796,0.23391897335833078,0.37025997416976114,0.025561078302146822
MSFT,logistic_regression,2,2021-08-04,0,-1,0.3899626104551416,0.2578320935552764,0.35220529598958206,0.03775731446555952
MSFT,logistic_regression,2,2021-08-05,0,-1,0.4335360998911826,0.20837173469224113,0.35809216541657635,0.07544393447460623
MSFT,logistic_regression,2,2021-08-06,0,-1,0.3967697416701511,0.23671984312442462,0.36651041520542427,0.030259326464726843
MSFT,logistic_regression,2,2021-08-09,1,-1,0.39016630824410636,0.254397050578067,0.3554366411778266,0.03472966706627978
MSFT,logistic_regression,2,2021-08-10,1,-1,0.34664561871021515,0.31276806563303455,0.34058631565675035,0.006059303053464804
MSFT,logistic_regression,2,2021-08-11,0,0,0.3609967006933079,0.3004629191876497,0.3385403801190424,0.022456320574265498
MSFT,logistic_regression,2,2021-08-12,1,-1,0.392589089613302,0.24637039779162417,0.36104051259507375,0.031548577018228274
MSFT,logistic_regression,2,2021-08-13,1,-1,0.3888892161330648,0.23725295755638032,0.37385782631055486,0.015031389822509955
MSFT,logistic_regression,2,2021-08-16,1,0,0.4014200295829048,0.22455016571684766,0.3740298047002476,0.027390224882657188
MSFT,logistic_regression,2,2021-08-17,1,0,0.39876942368691826,0.2512347067408722,0.34999586957220963,0.04877355411470863
MSFT,logistic_regression,2,2021-08-18,1,-1,0.4128533279628562,0.2849651191231174,0.3021815529140263,0.11067177504882986
MSFT,logistic_regression,2,2021-08-19,0,-1,0.6197439059868468,0.15232263017689185,0.22793346383626126,0.3918104421505856
MSFT,logistic_regression,2,2021-08-20,0,-1,0.6385034756813762,0.14530745202062514,0.2161890722979987,0.42231440338337756
MSFT,logistic_regression,2,2021-08-23,0,0,0.43108929787684996,0.18329257331374232,0.3856181288094077,0.04547116906744225
MSFT,logistic_regression,2,2021-08-24,0,0,0.40738965471225136,0.2369005324819579,0.3557098128057906,0.051679841906460744
MSFT,logistic_regression,2,2021-08-25,0,-1,0.37157372642023817,0.25833626205329513,0.3700900115264667,0.0014837148937714706
MSFT,logistic_regression,2,2021-08-26,0,0,0.35782358977374934,0.2974381923869739,0.3447382178392766,0.013085371934472734
MSFT,logistic_regression,2,2021-08-27,0,0,0.38138349609668515,0.2915615596859479,0.32705494421736697,0.05432855187931818
MSFT,logistic_regression,2,2021-08-30,0,-1,0.40796311985446426,0.22324257600994277,0.36879430413559294,0.03916881571887132
MSFT,logistic_regression,2,2021-08-31,0,0,0.356258039422555,0.33330121076100877,0.33330121076100877,0.022956828661546247
MSFT,logistic_regression,2,2021-09-01,0,0,0.4068572544275822,0.270270125025943,0.3228726205464747,0.0839846338811075
MSFT,logistic_regression,2,2021-09-02,0,0,0.39248586790452905,0.29035245485902933,0.3171616772364417,0.07532419066808738
MSFT,logistic_regression,2,2021-09-03,0,-1,0.3470862351407365,0.3068821905867262,0.3460315742725373,0.0010546608681992198
MSFT,logistic_regression,2,2021-09-07,0,-1,0.3591714313565809,0.32453259195452966,0.32453259195452966,0.03463883940205126
MSFT,logistic_regression,2,2021-09-08,0,-1,0.3746654249901413,0.2834444053837716,0.3418901696260871,0.032775255364054234
MSFT,logistic_regression,2,2021-09-09,1,-1,0.3611412802251325,0.35704563290813185,0.35704563290813185,0.004095647317000628
MSFT,logistic_regression,2,2021-09-10,0,-1,0.38499405727436925,0.3690304420723651,0.3690304420723651,0.015963615202004178
MSFT,logistic_regression,2,2021-09-13,0,-1,0.39478502215648725,0.35134048181749067,0.35134048181749067,0.043444540338996585
MSFT,logistic_regression,2,2021-09-14,0,-1,0.4701836278853474,0.30759592192510227,0.30759592192510227,0.16258770596024513
MSFT,logistic_regression,2,2021-09-15,-1,-1,0.4561643545248051,0.26812667465530404,0.2757089708198907,0.18045538370491437
MSFT,logistic_regression,2,2021-09-16,0,-1,0.43627332639951405,0.22695036943810576,0.33677630416238025,0.0994970222371338
MSFT,logistic_regression,2,2021-09-17,0,1,0.45953887526228615,0.45953887526228615,0.31482519015085425,0.1447136851114319
MSFT,logistic_regression,2,2021-09-20,0,-1,0.4100024043658916,0.40318129197655705,0.40318129197655705,0.006821112389334527
MSFT,logistic_regression,2,2021-09-21,-1,1,0.4415792551108333,0.4415792551108333,0.36677523341745416,0.07480402169337913
MSFT,logistic_regression,2,2021-09-22,-1,-1,0.42376151996099615,0.3703295676707295,0.3703295676707295,0.05343195229026665
MSFT,logistic_regression,2,2021-09-23,-1,1,0.37887219744344675,0.37887219744344675,0.31206307365069863,0.06680912379274812
MSFT,logistic_regression,2,2021-09-24,-1,1,0.3798160324854904,0.3798160324854904,0.31192556805152544,0.06789046443396496
MSFT,logistic_regression,2,2021-09-27,-1,1,0.5089744198865032,0.5089744198865032,0.2505766659384105,0.25839775394809267
MSFT,logistic_regression,2,2021-09-28,0,1,0.6659241135936979,0.6659241135936979,0.18694294937191028,0.4789811642217876
MSFT,logistic_regression,2,2021-09-29,1,1,0.5919086502088118,0.5919086502088118,0.24812143299435338,0.3437872172144584
MSFT,logistic_regression,2,2021-09-30,1,1,0.6098601170739808,0.6098601170739808,0.28242637660992165,0.32743374046405915
MSFT,logistic_regression,2,2021-10-01,0,-1,0.44963088238915877,0.37620132647432675,0.37620132647432675,0.07342955591483202
MSFT,logistic_regression,2,2021-10-04,1,1,0.5460406391372519,0.5460406391372519,0.28672175304628356,0.2593188860909683
MSFT,logistic_regression,2,2021-10-05,0,1,0.4312534490030392,0.4312534490030392,0.38171469268923097,0.04953875631380822
MSFT,logistic_regression,2,2021-10-06,0,-1,0.5305975831355436,0.29897493906970657,0.29897493906970657,0.23162264406583705
MSFT,logistic_regression,2,2021-10-07,1,1,0.4857028332854487,0.4857028332854487,0.2865164057962828,0.19918642748916593
MSFT,logistic_regression,2,2021-10-08,1,1,0.47859633249758093,0.47859633249758093,0.30754268355077424,0.1710536489468067
MSFT,logistic_regression,2,2021-10-11,1,1,0.4463858877231167,0.4463858877231167,0.35428216137632246,0.09210372634679426
MSFT,logistic_regression,2,2021-10-12,1,1,0.5503723584545874,0.5503723584545874,0.2501728370176782,0.30019952143690926
MSFT,logistic_regression,2,2021-10-13,1,1,0.5081736191993081,0.5081736191993081,0.3098947508556238,0.19827886834368436
MSFT,logistic_regression,2,2021-10-14,1,1,0.40412664712148144,0.40412664712148144,0.3601929213575153,0.04393372576396615
MSFT,logistic_regression,2,2021-10-15,0,1,0.41255527271370424,0.41255527271370424,0.3053990950822594,0.10715617763144486
MSFT,logistic_regression,2,2021-10-18,0,-1,0.3924802019609787,0.33531476420668976,0.33531476420668976,0.05716543775428895
MSFT,logistic_regression,2,2021-10-19,0,1,0.39684469123272803,0.39684469123272803,0.31206342706869916,0.08478126416402887
MSFT,logistic_regression,2,2021-10-20,1,1,0.4537670270086397,0.4537670270086397,0.29070459844899244,0.16306242855964725
MSFT,logistic_regression,2,2021-10-21,1,-1,0.3799259139518747,0.3523051792790859,0.3523051792790859,0.027620734672788805
MSFT,logistic_regression,2,2021-10-22,1,1,0.4311155958332281,0.4311155958332281,0.2908601322049881,0.14025546362824004
MSFT,logistic_regression,2,2021-10-25,1,1,0.4321058869837895,0.4321058869837895,0.3318324369323219,0.1002734500514676
MSFT,logistic_regression,2,2021-10-26,1,1,0.3826773963545921,0.3826773963545921,0.33245192908372817,0.05022546727086391
MSFT,logistic_regression,2,2021-10-27,1,-1,0.7545998487996529,0.13396767566557466,0.13396767566557466,0.6206321731340783
MSFT,logistic_regression,2,2021-10-28,1,-1,0.42233288909515804,0.19685733599569635,0.38080977490914564,0.0415231141860124
MSFT,logistic_regression,2,2021-10-29,0,-1,0.6569235654341078,0.13278593586182152,0.2102904987040707,0.4466330667300371
MSFT,logistic_regression,2,2021-11-01,1,-1,0.4886588515085577,0.17208306570385243,0.33925808278758995,0.14940076872096775
MSFT,logistic_regression,2,2021-11-02,0,-1,0.5120012371722622,0.18310499037987868,0.3048937724478592,0.207107464724403
MSFT,logistic_regression,2,2021-11-03,0,-1,0.4575967737454435,0.1750874151703415,0.3673158110842149,0.09028096266122859
MSFT,logistic_regression,2,2021-11-04,0,-1,0.5135641130699765,0.15325513644736835,0.33318075048265505,0.18038336258732146
MSFT,logistic_regression,2,2021-11-05,0,-1,0.41719650694278937,0.18701736724960089,0.3957861258076098,0.021410381135179568
MSFT,logistic_regression,2,2021-11-08,0,0,0.41714901125404336,0.18179491813786103,0.4010560706080956,0.01609294064594774
MSFT,logistic_regression,2,2021-11-09,0,0,0.41524243633683366,0.17596779268126678,0.40878977098189956,0.006452665354934106
MSFT,logistic_regression,2,2021-11-10,1,-1,0.42475815672535405,0.25094862290318865,0.32429322037145736,0.1004649363538967
MSFT,logistic_regression,2,2021-11-11,1,-1,0.4911947690647211,0.19662621600121555,0.3121790149340634,0.17901575413065768
MSFT,logistic_regression,2,2021-11-12,1,-1,0.565381841593144,0.17256519424059724,0.26205296416625884,0.30332887742688514
MSFT,logistic_regression,2,2021-11-15,0,-1,0.47167481746688095,0.18946183273093833,0.33886334980218086,0.1328114676647001
MSFT,logistic_regression,2,2021-11-16,0,-1,0.5843849442833016,0.14015605342228463,0.2754590022944137,0.30892594198888784
MSFT,logistic_regression,2,2021-11-17,0,-1,0.5678142021264496,0.13783157132250737,0.29435422655104304,0.2734599755754066
MSFT,logistic_regression,2,2021-11-18,-1,-1,0.5675134929638168,0.13446498795436768,0.29802151908181546,0.26949197388200136
MSFT,logistic_regression,2,2021-11-19,0,-1,0.5755414841196134,0.13118931963167524,0.29326919624871134,0.28227228787090203
MSFT,logistic_regression,2,2021-11-22,-1,-1,0.5997334766083188,0.14692886297093394,0.2533376604207473,0.3463958161875715
MSFT,logistic_regression,2,2021-11-23,-1,-1,0.5222409307710478,0.1576197276197171,0.3201393416092351,0.20210158916181276
MSFT,logistic_regression,2,2021-11-24,-1,-1,0.46784040482743944,0.1947555692361852,0.3374040259363753,0.13043637889106413
MSFT,logistic_regression,2,2021-11-26,-1,-1,0.5208945107196081,0.2683215290174069,0.2683215290174069,0.2525729817022012
MSFT,logistic_regression,2,2021-11-29,-1,-1,0.5430410291365619,0.256225415769168,0.256225415769168,0.2868156133673939
MSFT,logistic_regression,2,2021-11-30,0,-1,0.5701632257279144,0.27531360923217363,0.27531360923217363,0.2948496164957408
MSFT,logistic_regression,2,2021-12-01,0,-1,0.6113103968888088,0.270151388475666,0.270151388475666,0.34115900841314284
MSFT,logistic_regression,2,2021-12-02,0,-1,0.5000055527975189,0.2847958637853411,0.2847958637853411,0.2152096890121778
MSFT,logistic_regression,2,2021-12-03,1,-1,0.5154124475616149,0.3682775119408334,0.3682775119408334,0.14713493562078145
MSFT,logistic_regression,2,2021-12-06,1,-1,0.5535952128734826,0.2868859892914064,0.2868859892914064,0.26670922358207616
MSFT,logistic_regression,2,2021-12-07,0,-1,0.5699909035601797,0.25669586714719345,0.25669586714719345,0.3132950364129862
MSFT,logistic_regression,2,2021-12-08,0,-1,0.43095360865015536,0.3269076928589598,0.3269076928589598,0.10404591579119554
MSFT,logistic_regression,2,2021-12-09,-1,-1,0.42953999543003724,0.3481728846484751,0.3481728846484751,0.08136711078156211
MSFT,logistic_regression,2,2021-12-10,-1,-1,0.6537771330341631,0.1925555589018402,0.1925555589018402,0.4612215741323229
MSFT,logistic_regression,2,2021-12-13,-1,-1,0.47288025990066124,0.30925564231618263,0.30925564231618263,0.1636246175844786
MSFT,logistic_regression,2,2021-12-14,0,1,0.4835709228425799,0.4835709228425799,0.2946622641090973,0.18890865873348262
MSFT,logistic_regression,2,2021-12-15,0,-1,0.5254716670168174,0.2798773151232352,0.2798773151232352,0.24559435189358214
MSFT,logistic_regression,2,2021-12-16,1,1,0.530222025051885,0.530222025051885,0.2888544521029449,0.24136757294894007
MSFT,logistic_regression,2,2021-12-17,1,1,0.5505028598799228,0.5505028598799228,0.2977922865027745,0.25271057337714825
MSFT,logistic_regression,2,2021-12-20,1,1,0.5378146023087526,0.5378146023087526,0.29776471296333856,0.240049889345414
MSFT,logistic_regression,2,2021-12-21,1,1,0.45981745049062434,0.45981745049062434,0.38604081367122073,0.07377663681940361
MSFT,logistic_regression,2,2021-12-22,0,-1,0.47057046639043754,0.36331339133531554,0.36331339133531554,0.107257075055122
MSFT,logistic_regression,2,2021-12-23,0,1,0.4651113245341839,0.4651113245341839,0.3102323464176601,0.1548789781165238
MSFT,logistic_regression,2,2021-12-27,-1,-1,0.49796067359746954,0.3064370520562091,0.3064370520562091,0.19152362154126046
MSFT,logistic_regression,2,2021-12-28,-1,1,0.4589610204215484,0.4589610204215484,0.31522886995703925,0.14373215046450916
MSFT,logistic_regression,2,2021-12-29,-1,1,0.45664008676113754,0.45664008676113754,0.29958401479619234,0.1570560719649452
MSFT,logistic_regression,2,2021-12-30,-1,1,0.5161447876913611,0.5161447876913611,0.2583673824149179,0.25777740527644316
MSFT,logistic_regression,2,2021-12-31,-1,1,0.5511529468955385,0.5511529468955385,0.23216275193074,0.3189901949647985
MSFT,logistic_regression,2,2022-01-03,-1,1,0.5034036735508881,0.5034036735508881,0.251158788806765,0.2522448847441231
MSFT,logistic_regression,2,2022-01-04,-1,1,0.5724888369872589,0.5724888369872589,0.2446394095705871,0.32784942741667183
MSFT,logistic_regression,2,2022-01-05,0,1,0.7251437055392304,0.7251437055392304,0.15521087338071982,0.5699328321585105
MSFT,logistic_regression,2,2022-01-06,-1,1,0.67793179771651,0.67793179771651,0.16159514072710884,0.5163366569894012
MSFT,logistic_regression,2,2022-01-07,0,1,0.6645865430579587,0.6645865430579587,0.19920252188395945,0.46538402117399924
MSFT,logistic_regression,2,2022-01-10,-1,1,0.6375509086146034,0.6375509086146034,0.24628735893618944,0.3912635496784139
MSFT,logistic_regression,2,2022-01-11,-1,1,0.6488848964824109,0.6488848964824109,0.2010129989629038,0.44787189751950707
MSFT,logistic_regression,2,2022-01-12,-1,1,0.6325776433017105,0.6325776433017105,0.2532530205204154,0.37932462278129514
MSFT,logistic_regression,2,2022-01-13,-1,1,0.7725679045605084,0.7725679045605084,0.13365540155136607,0.6389125030091423
MSFT,logistic_regression,2,2022-01-14,-1,1,0.6072640334947104,0.6072640334947104,0.26869306712447655,0.3385709663702338
MSFT,logistic_regression,2,2022-01-18,-1,1,0.6922720664721979,0.6922720664721979,0.18188984581880657,0.5103822206533912
MSFT,logistic_regression,2,2022-01-19,-1,1,0.706564318121937,0.706564318121937,0.21400477392919562,0.4925595441927414
MSFT,logistic_regression,2,2022-01-20,0,1,0.6686737289377175,0.6686737289377175,0.2562813202803064,0.41239240865741106
MSFT,logistic_regression,2,2022-01-21,1,1,0.8036654750037633,0.8036654750037633,0.14511739833006942,0.6585480766736939
MSFT,logistic_regression,2,2022-01-24,1,1,0.4941859960839021,0.4941859960839021,0.43909677957754134,0.05508921650636078
MSFT,logistic_regression,2,2022-01-25,1,1,0.7830753098812725,0.7830753098812725,0.15550930447197947,0.6275660054092931
MSFT,logistic_regression,2,2022-01-26,1,1,0.6749335470083037,0.6749335470083037,0.3072609363866519,0.36767261062165174
MSFT,logistic_regression,2,2022-01-27,0,1,0.5888063482767761,0.5888063482767761,0.3747379258791525,0.21406842239762364
MSFT,logistic_regression,2,2022-01-28,0,-1,0.47756617010392843,0.4534095884771317,0.4534095884771317,0.024156581626796736
MSFT,logistic_regression,2,2022-01-31,-1,1,0.5974088536851218,0.5974088536851218,0.3157363337994417,0.28167251988568004
MSFT,logistic_regression,2,2022-02-01,0,1,0.7096223793784948,0.7096223793784948,0.1986249339506924,0.5109974454278025
MSFT,logistic_regression,2,2022-02-02,0,1,0.5706172880277413,0.5706172880277413,0.3361143795843703,0.23450290844337096
MSFT,logistic_regression,2,2022-02-03,0,1,0.7273354168818897,0.7273354168818897,0.19292071022821972,0.53441470665367
MSFT,logistic_regression,2,2022-02-04,-1,1,0.5706253543745768,0.5706253543745768,0.33491875750748373,0.2357065968670931
MSFT,logistic_regression,2,2022-02-07,0,1,0.6956602257388167,0.6956602257388167,0.20565187692600057,0.49000834881281613
MSFT,logistic_regression,2,2022-02-08,0,1,0.6942629304237271,0.6942629304237271,0.20114848596639556,0.49311444445733155
MSFT,logistic_regression,2,2022-02-09,-1,1,0.5742542306809257,0.5742542306809257,0.3207006702236317,0.25355356045729405
MSFT,logistic_regression,2,2022-02-10,-1,1,0.7133043837794849,0.7133043837794849,0.18777320282880555,0.5255311809506793
MSFT,logistic_regression,2,2022-02-11,-1,1,0.7111731015090492,0.7111731015090492,0.22008312022396845,0.49108998128508075
MSFT,logistic_regression,2,2022-02-14,-1,1,0.670296588768046,0.670296588768046,0.2572738823534861,0.4130227064145599
MSFT,logistic_regression,2,2022-02-15,-1,1,0.6652898589519797,0.6652898589519797,0.23950588291726038,0.4257839760347193
MSFT,logistic_regression,2,2022-02-16,0,1,0.642044692115163,0.642044692115163,0.2550910456807331,0.3869536464344299
MSFT,logistic_regression,2,2022-02-17,1,1,0.7607388617992252,0.7607388617992252,0.15566101577387956,0.6050778460253456
MSFT,logistic_regression,2,2022-02-18,1,1,0.742890945770086,0.742890945770086,0.18718061785590717,0.5557103279141788
MSFT,logistic_regression,2,2022-02-22,1,1,0.6441708981379533,0.6441708981379533,0.28161683629770684,0.3625540618402464
MSFT,logistic_regression,2,2022-02-23,1,1,0.7338073046825992,0.7338073046825992,0.20550917193579388,0.5282981327468054
MSFT,logistic_regression,2,2022-02-24,0,-1,0.8378203050520161,0.12568052105574207,0.12568052105574207,0.712139783996274
MSFT,logistic_regression,2,2022-02-25,-1,1,0.5496773569329108,0.5496773569329108,0.3142236438653153,0.23545371306759544
MSFT,logistic_regression,2,2022-02-28,-1,1,0.6063044297227264,0.6063044297227264,0.2904752762875129,0.31582915343521345
MSFT,logistic_regression,2,2022-03-01,-1,1,0.5698781045536357,0.5698781045536357,0.3452113001550434,0.22466680439859232
MSFT,logistic_regression,2,2022-03-02,-1,1,0.505655568011454,0.505655568011454,0.3919581792108381,0.11369738880061586
MSFT,logistic_regression,2,2022-03-03,-1,1,0.6545454094739123,0.6545454094739123,0.2623988501452532,0.39214655932865905
MSFT,logistic_regression,2,2022-03-04,-1,1,0.7156127804844841,0.7156127804844841,0.19045349956063407,0.52515928092385
MSFT,logistic_regression,2,2022-03-07,0,1,0.7821386455261873,0.7821386455261873,0.16011287918806763,0.6220257663381197
MSFT,logistic_regression,2,2022-03-08,1,1,0.6787664074403927,0.6787664074403927,0.2562171664578972,0.4225492409824955
MSFT,logistic_regression,2,2022-03-09,1,1,0.5052143216529439,0.5052143216529439,0.4170646616142531,0.08814966003869079
MSFT,logistic_regression,2,2022-03-10,1,1,0.6335386181880301,0.6335386181880301,0.27581712906222405,0.3577214891258061
MSFT,logistic_regression,2,2022-03-11,1,1,0.7142556329434231,0.7142556329434231,0.22782667382832034,0.48642895911510275
MSFT,logistic_regression,2,2022-03-14,1,1,0.6432846990606179,0.6432846990606179,0.2974874412153984,0.34579725784521953
MSFT,logistic_regression,2,2022-03-15,1,-1,0.47742262510463435,0.454957660690212,0.454957660690212,0.02246496441442236
MSFT,logistic_regression,2,2022-03-16,0,-1,0.5197668121681365,0.39403515255225147,0.39403515255225147,0.125731659615885
MSFT,logistic_regression,2,2022-03-17,1,1,0.5545203723244791,0.5545203723244791,0.304666242570528,0.24985412975395116
MSFT,logistic_regression,2,2022-03-18,0,-1,0.46693807915153157,0.4111438971912397,0.4111438971912397,0.055794181960291844
MSFT,logistic_regression,2,2022-03-21,1,1,0.4854832537373198,0.4854832537373198,0.33462534987370846,0.15085790386361136
MSFT,logistic_regression,2,2022-03-22,1,1,0.4516179302332288,0.4516179302332288,0.3625817502424306,0.08903617999079821
MSFT,logistic_regression,2,2022-03-23,1,1,0.49344412557863204,0.49344412557863204,0.3412848227947044,0.15215930278392764
MSFT,logistic_regression,2,2022-03-24,0,1,0.49196806585776637,0.49196806585776637,0.3231832358718176,0.1687848299859488
MSFT,logistic_regression,2,2022-03-25,0,1,0.5018316756752467,0.5018316756752467,0.3058867986497187,0.19594487702552799
MSFT,logistic_regression,2,2022-03-28,0,-1,0.41721126813724824,0.4149779591823225,0.4149779591823225,0.002233308954925739
MSFT,logistic_regression,2,2022-03-29,0,-1,0.45485006963171887,0.3648273413466816,0.3648273413466816,0.09002272828503727
MSFT,logistic_regression,2,2022-03-30,-1,1,0.45283285017123664,0.45283285017123664,0.3671949141022255,0.08563793606901116
MSFT,logistic_regression,2,2022-03-31,-1,1,0.5050000614928223,0.5050000614928223,0.3507521977078243,0.154247863784998
MSFT,logistic_regression,2,2022-04-01,-1,1,0.424558056662999,0.424558056662999,0.4036556475682599,0.020902409094739116
MSFT,logistic_regression,2,2022-04-04,-1,-1,0.5176691708846509,0.2873334961830001,0.2873334961830001,0.23033567470165084
MSFT,logistic_regression,2,2022-04-05,-1,-1,0.40509813585997834,0.3882070768849809,0.3882070768849809,0.01689105897499743
MSFT,logistic_regression,2,2022-04-06,-1,1,0.5655829606293842,0.5655829606293842,0.2340974466118226,0.33148551401756154
MSFT,logistic_regression,2,2022-04-07,-1,-1,0.4061524203818314,0.3889695373081775,0.3889695373081775,0.0171828830736539
MSFT,logistic_regression,2,2022-04-08,-1,1,0.5224344206641958,0.5224344206641958,0.24687589526137171,0.27555852540282405
MSFT,logistic_regression,2,2022-04-11,0,1,0.6693281596205892,0.6693281596205892,0.1821502782070415,0.48717788141354773
MSFT,logistic_regression,2,2022-04-12,0,1,0.6330194860321102,0.6330194860321102,0.23978256545244275,0.39323692057966747
MSFT,logistic_regression,2,2022-04-13,-1,1,0.4635776172083357,0.4635776172083357,0.3671614952826372,0.09641612192569848
MSFT,logistic_regression,2,2022-04-14,-1,1,0.6824014651057349,0.6824014651057349,0.17393112278191195,0.5084703423238229
MSFT,logistic_regression,2,2022-04-18,0,1,0.6139007434077314,0.6139007434077314,0.21654194558281412,0.39735879782491723
MSFT,logistic_regression,2,2022-04-19,-1,1,0.43173743440352813,0.43173743440352813,0.37983895341812246,0.05189848098540567
MSFT,logistic_regression,2,2022-04-20,0,1,0.6262834171555153,0.6262834171555153,0.22548246559454088,0.4008009515609744
MSFT,logistic_regression,2,2022-04-21,1,1,0.5928096191159148,0.5928096191159148,0.2781344716531372,0.3146751474627776
MSFT,logistic_regression,2,2022-04-22,0,1,0.6605295692934116,0.6605295692934116,0.24987710441765856,0.410652464875753
MSFT,logistic_regression,2,2022-04-25,0,-1,0.49487082214917916,0.3996344949741797,0.3996344949741797,0.09523632717499947
MSFT,logistic_regression,2,2022-04-26,1,1,0.7300484030100538,0.7300484030100538,0.17842946050599678,0.551618942504057
MSFT,logistic_regression,2,2022-04-27,1,-1,0.5413558205480478,0.42017186534429346,0.42017186534429346,0.1211839552037543
MSFT,logistic_regression,2,2022-04-28,-1,-1,0.5605241732037092,0.3200277328321314,0.3200277328321314,0.2404964403715778
MSFT,logistic_regression,2,2022-04-29,0,1,0.6795150886609461,0.6795150886609461,0.24638737113055348,0.43312771753039264
MSFT,logistic_regression,2,2022-05-02,-1,-1,0.5339869833297844,0.39088273204931245,0.39088273204931245,0.143104251280472
MSFT,logistic_regression,2,2022-05-03,-1,1,0.6406629413213885,0.6406629413213885,0.2540795274110217,0.38658341391036677
MSFT,logistic_regression,2,2022-05-04,-1,1,0.4554116907636939,0.4554116907636939,0.4378005542851839,0.017611136478510037
MSFT,logistic_regression,2,2022-05-05,-1,1,0.6468681148515133,0.6468681148515133,0.272801344932614,0.3740667699188993
MSFT,logistic_regression,2,2022-05-06,-1,1,0.6972739752472528,0.6972739752472528,0.21120145320378092,0.48607252204347184
MSFT,logistic_regression,2,2022-05-09,0,1,0.7334004276714182,0.7334004276714182,0.20823619443960384,0.5251642332318144
MSFT,logistic_regression,2,2022-05-10,0,1,0.63750403398958,0.63750403398958,0.30731850061297916,0.33018553337660084
MSFT,logistic_regression,2,2022-05-11,-1,1,0.6449408886712427,0.6449408886712427,0.2874904330692627,0.35745045560197997
MSFT,logistic_regression,2,2022-05-12,0,1,0.7521898524904578,0.7521898524904578,0.18554145512567907,0.5666483973647787
MSFT,logistic_regression,2,2022-05-13,-1,1,0.5464861382896943,0.5464861382896943,0.3635876810425853,0.18289845724710896
MSFT,logistic_regression,2,2022-05-16,0,1,0.5522598816431008,0.5522598816431008,0.3825936413676389,0.1696662402754619
MSFT,logistic_regression,2,2022-05-17,-1,1,0.6290614503722287,0.6290614503722287,0.29099964059594513,0.3380618097762836
MSFT,logistic_regression,2,2022-05-18,1,1,0.7130451959948563,0.7130451959948563,0.242044989622602,0.47100020637225426
MSFT,logistic_regression,2,2022-05-19,1,1,0.7418650825194736,0.7418650825194736,0.20754333432678018,0.5343217481926934
MSFT,logistic_regression,2,2022-05-20,1,1,0.6364706822902482,0.6364706822902482,0.31672365459828455,0.3197470276919636
MSFT,logistic_regression,2,2022-05-23,1,1,0.5962215970475676,0.5962215970475676,0.33517970218404597,0.26104189486352164
MSFT,logistic_regression,2,2022-05-24,1,1,0.5785926018363559,0.5785926018363559,0.34312898962366645,0.2354636122126894
MSFT,logistic_regression,2,2022-05-25,1,1,0.646152665829554,0.646152665829554,0.2725232257137869,0.3736294401157671
MSFT,logistic_regression,2,2022-05-26,0,1,0.63745708920147,0.63745708920147,0.2567810678295341,0.38067602137193596
MSFT,logistic_regression,2,2022-05-27,0,1,0.6118654655960816,0.6118654655960816,0.2787029932769357,0.33316247231914586
MSFT,logistic_regression,2,2022-05-31,0,1,0.7197527321457245,0.7197527321457245,0.1940719469187765,0.525680785226948
MSFT,logistic_regression,2,2022-06-01,0,1,0.6556557667753942,0.6556557667753942,0.2722480585258249,0.38340770824956927
MSFT,logistic_regression,2,2022-06-02,-1,1,0.46474857176144685,0.46474857176144685,0.42209906116862644,0.042649510592820405
MSFT,logistic_regression,2,2022-06-03,-1,1,0.6957067331907101,0.6957067331907101,0.20596071600920088,0.48974601718150923
MSFT,logistic_regression,2,2022-06-06,-1,1,0.7196480440157614,0.7196480440157614,0.1861705239157324,0.533477520100029
MSFT,logistic_regression,2,2022-06-07,-1,1,0.5358002196361794,0.5358002196361794,0.35062352114599793,0.18517669849018148
MSFT,logistic_regression,2,2022-06-08,-1,1,0.7054886733887806,0.7054886733887806,0.19788751166697274,0.5076011617218079
MSFT,logistic_regression,2,2022-06-09,-1,1,0.6856286934130437,0.6856286934130437,0.24096250579089531,0.4446661876221484
MSFT,logistic_regression,2,2022-06-10,-1,1,0.7666709022970553,0.7666709022970553,0.15885069585873654,0.6078202064383187
MSFT,logistic_regression,2,2022-06-13,1,1,0.7975591121659179,0.7975591121659179,0.1564387590891716,0.6411203530767463
MSFT,logistic_regression,2,2022-06-14,1,1,0.7119375408346016,0.7119375408346016,0.23743897809250325,0.47449856274209834
MSFT,logistic_regression,2,2022-06-15,1,1,0.5026342347524405,0.5026342347524405,0.44517166374465295,0.057462571007787566
MSFT,logistic_regression,2,2022-06-16,1,1,0.6677873211977868,0.6677873211977868,0.2709720043774175,0.39681531682036936
MSFT,logistic_regression,2,2022-06-17,1,1,0.5225209380275562,0.5225209380275562,0.41492500434728996,0.10759593368026621
MSFT,logistic_regression,2,2022-06-21,0,-1,0.491341814277791,0.40811780112798096,0.40811780112798096,0.08322401314981004
MSFT,logistic_regression,2,2022-06-22,1,1,0.5205021711271404,0.5205021711271404,0.38643648149324605,0.1340656896338943
MSFT,logistic_regression,2,2022-06-23,0,-1,0.4876682269175457,0.42648470300706737,0.42648470300706737,0.06118352391047832
MSFT,logistic_regression,2,2022-06-24,-1,-1,0.5409604805057704,0.3379553439124455,0.3379553439124455,0.20300513659332486
MSFT,logistic_regression,2,2022-06-27,0,1,0.5163318008073277,0.5163318008073277,0.3297097110134415,0.18662208979388617
MSFT,logistic_regression,2,2022-06-28,1,1,0.6029842027708171,0.6029842027708171,0.28314166595115314,0.31984253681966396
MSFT,logistic_regression,2,2022-06-29,1,-1,0.4597806002621779,0.4397800235953261,0.4397800235953261,0.020000576666851788
MSFT,logistic_regression,2,2022-06-30,1,1,0.5909358122143739,0.5909358122143739,0.3128200630545432,0.27811574915983067
MSFT,logistic_regression,2,2022-07-01,0,1,0.5257670646482107,0.5257670646482107,0.34103547248766325,0.1847315921605474
MSFT,logistic_regression,2,2022-07-05,-1,-1,0.5714272925219609,0.31981952809422887,0.31981952809422887,0.25160776442773203
MSFT,logistic_regression,2,2022-07-06,-1,-1,0.5048185629910974,0.39716978060943103,0.39716978060943103,0.10764878238166636
MSFT,logistic_regression,2,2022-07-07,-1,-1,0.429937606080303,0.4141503506259492,0.4141503506259492,0.015787255454353832
MSFT,logistic_regression,2,2022-07-08,-1,-1,0.430842847083763,0.42919004613946676,0.42919004613946676,0.0016528009442962621
MSFT,logistic_regression,2,2022-07-11,-1,1,0.5038927892347886,0.5038927892347886,0.39429602882859355,0.10959676040619509
MSFT,logistic_regression,2,2022-07-12,1,1,0.6516104699963812,0.6516104699963812,0.2519193821476022,0.399691087848779
MSFT,logistic_regression,2,2022-07-13,1,1,0.5269862970467071,0.5269862970467071,0.32748320011835447,0.1995030969283526
MSFT,logistic_regression,2,2022-07-14,1,-1,0.5002510445240264,0.38356850426260014,0.38356850426260014,0.11668254026142622
MSFT,logistic_regression,2,2022-07-15,0,1,0.54771028303153,0.54771028303153,0.29342293203927694,0.2542873509922531
MSFT,logistic_regression,2,2022-07-18,0,1,0.5396001734966918,0.5396001734966918,0.3244018793067413,0.21519829418995046
MSFT,logistic_regression,2,2022-07-19,-1,1,0.4765922356063818,0.4765922356063818,0.33126975869508435,0.14532247691129746
MSFT,logistic_regression,2,2022-07-20,1,-1,0.41255838567941655,0.4033185015859642,0.4033185015859642,0.009239884093452333
MSFT,logistic_regression,2,2022-07-21,1,-1,0.41233550286412296,0.36423547712541504,0.36423547712541504,0.04810002573870792
MSFT,logistic_regression,2,2022-07-22,1,1,0.55845094683428,0.55845094683428,0.263450744820458,0.295000202013822
MSFT,logistic_regression,2,2022-07-25,1,1,0.6056899026098335,0.6056899026098335,0.21811978158852663,0.38757012102130683
MSFT,logistic_regression,2,2022-07-26,1,1,0.6890440427817619,0.6890440427817619,0.18965132422760747,0.49939271855415446
MSFT,logistic_regression,2,2022-07-27,1,-1,0.62797225326589,0.26010609845530924,0.26010609845530924,0.36786615481058077
MSFT,logistic_regression,2,2022-07-28,1,-1,0.5996576142188318,0.2099019777748234,0.2099019777748234,0.3897556364440084
MSFT,logistic_regression,2,2022-07-29,0,-1,0.35997805170139197,0.3492583836874284,0.3492583836874284,0.010719668013963568
MSFT,logistic_regression,2,2022-08-01,0,-1,0.34772760126392815,0.3257716749040659,0.3265007238320059,0.021226877431922253
MSFT,logistic_regression,2,2022-08-02,1,1,0.4660163138378006,0.4660163138378006,0.27363817654379713,0.1923781372940035
MSFT,logistic_regression,2,2022-08-03,1,-1,0.4484924974075606,0.3241325116315114,0.3241325116315114,0.12435998577604918
MSFT,logistic_regression,2,2022-08-04,0,1,0.37743086931677333,0.37743086931677333,0.35117294669999527,0.026257922616778062
MSFT,logistic_regression,2,2022-08-05,1,1,0.3671769284366743,0.3671769284366743,0.3246167048811261,0.04256022355554823
MSFT,logistic_regression,2,2022-08-08,1,1,0.4310715564439099,0.4310715564439099,0.2911846938905194,0.1398868625533905
MSFT,logistic_regression,2,2022-08-09,1,-1,0.40316504399923186,0.3095273480361006,0.3095273480361006,0.09363769596313126
MSFT,logistic_regression,2,2022-08-10,0,-1,0.4765620346230076,0.2719346156211249,0.2719346156211249,0.2046274190018827
MSFT,logistic_regression,2,2022-08-11,0,-1,0.3950051583943055,0.31498516751416344,0.31498516751416344,0.08001999088014206
MSFT,logistic_regression,2,2022-08-12,0,-1,0.4908862288862139,0.2211517614966035,0.28796200961718244,0.20292421926903148
MSFT,logistic_regression,2,2022-08-15,-1,-1,0.4847600763315097,0.1818371112628889,0.3334028124056013,0.15135726392590837
MSFT,logistic_regression,2,2022-08-16,-1,0,0.38563639200158617,0.23233834025522332,0.38202526774319046,0.003611124258395715
MSFT,logistic_regression,2,2022-08-17,-1,-1,0.48474758540922896,0.2127908642309559,0.30246155035981526,0.1822860350494137
MSFT,logistic_regression,2,2022-08-18,-1,-1,0.38427720574294977,0.24644047941311029,0.36928231484393986,0.014994890899009905
MSFT,logistic_regression,2,2022-08-19,-1,-1,0.3944322212203928,0.2914227236931424,0.31414505508646473,0.08028716613392806
MSFT,logistic_regression,2,2022-08-22,-1,1,0.35355510873953294,0.35355510873953294,0.33867808155499435,0.014877027184538594
MSFT,logistic_regression,2,2022-08-23,-1,-1,0.3817316348507693,0.27916410319085955,0.3391042619583711,0.04262737289239815
MSFT,logistic_regression,2,2022-08-24,-1,1,0.3674774317850592,0.3674774317850592,0.33103850745972807,0.036438924325331135
MSFT,logistic_regression,2,2022-08-25,-1,-1,0.3343569384236783,0.3337990540513912,0.3337990540513912,0.0005578843722870985
MSFT,logistic_regression,2,2022-08-26,-1,1,0.4907800339560513,0.4907800339560513,0.35622581529641917,0.13455421865963213
MSFT,logistic_regression,2,2022-08-29,-1,1,0.49403074897269783,0.49403074897269783,0.2847924654375277,0.20923828353517016
MSFT,logistic_regression,2,2022-08-30,0,1,0.47047483201396795,0.47047483201396795,0.3782339773323055,0.09224085468166243
MSFT,logistic_regression,2,2022-08-31,0,1,0.56239089690614,0.56239089690614,0.3038348642547712,0.2585560326513688
MSFT,logistic_regression,2,2022-09-01,0,1,0.4912929637362586,0.4912929637362586,0.3209673758872698,0.17032558784898877
MSFT,logistic_regression,2,2022-09-02,1,1,0.547192696717599,0.547192696717599,0.3253979839004131,0.22179471281718588
MSFT,logistic_regression,2,2022-09-06,0,1,0.605731593717857,0.605731593717857,0.25136092672586136,0.35437066699199565
MSFT,logistic_regression,2,2022-09-07,-1,1,0.5073172676253381,0.5073172676253381,0.31171417137582375,0.19560309624951439
MSFT,logistic_regression,2,2022-09-08,-1,1,0.5412505979691441,0.5412505979691441,0.25996486184035855,0.28128573612878555
MSFT,logistic_regression,2,2022-09-09,-1,1,0.48577603162844124,0.48577603162844124,0.3151820358952196,0.17059399573322165
MSFT,logistic_regression,2,2022-09-12,-1,1,0.5072384690713345,0.5072384690713345,0.2508501376845391,0.2563883313867954
MSFT,logistic_regression,2,2022-09-13,-1,1,0.7437961068578968,0.7437961068578968,0.13010477787124042,0.6136913289866563
MSFT,logistic_regression,2,2022-09-14,-1,1,0.7062743334219836,0.7062743334219836,0.14878272272098472,0.557491610700999
MSFT,logistic_regression,2,2022-09-15,0,1,0.7672299297664692,0.7672299297664692,0.12131923887970891,0.6459106908867602
MSFT,logistic_regression,2,2022-09-16,-1,1,0.8146929284209948,0.8146929284209948,0.09401873265528037,0.7206741957657145
MSFT,logistic_regression,2,2022-09-19,-1,1,0.708326277508576,0.708326277508576,0.16532832986538398,0.5429979476431921
MSFT,logistic_regression,2,2022-09-20,-1,1,0.7748045101125538,0.7748045101125538,0.11794369883272161,0.6568608112798322
MSFT,logistic_regression,2,2022-09-21,0,1,0.7837027527171403,0.7837027527171403,0.14410225687853048,0.6396004958386098
MSFT,logistic_regression,2,2022-09-22,0,1,0.6918891825324746,0.6918891825324746,0.22957479111607557,0.46231439141639896
MSFT,logistic_regression,2,2022-09-23,-1,1,0.7617278501517634,0.7617278501517634,0.18121192692085447,0.580515923230909
MSFT,logistic_regression,2,2022-09-26,0,1,0.7491953182858008,0.7491953182858008,0.19300182935262558,0.5561934889331752
MSFT,logistic_regression,2,2022-09-27,1,1,0.7249065752665735,0.7249065752665735,0.22379595567142888,0.5011106195951447
MSFT,logistic_regression,2,2022-09-28,1,1,0.6358174953879884,0.6358174953879884,0.27830690715079665,0.35751058823719173
MSFT,logistic_regression,2,2022-09-29,1,1,0.7293399400079175,0.7293399400079175,0.20883154419296596,0.5205083958149515
MSFT,logistic_regression,2,2022-09-30,0,1,0.8010045204557403,0.8010045204557403,0.15458544582492342,0.6464190746308169
MSFT,logistic_regression,2,2022-10-03,-1,1,0.5727505421461249,0.5727505421461249,0.33291650974324455,0.23983403240288031
MSFT,logistic_regression,2,2022-10-04,-1,1,0.5927224033439755,0.5927224033439755,0.2822300715387304,0.3104923318052451
MSFT,logistic_regression,2,2022-10-05,-1,1,0.5873647741210815,0.5873647741210815,0.2607661750475502,0.3265985990735313
MSFT,logistic_regression,2,2022-10-06,-1,1,0.6913028386556028,0.6913028386556028,0.20057605765150244,0.4907267810041004
MSFT,logistic_regression,2,2022-10-07,-1,1,0.8472413759061492,0.8472413759061492,0.08493017776603214,0.762311198140117
MSFT,logistic_regression,2,2022-10-10,1,1,0.8474242557647282,0.8474242557647282,0.08475169687952999,0.7626725588851982
MSFT,logistic_regression,2,2022-10-11,1,1,0.8564201683115416,0.8564201683115416,0.07211254947260036,0.7843076188389412
MSFT,logistic_regression,2,2022-10-12,1,1,0.8423437808919296,0.8423437808919296,0.092081868644298,0.7502619122476316
MSFT,logistic_regression,2,2022-10-13,0,-1,0.5163101313175411,0.3705102498232533,0.3705102498232533,0.1457998814942878
MSFT,logistic_regression,2,2022-10-14,1,1,0.7730670618712319,0.7730670618712319,0.1464864771182284,0.6265805847530035
MSFT,logistic_regression,2,2022-10-17,1,1,0.691907886780513,0.691907886780513,0.22334340797604949,0.4685644788044635
MSFT,logistic_regression,2,2022-10-18,1,1,0.630615534576757,0.630615534576757,0.2762016181062271,0.3544139164705299
MSFT,logistic_regression,2,2022-10-19,-1,1,0.7263647868274682,0.7263647868274682,0.16713608095471358,0.5592287058727546
MSFT,logistic_regression,2,2022-10-20,-1,1,0.6671214288428471,0.6671214288428471,0.24321717324776612,0.42390425559508094
MSFT,logistic_regression,2,2022-10-21,-1,1,0.5152216312836723,0.5152216312836723,0.32887298812269805,0.18634864316097421
MSFT,logistic_regression,2,2022-10-24,-1,1,0.5355171282066546,0.5355171282066546,0.30380694972343225,0.2317101784832224
MSFT,logistic_regression,2,2022-10-25,-1,1,0.5494799911366046,0.5494799911366046,0.2385770243869527,0.3109029667496519
MSFT,logistic_regression,2,2022-10-26,-1,1,0.6682934195280019,0.6682934195280019,0.2998228468724839,0.368470572655518
MSFT,logistic_regression,2,2022-10-27,-1,1,0.8003226984221957,0.8003226984221957,0.14795897361802168,0.652363724804174
MSFT,logistic_regression,2,2022-10-28,-1,1,0.5149713562451114,0.5149713562451114,0.24551148641762047,0.2694598698274909
MSFT,logistic_regression,2,2022-10-31,0,1,0.768418984033476,0.768418984033476,0.1774149365631654,0.5910040474703105
MSFT,logistic_regression,2,2022-11-01,0,1,0.8153458835580473,0.8153458835580473,0.12687890972939073,0.6884669738286565
MSFT,logistic_regression,2,2022-11-02,1,1,0.8401202212460763,0.8401202212460763,0.09197153748476235,0.7481486837613139
MSFT,logistic_regression,3,2022-11-03,1,1,0.7467458390575497,0.7467458390575497,0.15507969412553632,0.5916661449320133
MSFT,logistic_regression,3,2022-11-04,1,1,0.5753388002146654,0.5753388002146654,0.24426469313133342,0.331074107083332
MSFT,logistic_regression,3,2022-11-07,1,1,0.40876246360771384,0.40876246360771384,0.3752154796795841,0.03354698392812977
MSFT,logistic_regression,3,2022-11-08,1,1,0.455979457657739,0.455979457657739,0.2812581419688986,0.17472131568884042
MSFT,logistic_regression,3,2022-11-09,1,1,0.551598673637809,0.551598673637809,0.23916862509830694,0.31243004853950207
MSFT,logistic_regression,3,2022-11-10,0,-1,0.5108484127923889,0.32360234801526255,0.32360234801526255,0.18724606477712635
MSFT,logistic_regression,3,2022-11-11,-1,-1,0.49995188168188165,0.2523072610130334,0.2523072610130334,0.24764462066884824
MSFT,logistic_regression,3,2022-11-14,0,1,0.3694462603679024,0.3694462603679024,0.31628302815040854,0.05316323221749386
MSFT,logistic_regression,3,2022-11-15,0,1,0.4442735513980769,0.4442735513980769,0.2963930443700548,0.14788050702802208
MSFT,logistic_regression,3,2022-11-16,1,1,0.4954309026887712,0.4954309026887712,0.2829368285565069,0.2124940741322643
MSFT,logistic_regression,3,2022-11-17,1,1,0.3578254234307264,0.3578254234307264,0.34836321229193584,0.009462211138790533
MSFT,logistic_regression,3,2022-11-18,0,1,0.4247445081297011,0.4247445081297011,0.3030660403596612,0.12167846777003988
MSFT,logistic_regression,3,2022-11-21,0,1,0.39867649350555495,0.39867649350555495,0.3183426784243512,0.08033381508120374
MSFT,logistic_regression,3,2022-11-22,1,0,0.34590295074591426,0.3168440473078071,0.3372530019462787,0.008649948799635543
MSFT,logistic_regression,3,2022-11-23,1,-1,0.46819900082658494,0.2466224111332261,0.285178588040189,0.18302041278639597
MSFT,logistic_regression,3,2022-11-25,1,-1,0.5054971244862434,0.2033714844807352,0.29113139103302127,0.21436573345322213
MSFT,logistic_regression,3,2022-11-28,1,-1,0.5374946501966513,0.3129198866587441,0.3129198866587441,0.22457476353790723
MSFT,logistic_regression,3,2022-11-29,0,-1,0.4816397228937366,0.26440982736956853,0.26440982736956853,0.21722989552416805
MSFT,logistic_regression,3,2022-11-30,-1,-1,0.8619823633973952,0.06108826746918427,0.07692936913342052,0.7850529942639747
MSFT,logistic_regression,3,2022-12-01,-1,-1,0.5621761160245488,0.14903279986158854,0.2887910841138627,0.2733850319106861
MSFT,logistic_regression,3,2022-12-02,-1,-1,0.6419793201950929,0.11708644864524666,0.2409342311596606,0.40104508903543223
MSFT,logistic_regression,3,2022-12-05,0,-1,0.5898703494709283,0.2050451195855952,0.20508453094347656,0.38478581852745175
MSFT,logistic_regression,3,2022-12-06,1,-1,0.3991127119303481,0.3704714934205604,0.3704714934205604,0.02864121850978768
MSFT,logistic_regression,3,2022-12-07,1,-1,0.4968228731956721,0.266477962015606,0.266477962015606,0.23034491118006611
MSFT,logistic_regression,3,2022-12-08,0,-1,0.5402849641762285,0.22140193283684453,0.23831310298692693,0.3019718611893016
MSFT,logistic_regression,3,2022-12-09,0,-1,0.4826221565399767,0.21871023525064479,0.29866760820937865,0.18395454833059804
MSFT,logistic_regression,3,2022-12-12,-1,-1,0.5757092119617625,0.17254167670084244,0.251749111337395,0.3239601006243675
MSFT,logistic_regression,3,2022-12-13,-1,-1,0.45484221230708355,0.2553627038786558,0.28979508381426056,0.165047128492823
MSFT,logistic_regression,3,2022-12-14,-1,-1,0.60487711256586,0.1391652880779442,0.2559575993561958,0.3489195132096642
MSFT,logistic_regression,3,2022-12-15,-1,-1,0.5736043428024666,0.20719467668553368,0.21920098051199974,0.3544033622904669
MSFT,logistic_regression,3,2022-12-16,-1,-1,0.602457382255576,0.27621451643446837,0.27621451643446837,0.3262428658211076
MSFT,logistic_regression,3,2022-12-19,0,-1,0.476226887657272,0.27929050486975304,0.27929050486975304,0.19693638278751896
MSFT,logistic_regression,3,2022-12-20,-1,-1,0.5726671335947977,0.21212962520817955,0.21520324119702267,0.35746389239777504
MSFT,logistic_regression,3,2022-12-21,0,-1,0.5919536638890175,0.15379500865994716,0.2542513274510353,0.3377023364379822
MSFT,logistic_regression,3,2022-12-22,0,-1,0.5121108258247954,0.24653467663150258,0.24653467663150258,0.2655761491932928
MSFT,logistic_regression,3,2022-12-23,0,-1,0.57135073680423,0.18940979313936174,0.2392394700564082,0.33211126674782177
MSFT,logistic_regression,3,2022-12-27,-1,-1,0.5168057239582896,0.26501602034625554,0.26501602034625554,0.25178970361203407
MSFT,logistic_regression,3,2022-12-28,-1,-1,0.4874480015156037,0.317322113257548,0.317322113257548,0.1701258882580557
MSFT,logistic_regression,3,2022-12-29,-1,-1,0.6256947830181281,0.16481465130887837,0.20949056567299343,0.4162042173451347
MSFT,logistic_regression,3,2022-12-30,-1,-1,0.570742411705671,0.19667082616303683,0.2325867621312922,0.33815564957437877
MSFT,logistic_regression,3,2023-01-03,-1,-1,0.417355882838709,0.3319239026156637,0.3319239026156637,0.08543198022304532
MSFT,logistic_regression,3,2023-01-04,1,-1,0.5240117671394873,0.2472266002592204,0.2472266002592204,0.2767851668802669
MSFT,logistic_regression,3,2023-01-05,1,1,0.5051188202154945,0.5051188202154945,0.2700298303728028,0.23508898984269166
MSFT,logistic_regression,3,2023-01-06,1,-1,0.41868813827855733,0.3367287788176291,0.3367287788176291,0.08195935946092825
MSFT,logistic_regression,3,2023-01-09,1,1,0.3954805279320346,0.3954805279320346,0.32073035583095055,0.07475017210108403
MSFT,logistic_regression,3,2023-01-10,1,1,0.34474972895557654,0.34474972895557654,0.3413525544764742,0.003397174479102316
MSFT,logistic_regression,3,2023-01-11,0,-1,0.41450946893758106,0.28854481261252574,0.29694571844989326,0.1175637504876878
MSFT,logistic_regression,3,2023-01-12,0,-1,0.40509865710792176,0.2769855008139316,0.31791584207814666,0.0871828150297751
MSFT,logistic_regression,3,2023-01-13,0,-1,0.3596790724440176,0.30234035276237864,0.3379805747936037,0.021698497650413873
MSFT,logistic_regression,3,2023-01-17,0,-1,0.3854666268540871,0.3676203297284839,0.3676203297284839,0.017846297125603205
MSFT,logistic_regression,3,2023-01-18,1,1,0.5694250898544494,0.5694250898544494,0.22358320048974537,0.34584188936470406
MSFT,logistic_regression,3,2023-01-19,1,1,0.5017221704056786,0.5017221704056786,0.2569671220448199,0.24475504836085865
MSFT,logistic_regression,3,2023-01-20,1,-1,0.3780718678470738,0.377587021035016,0.377587021035016,0.0004848468120577931
MSFT,logistic_regression,3,2023-01-23,0,0,0.33992293789906924,0.3343501465271836,0.3343501465271836,0.005572791371885655
MSFT,logistic_regression,3,2023-01-24,1,1,0.4238156493194502,0.4238156493194502,0.2995277459956656,0.12428790332378459
MSFT,logistic_regression,3,2023-01-25,1,-1,0.5351556371896574,0.2309249258340855,0.23391943697625708,0.30123620021340036
MSFT,logistic_regression,3,2023-01-26,1,-1,0.40162908966309513,0.32782028266578384,0.32782028266578384,0.0738088069973113
MSFT,logistic_regression,3,2023-01-27,1,1,0.36961278124074665,0.36961278124074665,0.31962598278727195,0.0499867984534747
MSFT,logistic_regression,3,2023-01-30,1,1,0.419256823958655,0.419256823958655,0.2974158041640899,0.12184101979456508
MSFT,logistic_regression,3,2023-01-31,1,-1,0.41418992990683545,0.3228583776479764,0.3228583776479764,0.09133155225885903
MSFT,logistic_regression,3,2023-02-01,1,-1,0.44514771324169816,0.2826105323759417,0.2826105323759417,0.16253718086575647
MSFT,logistic_regression,3,2023-02-02,0,-1,0.5690334481272724,0.21289431923109256,0.21807223264163506,0.35096121548563736
MSFT,logistic_regression,3,2023-02-03,0,-1,0.5557521581021445,0.18036639017204545,0.2638814517258101,0.2918707063763344
MSFT,logistic_regression,3,2023-02-06,1,-1,0.5227262944245231,0.25682800896168706,0.25682800896168706,0.26589828546283606
MSFT,logistic_regression,3,2023-02-07,0,-1,0.7919833900710036,0.12367977858043502,0.12367977858043502,0.6683036114905686
MSFT,logistic_regression,3,2023-02-08,0,-1,0.503076259835136,0.27980375427621046,0.27980375427621046,0.22327250555892558
MSFT,logistic_regression,3,2023-02-09,0,-1,0.40004867842434044,0.32546971074406805,0.32546971074406805,0.07457896768027239
MSFT,logistic_regression,3,2023-02-10,0,-1,0.6371796659005858,0.14872242684900483,0.2140979072504094,0.42308175865017644
MSFT,logistic_regression,3,2023-02-13,-1,-1,0.7250089438538676,0.1409442633770523,0.1409442633770523,0.5840646804768153
MSFT,logistic_regression,3,2023-02-14,-1,-1,0.6150614381295728,0.14284656729078055,0.24209199457964664,0.37296944354992617
MSFT,logistic_regression,3,2023-02-15,-1,-1,0.6204544132402999,0.12407337817537646,0.2554722085843236,0.3649822046559763
MSFT,logistic_regression,3,2023-02-16,-1,-1,0.6711768758731423,0.15141283869855168,0.17741028542830592,0.4937665904448364
MSFT,logistic_regression,3,2023-02-17,-1,-1,0.5940311652773845,0.19983044652151194,0.20613838820110347,0.38789277707628106
MSFT,logistic_regression,3,2023-02-21,0,-1,0.5648230050630866,0.2401645879230043,0.2401645879230043,0.32465841714008226
MSFT,logistic_regression,3,2023-02-22,-1,-1,0.5380231156895584,0.239671309133011,0.239671309133011,0.2983518065565474
MSFT,logistic_regression,3,2023-02-23,0,-1,0.6112007580210872,0.19572673550007866,0.19572673550007866,0.4154740225210085
MSFT,logistic_regression,3,2023-02-24,1,-1,0.5813854482935569,0.17578132453867962,0.24283322716776362,0.33855222112579325
MSFT,logistic_regression,3,2023-02-27,1,-1,0.4973385174556161,0.24485800909878416,0.2578034734455999,0.23953504401001618
MSFT,logistic_regression,3,2023-02-28,0,-1,0.642995585686248,0.16772474051387493,0.189279673799877,0.45371591188637106
MSFT,logistic_regression,3,2023-03-01,1,-1,0.507351006237435,0.2609036683981563,0.2609036683981563,0.2464473378392787
MSFT,logistic_regression,3,2023-03-02,0,-1,0.633165881779646,0.14206001557389036,0.22477410264646366,0.40839177913318225
MSFT,logistic_regression,3,2023-03-03,-1,-1,0.5733133035735208,0.14760753720888733,0.27907915921759185,0.294234144355929
MSFT,logistic_regression,3,2023-03-06,0,-1,0.47190956755105007,0.18792387275717595,0.34016655969177395,0.13174300785927612
MSFT,logistic_regression,3,2023-03-07,1,-1,0.46504310335253146,0.23569528228316958,0.299261614364299,0.16578148898823247
MSFT,logistic_regression,3,2023-03-08,1,-1,0.4441822242319684,0.2351990083297239,0.3206187674383077,0.12356345679366071
MSFT,logistic_regression,3,2023-03-09,1,-1,0.4221705797416727,0.36023573017438,0.36023573017438,0.06193484956729273
MSFT,logistic_regression,3,2023-03-10,1,-1,0.4285991384867766,0.3251777076311886,0.3251777076311886,0.10342143085558803
MSFT,logistic_regression,3,2023-03-13,1,-1,0.6360511791513933,0.17289835073219056,0.19105047011641618,0.4450007090349771
MSFT,logistic_regression,3,2023-03-14,1,-1,0.5682142073623547,0.17262095932100624,0.25916483331663903,0.3090493740457157
MSFT,logistic_regression,3,2023-03-15,1,-1,0.6208288537196814,0.16325159721735966,0.21591954906295888,0.4049093046567226
MSFT,logistic_regression,3,2023-03-16,0,-1,0.7834151333002977,0.06316061579730964,0.1534242509023926,0.629990882397905
MSFT,logistic_regression,3,2023-03-17,0,-1,0.725848427749837,0.13306107073987403,0.14109050151028887,0.5847579262395481
MSFT,logistic_regression,3,2023-03-20,0,-1,0.6115586285109288,0.14567898780989563,0.24276238367917563,0.36879624483175316
MSFT,logistic_regression,3,2023-03-21,0,-1,0.6097980608681387,0.18966323830709217,0.2005387008247691,0.4092593600433696
MSFT,logistic_regression,3,2023-03-22,1,-1,0.6300881072196789,0.21835602417537917,0.21835602417537917,0.41173208304429976
MSFT,logistic_regression,3,2023-03-23,1,-1,0.5998213905563231,0.22330819795233778,0.22330819795233778,0.3765131926039853
MSFT,logistic_regression,3,2023-03-24,1,-1,0.7076639350397089,0.10691877169909886,0.18541729326119225,0.5222466417785167
MSFT,logistic_regression,3,2023-03-27,1,-1,0.5861306321356715,0.18662666582521553,0.22724270203911293,0.3588879300965586
MSFT,logistic_regression,3,2023-03-28,1,-1,0.6279884521893144,0.18020281464714702,0.19180873316353864,0.4361797190257758
MSFT,logistic_regression,3,2023-03-29,0,-1,0.6878658366197039,0.1516017804768249,0.16053238290347124,0.5273334537162326
MSFT,logistic_regression,3,2023-03-30,1,-1,0.643850915801648,0.1559123479925971,0.20023673620575486,0.4436141795958931
MSFT,logistic_regression,3,2023-03-31,0,-1,0.7320230698058083,0.08453652158789715,0.18344040860629443,0.5485826611995139
MSFT,logistic_regression,3,2023-04-03,0,-1,0.637492196259101,0.10630708816693192,0.2562007155739669,0.38129148068513413
MSFT,logistic_regression,3,2023-04-04,0,-1,0.6017966708961209,0.16396353722769305,0.23423979187618607,0.36755687901993483
MSFT,logistic_regression,3,2023-04-05,0,-1,0.5767309964827914,0.16425560423341717,0.25901339928379136,0.317717597199
MSFT,logistic_regression,3,2023-04-06,0,-1,0.7283785302360462,0.10310149147314078,0.1685199782908131,0.559858551945233
MSFT,logistic_regression,3,2023-04-10,0,-1,0.6011783906181418,0.12906156674452252,0.2697600426373356,0.3314183479808062
MSFT,logistic_regression,3,2023-04-11,0,-1,0.5008810655480864,0.2043256671129981,0.29479326733891553,0.2060877982091709
MSFT,logistic_regression,3,2023-04-12,0,-1,0.4897986790819348,0.2443738234815334,0.26582749743653195,0.22397118164540286
MSFT,logistic_regression,3,2023-04-13,0,-1,0.5632718941115743,0.15005565188222147,0.28667245400620417,0.27659944010537013
MSFT,logistic_regression,3,2023-04-14,0,-1,0.42179896231696873,0.19796720675618149,0.38023383092684976,0.04156513139011897
MSFT,logistic_regression,3,2023-04-17,-1,-1,0.3695975389172539,0.273228852451711,0.3571736086310351,0.012423930286218798
MSFT,logistic_regression,3,2023-04-18,-1,-1,0.41498539235575177,0.23679645820627762,0.3482181494379707,0.06676724291778108
MSFT,logistic_regression,3,2023-04-19,1,-1,0.4784102364980433,0.18264601853222295,0.33894374496973373,0.1394664915283096
MSFT,logistic_regression,3,2023-04-20,1,-1,0.4757314600257604,0.21756830047340595,0.3067002395008335,0.16903122052492686
MSFT,logistic_regression,3,2023-04-21,1,-1,0.4121879652913451,0.2370836725626978,0.3507283621459572,0.0614596031453879
MSFT,logistic_regression,3,2023-04-24,1,-1,0.43529479646799846,0.22748197863187858,0.3372232249001231,0.09807157156787538
MSFT,logistic_regression,3,2023-04-25,1,-1,0.40932465452079575,0.34906106856125807,0.34906106856125807,0.06026358595953768
MSFT,logistic_regression,3,2023-04-26,1,1,0.46530648007406045,0.46530648007406045,0.3771422325905916,0.08816424748346885
MSFT,logistic_regression,3,2023-04-27,0,-1,0.7079833031957015,0.06367969415720047,0.22833700264709816,0.4796463005486033
MSFT,logistic_regression,3,2023-04-28,0,-1,0.5589494691731046,0.10387785870528495,0.3371726721216104,0.22177679705149422
MSFT,logistic_regression,3,2023-05-01,0,-1,0.5588747186827026,0.1302626973391693,0.3108625839781282,0.24801213470457434
MSFT,logistic_regression,3,2023-05-02,0,-1,0.5701462381526402,0.2167335754555474,0.2167335754555474,0.3534126626970928
MSFT,logistic_regression,3,2023-05-03,1,-1,0.5112182918546075,0.21486250053153372,0.27391920761385863,0.23729908424074891
MSFT,logistic_regression,3,2023-05-04,0,-1,0.5204860912877952,0.21454999960468138,0.26496390910752343,0.2555221821802718
MSFT,logistic_regression,3,2023-05-05,0,-1,0.5927048789532007,0.12110626753974393,0.28618885350705525,0.3065160254461454
MSFT,logistic_regression,3,2023-05-08,0,-1,0.4646494715983858,0.1727175679697613,0.362632960431853,0.10201651116653282
MSFT,logistic_regression,3,2023-05-09,0,-1,0.4984587404532168,0.18928729461667915,0.3122539649301039,0.18620477552311293
MSFT,logistic_regression,3,2023-05-10,0,-1,0.6775647696777015,0.11884301679061751,0.20359221353168092,0.47397255614602063
MSFT,logistic_regression,3,2023-05-11,1,-1,0.6290043587267347,0.11887396877631683,0.25212167249694845,0.3768826862297862
MSFT,logistic_regression,3,2023-05-12,1,-1,0.5545954553293134,0.1461440320482876,0.29926051262239894,0.2553349427069145
MSFT,logistic_regression,3,2023-05-15,1,-1,0.5815369671735248,0.13486348279582752,0.28359955003064774,0.297937417142877
MSFT,logistic_regression,3,2023-05-16,0,-1,0.6340425967059077,0.15492585775762457,0.21103154553646775,0.42301105116943993
MSFT,logistic_regression,3,2023-05-17,0,-1,0.5475202869182091,0.11980481177412088,0.33267490130767,0.21484538561053906
MSFT,logistic_regression,3,2023-05-18,1,-1,0.5813724366380603,0.10713622688629837,0.31149133647564137,0.2698811001624189
MSFT,logistic_regression,3,2023-05-19,1,-1,0.5460400266151562,0.1218249241860242,0.33213504919881964,0.21390497741633652
MSFT,logistic_regression,3,2023-05-22,1,-1,0.552239192335578,0.11890431342592124,0.32885649423850066,0.2233826980970774
MSFT,logistic_regression,3,2023-05-23,1,-1,0.5609734618441199,0.17044150840026445,0.2685850297556156,0.2923884320885043
MSFT,logistic_regression,3,2023-05-24,1,-1,0.4304014937615214,0.22917909911142506,0.34041940712705354,0.08998208663446788
MSFT,logistic_regression,3,2023-05-25,1,-1,0.5558762250982292,0.20524224250955536,0.2388815323922153,0.3169946927060139
MSFT,logistic_regression,3,2023-05-26,0,-1,0.6051881540677422,0.07478905379372872,0.3200227921385292,0.285165361929213
MSFT,logistic_regression,3,2023-05-30,0,0,0.4235141994120761,0.1531928999081044,0.42329290067981956,0.00022129873225651409
MSFT,logistic_regression,3,2023-05-31,0,-1,0.519940959899629,0.1927791425783093,0.28727989752206173,0.23266106237756723
MSFT,logistic_regression,3,2023-06-01,-1,-1,0.5925848611892641,0.10741368323122859,0.3000014555795073,0.2925834056097568
MSFT,logistic_regression,3,2023-06-02,-1,-1,0.47713692270108493,0.14892009704727566,0.37394298025163925,0.10319394244944569
MSFT,logistic_regression,3,2023-06-05,0,-1,0.4329337545963237,0.16040045434778213,0.40666579105589407,0.02626796354042965
MSFT,logistic_regression,3,2023-06-06,0,-1,0.440853843195171,0.1678591908614785,0.39128696594335055,0.04956687725182046
MSFT,logistic_regression,3,2023-06-07,1,-1,0.46756605005524626,0.2560246224840718,0.276409327460682,0.1911567225945643
MSFT,logistic_regression,3,2023-06-08,1,-1,0.4192432340859048,0.22171780524653542,0.35903896066755975,0.060204273418345056
MSFT,logistic_regression,3,2023-06-09,1,-1,0.5005926027520868,0.18409042400720071,0.31531697324071245,0.18527562951137438
MSFT,logistic_regression,3,2023-06-12,0,-1,0.492304489986842,0.1632857357693707,0.3444097742437874,0.14789471574305463
MSFT,logistic_regression,3,2023-06-13,0,-1,0.45657931166206533,0.1545305446201472,0.38889014371778735,0.06768916794427798
MSFT,logistic_regression,3,2023-06-14,0,-1,0.48158391180114263,0.16002571282742237,0.3583903753714349,0.1231935364297077
MSFT,logistic_regression,3,2023-06-15,-1,-1,0.6586285676968693,0.08444336873913999,0.25692806356399084,0.40170050413287844
MSFT,logistic_regression,3,2023-06-16,-1,-1,0.4310101811047123,0.19527296651006784,0.3737168523852199,0.05729332871949239
MSFT,logistic_regression,3,2023-06-20,0,-1,0.46996355029344017,0.1686967250068822,0.36133972469967773,0.10862382559376244
MSFT,logistic_regression,3,2023-06-21,0,-1,0.49041753988820497,0.20927326642484784,0.3003091936869471,0.19010834620125788
MSFT,logistic_regression,3,2023-06-22,0,-1,0.5479327841089175,0.16969702585834545,0.2823701900327369,0.26556259407618066
MSFT,logistic_regression,3,2023-06-23,0,-1,0.5099103478316728,0.17074030203187954,0.3193493501364477,0.19056099769522505
MSFT,logistic_regression,3,2023-06-26,1,0,0.369220838935928,0.27484230264951603,0.35593685841455586,0.01328398052137214
MSFT,logistic_regression,3,2023-06-27,0,-1,0.48150369563955414,0.21432666799757716,0.30416963636286865,0.1773340592766855
MSFT,logistic_regression,3,2023-06-28,0,-1,0.4420558287842203,0.2155138064133034,0.3424303648024763,0.09962546398174399
MSFT,logistic_regression,3,2023-06-29,0,0,0.3940004924895444,0.2173207060310044,0.3886788014794513,0.00532169101009311
MSFT,logistic_regression,3,2023-06-30,-1,-1,0.5095929560755738,0.19125264086986662,0.29915440305455965,0.2104385530210141
MSFT,logistic_regression,3,2023-07-03,0,0,0.414050535371996,0.19328079035550946,0.3926686742724945,0.021381861099501465
MSFT,logistic_regression,3,2023-07-05,0,-1,0.474735855475756,0.20928493556233738,0.31597920896190657,0.1587566465138494
MSFT,logistic_regression,3,2023-07-06,0,-1,0.5335972988033094,0.2050423444340208,0.2613603567626698,0.27223694204063964
MSFT,logistic_regression,3,2023-07-07,1,-1,0.45496033775548494,0.21172524818722133,0.33331441405729356,0.12164592369819138
MSFT,logistic_regression,3,2023-07-10,1,-1,0.49513545175451684,0.227297002368989,0.2775675458764942,0.21756790587802266
MSFT,logistic_regression,3,2023-07-11,1,-1,0.4765841643214539,0.20737419498713944,0.3160416406914066,0.16054252363004728
MSFT,logistic_regression,3,2023-07-12,1,-1,0.4596683162083038,0.22723161567351016,0.313100068118186,0.14656824809011776
MSFT,logistic_regression,3,2023-07-13,0,-1,0.4420970150345771,0.1722289524553935,0.3856740325100294,0.056422982524547693
MSFT,logistic_regression,3,2023-07-14,0,-1,0.4227225662796843,0.2306405967443046,0.34663683697601116,0.07608572930367313
MSFT,logistic_regression,3,2023-07-17,0,0,0.41008403179164044,0.18603437333499356,0.403881594873366,0.006202436918274434
MSFT,logistic_regression,3,2023-07-18,-1,-1,0.7963945149286221,0.08726378388750462,0.11634170118387324,0.6800528137447489
MSFT,logistic_regression,3,2023-07-19,-1,-1,0.45146771713097467,0.16939349465564524,0.37913878821338004,0.07232892891759463
MSFT,logistic_regression,3,2023-07-20,-1,-1,0.4750998999823894,0.21954279375596703,0.30535730626164376,0.16974259372074563
MSFT,logistic_regression,3,2023-07-21,0,-1,0.5576246510708585,0.25787867036042617,0.25787867036042617,0.2997459807104323
MSFT,logistic_regression,3,2023-07-24,-1,-1,0.4602588318817876,0.23857321098868364,0.3011679571295288,0.1590908747522588
MSFT,logistic_regression,3,2023-07-25,-1,-1,0.5886816077407605,0.19060581433671558,0.22071257792252383,0.36796902981823665
MSFT,logistic_regression,3,2023-07-26,-1,-1,0.5597053875414562,0.16750679892178422,0.27278781353675957,0.2869175740046966
MSFT,logistic_regression,3,2023-07-27,0,1,0.3658034484177237,0.3658034484177237,0.3604518930549773,0.005351555362746396
MSFT,logistic_regression,3,2023-07-28,-1,-1,0.5978919434040454,0.20077433823405327,0.2013337183619013,0.3965582250421441
MSFT,logistic_regression,3,2023-07-31,0,-1,0.4944197763731142,0.2352600359335861,0.2703201876932997,0.2240995886798145
MSFT,logistic_regression,3,2023-08-01,-1,-1,0.5243574380169059,0.2132232875000649,0.26241927448302915,0.2619381635338768
MSFT,logistic_regression,3,2023-08-02,0,-1,0.5173058922877476,0.2890159678052782,0.2890159678052782,0.22828992448246938
MSFT,logistic_regression,3,2023-08-03,0,-1,0.4565275732913875,0.3108445371225556,0.3108445371225556,0.14568303616883188
MSFT,logistic_regression,3,2023-08-04,-1,-1,0.42910965154080094,0.3782362165170318,0.3782362165170318,0.05087343502376912
MSFT,logistic_regression,3,2023-08-07,0,-1,0.48960916678548644,0.25432234582893043,0.25606848738558324,0.2335406793999032
MSFT,logistic_regression,3,2023-08-08,0,-1,0.5287490411992958,0.25437114717509535,0.25437114717509535,0.27437789402420043
MSFT,logistic_regression,3,2023-08-09,0,-1,0.42774270942465403,0.3446425456708007,0.3446425456708007,0.08310016375385332
MSFT,logistic_regression,3,2023-08-10,0,-1,0.4200415208893124,0.3484970708884372,0.3484970708884372,0.07154445000087523
MSFT,logistic_regression,3,2023-08-11,0,-1,0.5067585600739825,0.2817760278005456,0.2817760278005456,0.22498253227343684
MSFT,logistic_regression,3,2023-08-14,0,-1,0.45620301799077534,0.2786489903752762,0.2786489903752762,0.17755402761549915
MSFT,logistic_regression,3,2023-08-15,0,-1,0.3954323919366918,0.3576379327333662,0.3576379327333662,0.03779445920332558
MSFT,logistic_regression,3,2023-08-16,1,-1,0.43169274061501683,0.3594060952617462,0.3594060952617462,0.07228664535327062
MSFT,logistic_regression,3,2023-08-17,0,-1,0.4166141917186332,0.3811697019958269,0.3811697019958269,0.03544448972280628
MSFT,logistic_regression,3,2023-08-18,1,-1,0.5222832276601973,0.30109807651555454,0.30109807651555454,0.22118515114464277
MSFT,logistic_regression,3,2023-08-21,0,-1,0.5011707081720398,0.2913248744210103,0.2913248744210103,0.2098458337510295
MSFT,logistic_regression,3,2023-08-22,0,1,0.39383058758867145,0.39383058758867145,0.35126436226341573,0.042566225325255724
MSFT,logistic_regression,3,2023-08-23,0,-1,0.5112696754256593,0.2648182542823815,0.2648182542823815,0.24645142114327778
MSFT,logistic_regression,3,2023-08-24,1,1,0.47767384382393346,0.47767384382393346,0.3275565281408367,0.15011731568309677
MSFT,logistic_regression,3,2023-08-25,0,-1,0.48069911415428807,0.3167012895506312,0.3167012895506312,0.16399782460365686
MSFT,logistic_regression,3,2023-08-28,1,-1,0.456419008699335,0.31225749967618915,0.31225749967618915,0.14416150902314584
MSFT,logistic_regression,3,2023-08-29,0,-1,0.5455810217183967,0.2289588963382508,0.2289588963382508,0.3166221253801459
MSFT,logistic_regression,3,2023-08-30,0,-1,0.43361871905026617,0.285989413951866,0.285989413951866,0.14762930509840017
MSFT,logistic_regression,3,2023-08-31,0,-1,0.4273304142006845,0.36840299354186123,0.36840299354186123,0.05892742065882328
MSFT,logistic_regression,3,2023-09-01,1,1,0.37999300390914,0.37999300390914,0.3296608213510275,0.050332182558112504
MSFT,logistic_regression,3,2023-09-05,0,-1,0.4698811589311767,0.3085577704113,0.3085577704113,0.1613233885198767
MSFT,logistic_regression,3,2023-09-06,0,-1,0.4097798983637788,0.3301112546819128,0.3301112546819128,0.07966864368186599
MSFT,logistic_regression,3,2023-09-07,1,-1,0.4301795722281546,0.3319981771155697,0.3319981771155697,0.09818139511258489
MSFT,logistic_regression,3,2023-09-08,0,-1,0.496686459189802,0.27578294332975317,0.27578294332975317,0.2209035158600488
MSFT,logistic_regression,3,2023-09-11,-1,-1,0.42485630106374017,0.2930604006333316,0.2930604006333316,0.13179590043040856
MSFT,logistic_regression,3,2023-09-12,0,-1,0.40145805335804036,0.33130186673080564,0.33130186673080564,0.07015618662723472
MSFT,logistic_regression,3,2023-09-13,-1,-1,0.4894580581819163,0.27534112257185384,0.27534112257185384,0.21411693561006245
MSFT,logistic_regression,3,2023-09-14,-1,-1,0.42540083248394805,0.31618332215283884,0.31618332215283884,0.10921751033110921
MSFT,logistic_regression,3,2023-09-15,-1,1,0.4298429805220646,0.4298429805220646,0.3749525058762727,0.05489047464579189
MSFT,logistic_regression,3,2023-09-18,-1,-1,0.42161146497068175,0.31369471439959207,0.31369471439959207,0.10791675057108968
MSFT,logistic_regression,3,2023-09-19,-1,-1,0.4798799858318255,0.30976622826623856,0.30976622826623856,0.17011375756558694
MSFT,logistic_regression,3,2023-09-20,-1,1,0.49880955444798203,0.49880955444798203,0.30083989639508635,0.19796965805289568
MSFT,logistic_regression,3,2023-09-21,0,-1,0.47109293125315344,0.3912547617799989,0.3912547617799989,0.07983816947315453
MSFT,logistic_regression,3,2023-09-22,0,-1,0.40548425655723763,0.40272576513658553,0.40272576513658553,0.0027584914206520983
MSFT,logistic_regression,3,2023-09-25,0,-1,0.47102461927223155,0.33640449840555114,0.33640449840555114,0.1346201208666804
MSFT,logistic_regression,3,2023-09-26,0,-1,0.48251189809215633,0.3734060196990195,0.3734060196990195,0.10910587839313685
MSFT,logistic_regression,3,2023-09-27,0,-1,0.5076684877092064,0.3195205329116046,0.3195205329116046,0.18814795479760177
MSFT,logistic_regression,3,2023-09-28,0,-1,0.6042078504531747,0.2343396401844111,0.2343396401844111,0.3698682102687636
MSFT,logistic_regression,3,2023-09-29,1,-1,0.47044312210922945,0.36088013104527117,0.36088013104527117,0.10956299106395828
MSFT,logistic_regression,3,2023-10-02,1,-1,0.5664949547753119,0.23197472601508393,0.23197472601508393,0.3345202287602279
MSFT,logistic_regression,3,2023-10-03,1,-1,0.4131828533754444,0.3791601860099558,0.3791601860099558,0.03402266736548859
MSFT,logistic_regression,3,2023-10-04,1,-1,0.5207888202488111,0.2834251896929474,0.2834251896929474,0.23736363055586374
MSFT,logistic_regression,3,2023-10-05,1,-1,0.49857486516805377,0.2902560119419695,0.2902560119419695,0.2083188532260843
MSFT,logistic_regression,3,2023-10-06,0,-1,0.6184880418964924,0.1876621421777751,0.1938498159257325,0.42463822597075995
MSFT,logistic_regression,3,2023-10-09,0,-1,0.5403358127793438,0.18507520533911787,0.2745889818815383,0.26574683089780554
MSFT,logistic_regression,3,2023-10-10,0,-1,0.41384856293525923,0.3075907791251644,0.3075907791251644,0.10625778381009482
MSFT,logistic_regression,3,2023-10-11,0,-1,0.43174574638931956,0.3004542447113333,0.3004542447113333,0.13129150167798626
MSFT,logistic_regression,3,2023-10-12,0,-1,0.4498372948305339,0.29240783673079146,0.29240783673079146,0.15742945809974246
MSFT,logistic_regression,3,2023-10-13,0,-1,0.3857638879679026,0.3735197124896909,0.3735197124896909,0.012244175478211716
MSFT,logistic_regression,3,2023-10-16,0,-1,0.49453499710790366,0.2738670612762844,0.2738670612762844,0.22066793583161926
MSFT,logistic_regression,3,2023-10-17,0,-1,0.5146432989698643,0.22671296977941988,0.2586437312507158,0.25599956771914845
MSFT,logistic_regression,3,2023-10-18,1,-1,0.4811536917207927,0.32167607750674704,0.32167607750674704,0.15947761421404566
MSFT,logistic_regression,3,2023-10-19,0,-1,0.4955775437941949,0.3137682778122968,0.3137682778122968,0.18180926598189806
MSFT,logistic_regression,3,2023-10-20,0,-1,0.4973172765461352,0.3311421269723425,0.3311421269723425,0.1661751495737927
MSFT,logistic_regression,3,2023-10-23,1,-1,0.6295236555578334,0.212656266597467,0.212656266597467,0.4168673889603664
MSFT,logistic_regression,3,2023-10-24,1,-1,0.577523606623828,0.24408344556023298,0.24408344556023298,0.333440161063595
MSFT,logistic_regression,3,2023-10-25,0,-1,0.47450390729247577,0.40265431862235496,0.40265431862235496,0.07184958867012081
MSFT,logistic_regression,3,2023-10-26,1,-1,0.5198961963112374,0.27640267945543007,0.27640267945543007,0.24349351685580733
MSFT,logistic_regression,3,2023-10-27,1,-1,0.5950530278423936,0.26658574690175574,0.26658574690175574,0.3284672809406378
MSFT,logistic_regression,3,2023-10-30,1,-1,0.7036908774152797,0.16088233927497844,0.16088233927497844,0.5428085381403013
MSFT,logistic_regression,3,2023-10-31,1,-1,0.5914395573593972,0.2205931132254202,0.2205931132254202,0.37084644413397705
MSFT,logistic_regression,3,2023-11-01,1,-1,0.7054310237228778,0.1390887591529948,0.15548021712412743,0.5499508065987504
MSFT,logistic_regression,3,2023-11-02,1,-1,0.6187930301186401,0.14717075909466604,0.23403621078669398,0.38475681933194605
MSFT,logistic_regression,3,2023-11-03,1,-1,0.581403239357219,0.17148921215430027,0.2471075484884807,0.33429569086873834
MSFT,logistic_regression,3,2023-11-06,1,-1,0.600989984643421,0.1622812781206395,0.23672873723593954,0.36426124740748145
MSFT,logistic_regression,3,2023-11-07,1,-1,0.5824510238699225,0.17724481080930524,0.2403041653207722,0.34214685854915033
MSFT,logistic_regression,3,2023-11-08,0,-1,0.5899100876572081,0.160281335882447,0.24980857646034502,0.34010151119686305
MSFT,logistic_regression,3,2023-11-09,1,-1,0.5562642456477532,0.17531647992940022,0.26841927442284647,0.28784497122490676
MSFT,logistic_regression,3,2023-11-10,0,-1,0.6965275626850889,0.09353843156859735,0.2099340057463138,0.48659355693877504
MSFT,logistic_regression,3,2023-11-13,1,-1,0.5804193304373695,0.13403964592990603,0.28554102363272454,0.29487830680464494
MSFT,logistic_regression,3,2023-11-14,0,-1,0.5577249257154073,0.14646457810429,0.2958104961803026,0.26191442953510474
MSFT,logistic_regression,3,2023-11-15,1,-1,0.5382425531822301,0.148069665103227,0.31368778171454287,0.22455477146768726
MSFT,logistic_regression,3,2023-11-16,0,-1,0.5801416838505186,0.13814398083654855,0.28171433531293283,0.29842734853758573
MSFT,logistic_regression,3,2023-11-17,1,-1,0.5729791490260402,0.14945958234216988,0.27756126863179,0.2954178803942502
MSFT,logistic_regression,3,2023-11-20,0,-1,0.6366125122545657,0.12788886057825782,0.2354986271671765,0.4011138850873892
MSFT,logistic_regression,3,2023-11-21,0,-1,0.5499452128073623,0.13412866386001743,0.31592612333262016,0.23401908947474215
MSFT,logistic_regression,3,2023-11-22,0,-1,0.4442129054579894,0.210355004077239,0.3454320904647715,0.09878081499321789
MSFT,logistic_regression,3,2023-11-24,0,-1,0.48552031930979955,0.14391756129623645,0.37056211939396394,0.11495819991583561
MSFT,logistic_regression,3,2023-11-27,-1,-1,0.5741642827626326,0.18737259929103367,0.2384631179463337,0.33570116481629897
MSFT,logistic_regression,3,2023-11-28,-1,-1,0.5123110741896321,0.13668028608325639,0.35100863972711166,0.1613024344625204
MSFT,logistic_regression,3,2023-11-29,-1,-1,0.46650458456371047,0.19042326619964592,0.34307214923664364,0.12343243532706683
MSFT,logistic_regression,3,2023-11-30,-1,-1,0.4442729542442671,0.16627703113474654,0.3894500146209864,0.05482293962328072
MSFT,logistic_regression,3,2023-12-01,0,-1,0.49019169413272295,0.1464016984369822,0.3634066074302949,0.12678508670242805
MSFT,logistic_regression,3,2023-12-04,0,-1,0.5217148948630754,0.15706465219471433,0.32122045294221024,0.20049444192086519
MSFT,logistic_regression,3,2023-12-05,0,-1,0.5696217533852944,0.12450975871684813,0.3058684878978575,0.26375326548743694
MSFT,logistic_regression,3,2023-12-06,0,-1,0.4501013010227763,0.1999854096419717,0.34991328933525206,0.10018801168752423
MSFT,logistic_regression,3,2023-12-07,0,-1,0.5013487024101475,0.15554100380116767,0.34311029378868485,0.15823840862146266
MSFT,logistic_regression,3,2023-12-08,0,-1,0.5139061239063833,0.13421994733601783,0.3518739287575988,0.16203219514878453
MSFT,logistic_regression,3,2023-12-11,0,-1,0.5241885668148814,0.14309766178186895,0.33271377140324965,0.1914747954116317
MSFT,logistic_regression,3,2023-12-12,0,-1,0.47014051662216017,0.15978788536043678,0.3700715980174031,0.10006891860475708
MSFT,logistic_regression,3,2023-12-13,0,-1,0.4419696627117214,0.16083926956320727,0.39719106772507135,0.044778594986650044
MSFT,logistic_regression,3,2023-12-14,1,-1,0.40387131872650067,0.22477801356253704,0.37135066771096226,0.032520651015538415
MSFT,logistic_regression,3,2023-12-15,0,-1,0.4973722892145946,0.22782467727212682,0.2748030335132786,0.22256925570131597
MSFT,logistic_regression,3,2023-12-18,0,0,0.43881526433844703,0.15446324440559756,0.4067214912559554,0.03209377308249162
MSFT,logistic_regression,3,2023-12-19,0,0,0.4469526920028385,0.1881006616926256,0.3649466463045358,0.08200604569830267
MSFT,logistic_regression,3,2023-12-20,0,-1,0.3701274769909166,0.28101317761461364,0.34885934539446967,0.021268131596446915
MSFT,logistic_regression,3,2023-12-21,0,0,0.4344128762479982,0.21238895249076328,0.3531981712612385,0.0812147049867597
MSFT,logistic_regression,3,2023-12-22,0,0,0.4155104641978151,0.22544749733307304,0.35904203846911176,0.056468425728703364
MSFT,logistic_regression,3,2023-12-26,0,0,0.4780797724117867,0.23533065725376953,0.2865895703344438,0.19149020207734285
MSFT,logistic_regression,3,2023-12-27,0,0,0.43093784991167167,0.25983454484161417,0.30922760524671405,0.12171024466495761
MSFT,logistic_regression,3,2023-12-28,-1,0,0.4367683435347794,0.2889821760757713,0.2889821760757713,0.14778616745900808
MSFT,logistic_regression,3,2023-12-29,0,0,0.41546613652562303,0.28903748771808746,0.2954963757562895,0.11996976076933352
MSFT,logistic_regression,3,2024-01-02,0,-1,0.36908612829137644,0.28090729136943765,0.35000658033918597,0.019079547952190468
MSFT,logistic_regression,3,2024-01-03,1,-1,0.4063245016566422,0.27776701986315644,0.3159084784802013,0.09041602317644087
MSFT,logistic_regression,3,2024-01-04,1,-1,0.3752639450042312,0.3103449386005324,0.31439111639523637,0.060872828608994844
MSFT,logistic_regression,3,2024-01-05,1,-1,0.37545994937242855,0.31603742424679165,0.31603742424679165,0.059422525125636894
MSFT,logistic_regression,3,2024-01-08,1,-1,0.4033071263594893,0.2285228172765029,0.36817005636400774,0.03513706999548155
MSFT,logistic_regression,3,2024-01-09,1,0,0.3952585131985295,0.2386431252135075,0.366098361587963,0.02916015161056651
MSFT,logistic_regression,3,2024-01-10,1,0,0.38912339029480014,0.2240032197339212,0.3868733899712786,0.002250000323521517
MSFT,logistic_regression,3,2024-01-11,1,0,0.41179380980569086,0.26015085574124247,0.3280553344530666,0.08373847535262424
MSFT,logistic_regression,3,2024-01-12,1,0,0.422447758059291,0.22780384868957362,0.34974839325113527,0.07269936480815575
MSFT,logistic_regression,3,2024-01-16,1,0,0.36670783594430034,0.2704232219277343,0.3628689421279654,0.003838893816334954
MSFT,logistic_regression,3,2024-01-17,1,0,0.4001582465972591,0.22193006884478844,0.3779116845579525,0.02224656203930664
MSFT,logistic_regression,3,2024-01-18,1,0,0.4187060822234492,0.212134373474459,0.3691595443020919,0.04954653792135727
MSFT,logistic_regression,3,2024-01-19,0,0,0.43994825224657114,0.1819786422594957,0.3780731054939331,0.061875146752638055
MSFT,logistic_regression,3,2024-01-22,1,0,0.4831254074996244,0.2285248643095553,0.2883497281908204,0.19477567930880402
MSFT,logistic_regression,3,2024-01-23,1,0,0.4620031890337201,0.18608721700640976,0.3519095939598702,0.11009359507384991
MSFT,logistic_regression,3,2024-01-24,0,0,0.4139173844377717,0.2173553242895343,0.36872729127269394,0.04519009316507777
MSFT,logistic_regression,3,2024-01-25,0,0,0.485171471956281,0.18516744867542448,0.32966107936829453,0.1555103925879865
MSFT,logistic_regression,3,2024-01-26,0,0,0.4764284234607175,0.18996172448140286,0.33360985205787974,0.14281857140283777
MSFT,logistic_regression,3,2024-01-29,0,0,0.4198747204451269,0.18069993045733346,0.39942534909753974,0.020449371347587175
MSFT,logistic_regression,3,2024-01-30,0,0,0.43886993874873265,0.22316122814526818,0.3379688331059991,0.10090110564273352
MSFT,logistic_regression,3,2024-01-31,1,-1,0.4478466850447498,0.26973302675685873,0.2824202881983914,0.1654263968463584
MSFT,logistic_regression,3,2024-02-01,1,-1,0.49351046602989224,0.18988692205297444,0.31660261191713335,0.1769078541127589
MSFT,logistic_regression,3,2024-02-02,1,-1,0.5920241143287579,0.12478917628686503,0.28318670938437707,0.30883740494438083
MSFT,logistic_regression,3,2024-02-05,1,-1,0.463924650839844,0.1913662536272816,0.34470909553287443,0.11921555530696959
MSFT,logistic_regression,3,2024-02-06,0,-1,0.4884555105023392,0.1705747966591029,0.34096969283855794,0.14748581766378127
MSFT,logistic_regression,3,2024-02-07,0,-1,0.6058856905532792,0.13774892826332844,0.25636538118339236,0.3495203093698869
MSFT,logistic_regression,3,2024-02-08,0,-1,0.4555193994689545,0.1757869782801359,0.3686936222509095,0.08682577721804496
MSFT,logistic_regression,3,2024-02-09,-1,-1,0.48196848547833593,0.14664908033815746,0.3713824341835067,0.11058605129482924
MSFT,logistic_regression,3,2024-02-12,-1,-1,0.42762631313059973,0.18980681441060174,0.38256687245879856,0.045059440671801176
MSFT,logistic_regression,3,2024-02-13,0,-1,0.5575800262586277,0.19193190188746023,0.25048807185391214,0.30709195440471554
MSFT,logistic_regression,3,2024-02-14,0,-1,0.46346461007576484,0.2057216438207763,0.3308137461034589,0.1326508639723059
MSFT,logistic_regression,3,2024-02-15,0,-1,0.45155087954334094,0.2067239934337251,0.34172512702293395,0.109825752520407
MSFT,logistic_regression,3,2024-02-16,0,-1,0.4017536006005471,0.26378257754901335,0.3344638218504395,0.06728977875010761
MSFT,logistic_regression,3,2024-02-20,0,-1,0.49693766631920483,0.21631264004692774,0.2867496936338674,0.21018797268533745
MSFT,logistic_regression,3,2024-02-21,0,-1,0.49064359764832344,0.19642007939700518,0.3129363229546714,0.17770727469365205
MSFT,logistic_regression,3,2024-02-22,0,-1,0.4707391705574599,0.2073076116346015,0.3219532178079386,0.14878595274952128
MSFT,logistic_regression,3,2024-02-23,0,0,0.41959101837669877,0.21847743088842653,0.36193155073487465,0.057659467641824114
MSFT,logistic_regression,3,2024-02-26,0,-1,0.4081269857711436,0.24718531875857402,0.3446876954702824,0.0634392903008612
MSFT,logistic_regression,3,2024-02-27,0,-1,0.4427062151334644,0.2198249375281431,0.3374688473383924,0.10523736779507203
MSFT,logistic_regression,3,2024-02-28,0,-1,0.4078949845089607,0.24602477557568758,0.3460802399153517,0.06181474459360903
MSFT,logistic_regression,3,2024-02-29,0,-1,0.5463912999108819,0.21788515924803445,0.23572354084108366,0.3106677590697982
MSFT,logistic_regression,3,2024-03-01,-1,0,0.4483201666178224,0.15143374656122427,0.4002460868209535,0.04807407979686895
MSFT,logistic_regression,3,2024-03-04,-1,0,0.41341070082665604,0.2030757865529696,0.3835135126203744,0.029897188206281622
MSFT,logistic_regression,3,2024-03-05,1,-1,0.3979510521596385,0.31765607551879177,0.31765607551879177,0.08029497664084673
MSFT,logistic_regression,3,2024-03-06,1,-1,0.4387833090796972,0.26664729632915996,0.29456939459114284,0.14421391448855436
MSFT,logistic_regression,3,2024-03-07,1,-1,0.44817026121001596,0.2275007924188657,0.32432894637111837,0.1238413148388976
MSFT,logistic_regression,3,2024-03-08,1,-1,0.40355861779968955,0.26113066926673206,0.33531071293357834,0.06824790486611121
MSFT,logistic_regression,3,2024-03-11,1,-1,0.41991336769779813,0.24179095065065692,0.3382956816515449,0.08161768604625325
MSFT,logistic_regression,3,2024-03-12,0,-1,0.5290500638834288,0.19966857904468002,0.2712813570718913,0.25776870681153746
MSFT,logistic_regression,3,2024-03-13,1,-1,0.3726596066091207,0.2646302578315493,0.36271013555932996,0.009949471049790715
MSFT,logistic_regression,3,2024-03-14,0,-1,0.5334321659417544,0.23675821141582765,0.23675821141582765,0.2966739545259267
MSFT,logistic_regression,3,2024-03-15,1,-1,0.5822149758624323,0.17840758311400606,0.23937744102356157,0.34283753483887075
MSFT,logistic_regression,3,2024-03-18,0,-1,0.5070147593989716,0.19667966006767593,0.29630558053335254,0.21070917886561902
MSFT,logistic_regression,3,2024-03-19,0,-1,0.5445905108782716,0.18954408052555644,0.26586540859617197,0.2787251022820996
MSFT,logistic_regression,3,2024-03-20,0,-1,0.46830224406659793,0.1999711499079072,0.33172660602549486,0.13657563804110306
MSFT,logistic_regression,3,2024-03-21,-1,-1,0.44941333039658315,0.22008063973822412,0.33050602986519284,0.11890730053139031
MSFT,logistic_regression,3,2024-03-22,0,-1,0.42974439967061523,0.21360697705625303,0.3566486232731317,0.07309577639748355
MSFT,logistic_regression,3,2024-03-25,0,-1,0.4577527041236451,0.23016859629054878,0.3120786995858062,0.1456740045378389
MSFT,logistic_regression,3,2024-03-26,0,-1,0.4283978950109338,0.28269317083718243,0.28890893415188373,0.13948896085905005
MSFT,logistic_regression,3,2024-03-27,0,-1,0.41837743918281045,0.26116333958617777,0.3204592212310118,0.09791821795179867
MSFT,logistic_regression,3,2024-03-28,0,-1,0.44182089274592806,0.2655336285042724,0.2926454787497994,0.14917541399612866
MSFT,logistic_regression,3,2024-04-01,0,-1,0.4148191796801301,0.2421566568361462,0.34302416348372367,0.07179501619640644
MSFT,logistic_regression,3,2024-04-02,0,-1,0.5052601779718272,0.21228665969091,0.2824531623372628,0.2228070156345644
MSFT,logistic_regression,3,2024-04-03,0,-1,0.4956582933696708,0.22022354694910645,0.2841181596812228,0.21154013368844804
MSFT,logistic_regression,3,2024-04-04,1,-1,0.4859020338807194,0.29543430634024104,0.29543430634024104,0.19046772754047836
MSFT,logistic_regression,3,2024-04-05,0,-1,0.5614397904007704,0.17340460380554762,0.265155605793682,0.2962841846070884
MSFT,logistic_regression,3,2024-04-08,-1,-1,0.5043362924834466,0.19703940181527804,0.29862430570127535,0.20571198678217123
MSFT,logistic_regression,3,2024-04-09,-1,-1,0.4703782603203811,0.21571499508749756,0.31390674459212126,0.15647151572825985
MSFT,logistic_regression,3,2024-04-10,-1,-1,0.5656544944043426,0.20213761425370017,0.23220789134195724,0.3334466030623853
MSFT,logistic_regression,3,2024-04-11,-1,-1,0.49928254950285483,0.21376179856850588,0.28695565192863925,0.21232689757421558
MSFT,logistic_regression,3,2024-04-12,-1,-1,0.4896638503558501,0.25475046168655296,0.25558568795759684,0.23407816239825324
MSFT,logistic_regression,3,2024-04-15,-1,-1,0.4046521623730434,0.3830896394943184,0.3830896394943184,0.02156252287872501
MSFT,logistic_regression,3,2024-04-16,0,-1,0.5624560328389654,0.24741590030073576,0.24741590030073576,0.3150401325382296
MSFT,logistic_regression,3,2024-04-17,0,-1,0.5129507743213666,0.29580670030642675,0.29580670030642675,0.21714407401493985
MSFT,logistic_regression,3,2024-04-18,0,-1,0.5363602390877376,0.28395186493259383,0.28395186493259383,0.2524083741551437
MSFT,logistic_regression,3,2024-04-19,0,-1,0.5737982106859757,0.2933928490924353,0.2933928490924353,0.2804053615935404
MSFT,logistic_regression,3,2024-04-22,0,-1,0.5901628843405918,0.23251745141986396,0.23251745141986396,0.35764543292072787
MSFT,logistic_regression,3,2024-04-23,-1,-1,0.5745389310170035,0.21994197312553615,0.21994197312553615,0.35459695789146733
MSFT,logistic_regression,3,2024-04-24,-1,-1,0.531966850344434,0.2505461293631209,0.2505461293631209,0.28142072098131315
MSFT,logistic_regression,3,2024-04-25,0,-1,0.803400071112383,0.11680556419488206,0.11680556419488206,0.6865945069175009
MSFT,logistic_regression,3,2024-04-26,0,-1,0.49711636300015116,0.3210431816280019,0.3210431816280019,0.17607318137214928
MSFT,logistic_regression,3,2024-04-29,1,-1,0.5678036374683678,0.22479186397596324,0.22479186397596324,0.3430117734924046
MSFT,logistic_regression,3,2024-04-30,1,-1,0.42504874045977964,0.41626874148475507,0.41626874148475507,0.008779998975024572
MSFT,logistic_regression,3,2024-05-01,1,-1,0.586851327998163,0.27266383210363715,0.27266383210363715,0.3141874958945258
MSFT,logistic_regression,3,2024-05-02,1,-1,0.5424414546757597,0.271040724382017,0.271040724382017,0.2714007302937427
MSFT,logistic_regression,3,2024-05-03,0,-1,0.5232724510835854,0.2540684408973809,0.2540684408973809,0.26920401018620455
MSFT,logistic_regression,3,2024-05-06,0,-1,0.5753900009132581,0.19365413433267703,0.230955864754065,0.3444341361591931
MSFT,logistic_regression,3,2024-05-07,0,-1,0.4605547329451397,0.30733394869470204,0.30733394869470204,0.15322078425043767
MSFT,logistic_regression,3,2024-05-08,1,-1,0.48545137558058904,0.27844592543328106,0.27844592543328106,0.20700545014730798
MSFT,logistic_regression,3,2024-05-09,1,-1,0.4926109727492484,0.29214461013422405,0.29214461013422405,0.20046636261502437
MSFT,logistic_regression,3,2024-05-10,0,-1,0.4197704858807287,0.33011648663038134,0.33011648663038134,0.08965399925034734
MSFT,logistic_regression,3,2024-05-13,1,1,0.378921771139029,0.378921771139029,0.3704651355009988,0.008456635638030174
MSFT,logistic_regression,3,2024-05-14,1,-1,0.4551388583004288,0.27634219304384283,0.27634219304384283,0.17879666525658594
MSFT,logistic_regression,3,2024-05-15,0,-1,0.4768410813565062,0.26983052688648546,0.26983052688648546,0.20701055447002076
MSFT,logistic_regression,3,2024-05-16,0,-1,0.39440949909115486,0.2991556979493237,0.3064348029595215,0.08797469613163333
MSFT,logistic_regression,3,2024-05-17,1,-1,0.3727216952598199,0.3354961260207216,0.3354961260207216,0.03722556923909831
MSFT,logistic_regression,3,2024-05-20,0,-1,0.49800694250040856,0.256644917483581,0.256644917483581,0.24136202501682757
MSFT,logistic_regression,3,2024-05-21,0,-1,0.46842540259315485,0.2639399032841697,0.2676346941226754,0.20079070847047947
MSFT,logistic_regression,3,2024-05-22,-1,-1,0.4026626454958298,0.27329945384046683,0.3240379006637033,0.0786247448321265
