ticker,model,fold,date,y_true,y_pred,confidence,bullish_probability,second_best_probability,probability_margin
AMZN,calibrated_random_forest,1,2019-10-03,0,1,0.42035413176080566,0.42035413176080566,0.36786943887526347,0.052484692885542195
AMZN,calibrated_random_forest,1,2019-10-04,0,1,0.44633347817219615,0.44633347817219615,0.37851882595067093,0.06781465222152522
AMZN,calibrated_random_forest,1,2019-10-07,0,1,0.44332518857413045,0.44332518857413045,0.36887464194694236,0.07445054662718809
AMZN,calibrated_random_forest,1,2019-10-08,1,1,0.41695267199153735,0.41695267199153735,0.36026854053355084,0.05668413145798651
AMZN,calibrated_random_forest,1,2019-10-09,1,1,0.4362044489294208,0.4362044489294208,0.3669110279276538,0.069293421001767
AMZN,calibrated_random_forest,1,2019-10-10,1,1,0.4396088755067742,0.4396088755067742,0.35902075640013975,0.08058811910663444
AMZN,calibrated_random_forest,1,2019-10-11,0,1,0.4589541136988529,0.4589541136988529,0.3746945076720221,0.0842596060268308
AMZN,calibrated_random_forest,1,2019-10-14,1,1,0.458610241146443,0.458610241146443,0.3789585344687256,0.07965170667771737
AMZN,calibrated_random_forest,1,2019-10-15,0,1,0.39531780838438046,0.39531780838438046,0.36574788643508915,0.02956992194929131
AMZN,calibrated_random_forest,1,2019-10-16,0,1,0.45152343823292834,0.45152343823292834,0.377546786950552,0.07397665128237635
AMZN,calibrated_random_forest,1,2019-10-17,0,1,0.44091197082379624,0.44091197082379624,0.37482165103295,0.06609031979084623
AMZN,calibrated_random_forest,1,2019-10-18,0,1,0.417692852467787,0.417692852467787,0.3585158984858255,0.05917695398196149
AMZN,calibrated_random_forest,1,2019-10-21,0,1,0.4300188770676748,0.4300188770676748,0.3824107498612685,0.04760812720640628
AMZN,calibrated_random_forest,1,2019-10-22,0,1,0.39305192990583043,0.39305192990583043,0.3510042346950814,0.042047695210749025
AMZN,calibrated_random_forest,1,2019-10-23,0,1,0.4092422876544712,0.4092422876544712,0.35699193517942,0.052250352475051165
AMZN,calibrated_random_forest,1,2019-10-24,0,1,0.4060619309919571,0.4060619309919571,0.37190360422055463,0.03415832677140246
AMZN,calibrated_random_forest,1,2019-10-25,0,1,0.3640892363755153,0.3640892363755153,0.34844226515946713,0.01564697121604819
AMZN,calibrated_random_forest,1,2019-10-28,0,1,0.3787199653390079,0.3787199653390079,0.3687941567794164,0.00992580855959152
AMZN,calibrated_random_forest,1,2019-10-29,1,1,0.40383565646662306,0.40383565646662306,0.3567112711389024,0.047124385327720675
AMZN,calibrated_random_forest,1,2019-10-30,0,1,0.4359898291827445,0.4359898291827445,0.3876730147918355,0.04831681439090896
AMZN,calibrated_random_forest,1,2019-10-31,0,1,0.4446214586651867,0.4446214586651867,0.3772921785724521,0.06732928009273459
AMZN,calibrated_random_forest,1,2019-11-01,0,1,0.45077138116525833,0.45077138116525833,0.3949117089512251,0.05585967221403321
AMZN,calibrated_random_forest,1,2019-11-04,0,1,0.44514126338623816,0.44514126338623816,0.38707664509045353,0.05806461829578463
AMZN,calibrated_random_forest,1,2019-11-05,0,1,0.4436783204171964,0.4436783204171964,0.38439192675310574,0.059286393664090664
AMZN,calibrated_random_forest,1,2019-11-06,-1,1,0.4369508687960972,0.4369508687960972,0.37065155406723677,0.06629931472886041
AMZN,calibrated_random_forest,1,2019-11-07,0,1,0.4068587700773188,0.4068587700773188,0.3435569291229654,0.06330184095435337
AMZN,calibrated_random_forest,1,2019-11-08,-1,1,0.4218555129180706,0.4218555129180706,0.3651740005156239,0.05668151240244673
AMZN,calibrated_random_forest,1,2019-11-11,0,1,0.3991731353527892,0.3991731353527892,0.3509676708040068,0.048205464548782384
AMZN,calibrated_random_forest,1,2019-11-12,0,1,0.42690175518405304,0.42690175518405304,0.37274675456369827,0.054155000620354776
AMZN,calibrated_random_forest,1,2019-11-13,0,1,0.41062920920458595,0.41062920920458595,0.35510234005560215,0.055526869148983804
AMZN,calibrated_random_forest,1,2019-11-14,0,1,0.42084550187350306,0.42084550187350306,0.3671204578705632,0.05372504400293987
AMZN,calibrated_random_forest,1,2019-11-15,0,1,0.41355660581135895,0.41355660581135895,0.35327720573084237,0.060279400080516576
AMZN,calibrated_random_forest,1,2019-11-18,0,1,0.42272245124517954,0.42272245124517954,0.368316125790491,0.05440632545468854
AMZN,calibrated_random_forest,1,2019-11-19,1,1,0.44328576062356717,0.44328576062356717,0.37737179505661617,0.065913965566951
AMZN,calibrated_random_forest,1,2019-11-20,1,1,0.42466372470676567,0.42466372470676567,0.3644148124105011,0.060248912296264556
AMZN,calibrated_random_forest,1,2019-11-21,1,1,0.41896786445294304,0.41896786445294304,0.3574747107607601,0.061493153692182945
AMZN,calibrated_random_forest,1,2019-11-22,1,1,0.4408772292883096,0.4408772292883096,0.37758863144520377,0.06328859784310581
AMZN,calibrated_random_forest,1,2019-11-25,0,1,0.4352633302003246,0.4352633302003246,0.38517192568481823,0.050091404515506366
AMZN,calibrated_random_forest,1,2019-11-26,-1,1,0.42880954607694405,0.42880954607694405,0.38790789160249256,0.04090165447445149
AMZN,calibrated_random_forest,1,2019-11-27,-1,1,0.3942660793136725,0.3942660793136725,0.3660830941445757,0.02818298516909684
AMZN,calibrated_random_forest,1,2019-11-29,-1,1,0.43559242079210403,0.43559242079210403,0.37142440184872755,0.06416801894337648
AMZN,calibrated_random_forest,1,2019-12-02,0,1,0.3962366604693412,0.3962366604693412,0.36123224593528186,0.035004414534059336
AMZN,calibrated_random_forest,1,2019-12-03,0,1,0.3952920370094308,0.3952920370094308,0.3544492850436747,0.0408427519657561
AMZN,calibrated_random_forest,1,2019-12-04,0,1,0.406411576774095,0.406411576774095,0.3587085328796222,0.04770304389447283
AMZN,calibrated_random_forest,1,2019-12-05,0,1,0.4185284404449358,0.4185284404449358,0.35590562200120684,0.06262281844372897
AMZN,calibrated_random_forest,1,2019-12-06,0,1,0.4225536276133504,0.4225536276133504,0.36561662915014903,0.05693699846320138
AMZN,calibrated_random_forest,1,2019-12-09,0,1,0.4272315638502913,0.4272315638502913,0.3697181147887989,0.05751344906149242
AMZN,calibrated_random_forest,1,2019-12-10,1,1,0.42834569826879104,0.42834569826879104,0.36404104258509795,0.06430465568369309
AMZN,calibrated_random_forest,1,2019-12-11,1,1,0.43896842886457793,0.43896842886457793,0.381109020134698,0.057859408729879935
AMZN,calibrated_random_forest,1,2019-12-12,0,1,0.4500405915734181,0.4500405915734181,0.3844531980725005,0.06558739350091758
AMZN,calibrated_random_forest,1,2019-12-13,0,1,0.4554393953902194,0.4554393953902194,0.38808645416492027,0.06735294122529911
AMZN,calibrated_random_forest,1,2019-12-16,0,1,0.4540580738584245,0.4540580738584245,0.38983886918289756,0.06421920467552694
AMZN,calibrated_random_forest,1,2019-12-17,0,1,0.43920609634984326,0.43920609634984326,0.39059008548326296,0.048616010866580295
AMZN,calibrated_random_forest,1,2019-12-18,1,1,0.4540196928332651,0.4540196928332651,0.38417583414936357,0.06984385868390153
AMZN,calibrated_random_forest,1,2019-12-19,1,1,0.44922381174100307,0.44922381174100307,0.3869735107752246,0.06225030096577844
AMZN,calibrated_random_forest,1,2019-12-20,1,1,0.42627904598299154,0.42627904598299154,0.36437724776748176,0.061901798215509785
AMZN,calibrated_random_forest,1,2019-12-23,1,1,0.4473615377829849,0.4473615377829849,0.38538790967009023,0.06197362811289464
AMZN,calibrated_random_forest,1,2019-12-24,1,1,0.4298473358220158,0.4298473358220158,0.3705551875704873,0.05929214825152851
AMZN,calibrated_random_forest,1,2019-12-26,0,0,0.3711624458881606,0.2912380713985329,0.3375994827133065,0.03356296317485413
AMZN,calibrated_random_forest,1,2019-12-27,0,0,0.3526177431467709,0.31401096582720905,0.33337129102602,0.019246452120750934
AMZN,calibrated_random_forest,1,2019-12-30,1,1,0.3706472596350863,0.3706472596350863,0.3435804789464736,0.027066780688612735
AMZN,calibrated_random_forest,1,2019-12-31,1,1,0.37854618729457296,0.37854618729457296,0.33726821954611513,0.04127796774845782
AMZN,calibrated_random_forest,1,2020-01-02,0,0,0.38957021418950966,0.28658327657121024,0.3238465092392801,0.06572370495022956
AMZN,calibrated_random_forest,1,2020-01-03,0,1,0.3614235843937606,0.3614235843937606,0.32440742842880027,0.03701615596496033
AMZN,calibrated_random_forest,1,2020-01-06,0,0,0.41713564372787976,0.27473535940561145,0.3081289968665088,0.10900664686137096
AMZN,calibrated_random_forest,1,2020-01-07,0,0,0.38565304869662004,0.2993204173621631,0.3150265339412169,0.07062651475540316
AMZN,calibrated_random_forest,1,2020-01-08,0,0,0.37863530279006213,0.316705590072143,0.316705590072143,0.06192971271791914
AMZN,calibrated_random_forest,1,2020-01-09,0,0,0.378218447471604,0.31478164320697694,0.31478164320697694,0.06343680426462706
AMZN,calibrated_random_forest,1,2020-01-10,0,1,0.3551334421769962,0.3551334421769962,0.32442000737718363,0.03071343479981259
AMZN,calibrated_random_forest,1,2020-01-13,0,1,0.40131480665313696,0.40131480665313696,0.3483774557092756,0.05293735094386137
AMZN,calibrated_random_forest,1,2020-01-14,0,1,0.34218509475677045,0.34218509475677045,0.3399883477675414,0.002196746989229059
AMZN,calibrated_random_forest,1,2020-01-15,0,1,0.3893073552010762,0.3893073552010762,0.3368648715880882,0.05244248361298798
AMZN,calibrated_random_forest,1,2020-01-16,0,1,0.39893969467285606,0.39893969467285606,0.3421559608323963,0.05678373384045976
AMZN,calibrated_random_forest,1,2020-01-17,0,1,0.39146372551612285,0.39146372551612285,0.33224874237588803,0.05921498314023482
AMZN,calibrated_random_forest,1,2020-01-21,-1,1,0.3772546737826142,0.3772546737826142,0.34647584111898566,0.03077883266362852
AMZN,calibrated_random_forest,1,2020-01-22,0,1,0.43775460693648666,0.43775460693648666,0.3705908149838404,0.06716379195264627
AMZN,calibrated_random_forest,1,2020-01-23,0,1,0.4339493390029718,0.4339493390029718,0.36656502670633145,0.06738431229664033
AMZN,calibrated_random_forest,1,2020-01-24,1,1,0.38685497750651043,0.38685497750651043,0.3489519680096865,0.03790300949682396
AMZN,calibrated_random_forest,1,2020-01-27,1,1,0.3989118302046803,0.3989118302046803,0.3617499798947991,0.03716185030988117
AMZN,calibrated_random_forest,1,2020-01-28,1,1,0.41375786234776935,0.41375786234776935,0.3672188580018654,0.04653900434590397
AMZN,calibrated_random_forest,1,2020-01-29,1,1,0.44075529454906,0.44075529454906,0.38037419613364437,0.06038109841541561
AMZN,calibrated_random_forest,1,2020-01-30,1,1,0.4477772880921789,0.4477772880921789,0.3875078816434711,0.06026940644870782
AMZN,calibrated_random_forest,1,2020-01-31,1,-1,0.34829649853368677,0.31705053780665177,0.3346529636596614,0.013643534874025365
AMZN,calibrated_random_forest,1,2020-02-03,1,0,0.3709654188304081,0.30490116276605317,0.3241334184035387,0.04683200042686941
AMZN,calibrated_random_forest,1,2020-02-04,1,0,0.3709373081452454,0.29828268753508674,0.33078000431966786,0.04015730382557753
AMZN,calibrated_random_forest,1,2020-02-05,1,0,0.3895651320696942,0.30085424371165864,0.30958062421864724,0.07998450785104694
AMZN,calibrated_random_forest,1,2020-02-06,1,0,0.3848832775276175,0.30412105773660464,0.31099566473577783,0.07388761279183964
AMZN,calibrated_random_forest,1,2020-02-07,1,0,0.35789598050315313,0.3059049943961907,0.3361990251006563,0.02169695540249683
AMZN,calibrated_random_forest,1,2020-02-10,0,0,0.3834461436404175,0.29789224479326953,0.31866161156631295,0.06478453207410456
AMZN,calibrated_random_forest,1,2020-02-11,0,0,0.4082182228904065,0.28780656593198106,0.3039752111776125,0.10424301171279399
AMZN,calibrated_random_forest,1,2020-02-12,0,0,0.443132717965196,0.27568584047082717,0.28118144156397684,0.16195127640121915
AMZN,calibrated_random_forest,1,2020-02-13,-1,0,0.40644784790401495,0.28793328945934626,0.3056188626366388,0.10082898526737616
AMZN,calibrated_random_forest,1,2020-02-14,-1,0,0.41741533700665007,0.27728836989405076,0.30529629309929923,0.11211904390735083
AMZN,calibrated_random_forest,1,2020-02-18,-1,0,0.36175463007229647,0.2964639640440668,0.3417814058836368,0.019973224188659655
AMZN,calibrated_random_forest,1,2020-02-19,-1,0,0.4422496628352484,0.26674237442282706,0.2910079627419244,0.151241700093324
AMZN,calibrated_random_forest,1,2020-02-20,-1,0,0.38676384053029184,0.28837943452541465,0.32485672494429346,0.061907115585998373
AMZN,calibrated_random_forest,1,2020-02-21,-1,0,0.37161236220478605,0.28617044564861677,0.3422171921465971,0.029395170058188924
AMZN,calibrated_random_forest,1,2020-02-24,-1,1,0.37836939271150105,0.37836939271150105,0.36267974973911477,0.015689642972386286
AMZN,calibrated_random_forest,1,2020-02-25,-1,1,0.3873451387575249,0.3873451387575249,0.37539507527726396,0.011950063480260953
AMZN,calibrated_random_forest,1,2020-02-26,0,1,0.3850265284293499,0.3850265284293499,0.37532378466355537,0.009702743765794553
AMZN,calibrated_random_forest,1,2020-02-27,1,1,0.39539615788612864,0.39539615788612864,0.3872639379431196,0.008132219943009056
AMZN,calibrated_random_forest,1,2020-02-28,0,1,0.39763517825961686,0.39763517825961686,0.3848358434167014,0.012799334842915455
AMZN,calibrated_random_forest,1,2020-03-02,-1,1,0.4192389983567442,0.4192389983567442,0.37166466804779913,0.04757433030894509
AMZN,calibrated_random_forest,1,2020-03-03,0,1,0.3986215823126698,0.3986215823126698,0.3740273831889899,0.024594199123679883
AMZN,calibrated_random_forest,1,2020-03-04,-1,1,0.4132810564224964,0.4132810564224964,0.37357492489442573,0.039706131528070676
AMZN,calibrated_random_forest,1,2020-03-05,-1,1,0.39203276519315366,0.39203276519315366,0.36111686729212034,0.03091589790103333
AMZN,calibrated_random_forest,1,2020-03-06,-1,1,0.39455297207478995,0.39455297207478995,0.3672619397617974,0.02729103231299257
AMZN,calibrated_random_forest,1,2020-03-09,-1,1,0.41156708382748924,0.41156708382748924,0.388917183492971,0.022649900334518247
AMZN,calibrated_random_forest,1,2020-03-10,-1,1,0.40760488116267296,0.40760488116267296,0.3806419140854602,0.02696296707721274
AMZN,calibrated_random_forest,1,2020-03-11,0,1,0.403410558501883,0.403410558501883,0.3802672838020135,0.023143274699869487
AMZN,calibrated_random_forest,1,2020-03-12,1,1,0.41047506312004284,0.41047506312004284,0.41031114139218144,0.00016392172786139358
AMZN,calibrated_random_forest,1,2020-03-13,1,1,0.40437560778159054,0.40437560778159054,0.399198275274473,0.005177332507117549
AMZN,calibrated_random_forest,1,2020-03-16,1,-1,0.4153037593042666,0.40271869898366486,0.40271869898366486,0.012585060320601749
AMZN,calibrated_random_forest,1,2020-03-17,1,-1,0.40584128232883626,0.3843987729521848,0.3843987729521848,0.021442509376651486
AMZN,calibrated_random_forest,1,2020-03-18,1,-1,0.4036545269540193,0.3789580967798347,0.3789580967798347,0.024696430174184603
AMZN,calibrated_random_forest,1,2020-03-19,1,-1,0.40416642403982134,0.37508516148751275,0.37508516148751275,0.029081262552308584
AMZN,calibrated_random_forest,1,2020-03-20,1,-1,0.40370163218876987,0.38425385677835,0.38425385677835,0.019447775410419865
AMZN,calibrated_random_forest,1,2020-03-23,1,-1,0.38225908415518894,0.36080493296237637,0.36080493296237637,0.021454151192812576
AMZN,calibrated_random_forest,1,2020-03-24,0,-1,0.37843981611387173,0.36778773226995726,0.36778773226995726,0.010652083843914473
AMZN,calibrated_random_forest,1,2020-03-25,0,1,0.3672003741450376,0.3672003741450376,0.36544032584446656,0.0017600483005710266
AMZN,calibrated_random_forest,1,2020-03-26,0,-1,0.35441864379247584,0.35418909290537387,0.35418909290537387,0.00022955088710197025
AMZN,calibrated_random_forest,1,2020-03-27,0,-1,0.36872237046957523,0.36728482013752317,0.36728482013752317,0.0014375503320520622
AMZN,calibrated_random_forest,1,2020-03-30,0,-1,0.36124727290024466,0.3554759031317923,0.3554759031317923,0.0057713697684523835
AMZN,calibrated_random_forest,1,2020-03-31,1,-1,0.37754208894940317,0.3710586518446913,0.3710586518446913,0.006483437104711887
AMZN,calibrated_random_forest,1,2020-04-01,1,-1,0.3773666686329958,0.3746353857859293,0.3746353857859293,0.002731282847066474
AMZN,calibrated_random_forest,1,2020-04-02,1,1,0.3867261936770636,0.3867261936770636,0.36316133735076206,0.023564856326301564
AMZN,calibrated_random_forest,1,2020-04-03,1,1,0.3785244849912596,0.3785244849912596,0.37412766056526686,0.0043968244259927625
AMZN,calibrated_random_forest,1,2020-04-06,1,-1,0.3348054947568566,0.33402005729860634,0.33402005729860634,0.000785437458250271
AMZN,calibrated_random_forest,1,2020-04-07,1,1,0.3503634924947823,0.3503634924947823,0.3454208874939842,0.004942605000798128
AMZN,calibrated_random_forest,1,2020-04-08,1,0,0.3702821951294603,0.31973868630042535,0.31973868630042535,0.05054350882903497
AMZN,calibrated_random_forest,1,2020-04-09,1,0,0.3707235151970327,0.32331847204084113,0.32331847204084113,0.047405043156191595
AMZN,calibrated_random_forest,1,2020-04-13,1,0,0.34004195742980814,0.32107380767357,0.33888423489662184,0.0011577225331863006
AMZN,calibrated_random_forest,1,2020-04-14,0,0,0.3507421707451921,0.31443348855665426,0.33482434069815364,0.01591783004703845
AMZN,calibrated_random_forest,1,2020-04-15,1,-1,0.34327494843247797,0.32387123795048345,0.33285381361703853,0.010421134815439437
AMZN,calibrated_random_forest,1,2020-04-16,0,0,0.3570433955200558,0.3103349652285415,0.3326216392514027,0.024421756268653116
AMZN,calibrated_random_forest,1,2020-04-17,0,0,0.3773049465382765,0.30704729961147376,0.31564775385024973,0.061657192688026774
AMZN,calibrated_random_forest,1,2020-04-20,0,-1,0.3404118526412945,0.32499653430422965,0.3345916130544759,0.0058202395868185985
AMZN,calibrated_random_forest,1,2020-04-21,0,-1,0.3533729026978303,0.3520261940745808,0.3520261940745808,0.0013467086232494818
AMZN,calibrated_random_forest,1,2020-04-22,0,0,0.34672780100516976,0.3132892334919654,0.33998296550286483,0.0067448355023049245
AMZN,calibrated_random_forest,1,2020-04-23,1,-1,0.3533009732971852,0.32428226271713084,0.32428226271713084,0.02901871058005434
AMZN,calibrated_random_forest,1,2020-04-24,-1,0,0.40458629544970925,0.29477483087961115,0.3006388736706796,0.10394742177902966
AMZN,calibrated_random_forest,1,2020-04-27,-1,0,0.38041456294342296,0.29822339057291575,0.3213620464836613,0.05905251645976167
AMZN,calibrated_random_forest,1,2020-04-28,0,-1,0.34586289588952995,0.3245918767489927,0.32954522736147734,0.01631766852805261
AMZN,calibrated_random_forest,1,2020-04-29,0,0,0.3458798487915136,0.31302489763393354,0.3410952535745529,0.00478459521696073
AMZN,calibrated_random_forest,1,2020-04-30,-1,-1,0.3411373866665716,0.3183438671253641,0.3405187462080643,0.0006186404585072913
AMZN,calibrated_random_forest,1,2020-05-01,1,1,0.3610965872498027,0.3610965872498027,0.3559653319617897,0.005131255288013004
AMZN,calibrated_random_forest,1,2020-05-04,1,-1,0.35857671072402403,0.3447211654483804,0.3447211654483804,0.013855545275643644
AMZN,calibrated_random_forest,1,2020-05-05,0,-1,0.34470611837694154,0.3412145660015928,0.3412145660015928,0.003491552375348761
AMZN,calibrated_random_forest,1,2020-05-06,0,1,0.36116620847349123,0.36116620847349123,0.35715747925697344,0.004008729216517792
AMZN,calibrated_random_forest,1,2020-05-07,0,1,0.3613737177727452,0.3613737177727452,0.3332226688051996,0.02815104896754561
AMZN,calibrated_random_forest,1,2020-05-08,0,1,0.36113100431222506,0.36113100431222506,0.32548139974642987,0.03564960456579519
AMZN,calibrated_random_forest,1,2020-05-11,0,1,0.3572979585311285,0.3572979585311285,0.33417272450608576,0.02312523402504274
AMZN,calibrated_random_forest,1,2020-05-12,1,1,0.3796091872918465,0.3796091872918465,0.3463851964732858,0.0332239908185607
AMZN,calibrated_random_forest,1,2020-05-13,1,1,0.38508897510337575,0.38508897510337575,0.3447144189711084,0.04037455613226737
AMZN,calibrated_random_forest,1,2020-05-14,1,1,0.39857522116601835,0.39857522116601835,0.35205781992674523,0.046517401239273115
AMZN,calibrated_random_forest,1,2020-05-15,0,1,0.34137108585615145,0.34137108585615145,0.3407677065280859,0.0006033793280655342
AMZN,calibrated_random_forest,1,2020-05-18,0,1,0.3673781835995627,0.3673781835995627,0.3435954234055452,0.023782760194017483
AMZN,calibrated_random_forest,1,2020-05-19,0,0,0.3404505644053401,0.3235558537821888,0.3359935818124711,0.00445698259286903
AMZN,calibrated_random_forest,1,2020-05-20,-1,0,0.3776589510624176,0.3058264499578846,0.31651459897969786,0.06114435208271973
AMZN,calibrated_random_forest,1,2020-05-21,0,1,0.36341013318965015,0.36341013318965015,0.3489818282434389,0.014428304946211279
AMZN,calibrated_random_forest,1,2020-05-22,0,1,0.3734753104795459,0.3734753104795459,0.34535186607773105,0.028123444401814857
AMZN,calibrated_random_forest,1,2020-05-26,1,1,0.3518411330882137,0.3518411330882137,0.3427870047946309,0.009054128293582764
AMZN,calibrated_random_forest,1,2020-05-27,1,0,0.3509795235002253,0.32719938343124705,0.32719938343124705,0.023780140068978273
AMZN,calibrated_random_forest,1,2020-05-28,1,1,0.3530725861900475,0.3530725861900475,0.34104395454992703,0.012028631640120468
AMZN,calibrated_random_forest,1,2020-05-29,0,1,0.3842707288475485,0.3842707288475485,0.3625146247170899,0.021756104130458587
AMZN,calibrated_random_forest,1,2020-06-01,1,1,0.38731110603850655,0.38731110603850655,0.34906597276317153,0.03824513327533502
AMZN,calibrated_random_forest,1,2020-06-02,1,1,0.3946552620391417,0.3946552620391417,0.3441971452199031,0.05045811681923862
AMZN,calibrated_random_forest,1,2020-06-03,1,1,0.4002596311376725,0.4002596311376725,0.34311124249153585,0.05714838864613664
AMZN,calibrated_random_forest,1,2020-06-04,1,1,0.3663004455311727,0.3663004455311727,0.32421885678385315,0.04208158874731954
AMZN,calibrated_random_forest,1,2020-06-05,1,1,0.3673175116715539,0.3673175116715539,0.32195503508676643,0.04536247658478748
AMZN,calibrated_random_forest,1,2020-06-08,0,-1,0.33546634311079665,0.33510013949211936,0.33510013949211936,0.00036620361867728546
AMZN,calibrated_random_forest,1,2020-06-09,0,0,0.34672128287093734,0.31079823161337766,0.34248048551568494,0.004240797355252401
AMZN,calibrated_random_forest,1,2020-06-10,0,0,0.3527129693058413,0.30739919633491025,0.33988783435924846,0.01282513494659282
AMZN,calibrated_random_forest,1,2020-06-11,1,0,0.34044029088276373,0.32737662405109713,0.3321830850661392,0.008257205816624535
AMZN,calibrated_random_forest,1,2020-06-12,1,1,0.34336693133158674,0.34336693133158674,0.3284607236872358,0.014906207644350966
AMZN,calibrated_random_forest,1,2020-06-15,1,0,0.34195288435957033,0.3343307806642684,0.3343307806642684,0.007622103695301918
AMZN,calibrated_random_forest,1,2020-06-16,1,0,0.3395820087491008,0.32658147014362676,0.3338365211072724,0.005745487641828417
AMZN,calibrated_random_forest,1,2020-06-17,1,0,0.3461278699022232,0.31803748142283234,0.33583464867494445,0.01029322122727877
AMZN,calibrated_random_forest,1,2020-06-18,1,0,0.36742510081517993,0.31907553464098337,0.31907553464098337,0.04834956617419656
AMZN,calibrated_random_forest,1,2020-06-19,0,0,0.3859852866830646,0.30391450572344353,0.31010020759349183,0.07588507908957276
AMZN,calibrated_random_forest,1,2020-06-22,0,0,0.40614422761505137,0.2926488334084355,0.301206938976513,0.10493728863853835
AMZN,calibrated_random_forest,1,2020-06-23,0,0,0.39529712682562973,0.28850918376808016,0.31619368940629006,0.07910343741933967
AMZN,calibrated_random_forest,1,2020-06-24,1,0,0.3527528643083515,0.31348285069297216,0.33376428499867633,0.01898857930967518
AMZN,calibrated_random_forest,1,2020-06-25,1,0,0.4258187988457287,0.2862206693575068,0.2879605317967646,0.1378582670489641
AMZN,calibrated_random_forest,1,2020-06-26,1,0,0.3497064088941156,0.3008564346489138,0.34943715645697054,0.00026925243714504
AMZN,calibrated_random_forest,1,2020-06-29,1,0,0.36322301990417544,0.2934193095176933,0.3433576705781312,0.019865349326044224
AMZN,calibrated_random_forest,1,2020-06-30,1,-1,0.3485191549850463,0.30933876751149597,0.34214207750345776,0.006377077481588556
AMZN,calibrated_random_forest,1,2020-07-01,1,0,0.3848527038116411,0.29532616395653627,0.3198211322318227,0.06503157157981843
AMZN,calibrated_random_forest,1,2020-07-02,1,0,0.4080783909483372,0.29365908045548456,0.29826252859617824,0.10981586235215895
AMZN,calibrated_random_forest,1,2020-07-06,0,0,0.36885871324193714,0.3022501076857342,0.32889117907232873,0.03996753416960841
AMZN,calibrated_random_forest,1,2020-07-07,1,0,0.37388298011235044,0.31126232781359864,0.3148546920740509,0.059028288038299515
AMZN,calibrated_random_forest,1,2020-07-08,-1,0,0.37567537700466486,0.3019430164168739,0.3223816065784612,0.053293770426203646
AMZN,calibrated_random_forest,1,2020-07-09,-1,0,0.3570609238380695,0.3092394216834915,0.333699654478439,0.023361269359630454
AMZN,calibrated_random_forest,1,2020-07-10,-1,0,0.39621866707824704,0.302289115165776,0.302289115165776,0.09392955191247104
AMZN,calibrated_random_forest,1,2020-07-13,1,0,0.37166619572382714,0.30230609351364895,0.326027710762524,0.04563848496130313
AMZN,calibrated_random_forest,1,2020-07-14,0,0,0.3815275708852841,0.2973701195505747,0.3211023095641411,0.06042526132114301
AMZN,calibrated_random_forest,1,2020-07-15,1,0,0.36892840237776436,0.30667494927296085,0.32439664834927484,0.04453175402848952
AMZN,calibrated_random_forest,1,2020-07-16,0,-1,0.35281869244474334,0.3186923757385282,0.3284889318167285,0.02432976062801484
AMZN,calibrated_random_forest,1,2020-07-17,0,-1,0.3525647523083814,0.3197659359439636,0.32766931174765507,0.024895440560726345
AMZN,calibrated_random_forest,1,2020-07-20,-1,0,0.358590273537074,0.3110257203997294,0.33038400606319673,0.028206267473877278
AMZN,calibrated_random_forest,1,2020-07-21,-1,0,0.37595402099234826,0.30802327931818846,0.3160226996894632,0.05993132130288503
AMZN,calibrated_random_forest,1,2020-07-22,-1,0,0.34968053976626257,0.328499830031268,0.328499830031268,0.021180709734994585
AMZN,calibrated_random_forest,1,2020-07-23,1,1,0.3819356941229389,0.3819356941229389,0.3398789983612736,0.042056695761665264
AMZN,calibrated_random_forest,1,2020-07-24,1,1,0.36710878513047146,0.36710878513047146,0.35720777476690874,0.009901010363562723
AMZN,calibrated_random_forest,1,2020-07-27,0,-1,0.35947319341885314,0.3533269491664191,0.3533269491664191,0.006146244252434041
AMZN,calibrated_random_forest,1,2020-07-28,1,1,0.3717077794050507,0.3717077794050507,0.35722371740620157,0.014484061998849107
AMZN,calibrated_random_forest,1,2020-07-29,1,1,0.39088381384836185,0.39088381384836185,0.34818520547348325,0.0426986083748786
AMZN,calibrated_random_forest,1,2020-07-30,1,1,0.37043213692354615,0.37043213692354615,0.3560986622396591,0.01433347468388707
AMZN,calibrated_random_forest,1,2020-07-31,0,0,0.3416454944531942,0.31719409223950784,0.3411604133072979,0.00048508114589629336
AMZN,calibrated_random_forest,1,2020-08-03,0,1,0.3959263807745746,0.3959263807745746,0.3565359540835113,0.039390426691063296
AMZN,calibrated_random_forest,1,2020-08-04,0,1,0.3698336200927343,0.3698336200927343,0.3488815387817154,0.02095208131101889
AMZN,calibrated_random_forest,1,2020-08-05,0,-1,0.3666828107689306,0.3447864860629193,0.3447864860629193,0.021896324706011328
AMZN,calibrated_random_forest,1,2020-08-06,0,-1,0.3489204923681893,0.3486163149128448,0.3486163149128448,0.0003041774553445009
AMZN,calibrated_random_forest,1,2020-08-07,0,1,0.3870144194021803,0.3870144194021803,0.3455250894182959,0.04148932998388438
AMZN,calibrated_random_forest,1,2020-08-10,0,1,0.38213041857940916,0.38213041857940916,0.3518513748064407,0.030279043772968472
AMZN,calibrated_random_forest,1,2020-08-11,1,1,0.3685701664960473,0.3685701664960473,0.34275687836576024,0.02581328813028705
AMZN,calibrated_random_forest,1,2020-08-12,1,-1,0.361971545797565,0.3619423677923061,0.3619423677923061,2.9178005258923e-05
AMZN,calibrated_random_forest,1,2020-08-13,1,1,0.3680046159816281,0.3680046159816281,0.3477913024079271,0.020213313573700986
AMZN,calibrated_random_forest,1,2020-08-14,1,1,0.3772117097241488,0.3772117097241488,0.33790151806062446,0.03931019166352434
AMZN,calibrated_random_forest,1,2020-08-17,1,1,0.4119096602427583,0.4119096602427583,0.36730235897253866,0.04460730127021967
AMZN,calibrated_random_forest,1,2020-08-18,0,-1,0.34384644667373715,0.32088255904434304,0.33527099428191987,0.008575452391817284
AMZN,calibrated_random_forest,1,2020-08-19,1,1,0.3483209397676775,0.3483209397676775,0.341634363016941,0.006686576750736473
AMZN,calibrated_random_forest,1,2020-08-20,1,0,0.35813452878064506,0.3161150677721457,0.32575040344720924,0.03238412533343582
AMZN,calibrated_random_forest,1,2020-08-21,1,0,0.3486862514609421,0.3318132863928367,0.3318132863928367,0.016872965068105428
AMZN,calibrated_random_forest,1,2020-08-24,1,0,0.3356383648582963,0.3320320655301183,0.3323295696115854,0.003308795246710905
AMZN,calibrated_random_forest,1,2020-08-25,1,0,0.38054212544969684,0.3037048639523828,0.3157530105979204,0.06478911485177646
AMZN,calibrated_random_forest,1,2020-08-26,1,0,0.3736005664952502,0.29773103153662506,0.3286684019681248,0.044932164527125396
AMZN,calibrated_random_forest,1,2020-08-27,0,0,0.3921630583228239,0.30631858039852905,0.30631858039852905,0.08584447792429484
AMZN,calibrated_random_forest,1,2020-08-28,-1,0,0.3627629852236501,0.324498688171575,0.324498688171575,0.03826429705207507
AMZN,calibrated_random_forest,1,2020-08-31,-1,0,0.36470533530801724,0.3071245210754013,0.3281701436165814,0.03653519169143582
AMZN,calibrated_random_forest,1,2020-09-01,-1,0,0.4130073220794969,0.2962307163559223,0.2962307163559223,0.11677660572357462
AMZN,calibrated_random_forest,1,2020-09-02,-1,0,0.40303017307057787,0.287503604992692,0.3094662219367301,0.09356395113384774
AMZN,calibrated_random_forest,1,2020-09-03,-1,1,0.336982426563879,0.336982426563879,0.33591552571926897,0.0010669008446100303
AMZN,calibrated_random_forest,1,2020-09-04,-1,1,0.37882373576988976,0.37882373576988976,0.3372818713143421,0.04154186445554764
AMZN,calibrated_random_forest,1,2020-09-08,0,1,0.40918526840966346,0.40918526840966346,0.35778357546682377,0.051401692942839694
AMZN,calibrated_random_forest,1,2020-09-09,-1,1,0.3894980120690062,0.3894980120690062,0.36314252488718596,0.026355487181820236
AMZN,calibrated_random_forest,1,2020-09-10,-1,1,0.4208568757399467,0.4208568757399467,0.3660321656873358,0.05482471005261086
AMZN,calibrated_random_forest,1,2020-09-11,-1,1,0.40812260162455954,0.40812260162455954,0.35749811952903016,0.05062448209552939
AMZN,calibrated_random_forest,1,2020-09-14,-1,1,0.4116354869990115,0.4116354869990115,0.3560012455250139,0.05563424147399759
AMZN,calibrated_random_forest,1,2020-09-15,0,1,0.4008935906498669,0.4008935906498669,0.37336778948591115,0.027525801163955754
AMZN,calibrated_random_forest,1,2020-09-16,-1,1,0.4288227321828675,0.4288227321828675,0.35900724074573365,0.06981549143713384
AMZN,calibrated_random_forest,1,2020-09-17,0,1,0.41940441861326105,0.41940441861326105,0.36094697816039734,0.05845744045286372
AMZN,calibrated_random_forest,1,2020-09-18,1,1,0.44007505292876065,0.44007505292876065,0.3906451921242405,0.049429860804520165
AMZN,calibrated_random_forest,1,2020-09-21,1,1,0.42148667052766214,0.42148667052766214,0.38173671783849544,0.0397499526891667
AMZN,calibrated_random_forest,1,2020-09-22,0,1,0.39790524809519034,0.39790524809519034,0.38937398587637945,0.008531262218810898
AMZN,calibrated_random_forest,1,2020-09-23,1,1,0.39800782514921257,0.39800782514921257,0.38159748143871036,0.016410343710502207
AMZN,calibrated_random_forest,1,2020-09-24,1,1,0.43488959738515587,0.43488959738515587,0.37380052623417154,0.06108907115098433
AMZN,calibrated_random_forest,1,2020-09-25,0,1,0.4258427207535962,0.4258427207535962,0.38915041288833124,0.03669230786526495
AMZN,calibrated_random_forest,1,2020-09-28,0,1,0.4038256926544061,0.4038256926544061,0.3853835033263417,0.018442189328064407
AMZN,calibrated_random_forest,1,2020-09-29,0,1,0.43626305731297005,0.43626305731297005,0.38552550344436515,0.0507375538686049
AMZN,calibrated_random_forest,1,2020-09-30,0,1,0.44547428839038244,0.44547428839038244,0.37957347985704787,0.06590080853333458
AMZN,calibrated_random_forest,1,2020-10-01,0,1,0.4009766777164192,0.4009766777164192,0.3904920383525401,0.010484639363879111
AMZN,calibrated_random_forest,1,2020-10-02,1,1,0.408332621812725,0.408332621812725,0.35637892502660123,0.05195369678612377
AMZN,calibrated_random_forest,1,2020-10-05,1,1,0.39823426175348237,0.39823426175348237,0.37136286299262733,0.026871398760855036
AMZN,calibrated_random_forest,1,2020-10-06,1,1,0.4266933128772766,0.4266933128772766,0.35549877263925667,0.07119454023801991
AMZN,calibrated_random_forest,1,2020-10-07,1,1,0.4002018648187067,0.4002018648187067,0.3768786652992859,0.0233231995194208
AMZN,calibrated_random_forest,1,2020-10-08,1,1,0.4121837998150646,0.4121837998150646,0.35911238262233963,0.05307141719272496
AMZN,calibrated_random_forest,1,2020-10-09,0,-1,0.3589391992108122,0.34740429721587934,0.34740429721587934,0.011534901994932845
AMZN,calibrated_random_forest,1,2020-10-12,-1,0,0.3748070235149419,0.299061477357552,0.3261314991275061,0.048675524387435776
AMZN,calibrated_random_forest,1,2020-10-13,-1,0,0.36386215535841004,0.31352345903090884,0.3226143856106812,0.04124776974772887
AMZN,calibrated_random_forest,1,2020-10-14,-1,0,0.3541787577673665,0.3300145191593199,0.3300145191593199,0.024164238608046618
AMZN,calibrated_random_forest,1,2020-10-15,-1,0,0.3651698113394712,0.3218169222226746,0.3218169222226746,0.04335288911679658
AMZN,calibrated_random_forest,1,2020-10-16,-1,1,0.353524623655703,0.353524623655703,0.3441090471759984,0.00941557647970459
AMZN,calibrated_random_forest,1,2020-10-19,0,1,0.4080728055731179,0.4080728055731179,0.3576537262727005,0.050419079300417446
AMZN,calibrated_random_forest,1,2020-10-20,1,1,0.4154370006879445,0.4154370006879445,0.3650771282406661,0.05035987244727835
AMZN,calibrated_random_forest,1,2020-10-21,0,1,0.41699781721692486,0.41699781721692486,0.35835140873822596,0.0586464084786989
AMZN,calibrated_random_forest,1,2020-10-22,0,1,0.4209140431032175,0.4209140431032175,0.35921937593598424,0.061694667167233264
AMZN,calibrated_random_forest,1,2020-10-23,-1,1,0.4277806105485569,0.4277806105485569,0.3647479884912434,0.06303262205731353
AMZN,calibrated_random_forest,1,2020-10-26,-1,1,0.4129563842980582,0.4129563842980582,0.377945914630025,0.03501046966803317
AMZN,calibrated_random_forest,1,2020-10-27,-1,1,0.38358376749357176,0.38358376749357176,0.36926860523811955,0.014315162255452207
AMZN,calibrated_random_forest,1,2020-10-28,1,1,0.409771392472394,0.409771392472394,0.3726809763126357,0.03709041615975833
AMZN,calibrated_random_forest,1,2020-10-29,1,1,0.42200146481131084,0.42200146481131084,0.3826585627487094,0.03934290206260144
AMZN,calibrated_random_forest,1,2020-10-30,1,1,0.3944691397432758,0.3944691397432758,0.36277389661866316,0.03169524312461264
AMZN,calibrated_random_forest,1,2020-11-02,1,1,0.4274990441345981,0.4274990441345981,0.3615344591130219,0.0659645850215762
AMZN,calibrated_random_forest,1,2020-11-03,0,1,0.4287728268680315,0.4287728268680315,0.35980490739416987,0.0689679194738616
AMZN,calibrated_random_forest,1,2020-11-04,-1,1,0.38136229114787,0.38136229114787,0.3797827898570403,0.0015795012908297323
AMZN,calibrated_random_forest,1,2020-11-05,-1,-1,0.3633738510871602,0.362801111796824,0.362801111796824,0.0005727392903361883
AMZN,calibrated_random_forest,1,2020-11-06,-1,1,0.38792981515602337,0.38792981515602337,0.36266580800466713,0.025264007151356238
AMZN,calibrated_random_forest,1,2020-11-09,0,1,0.41319323315789075,0.41319323315789075,0.3591374819796584,0.05405575117823236
AMZN,calibrated_random_forest,1,2020-11-10,1,1,0.4092391877960125,0.4092391877960125,0.3528916107898219,0.056347577006190586
AMZN,calibrated_random_forest,1,2020-11-11,0,1,0.4196116886670269,0.4196116886670269,0.3592713781015147,0.0603403105655122
AMZN,calibrated_random_forest,1,2020-11-12,0,1,0.4292358334758952,0.4292358334758952,0.3551148288419593,0.07412100463393595
AMZN,calibrated_random_forest,1,2020-11-13,0,1,0.4292750487717336,0.4292750487717336,0.3538083728460331,0.0754666759257005
AMZN,calibrated_random_forest,1,2020-11-16,0,1,0.41111376584712217,0.41111376584712217,0.34750501499911907,0.0636087508480031
AMZN,calibrated_random_forest,1,2020-11-17,0,1,0.4312389403125332,0.4312389403125332,0.362085985301653,0.0691529550108802
AMZN,calibrated_random_forest,1,2020-11-18,1,1,0.43066699338201636,0.43066699338201636,0.3580166446390436,0.07265034874297277
AMZN,calibrated_random_forest,1,2020-11-19,1,1,0.4382104842034049,0.4382104842034049,0.3604276932213361,0.0777827909820688
AMZN,calibrated_random_forest,1,2020-11-20,1,1,0.4306687235487052,0.4306687235487052,0.3561682867241022,0.074500436824603
AMZN,calibrated_random_forest,1,2020-11-23,1,1,0.43610857020565774,0.43610857020565774,0.3526849239143787,0.08342364629127902
AMZN,calibrated_random_forest,1,2020-11-24,1,1,0.42907337415843455,0.42907337415843455,0.3620133890341231,0.06705998512431144
AMZN,calibrated_random_forest,1,2020-11-25,0,1,0.40518263403664245,0.40518263403664245,0.3654150530118783,0.03976758102476413
AMZN,calibrated_random_forest,1,2020-11-27,0,1,0.43632626750271736,0.43632626750271736,0.3666475630840918,0.06967870441862556
AMZN,calibrated_random_forest,1,2020-11-30,0,1,0.4156625530883013,0.4156625530883013,0.3422630538651458,0.07339949922315547
AMZN,calibrated_random_forest,1,2020-12-01,0,1,0.3812163834215226,0.3812163834215226,0.35798195175034997,0.023234431671172617
AMZN,calibrated_random_forest,1,2020-12-02,-1,1,0.4001567714735226,0.4001567714735226,0.34622515775010515,0.053931613723417426
AMZN,calibrated_random_forest,1,2020-12-03,-1,1,0.41394829489995794,0.41394829489995794,0.35002533010459014,0.0639229647953678
AMZN,calibrated_random_forest,1,2020-12-04,0,1,0.4073661845609206,0.4073661845609206,0.33730708486990507,0.07005909969101554
AMZN,calibrated_random_forest,1,2020-12-07,0,1,0.40651203681456494,0.40651203681456494,0.3481663761296987,0.05834566068486624
AMZN,calibrated_random_forest,1,2020-12-08,0,1,0.39564494184155025,0.39564494184155025,0.35404843725329366,0.04159650458825659
AMZN,calibrated_random_forest,1,2020-12-09,1,1,0.4014527098143585,0.4014527098143585,0.357080238722401,0.044372471091957466
AMZN,calibrated_random_forest,1,2020-12-10,1,1,0.3910657027275752,0.3910657027275752,0.3496015119013185,0.041464190826256686
AMZN,calibrated_random_forest,1,2020-12-11,1,1,0.411090180382583,0.411090180382583,0.3532212621668192,0.05786891821576379
AMZN,calibrated_random_forest,1,2020-12-14,0,1,0.3919974953076059,0.3919974953076059,0.37022315919560533,0.02177433611200058
AMZN,calibrated_random_forest,1,2020-12-15,0,1,0.4137549007029127,0.4137549007029127,0.35302947752956837,0.06072542317334434
AMZN,calibrated_random_forest,1,2020-12-16,0,-1,0.37048344468437894,0.3684005405609083,0.3684005405609083,0.002082904123470619
AMZN,calibrated_random_forest,1,2020-12-17,0,1,0.4253301431564062,0.4253301431564062,0.353218672694019,0.0721114704623872
AMZN,calibrated_random_forest,1,2020-12-18,1,1,0.40187425963226403,0.40187425963226403,0.35407834936788696,0.04779591026437707
AMZN,calibrated_random_forest,1,2020-12-21,1,1,0.3993289985067326,0.3993289985067326,0.3613557653161618,0.037973233190570777
AMZN,calibrated_random_forest,1,2020-12-22,1,1,0.4184642468089595,0.4184642468089595,0.3602521210178411,0.058212125791118396
AMZN,calibrated_random_forest,1,2020-12-23,1,1,0.4025768541678058,0.4025768541678058,0.34972574390601574,0.05285111026179007
AMZN,calibrated_random_forest,1,2020-12-24,0,1,0.4018651158350523,0.4018651158350523,0.3485305888806934,0.05333452695435892
AMZN,calibrated_random_forest,1,2020-12-28,0,-1,0.36259671506535834,0.3483515293094845,0.3483515293094845,0.014245185755873857
AMZN,calibrated_random_forest,1,2020-12-29,-1,-1,0.34885064607602306,0.32197719925565266,0.3291721546683243,0.019678491407698784
AMZN,calibrated_random_forest,1,2020-12-30,-1,1,0.3766334703108001,0.3766334703108001,0.35360622358772487,0.023027246723075212
AMZN,calibrated_random_forest,1,2020-12-31,-1,1,0.39648148408733713,0.39648148408733713,0.3447588246744479,0.05172265941288923
AMZN,calibrated_random_forest,1,2021-01-04,-1,1,0.4136549369452858,0.4136549369452858,0.36213705524194345,0.05151788170334237
AMZN,calibrated_random_forest,1,2021-01-05,-1,1,0.3792419280687281,0.3792419280687281,0.3499651643999886,0.02927676366873949
AMZN,calibrated_random_forest,1,2021-01-06,0,1,0.4030354658664445,0.4030354658664445,0.34296740989106994,0.06006805597537457
AMZN,calibrated_random_forest,1,2021-01-07,0,1,0.4168044335626831,0.4168044335626831,0.35552473069616203,0.06127970286652107
AMZN,calibrated_random_forest,1,2021-01-08,-1,1,0.4341922700419296,0.4341922700419296,0.355692807132631,0.0784994629092986
AMZN,calibrated_random_forest,1,2021-01-11,0,1,0.3929218488054098,0.3929218488054098,0.3403659627315588,0.05255588607385103
AMZN,calibrated_random_forest,1,2021-01-12,1,1,0.4050130709172873,0.4050130709172873,0.36049179181878777,0.04452127909849951
AMZN,calibrated_random_forest,1,2021-01-13,1,1,0.40823788954154444,0.40823788954154444,0.36868775818185334,0.0395501313596911
AMZN,calibrated_random_forest,1,2021-01-14,1,1,0.41361129892457066,0.41361129892457066,0.35963746615011805,0.05397383277445261
AMZN,calibrated_random_forest,1,2021-01-15,1,1,0.42297612824945885,0.42297612824945885,0.3519295885990768,0.07104653965038205
AMZN,calibrated_random_forest,1,2021-01-19,1,1,0.4381568534447047,0.4381568534447047,0.36012853453555255,0.07802831890915213
AMZN,calibrated_random_forest,1,2021-01-20,0,1,0.381414851213312,0.381414851213312,0.37415884721867704,0.007256003994634941
AMZN,calibrated_random_forest,1,2021-01-21,-1,-1,0.3625123595689857,0.36004237046518095,0.36004237046518095,0.0024699891038047483
AMZN,calibrated_random_forest,1,2021-01-22,-1,1,0.3970204361090648,0.3970204361090648,0.35723976625374565,0.03978066985531914
AMZN,calibrated_random_forest,1,2021-01-25,0,1,0.3970053293123934,0.3970053293123934,0.3576931305926742,0.039312198719719194
AMZN,calibrated_random_forest,1,2021-01-26,0,1,0.3557582744251196,0.3557582744251196,0.3491320637859722,0.006626210639147367
AMZN,calibrated_random_forest,1,2021-01-27,1,1,0.4153150996439396,0.4153150996439396,0.36239899611149967,0.05291610353243992
AMZN,calibrated_random_forest,1,2021-01-28,1,1,0.4117876039225224,0.4117876039225224,0.35848928239377104,0.05329832152875136
AMZN,calibrated_random_forest,1,2021-01-29,1,1,0.42205716962178413,0.42205716962178413,0.3688306381550566,0.05322653146672751
AMZN,calibrated_random_forest,1,2021-02-01,0,-1,0.36225103215612586,0.35773113658593214,0.35773113658593214,0.004519895570193722
AMZN,calibrated_random_forest,1,2021-02-02,-1,0,0.3431142268913317,0.3232183845354071,0.3336673885732611,0.009446838318070583
AMZN,calibrated_random_forest,1,2021-02-03,0,1,0.39863341547619785,0.39863341547619785,0.3590511210375488,0.039582294438649024
AMZN,calibrated_random_forest,1,2021-02-04,-1,1,0.37982249308471233,0.37982249308471233,0.34384850587123883,0.0359739872134735
AMZN,calibrated_random_forest,1,2021-02-05,-1,1,0.357372893374399,0.357372893374399,0.3407628432980352,0.01661005007636379
AMZN,calibrated_random_forest,1,2021-02-08,0,1,0.38575511530181905,0.38575511530181905,0.3384372255914994,0.04731788971031964
AMZN,calibrated_random_forest,1,2021-02-09,0,1,0.38571973553513206,0.38571973553513206,0.3350496861179653,0.05067004941716674
AMZN,calibrated_random_forest,1,2021-02-10,0,1,0.37132409878477807,0.37132409878477807,0.34118525233035957,0.0301388464544185
AMZN,calibrated_random_forest,1,2021-02-11,0,1,0.4167374018970719,0.4167374018970719,0.34999449289074297,0.06674290900632895
AMZN,calibrated_random_forest,1,2021-02-12,-1,1,0.39843711919174424,0.39843711919174424,0.3431906258168502,0.05524649337489401
AMZN,calibrated_random_forest,1,2021-02-16,-1,1,0.3827229057662173,0.3827229057662173,0.3292738634642873,0.05344904230193004
AMZN,calibrated_random_forest,1,2021-02-17,-1,1,0.3821914529210157,0.3821914529210157,0.3477505823594647,0.034440870561550985
AMZN,calibrated_random_forest,1,2021-02-18,-1,1,0.37689403252626524,0.37689403252626524,0.3568945005745541,0.01999953195171117
AMZN,calibrated_random_forest,1,2021-02-19,-1,1,0.40316456054085337,0.40316456054085337,0.35149204355291735,0.05167251698793601
AMZN,calibrated_random_forest,1,2021-02-22,0,1,0.38334757490245525,0.38334757490245525,0.3450105519085945,0.03833702299386077
AMZN,calibrated_random_forest,1,2021-02-23,-1,1,0.39063656413788167,0.39063656413788167,0.35193308451830546,0.03870347961957621
AMZN,calibrated_random_forest,1,2021-02-24,-1,1,0.4006487987142431,0.4006487987142431,0.33834309571252047,0.06230570300172261
AMZN,calibrated_random_forest,1,2021-02-25,-1,1,0.43552262869803066,0.43552262869803066,0.3518722755060975,0.08365035319193315
AMZN,calibrated_random_forest,1,2021-02-26,-1,1,0.43721729900567025,0.43721729900567025,0.36011333838065546,0.07710396062501479
AMZN,calibrated_random_forest,1,2021-03-01,-1,1,0.4399245830596635,0.4399245830596635,0.36324211451498156,0.07668246854468191
AMZN,calibrated_random_forest,1,2021-03-02,0,1,0.4449258238188123,0.4449258238188123,0.3557929458866069,0.08913287793220537
AMZN,calibrated_random_forest,1,2021-03-03,0,1,0.432896192128606,0.432896192128606,0.3726455492447567,0.06025064288384935
AMZN,calibrated_random_forest,1,2021-03-04,1,1,0.4454761182230392,0.4454761182230392,0.38073714840261236,0.06473896982042682
AMZN,calibrated_random_forest,1,2021-03-05,1,1,0.44789024993807675,0.44789024993807675,0.36657568966255133,0.08131456027552542
AMZN,calibrated_random_forest,1,2021-03-08,1,1,0.4404842737290387,0.4404842737290387,0.37735133592658543,0.06313293780245327
AMZN,calibrated_random_forest,1,2021-03-09,0,1,0.429289066159599,0.429289066159599,0.37541769109720735,0.053871375062391647
AMZN,calibrated_random_forest,1,2021-03-10,1,1,0.46005380430155296,0.46005380430155296,0.35916647441404453,0.10088732988750843
AMZN,calibrated_random_forest,1,2021-03-11,-1,1,0.43533249878895913,0.43533249878895913,0.37637154421954416,0.05896095456941497
AMZN,calibrated_random_forest,1,2021-03-12,0,1,0.43239204112160706,0.43239204112160706,0.36194626641574307,0.070445774705864
AMZN,calibrated_random_forest,1,2021-03-15,0,1,0.4363230737215662,0.4363230737215662,0.35986916077862485,0.07645391294294135
AMZN,calibrated_random_forest,1,2021-03-16,0,1,0.4464800547445746,0.4464800547445746,0.36843239381432397,0.07804766093025062
AMZN,calibrated_random_forest,1,2021-03-17,0,1,0.41029426515593154,0.41029426515593154,0.35968688326447434,0.05060738189145719
AMZN,calibrated_random_forest,1,2021-03-18,0,1,0.42787555091564244,0.42787555091564244,0.3501956315383811,0.07767991937726132
AMZN,calibrated_random_forest,1,2021-03-19,0,1,0.43117195731970254,0.43117195731970254,0.3680713398327143,0.06310061748698825
AMZN,calibrated_random_forest,1,2021-03-22,0,1,0.4115908414132134,0.4115908414132134,0.36632885780801816,0.04526198360519523
AMZN,calibrated_random_forest,1,2021-03-23,-1,1,0.40218752667084684,0.40218752667084684,0.37779327521133516,0.024394251459511684
AMZN,calibrated_random_forest,1,2021-03-24,0,1,0.44230165824597095,0.44230165824597095,0.36532709787245166,0.0769745603735193
AMZN,calibrated_random_forest,1,2021-03-25,1,1,0.424863117027447,0.424863117027447,0.3519894804034313,0.07287363662401569
AMZN,calibrated_random_forest,1,2021-03-26,1,1,0.43125211475729364,0.43125211475729364,0.35788389160953676,0.07336822314775687
AMZN,calibrated_random_forest,1,2021-03-29,1,1,0.41864561047794774,0.41864561047794774,0.36815885909421625,0.05048675138373149
AMZN,calibrated_random_forest,1,2021-03-30,1,1,0.4367875667550833,0.4367875667550833,0.35733779264707427,0.07944977410800902
AMZN,calibrated_random_forest,1,2021-03-31,1,1,0.420781770848941,0.420781770848941,0.35937368798447555,0.06140808286446542
AMZN,calibrated_random_forest,1,2021-04-01,1,1,0.3808152052839911,0.3808152052839911,0.36908638417575296,0.011728821108238141
AMZN,calibrated_random_forest,1,2021-04-05,1,-1,0.34856916546179456,0.3453419374945204,0.3453419374945204,0.003227227967274149
AMZN,calibrated_random_forest,1,2021-04-06,1,1,0.3509062283334268,0.3509062283334268,0.3270435146867126,0.023862713646714162
AMZN,calibrated_random_forest,1,2021-04-07,0,-1,0.35460076979498956,0.33197767506427994,0.33197767506427994,0.022623094730709614
AMZN,calibrated_random_forest,1,2021-04-08,1,0,0.36406935265718293,0.31960900669428505,0.31960900669428505,0.044460345962897885
AMZN,calibrated_random_forest,1,2021-04-09,0,0,0.3840762022850475,0.2864205285033368,0.32950326921161555,0.05457293307343197
AMZN,calibrated_random_forest,1,2021-04-12,0,0,0.41630149045852854,0.29650011623697337,0.29650011623697337,0.11980137422155518
AMZN,calibrated_random_forest,1,2021-04-13,0,0,0.4513875000223812,0.2725066034316672,0.2761058965459515,0.17528160347642968
AMZN,calibrated_random_forest,1,2021-04-14,0,0,0.39717689801036876,0.29735045143360384,0.30547265055602735,0.09170424745434141
AMZN,calibrated_random_forest,1,2021-04-15,-1,0,0.3605430723968756,0.32263061219689887,0.32263061219689887,0.03791246019997674
AMZN,calibrated_random_forest,1,2021-04-16,0,0,0.4057376197423639,0.28825713975035216,0.30600524050728395,0.09973237923507994
AMZN,calibrated_random_forest,1,2021-04-19,0,0,0.37484994155090295,0.3154457016246152,0.3154457016246152,0.05940423992628774
AMZN,calibrated_random_forest,1,2021-04-20,1,0,0.37678944539787934,0.31132907521684156,0.3118814793852791,0.06490796601260024
AMZN,calibrated_random_forest,2,2021-04-21,1,1,0.47515838878666067,0.47515838878666067,0.2951216305106234,0.18003675827603727
AMZN,calibrated_random_forest,2,2021-04-22,1,1,0.46031279747967907,0.46031279747967907,0.29466048727176825,0.16565231020791082
AMZN,calibrated_random_forest,2,2021-04-23,1,1,0.4423710056356395,0.4423710056356395,0.30600504662303357,0.13636595901260595
AMZN,calibrated_random_forest,2,2021-04-26,0,1,0.4046073448624256,0.4046073448624256,0.32133694086837294,0.08327040399405267
AMZN,calibrated_random_forest,2,2021-04-27,-1,1,0.4350699681601759,0.4350699681601759,0.3184744876343568,0.11659548052581908
AMZN,calibrated_random_forest,2,2021-04-28,-1,0,0.39121678204177207,0.3530373482853654,0.3530373482853654,0.038179433756406644
AMZN,calibrated_random_forest,2,2021-04-29,-1,1,0.37842476664064634,0.37842476664064634,0.35751376784032624,0.020910998800320102
AMZN,calibrated_random_forest,2,2021-04-30,-1,1,0.4526776544317965,0.4526776544317965,0.3004315648085285,0.15224608962326797
AMZN,calibrated_random_forest,2,2021-05-03,-1,1,0.45712854873654957,0.45712854873654957,0.30689810903802195,0.15023043969852762
AMZN,calibrated_random_forest,2,2021-05-04,-1,1,0.4788343723531079,0.4788343723531079,0.27075957662524414,0.20807479572786375
AMZN,calibrated_random_forest,2,2021-05-05,-1,1,0.44468268361973173,0.44468268361973173,0.32178468282646533,0.1228980007932664
AMZN,calibrated_random_forest,2,2021-05-06,-1,1,0.4894182007924724,0.4894182007924724,0.25945295676633057,0.22996524402614182
AMZN,calibrated_random_forest,2,2021-05-07,-1,1,0.47524584096532513,0.47524584096532513,0.26357674203915377,0.21166909892617136
AMZN,calibrated_random_forest,2,2021-05-10,1,1,0.4165439559592788,0.4165439559592788,0.3273185070371569,0.08922544892212186
AMZN,calibrated_random_forest,2,2021-05-11,0,1,0.45343230644388005,0.45343230644388005,0.3025138802362513,0.15091842620762874
AMZN,calibrated_random_forest,2,2021-05-12,1,1,0.4119001495927804,0.4119001495927804,0.32594116610973506,0.08595898348304531
AMZN,calibrated_random_forest,2,2021-05-13,1,1,0.45883554248021147,0.45883554248021147,0.2925377520859514,0.16629779039426007
AMZN,calibrated_random_forest,2,2021-05-14,0,1,0.48487658388356875,0.48487658388356875,0.2830392075709114,0.20183737631265736
AMZN,calibrated_random_forest,2,2021-05-17,0,1,0.46930802727067417,0.46930802727067417,0.2815345615479425,0.18777346572273168
AMZN,calibrated_random_forest,2,2021-05-18,0,1,0.49311150169091844,0.49311150169091844,0.2861916198244034,0.20691988186651505
AMZN,calibrated_random_forest,2,2021-05-19,0,1,0.49985575889679273,0.49985575889679273,0.2664289775154154,0.23342678138137735
AMZN,calibrated_random_forest,2,2021-05-20,0,1,0.5128132565352179,0.5128132565352179,0.2503266071287275,0.2624866494064904
AMZN,calibrated_random_forest,2,2021-05-21,0,1,0.40373341575127036,0.40373341575127036,0.3574130064925831,0.046320409258687245
AMZN,calibrated_random_forest,2,2021-05-24,0,1,0.5225744035400975,0.5225744035400975,0.24676124942150146,0.2758131541185961
AMZN,calibrated_random_forest,2,2021-05-25,0,1,0.4924871394384183,0.4924871394384183,0.25661924553845455,0.23586789389996377
AMZN,calibrated_random_forest,2,2021-05-26,-1,1,0.5180464858628889,0.5180464858628889,0.252269266216094,0.2657772196467949
AMZN,calibrated_random_forest,2,2021-05-27,0,1,0.4613032811018016,0.4613032811018016,0.2712225964974964,0.19008068460430516
AMZN,calibrated_random_forest,2,2021-05-28,0,1,0.48727363943300456,0.48727363943300456,0.2586610747514683,0.22861256468153623
AMZN,calibrated_random_forest,2,2021-06-01,0,1,0.46940830110269016,0.46940830110269016,0.2846787060699444,0.18472959503274577
AMZN,calibrated_random_forest,2,2021-06-02,0,1,0.5072869863451991,0.5072869863451991,0.2694504063793696,0.23783657996582946
AMZN,calibrated_random_forest,2,2021-06-03,1,1,0.41498745518602115,0.41498745518602115,0.3251885953289692,0.08979885985705194
AMZN,calibrated_random_forest,2,2021-06-04,1,1,0.49641233708211424,0.49641233708211424,0.26892013139974663,0.2274922056823676
AMZN,calibrated_random_forest,2,2021-06-07,1,1,0.45603924087106723,0.45603924087106723,0.2992530281020782,0.15678621276898902
AMZN,calibrated_random_forest,2,2021-06-08,1,1,0.4140601234521902,0.4140601234521902,0.3073200817827761,0.10674004166941409
AMZN,calibrated_random_forest,2,2021-06-09,1,1,0.5222045511022856,0.5222045511022856,0.2442767914108385,0.2779277596914471
AMZN,calibrated_random_forest,2,2021-06-10,1,1,0.39230457634799804,0.39230457634799804,0.3219519492443024,0.07035262710369561
AMZN,calibrated_random_forest,2,2021-06-11,1,1,0.48935690286931877,0.48935690286931877,0.2858083408677829,0.20354856200153587
AMZN,calibrated_random_forest,2,2021-06-14,1,1,0.4112697638086844,0.4112697638086844,0.3450478279998544,0.06622193580883001
AMZN,calibrated_random_forest,2,2021-06-15,1,1,0.46228897207271197,0.46228897207271197,0.31553323287080737,0.1467557392019046
AMZN,calibrated_random_forest,2,2021-06-16,1,1,0.3895901438748106,0.3895901438748106,0.36926491173457326,0.020325232140237348
AMZN,calibrated_random_forest,2,2021-06-17,0,0,0.3806086960236262,0.3526285079035389,0.3526285079035389,0.02798018812008729
AMZN,calibrated_random_forest,2,2021-06-18,-1,1,0.38525146295534657,0.38525146295534657,0.37571059179993505,0.009540871155411523
AMZN,calibrated_random_forest,2,2021-06-21,0,1,0.3947248406257555,0.3947248406257555,0.37028885534947104,0.02443598527628449
AMZN,calibrated_random_forest,2,2021-06-22,0,1,0.37269380775386307,0.37269380775386307,0.3633912437216213,0.009302564032241778
AMZN,calibrated_random_forest,2,2021-06-23,0,0,0.3978136376913152,0.369389391489233,0.369389391489233,0.028424246202082226
AMZN,calibrated_random_forest,2,2021-06-24,0,1,0.3925899929493759,0.3925899929493759,0.3372509610491447,0.055339031900231206
AMZN,calibrated_random_forest,2,2021-06-25,1,1,0.42944285366687035,0.42944285366687035,0.3177499338422793,0.11169291982459106
AMZN,calibrated_random_forest,2,2021-06-28,1,1,0.4957178922003406,0.4957178922003406,0.27345828778342,0.2222596044169206
AMZN,calibrated_random_forest,2,2021-06-29,1,1,0.5328772253928292,0.5328772253928292,0.24749950490023612,0.28537772049259313
AMZN,calibrated_random_forest,2,2021-06-30,1,1,0.522059984874922,0.522059984874922,0.24892008737792182,0.2731398974970002
AMZN,calibrated_random_forest,2,2021-07-01,1,1,0.48715247652392296,0.48715247652392296,0.2686993489293865,0.21845312759453644
AMZN,calibrated_random_forest,2,2021-07-02,1,1,0.4017052932606298,0.4017052932606298,0.33500155015689653,0.06670374310373328
AMZN,calibrated_random_forest,2,2021-07-06,0,1,0.3637695361420901,0.3637695361420901,0.3395103397267878,0.02425919641530233
AMZN,calibrated_random_forest,2,2021-07-07,0,1,0.3839771948288589,0.3839771948288589,0.32191950140202324,0.06205769342683565
AMZN,calibrated_random_forest,2,2021-07-08,-1,1,0.38886725357771984,0.38886725357771984,0.3064098036757152,0.08245744990200465
AMZN,calibrated_random_forest,2,2021-07-09,-1,1,0.41719741341150113,0.41719741341150113,0.3101262158256813,0.10707119758581984
AMZN,calibrated_random_forest,2,2021-07-12,-1,1,0.3827911033595739,0.3827911033595739,0.3317587106167814,0.051032392742792476
AMZN,calibrated_random_forest,2,2021-07-13,-1,1,0.3938693188852964,0.3938693188852964,0.3324860367608988,0.06138328212439764
AMZN,calibrated_random_forest,2,2021-07-14,-1,1,0.4188938538577451,0.4188938538577451,0.31480667230592024,0.10408718155182484
AMZN,calibrated_random_forest,2,2021-07-15,0,1,0.42895681624795334,0.42895681624795334,0.32666721464075893,0.10228960160719441
AMZN,calibrated_random_forest,2,2021-07-16,1,1,0.4477361311036672,0.4477361311036672,0.30067610297579916,0.14706002812786806
AMZN,calibrated_random_forest,2,2021-07-19,1,1,0.4586171427953731,0.4586171427953731,0.2730734974219535,0.18554364537341955
AMZN,calibrated_random_forest,2,2021-07-20,0,1,0.4729459711102952,0.4729459711102952,0.28492373348835337,0.1880222376219418
AMZN,calibrated_random_forest,2,2021-07-21,0,1,0.5361781085310575,0.5361781085310575,0.23346828458066957,0.3027098239503879
AMZN,calibrated_random_forest,2,2021-07-22,0,1,0.48065520518157756,0.48065520518157756,0.2645339110013973,0.21612129418018028
AMZN,calibrated_random_forest,2,2021-07-23,-1,1,0.5461608313956169,0.5461608313956169,0.22829262538388181,0.31786820601173504
AMZN,calibrated_random_forest,2,2021-07-26,-1,1,0.4332921992184171,0.4332921992184171,0.3238641380769509,0.10942806114146619
AMZN,calibrated_random_forest,2,2021-07-27,-1,1,0.44562510086800383,0.44562510086800383,0.3032836749500741,0.14234142591792975
AMZN,calibrated_random_forest,2,2021-07-28,-1,1,0.4896210093488255,0.4896210093488255,0.2741103750759255,0.21551063427290001
AMZN,calibrated_random_forest,2,2021-07-29,-1,1,0.4416207494838558,0.4416207494838558,0.30082795762206643,0.1407927918617894
AMZN,calibrated_random_forest,2,2021-07-30,0,1,0.49988383452177,0.49988383452177,0.2513871939386927,0.2484966405830773
AMZN,calibrated_random_forest,2,2021-08-02,0,1,0.5204305416999618,0.5204305416999618,0.2491699237735495,0.2712606179264123
AMZN,calibrated_random_forest,2,2021-08-03,0,1,0.522252046381343,0.522252046381343,0.24853637428557282,0.2737156720957702
AMZN,calibrated_random_forest,2,2021-08-04,0,1,0.5519561567801118,0.5519561567801118,0.22420535259230723,0.32775080418780456
AMZN,calibrated_random_forest,2,2021-08-05,-1,1,0.5379818442104026,0.5379818442104026,0.23526194969710335,0.3027198945132993
AMZN,calibrated_random_forest,2,2021-08-06,0,1,0.49850756482256026,0.49850756482256026,0.2613942681333557,0.23711329668920456
AMZN,calibrated_random_forest,2,2021-08-09,0,1,0.521848471244727,0.521848471244727,0.24207023355699084,0.27977823768773613
AMZN,calibrated_random_forest,2,2021-08-10,-1,1,0.500154764513245,0.500154764513245,0.26243258150992105,0.23772218300332398
AMZN,calibrated_random_forest,2,2021-08-11,-1,1,0.5035069008221557,0.5035069008221557,0.2583979334072078,0.24510896741494786
AMZN,calibrated_random_forest,2,2021-08-12,-1,1,0.5203824374315613,0.5203824374315613,0.2493489637723656,0.2710334736591957
AMZN,calibrated_random_forest,2,2021-08-13,-1,1,0.47801025363437777,0.47801025363437777,0.26363289962810205,0.21437735400627572
AMZN,calibrated_random_forest,2,2021-08-16,0,1,0.4696641025406001,0.4696641025406001,0.26672135708835504,0.20294274545224505
AMZN,calibrated_random_forest,2,2021-08-17,0,1,0.45479640828483997,0.45479640828483997,0.2859951826103126,0.16880122567452738
AMZN,calibrated_random_forest,2,2021-08-18,1,1,0.5033392112697244,0.5033392112697244,0.25625327286625876,0.2470859384034656
AMZN,calibrated_random_forest,2,2021-08-19,1,1,0.4965907540460474,0.4965907540460474,0.2602507046853412,0.23634004936070618
AMZN,calibrated_random_forest,2,2021-08-20,1,1,0.5127868722479494,0.5127868722479494,0.24455292050878966,0.26823395173915976
AMZN,calibrated_random_forest,2,2021-08-23,1,1,0.4994872549547406,0.4994872549547406,0.2552505756387159,0.24423667931602472
AMZN,calibrated_random_forest,2,2021-08-24,1,1,0.5051965887858922,0.5051965887858922,0.2596250353229157,0.24557155346297654
AMZN,calibrated_random_forest,2,2021-08-25,1,1,0.5214145781996354,0.5214145781996354,0.2457192029890237,0.2756953752106117
AMZN,calibrated_random_forest,2,2021-08-26,1,1,0.5016895250346033,0.5016895250346033,0.2540321243778883,0.247657400656715
AMZN,calibrated_random_forest,2,2021-08-27,1,1,0.5084563377222576,0.5084563377222576,0.24641162685273776,0.26204471086951986
AMZN,calibrated_random_forest,2,2021-08-30,1,1,0.39824712440432214,0.39824712440432214,0.31903837912191807,0.07920874528240407
AMZN,calibrated_random_forest,2,2021-08-31,0,1,0.3746935385730321,0.3746935385730321,0.35709793494106085,0.01759560363197127
AMZN,calibrated_random_forest,2,2021-09-01,0,1,0.4023462510017166,0.4023462510017166,0.342009567753784,0.06033668324793262
AMZN,calibrated_random_forest,2,2021-09-02,0,1,0.4379149558065607,0.4379149558065607,0.329258140844983,0.1086568149615777
AMZN,calibrated_random_forest,2,2021-09-03,0,1,0.43105415706888855,0.43105415706888855,0.3380728010084643,0.09298135606042424
AMZN,calibrated_random_forest,2,2021-09-07,0,1,0.41103900726639125,0.41103900726639125,0.3514942407478934,0.05954476651849783
AMZN,calibrated_random_forest,2,2021-09-08,0,1,0.40292389198494627,0.40292389198494627,0.36050085886785704,0.042423033117089226
AMZN,calibrated_random_forest,2,2021-09-09,0,1,0.4095715445885197,0.4095715445885197,0.3255972928594801,0.0839742517290396
AMZN,calibrated_random_forest,2,2021-09-10,0,1,0.4289447338828265,0.4289447338828265,0.3129931276820896,0.11595160620073691
AMZN,calibrated_random_forest,2,2021-09-13,-1,1,0.3981943439145564,0.3981943439145564,0.3322349085423137,0.06595943537224269
AMZN,calibrated_random_forest,2,2021-09-14,-1,1,0.4467590719737979,0.4467590719737979,0.2882256045819042,0.15853346739189367
AMZN,calibrated_random_forest,2,2021-09-15,-1,1,0.4348597734866533,0.4348597734866533,0.2996902989442303,0.13516947454242295
AMZN,calibrated_random_forest,2,2021-09-16,-1,1,0.45701851637103835,0.45701851637103835,0.27918342291469117,0.17783509345634718
AMZN,calibrated_random_forest,2,2021-09-17,0,1,0.43940005487869715,0.43940005487869715,0.2952132611812504,0.14418679369744675
AMZN,calibrated_random_forest,2,2021-09-20,0,1,0.39392282244068405,0.39392282244068405,0.3481750044493386,0.045747817991345474
AMZN,calibrated_random_forest,2,2021-09-21,0,1,0.41122004996781314,0.41122004996781314,0.3299548576768714,0.08126519229094176
AMZN,calibrated_random_forest,2,2021-09-22,-1,1,0.4663114322623061,0.4663114322623061,0.28323339097184125,0.18307804129046484
AMZN,calibrated_random_forest,2,2021-09-23,-1,1,0.48996621794669615,0.48996621794669615,0.26433179994330974,0.2256344180033864
AMZN,calibrated_random_forest,2,2021-09-24,-1,1,0.5078278623492479,0.5078278623492479,0.25409671512443904,0.2537311472248089
AMZN,calibrated_random_forest,2,2021-09-27,-1,1,0.46638324691428973,0.46638324691428973,0.272960867631064,0.19342237928322575
AMZN,calibrated_random_forest,2,2021-09-28,-1,-1,0.3831868180132522,0.365315157178076,0.365315157178076,0.017871660835176217
AMZN,calibrated_random_forest,2,2021-09-29,0,1,0.3993207365299611,0.3993207365299611,0.3490650585795539,0.050255677950407196
AMZN,calibrated_random_forest,2,2021-09-30,0,1,0.4053794734332661,0.4053794734332661,0.3222660788009895,0.08311339463227657
AMZN,calibrated_random_forest,2,2021-10-01,0,1,0.43809660451833166,0.43809660451833166,0.29996387170835465,0.138132732809977
AMZN,calibrated_random_forest,2,2021-10-04,0,1,0.41997062629583143,0.41997062629583143,0.3058287879846826,0.11414183831114882
AMZN,calibrated_random_forest,2,2021-10-05,0,1,0.4606422026289598,0.4606422026289598,0.2802928775543021,0.18034932507465767
AMZN,calibrated_random_forest,2,2021-10-06,0,1,0.4247642966858016,0.4247642966858016,0.33101484105242257,0.09374945563337905
AMZN,calibrated_random_forest,2,2021-10-07,0,1,0.48516783826162674,0.48516783826162674,0.3002526393120947,0.184915198949532
AMZN,calibrated_random_forest,2,2021-10-08,1,1,0.4790528510051873,0.4790528510051873,0.3030397856576675,0.17601306534751981
AMZN,calibrated_random_forest,2,2021-10-11,1,1,0.41904482468795495,0.41904482468795495,0.31710414379994295,0.101940680888012
AMZN,calibrated_random_forest,2,2021-10-12,1,1,0.4438397622025141,0.4438397622025141,0.32747124032750147,0.11636852187501262
AMZN,calibrated_random_forest,2,2021-10-13,1,1,0.5027982169341484,0.5027982169341484,0.27820954650532015,0.22458867042882824
AMZN,calibrated_random_forest,2,2021-10-14,1,1,0.514939086979486,0.514939086979486,0.2655133719448119,0.2494257150346741
AMZN,calibrated_random_forest,2,2021-10-15,-1,1,0.4221470660582083,0.4221470660582083,0.31927725639442234,0.10286980966378595
AMZN,calibrated_random_forest,2,2021-10-18,-1,1,0.4081922572164151,0.4081922572164151,0.32670273678455614,0.08148952043185897
AMZN,calibrated_random_forest,2,2021-10-19,0,1,0.429495029079433,0.429495029079433,0.3276832300204267,0.10181179905900628
AMZN,calibrated_random_forest,2,2021-10-20,0,1,0.47087866449553917,0.47087866449553917,0.2747271558577585,0.1961515086377807
AMZN,calibrated_random_forest,2,2021-10-21,0,1,0.5081233297258456,0.5081233297258456,0.2653783455595724,0.24274498416627321
AMZN,calibrated_random_forest,2,2021-10-22,0,1,0.4642076586925142,0.4642076586925142,0.2799015771993388,0.1843060814931754
AMZN,calibrated_random_forest,2,2021-10-25,0,1,0.47620171921677584,0.47620171921677584,0.26337073011225715,0.2128309891045187
AMZN,calibrated_random_forest,2,2021-10-26,0,1,0.45040060159069717,0.45040060159069717,0.27940292996089755,0.17099767162979962
AMZN,calibrated_random_forest,2,2021-10-27,0,1,0.480897973327817,0.480897973327817,0.2615357316343361,0.2193622416934809
AMZN,calibrated_random_forest,2,2021-10-28,0,1,0.4571390976082444,0.4571390976082444,0.2750891979624801,0.1820498996457643
AMZN,calibrated_random_forest,2,2021-10-29,1,1,0.4557573597378788,0.4557573597378788,0.27380330573873746,0.18195405399914133
AMZN,calibrated_random_forest,2,2021-11-01,1,1,0.45597762170926437,0.45597762170926437,0.2982968401269434,0.15768078158232096
AMZN,calibrated_random_forest,2,2021-11-02,1,1,0.4825993050444235,0.4825993050444235,0.2753740931544977,0.20722521188992582
AMZN,calibrated_random_forest,2,2021-11-03,1,1,0.4854244637977448,0.4854244637977448,0.2616671645554844,0.2237572992422604
AMZN,calibrated_random_forest,2,2021-11-04,0,1,0.45563552022413,0.45563552022413,0.2732460836212414,0.1823894366028886
AMZN,calibrated_random_forest,2,2021-11-05,0,1,0.44542978196215927,0.44542978196215927,0.299465883560363,0.14596389840179624
AMZN,calibrated_random_forest,2,2021-11-08,0,1,0.5025935303072453,0.5025935303072453,0.26539818056455117,0.23719534974269413
AMZN,calibrated_random_forest,2,2021-11-09,0,1,0.38464382444397743,0.38464382444397743,0.3429900751828945,0.04165374926108295
AMZN,calibrated_random_forest,2,2021-11-10,0,1,0.49963962091630787,0.49963962091630787,0.2685576353384438,0.23108198557786408
AMZN,calibrated_random_forest,2,2021-11-11,1,1,0.5115104548065645,0.5115104548065645,0.25429891863858267,0.25721153616798187
AMZN,calibrated_random_forest,2,2021-11-12,1,1,0.4923968522910389,0.4923968522910389,0.2638215418467324,0.2285753104443065
AMZN,calibrated_random_forest,2,2021-11-15,0,1,0.4688572269848603,0.4688572269848603,0.2886331949803836,0.18022403200447673
AMZN,calibrated_random_forest,2,2021-11-16,0,1,0.49129878877596456,0.49129878877596456,0.26302247280490304,0.22827631597106152
AMZN,calibrated_random_forest,2,2021-11-17,0,1,0.5179686810082197,0.5179686810082197,0.26191667359051246,0.25605200741770723
AMZN,calibrated_random_forest,2,2021-11-18,-1,1,0.3757409095331649,0.3757409095331649,0.35318992143240396,0.02255098810076095
AMZN,calibrated_random_forest,2,2021-11-19,-1,1,0.4159646554321313,0.4159646554321313,0.33625227097147087,0.07971238446066042
AMZN,calibrated_random_forest,2,2021-11-22,0,1,0.46994134782400715,0.46994134782400715,0.28397250806597735,0.1859688397580298
AMZN,calibrated_random_forest,2,2021-11-23,-1,1,0.48660698534746216,0.48660698534746216,0.2816130648950304,0.20499392045243175
AMZN,calibrated_random_forest,2,2021-11-24,-1,1,0.4655526781253485,0.4655526781253485,0.3039267331096892,0.1616259450156593
AMZN,calibrated_random_forest,2,2021-11-26,-1,1,0.5087743499427458,0.5087743499427458,0.24832504425180968,0.26044930569093616
AMZN,calibrated_random_forest,2,2021-11-29,-1,1,0.4821658955525743,0.4821658955525743,0.2668081183296483,0.21535777722292598
AMZN,calibrated_random_forest,2,2021-11-30,0,1,0.4881176331349337,0.4881176331349337,0.2571397145835673,0.2309779185513664
AMZN,calibrated_random_forest,2,2021-12-01,1,1,0.4714332198974141,0.4714332198974141,0.28763067191942326,0.18380254797799084
AMZN,calibrated_random_forest,2,2021-12-02,0,1,0.47813609679734265,0.47813609679734265,0.27869648343014486,0.1994396133671978
AMZN,calibrated_random_forest,2,2021-12-03,0,1,0.4136070639741756,0.4136070639741756,0.3454536230345477,0.06815344093962794
AMZN,calibrated_random_forest,2,2021-12-06,0,1,0.4655341122989391,0.4655341122989391,0.2953276442884382,0.17020646801050088
AMZN,calibrated_random_forest,2,2021-12-07,-1,1,0.47711654439852097,0.47711654439852097,0.2725586712559365,0.20455787314258445
AMZN,calibrated_random_forest,2,2021-12-08,0,1,0.5202311687188249,0.5202311687188249,0.24591470760539758,0.27431646111342733
AMZN,calibrated_random_forest,2,2021-12-09,-1,1,0.5236349905092115,0.5236349905092115,0.24377998750620591,0.2798550030030056
AMZN,calibrated_random_forest,2,2021-12-10,0,1,0.4788243081126418,0.4788243081126418,0.26939076562215514,0.20943354249048668
AMZN,calibrated_random_forest,2,2021-12-13,0,1,0.40739589068440396,0.40739589068440396,0.34703559637798725,0.060360294306416706
AMZN,calibrated_random_forest,2,2021-12-14,0,1,0.4060756162953423,0.4060756162953423,0.3488425631994276,0.0572330530959147
AMZN,calibrated_random_forest,2,2021-12-15,0,1,0.49394563065586355,0.49394563065586355,0.2593629061133236,0.23458272454253998
AMZN,calibrated_random_forest,2,2021-12-16,0,1,0.43353735414377287,0.43353735414377287,0.3331710025822301,0.10036635156154278
AMZN,calibrated_random_forest,2,2021-12-17,0,1,0.4872823716525681,0.4872823716525681,0.2841088632666961,0.203173508385872
AMZN,calibrated_random_forest,2,2021-12-20,1,1,0.4733313057788145,0.4733313057788145,0.28669237732131625,0.18663892845749824
AMZN,calibrated_random_forest,2,2021-12-21,0,1,0.4964513373886233,0.4964513373886233,0.27610614070277667,0.22034519668584662
AMZN,calibrated_random_forest,2,2021-12-22,0,1,0.5056939813154026,0.5056939813154026,0.25979363151166146,0.2459003498037411
AMZN,calibrated_random_forest,2,2021-12-23,-1,1,0.5280504178073008,0.5280504178073008,0.24382913203746134,0.2842212857698394
AMZN,calibrated_random_forest,2,2021-12-27,0,1,0.4962295015399341,0.4962295015399341,0.25800137117000943,0.23822813036992468
AMZN,calibrated_random_forest,2,2021-12-28,0,1,0.5113273196880295,0.5113273196880295,0.2505947432529137,0.26073257643511577
AMZN,calibrated_random_forest,2,2021-12-29,-1,1,0.4831269410233047,0.4831269410233047,0.2611266042954702,0.22200033672783454
AMZN,calibrated_random_forest,2,2021-12-30,-1,1,0.5044695687279105,0.5044695687279105,0.25236415782452976,0.25210541090338073
AMZN,calibrated_random_forest,2,2021-12-31,-1,1,0.4437226925146225,0.4437226925146225,0.29113760396487187,0.1525850885497506
AMZN,calibrated_random_forest,2,2022-01-03,-1,1,0.4895719597303876,0.4895719597303876,0.25869632362973866,0.23087563610064893
AMZN,calibrated_random_forest,2,2022-01-04,0,1,0.4616124030204225,0.4616124030204225,0.2836317606835486,0.17798064233687388
AMZN,calibrated_random_forest,2,2022-01-05,0,1,0.4518163660992815,0.4518163660992815,0.3028313290485703,0.1489850370507112
AMZN,calibrated_random_forest,2,2022-01-06,0,1,0.44865660687069925,0.44865660687069925,0.3020699222827286,0.14658668458797064
AMZN,calibrated_random_forest,2,2022-01-07,0,1,0.4733802220922072,0.4733802220922072,0.2772590279530814,0.19612119413912582
AMZN,calibrated_random_forest,2,2022-01-10,0,1,0.4546724797414387,0.4546724797414387,0.293113012511196,0.16155946723024273
AMZN,calibrated_random_forest,2,2022-01-11,-1,1,0.4776843260764594,0.4776843260764594,0.2863953239328331,0.19128900214362626
AMZN,calibrated_random_forest,2,2022-01-12,-1,1,0.5023145274630115,0.5023145274630115,0.27110648532059983,0.2312080421424117
AMZN,calibrated_random_forest,2,2022-01-13,-1,1,0.45804467250298014,0.45804467250298014,0.300060460519821,0.15798421198315915
AMZN,calibrated_random_forest,2,2022-01-14,-1,1,0.45524883166678176,0.45524883166678176,0.3114698796054307,0.14377895206135105
AMZN,calibrated_random_forest,2,2022-01-18,-1,1,0.46187028241156075,0.46187028241156075,0.27241637119025924,0.1894539112213015
AMZN,calibrated_random_forest,2,2022-01-19,-1,1,0.462704656662078,0.462704656662078,0.28117811582132296,0.18152654084075504
AMZN,calibrated_random_forest,2,2022-01-20,-1,1,0.5613920257751804,0.5613920257751804,0.22662326421731663,0.33476876155786384
AMZN,calibrated_random_forest,2,2022-01-21,0,1,0.6225141968846407,0.6225141968846407,0.19378930240014847,0.42872489448449225
AMZN,calibrated_random_forest,2,2022-01-24,1,1,0.6221881612481406,0.6221881612481406,0.19503379768887108,0.4271543635592695
AMZN,calibrated_random_forest,2,2022-01-25,1,1,0.617771386615013,0.617771386615013,0.19525928785346114,0.4225120987615518
AMZN,calibrated_random_forest,2,2022-01-26,1,1,0.6211048449320474,0.6211048449320474,0.19606587208479745,0.42503897284725
AMZN,calibrated_random_forest,2,2022-01-27,0,1,0.621766395173151,0.621766395173151,0.1945821824414656,0.4271842127316854
AMZN,calibrated_random_forest,2,2022-01-28,1,1,0.5906198703922872,0.5906198703922872,0.20507724240721514,0.3855426279850721
AMZN,calibrated_random_forest,2,2022-01-31,1,1,0.5172528314690804,0.5172528314690804,0.25616368281813223,0.2610891486509482
AMZN,calibrated_random_forest,2,2022-02-01,1,1,0.5366050145731048,0.5366050145731048,0.24688063616467285,0.289724378408432
AMZN,calibrated_random_forest,2,2022-02-02,1,1,0.5137747483998268,0.5137747483998268,0.2654541044821807,0.24832064391764613
AMZN,calibrated_random_forest,2,2022-02-03,1,1,0.579599727521802,0.579599727521802,0.21275234493499995,0.36684738258680205
AMZN,calibrated_random_forest,2,2022-02-04,-1,1,0.420973603092947,0.420973603092947,0.32511820481431414,0.09585539827863288
AMZN,calibrated_random_forest,2,2022-02-07,0,1,0.4274765421833963,0.4274765421833963,0.3204197498909504,0.10705679229244591
AMZN,calibrated_random_forest,2,2022-02-08,-1,1,0.4264281326231627,0.4264281326231627,0.2957396947164008,0.13068843790676188
AMZN,calibrated_random_forest,2,2022-02-09,0,1,0.4236285029904198,0.4236285029904198,0.3068668025577271,0.11676170043269274
AMZN,calibrated_random_forest,2,2022-02-10,-1,1,0.4353052698366831,0.4353052698366831,0.3028596675437952,0.13244560229288793
AMZN,calibrated_random_forest,2,2022-02-11,0,1,0.4182924789475275,0.4182924789475275,0.349925355668927,0.0683671232786005
AMZN,calibrated_random_forest,2,2022-02-14,-1,1,0.43334086316046755,0.43334086316046755,0.3325501131983183,0.10079074996214926
AMZN,calibrated_random_forest,2,2022-02-15,-1,1,0.4395282013322408,0.4395282013322408,0.3152313774686727,0.1242968238635681
AMZN,calibrated_random_forest,2,2022-02-16,-1,1,0.42605847073355313,0.42605847073355313,0.32051001720019995,0.10554845353335318
AMZN,calibrated_random_forest,2,2022-02-17,0,1,0.4272502631179856,0.4272502631179856,0.3262170217167266,0.10103324140125897
AMZN,calibrated_random_forest,2,2022-02-18,0,1,0.47717511077108193,0.47717511077108193,0.2821336603837776,0.19504145038730436
AMZN,calibrated_random_forest,2,2022-02-22,0,1,0.46100452890782445,0.46100452890782445,0.3048466772609361,0.15615785164688833
AMZN,calibrated_random_forest,2,2022-02-23,1,1,0.4437009417485383,0.4437009417485383,0.316690999296557,0.12700994245198133
AMZN,calibrated_random_forest,2,2022-02-24,-1,1,0.4909335481042156,0.4909335481042156,0.25926483725873034,0.23166871084548524
AMZN,calibrated_random_forest,2,2022-02-25,-1,1,0.4800723420727564,0.4800723420727564,0.27168864242100726,0.20838369965174913
AMZN,calibrated_random_forest,2,2022-02-28,-1,1,0.48749987025619895,0.48749987025619895,0.2727336375237874,0.21476623273241158
AMZN,calibrated_random_forest,2,2022-03-01,-1,1,0.5019537137256102,0.5019537137256102,0.2748578744502977,0.22709583927531246
AMZN,calibrated_random_forest,2,2022-03-02,-1,1,0.5039974173443437,0.5039974173443437,0.2610437694963917,0.24295364784795198
AMZN,calibrated_random_forest,2,2022-03-03,0,1,0.41182601106535127,0.41182601106535127,0.3551773322591692,0.05664867880618207
AMZN,calibrated_random_forest,2,2022-03-04,0,1,0.42490758218084407,0.42490758218084407,0.32725587011089036,0.09765171206995371
AMZN,calibrated_random_forest,2,2022-03-07,1,1,0.5733108612375214,0.5733108612375214,0.2249048249219785,0.3484060363155429
AMZN,calibrated_random_forest,2,2022-03-08,1,1,0.5849741751281473,0.5849741751281473,0.21656857128482612,0.3684056038433212
AMZN,calibrated_random_forest,2,2022-03-09,1,1,0.5637683758791524,0.5637683758791524,0.22920976323779882,0.33455861264135356
AMZN,calibrated_random_forest,2,2022-03-10,1,1,0.5052760316627655,0.5052760316627655,0.28149194925612875,0.22378408240663672
AMZN,calibrated_random_forest,2,2022-03-11,1,1,0.5100376879780901,0.5100376879780901,0.2730110450708498,0.23702664290724035
AMZN,calibrated_random_forest,2,2022-03-14,1,1,0.4491186521161025,0.4491186521161025,0.30829718952059904,0.1408214625955035
AMZN,calibrated_random_forest,2,2022-03-15,1,1,0.4805298810239809,0.4805298810239809,0.2918377141005063,0.18869216692347462
AMZN,calibrated_random_forest,2,2022-03-16,1,1,0.4215648510274228,0.4215648510274228,0.3173881990988359,0.10417665192858688
AMZN,calibrated_random_forest,2,2022-03-17,1,1,0.41077523344320443,0.41077523344320443,0.3162884137454624,0.09448681969774203
AMZN,calibrated_random_forest,2,2022-03-18,1,1,0.38221284507066655,0.38221284507066655,0.3104368887211726,0.07177595634949396
AMZN,calibrated_random_forest,2,2022-03-21,1,1,0.4364344215527638,0.4364344215527638,0.3098413555531739,0.12659306599958992
AMZN,calibrated_random_forest,2,2022-03-22,1,1,0.3789563419626219,0.3789563419626219,0.33466183040139014,0.044294511561231764
AMZN,calibrated_random_forest,2,2022-03-23,0,1,0.4324914287442139,0.4324914287442139,0.31549977492443265,0.11699165381978127
AMZN,calibrated_random_forest,2,2022-03-24,0,1,0.44181589895850487,0.44181589895850487,0.31675637477594965,0.12505952418255523
AMZN,calibrated_random_forest,2,2022-03-25,0,1,0.44609572719944146,0.44609572719944146,0.31396370734723134,0.13213201985221013
AMZN,calibrated_random_forest,2,2022-03-28,0,1,0.3647706516955818,0.3647706516955818,0.3604315940044471,0.00433905769113474
AMZN,calibrated_random_forest,2,2022-03-29,-1,0,0.36916598828012326,0.3580177604624956,0.3580177604624956,0.011148227817627643
AMZN,calibrated_random_forest,2,2022-03-30,-1,1,0.40522027176862113,0.40522027176862113,0.3455012289884219,0.05971904278019924
AMZN,calibrated_random_forest,2,2022-03-31,-1,1,0.4267927707469697,0.4267927707469697,0.3148753005536457,0.11191747019332399
AMZN,calibrated_random_forest,2,2022-04-01,-1,1,0.42371969297749984,0.42371969297749984,0.32462792150618086,0.09909177147131898
AMZN,calibrated_random_forest,2,2022-04-04,-1,1,0.4149082639007955,0.4149082639007955,0.29604617198415334,0.11886209191664215
AMZN,calibrated_random_forest,2,2022-04-05,-1,1,0.43283653809404554,0.43283653809404554,0.2975030029804006,0.13533353511364493
AMZN,calibrated_random_forest,2,2022-04-06,-1,1,0.4475493903623869,0.4475493903623869,0.2769527045413307,0.1705966858210562
AMZN,calibrated_random_forest,2,2022-04-07,-1,1,0.5103489950371699,0.5103489950371699,0.2508321742257144,0.2595168208114555
AMZN,calibrated_random_forest,2,2022-04-08,0,1,0.445712792988544,0.445712792988544,0.3046758606639451,0.1410369323245989
AMZN,calibrated_random_forest,2,2022-04-11,1,1,0.43489008807171153,0.43489008807171153,0.30563470276998017,0.12925538530173136
AMZN,calibrated_random_forest,2,2022-04-12,1,1,0.46415288582397024,0.46415288582397024,0.2873525972611941,0.17680028856277613
AMZN,calibrated_random_forest,2,2022-04-13,-1,1,0.4609045046354185,0.4609045046354185,0.29805495240691754,0.16284955222850095
AMZN,calibrated_random_forest,2,2022-04-14,-1,1,0.42949747606194383,0.42949747606194383,0.32378110763741824,0.10571636842452559
AMZN,calibrated_random_forest,2,2022-04-18,-1,1,0.46839810975902463,0.46839810975902463,0.30141764856971553,0.1669804611893091
AMZN,calibrated_random_forest,2,2022-04-19,-1,1,0.47591432367613384,0.47591432367613384,0.2729618941021122,0.20295242957402165
AMZN,calibrated_random_forest,2,2022-04-20,-1,1,0.48039911419722364,0.48039911419722364,0.27614920248888813,0.2042499117083355
AMZN,calibrated_random_forest,2,2022-04-21,-1,1,0.506108074748303,0.506108074748303,0.2574579622567279,0.2486501124915751
AMZN,calibrated_random_forest,2,2022-04-22,-1,1,0.5416233493626247,0.5416233493626247,0.23504739937775324,0.3065759499848715
AMZN,calibrated_random_forest,2,2022-04-25,-1,1,0.5310864941922009,0.5310864941922009,0.24432785794795228,0.2867586362442486
AMZN,calibrated_random_forest,2,2022-04-26,-1,1,0.5791399272961283,0.5791399272961283,0.21748552615138492,0.36165440114474334
AMZN,calibrated_random_forest,2,2022-04-27,-1,1,0.5891699193568843,0.5891699193568843,0.21191449423323705,0.3772554251236473
AMZN,calibrated_random_forest,2,2022-04-28,-1,1,0.5135760193690752,0.5135760193690752,0.2645385527172978,0.24903746665177734
AMZN,calibrated_random_forest,2,2022-04-29,-1,1,0.6172943864904398,0.6172943864904398,0.19588720522295108,0.42140718126748866
AMZN,calibrated_random_forest,2,2022-05-02,-1,1,0.6232888237143914,0.6232888237143914,0.19372297831961807,0.4295658453947734
AMZN,calibrated_random_forest,2,2022-05-03,-1,1,0.6197857099486179,0.6197857099486179,0.19543380312779837,0.4243519068208196
AMZN,calibrated_random_forest,2,2022-05-04,-1,1,0.601044104924812,0.601044104924812,0.20310671672855993,0.397937388196252
AMZN,calibrated_random_forest,2,2022-05-05,-1,1,0.6164356733828064,0.6164356733828064,0.19621360152306547,0.4202220718597409
AMZN,calibrated_random_forest,2,2022-05-06,0,1,0.6205423717380051,0.6205423717380051,0.19387736781022924,0.42666500392777584
AMZN,calibrated_random_forest,2,2022-05-09,0,1,0.6173049207132832,0.6173049207132832,0.19670802322901434,0.4205968974842689
AMZN,calibrated_random_forest,2,2022-05-10,1,1,0.627574633744335,0.627574633744335,0.19381187868544092,0.43376275505889406
AMZN,calibrated_random_forest,2,2022-05-11,0,1,0.6179539322999296,0.6179539322999296,0.19619047152640534,0.4217634607735242
AMZN,calibrated_random_forest,2,2022-05-12,0,1,0.6188534726675893,0.6188534726675893,0.19490922951454867,0.4239442431530406
AMZN,calibrated_random_forest,2,2022-05-13,-1,1,0.602763869058176,0.602763869058176,0.20300953524095924,0.3997543338172168
AMZN,calibrated_random_forest,2,2022-05-16,-1,1,0.5981376718822231,0.5981376718822231,0.20150881008396557,0.3966288617982575
AMZN,calibrated_random_forest,2,2022-05-17,-1,1,0.596625782867985,0.596625782867985,0.20431120278639472,0.39231458008159026
AMZN,calibrated_random_forest,2,2022-05-18,0,1,0.6052737615136047,0.6052737615136047,0.19848044167890014,0.40679331983470457
AMZN,calibrated_random_forest,2,2022-05-19,1,1,0.5982449596836216,0.5982449596836216,0.20338107901924163,0.39486388066437994
AMZN,calibrated_random_forest,2,2022-05-20,1,1,0.600198466037971,0.600198466037971,0.2080990210301368,0.3920994450078342
AMZN,calibrated_random_forest,2,2022-05-23,1,1,0.5838186012166255,0.5838186012166255,0.2164530800627347,0.3673655211538909
AMZN,calibrated_random_forest,2,2022-05-24,1,1,0.5855756925655226,0.5855756925655226,0.21442724149653977,0.37114845106898275
AMZN,calibrated_random_forest,2,2022-05-25,1,1,0.5786571361745249,0.5786571361745249,0.21731208894250967,0.3613450472320152
AMZN,calibrated_random_forest,2,2022-05-26,1,1,0.5509774444532604,0.5509774444532604,0.24474863359259866,0.30622881086066167
AMZN,calibrated_random_forest,2,2022-05-27,1,1,0.491305378667479,0.491305378667479,0.28613554134009567,0.2051698373273833
AMZN,calibrated_random_forest,2,2022-05-31,1,1,0.42046911851307317,0.42046911851307317,0.3348311632851318,0.08563795522794138
AMZN,calibrated_random_forest,2,2022-06-01,0,1,0.43895377655898554,0.43895377655898554,0.3208119836006482,0.11814179295833732
AMZN,calibrated_random_forest,2,2022-06-02,-1,1,0.44706951097446934,0.44706951097446934,0.28494649790924687,0.16212301306522248
AMZN,calibrated_random_forest,2,2022-06-03,-1,1,0.46661463593740987,0.46661463593740987,0.26863017690221086,0.197984459035199
AMZN,calibrated_random_forest,2,2022-06-06,-1,1,0.43391204437782066,0.43391204437782066,0.290968626080069,0.14294341829775165
AMZN,calibrated_random_forest,2,2022-06-07,-1,1,0.43234715017745207,0.43234715017745207,0.3056098773268212,0.12673727285063086
AMZN,calibrated_random_forest,2,2022-06-08,-1,1,0.45501280458262733,0.45501280458262733,0.27776328985683824,0.1772495147257891
AMZN,calibrated_random_forest,2,2022-06-09,-1,1,0.4156766888203955,0.4156766888203955,0.33031170306682167,0.08536498575357382
AMZN,calibrated_random_forest,2,2022-06-10,-1,1,0.4588948378410629,0.4588948378410629,0.31215945777562615,0.14673538006543674
AMZN,calibrated_random_forest,2,2022-06-13,1,1,0.5494132953117695,0.5494132953117695,0.23613434291148647,0.31327895240028303
AMZN,calibrated_random_forest,2,2022-06-14,1,1,0.5758256726879801,0.5758256726879801,0.2157897276118063,0.36003594507617387
AMZN,calibrated_random_forest,2,2022-06-15,1,1,0.5154726127652814,0.5154726127652814,0.26211809716443596,0.2533545156008455
AMZN,calibrated_random_forest,2,2022-06-16,1,1,0.5464498130417742,0.5464498130417742,0.22986255987232873,0.31658725316944547
AMZN,calibrated_random_forest,2,2022-06-17,1,1,0.5188265527946818,0.5188265527946818,0.25680952190481793,0.2620170308898639
AMZN,calibrated_random_forest,2,2022-06-21,0,1,0.5041745918903798,0.5041745918903798,0.262518508269973,0.2416560836204068
AMZN,calibrated_random_forest,2,2022-06-22,0,1,0.4903085995411846,0.4903085995411846,0.2698429081334484,0.2204656914077362
AMZN,calibrated_random_forest,2,2022-06-23,-1,1,0.4942111647931397,0.4942111647931397,0.25934046048312737,0.23487070431001233
AMZN,calibrated_random_forest,2,2022-06-24,-1,1,0.453072737221532,0.453072737221532,0.2810579503923842,0.17201478682914784
AMZN,calibrated_random_forest,2,2022-06-27,0,1,0.42359959649965456,0.42359959649965456,0.32903323569328147,0.0945663608063731
AMZN,calibrated_random_forest,2,2022-06-28,1,1,0.39716690477871563,0.39716690477871563,0.37135188333845665,0.02581502144025899
AMZN,calibrated_random_forest,2,2022-06-29,1,1,0.4463664486754164,0.4463664486754164,0.3324270578382593,0.1139393908371571
AMZN,calibrated_random_forest,2,2022-06-30,1,1,0.4571064800665184,0.4571064800665184,0.3211227327252864,0.13598374734123198
AMZN,calibrated_random_forest,2,2022-07-01,0,1,0.5063295180064635,0.5063295180064635,0.27787365544983533,0.2284558625566282
AMZN,calibrated_random_forest,2,2022-07-05,-1,1,0.4414383256862234,0.4414383256862234,0.3277375729224808,0.11370075276374259
AMZN,calibrated_random_forest,2,2022-07-06,-1,1,0.4624355306211087,0.4624355306211087,0.2964584913600721,0.16597703926103663
AMZN,calibrated_random_forest,2,2022-07-07,-1,1,0.4280219443176139,0.4280219443176139,0.3066741592875047,0.12134778503010923
AMZN,calibrated_random_forest,2,2022-07-08,0,1,0.4610364660109549,0.4610364660109549,0.2842839609217008,0.1767525050892541
AMZN,calibrated_random_forest,2,2022-07-11,0,1,0.4315272716404286,0.4315272716404286,0.3192960228196649,0.11223124882076368
AMZN,calibrated_random_forest,2,2022-07-12,1,1,0.442751286591543,0.442751286591543,0.3376371911805954,0.10511409541094763
AMZN,calibrated_random_forest,2,2022-07-13,1,1,0.46624245648826407,0.46624245648826407,0.2873730095269151,0.178869446961349
AMZN,calibrated_random_forest,2,2022-07-14,1,1,0.4830788692470162,0.4830788692470162,0.2785504208954917,0.2045284483515245
AMZN,calibrated_random_forest,2,2022-07-15,1,1,0.4366132682040338,0.4366132682040338,0.29991187675044106,0.13670139145359272
AMZN,calibrated_random_forest,2,2022-07-18,1,1,0.4765952794644816,0.4765952794644816,0.26815390852456966,0.20844137093991194
AMZN,calibrated_random_forest,2,2022-07-19,-1,1,0.39422095085043907,0.39422095085043907,0.3046267322166703,0.08959421863376876
AMZN,calibrated_random_forest,2,2022-07-20,0,1,0.38409447062826874,0.38409447062826874,0.3286574862598928,0.05543698436837596
AMZN,calibrated_random_forest,2,2022-07-21,0,1,0.39733160433860526,0.39733160433860526,0.32275913080169716,0.0745724735369081
AMZN,calibrated_random_forest,2,2022-07-22,1,1,0.4428346498728444,0.4428346498728444,0.30876043138857817,0.1340742184842662
AMZN,calibrated_random_forest,2,2022-07-25,1,1,0.45212585211947426,0.45212585211947426,0.3132083644788837,0.13891748764059053
AMZN,calibrated_random_forest,2,2022-07-26,1,1,0.45668376453548043,0.45668376453548043,0.28734837929226936,0.16933538524321107
AMZN,calibrated_random_forest,2,2022-07-27,1,1,0.40781697187370886,0.40781697187370886,0.3007931596505677,0.10702381222314117
AMZN,calibrated_random_forest,2,2022-07-28,1,1,0.4029415714616628,0.4029415714616628,0.31198223692472493,0.09095933453693789
AMZN,calibrated_random_forest,2,2022-07-29,1,1,0.3769932086139638,0.3769932086139638,0.32673494399615527,0.050258264617808524
AMZN,calibrated_random_forest,2,2022-08-01,1,1,0.40761160277472147,0.40761160277472147,0.30876971877022696,0.0988418840044945
AMZN,calibrated_random_forest,2,2022-08-02,1,1,0.39628810695699546,0.39628810695699546,0.3225162832515806,0.07377182370541485
AMZN,calibrated_random_forest,2,2022-08-03,1,1,0.3707350636212605,0.3707350636212605,0.3300457621496618,0.040689301471598716
AMZN,calibrated_random_forest,2,2022-08-04,0,1,0.3917493715582336,0.3917493715582336,0.3207108314010018,0.07103854015723177
AMZN,calibrated_random_forest,2,2022-08-05,0,1,0.3842763136789226,0.3842763136789226,0.3286025705720866,0.05567374310683604
AMZN,calibrated_random_forest,2,2022-08-08,1,1,0.38665280382796247,0.38665280382796247,0.3205967369050091,0.06605606692295335
AMZN,calibrated_random_forest,2,2022-08-09,1,1,0.3752445119421184,0.3752445119421184,0.3365965842869847,0.038647927655133696
AMZN,calibrated_random_forest,2,2022-08-10,0,1,0.358878156364687,0.358878156364687,0.33338254228532155,0.02549561407936546
AMZN,calibrated_random_forest,2,2022-08-11,0,1,0.384060615508929,0.384060615508929,0.3132997585528054,0.07076085695612361
AMZN,calibrated_random_forest,2,2022-08-12,-1,1,0.35985500104663143,0.35985500104663143,0.3388078315781285,0.021047169468502935
AMZN,calibrated_random_forest,2,2022-08-15,-1,1,0.38752518600004965,0.38752518600004965,0.337430809686379,0.05009437631367064
AMZN,calibrated_random_forest,2,2022-08-16,-1,1,0.3633938153796335,0.3633938153796335,0.3567937741739971,0.006600041205636398
AMZN,calibrated_random_forest,2,2022-08-17,-1,1,0.3951453892106161,0.3951453892106161,0.33088950605022266,0.06425588316039343
AMZN,calibrated_random_forest,2,2022-08-18,-1,1,0.3927138145173866,0.3927138145173866,0.3409885578178175,0.05172525669956907
AMZN,calibrated_random_forest,2,2022-08-19,-1,1,0.39016364854577207,0.39016364854577207,0.3185871555534265,0.07157649299234559
AMZN,calibrated_random_forest,2,2022-08-22,-1,1,0.4200803380559986,0.4200803380559986,0.3095457371765784,0.11053460087942019
AMZN,calibrated_random_forest,2,2022-08-23,-1,1,0.4430311845920478,0.4430311845920478,0.2821730854795112,0.16085809911253662
AMZN,calibrated_random_forest,2,2022-08-24,-1,1,0.43148130617114794,0.43148130617114794,0.2879281298203716,0.14355317635077636
AMZN,calibrated_random_forest,2,2022-08-25,-1,1,0.42719176381307505,0.42719176381307505,0.2919651172768474,0.13522664653622768
AMZN,calibrated_random_forest,2,2022-08-26,-1,1,0.42297615692222307,0.42297615692222307,0.3246131695594223,0.09836298736280075
AMZN,calibrated_random_forest,2,2022-08-29,-1,1,0.4480313662642866,0.4480313662642866,0.30361011882930383,0.14442124743498275
AMZN,calibrated_random_forest,2,2022-08-30,0,1,0.45465765424218435,0.45465765424218435,0.29852800606680624,0.1561296481753781
AMZN,calibrated_random_forest,2,2022-08-31,1,1,0.4998189413862433,0.4998189413862433,0.2540130515364432,0.24580588984980006
AMZN,calibrated_random_forest,2,2022-09-01,1,1,0.5072112845546302,0.5072112845546302,0.2479027136311763,0.25930857092345383
AMZN,calibrated_random_forest,2,2022-09-02,1,1,0.48374782337841005,0.48374782337841005,0.2703971358168853,0.21335068756152475
AMZN,calibrated_random_forest,2,2022-09-06,0,1,0.4834032805256879,0.4834032805256879,0.2746511446440596,0.20875213588162828
AMZN,calibrated_random_forest,2,2022-09-07,0,1,0.46625035564790984,0.46625035564790984,0.30469266982676446,0.16155768582114538
AMZN,calibrated_random_forest,2,2022-09-08,-1,1,0.5292860605776947,0.5292860605776947,0.24622115188818525,0.2830649086895094
AMZN,calibrated_random_forest,2,2022-09-09,-1,1,0.45776952514238983,0.45776952514238983,0.2990231229706548,0.15874640217173502
AMZN,calibrated_random_forest,2,2022-09-12,-1,1,0.42774575141399884,0.42774575141399884,0.30683861243741933,0.12090713897657951
AMZN,calibrated_random_forest,2,2022-09-13,-1,1,0.4476897023383522,0.4476897023383522,0.31431756319354315,0.13337213914480905
AMZN,calibrated_random_forest,2,2022-09-14,-1,1,0.4886428782034003,0.4886428782034003,0.2787458693946911,0.2098970088087092
AMZN,calibrated_random_forest,2,2022-09-15,-1,1,0.4192454295942973,0.4192454295942973,0.3501990664884443,0.06904636310585299
AMZN,calibrated_random_forest,2,2022-09-16,-1,1,0.45729236853829675,0.45729236853829675,0.30519140801245437,0.15210096052584238
AMZN,calibrated_random_forest,2,2022-09-19,-1,1,0.44874210228284245,0.44874210228284245,0.31191209466893005,0.1368300076139124
AMZN,calibrated_random_forest,2,2022-09-20,-1,1,0.3997646131649069,0.3997646131649069,0.3590288464588017,0.040735766706105236
AMZN,calibrated_random_forest,2,2022-09-21,0,1,0.515892090008584,0.515892090008584,0.2496089824246793,0.2662831075839047
AMZN,calibrated_random_forest,2,2022-09-22,-1,1,0.550543266317909,0.550543266317909,0.2272491408708326,0.32329412544707636
AMZN,calibrated_random_forest,2,2022-09-23,0,1,0.5862361494615141,0.5862361494615141,0.2084446021357714,0.3777915473257427
AMZN,calibrated_random_forest,2,2022-09-26,0,1,0.5810169048112025,0.5810169048112025,0.21355049051105812,0.3674664143001444
AMZN,calibrated_random_forest,2,2022-09-27,1,1,0.5602646021804006,0.5602646021804006,0.22167720380307196,0.33858739837732865
AMZN,calibrated_random_forest,2,2022-09-28,1,1,0.5099167545483575,0.5099167545483575,0.262668550724724,0.2472482038236335
AMZN,calibrated_random_forest,2,2022-09-29,1,1,0.5212257648670668,0.5212257648670668,0.25204677583620355,0.2691789890308633
AMZN,calibrated_random_forest,2,2022-09-30,0,1,0.5486466044860343,0.5486466044860343,0.22982627675104306,0.31882032773499125
AMZN,calibrated_random_forest,2,2022-10-03,0,1,0.5281833222220736,0.5281833222220736,0.24642144431085286,0.28176187791122076
AMZN,calibrated_random_forest,2,2022-10-04,-1,1,0.5201729994139558,0.5201729994139558,0.2591835323163774,0.26098946709757836
AMZN,calibrated_random_forest,2,2022-10-05,-1,1,0.5293601369007347,0.5293601369007347,0.25259567385204895,0.27676446304868574
AMZN,calibrated_random_forest,2,2022-10-06,-1,1,0.540151613653927,0.540151613653927,0.2456768401034266,0.29447477355050045
AMZN,calibrated_random_forest,2,2022-10-07,-1,1,0.48902573641746,0.48902573641746,0.27757035285508386,0.21145538356237614
AMZN,calibrated_random_forest,2,2022-10-10,0,1,0.5173052442339094,0.5173052442339094,0.27074967952891543,0.246555564704994
AMZN,calibrated_random_forest,2,2022-10-11,1,1,0.4938889199935271,0.4938889199935271,0.2805798182151203,0.21330910177840678
AMZN,calibrated_random_forest,2,2022-10-12,0,1,0.532816142635819,0.532816142635819,0.2504462210963233,0.2823699215394957
AMZN,calibrated_random_forest,2,2022-10-13,1,1,0.5190021630215925,0.5190021630215925,0.2560884862619213,0.2629136767596712
AMZN,calibrated_random_forest,2,2022-10-14,1,1,0.581191750354798,0.581191750354798,0.21717968688007172,0.36401206347472626
AMZN,calibrated_random_forest,2,2022-10-17,1,1,0.49655082758805963,0.49655082758805963,0.2831714927188584,0.21337933486920124
AMZN,calibrated_random_forest,2,2022-10-18,1,1,0.4917325119429501,0.4917325119429501,0.28339058629273783,0.20834192565021226
AMZN,calibrated_random_forest,2,2022-10-19,0,1,0.4821485440065647,0.4821485440065647,0.2910278835401876,0.1911206604663771
AMZN,calibrated_random_forest,2,2022-10-20,-1,1,0.49517774550808724,0.49517774550808724,0.2833260626533873,0.21185168285469996
AMZN,calibrated_random_forest,2,2022-10-21,-1,1,0.43074751691407737,0.43074751691407737,0.3052138644820091,0.12553365243206827
AMZN,calibrated_random_forest,2,2022-10-24,-1,1,0.42299677888408227,0.42299677888408227,0.3150411163800248,0.10795566250405747
AMZN,calibrated_random_forest,2,2022-10-25,-1,1,0.4173127702547868,0.4173127702547868,0.3077876717731973,0.10952509848158948
AMZN,calibrated_random_forest,2,2022-10-26,-1,1,0.4251214503603827,0.4251214503603827,0.33369546280736045,0.09142598755302223
AMZN,calibrated_random_forest,2,2022-10-27,-1,1,0.42018974729960495,0.42018974729960495,0.3472877072103883,0.07290204008921664
AMZN,calibrated_random_forest,2,2022-10-28,-1,1,0.5540574757270491,0.5540574757270491,0.23666770350535046,0.3173897722216986
AMZN,calibrated_random_forest,2,2022-10-31,-1,1,0.590846414301936,0.590846414301936,0.21403042352943247,0.3768159907725035
AMZN,calibrated_random_forest,2,2022-11-01,-1,1,0.6087632341882361,0.6087632341882361,0.2024996096830427,0.4062636245051934
AMZN,calibrated_random_forest,2,2022-11-02,-1,1,0.6094209372871252,0.6094209372871252,0.20251102427681744,0.40690991301030777
AMZN,calibrated_random_forest,3,2022-11-03,1,1,0.5137836243849645,0.5137836243849645,0.33460817073093985,0.17917545365402465
AMZN,calibrated_random_forest,3,2022-11-04,1,1,0.5123016538317802,0.5123016538317802,0.3333778143049677,0.17892383952681246
AMZN,calibrated_random_forest,3,2022-11-07,1,1,0.5062932793645195,0.5062932793645195,0.333089690082167,0.17320358928235252
AMZN,calibrated_random_forest,3,2022-11-08,1,1,0.5012506323082467,0.5012506323082467,0.3327292176584275,0.16852141464981923
AMZN,calibrated_random_forest,3,2022-11-09,1,1,0.5059603725264116,0.5059603725264116,0.3337532302543969,0.17220714227201467
AMZN,calibrated_random_forest,3,2022-11-10,0,1,0.48515897567554434,0.48515897567554434,0.34281650373196365,0.14234247194358068
AMZN,calibrated_random_forest,3,2022-11-11,-1,1,0.4161747419118062,0.4161747419118062,0.3708524774598437,0.045322264451962524
AMZN,calibrated_random_forest,3,2022-11-14,-1,1,0.45509887769327895,0.45509887769327895,0.3540191808782302,0.10107969681504875
AMZN,calibrated_random_forest,3,2022-11-15,-1,1,0.4541957962571524,0.4541957962571524,0.3512290127476332,0.10296678350951921
AMZN,calibrated_random_forest,3,2022-11-16,-1,1,0.44826760761410256,0.44826760761410256,0.3557127363401345,0.09255487127396805
AMZN,calibrated_random_forest,3,2022-11-17,0,1,0.4539901691849047,0.4539901691849047,0.36408315062711843,0.08990701855778627
AMZN,calibrated_random_forest,3,2022-11-18,0,1,0.46154219493700577,0.46154219493700577,0.36141391877578194,0.10012827616122383
AMZN,calibrated_random_forest,3,2022-11-21,0,1,0.45675582845798385,0.45675582845798385,0.3672808171587863,0.08947501129919755
AMZN,calibrated_random_forest,3,2022-11-22,1,1,0.4571604265127663,0.4571604265127663,0.34961070983668724,0.10754971667607904
AMZN,calibrated_random_forest,3,2022-11-23,0,1,0.456619163491115,0.456619163491115,0.34543747936576535,0.11118168412534962
AMZN,calibrated_random_forest,3,2022-11-25,0,1,0.4435226179183874,0.4435226179183874,0.3351999986170571,0.10832261930133025
AMZN,calibrated_random_forest,3,2022-11-28,-1,1,0.4298280731077638,0.4298280731077638,0.3396693743286559,0.09015869877910787
AMZN,calibrated_random_forest,3,2022-11-29,-1,1,0.4241195755174974,0.4241195755174974,0.34566431066521996,0.07845526485227744
AMZN,calibrated_random_forest,3,2022-11-30,-1,1,0.3968717714212265,0.3968717714212265,0.3429470630742011,0.053924708347025396
AMZN,calibrated_random_forest,3,2022-12-01,-1,1,0.41513370832186564,0.41513370832186564,0.33969506967098767,0.07543863865087796
AMZN,calibrated_random_forest,3,2022-12-02,-1,1,0.4003725306065396,0.4003725306065396,0.34335871670589163,0.05701381390064797
AMZN,calibrated_random_forest,3,2022-12-05,0,1,0.4118073503776836,0.4118073503776836,0.38303866381240725,0.02876868656527637
AMZN,calibrated_random_forest,3,2022-12-06,1,1,0.43152079821983474,0.43152079821983474,0.3700339047031294,0.06148689351670533
AMZN,calibrated_random_forest,3,2022-12-07,1,1,0.4302214525072825,0.4302214525072825,0.37488221289829066,0.05533923960899184
AMZN,calibrated_random_forest,3,2022-12-08,-1,1,0.3956244802568576,0.3956244802568576,0.3887375857243273,0.006886894532530274
AMZN,calibrated_random_forest,3,2022-12-09,0,1,0.3905829468586924,0.3905829468586924,0.35344929983337003,0.03713364702532235
AMZN,calibrated_random_forest,3,2022-12-12,-1,1,0.42599866263848246,0.42599866263848246,0.35691210947498564,0.06908655316349682
AMZN,calibrated_random_forest,3,2022-12-13,-1,1,0.4039354864582833,0.4039354864582833,0.3550322681859403,0.04890321827234301
AMZN,calibrated_random_forest,3,2022-12-14,-1,1,0.4161520099092968,0.4161520099092968,0.34495364117234356,0.07119836873695323
AMZN,calibrated_random_forest,3,2022-12-15,-1,1,0.4078684572717257,0.4078684572717257,0.37040490683365923,0.037463550438066484
AMZN,calibrated_random_forest,3,2022-12-16,-1,1,0.41043457284752743,0.41043457284752743,0.3853996705765011,0.025034902271026338
AMZN,calibrated_random_forest,3,2022-12-19,-1,1,0.4642554402488555,0.4642554402488555,0.3485881131324467,0.11566732711640881
AMZN,calibrated_random_forest,3,2022-12-20,-1,1,0.4422686091258998,0.4422686091258998,0.3663427420960159,0.07592586702988391
AMZN,calibrated_random_forest,3,2022-12-21,-1,1,0.413065228392193,0.413065228392193,0.39667834684169434,0.016386881550498666
AMZN,calibrated_random_forest,3,2022-12-22,0,1,0.44939994651253495,0.44939994651253495,0.34755447635424047,0.10184547015829448
AMZN,calibrated_random_forest,3,2022-12-23,0,1,0.4133329757649784,0.4133329757649784,0.37482978110338827,0.038503194661590134
AMZN,calibrated_random_forest,3,2022-12-27,1,1,0.4623571619251043,0.4623571619251043,0.3453254719790353,0.117031689946069
AMZN,calibrated_random_forest,3,2022-12-28,0,1,0.4750238766464457,0.4750238766464457,0.33705999160550376,0.13796388504094192
AMZN,calibrated_random_forest,3,2022-12-29,1,1,0.452034070075127,0.452034070075127,0.36524137814283447,0.08679269193229255
AMZN,calibrated_random_forest,3,2022-12-30,1,1,0.44036819599261,0.44036819599261,0.3580598603017988,0.0823083356908112
AMZN,calibrated_random_forest,3,2023-01-03,1,1,0.41763360994084886,0.41763360994084886,0.3873945334359135,0.030239076504935347
AMZN,calibrated_random_forest,3,2023-01-04,1,1,0.43315631781911845,0.43315631781911845,0.3727890648551722,0.06036725296394624
AMZN,calibrated_random_forest,3,2023-01-05,1,-1,0.40444635960827746,0.40069975494706994,0.40069975494706994,0.00374660466120752
AMZN,calibrated_random_forest,3,2023-01-06,1,1,0.428340802958944,0.428340802958944,0.36467222109506126,0.06366858186388274
AMZN,calibrated_random_forest,3,2023-01-09,1,1,0.4060970083842012,0.4060970083842012,0.3982142659478387,0.0078827424363625
AMZN,calibrated_random_forest,3,2023-01-10,1,1,0.3928926353595717,0.3928926353595717,0.38020025216054737,0.012692383199024326
AMZN,calibrated_random_forest,3,2023-01-11,0,1,0.38237087313638085,0.38237087313638085,0.38158163461251177,0.0007892385238690847
AMZN,calibrated_random_forest,3,2023-01-12,1,1,0.39767316074958314,0.39767316074958314,0.3604864593069934,0.03718670144258973
AMZN,calibrated_random_forest,3,2023-01-13,0,1,0.3957091625351594,0.3957091625351594,0.35151690496224813,0.04419225757291129
AMZN,calibrated_random_forest,3,2023-01-17,0,1,0.4157586606951618,0.4157586606951618,0.3566340320643802,0.059124628630781606
AMZN,calibrated_random_forest,3,2023-01-18,0,1,0.41422760142663684,0.41422760142663684,0.3649933359625967,0.04923426546404014
AMZN,calibrated_random_forest,3,2023-01-19,1,1,0.420039656305496,0.420039656305496,0.3634287708997342,0.05661088540576181
AMZN,calibrated_random_forest,3,2023-01-20,1,1,0.39152822107911184,0.39152822107911184,0.35909821647611134,0.032430004603000495
AMZN,calibrated_random_forest,3,2023-01-23,1,1,0.39447296315238684,0.39447296315238684,0.3663280019864216,0.02814496116596521
AMZN,calibrated_random_forest,3,2023-01-24,1,1,0.39170403164329876,0.39170403164329876,0.34693779787005213,0.04476623377324662
AMZN,calibrated_random_forest,3,2023-01-25,1,1,0.407972632205359,0.407972632205359,0.3524004408386336,0.05557219136672542
AMZN,calibrated_random_forest,3,2023-01-26,1,1,0.40942348803492673,0.40942348803492673,0.367592285350304,0.041831202684622704
AMZN,calibrated_random_forest,3,2023-01-27,0,1,0.3949713321783652,0.3949713321783652,0.3623070726931326,0.032664259485232605
AMZN,calibrated_random_forest,3,2023-01-30,0,1,0.4326344675669312,0.4326344675669312,0.3587099454656146,0.07392452210131661
AMZN,calibrated_random_forest,3,2023-01-31,0,1,0.38849830705982136,0.38849830705982136,0.37327244391502434,0.015225863144797014
AMZN,calibrated_random_forest,3,2023-02-01,-1,1,0.38903256903157063,0.38903256903157063,0.36879948817125713,0.0202330808603135
AMZN,calibrated_random_forest,3,2023-02-02,-1,1,0.3794791867760303,0.3794791867760303,0.3682993403678501,0.011179846408180205
AMZN,calibrated_random_forest,3,2023-02-03,-1,1,0.42311192746037624,0.42311192746037624,0.36583086249483293,0.057281064965543305
AMZN,calibrated_random_forest,3,2023-02-06,-1,1,0.424765547747964,0.424765547747964,0.36549565229873143,0.05926989544923256
AMZN,calibrated_random_forest,3,2023-02-07,-1,1,0.4114209382794873,0.4114209382794873,0.36708273009251835,0.04433820818696893
AMZN,calibrated_random_forest,3,2023-02-08,0,1,0.43180939391308404,0.43180939391308404,0.3656320165829032,0.06617737733018086
AMZN,calibrated_random_forest,3,2023-02-09,0,1,0.4224758582454231,0.4224758582454231,0.3833589924536868,0.03911686579173629
AMZN,calibrated_random_forest,3,2023-02-10,0,1,0.41041809570150417,0.41041809570150417,0.3857758090330541,0.024642286668450086
AMZN,calibrated_random_forest,3,2023-02-13,-1,1,0.41918524969924453,0.41918524969924453,0.3604212512575434,0.05876399844170116
AMZN,calibrated_random_forest,3,2023-02-14,-1,1,0.42322263191931575,0.42322263191931575,0.37851941942505624,0.044703212494259514
AMZN,calibrated_random_forest,3,2023-02-15,-1,1,0.41899963503322635,0.41899963503322635,0.36318015331921405,0.0558194817140123
AMZN,calibrated_random_forest,3,2023-02-16,-1,1,0.42052744531249125,0.42052744531249125,0.3795930309678543,0.04093441434463696
AMZN,calibrated_random_forest,3,2023-02-17,-1,-1,0.4025756871186501,0.38637722564050353,0.38637722564050353,0.016198461478146575
AMZN,calibrated_random_forest,3,2023-02-21,0,-1,0.4054019248144182,0.36213704877165637,0.36213704877165637,0.04326487604276186
AMZN,calibrated_random_forest,3,2023-02-22,-1,-1,0.40955997631410485,0.38484223249016486,0.38484223249016486,0.024717743823939986
AMZN,calibrated_random_forest,3,2023-02-23,-1,-1,0.4030457651643807,0.3912306591383823,0.3912306591383823,0.01181510602599839
AMZN,calibrated_random_forest,3,2023-02-24,0,-1,0.398104261969173,0.3596402178293136,0.3596402178293136,0.03846404413985938
AMZN,calibrated_random_forest,3,2023-02-27,0,1,0.40399225676077366,0.40399225676077366,0.3865876037292793,0.017404653031494355
AMZN,calibrated_random_forest,3,2023-02-28,0,-1,0.37639149078577727,0.3720266713373848,0.3720266713373848,0.004364819448392454
AMZN,calibrated_random_forest,3,2023-03-01,0,1,0.4043104910945048,0.4043104910945048,0.3662588697375872,0.038051621356917587
AMZN,calibrated_random_forest,3,2023-03-02,0,1,0.4175704146426155,0.4175704146426155,0.36112416210002346,0.05644625254259206
AMZN,calibrated_random_forest,3,2023-03-03,-1,1,0.4443498065738511,0.4443498065738511,0.34817538304002454,0.09617442353382655
AMZN,calibrated_random_forest,3,2023-03-06,0,1,0.39825253007727285,0.39825253007727285,0.36547140162420994,0.03278112845306291
AMZN,calibrated_random_forest,3,2023-03-07,0,1,0.4044010807602847,0.4044010807602847,0.37196992059149897,0.03243116016878572
AMZN,calibrated_random_forest,3,2023-03-08,1,1,0.42487595559014174,0.42487595559014174,0.35985605907135215,0.06501989651878959
AMZN,calibrated_random_forest,3,2023-03-09,1,-1,0.42319394709577507,0.38564828258946554,0.38564828258946554,0.03754566450630953
AMZN,calibrated_random_forest,3,2023-03-10,1,-1,0.4293233116104019,0.38382421285439844,0.38382421285439844,0.04549909875600344
AMZN,calibrated_random_forest,3,2023-03-13,1,-1,0.41937510234902503,0.3902853478455286,0.3902853478455286,0.029089754503496434
AMZN,calibrated_random_forest,3,2023-03-14,1,1,0.4096003833758152,0.4096003833758152,0.3911597214845694,0.018440661891245824
AMZN,calibrated_random_forest,3,2023-03-15,1,1,0.39733388004120324,0.39733388004120324,0.3852464768421476,0.012087403199055657
AMZN,calibrated_random_forest,3,2023-03-16,0,1,0.39900707229580795,0.39900707229580795,0.37744894268050483,0.021558129615303123
AMZN,calibrated_random_forest,3,2023-03-17,0,1,0.43297301258558846,0.43297301258558846,0.37198918305810463,0.060983829527483824
AMZN,calibrated_random_forest,3,2023-03-20,0,1,0.44268404783971427,0.44268404783971427,0.3498183051374526,0.09286574270226167
AMZN,calibrated_random_forest,3,2023-03-21,-1,1,0.4065876788389054,0.4065876788389054,0.3602799498386137,0.046307729000291675
AMZN,calibrated_random_forest,3,2023-03-22,0,1,0.4506584381122656,0.4506584381122656,0.356124049175613,0.09453438893665256
AMZN,calibrated_random_forest,3,2023-03-23,1,1,0.4151867091030678,0.4151867091030678,0.38294693654361983,0.03223977255944799
AMZN,calibrated_random_forest,3,2023-03-24,1,1,0.4137998627094119,0.4137998627094119,0.36045270606445046,0.053347156644961424
AMZN,calibrated_random_forest,3,2023-03-27,1,1,0.4254833605189378,0.4254833605189378,0.3669461018890365,0.058537258629901334
AMZN,calibrated_random_forest,3,2023-03-28,1,1,0.4235910260986738,0.4235910260986738,0.3541500436394753,0.0694409824591985
AMZN,calibrated_random_forest,3,2023-03-29,0,1,0.39559578359706293,0.39559578359706293,0.38805906679793667,0.007536716799126264
AMZN,calibrated_random_forest,3,2023-03-30,0,-1,0.3844533965570212,0.3823911150687563,0.3823911150687563,0.0020622814882649276
AMZN,calibrated_random_forest,3,2023-03-31,0,1,0.3924997259870415,0.3924997259870415,0.3484568068376657,0.0440429191493758
AMZN,calibrated_random_forest,3,2023-04-03,-1,1,0.40315866204011414,0.40315866204011414,0.34319092809264795,0.059967733947466184
AMZN,calibrated_random_forest,3,2023-04-04,-1,1,0.37008690154451784,0.37008690154451784,0.3471542412634818,0.02293266028103602
AMZN,calibrated_random_forest,3,2023-04-05,0,1,0.4187359894881342,0.4187359894881342,0.36225459469968,0.05648139478845415
AMZN,calibrated_random_forest,3,2023-04-06,0,1,0.4132254811116353,0.4132254811116353,0.3596591802966573,0.05356630081497804
AMZN,calibrated_random_forest,3,2023-04-10,0,1,0.4179844866149594,0.4179844866149594,0.3567330055211826,0.061251481093776816
AMZN,calibrated_random_forest,3,2023-04-11,1,1,0.39371023244749814,0.39371023244749814,0.3652801011567089,0.02843013129078925
AMZN,calibrated_random_forest,3,2023-04-12,1,1,0.4272394932366919,0.4272394932366919,0.3818597616162473,0.04537973162044462
AMZN,calibrated_random_forest,3,2023-04-13,0,1,0.400892254907252,0.400892254907252,0.35121611103120043,0.04967614387605157
AMZN,calibrated_random_forest,3,2023-04-14,1,1,0.4400815157848144,0.4400815157848144,0.35098977871747716,0.08909173706733725
AMZN,calibrated_random_forest,3,2023-04-17,1,1,0.4240959743127999,0.4240959743127999,0.36170919995286216,0.062386774359937724
AMZN,calibrated_random_forest,3,2023-04-18,0,1,0.43795646921212655,0.43795646921212655,0.3527706316709591,0.08518583754116743
AMZN,calibrated_random_forest,3,2023-04-19,0,1,0.4024150499235546,0.4024150499235546,0.3507927978859351,0.0516222520376195
AMZN,calibrated_random_forest,3,2023-04-20,1,1,0.4403889128861871,0.4403889128861871,0.35211110862025463,0.08827780426593246
AMZN,calibrated_random_forest,3,2023-04-21,0,-1,0.3750871207181726,0.3627396775288589,0.3627396775288589,0.01234744318931369
AMZN,calibrated_random_forest,3,2023-04-24,-1,1,0.4257989603753196,0.4257989603753196,0.340562249395666,0.08523671097965363
AMZN,calibrated_random_forest,3,2023-04-25,0,1,0.4179843790237081,0.4179843790237081,0.3779465600669339,0.04003781895677422
AMZN,calibrated_random_forest,3,2023-04-26,0,1,0.39236405829217497,0.39236405829217497,0.38452489878740553,0.007839159504769433
AMZN,calibrated_random_forest,3,2023-04-27,-1,-1,0.37585512426393636,0.37022452284786705,0.37022452284786705,0.005630601416069303
AMZN,calibrated_random_forest,3,2023-04-28,0,1,0.42347589607902353,0.42347589607902353,0.35614797841963997,0.06732791765938356
AMZN,calibrated_random_forest,3,2023-05-01,1,1,0.4120467918147213,0.4120467918147213,0.3892802656680108,0.022766526146710486
AMZN,calibrated_random_forest,3,2023-05-02,1,1,0.4269668781430067,0.4269668781430067,0.37890261758542465,0.04806426055758206
AMZN,calibrated_random_forest,3,2023-05-03,1,1,0.4234915548687797,0.4234915548687797,0.3767458400049713,0.04674571486380841
AMZN,calibrated_random_forest,3,2023-05-04,1,1,0.4077654811490368,0.4077654811490368,0.3853128257821797,0.022452655366857144
AMZN,calibrated_random_forest,3,2023-05-05,1,1,0.41774025445338747,0.41774025445338747,0.3634921010607827,0.05424815339260475
AMZN,calibrated_random_forest,3,2023-05-08,1,1,0.4385463393116351,0.4385463393116351,0.36184597657139034,0.07670036274024478
AMZN,calibrated_random_forest,3,2023-05-09,1,1,0.44512762275796486,0.44512762275796486,0.3525928825296558,0.09253474022830904
AMZN,calibrated_random_forest,3,2023-05-10,1,-1,0.37767250147295267,0.3705424992620679,0.3705424992620679,0.007130002210884778
AMZN,calibrated_random_forest,3,2023-05-11,1,1,0.3801953704602936,0.3801953704602936,0.3667284605946841,0.0134669098656095
AMZN,calibrated_random_forest,3,2023-05-12,1,1,0.42139388865511823,0.42139388865511823,0.35412807528212786,0.06726581337299037
AMZN,calibrated_random_forest,3,2023-05-15,1,1,0.3866654519812094,0.3866654519812094,0.3526271671923744,0.03403828478883497
AMZN,calibrated_random_forest,3,2023-05-16,0,1,0.38892398958117086,0.38892398958117086,0.3511830627235346,0.03774092685763625
AMZN,calibrated_random_forest,3,2023-05-17,0,-1,0.39568751743429315,0.359998508156355,0.359998508156355,0.035689009277938166
AMZN,calibrated_random_forest,3,2023-05-18,-1,-1,0.3844565717635943,0.35403806855781594,0.35403806855781594,0.03041850320577838
AMZN,calibrated_random_forest,3,2023-05-19,1,1,0.40074715661248855,0.40074715661248855,0.35293177423176386,0.04781538238072469
AMZN,calibrated_random_forest,3,2023-05-22,1,1,0.3929925821372518,0.3929925821372518,0.35366159103953915,0.03933099109771265
AMZN,calibrated_random_forest,3,2023-05-23,1,1,0.4185814448863598,0.4185814448863598,0.35576656737467105,0.06281487751168874
AMZN,calibrated_random_forest,3,2023-05-24,1,1,0.383885720703465,0.383885720703465,0.37684046508627184,0.007045255617193158
AMZN,calibrated_random_forest,3,2023-05-25,1,1,0.40245237451061194,0.40245237451061194,0.35758933551995026,0.044863038990661686
AMZN,calibrated_random_forest,3,2023-05-26,1,-1,0.37830606305951847,0.37752807695331314,0.37752807695331314,0.0007779861062053306
AMZN,calibrated_random_forest,3,2023-05-30,1,1,0.3891505333125966,0.3891505333125966,0.3726521125284617,0.016498420784134882
AMZN,calibrated_random_forest,3,2023-05-31,0,1,0.40585549998724374,0.40585549998724374,0.36317569031287555,0.042679809674368185
AMZN,calibrated_random_forest,3,2023-06-01,0,1,0.40743145504632644,0.40743145504632644,0.36235954238898804,0.0450719126573384
AMZN,calibrated_random_forest,3,2023-06-02,0,1,0.3899077450092072,0.3899077450092072,0.3813206556011115,0.008587089408095716
AMZN,calibrated_random_forest,3,2023-06-05,0,1,0.3952316638975752,0.3952316638975752,0.3686321779938971,0.02659948590367811
AMZN,calibrated_random_forest,3,2023-06-06,0,1,0.38055114820645947,0.38055114820645947,0.3726746000528561,0.007876548153603391
AMZN,calibrated_random_forest,3,2023-06-07,1,1,0.411722153082324,0.411722153082324,0.36739221640122866,0.04432993668109536
AMZN,calibrated_random_forest,3,2023-06-08,1,1,0.3857232488358098,0.3857232488358098,0.370855134121975,0.014868114713834757
AMZN,calibrated_random_forest,3,2023-06-09,0,1,0.4047928303403807,0.4047928303403807,0.3529539894031822,0.05183884093719854
AMZN,calibrated_random_forest,3,2023-06-12,0,-1,0.37091377369517814,0.3651561124944442,0.3651561124944442,0.0057576612007339545
AMZN,calibrated_random_forest,3,2023-06-13,0,1,0.38862980742160264,0.38862980742160264,0.379780566763211,0.008849240658391655
AMZN,calibrated_random_forest,3,2023-06-14,1,1,0.38378669894752654,0.38378669894752654,0.360215484234042,0.023571214713484556
AMZN,calibrated_random_forest,3,2023-06-15,0,1,0.39981912270906955,0.39981912270906955,0.35489218490835367,0.04492693780071588
AMZN,calibrated_random_forest,3,2023-06-16,0,1,0.42272321634826193,0.42272321634826193,0.33063775069035467,0.09208546565790726
AMZN,calibrated_random_forest,3,2023-06-20,1,1,0.44049191292227735,0.44049191292227735,0.3466369858206466,0.09385492710163074
AMZN,calibrated_random_forest,3,2023-06-21,1,1,0.42544959405411165,0.42544959405411165,0.3467282585216072,0.07872133553250443
AMZN,calibrated_random_forest,3,2023-06-22,0,-1,0.3589501149719278,0.3487652976206248,0.3487652976206248,0.010184817351303
AMZN,calibrated_random_forest,3,2023-06-23,0,1,0.3891126462865571,0.3891126462865571,0.3668969397837018,0.022215706502855315
AMZN,calibrated_random_forest,3,2023-06-26,1,1,0.4262030329082353,0.4262030329082353,0.3587092041834565,0.06749382872477883
AMZN,calibrated_random_forest,3,2023-06-27,0,1,0.4423605894912835,0.4423605894912835,0.35344146567419443,0.08891912381708905
AMZN,calibrated_random_forest,3,2023-06-28,0,1,0.4516061292840738,0.4516061292840738,0.34576918961634845,0.10583693966772534
AMZN,calibrated_random_forest,3,2023-06-29,0,1,0.4323055609994173,0.4323055609994173,0.3374890330355092,0.0948165279639081
AMZN,calibrated_random_forest,3,2023-06-30,-1,1,0.427610195919137,0.427610195919137,0.3633889998003655,0.06422119611877153
AMZN,calibrated_random_forest,3,2023-07-03,0,1,0.4503769460238171,0.4503769460238171,0.3409378156893231,0.10943913033449404
AMZN,calibrated_random_forest,3,2023-07-05,0,1,0.43992258074346635,0.43992258074346635,0.34966528882982556,0.09025729191364079
AMZN,calibrated_random_forest,3,2023-07-06,1,1,0.40336757084738056,0.40336757084738056,0.33622223219458874,0.06714533865279182
AMZN,calibrated_random_forest,3,2023-07-07,1,1,0.4412460071854451,0.4412460071854451,0.3462255805055871,0.095020426679858
AMZN,calibrated_random_forest,3,2023-07-10,1,1,0.4123816941793658,0.4123816941793658,0.3795730570293833,0.0328086371499825
AMZN,calibrated_random_forest,3,2023-07-11,1,1,0.4399171192941087,0.4399171192941087,0.3533949760282318,0.08652214326587693
AMZN,calibrated_random_forest,3,2023-07-12,1,1,0.4117968223627793,0.4117968223627793,0.3593749123204652,0.05242191004231411
AMZN,calibrated_random_forest,3,2023-07-13,-1,-1,0.3760814429760247,0.3580561850851392,0.3580561850851392,0.018025257890885493
AMZN,calibrated_random_forest,3,2023-07-14,-1,1,0.3825375973523122,0.3825375973523122,0.3421291929510651,0.0404084044012471
AMZN,calibrated_random_forest,3,2023-07-17,-1,1,0.42021280171074143,0.42021280171074143,0.3405263259398072,0.07968647577093424
AMZN,calibrated_random_forest,3,2023-07-18,-1,1,0.42789327467843785,0.42789327467843785,0.3350545261372833,0.09283874854115454
AMZN,calibrated_random_forest,3,2023-07-19,-1,1,0.38469746330338755,0.38469746330338755,0.3423159599138876,0.042381503389499975
AMZN,calibrated_random_forest,3,2023-07-20,0,1,0.42131952776740417,0.42131952776740417,0.3706499659534807,0.05066956181392346
AMZN,calibrated_random_forest,3,2023-07-21,0,1,0.4126841329940225,0.4126841329940225,0.3443401601175122,0.06834397287651034
AMZN,calibrated_random_forest,3,2023-07-24,1,1,0.4106974902807239,0.4106974902807239,0.34062405011197994,0.07007344016874395
AMZN,calibrated_random_forest,3,2023-07-25,0,1,0.4316667009970745,0.4316667009970745,0.327365447498385,0.10430125349868952
AMZN,calibrated_random_forest,3,2023-07-26,0,1,0.3803671692640053,0.3803671692640053,0.351792200774109,0.028574968489896324
AMZN,calibrated_random_forest,3,2023-07-27,0,1,0.40236386170243255,0.40236386170243255,0.3601701972174723,0.04219366448496026
AMZN,calibrated_random_forest,3,2023-07-28,1,1,0.3879503095120236,0.3879503095120236,0.3622870342464006,0.02566327526562301
AMZN,calibrated_random_forest,3,2023-07-31,1,1,0.42575229536419773,0.42575229536419773,0.3579269462841969,0.06782534908000082
AMZN,calibrated_random_forest,3,2023-08-01,1,1,0.40288608178198343,0.40288608178198343,0.34608199553645463,0.056804086245528795
AMZN,calibrated_random_forest,3,2023-08-02,1,1,0.4016006473660923,0.4016006473660923,0.3927761467074689,0.008824500658623391
AMZN,calibrated_random_forest,3,2023-08-03,1,1,0.43579880547696553,0.43579880547696553,0.35750914205741413,0.0782896634195514
AMZN,calibrated_random_forest,3,2023-08-04,0,-1,0.3868259483688253,0.38173823607145385,0.38173823607145385,0.005087712297371427
AMZN,calibrated_random_forest,3,2023-08-07,0,1,0.3891584722911439,0.3891584722911439,0.37546125044628065,0.013697221844863272
AMZN,calibrated_random_forest,3,2023-08-08,0,1,0.3977446568819803,0.3977446568819803,0.3624959538117296,0.035248703070250686
AMZN,calibrated_random_forest,3,2023-08-09,-1,1,0.4086317529213131,0.4086317529213131,0.36715643782598467,0.041475315095328424
AMZN,calibrated_random_forest,3,2023-08-10,-1,1,0.3889791025125732,0.3889791025125732,0.37326281333560923,0.015716289176963993
AMZN,calibrated_random_forest,3,2023-08-11,-1,1,0.4014842895327139,0.4014842895327139,0.3758452237590358,0.025639065773678138
AMZN,calibrated_random_forest,3,2023-08-14,-1,1,0.39548936193601847,0.39548936193601847,0.37435105581658834,0.021138306119430128
AMZN,calibrated_random_forest,3,2023-08-15,-1,1,0.4171938177073875,0.4171938177073875,0.3867424024424782,0.0304514152649093
AMZN,calibrated_random_forest,3,2023-08-16,0,1,0.39316815355775514,0.39316815355775514,0.3883361631809168,0.0048319903768383465
AMZN,calibrated_random_forest,3,2023-08-17,0,1,0.4083987310614987,0.4083987310614987,0.3974959073441253,0.010902823717373389
AMZN,calibrated_random_forest,3,2023-08-18,0,1,0.40587545369777217,0.40587545369777217,0.39271072423518766,0.013164729462584512
AMZN,calibrated_random_forest,3,2023-08-21,0,1,0.41447777299405364,0.41447777299405364,0.3727251695144327,0.04175260347962095
AMZN,calibrated_random_forest,3,2023-08-22,0,1,0.4205918465739182,0.4205918465739182,0.37406917446524873,0.04652267210866945
AMZN,calibrated_random_forest,3,2023-08-23,0,1,0.4185320949042621,0.4185320949042621,0.36732681845530846,0.05120527644895362
AMZN,calibrated_random_forest,3,2023-08-24,1,-1,0.4146658224322987,0.39985513069734147,0.39985513069734147,0.014810691734957249
AMZN,calibrated_random_forest,3,2023-08-25,1,1,0.40766723333192134,0.40766723333192134,0.3853503117096842,0.02231692162223714
AMZN,calibrated_random_forest,3,2023-08-28,1,1,0.41187727251165546,0.41187727251165546,0.3743917270913583,0.03748554542029714
AMZN,calibrated_random_forest,3,2023-08-29,0,1,0.42510737427703793,0.42510737427703793,0.3601936455376579,0.06491372873938
AMZN,calibrated_random_forest,3,2023-08-30,1,1,0.43998568196553617,0.43998568196553617,0.3570503154346191,0.08293536653091704
AMZN,calibrated_random_forest,3,2023-08-31,0,1,0.3891333953852368,0.3891333953852368,0.35861536609292394,0.030518029292312843
AMZN,calibrated_random_forest,3,2023-09-01,1,1,0.4045334169550067,0.4045334169550067,0.38213594331586126,0.02239747363914546
AMZN,calibrated_random_forest,3,2023-09-05,1,1,0.41569343948426196,0.41569343948426196,0.3671610392553264,0.04853240022893557
AMZN,calibrated_random_forest,3,2023-09-06,1,1,0.3935482940975226,0.3935482940975226,0.38864221510405317,0.004906078993469454
AMZN,calibrated_random_forest,3,2023-09-07,1,1,0.4056489317820491,0.4056489317820491,0.36347453564389026,0.04217439613815882
AMZN,calibrated_random_forest,3,2023-09-08,0,1,0.4064631035192394,0.4064631035192394,0.3624404715459038,0.04402263197333561
AMZN,calibrated_random_forest,3,2023-09-11,-1,1,0.35163597590638546,0.35163597590638546,0.3487200156956687,0.0029159602107167726
AMZN,calibrated_random_forest,3,2023-09-12,-1,1,0.4002225480076151,0.4002225480076151,0.34201424844079087,0.05820829956682422
AMZN,calibrated_random_forest,3,2023-09-13,-1,1,0.3571977266952402,0.3571977266952402,0.34597535489620374,0.011222371799036457
AMZN,calibrated_random_forest,3,2023-09-14,-1,1,0.4040268703068075,0.4040268703068075,0.3459275632219383,0.05809930708486921
AMZN,calibrated_random_forest,3,2023-09-15,-1,1,0.41728994829081656,0.41728994829081656,0.36683529583712,0.05045465245369657
AMZN,calibrated_random_forest,3,2023-09-18,-1,1,0.43659142400467665,0.43659142400467665,0.3534336477644107,0.08315777624026593
AMZN,calibrated_random_forest,3,2023-09-19,-1,1,0.41876968110109325,0.41876968110109325,0.38382488532949427,0.03494479577159898
AMZN,calibrated_random_forest,3,2023-09-20,-1,1,0.4239612966001642,0.4239612966001642,0.3903567832290615,0.03360451337110271
AMZN,calibrated_random_forest,3,2023-09-21,-1,-1,0.3932454651714816,0.38885825408632185,0.38885825408632185,0.00438721108515977
AMZN,calibrated_random_forest,3,2023-09-22,0,-1,0.40851531710645944,0.3864320397870254,0.3864320397870254,0.022083277319434047
AMZN,calibrated_random_forest,3,2023-09-25,0,-1,0.4221652891633398,0.3778617453558817,0.3778617453558817,0.0443035438074581
AMZN,calibrated_random_forest,3,2023-09-26,0,1,0.42006011586747366,0.42006011586747366,0.3552351411824201,0.06482497468505355
AMZN,calibrated_random_forest,3,2023-09-27,0,1,0.4383656543559677,0.4383656543559677,0.35347317390945526,0.08489248044651243
AMZN,calibrated_random_forest,3,2023-09-28,0,1,0.43412750934209376,0.43412750934209376,0.3516695691040532,0.08245794023804054
AMZN,calibrated_random_forest,3,2023-09-29,0,1,0.40640500414631836,0.40640500414631836,0.3811679813007764,0.025237022845541968
AMZN,calibrated_random_forest,3,2023-10-02,0,-1,0.4136626588768038,0.3925456507481732,0.3925456507481732,0.0211170081286306
AMZN,calibrated_random_forest,3,2023-10-03,1,1,0.43455371318555347,0.43455371318555347,0.344694901410421,0.0898588117751325
AMZN,calibrated_random_forest,3,2023-10-04,1,1,0.41002865156958634,0.41002865156958634,0.3995080492981839,0.010520602271402446
AMZN,calibrated_random_forest,3,2023-10-05,1,1,0.405552366926955,0.405552366926955,0.38705898657813065,0.018493380348824362
AMZN,calibrated_random_forest,3,2023-10-06,0,1,0.3961861355023181,0.3961861355023181,0.38718366776886154,0.009002467733456587
AMZN,calibrated_random_forest,3,2023-10-09,1,1,0.43495659420487137,0.43495659420487137,0.3600993488453487,0.07485724535952265
AMZN,calibrated_random_forest,3,2023-10-10,0,1,0.42679576542114234,0.42679576542114234,0.3518042154317968,0.07499154998934554
AMZN,calibrated_random_forest,3,2023-10-11,-1,1,0.4023878138617218,0.4023878138617218,0.35740449527591617,0.04498331858580562
AMZN,calibrated_random_forest,3,2023-10-12,-1,1,0.40475000778736825,0.40475000778736825,0.3578320801061088,0.046917927681259464
AMZN,calibrated_random_forest,3,2023-10-13,-1,1,0.43753078074423035,0.43753078074423035,0.3580166525418546,0.07951412820237574
AMZN,calibrated_random_forest,3,2023-10-16,-1,1,0.41478915357645957,0.41478915357645957,0.3628343471292587,0.05195480644720085
AMZN,calibrated_random_forest,3,2023-10-17,-1,1,0.3967090883207683,0.3967090883207683,0.37022185148347325,0.026487236837295036
AMZN,calibrated_random_forest,3,2023-10-18,-1,1,0.42151158687461976,0.42151158687461976,0.3849121376962632,0.03659944917835656
AMZN,calibrated_random_forest,3,2023-10-19,-1,1,0.42416055555176113,0.42416055555176113,0.3932353712894785,0.030925184262282635
AMZN,calibrated_random_forest,3,2023-10-20,1,-1,0.41855306686329813,0.40446255872456566,0.40446255872456566,0.014090508138732472
AMZN,calibrated_random_forest,3,2023-10-23,1,1,0.4197323957333344,0.4197323957333344,0.40041026459249474,0.019322131140839638
AMZN,calibrated_random_forest,3,2023-10-24,1,1,0.4149791307826723,0.4149791307826723,0.3890776525866537,0.025901478196018568
AMZN,calibrated_random_forest,3,2023-10-25,1,1,0.41287092953374765,0.41287092953374765,0.38841018970544794,0.024460739828299716
AMZN,calibrated_random_forest,3,2023-10-26,1,1,0.4255246967662474,0.4255246967662474,0.3806595003888744,0.04486519637737296
AMZN,calibrated_random_forest,3,2023-10-27,1,1,0.42623858422530586,0.42623858422530586,0.3931167741063699,0.033121810118935946
AMZN,calibrated_random_forest,3,2023-10-30,1,1,0.40529933901249815,0.40529933901249815,0.39088314910966965,0.014416189902828502
AMZN,calibrated_random_forest,3,2023-10-31,1,1,0.41869885897894094,0.41869885897894094,0.3738684929022276,0.04483036607671331
AMZN,calibrated_random_forest,3,2023-11-01,1,1,0.3888487469304236,0.3888487469304236,0.3797247718651506,0.009123975065273016
AMZN,calibrated_random_forest,3,2023-11-02,0,1,0.39290099248944615,0.39290099248944615,0.37642348346212867,0.016477509027317483
AMZN,calibrated_random_forest,3,2023-11-03,1,1,0.3759626995155365,0.3759626995155365,0.3643610651150311,0.011601634400505434
AMZN,calibrated_random_forest,3,2023-11-06,1,1,0.37093101986348387,0.37093101986348387,0.3456079788136792,0.02532304104980465
AMZN,calibrated_random_forest,3,2023-11-07,1,-1,0.35871740733136165,0.35594147901981227,0.35594147901981227,0.0027759283115493805
AMZN,calibrated_random_forest,3,2023-11-08,0,1,0.40059446794087955,0.40059446794087955,0.3366934802815063,0.06390098765937324
AMZN,calibrated_random_forest,3,2023-11-09,0,1,0.41931418629734907,0.41931418629734907,0.3396250913242316,0.07968909497311749
AMZN,calibrated_random_forest,3,2023-11-10,0,1,0.3901587672801114,0.3901587672801114,0.3570183109134506,0.0331404563666608
AMZN,calibrated_random_forest,3,2023-11-13,1,1,0.385166438124343,0.385166438124343,0.33797980906888503,0.04718662905545795
AMZN,calibrated_random_forest,3,2023-11-14,0,-1,0.39733039396123093,0.3715600290684651,0.3715600290684651,0.02577036489276585
AMZN,calibrated_random_forest,3,2023-11-15,1,1,0.39593375297715677,0.39593375297715677,0.36384242459456445,0.03209132838259232
AMZN,calibrated_random_forest,3,2023-11-16,1,1,0.40800159393769725,0.40800159393769725,0.3443550959747754,0.06364649796292182
AMZN,calibrated_random_forest,3,2023-11-17,0,1,0.39163047177764815,0.39163047177764815,0.34870487563136227,0.04292559614628588
AMZN,calibrated_random_forest,3,2023-11-20,0,1,0.3979471673604931,0.3979471673604931,0.3441789574568915,0.05376820990360165
AMZN,calibrated_random_forest,3,2023-11-21,0,1,0.39335995602508206,0.39335995602508206,0.3637029918796781,0.029656964145403975
AMZN,calibrated_random_forest,3,2023-11-22,0,1,0.3890974073734295,0.3890974073734295,0.35361777031842595,0.035479637055003566
AMZN,calibrated_random_forest,3,2023-11-24,0,1,0.3959333605594028,0.3959333605594028,0.35035120687826454,0.04558215368113827
AMZN,calibrated_random_forest,3,2023-11-27,0,1,0.3860967662593991,0.3860967662593991,0.3584117741799348,0.027684992079464288
AMZN,calibrated_random_forest,3,2023-11-28,0,1,0.4210801830208228,0.4210801830208228,0.3444623887487877,0.07661779427203508
AMZN,calibrated_random_forest,3,2023-11-29,0,1,0.4240084944988029,0.4240084944988029,0.3447910715623868,0.0792174229364161
AMZN,calibrated_random_forest,3,2023-11-30,0,1,0.4153607692054124,0.4153607692054124,0.3372802141524274,0.07808055505298495
AMZN,calibrated_random_forest,3,2023-12-01,0,1,0.4547070958469906,0.4547070958469906,0.32695181135346574,0.12775528449352486
AMZN,calibrated_random_forest,3,2023-12-04,0,1,0.39655231012432707,0.39655231012432707,0.34837554051319053,0.04817676961113654
AMZN,calibrated_random_forest,3,2023-12-05,0,1,0.4203012821815566,0.4203012821815566,0.3505266596053381,0.06977462257621853
AMZN,calibrated_random_forest,3,2023-12-06,1,1,0.41712823787045306,0.41712823787045306,0.34879722700580107,0.06833101086465199
AMZN,calibrated_random_forest,3,2023-12-07,0,1,0.39355856022842844,0.39355856022842844,0.35242137131858503,0.041137188909843414
AMZN,calibrated_random_forest,3,2023-12-08,0,1,0.43320890484971025,0.43320890484971025,0.34617962872284647,0.08702927612686379
AMZN,calibrated_random_forest,3,2023-12-11,1,1,0.3841962099873531,0.3841962099873531,0.343943179151948,0.0402530308354051
AMZN,calibrated_random_forest,3,2023-12-12,1,1,0.43287723650452065,0.43287723650452065,0.33551360619028614,0.0973636303142345
AMZN,calibrated_random_forest,3,2023-12-13,1,1,0.4311958108296097,0.4311958108296097,0.32438161687313144,0.10681419395647829
AMZN,calibrated_random_forest,3,2023-12-14,1,1,0.41343458636891234,0.41343458636891234,0.33294681403897647,0.08048777232993587
AMZN,calibrated_random_forest,3,2023-12-15,1,1,0.3936713901070042,0.3936713901070042,0.33214659108082417,0.06152479902618002
AMZN,calibrated_random_forest,3,2023-12-18,0,1,0.350245065236749,0.350245065236749,0.3280840760454063,0.022160989191342684
AMZN,calibrated_random_forest,3,2023-12-19,0,1,0.39758981633650775,0.39758981633650775,0.33669261316526766,0.06089720317124009
AMZN,calibrated_random_forest,3,2023-12-20,0,1,0.42841754487388545,0.42841754487388545,0.33292985450613405,0.0954876903677514
AMZN,calibrated_random_forest,3,2023-12-21,0,1,0.4191659879398557,0.4191659879398557,0.33189633457358547,0.08726965336627024
AMZN,calibrated_random_forest,3,2023-12-22,-1,1,0.45269360811484455,0.45269360811484455,0.31655535880482233,0.13613824931002222
AMZN,calibrated_random_forest,3,2023-12-26,-1,1,0.4486475346856551,0.4486475346856551,0.3270941743194629,0.12155336036619219
AMZN,calibrated_random_forest,3,2023-12-27,-1,1,0.447096663037646,0.447096663037646,0.3295549661487928,0.11754169688885319
AMZN,calibrated_random_forest,3,2023-12-28,-1,1,0.4699317372799607,0.4699317372799607,0.32677130927504067,0.14316042800492002
AMZN,calibrated_random_forest,3,2023-12-29,0,1,0.38593119900506156,0.38593119900506156,0.33004520742324667,0.0558859915818149
AMZN,calibrated_random_forest,3,2024-01-02,0,1,0.4195052158219881,0.4195052158219881,0.3529020793688222,0.0666031364531659
AMZN,calibrated_random_forest,3,2024-01-03,1,1,0.40937746230619565,0.40937746230619565,0.37179134310404766,0.037586119202147994
AMZN,calibrated_random_forest,3,2024-01-04,1,-1,0.410561764545517,0.35731552307102393,0.35731552307102393,0.05324624147449308
AMZN,calibrated_random_forest,3,2024-01-05,1,-1,0.41032936972026884,0.3819353671082806,0.3819353671082806,0.028394002611988267
AMZN,calibrated_random_forest,3,2024-01-08,1,1,0.3934387323011084,0.3934387323011084,0.35027646026103615,0.043162272040072225
AMZN,calibrated_random_forest,3,2024-01-09,0,1,0.39016703587399487,0.39016703587399487,0.3658226303338214,0.024344405540173475
AMZN,calibrated_random_forest,3,2024-01-10,0,1,0.39860606912569757,0.39860606912569757,0.37197034528411205,0.026635723841585524
AMZN,calibrated_random_forest,3,2024-01-11,0,1,0.40045630744168803,0.40045630744168803,0.35782821647480256,0.04262809096688547
AMZN,calibrated_random_forest,3,2024-01-12,0,1,0.44348726813047906,0.44348726813047906,0.3553593955054515,0.08812787262502758
AMZN,calibrated_random_forest,3,2024-01-16,0,1,0.4083506956470356,0.4083506956470356,0.34792174780493673,0.060428947842098846
AMZN,calibrated_random_forest,3,2024-01-17,1,1,0.41617088175046896,0.41617088175046896,0.3490100227043145,0.06716085904615443
AMZN,calibrated_random_forest,3,2024-01-18,1,1,0.4331451488477703,0.4331451488477703,0.3518802831479649,0.0812648656998054
AMZN,calibrated_random_forest,3,2024-01-19,1,1,0.39131806696622373,0.39131806696622373,0.3504217588737563,0.040896308092467415
AMZN,calibrated_random_forest,3,2024-01-22,1,1,0.39686464508310665,0.39686464508310665,0.3659064894095238,0.030958155673582843
AMZN,calibrated_random_forest,3,2024-01-23,0,1,0.4087660955512651,0.4087660955512651,0.3488326796830215,0.05993341586824358
AMZN,calibrated_random_forest,3,2024-01-24,0,1,0.4110017333291487,0.4110017333291487,0.3436922859375713,0.0673094473915774
AMZN,calibrated_random_forest,3,2024-01-25,0,1,0.414464434202108,0.414464434202108,0.3245858840415831,0.08987855016052487
AMZN,calibrated_random_forest,3,2024-01-26,1,1,0.36668462379569894,0.36668462379569894,0.32195794679314355,0.04472667700255539
AMZN,calibrated_random_forest,3,2024-01-29,1,1,0.36203727271143604,0.36203727271143604,0.32479923373137454,0.037238038980061505
AMZN,calibrated_random_forest,3,2024-01-30,1,1,0.3860212549871153,0.3860212549871153,0.32680336811689314,0.05921788687022217
AMZN,calibrated_random_forest,3,2024-01-31,1,1,0.41991662111715616,0.41991662111715616,0.36462626946379495,0.055290351653361214
AMZN,calibrated_random_forest,3,2024-02-01,1,1,0.43166222064219334,0.43166222064219334,0.34695948161978346,0.08470273902240988
AMZN,calibrated_random_forest,3,2024-02-02,0,1,0.388949590766768,0.388949590766768,0.3727448666434123,0.016204724123355718
AMZN,calibrated_random_forest,3,2024-02-05,0,1,0.39314459506981475,0.39314459506981475,0.36727125032917596,0.025873344740638793
AMZN,calibrated_random_forest,3,2024-02-06,0,1,0.39251247813987905,0.39251247813987905,0.3632320592807985,0.02928041885908056
AMZN,calibrated_random_forest,3,2024-02-07,0,1,0.37827748984756254,0.37827748984756254,0.33565052967909786,0.04262696016846468
AMZN,calibrated_random_forest,3,2024-02-08,0,1,0.3952402701942936,0.3952402701942936,0.3629570373078855,0.03228323288640811
AMZN,calibrated_random_forest,3,2024-02-09,-1,-1,0.3582322528070141,0.3529100376418251,0.3529100376418251,0.005322215165188993
AMZN,calibrated_random_forest,3,2024-02-12,-1,1,0.391359626339693,0.391359626339693,0.37209574004823276,0.019263886291460253
AMZN,calibrated_random_forest,3,2024-02-13,0,1,0.4190120011023102,0.4190120011023102,0.37087989415307626,0.04813210694923392
AMZN,calibrated_random_forest,3,2024-02-14,1,1,0.39834423797269897,0.39834423797269897,0.35569830285165627,0.0426459351210427
AMZN,calibrated_random_forest,3,2024-02-15,1,1,0.39596178564067563,0.39596178564067563,0.34827164579218955,0.04769013984848608
AMZN,calibrated_random_forest,3,2024-02-16,1,1,0.42088179053630714,0.42088179053630714,0.3614589993787831,0.059422791157524024
AMZN,calibrated_random_forest,3,2024-02-20,1,1,0.4114410893034577,0.4114410893034577,0.35183073730045455,0.05961035200300313
AMZN,calibrated_random_forest,3,2024-02-21,1,1,0.40894121130274425,0.40894121130274425,0.3633420465423555,0.04559916476038872
AMZN,calibrated_random_forest,3,2024-02-22,0,-1,0.38776590007110395,0.3801725472484969,0.3801725472484969,0.007593352822607036
AMZN,calibrated_random_forest,3,2024-02-23,0,1,0.37103830313785285,0.37103830313785285,0.3383588157915714,0.032679487346281455
AMZN,calibrated_random_forest,3,2024-02-26,0,1,0.3981897050408596,0.3981897050408596,0.3527424626115383,0.0454472424293213
AMZN,calibrated_random_forest,3,2024-02-27,0,1,0.44121200266780697,0.44121200266780697,0.32517814424027897,0.116033858427528
AMZN,calibrated_random_forest,3,2024-02-28,0,1,0.41601386643604193,0.41601386643604193,0.31865526162079544,0.0973586048152465
AMZN,calibrated_random_forest,3,2024-02-29,0,1,0.3951621371761143,0.3951621371761143,0.3615788094232113,0.033583327752903014
AMZN,calibrated_random_forest,3,2024-03-01,0,1,0.4047496899510936,0.4047496899510936,0.3615570373482786,0.04319265260281502
AMZN,calibrated_random_forest,3,2024-03-04,-1,1,0.40520555255915913,0.40520555255915913,0.3389317957720213,0.06627375678713782
AMZN,calibrated_random_forest,3,2024-03-05,0,1,0.4272978907152631,0.4272978907152631,0.3483508287915629,0.07894706192370016
AMZN,calibrated_random_forest,3,2024-03-06,0,1,0.4205902094940548,0.4205902094940548,0.343606264726863,0.07698394476719178
AMZN,calibrated_random_forest,3,2024-03-07,0,1,0.4177708498747685,0.4177708498747685,0.3453298527211517,0.07244099715361679
AMZN,calibrated_random_forest,3,2024-03-08,0,1,0.4332326129868999,0.4332326129868999,0.34987988415937127,0.08335272882752864
AMZN,calibrated_random_forest,3,2024-03-11,0,1,0.4061521227788473,0.4061521227788473,0.3591777849518072,0.046974337827040136
AMZN,calibrated_random_forest,3,2024-03-12,0,1,0.4163103038630753,0.4163103038630753,0.3452042521060726,0.07110605175700274
AMZN,calibrated_random_forest,3,2024-03-13,0,1,0.4687555096944815,0.4687555096944815,0.33015216801063135,0.13860334168385013
AMZN,calibrated_random_forest,3,2024-03-14,0,1,0.40314868398008014,0.40314868398008014,0.35523670975835736,0.047911974221722775
AMZN,calibrated_random_forest,3,2024-03-15,1,1,0.4130702949100324,0.4130702949100324,0.3667084023027825,0.04636189260724988
AMZN,calibrated_random_forest,3,2024-03-18,1,1,0.41969717711618104,0.41969717711618104,0.35078301192286493,0.06891416519331611
AMZN,calibrated_random_forest,3,2024-03-19,0,1,0.44868461971817575,0.44868461971817575,0.3498245202366732,0.09886009948150254
AMZN,calibrated_random_forest,3,2024-03-20,0,1,0.43876430498547125,0.43876430498547125,0.34187691306714313,0.09688739191832813
AMZN,calibrated_random_forest,3,2024-03-21,0,1,0.40909066415449474,0.40909066415449474,0.3597613698498609,0.04932929430463384
AMZN,calibrated_random_forest,3,2024-03-22,0,1,0.44937797842428817,0.44937797842428817,0.3459286189975523,0.10344935942673589
AMZN,calibrated_random_forest,3,2024-03-25,0,1,0.4261767635223544,0.4261767635223544,0.33361079254925613,0.09256597097309827
AMZN,calibrated_random_forest,3,2024-03-26,1,1,0.4279565590765488,0.4279565590765488,0.346276929088616,0.08167962998793277
AMZN,calibrated_random_forest,3,2024-03-27,0,1,0.43028056730877856,0.43028056730877856,0.354351053160817,0.07592951414796156
AMZN,calibrated_random_forest,3,2024-03-28,1,1,0.4438199798080698,0.4438199798080698,0.34498097245383325,0.09883900735423656
AMZN,calibrated_random_forest,3,2024-04-01,1,1,0.4297285279536143,0.4297285279536143,0.34670137435612364,0.08302715359749069
AMZN,calibrated_random_forest,3,2024-04-02,1,1,0.41338070172477487,0.41338070172477487,0.3436979622208925,0.06968273950388237
AMZN,calibrated_random_forest,3,2024-04-03,0,1,0.42150483679340006,0.42150483679340006,0.3433887186104418,0.07811611818295827
AMZN,calibrated_random_forest,3,2024-04-04,1,1,0.4111867120537163,0.4111867120537163,0.3570859510257866,0.05410076102792971
AMZN,calibrated_random_forest,3,2024-04-05,0,-1,0.37754612094971357,0.3660114993173165,0.3660114993173165,0.011534621632397046
AMZN,calibrated_random_forest,3,2024-04-08,0,1,0.39459445941307414,0.39459445941307414,0.3677954119104485,0.026799047502625628
AMZN,calibrated_random_forest,3,2024-04-09,0,1,0.38702034998306933,0.38702034998306933,0.37308505278528753,0.013935297197781804
AMZN,calibrated_random_forest,3,2024-04-10,-1,1,0.39648262385244415,0.39648262385244415,0.3559558146649167,0.040526809187527435
AMZN,calibrated_random_forest,3,2024-04-11,-1,1,0.36479127037986636,0.36479127037986636,0.35120106409973045,0.013590206280135908
AMZN,calibrated_random_forest,3,2024-04-12,-1,1,0.4026028159882952,0.4026028159882952,0.36838627192611534,0.03421654406217989
AMZN,calibrated_random_forest,3,2024-04-15,-1,1,0.42602933279592214,0.42602933279592214,0.3733490065450173,0.05268032625090485
AMZN,calibrated_random_forest,3,2024-04-16,-1,1,0.42395350554354766,0.42395350554354766,0.3677566507500802,0.05619685479346748
AMZN,calibrated_random_forest,3,2024-04-17,-1,1,0.4232801792832119,0.4232801792832119,0.3815971653357182,0.041683013947493686
AMZN,calibrated_random_forest,3,2024-04-18,-1,1,0.41907623773051284,0.41907623773051284,0.388469942701132,0.030606295029380837
AMZN,calibrated_random_forest,3,2024-04-19,1,-1,0.4226879771965388,0.3887119012283105,0.3887119012283105,0.03397607596822827
AMZN,calibrated_random_forest,3,2024-04-22,1,1,0.40630182935357734,0.40630182935357734,0.3912876996260846,0.01501412972749272
AMZN,calibrated_random_forest,3,2024-04-23,-1,1,0.42807901840005574,0.42807901840005574,0.36613867796301597,0.061940340437039776
AMZN,calibrated_random_forest,3,2024-04-24,0,1,0.4067503064599247,0.4067503064599247,0.38758644021319427,0.019163866246730443
AMZN,calibrated_random_forest,3,2024-04-25,1,-1,0.40533380491806686,0.39158501461263634,0.39158501461263634,0.013748790305430525
AMZN,calibrated_random_forest,3,2024-04-26,1,1,0.4055883384074194,0.4055883384074194,0.37076375077741003,0.034824587630009396
AMZN,calibrated_random_forest,3,2024-04-29,1,1,0.4168408487067659,0.4168408487067659,0.3679705079192868,0.048870340787479094
AMZN,calibrated_random_forest,3,2024-04-30,1,1,0.4107193493530807,0.4107193493530807,0.3983008656955915,0.01241848365748921
AMZN,calibrated_random_forest,3,2024-05-01,1,1,0.4144977918273292,0.4144977918273292,0.37925136344967747,0.03524642837765174
AMZN,calibrated_random_forest,3,2024-05-02,1,1,0.40408816164725825,0.40408816164725825,0.37240230263395996,0.03168585901329829
AMZN,calibrated_random_forest,3,2024-05-03,0,1,0.41361277193990925,0.41361277193990925,0.3788931959626968,0.034719575977212425
AMZN,calibrated_random_forest,3,2024-05-06,0,1,0.4049625411125224,0.4049625411125224,0.3652993863102539,0.03966315480226851
AMZN,calibrated_random_forest,3,2024-05-07,0,1,0.4243541201166627,0.4243541201166627,0.3539196304327285,0.07043448968393418
AMZN,calibrated_random_forest,3,2024-05-08,0,1,0.4198085093241792,0.4198085093241792,0.3304162061808525,0.08939230314332669
AMZN,calibrated_random_forest,3,2024-05-09,-1,1,0.39475464748617517,0.39475464748617517,0.34656554693089503,0.04818910055528014
AMZN,calibrated_random_forest,3,2024-05-10,0,1,0.41284738508629576,0.41284738508629576,0.34755762030440435,0.06528976478189141
AMZN,calibrated_random_forest,3,2024-05-13,0,1,0.42150989466583094,0.42150989466583094,0.35066009979480595,0.070849794871025
AMZN,calibrated_random_forest,3,2024-05-14,-1,1,0.4023972929142429,0.4023972929142429,0.3598005467062015,0.042596746208041436
AMZN,calibrated_random_forest,3,2024-05-15,0,1,0.4205097996488684,0.4205097996488684,0.3375547780153944,0.08295502163347401
AMZN,calibrated_random_forest,3,2024-05-16,0,1,0.4114558335617418,0.4114558335617418,0.356134809283772,0.05532102427796981
AMZN,calibrated_random_forest,3,2024-05-17,-1,1,0.43075949883863046,0.43075949883863046,0.34300480274283435,0.08775469609579611
AMZN,calibrated_random_forest,3,2024-05-20,0,1,0.4131760880954793,0.4131760880954793,0.35922761285228555,0.05394847524319374
AMZN,calibrated_random_forest,3,2024-05-21,0,1,0.4038857093454309,0.4038857093454309,0.35312035445258694,0.05076535489284395
AMZN,calibrated_random_forest,3,2024-05-22,-1,1,0.41828442218667267,0.41828442218667267,0.3499083803635344,0.06837604182313828
