ticker,model,fold,date,y_true,y_pred,confidence,bullish_probability,second_best_probability,probability_margin
AMZN,logistic_regression,1,2019-10-03,0,1,0.427278467895146,0.427278467895146,0.2909463758436188,0.1363320920515272
AMZN,logistic_regression,1,2019-10-04,0,1,0.460095191424878,0.460095191424878,0.3132998362531918,0.14679535517168618
AMZN,logistic_regression,1,2019-10-07,0,1,0.3928260318060863,0.3928260318060863,0.33151211575271283,0.06131391605337344
AMZN,logistic_regression,1,2019-10-08,1,-1,0.3694263936140585,0.27904408783613305,0.3515295185498085,0.017896875064249973
AMZN,logistic_regression,1,2019-10-09,1,1,0.41124870159528615,0.41124870159528615,0.3183793528992739,0.09286934869601227
AMZN,logistic_regression,1,2019-10-10,1,0,0.39520113154000686,0.32996616310894833,0.32996616310894833,0.06523496843105853
AMZN,logistic_regression,1,2019-10-11,0,1,0.37469538536718294,0.37469538536718294,0.37315333689202435,0.0015420484751585972
AMZN,logistic_regression,1,2019-10-14,1,0,0.39964559190962134,0.33566847661768406,0.33566847661768406,0.06397711529193728
AMZN,logistic_regression,1,2019-10-15,0,0,0.4425495695435913,0.36712940135346794,0.36712940135346794,0.07542016819012337
AMZN,logistic_regression,1,2019-10-16,0,0,0.417768221325591,0.368138323238629,0.368138323238629,0.049629898086962
AMZN,logistic_regression,1,2019-10-17,0,1,0.4441274140887448,0.4441274140887448,0.3706506444898902,0.07347676959885457
AMZN,logistic_regression,1,2019-10-18,0,0,0.4193518227321484,0.34048776258950725,0.34048776258950725,0.07886406014264113
AMZN,logistic_regression,1,2019-10-21,0,1,0.3935603430400197,0.3935603430400197,0.3746077208120778,0.018952622227941862
AMZN,logistic_regression,1,2019-10-22,0,0,0.45503483798325844,0.27255119029453506,0.27255119029453506,0.18248364768872338
AMZN,logistic_regression,1,2019-10-23,0,0,0.4403522969694442,0.30445763214729427,0.30445763214729427,0.13589466482214996
AMZN,logistic_regression,1,2019-10-24,0,0,0.4959946640172734,0.22881384252976436,0.2751914934529622,0.2208031705643112
AMZN,logistic_regression,1,2019-10-25,0,0,0.7122744675673321,0.12598105677452454,0.16174447565814332,0.5505299919091888
AMZN,logistic_regression,1,2019-10-28,0,0,0.46212556665691895,0.2903864885023951,0.2903864885023951,0.17173907815452383
AMZN,logistic_regression,1,2019-10-29,1,1,0.38440722490047224,0.38440722490047224,0.37535989622750326,0.00904732867296898
AMZN,logistic_regression,1,2019-10-30,0,1,0.4364147835881425,0.4364147835881425,0.35677726648780916,0.07963751710033334
AMZN,logistic_regression,1,2019-10-31,0,1,0.41027168579826867,0.41027168579826867,0.3576948250716598,0.05257686072660889
AMZN,logistic_regression,1,2019-11-01,0,1,0.43061181286440425,0.43061181286440425,0.39231146190363986,0.038300350960764395
AMZN,logistic_regression,1,2019-11-04,0,1,0.4640791298712542,0.4640791298712542,0.3644132380561495,0.09966589181510471
AMZN,logistic_regression,1,2019-11-05,0,1,0.49107551644938024,0.49107551644938024,0.3519498431738408,0.13912567327553943
AMZN,logistic_regression,1,2019-11-06,-1,1,0.43175097542721724,0.43175097542721724,0.39331544118031064,0.0384355342469066
AMZN,logistic_regression,1,2019-11-07,0,1,0.4288407413681386,0.4288407413681386,0.40123976611514545,0.027600975252993154
AMZN,logistic_regression,1,2019-11-08,-1,0,0.4319526284205539,0.3843947087274814,0.3843947087274814,0.04755791969307249
AMZN,logistic_regression,1,2019-11-11,0,0,0.4241643376222668,0.3639368061378666,0.3639368061378666,0.06022753148440019
AMZN,logistic_regression,1,2019-11-12,0,0,0.41376641832442934,0.37636214441467913,0.37636214441467913,0.03740427390975021
AMZN,logistic_regression,1,2019-11-13,0,0,0.42779267211883665,0.34385991626197343,0.34385991626197343,0.08393275585686322
AMZN,logistic_regression,1,2019-11-14,0,1,0.38915920908932444,0.38915920908932444,0.37334617526418223,0.01581303382514221
AMZN,logistic_regression,1,2019-11-15,0,0,0.4450244339725778,0.33520521625434596,0.33520521625434596,0.10981921771823183
AMZN,logistic_regression,1,2019-11-18,0,1,0.43198971550802123,0.43198971550802123,0.3580057578330237,0.07398395767499755
AMZN,logistic_regression,1,2019-11-19,1,1,0.4287930998780696,0.4287930998780696,0.35879681551153436,0.06999628436653521
AMZN,logistic_regression,1,2019-11-20,1,0,0.42246956960797494,0.36264785025335955,0.36264785025335955,0.05982171935461539
AMZN,logistic_regression,1,2019-11-21,1,0,0.3880814883517655,0.3653843211604939,0.3653843211604939,0.022697167191271572
AMZN,logistic_regression,1,2019-11-22,1,1,0.3984693648236701,0.3984693648236701,0.39086186820188407,0.0076074966217860585
AMZN,logistic_regression,1,2019-11-25,0,1,0.438770160657837,0.438770160657837,0.3971008079904534,0.04166935266738364
AMZN,logistic_regression,1,2019-11-26,-1,1,0.5045704040400025,0.5045704040400025,0.3600985121299228,0.14447189191007975
AMZN,logistic_regression,1,2019-11-27,-1,1,0.4822150340917873,0.4822150340917873,0.3993117284604428,0.08290330563134446
AMZN,logistic_regression,1,2019-11-29,-1,1,0.4712311696606021,0.4712311696606021,0.3850401259653111,0.08619104369529096
AMZN,logistic_regression,1,2019-12-02,0,0,0.4832697431037644,0.2960946032055715,0.2960946032055715,0.1871751398981929
AMZN,logistic_regression,1,2019-12-03,0,0,0.4269445590271826,0.29304988314162955,0.29304988314162955,0.13389467588555304
AMZN,logistic_regression,1,2019-12-04,0,0,0.37844635393477344,0.3492999958497697,0.3492999958497697,0.029146358085003765
AMZN,logistic_regression,1,2019-12-05,0,0,0.3883378432234555,0.29330426187699465,0.3183578948995498,0.0699799483239057
AMZN,logistic_regression,1,2019-12-06,0,0,0.41605388327689025,0.3098368169234849,0.3098368169234849,0.10621706635340533
AMZN,logistic_regression,1,2019-12-09,0,0,0.41467925402889805,0.2995870077680593,0.2995870077680593,0.11509224626083875
AMZN,logistic_regression,1,2019-12-10,1,0,0.42038529152053933,0.3282820850531444,0.3282820850531444,0.09210320646739495
AMZN,logistic_regression,1,2019-12-11,1,1,0.4004166145892587,0.4004166145892587,0.37613329899030173,0.024283315598956967
AMZN,logistic_regression,1,2019-12-12,0,0,0.42823287929343945,0.4202468083594695,0.4202468083594695,0.007986070933969969
AMZN,logistic_regression,1,2019-12-13,0,1,0.4450712846372449,0.4450712846372449,0.3904432340168543,0.054628050620390556
AMZN,logistic_regression,1,2019-12-16,0,0,0.4639669318738143,0.3971957343148377,0.3971957343148377,0.06677119755897665
AMZN,logistic_regression,1,2019-12-17,0,1,0.4378293973000416,0.4378293973000416,0.4264775349352072,0.01135186236483443
AMZN,logistic_regression,1,2019-12-18,1,1,0.4394436802920488,0.4394436802920488,0.42603139440091,0.013412285891138798
AMZN,logistic_regression,1,2019-12-19,1,0,0.45606252651896906,0.4174339348549497,0.4174339348549497,0.038628591664019385
AMZN,logistic_regression,1,2019-12-20,1,0,0.5028835801749819,0.3697793880314332,0.3697793880314332,0.13310419214354874
AMZN,logistic_regression,1,2019-12-23,1,1,0.4863412489606534,0.4863412489606534,0.38803058193050843,0.09831066703014496
AMZN,logistic_regression,1,2019-12-24,1,1,0.4575562765560523,0.4575562765560523,0.39465749022297736,0.06289878633307494
AMZN,logistic_regression,1,2019-12-26,0,0,0.7115117536913663,0.15993219156800445,0.15993219156800445,0.5515795621233619
AMZN,logistic_regression,1,2019-12-27,0,1,0.5459598627182858,0.5459598627182858,0.33005202004182815,0.21590784267645763
AMZN,logistic_regression,1,2019-12-30,1,1,0.49052594121531046,0.49052594121531046,0.34792131702990015,0.1426046241854103
AMZN,logistic_regression,1,2019-12-31,1,1,0.4739076382396927,0.4739076382396927,0.34922617203255213,0.12468146620714055
AMZN,logistic_regression,1,2020-01-02,0,1,0.4784207188986566,0.4784207188986566,0.3526634510786756,0.12575726781998103
AMZN,logistic_regression,1,2020-01-03,0,0,0.4597058635992735,0.3068375011741456,0.3068375011741456,0.1528683624251279
AMZN,logistic_regression,1,2020-01-06,0,0,0.49795650835050004,0.27472561529923756,0.27472561529923756,0.22323089305126248
AMZN,logistic_regression,1,2020-01-07,0,0,0.4718287285319138,0.2890677075356534,0.2890677075356534,0.1827610209962604
AMZN,logistic_regression,1,2020-01-08,0,0,0.47775730791950255,0.3276123320967136,0.3276123320967136,0.15014497582278896
AMZN,logistic_regression,1,2020-01-09,0,0,0.4392562836675566,0.31957859071706696,0.31957859071706696,0.11967769295048963
AMZN,logistic_regression,1,2020-01-10,0,0,0.41878622166664065,0.3656874347531793,0.3656874347531793,0.05309878691346137
AMZN,logistic_regression,1,2020-01-13,0,0,0.42862623206145756,0.37306910613608185,0.37306910613608185,0.055557125925375705
AMZN,logistic_regression,1,2020-01-14,0,0,0.4986044532640626,0.2591549296735395,0.2591549296735395,0.23944952359052313
AMZN,logistic_regression,1,2020-01-15,0,0,0.47100269837166536,0.2930526437023969,0.2930526437023969,0.17795005466926844
AMZN,logistic_regression,1,2020-01-16,0,1,0.3991971129187927,0.3991971129187927,0.39742555338139285,0.001771559537399825
AMZN,logistic_regression,1,2020-01-17,0,0,0.504037892312226,0.3083076824685801,0.3083076824685801,0.19573020984364586
AMZN,logistic_regression,1,2020-01-21,-1,0,0.462217624482093,0.33377686315402383,0.33377686315402383,0.1284407613280692
AMZN,logistic_regression,1,2020-01-22,0,0,0.46866540253272093,0.3595626773863947,0.3595626773863947,0.10910272514632624
AMZN,logistic_regression,1,2020-01-23,0,0,0.4789316137731846,0.3630057660252638,0.3630057660252638,0.11592584774792081
AMZN,logistic_regression,1,2020-01-24,1,0,0.49191909505512593,0.2676265607047988,0.2676265607047988,0.22429253435032714
AMZN,logistic_regression,1,2020-01-27,1,0,0.43485093079781706,0.23819541359835048,0.3269536556038325,0.10789727519398457
AMZN,logistic_regression,1,2020-01-28,1,1,0.37190264650910215,0.37190264650910215,0.3371075693909996,0.034795077118102535
AMZN,logistic_regression,1,2020-01-29,1,0,0.3572695265390008,0.3520402897849771,0.3520402897849771,0.005229236754023703
AMZN,logistic_regression,1,2020-01-30,1,0,0.5253504404352731,0.24716246710129483,0.24716246710129483,0.27818797333397827
AMZN,logistic_regression,1,2020-01-31,1,-1,0.6548645706444078,0.20875872529622097,0.20875872529622097,0.44610584534818687
AMZN,logistic_regression,1,2020-02-03,1,0,0.4474935927876817,0.28309653729731094,0.28309653729731094,0.16439705549037076
AMZN,logistic_regression,1,2020-02-04,1,0,0.44290472104679607,0.2691908012334514,0.2879044777197524,0.15500024332704365
AMZN,logistic_regression,1,2020-02-05,1,0,0.4344529311678852,0.2640922369319062,0.30145483190020844,0.13299809926767675
AMZN,logistic_regression,1,2020-02-06,1,0,0.47984854066074684,0.22609753377711114,0.2940539255621419,0.18579461509860495
AMZN,logistic_regression,1,2020-02-07,1,0,0.4721549783754671,0.07297480916914345,0.45487021245538933,0.01728476592007777
AMZN,logistic_regression,1,2020-02-10,0,0,0.5559202023532785,0.0479546321881032,0.39612516545861837,0.15979503689466018
AMZN,logistic_regression,1,2020-02-11,0,0,0.544000406176865,0.0481893759256254,0.40781021789750965,0.1361901882793553
AMZN,logistic_regression,1,2020-02-12,0,0,0.5967723885542744,0.05989818257541487,0.34332942887031076,0.25344295968396363
AMZN,logistic_regression,1,2020-02-13,-1,0,0.6202286540702073,0.047874616315430156,0.33189672961436256,0.28833192445584477
AMZN,logistic_regression,1,2020-02-14,-1,0,0.5959412782907887,0.09987154765297233,0.3041871740562389,0.2917541042345498
AMZN,logistic_regression,1,2020-02-18,-1,0,0.6162143810888646,0.05502232327041084,0.32876329564072454,0.2874510854481401
AMZN,logistic_regression,1,2020-02-19,-1,0,0.5740608513774816,0.1060807751279304,0.319858373494588,0.25420247788289363
AMZN,logistic_regression,1,2020-02-20,-1,0,0.5977132575233174,0.08139369280072496,0.32089304967595766,0.2768202078473597
AMZN,logistic_regression,1,2020-02-21,-1,0,0.5402831063327825,0.062170681999563736,0.3975462116676537,0.14273689466512884
AMZN,logistic_regression,1,2020-02-24,-1,-1,0.5247807176791554,0.042424031672773296,0.4327952506480713,0.09198546703108407
AMZN,logistic_regression,1,2020-02-25,-1,-1,0.736077748055284,0.08123911687708263,0.18268313506763337,0.5533946129876507
AMZN,logistic_regression,1,2020-02-26,0,-1,0.6639233953009637,0.0959486892887362,0.24012791541030015,0.4237954798906635
AMZN,logistic_regression,1,2020-02-27,1,-1,0.7270367170776139,0.09521853046710123,0.17774475245528476,0.5492919646223291
AMZN,logistic_regression,1,2020-02-28,0,-1,0.635334143271986,0.10912423987832122,0.25554161684969273,0.3797925264222933
AMZN,logistic_regression,1,2020-03-02,-1,-1,0.47043042546686376,0.3733854936077202,0.3733854936077202,0.09704493185914354
AMZN,logistic_regression,1,2020-03-03,0,-1,0.5689619097132089,0.3161989360462905,0.3161989360462905,0.2527629736669184
AMZN,logistic_regression,1,2020-03-04,-1,1,0.4793241470736402,0.4793241470736402,0.36147339371718473,0.11785075335645545
AMZN,logistic_regression,1,2020-03-05,-1,-1,0.5379338701147346,0.26698069841288635,0.26698069841288635,0.27095317170184824
AMZN,logistic_regression,1,2020-03-06,-1,-1,0.4962496895771471,0.29657054572942554,0.29657054572942554,0.19967914384772156
AMZN,logistic_regression,1,2020-03-09,-1,-1,0.8333456830046024,0.07943372534889863,0.08722059164649891,0.7461250913581036
AMZN,logistic_regression,1,2020-03-10,-1,-1,0.5613997968914638,0.36091583766865837,0.36091583766865837,0.20048395922280543
AMZN,logistic_regression,1,2020-03-11,0,-1,0.8093718977644724,0.14587648196163527,0.14587648196163527,0.6634954158028371
AMZN,logistic_regression,1,2020-03-12,1,-1,0.829698027225013,0.1417368188572021,0.1417368188572021,0.6879612083678108
AMZN,logistic_regression,1,2020-03-13,1,-1,0.5547546355770636,0.41143161009077994,0.41143161009077994,0.14332302548628367
AMZN,logistic_regression,1,2020-03-16,1,-1,0.8944258567593047,0.083220427633206,0.083220427633206,0.8112054291260987
AMZN,logistic_regression,1,2020-03-17,1,-1,0.7608277529527634,0.21811763638015658,0.21811763638015658,0.5427101165726068
AMZN,logistic_regression,1,2020-03-18,1,-1,0.9573859179174563,0.02772176784949078,0.02772176784949078,0.9296641500679655
AMZN,logistic_regression,1,2020-03-19,1,-1,0.8611747544115149,0.102964801256843,0.102964801256843,0.7582099531546719
AMZN,logistic_regression,1,2020-03-20,1,-1,0.9649423249439303,0.025257765057890055,0.025257765057890055,0.9396845598860403
AMZN,logistic_regression,1,2020-03-23,1,-1,0.9691258508541006,0.009132358242452808,0.021741790903446655,0.947384059950654
AMZN,logistic_regression,1,2020-03-24,0,-1,0.8273707365977603,0.09636181107947517,0.09636181107947517,0.7310089255182851
AMZN,logistic_regression,1,2020-03-25,0,-1,0.8675418312660458,0.059512073718628246,0.07294609501532606,0.7945957362507197
AMZN,logistic_regression,1,2020-03-26,0,-1,0.8378814680068655,0.017071315196682868,0.1450472167964516,0.6928342512104139
AMZN,logistic_regression,1,2020-03-27,0,-1,0.9031971850921432,0.02566600919751138,0.07113680571034557,0.8320603793817977
AMZN,logistic_regression,1,2020-03-30,0,-1,0.8342669229464601,0.012101355369950868,0.15363172168358905,0.680635201262871
AMZN,logistic_regression,1,2020-03-31,1,-1,0.8918626650387521,0.015307299231568813,0.09283003572967907,0.799032629309073
AMZN,logistic_regression,1,2020-04-01,1,-1,0.91037838226215,0.019334941346064293,0.07028667639178568,0.8400917058703643
AMZN,logistic_regression,1,2020-04-02,1,-1,0.8358768270888485,0.04517704941657209,0.11894612349457949,0.716930703594269
AMZN,logistic_regression,1,2020-04-03,1,-1,0.866151580232017,0.038800373217752974,0.09504804655023015,0.7711035336817869
AMZN,logistic_regression,1,2020-04-06,1,-1,0.7034352190926185,0.08774234439562227,0.2088224365117591,0.4946127825808594
AMZN,logistic_regression,1,2020-04-07,1,-1,0.800839831342078,0.05269179882208104,0.146468369835841,0.654371461506237
AMZN,logistic_regression,1,2020-04-08,1,-1,0.5754279312993494,0.09648453095683435,0.3280875377438162,0.24734039355553322
AMZN,logistic_regression,1,2020-04-09,1,-1,0.5348508552683034,0.20166288808175406,0.2634862566499425,0.27136459861836093
AMZN,logistic_regression,1,2020-04-13,1,-1,0.7094535085203036,0.008633287486670969,0.2819132039930254,0.42754030452727826
AMZN,logistic_regression,1,2020-04-14,0,-1,0.7277332056518275,0.01697974295511885,0.25528705139305363,0.4724461542587739
AMZN,logistic_regression,1,2020-04-15,1,-1,0.7651953094447842,0.0066015982543137855,0.22820309230090208,0.5369922171438821
AMZN,logistic_regression,1,2020-04-16,0,-1,0.8525415150369462,0.0022441913325370348,0.14521429363051677,0.7073272214064295
AMZN,logistic_regression,1,2020-04-17,0,-1,0.7078650999760904,0.010293917109190935,0.2818409829147186,0.4260241170613718
AMZN,logistic_regression,1,2020-04-20,0,-1,0.9203203632188115,0.004740229596073477,0.07493940718511502,0.8453809560336965
AMZN,logistic_regression,1,2020-04-21,0,-1,0.9697298671676536,0.00751691449342111,0.02275321833892521,0.9469766488287285
AMZN,logistic_regression,1,2020-04-22,0,-1,0.9176538272179908,0.007480163935880805,0.07486600884612829,0.8427878183718626
AMZN,logistic_regression,1,2020-04-23,1,-1,0.9158860346416972,0.0020934934373890136,0.08202047192091401,0.8338655627207832
AMZN,logistic_regression,1,2020-04-24,-1,-1,0.786828248094825,0.0032129571983862968,0.20995879470678883,0.5768694533880362
AMZN,logistic_regression,1,2020-04-27,-1,-1,0.7273801206510134,0.01007953056340803,0.2625403487855785,0.4648397718654349
AMZN,logistic_regression,1,2020-04-28,0,-1,0.7041952074218333,0.021140697272702125,0.2746640953054647,0.4295311121163686
AMZN,logistic_regression,1,2020-04-29,0,-1,0.6654444310353899,0.01846764100581908,0.3160879279587911,0.34935650307659877
AMZN,logistic_regression,1,2020-04-30,-1,-1,0.8148678806203592,0.00684029510932706,0.17829182427031368,0.6365760563500455
AMZN,logistic_regression,1,2020-05-01,1,-1,0.6359615206062159,0.018614267769157346,0.3454242116246268,0.29053730898158914
AMZN,logistic_regression,1,2020-05-04,1,-1,0.7727575924586805,0.02382769608805117,0.20341471145326856,0.569342881005412
AMZN,logistic_regression,1,2020-05-05,0,-1,0.6953425926229784,0.018638948214387933,0.28601845916263363,0.40932413346034474
AMZN,logistic_regression,1,2020-05-06,0,-1,0.6949408647995821,0.017655808166552812,0.28740332703386506,0.407537537765717
AMZN,logistic_regression,1,2020-05-07,0,-1,0.6102667051210839,0.015156686377185364,0.3745766085017308,0.23569009661935314
AMZN,logistic_regression,1,2020-05-08,0,0,0.6395636169401971,0.022208193899768285,0.3382281891600344,0.30133542778016276
AMZN,logistic_regression,1,2020-05-11,0,-1,0.5039906685260299,0.023186200322252326,0.4728231311517177,0.031167537374312215
AMZN,logistic_regression,1,2020-05-12,1,-1,0.6010190946442577,0.0253673267395135,0.3736135786162288,0.22740551602802894
AMZN,logistic_regression,1,2020-05-13,1,-1,0.7182874170781567,0.029430757711044073,0.25228182521079917,0.4660055918673575
AMZN,logistic_regression,1,2020-05-14,1,-1,0.6300005459100342,0.07500610847029769,0.29499334561966817,0.335007200290366
AMZN,logistic_regression,1,2020-05-15,0,0,0.5965108462143321,0.015270427154898441,0.38821872663076934,0.2082921195835628
AMZN,logistic_regression,1,2020-05-18,0,0,0.6730660895119768,0.03202375794427567,0.2949101525437476,0.3781559369682292
AMZN,logistic_regression,1,2020-05-19,0,0,0.5333514198229741,0.03087570719350996,0.43577287298351597,0.0975785468394581
AMZN,logistic_regression,1,2020-05-20,-1,0,0.6378398110456454,0.03381091407699288,0.32834927487736176,0.3094905361682836
AMZN,logistic_regression,1,2020-05-21,0,0,0.5674471960952938,0.04072050730682697,0.3918322965978793,0.1756148994974145
AMZN,logistic_regression,1,2020-05-22,0,0,0.5247999433490586,0.05733598388683758,0.41786407276410376,0.1069358705849548
AMZN,logistic_regression,1,2020-05-26,1,0,0.6205388734269265,0.05309802460809608,0.3263631019649774,0.29417577146194906
AMZN,logistic_regression,1,2020-05-27,1,0,0.7590996943202833,0.031203838665157576,0.20969646701455907,0.5494032273057243
AMZN,logistic_regression,1,2020-05-28,1,0,0.6756262172889445,0.031230392576896186,0.2931433901341593,0.38248282715478515
AMZN,logistic_regression,1,2020-05-29,0,0,0.5740452682170731,0.06417556066356446,0.3617791711193625,0.21226609709771066
AMZN,logistic_regression,1,2020-06-01,1,0,0.6762709557575238,0.060851644484550084,0.26287739975792607,0.41339355599959776
AMZN,logistic_regression,1,2020-06-02,1,0,0.6962918680897695,0.0950567044202141,0.2086514274900164,0.4876404405997531
AMZN,logistic_regression,1,2020-06-03,1,0,0.7249453816970804,0.10677171066650351,0.16828290763641607,0.5566624740606644
AMZN,logistic_regression,1,2020-06-04,1,0,0.6151913537106456,0.16411447290965933,0.22069417337969507,0.3944971803309505
AMZN,logistic_regression,1,2020-06-05,1,0,0.7462760505192023,0.1222012621067534,0.1315226873740442,0.614753363145158
AMZN,logistic_regression,1,2020-06-08,0,0,0.744765803525694,0.09762784731201857,0.15760634916228752,0.5871594543634064
AMZN,logistic_regression,1,2020-06-09,0,0,0.7219474160255193,0.05247431279640565,0.22557827117807516,0.4963691448474441
AMZN,logistic_regression,1,2020-06-10,0,0,0.687718193891115,0.05752563214041708,0.25475617396846795,0.43296201992264705
AMZN,logistic_regression,1,2020-06-11,1,-1,0.5352856613919064,0.03609321881243051,0.42862111979566314,0.10666454159624322
AMZN,logistic_regression,1,2020-06-12,1,-1,0.44954833584881493,0.10167030434746474,0.4487813598037203,0.000766976045094625
AMZN,logistic_regression,1,2020-06-15,1,0,0.4737547631536352,0.07490257171344553,0.45134266513291926,0.02241209802071592
AMZN,logistic_regression,1,2020-06-16,1,0,0.5242808874836541,0.07772708221159685,0.397992030304749,0.1262888571789051
AMZN,logistic_regression,1,2020-06-17,1,-1,0.5022515461915221,0.07448905420845243,0.4232593996000254,0.07899214659149673
AMZN,logistic_regression,1,2020-06-18,1,0,0.5376527842299369,0.07926375574364188,0.3830834600264212,0.1545693242035157
AMZN,logistic_regression,1,2020-06-19,0,0,0.5717438536874296,0.06134631699340885,0.3669098293191615,0.20483402436826814
AMZN,logistic_regression,1,2020-06-22,0,0,0.5676895837421652,0.08810582711225445,0.3442045891455804,0.22348499459658477
AMZN,logistic_regression,1,2020-06-23,0,0,0.6383471321435595,0.05738397664145485,0.3042688912149857,0.33407824092857386
AMZN,logistic_regression,1,2020-06-24,1,0,0.5203845118586052,0.04980653677057779,0.42980895137081704,0.0905755604877882
AMZN,logistic_regression,1,2020-06-25,1,0,0.6919639104779636,0.04067792880532756,0.2673581607167087,0.42460574976125487
AMZN,logistic_regression,1,2020-06-26,1,0,0.5103599537777468,0.023800518496381606,0.4658395277258716,0.04452042605187517
AMZN,logistic_regression,1,2020-06-29,1,0,0.5697770462677696,0.051934802852922284,0.3782881508793081,0.19148889538846148
AMZN,logistic_regression,1,2020-06-30,1,0,0.5521349094007975,0.02531141838739108,0.42255367221181145,0.129581237188986
AMZN,logistic_regression,1,2020-07-01,1,0,0.6355687954689094,0.007643531528435935,0.3567876730026546,0.2787811224662548
AMZN,logistic_regression,1,2020-07-02,1,0,0.6652895258192709,0.014530057241510646,0.3201804169392184,0.34510910888005253
AMZN,logistic_regression,1,2020-07-06,0,0,0.687123679714482,0.002259618915735749,0.31061670136978237,0.3765069783446996
AMZN,logistic_regression,1,2020-07-07,1,0,0.6654904764176882,0.003776344309193303,0.3307331792731185,0.3347572971445697
AMZN,logistic_regression,1,2020-07-08,-1,0,0.5635542782412581,0.003911242022734702,0.43253447973600717,0.13101979850525097
AMZN,logistic_regression,1,2020-07-09,-1,-1,0.6348061302487076,0.0008355521260145283,0.36435831762527787,0.2704478126234297
AMZN,logistic_regression,1,2020-07-10,-1,0,0.5075992287981129,0.003110669277682334,0.4892901019242048,0.01830912687390812
AMZN,logistic_regression,1,2020-07-13,1,-1,0.6469525585890545,0.0011075318011103635,0.35193990960983507,0.29501264897921947
AMZN,logistic_regression,1,2020-07-14,0,-1,0.5336318182987916,0.0012388815679081815,0.4651293001333003,0.0685025181654913
AMZN,logistic_regression,1,2020-07-15,1,-1,0.592040037274013,0.0025375941175484838,0.40542236860843844,0.18661766866557455
AMZN,logistic_regression,1,2020-07-16,0,-1,0.6668235933996796,0.003094529367216083,0.3300818772331042,0.33674171616657533
AMZN,logistic_regression,1,2020-07-17,0,-1,0.6970377129274077,0.006423372313972705,0.2965389147586196,0.4004987981687881
AMZN,logistic_regression,1,2020-07-20,-1,-1,0.7671183136218304,0.0011737190325655082,0.23170796734560414,0.5354103462762262
AMZN,logistic_regression,1,2020-07-21,-1,-1,0.6555823457976646,0.0035539313370573184,0.34086372286527805,0.31471862293238656
AMZN,logistic_regression,1,2020-07-22,-1,-1,0.568521735501845,0.009782206898878359,0.4216960575992766,0.14682567790256845
AMZN,logistic_regression,1,2020-07-23,1,-1,0.7192213471263935,0.017990810062543237,0.26278784281106327,0.45643350431533025
AMZN,logistic_regression,1,2020-07-24,1,-1,0.701395362018485,0.01375179244617837,0.28485284553533674,0.4165425164831482
AMZN,logistic_regression,1,2020-07-27,0,-1,0.8093849551174236,0.011796739778894465,0.17881830510368205,0.6305666500137416
AMZN,logistic_regression,1,2020-07-28,1,-1,0.6987373600615318,0.01715000122996361,0.2841126387085046,0.41462472135302714
AMZN,logistic_regression,1,2020-07-29,1,-1,0.6614261576172218,0.01775866532918382,0.32081517705359436,0.34061098056362743
AMZN,logistic_regression,1,2020-07-30,1,-1,0.63049947550008,0.013730893589142174,0.3557696309107777,0.27472984458930233
AMZN,logistic_regression,1,2020-07-31,0,-1,0.7888078708183853,0.01217497151576645,0.1990171576658482,0.5897907131525371
AMZN,logistic_regression,1,2020-08-03,0,-1,0.6094698037110242,0.037934735090850144,0.35259546119812557,0.25687434251289865
AMZN,logistic_regression,1,2020-08-04,0,-1,0.5628915384289411,0.028220355718317745,0.40888810585274105,0.15400343257620008
AMZN,logistic_regression,1,2020-08-05,0,-1,0.6374011296160315,0.017287463932147428,0.34531140645182123,0.2920897231642102
AMZN,logistic_regression,1,2020-08-06,0,-1,0.5640262307530517,0.01910216242592638,0.4168716068210218,0.14715462393202988
AMZN,logistic_regression,1,2020-08-07,0,-1,0.6333079746087781,0.022731940665733738,0.3439600847254881,0.28934788988328997
AMZN,logistic_regression,1,2020-08-10,0,-1,0.6119656058089714,0.03274286588755455,0.3552915283034741,0.2566740775054973
AMZN,logistic_regression,1,2020-08-11,1,-1,0.6019245493601296,0.022311505830744878,0.3757639448091254,0.22616060455100423
AMZN,logistic_regression,1,2020-08-12,1,-1,0.5871376286462793,0.0174222400339097,0.39544013131981104,0.19169749732646824
AMZN,logistic_regression,1,2020-08-13,1,-1,0.5880779981297425,0.021288873705258726,0.3906331281649988,0.1974448699647437
AMZN,logistic_regression,1,2020-08-14,1,0,0.49381450076103,0.041821460863959346,0.4643640383750106,0.029450462386019394
AMZN,logistic_regression,1,2020-08-17,1,-1,0.5650225413338891,0.0485087718332111,0.38646868683289987,0.1785538545009892
AMZN,logistic_regression,1,2020-08-18,0,-1,0.5201361419230872,0.017620281135560977,0.4622435769413517,0.057892564981735506
AMZN,logistic_regression,1,2020-08-19,1,0,0.4894568077214059,0.03551339123708419,0.47502980104150994,0.014427006679895937
AMZN,logistic_regression,1,2020-08-20,1,0,0.5359740871565861,0.029134092908280576,0.4348918199351334,0.10108226722145275
AMZN,logistic_regression,1,2020-08-21,1,0,0.539090779552327,0.034968649352039985,0.4259405710956331,0.11315020845669388
AMZN,logistic_regression,1,2020-08-24,1,0,0.562465631399718,0.034844075441670334,0.40269029315861177,0.15977533824110618
AMZN,logistic_regression,1,2020-08-25,1,0,0.5647430506839424,0.016428739535484207,0.4188282097805734,0.14591484090336898
AMZN,logistic_regression,1,2020-08-26,1,0,0.6560431277729478,0.012220017363924274,0.3317368548631277,0.3243062729098201
AMZN,logistic_regression,1,2020-08-27,0,0,0.6050231675347075,0.025105194488108315,0.36987163797718414,0.2351515295575234
AMZN,logistic_regression,1,2020-08-28,-1,0,0.5611008386500521,0.039427329893459165,0.39947183145648857,0.16162900719356355
AMZN,logistic_regression,1,2020-08-31,-1,0,0.5756048143230318,0.016916022683301803,0.40747916299366627,0.16812565132936552
AMZN,logistic_regression,1,2020-09-01,-1,0,0.6063614153624036,0.037669981451843894,0.3559686031857525,0.2503928121766511
AMZN,logistic_regression,1,2020-09-02,-1,0,0.6492485796369549,0.030903638363679813,0.31984778199936514,0.3294007976375898
AMZN,logistic_regression,1,2020-09-03,-1,-1,0.5218459494591099,0.01562322251733604,0.46253082802355405,0.05931512143555584
AMZN,logistic_regression,1,2020-09-04,-1,-1,0.5563507303688501,0.014437152974089873,0.4292121166570601,0.12713861371178997
AMZN,logistic_regression,1,2020-09-08,0,-1,0.6708409171093863,0.016372934574072996,0.3127861483165406,0.3580547687928457
AMZN,logistic_regression,1,2020-09-09,-1,-1,0.7242839317276547,0.02261644444753499,0.2530996238248103,0.4711843079028444
AMZN,logistic_regression,1,2020-09-10,-1,-1,0.773666858036614,0.030200751688563066,0.196132390274823,0.577534467761791
AMZN,logistic_regression,1,2020-09-11,-1,-1,0.6475042688743049,0.07221895309588236,0.2802767780298127,0.3672274908444922
AMZN,logistic_regression,1,2020-09-14,-1,-1,0.6242991890525376,0.08559885285360591,0.2901019580938566,0.334197230958681
AMZN,logistic_regression,1,2020-09-15,0,-1,0.5575005302567458,0.10356388288099957,0.3389355868622546,0.21856494339449123
AMZN,logistic_regression,1,2020-09-16,-1,-1,0.571666903094165,0.17603243196474333,0.2523006649410916,0.3193662381530734
AMZN,logistic_regression,1,2020-09-17,0,-1,0.48946337318786165,0.1958709722946221,0.3146656545175162,0.17479771867034544
AMZN,logistic_regression,1,2020-09-18,1,-1,0.600027168755064,0.17976773701546195,0.22020509422947404,0.37982207452558997
AMZN,logistic_regression,1,2020-09-21,1,-1,0.6264208679145157,0.12410600382625042,0.2494731282592339,0.3769477396552818
AMZN,logistic_regression,1,2020-09-22,0,-1,0.7407003102167112,0.04434045028654569,0.21495923949674306,0.5257410707199681
AMZN,logistic_regression,1,2020-09-23,1,-1,0.6282926200625807,0.13825506753515107,0.2334523124022683,0.3948403076603124
AMZN,logistic_regression,1,2020-09-24,1,-1,0.6094055176652782,0.1140024493105861,0.27659203302413565,0.3328134846411425
AMZN,logistic_regression,1,2020-09-25,0,-1,0.6360519003769072,0.07380973586386644,0.2901383637592265,0.34591353661768065
AMZN,logistic_regression,1,2020-09-28,0,-1,0.5541103814894328,0.07886033365383745,0.36702928485672964,0.18708109663270317
AMZN,logistic_regression,1,2020-09-29,0,-1,0.6602306653583131,0.07673299294050903,0.26303634170117784,0.39719432365713525
AMZN,logistic_regression,1,2020-09-30,0,-1,0.5619458087498367,0.06875068163762672,0.3693035096125366,0.19264229913730008
AMZN,logistic_regression,1,2020-10-01,0,-1,0.666418164566471,0.03876208487266774,0.29481975056086135,0.3715984140056096
AMZN,logistic_regression,1,2020-10-02,1,-1,0.5972285237058412,0.04081021312670897,0.36196126316744986,0.23526726053839137
AMZN,logistic_regression,1,2020-10-05,1,-1,0.6576252552711516,0.039302438050451464,0.3030723066783969,0.35455294859275466
AMZN,logistic_regression,1,2020-10-06,1,-1,0.6288733948439956,0.07141379979426274,0.2997128053617417,0.3291605894822539
AMZN,logistic_regression,1,2020-10-07,1,-1,0.6260572029502903,0.05000451644013436,0.3239382806095752,0.30211892234071513
AMZN,logistic_regression,1,2020-10-08,1,-1,0.6219042492144494,0.05512573153041226,0.3229700192551383,0.2989342299593111
AMZN,logistic_regression,1,2020-10-09,0,-1,0.5034567714649061,0.03911258769720771,0.4574306408378863,0.04602613062701977
AMZN,logistic_regression,1,2020-10-12,-1,-1,0.5509064160888443,0.010763158958751356,0.4383304249524043,0.11257599113643996
AMZN,logistic_regression,1,2020-10-13,-1,-1,0.4974931177681383,0.020383894209958096,0.48212298802190356,0.01537012974623475
AMZN,logistic_regression,1,2020-10-14,-1,-1,0.5148590329382797,0.020203792883728155,0.4649371741779922,0.04992185876028754
AMZN,logistic_regression,1,2020-10-15,-1,0,0.4939320180383989,0.020734502130513886,0.4853334798310872,0.008598538207311712
AMZN,logistic_regression,1,2020-10-16,-1,-1,0.5755508121930228,0.017387512916950388,0.4070616748900267,0.16848913730299614
AMZN,logistic_regression,1,2020-10-19,0,-1,0.7511026565468455,0.02696453774867645,0.22193280570447804,0.5291698508423675
AMZN,logistic_regression,1,2020-10-20,1,-1,0.7432764677759256,0.02700663783269391,0.2297168943913804,0.5135595733845452
AMZN,logistic_regression,1,2020-10-21,0,-1,0.6498764534368954,0.05269578088652876,0.29742776567657586,0.3524486877603195
AMZN,logistic_regression,1,2020-10-22,0,-1,0.6026049305176747,0.07189960907875886,0.3254954604035663,0.2771094701141084
AMZN,logistic_regression,1,2020-10-23,-1,-1,0.5836239339691769,0.09132368943336121,0.32505237659746195,0.25857155737171494
AMZN,logistic_regression,1,2020-10-26,-1,-1,0.5635900576569008,0.07918416955505962,0.35722577278803963,0.20636428486886121
AMZN,logistic_regression,1,2020-10-27,-1,-1,0.5944057841576242,0.09183696802375838,0.31375724781861725,0.280648536339007
AMZN,logistic_regression,1,2020-10-28,1,-1,0.6474966010312582,0.06864920073956365,0.2838541982291782,0.36364240280208
AMZN,logistic_regression,1,2020-10-29,1,-1,0.6265345633175806,0.09907647199786448,0.2743889646845549,0.3521455986330257
AMZN,logistic_regression,1,2020-10-30,1,-1,0.6129065253379966,0.10093568821232235,0.286157786449681,0.3267487388883156
AMZN,logistic_regression,1,2020-11-02,1,-1,0.6196702669753368,0.14122444187869607,0.23910529114596715,0.38056497582936966
AMZN,logistic_regression,1,2020-11-03,0,-1,0.6565796510263113,0.09068103926852425,0.2527393097051644,0.40384034132114693
AMZN,logistic_regression,1,2020-11-04,-1,-1,0.6806645217811523,0.04777989921685342,0.27155557900199434,0.409108942779158
AMZN,logistic_regression,1,2020-11-05,-1,-1,0.5584872142451851,0.03334945252651401,0.40816333322830084,0.15032388101688426
AMZN,logistic_regression,1,2020-11-06,-1,0,0.5170327691287235,0.04300331313320354,0.439963917738073,0.07706885139065056
AMZN,logistic_regression,1,2020-11-09,0,0,0.5570105924365281,0.07869027387188773,0.36429913369158423,0.19271145874494383
AMZN,logistic_regression,1,2020-11-10,1,-1,0.5250385304985163,0.17696032486684354,0.2980011446346402,0.22703738586387612
AMZN,logistic_regression,1,2020-11-11,0,-1,0.763875807303511,0.04642793387829509,0.18969625881819405,0.5741795484853169
AMZN,logistic_regression,1,2020-11-12,0,-1,0.7484196209142284,0.060722874877437646,0.19085750420833397,0.5575621167058944
AMZN,logistic_regression,1,2020-11-13,0,-1,0.5902334901354452,0.04725597799333409,0.3625105318712207,0.22772295826422456
AMZN,logistic_regression,1,2020-11-16,0,0,0.49527664292608903,0.042735259599435194,0.46198809747447583,0.033288545451613194
AMZN,logistic_regression,1,2020-11-17,0,-1,0.5431473602309091,0.08032974351486842,0.37652289625422247,0.16662446397668668
AMZN,logistic_regression,1,2020-11-18,1,-1,0.5313988780907198,0.11412249130680285,0.3544786306024773,0.17692024748824253
AMZN,logistic_regression,1,2020-11-19,1,-1,0.4370835421879703,0.1526415721911468,0.41027488562088293,0.026808656567087363
AMZN,logistic_regression,1,2020-11-20,1,-1,0.48639922138154523,0.16029289037057276,0.35330788824788195,0.13309133313366328
AMZN,logistic_regression,1,2020-11-23,1,-1,0.43664117905667266,0.1424606590259577,0.4208981619173697,0.015743017139302984
AMZN,logistic_regression,1,2020-11-24,1,0,0.4656499857132055,0.1432913384797846,0.3910586758070099,0.07459130990619556
AMZN,logistic_regression,1,2020-11-25,0,-1,0.42665457481975183,0.1709690540361091,0.40237637114413904,0.024278203675612786
AMZN,logistic_regression,1,2020-11-27,0,0,0.41396828875522773,0.21537706252089284,0.3706546487238795,0.043313640031348244
AMZN,logistic_regression,1,2020-11-30,0,0,0.5291090935022036,0.14461351203605663,0.3262773944617398,0.20283169904046378
AMZN,logistic_regression,1,2020-12-01,0,0,0.5832563840224214,0.12061836888265727,0.2961252470949212,0.2871311369275002
AMZN,logistic_regression,1,2020-12-02,-1,0,0.5781823215266436,0.1321434088904981,0.2896742695828583,0.2885080519437853
AMZN,logistic_regression,1,2020-12-03,-1,0,0.4941477719924007,0.14862567982324634,0.3572265481843529,0.13692122380804778
AMZN,logistic_regression,1,2020-12-04,0,0,0.48308244367692615,0.1690643832073577,0.3478531731157162,0.13522927056120998
AMZN,logistic_regression,1,2020-12-07,0,0,0.4701374239589252,0.15544421604532416,0.37441835999575057,0.09571906396317464
AMZN,logistic_regression,1,2020-12-08,0,0,0.6043773844548146,0.08475923124588455,0.310863384299301,0.2935140001555136
AMZN,logistic_regression,1,2020-12-09,1,0,0.6056054684840034,0.07961590454359305,0.31477862697240344,0.2908268415116
AMZN,logistic_regression,1,2020-12-10,1,0,0.5324291050748614,0.12161244001616267,0.34595845490897587,0.18647065016588554
AMZN,logistic_regression,1,2020-12-11,1,0,0.5103838561774952,0.13463865610722436,0.3549774877152804,0.15540636846221473
AMZN,logistic_regression,1,2020-12-14,0,0,0.5241276458536135,0.11910808604577712,0.3567642681006093,0.1673633777530042
AMZN,logistic_regression,1,2020-12-15,0,0,0.5935970066210092,0.1565152983842749,0.24988769499471591,0.3437093116262933
AMZN,logistic_regression,1,2020-12-16,0,0,0.6192810522446935,0.12060565704548679,0.26011329070981976,0.3591677615348738
AMZN,logistic_regression,1,2020-12-17,0,0,0.6036418129977328,0.177051902600409,0.21930628440185826,0.3843355285958745
AMZN,logistic_regression,1,2020-12-18,1,0,0.6210977171423545,0.12748916197200966,0.2514131208856359,0.3696845962567186
AMZN,logistic_regression,1,2020-12-21,1,0,0.5297689947013927,0.14181755735476104,0.3284134479438463,0.2013555467575464
AMZN,logistic_regression,1,2020-12-22,1,0,0.5333540022326715,0.1535819854802357,0.31306401228709285,0.22028998994557863
AMZN,logistic_regression,1,2020-12-23,1,0,0.595032676468456,0.10117553022395345,0.30379179330759043,0.2912408831608656
AMZN,logistic_regression,1,2020-12-24,0,0,0.529267938159364,0.1330393668096571,0.33769269503097893,0.1915752431283851
AMZN,logistic_regression,1,2020-12-28,0,0,0.677993479023861,0.05458943332399903,0.26741708765213984,0.41057639137172114
AMZN,logistic_regression,1,2020-12-29,-1,0,0.5543454184751752,0.12829711042562808,0.31735747109919676,0.2369879473759784
AMZN,logistic_regression,1,2020-12-30,-1,0,0.5470719780342822,0.15580112482009265,0.2971268971456252,0.24994508088865702
AMZN,logistic_regression,1,2020-12-31,-1,0,0.5694044546293131,0.15073949330930458,0.2798560520613823,0.2895484025679308
AMZN,logistic_regression,1,2021-01-04,-1,0,0.4756830547354176,0.10721710953171425,0.4170998357328681,0.058583219002549536
AMZN,logistic_regression,1,2021-01-05,-1,0,0.5177887640648948,0.08887922430993872,0.39333201162516646,0.12445675243972837
AMZN,logistic_regression,1,2021-01-06,0,0,0.5969487575211894,0.07369743234084232,0.3293538101379683,0.2675949473832211
AMZN,logistic_regression,1,2021-01-07,0,0,0.49734131641439777,0.13285259190002155,0.36980609168558076,0.127535224728817
AMZN,logistic_regression,1,2021-01-08,-1,0,0.5323819872994231,0.10567309575950241,0.36194491694107445,0.17043707035834865
AMZN,logistic_regression,1,2021-01-11,0,0,0.5585996441919444,0.11930788245068256,0.3220924733573731,0.2365071708345713
AMZN,logistic_regression,1,2021-01-12,1,0,0.46376350497962954,0.16785766627336066,0.3683788287470098,0.09538467623261976
AMZN,logistic_regression,1,2021-01-13,1,0,0.4361495130847376,0.2241672269616484,0.3396832599536139,0.09646625313112367
AMZN,logistic_regression,1,2021-01-14,1,0,0.4572922297488854,0.22056965442816256,0.32213811582295204,0.13515411392593335
AMZN,logistic_regression,1,2021-01-15,1,-1,0.3979784320278655,0.20606689923178334,0.39595466874035123,0.0020237632875142464
AMZN,logistic_regression,1,2021-01-19,1,0,0.45039728523761074,0.20709779987827417,0.3425049148841151,0.10789237035349564
AMZN,logistic_regression,1,2021-01-20,0,0,0.46452387994513383,0.16435895358390404,0.37111716647096216,0.09340671347417168
AMZN,logistic_regression,1,2021-01-21,-1,0,0.5121559595886629,0.12841720094038966,0.3594268394709474,0.1527291201177155
AMZN,logistic_regression,1,2021-01-22,-1,0,0.5049220006570906,0.1751616550702366,0.3199163442726728,0.1850056563844178
AMZN,logistic_regression,1,2021-01-25,0,0,0.5192065816346627,0.14896511943844074,0.33182829892689647,0.18737828270776624
AMZN,logistic_regression,1,2021-01-26,0,0,0.5544243104963972,0.10374061049747073,0.34183507900613214,0.21258923149026504
AMZN,logistic_regression,1,2021-01-27,1,-1,0.5934301627182322,0.0725040031927593,0.3340658340890085,0.25936432862922376
AMZN,logistic_regression,1,2021-01-28,1,-1,0.5530742528647586,0.12475079226966262,0.32217495486557873,0.2308992979991799
AMZN,logistic_regression,1,2021-01-29,1,-1,0.6699072015587997,0.06348784660524533,0.266604951835955,0.4033022497228447
AMZN,logistic_regression,1,2021-02-01,0,-1,0.5862776494320618,0.054298057888226704,0.35942429267971143,0.2268533567523504
AMZN,logistic_regression,1,2021-02-02,-1,-1,0.48078625934236724,0.05392388456362988,0.46528985609400275,0.015496403248364488
AMZN,logistic_regression,1,2021-02-03,0,-1,0.44893133721693945,0.12186137585554944,0.4292072869275112,0.019724050289428252
AMZN,logistic_regression,1,2021-02-04,-1,0,0.4841555683650636,0.09747029395099756,0.41837413768393883,0.0657814306811248
AMZN,logistic_regression,1,2021-02-05,-1,0,0.562871652538674,0.06556471007364835,0.3715636373876777,0.19130801515099627
AMZN,logistic_regression,1,2021-02-08,0,0,0.528570686354616,0.08375959560417039,0.3876697180412135,0.14090096831340254
AMZN,logistic_regression,1,2021-02-09,0,0,0.4981899754912859,0.08148273151804324,0.42032729299067084,0.07786268250061507
AMZN,logistic_regression,1,2021-02-10,0,0,0.5564144617724531,0.06136764321992675,0.3822178950076202,0.17419656676483292
AMZN,logistic_regression,1,2021-02-11,0,0,0.4996237446846271,0.09079225141277884,0.40958400390259414,0.09003974078203297
AMZN,logistic_regression,1,2021-02-12,-1,0,0.562697324552678,0.07002733055831287,0.36727534488900915,0.1954219796636688
AMZN,logistic_regression,1,2021-02-16,-1,0,0.5940869550490535,0.09936548528341174,0.30654755966753466,0.28753939538151885
AMZN,logistic_regression,1,2021-02-17,-1,0,0.5980398493527235,0.10880181475421145,0.29315833589306506,0.3048815134596584
AMZN,logistic_regression,1,2021-02-18,-1,0,0.5864639408935037,0.10370806433958019,0.30982799476691614,0.2766359461265876
AMZN,logistic_regression,1,2021-02-19,-1,0,0.5304719783957206,0.14129724013174774,0.3282307814725316,0.20224119692318898
AMZN,logistic_regression,1,2021-02-22,0,0,0.4424798537214018,0.14473174218012375,0.41278840409847434,0.029691449622927468
AMZN,logistic_regression,1,2021-02-23,-1,0,0.49289551575661433,0.09150490082341663,0.41559958341996905,0.07729593233664528
AMZN,logistic_regression,1,2021-02-24,-1,0,0.44670789819421886,0.16418357824839994,0.3891085235573811,0.05759937463683773
AMZN,logistic_regression,1,2021-02-25,-1,-1,0.5648062623764412,0.13127075386417578,0.3039229837593831,0.26088327861705807
AMZN,logistic_regression,1,2021-02-26,-1,-1,0.599602969078874,0.1463672668130547,0.2540297641080713,0.3455732049708027
AMZN,logistic_regression,1,2021-03-01,-1,-1,0.37097813821279857,0.3073923759047985,0.32162948588240287,0.049348652330395704
AMZN,logistic_regression,1,2021-03-02,0,-1,0.42915731984031286,0.285625395250991,0.285625395250991,0.14353192458932185
AMZN,logistic_regression,1,2021-03-03,0,-1,0.4597983496334832,0.28011289736684014,0.28011289736684014,0.17968545226664306
AMZN,logistic_regression,1,2021-03-04,1,-1,0.5051792276547216,0.26141385569593073,0.26141385569593073,0.24376537195879083
AMZN,logistic_regression,1,2021-03-05,1,-1,0.43891276930901185,0.26091068684785745,0.3001765438431308,0.13873622546588105
AMZN,logistic_regression,1,2021-03-08,1,-1,0.5232391246638938,0.2141201518565944,0.26264072347951184,0.26059840118438193
AMZN,logistic_regression,1,2021-03-09,0,-1,0.5109304602609048,0.2069209448026692,0.28214859493642597,0.22878186532447886
AMZN,logistic_regression,1,2021-03-10,1,-1,0.4141428266591555,0.2194185002868842,0.3664386730539603,0.047704153605195254
AMZN,logistic_regression,1,2021-03-11,-1,0,0.45617538176599626,0.1756815930812659,0.3681430251527379,0.08803235661325837
AMZN,logistic_regression,1,2021-03-12,0,0,0.5164392424065386,0.1319351434357113,0.3516256141577501,0.16481362824878848
AMZN,logistic_regression,1,2021-03-15,0,0,0.5039677155722703,0.19051629982810114,0.3055159845996286,0.19845173097264168
AMZN,logistic_regression,1,2021-03-16,0,-1,0.4511805958177378,0.15336179866036884,0.3954576055218933,0.05572299029584449
AMZN,logistic_regression,1,2021-03-17,0,0,0.513451106980164,0.09107234834869633,0.3954765446711395,0.11797456230902453
AMZN,logistic_regression,1,2021-03-18,0,-1,0.5154334869801367,0.10814414034097268,0.3764223726788907,0.13901111430124596
AMZN,logistic_regression,1,2021-03-19,0,-1,0.5484958969794884,0.09905273873853787,0.3524513642819736,0.19604453269751482
AMZN,logistic_regression,1,2021-03-22,0,-1,0.4796510189000215,0.09000259244646601,0.4303463886535126,0.049304630246508885
AMZN,logistic_regression,1,2021-03-23,-1,-1,0.4839945450013544,0.118204645273316,0.39780080972532944,0.08619373527602497
AMZN,logistic_regression,1,2021-03-24,0,-1,0.49517433483170314,0.11588385810048878,0.3889418070678082,0.10623252776389497
AMZN,logistic_regression,1,2021-03-25,1,0,0.4584374824108681,0.17386546086760377,0.367697056721528,0.0907404256893401
AMZN,logistic_regression,1,2021-03-26,1,0,0.41688349512856254,0.2025312932072754,0.3805852116641621,0.03629828346440045
AMZN,logistic_regression,1,2021-03-29,1,-1,0.4511026147802224,0.14855322020596534,0.40034416501381237,0.05075844976641003
AMZN,logistic_regression,1,2021-03-30,1,-1,0.42718620920763795,0.1718580273207436,0.40095576347161854,0.026230445736019403
AMZN,logistic_regression,1,2021-03-31,1,0,0.45065643538731165,0.18364025307874962,0.36570331153393876,0.08495312385337289
AMZN,logistic_regression,1,2021-04-01,1,0,0.5388890334436875,0.15644673715516252,0.3046642294011499,0.23422480404253765
AMZN,logistic_regression,1,2021-04-05,1,0,0.6523081162989778,0.12568925509452628,0.22200262860649597,0.4303054876924818
AMZN,logistic_regression,1,2021-04-06,1,0,0.6211547298458839,0.15206850140457379,0.2267767687495423,0.3943779610963416
AMZN,logistic_regression,1,2021-04-07,0,0,0.6080062167686565,0.13347579203740023,0.2585179911939432,0.3494882255747133
AMZN,logistic_regression,1,2021-04-08,1,0,0.6236296410363044,0.1289551841138014,0.24741517484989434,0.37621446618641
AMZN,logistic_regression,1,2021-04-09,0,0,0.7141654902388224,0.056748000579993456,0.22908650918118406,0.4850789810576383
AMZN,logistic_regression,1,2021-04-12,0,0,0.6965607183581821,0.06149847814812282,0.24194080349369512,0.454619914864487
AMZN,logistic_regression,1,2021-04-13,0,0,0.6953187393596978,0.07103213149099281,0.23364912914930955,0.4616696102103882
AMZN,logistic_regression,1,2021-04-14,0,0,0.6284324889916107,0.05881218367347671,0.3127553273349124,0.31567716165669835
AMZN,logistic_regression,1,2021-04-15,-1,0,0.5956104808907466,0.0715903115487533,0.33279920756049997,0.2628112733302467
AMZN,logistic_regression,1,2021-04-16,0,0,0.6319592650039554,0.061831785035558605,0.3062089499604861,0.3257503150434693
AMZN,logistic_regression,1,2021-04-19,0,0,0.568909405765758,0.09343135962070158,0.3376592346135406,0.2312501711522174
AMZN,logistic_regression,1,2021-04-20,1,0,0.49678750599883986,0.08273416271832224,0.420478331282838,0.07630917471600185
AMZN,logistic_regression,2,2021-04-21,1,0,0.3911297483513148,0.3184735796354498,0.3184735796354498,0.072656168715865
AMZN,logistic_regression,2,2021-04-22,1,-1,0.3590255434677407,0.3272992684876763,0.3272992684876763,0.03172627498006436
AMZN,logistic_regression,2,2021-04-23,1,0,0.3522501212738365,0.31615326186507325,0.3315966168610902,0.02065350441274627
AMZN,logistic_regression,2,2021-04-26,0,-1,0.39201225826032343,0.2908112160598971,0.3171765256797795,0.07483573258054393
AMZN,logistic_regression,2,2021-04-27,-1,-1,0.36654624066284164,0.3644824612920225,0.3644824612920225,0.002063779370819141
AMZN,logistic_regression,2,2021-04-28,-1,0,0.3784017298609676,0.31464478040497973,0.31464478040497973,0.06375694945598787
AMZN,logistic_regression,2,2021-04-29,-1,0,0.39338278703894475,0.33218669389098787,0.33218669389098787,0.061196093147956876
AMZN,logistic_regression,2,2021-04-30,-1,1,0.3986907419316004,0.3986907419316004,0.3556027279927965,0.043088013938803904
AMZN,logistic_regression,2,2021-05-03,-1,-1,0.3844566169094462,0.33585494068831206,0.33585494068831206,0.04860167622113415
AMZN,logistic_regression,2,2021-05-04,-1,-1,0.3461633149460163,0.3178297225641279,0.3360069624898558,0.010156352456160533
AMZN,logistic_regression,2,2021-05-05,-1,-1,0.39507493264178845,0.32913584841170535,0.32913584841170535,0.0659390842300831
AMZN,logistic_regression,2,2021-05-06,-1,0,0.43386203032669624,0.2710403079012906,0.2950976617720133,0.13876436855468294
AMZN,logistic_regression,2,2021-05-07,-1,0,0.41798881029758045,0.2888926193765176,0.29311857032590194,0.12487023997167851
AMZN,logistic_regression,2,2021-05-10,1,1,0.35818189435531445,0.35818189435531445,0.3529361949509076,0.005245699404406834
AMZN,logistic_regression,2,2021-05-11,0,1,0.3771234115335517,0.3771234115335517,0.3673282522717801,0.009795159261771602
AMZN,logistic_regression,2,2021-05-12,1,1,0.4530588354811432,0.4530588354811432,0.33264392778509194,0.12041490769605123
AMZN,logistic_regression,2,2021-05-13,1,1,0.4432287244156041,0.4432287244156041,0.3461231466201027,0.09710557779550144
AMZN,logistic_regression,2,2021-05-14,0,1,0.39381352057004737,0.39381352057004737,0.3275638075638097,0.06624971300623766
AMZN,logistic_regression,2,2021-05-17,0,1,0.4199549560353462,0.4199549560353462,0.2980391418336762,0.12191581420167003
AMZN,logistic_regression,2,2021-05-18,0,1,0.419076074164596,0.419076074164596,0.32602114690389944,0.09305492726069658
AMZN,logistic_regression,2,2021-05-19,0,1,0.39088525295215193,0.39088525295215193,0.37981760920445784,0.01106764374769409
AMZN,logistic_regression,2,2021-05-20,0,0,0.4072399611889537,0.3791908112635323,0.3791908112635323,0.0280491499254214
AMZN,logistic_regression,2,2021-05-21,0,0,0.3785774396353001,0.36123131918274665,0.36123131918274665,0.01734612045255346
AMZN,logistic_regression,2,2021-05-24,0,0,0.4151616806197488,0.32775506414867567,0.32775506414867567,0.08740661647107312
AMZN,logistic_regression,2,2021-05-25,0,0,0.3818648003236845,0.3463189822535518,0.3463189822535518,0.035545818070132684
AMZN,logistic_regression,2,2021-05-26,-1,0,0.4291751796187977,0.34751360871686415,0.34751360871686415,0.08166157090193354
AMZN,logistic_regression,2,2021-05-27,0,0,0.4645648723709987,0.31437050595479493,0.31437050595479493,0.15019436641620376
AMZN,logistic_regression,2,2021-05-28,0,0,0.39414639190667305,0.36954472912214503,0.36954472912214503,0.024601662784528022
AMZN,logistic_regression,2,2021-06-01,0,1,0.37428826596783554,0.37428826596783554,0.3295268427310916,0.044761423236743925
AMZN,logistic_regression,2,2021-06-02,0,0,0.3795010986435494,0.35233965796834266,0.35233965796834266,0.02716144067520676
AMZN,logistic_regression,2,2021-06-03,1,0,0.4187950267466481,0.32267162031239194,0.32267162031239194,0.09612340643425615
AMZN,logistic_regression,2,2021-06-04,1,0,0.39020762407162757,0.339176230526773,0.339176230526773,0.051031393544854586
AMZN,logistic_regression,2,2021-06-07,1,0,0.40854036523248827,0.31159236558488723,0.31159236558488723,0.09694799964760104
AMZN,logistic_regression,2,2021-06-08,1,0,0.3631602257087631,0.33711888301186865,0.33711888301186865,0.026041342696894454
AMZN,logistic_regression,2,2021-06-09,1,1,0.38406408418332066,0.38406408418332066,0.3288616749033955,0.055202409279925146
AMZN,logistic_regression,2,2021-06-10,1,0,0.3944312938925317,0.3701238228338914,0.3701238228338914,0.024307471058640284
AMZN,logistic_regression,2,2021-06-11,1,0,0.39428840563249784,0.37099192975365874,0.37099192975365874,0.023296475878839096
AMZN,logistic_regression,2,2021-06-14,1,0,0.379697578366178,0.3791433557800342,0.3791433557800342,0.0005542225861437933
AMZN,logistic_regression,2,2021-06-15,1,0,0.38167194255459624,0.3751103520989772,0.3751103520989772,0.0065615904556190485
AMZN,logistic_regression,2,2021-06-16,1,0,0.38289626067810334,0.37630992974248867,0.37630992974248867,0.00658633093561467
AMZN,logistic_regression,2,2021-06-17,0,0,0.3845571581697233,0.3501597033153885,0.3501597033153885,0.03439745485433482
AMZN,logistic_regression,2,2021-06-18,-1,1,0.41405621618825333,0.41405621618825333,0.3362608685242582,0.07779534766399515
AMZN,logistic_regression,2,2021-06-21,0,0,0.42660342826729214,0.3394100473294668,0.3394100473294668,0.08719338093782536
AMZN,logistic_regression,2,2021-06-22,0,1,0.35596591815729395,0.35596591815729395,0.3550394763989956,0.0009264417582983686
AMZN,logistic_regression,2,2021-06-23,0,1,0.38259431712678216,0.38259431712678216,0.3402006570043333,0.042393660122448884
AMZN,logistic_regression,2,2021-06-24,0,1,0.3477152302777984,0.3477152302777984,0.337526432272239,0.010188798005559385
AMZN,logistic_regression,2,2021-06-25,1,-1,0.35934341425341854,0.3183710172008173,0.3222855685457642,0.03705784570765436
AMZN,logistic_regression,2,2021-06-28,1,-1,0.3525727411723859,0.34650397288576523,0.34650397288576523,0.006068768286620674
AMZN,logistic_regression,2,2021-06-29,1,0,0.34958906416750923,0.3255043213960339,0.3255043213960339,0.02408474277147532
AMZN,logistic_regression,2,2021-06-30,1,0,0.3562904054033945,0.3322516862477459,0.3322516862477459,0.02403871915564859
AMZN,logistic_regression,2,2021-07-01,1,1,0.35975417530885445,0.35975417530885445,0.32304904034773035,0.0367051349611241
AMZN,logistic_regression,2,2021-07-02,1,0,0.3517886380199328,0.3391151214886421,0.3391151214886421,0.01267351653129073
AMZN,logistic_regression,2,2021-07-06,0,-1,0.4107452365826377,0.278241366989458,0.31101339642790427,0.09973184015473341
AMZN,logistic_regression,2,2021-07-07,0,1,0.3812588536954192,0.3812588536954192,0.3462847179747846,0.03497413572063457
AMZN,logistic_regression,2,2021-07-08,-1,1,0.3876460152548326,0.3876460152548326,0.3623374473432887,0.0253085679115439
AMZN,logistic_regression,2,2021-07-09,-1,0,0.3897272011693758,0.3642776990835429,0.3642776990835429,0.02544950208583291
AMZN,logistic_regression,2,2021-07-12,-1,0,0.37752694787048885,0.3529280964534235,0.3529280964534235,0.02459885141706536
AMZN,logistic_regression,2,2021-07-13,-1,0,0.3705637227246042,0.30071031466266906,0.3287259626127267,0.04183776011187751
AMZN,logistic_regression,2,2021-07-14,-1,0,0.3482373940729879,0.323677181009871,0.32808542491714116,0.02015196915584677
AMZN,logistic_regression,2,2021-07-15,0,0,0.3660629375621967,0.29633973567196065,0.33759732676584275,0.028465610796353957
AMZN,logistic_regression,2,2021-07-16,1,0,0.3941560897022929,0.29106418856690053,0.3147797217308067,0.07937636797148617
AMZN,logistic_regression,2,2021-07-19,1,1,0.34449806847512804,0.34449806847512804,0.34285881196909385,0.0016392565060341924
AMZN,logistic_regression,2,2021-07-20,0,1,0.40679227965841014,0.40679227965841014,0.31659359909710344,0.0901986805613067
AMZN,logistic_regression,2,2021-07-21,0,1,0.41693555706796787,0.41693555706796787,0.30225223697987474,0.11468332008809312
AMZN,logistic_regression,2,2021-07-22,0,1,0.42054552338500656,0.42054552338500656,0.29333753991255374,0.12720798347245282
AMZN,logistic_regression,2,2021-07-23,-1,1,0.42042405508834596,0.42042405508834596,0.30726065319519846,0.1131634018931475
AMZN,logistic_regression,2,2021-07-26,-1,1,0.41237345203248643,0.41237345203248643,0.3017335747099738,0.11063987732251263
AMZN,logistic_regression,2,2021-07-27,-1,1,0.3763131481360357,0.3763131481360357,0.3189103196199893,0.057402828516046445
AMZN,logistic_regression,2,2021-07-28,-1,1,0.40290381810142006,0.40290381810142006,0.2987360070078039,0.10416781109361617
AMZN,logistic_regression,2,2021-07-29,-1,0,0.4669603371539157,0.29993378038614854,0.29993378038614854,0.16702655676776718
AMZN,logistic_regression,2,2021-07-30,0,0,0.6056502417512649,0.23976828442689582,0.23976828442689582,0.3658819573243691
AMZN,logistic_regression,2,2021-08-02,0,-1,0.3881894915820907,0.31292483838020035,0.31292483838020035,0.07526465320189035
AMZN,logistic_regression,2,2021-08-03,0,0,0.37124077877793,0.29145294658203613,0.3373062746400339,0.033934504137896115
AMZN,logistic_regression,2,2021-08-04,0,1,0.3621822457487384,0.3621822457487384,0.35217377700237096,0.01000846874636746
AMZN,logistic_regression,2,2021-08-05,-1,0,0.3561465297586155,0.3359933186196757,0.3359933186196757,0.02015321113893981
AMZN,logistic_regression,2,2021-08-06,0,1,0.3931505137239446,0.3931505137239446,0.350233852186171,0.042916661537773626
AMZN,logistic_regression,2,2021-08-09,0,1,0.42343991384636814,0.42343991384636814,0.2968762459536131,0.12656366789275503
AMZN,logistic_regression,2,2021-08-10,-1,1,0.36463087063747046,0.36463087063747046,0.34759275170682413,0.01703811893064633
AMZN,logistic_regression,2,2021-08-11,-1,1,0.36965436469568286,0.36965436469568286,0.32430537781428,0.045348986881402875
AMZN,logistic_regression,2,2021-08-12,-1,1,0.3503424417175405,0.3503424417175405,0.3272404984372711,0.023101943280269377
AMZN,logistic_regression,2,2021-08-13,-1,0,0.5812761542486806,0.26266269534847064,0.26266269534847064,0.31861345890021
AMZN,logistic_regression,2,2021-08-16,0,0,0.595652107069862,0.247049882833502,0.247049882833502,0.34860222423636006
AMZN,logistic_regression,2,2021-08-17,0,0,0.4874064945132292,0.3156970915821432,0.3156970915821432,0.171709402931086
AMZN,logistic_regression,2,2021-08-18,1,0,0.4062177012168821,0.35800794607780917,0.35800794607780917,0.04820975513907294
AMZN,logistic_regression,2,2021-08-19,1,0,0.47097763457852687,0.324822472460281,0.324822472460281,0.14615516211824586
AMZN,logistic_regression,2,2021-08-20,1,0,0.45684189175705947,0.3231466657363523,0.3231466657363523,0.13369522602070716
AMZN,logistic_regression,2,2021-08-23,1,0,0.39599407118760893,0.33908454653453185,0.33908454653453185,0.05690952465307708
AMZN,logistic_regression,2,2021-08-24,1,0,0.3910057265987379,0.36514016799349686,0.36514016799349686,0.025865558605241035
AMZN,logistic_regression,2,2021-08-25,1,0,0.4122080907041423,0.3671630226749942,0.3671630226749942,0.04504506802914815
AMZN,logistic_regression,2,2021-08-26,1,0,0.4025440936772113,0.36774848359585466,0.36774848359585466,0.03479561008135662
AMZN,logistic_regression,2,2021-08-27,1,0,0.4477584006834256,0.3190231961112799,0.3190231961112799,0.1287352045721457
AMZN,logistic_regression,2,2021-08-30,1,0,0.3817132231733338,0.3262043628083215,0.3262043628083215,0.05550886036501229
AMZN,logistic_regression,2,2021-08-31,0,0,0.4080764889217604,0.31776592393558106,0.31776592393558106,0.09031056498617934
AMZN,logistic_regression,2,2021-09-01,0,0,0.418305473958198,0.33904976243200685,0.33904976243200685,0.07925571152619115
AMZN,logistic_regression,2,2021-09-02,0,0,0.440062599162517,0.3179519143985246,0.3179519143985246,0.1221106847639924
AMZN,logistic_regression,2,2021-09-03,0,0,0.4528570104134937,0.3077164579847361,0.3077164579847361,0.14514055242875756
AMZN,logistic_regression,2,2021-09-07,0,0,0.3723442707527879,0.34337246297146223,0.34337246297146223,0.028971807781325687
AMZN,logistic_regression,2,2021-09-08,0,1,0.3572667512882248,0.3572667512882248,0.34529654047000097,0.011970210818223859
AMZN,logistic_regression,2,2021-09-09,0,-1,0.344601207964349,0.3393207389382023,0.3393207389382023,0.005280469026146706
AMZN,logistic_regression,2,2021-09-10,0,1,0.35561369097806694,0.35561369097806694,0.3434650439522885,0.012148647025778447
AMZN,logistic_regression,2,2021-09-13,-1,-1,0.33892882114974615,0.33885604265437785,0.33885604265437785,7.27784953682975e-05
AMZN,logistic_regression,2,2021-09-14,-1,1,0.3862687067929826,0.3862687067929826,0.38094706401718414,0.005321642775798441
AMZN,logistic_regression,2,2021-09-15,-1,1,0.36147017530048015,0.36147017530048015,0.33489648875848976,0.026573686541990382
AMZN,logistic_regression,2,2021-09-16,-1,1,0.4082842793821477,0.4082842793821477,0.30934830375529476,0.09893597562685291
AMZN,logistic_regression,2,2021-09-17,0,1,0.37960212925615505,0.37960212925615505,0.3403460323925226,0.03925609686363246
AMZN,logistic_regression,2,2021-09-20,0,-1,0.3951379595861252,0.3747155589632442,0.3747155589632442,0.020422400622880976
AMZN,logistic_regression,2,2021-09-21,0,1,0.40600617531801664,0.40600617531801664,0.37066293957658136,0.035343235741435275
AMZN,logistic_regression,2,2021-09-22,-1,1,0.38657562581826604,0.38657562581826604,0.34128443217661214,0.045291193641653904
AMZN,logistic_regression,2,2021-09-23,-1,1,0.36074646916807374,0.36074646916807374,0.33070806509513484,0.030038404072938896
AMZN,logistic_regression,2,2021-09-24,-1,1,0.36825155869603,0.36825155869603,0.34448523769966277,0.02376632099636722
AMZN,logistic_regression,2,2021-09-27,-1,0,0.40944251824943284,0.3486283398387209,0.3486283398387209,0.06081417841071196
AMZN,logistic_regression,2,2021-09-28,-1,1,0.41027899258182815,0.41027899258182815,0.31013226649517456,0.10014672608665359
AMZN,logistic_regression,2,2021-09-29,0,1,0.42539213087992267,0.42539213087992267,0.3186146383687089,0.10677749251121377
AMZN,logistic_regression,2,2021-09-30,0,1,0.4197993254249781,0.4197993254249781,0.3546254017702861,0.06517392365469199
AMZN,logistic_regression,2,2021-10-01,0,1,0.3780418553735244,0.3780418553735244,0.31148829046584187,0.06655356490768255
AMZN,logistic_regression,2,2021-10-04,0,1,0.35468058473853203,0.35468058473853203,0.34865081061257164,0.0060297741259603965
AMZN,logistic_regression,2,2021-10-05,0,1,0.3795174379295767,0.3795174379295767,0.34290975227116816,0.03660768565840855
AMZN,logistic_regression,2,2021-10-06,0,1,0.4007140995420742,0.4007140995420742,0.3060970412870628,0.09461705825501143
AMZN,logistic_regression,2,2021-10-07,0,1,0.43677538767099094,0.43677538767099094,0.29764426630455315,0.1391311213664378
AMZN,logistic_regression,2,2021-10-08,1,1,0.4447395022166842,0.4447395022166842,0.2789109494223246,0.1658285527943596
AMZN,logistic_regression,2,2021-10-11,1,1,0.4536616532031418,0.4536616532031418,0.2870375462505406,0.16662410695260116
AMZN,logistic_regression,2,2021-10-12,1,1,0.4113158764977226,0.4113158764977226,0.3504722045754302,0.0608436719222924
AMZN,logistic_regression,2,2021-10-13,1,0,0.3852562548689739,0.380914451453943,0.380914451453943,0.0043418034150309315
AMZN,logistic_regression,2,2021-10-14,1,0,0.4217279375490241,0.35341531830626804,0.35341531830626804,0.06831261924275606
AMZN,logistic_regression,2,2021-10-15,-1,0,0.45471539499614483,0.3073908555278042,0.3073908555278042,0.14732453946834062
AMZN,logistic_regression,2,2021-10-18,-1,0,0.4579644980769814,0.33964889726329517,0.33964889726329517,0.11831560081368625
AMZN,logistic_regression,2,2021-10-19,0,0,0.4898161260610425,0.34164903491875526,0.34164903491875526,0.14816709114228727
AMZN,logistic_regression,2,2021-10-20,0,0,0.4098980319741567,0.35094673598104653,0.35094673598104653,0.058951295993110164
AMZN,logistic_regression,2,2021-10-21,0,0,0.38597961032704026,0.36764853553178833,0.36764853553178833,0.018331074795251923
AMZN,logistic_regression,2,2021-10-22,0,0,0.38889401445350197,0.29744427618607716,0.3136617093604209,0.07523230509308104
AMZN,logistic_regression,2,2021-10-25,0,0,0.405771602427469,0.28608947953145636,0.30813891804107457,0.09763268438639444
AMZN,logistic_regression,2,2021-10-26,0,0,0.4105928906319967,0.2688858792811559,0.32052123008684735,0.09007166054514937
AMZN,logistic_regression,2,2021-10-27,0,0,0.3608314316105427,0.3199738236023792,0.3199738236023792,0.040857608008163515
AMZN,logistic_regression,2,2021-10-28,0,0,0.4951142431754555,0.26386112376638826,0.26386112376638826,0.23125311940906723
AMZN,logistic_regression,2,2021-10-29,1,0,0.4182452246017846,0.34249849161609286,0.34249849161609286,0.07574673298569173
AMZN,logistic_regression,2,2021-11-01,1,1,0.40843845878884116,0.40843845878884116,0.3069490118305364,0.10148944695830475
AMZN,logistic_regression,2,2021-11-02,1,1,0.36325941565919256,0.36325941565919256,0.33283892087524813,0.03042049478394443
AMZN,logistic_regression,2,2021-11-03,1,0,0.353429267807251,0.32948397900706883,0.32948397900706883,0.023945288800182152
AMZN,logistic_regression,2,2021-11-04,0,-1,0.3746165518287805,0.31058968383437907,0.3147937643368404,0.05982278749194009
AMZN,logistic_regression,2,2021-11-05,0,0,0.3938875397548231,0.32460884546467716,0.32460884546467716,0.06927869429014594
AMZN,logistic_regression,2,2021-11-08,0,0,0.3930716855914306,0.3436527871550852,0.3436527871550852,0.04941889843634539
AMZN,logistic_regression,2,2021-11-09,0,0,0.39176488287603506,0.34234404818497255,0.34234404818497255,0.04942083469106251
AMZN,logistic_regression,2,2021-11-10,0,1,0.3713896078994412,0.3713896078994412,0.3449066057695197,0.026483002129921496
AMZN,logistic_regression,2,2021-11-11,1,1,0.38871756490769943,0.38871756490769943,0.36646574516007,0.02225181974762941
AMZN,logistic_regression,2,2021-11-12,1,0,0.37110687915144425,0.3019975801609909,0.3268955406875648,0.044211338463879424
AMZN,logistic_regression,2,2021-11-15,0,0,0.41406418238016224,0.3160918554924407,0.3160918554924407,0.09797232688772156
AMZN,logistic_regression,2,2021-11-16,0,0,0.42546924361349664,0.28922517577409446,0.28922517577409446,0.13624406783940218
AMZN,logistic_regression,2,2021-11-17,0,0,0.38375021905106116,0.3276261400355834,0.3276261400355834,0.05612407901547778
AMZN,logistic_regression,2,2021-11-18,-1,-1,0.36113233597970595,0.3010620941159096,0.3378055699043843,0.023326766075321637
AMZN,logistic_regression,2,2021-11-19,-1,-1,0.4027298915062186,0.3575100333045519,0.3575100333045519,0.045219858201666685
AMZN,logistic_regression,2,2021-11-22,0,-1,0.4454103482408574,0.33001049932617066,0.33001049932617066,0.11539984891468674
AMZN,logistic_regression,2,2021-11-23,-1,-1,0.4235957856513593,0.36213517756851343,0.36213517756851343,0.06146060808284587
AMZN,logistic_regression,2,2021-11-24,-1,1,0.35043714565463924,0.35043714565463924,0.3362754371562127,0.014161708498426517
AMZN,logistic_regression,2,2021-11-26,-1,-1,0.48135257998628755,0.336064147859923,0.336064147859923,0.14528843212636455
AMZN,logistic_regression,2,2021-11-29,-1,-1,0.3942686017907131,0.3235251160858105,0.3235251160858105,0.07074348570490258
AMZN,logistic_regression,2,2021-11-30,0,-1,0.43007773208909106,0.36704915673983823,0.36704915673983823,0.06302857534925282
AMZN,logistic_regression,2,2021-12-01,1,-1,0.4520832014005654,0.38835090323869903,0.38835090323869903,0.06373229816186637
AMZN,logistic_regression,2,2021-12-02,0,1,0.3629823649666645,0.3629823649666645,0.35856295921270126,0.0044194057539632126
AMZN,logistic_regression,2,2021-12-03,0,1,0.4693164602949272,0.4693164602949272,0.3946722435826781,0.07464421671224908
AMZN,logistic_regression,2,2021-12-06,0,1,0.4381570311643857,0.4381570311643857,0.4016123709940803,0.03654466017030539
AMZN,logistic_regression,2,2021-12-07,-1,1,0.39144913309024765,0.39144913309024765,0.3471731550464239,0.04427597804382377
AMZN,logistic_regression,2,2021-12-08,0,1,0.45350752016776685,0.45350752016776685,0.2792823623136338,0.17422515785413306
AMZN,logistic_regression,2,2021-12-09,-1,1,0.4463765710296454,0.4463765710296454,0.2834691893211387,0.16290738170850672
AMZN,logistic_regression,2,2021-12-10,0,1,0.38880232908909634,0.38880232908909634,0.3430993207479325,0.045703008341163864
AMZN,logistic_regression,2,2021-12-13,0,1,0.451024112610724,0.451024112610724,0.2844177991458886,0.1666063134648354
AMZN,logistic_regression,2,2021-12-14,0,1,0.4109565853659871,0.4109565853659871,0.29490081355862857,0.11605577180735854
AMZN,logistic_regression,2,2021-12-15,0,-1,0.3419507004185798,0.33191035666492047,0.33191035666492047,0.010040343753659309
AMZN,logistic_regression,2,2021-12-16,0,1,0.41222539233066746,0.41222539233066746,0.3505668596549553,0.06165853267571214
AMZN,logistic_regression,2,2021-12-17,0,1,0.415675974636383,0.415675974636383,0.30564011035345306,0.11003586428292994
AMZN,logistic_regression,2,2021-12-20,1,1,0.4756843975608934,0.4756843975608934,0.2817192374091936,0.19396516015169984
AMZN,logistic_regression,2,2021-12-21,0,1,0.48006268086735293,0.48006268086735293,0.2799523731377865,0.20011030772956645
AMZN,logistic_regression,2,2021-12-22,0,1,0.43391177669184333,0.43391177669184333,0.29368784784626245,0.14022392884558088
AMZN,logistic_regression,2,2021-12-23,-1,1,0.4578237542278513,0.4578237542278513,0.2937294450838508,0.16409430914400053
AMZN,logistic_regression,2,2021-12-27,0,0,0.4287011581677291,0.3562805470065603,0.3562805470065603,0.07242061116116877
AMZN,logistic_regression,2,2021-12-28,0,1,0.39634617614841855,0.39634617614841855,0.35587317818679337,0.04047299796162518
AMZN,logistic_regression,2,2021-12-29,-1,1,0.38280634506107314,0.38280634506107314,0.37303618217757306,0.009770162883500078
AMZN,logistic_regression,2,2021-12-30,-1,1,0.41755047368488574,0.41755047368488574,0.3404498779863377,0.07710059569854805
AMZN,logistic_regression,2,2021-12-31,-1,0,0.41025654286596436,0.3557343782123813,0.3557343782123813,0.05452216465358306
AMZN,logistic_regression,2,2022-01-03,-1,0,0.39224326466227516,0.3600287527760278,0.3600287527760278,0.032214511886247355
AMZN,logistic_regression,2,2022-01-04,0,0,0.3842841597140998,0.3511342803488672,0.3511342803488672,0.033149879365232615
AMZN,logistic_regression,2,2022-01-05,0,1,0.45560063168760306,0.45560063168760306,0.284931158308793,0.17066947337881005
AMZN,logistic_regression,2,2022-01-06,0,1,0.42733033706889356,0.42733033706889356,0.29299095880230863,0.13433937826658493
AMZN,logistic_regression,2,2022-01-07,0,1,0.45042747753908446,0.45042747753908446,0.2868550934414024,0.16357238409768204
AMZN,logistic_regression,2,2022-01-10,0,1,0.3713050010764695,0.3713050010764695,0.33596673956656653,0.03533826150990299
AMZN,logistic_regression,2,2022-01-11,-1,1,0.4118032176534892,0.4118032176534892,0.34619276109144836,0.06561045656204084
AMZN,logistic_regression,2,2022-01-12,-1,1,0.43408852925654856,0.43408852925654856,0.30121275742472453,0.13287577183182403
AMZN,logistic_regression,2,2022-01-13,-1,1,0.4652572442174452,0.4652572442174452,0.32029723240445324,0.14496001181299195
AMZN,logistic_regression,2,2022-01-14,-1,1,0.41601114656999516,0.41601114656999516,0.33391140390477647,0.08209974266521869
AMZN,logistic_regression,2,2022-01-18,-1,1,0.4987598734528411,0.4987598734528411,0.28462513937850464,0.21413473407433647
AMZN,logistic_regression,2,2022-01-19,-1,1,0.5074161973978004,0.5074161973978004,0.2706249453890899,0.23679125200871054
AMZN,logistic_regression,2,2022-01-20,-1,1,0.472218069043809,0.472218069043809,0.33902510149070975,0.13319296755309923
AMZN,logistic_regression,2,2022-01-21,0,1,0.5353836826407722,0.5353836826407722,0.3054005833003015,0.22998309934047068
AMZN,logistic_regression,2,2022-01-24,1,1,0.4859403146994671,0.4859403146994671,0.3711381118158548,0.11480220288361226
AMZN,logistic_regression,2,2022-01-25,1,1,0.5708221029582905,0.5708221029582905,0.31683473846324184,0.25398736449504866
AMZN,logistic_regression,2,2022-01-26,1,1,0.5862696487755024,0.5862696487755024,0.3613086037011975,0.22496104507430487
AMZN,logistic_regression,2,2022-01-27,0,1,0.6034724590141228,0.6034724590141228,0.3209493453915841,0.28252311362253874
AMZN,logistic_regression,2,2022-01-28,1,1,0.60763157279449,0.60763157279449,0.2469058634472965,0.3607257093471935
AMZN,logistic_regression,2,2022-01-31,1,1,0.5492091287044385,0.5492091287044385,0.3091455829040552,0.2400635458003833
AMZN,logistic_regression,2,2022-02-01,1,1,0.5911837276598749,0.5911837276598749,0.25203471927513765,0.33914900838473727
AMZN,logistic_regression,2,2022-02-02,1,1,0.547224263781028,0.547224263781028,0.29103609220535614,0.2561881715756718
AMZN,logistic_regression,2,2022-02-03,1,1,0.5609457732376885,0.5609457732376885,0.2775915584913604,0.28335421474632805
AMZN,logistic_regression,2,2022-02-04,-1,-1,0.7053326821057734,0.24647453461279586,0.24647453461279586,0.4588581474929775
AMZN,logistic_regression,2,2022-02-07,0,-1,0.4949510392115928,0.3527638902352114,0.3527638902352114,0.1421871489763814
AMZN,logistic_regression,2,2022-02-08,-1,-1,0.3796051423568544,0.3396528290546283,0.3396528290546283,0.039952313302226095
AMZN,logistic_regression,2,2022-02-09,0,0,0.3728981425241989,0.2547704283073395,0.3723314291684617,0.0005667133557372139
AMZN,logistic_regression,2,2022-02-10,-1,1,0.40040376164386976,0.40040376164386976,0.33929632830690204,0.06110743333696772
AMZN,logistic_regression,2,2022-02-11,0,-1,0.541162195871136,0.3377125563266771,0.3377125563266771,0.20344963954445888
AMZN,logistic_regression,2,2022-02-14,-1,-1,0.5650964578022845,0.3397931604008133,0.3397931604008133,0.22530329740147115
AMZN,logistic_regression,2,2022-02-15,-1,-1,0.5563261374797833,0.3313026821874754,0.3313026821874754,0.22502345529230794
AMZN,logistic_regression,2,2022-02-16,-1,-1,0.5452336426745876,0.31981342820324665,0.31981342820324665,0.22542021447134097
AMZN,logistic_regression,2,2022-02-17,0,-1,0.48322464724086095,0.3004848809422399,0.3004848809422399,0.18273976629862104
AMZN,logistic_regression,2,2022-02-18,0,1,0.5925036129863607,0.5925036129863607,0.3129001187182284,0.27960349426813225
AMZN,logistic_regression,2,2022-02-22,0,1,0.5968521383485011,0.5968521383485011,0.29999624502737476,0.2968558933211264
AMZN,logistic_regression,2,2022-02-23,1,1,0.619248357135369,0.619248357135369,0.3379280393519629,0.28132031778340605
AMZN,logistic_regression,2,2022-02-24,-1,1,0.46815068550042227,0.46815068550042227,0.4361970587289747,0.031953626771447585
AMZN,logistic_regression,2,2022-02-25,-1,1,0.5336385562953676,0.5336385562953676,0.3120506979940138,0.2215878583013538
AMZN,logistic_regression,2,2022-02-28,-1,1,0.5467112193048872,0.5467112193048872,0.2617953193171459,0.2849158999877413
AMZN,logistic_regression,2,2022-03-01,-1,1,0.5865245428537766,0.5865245428537766,0.29329226272431375,0.2932322801294629
AMZN,logistic_regression,2,2022-03-02,-1,1,0.5861394698654095,0.5861394698654095,0.22246425541466813,0.3636752144507414
AMZN,logistic_regression,2,2022-03-03,0,1,0.5507493771365198,0.5507493771365198,0.35799242686861027,0.19275695026790957
AMZN,logistic_regression,2,2022-03-04,0,1,0.5417859426387497,0.5417859426387497,0.3103406627957419,0.23144527984300778
AMZN,logistic_regression,2,2022-03-07,1,1,0.6100755759140511,0.6100755759140511,0.32533345263625435,0.2847421232777968
AMZN,logistic_regression,2,2022-03-08,1,1,0.6434761516493273,0.6434761516493273,0.2638028351755593,0.37967331647376795
AMZN,logistic_regression,2,2022-03-09,1,1,0.5373265933925188,0.5373265933925188,0.25131875127645326,0.2860078421160655
AMZN,logistic_regression,2,2022-03-10,1,1,0.5408700047766946,0.5408700047766946,0.36962679297063283,0.17124321180606172
AMZN,logistic_regression,2,2022-03-11,1,1,0.6283489744163746,0.6283489744163746,0.3093370209218432,0.31901195349453143
AMZN,logistic_regression,2,2022-03-14,1,1,0.6981110132318973,0.6981110132318973,0.22335294669152309,0.4747580665403742
AMZN,logistic_regression,2,2022-03-15,1,1,0.5988431299001691,0.5988431299001691,0.24129883771257757,0.35754429218759154
AMZN,logistic_regression,2,2022-03-16,1,1,0.5104183197652273,0.5104183197652273,0.32017564060482845,0.1902426791603989
AMZN,logistic_regression,2,2022-03-17,1,1,0.41615267912430093,0.41615267912430093,0.3793600589018405,0.03679262022246044
AMZN,logistic_regression,2,2022-03-18,1,1,0.33991811339042766,0.33991811339042766,0.3336840383145548,0.006234075075872869
AMZN,logistic_regression,2,2022-03-21,1,0,0.4714140643849436,0.32025774527111295,0.32025774527111295,0.15115631911383065
AMZN,logistic_regression,2,2022-03-22,1,0,0.5887465546337847,0.21712949860338285,0.21712949860338285,0.37161705603040185
AMZN,logistic_regression,2,2022-03-23,0,0,0.45451056551223273,0.26899284218373726,0.2764965923040302,0.17801397320820256
AMZN,logistic_regression,2,2022-03-24,0,0,0.3681198311141751,0.3262597196289872,0.3262597196289872,0.04186011148518792
AMZN,logistic_regression,2,2022-03-25,0,-1,0.36822402536873367,0.2739645919824448,0.3578113826488215,0.010412642719912157
AMZN,logistic_regression,2,2022-03-28,0,0,0.5086999048845741,0.20143281889204817,0.2898672762233778,0.21883262866119624
AMZN,logistic_regression,2,2022-03-29,-1,0,0.4541763577127354,0.23496516891813596,0.3108584733691287,0.1433178843436067
AMZN,logistic_regression,2,2022-03-30,-1,-1,0.4034240733180705,0.3140018002105391,0.3140018002105391,0.08942227310753142
AMZN,logistic_regression,2,2022-03-31,-1,-1,0.4531254864107507,0.34209262040294075,0.34209262040294075,0.11103286600780993
AMZN,logistic_regression,2,2022-04-01,-1,-1,0.43957896073542674,0.3549067497547249,0.3549067497547249,0.08467221098070182
AMZN,logistic_regression,2,2022-04-04,-1,-1,0.4880255458417382,0.27146763206712526,0.27146763206712526,0.21655791377461292
AMZN,logistic_regression,2,2022-04-05,-1,-1,0.45968287038436534,0.3402966322120738,0.3402966322120738,0.11938623817229155
AMZN,logistic_regression,2,2022-04-06,-1,-1,0.3822151483646963,0.36662740315570813,0.36662740315570813,0.015587745208988146
AMZN,logistic_regression,2,2022-04-07,-1,1,0.40352507996065023,0.40352507996065023,0.3595404483235416,0.04398463163710864
AMZN,logistic_regression,2,2022-04-08,0,1,0.46047056448908663,0.46047056448908663,0.28901615226397687,0.17145441222510976
AMZN,logistic_regression,2,2022-04-11,1,1,0.4960174420627323,0.4960174420627323,0.31239960851909754,0.18361783354363476
AMZN,logistic_regression,2,2022-04-12,1,1,0.49898780805277154,0.49898780805277154,0.3523164038569213,0.14667140419585023
AMZN,logistic_regression,2,2022-04-13,-1,1,0.4437277482266374,0.4437277482266374,0.3334861257522897,0.11024162247434771
AMZN,logistic_regression,2,2022-04-14,-1,1,0.5069856885645444,0.5069856885645444,0.2995782441829176,0.20740744438162678
AMZN,logistic_regression,2,2022-04-18,-1,1,0.5167502070435489,0.5167502070435489,0.26763111922372357,0.24911908781982534
AMZN,logistic_regression,2,2022-04-19,-1,1,0.4741212648364889,0.4741212648364889,0.31838467636900075,0.15573658846748817
AMZN,logistic_regression,2,2022-04-20,-1,1,0.5381156649881811,0.5381156649881811,0.2461038439545465,0.2920118210336346
AMZN,logistic_regression,2,2022-04-21,-1,1,0.5049536282168228,0.5049536282168228,0.3684039088983701,0.13654971931845267
AMZN,logistic_regression,2,2022-04-22,-1,1,0.563909693709993,0.563909693709993,0.31409195580984767,0.24981773790014533
AMZN,logistic_regression,2,2022-04-25,-1,1,0.5146854776803873,0.5146854776803873,0.2631839203609194,0.2515015573194679
AMZN,logistic_regression,2,2022-04-26,-1,1,0.5456395579143376,0.5456395579143376,0.33207134025150176,0.21356821766283585
AMZN,logistic_regression,2,2022-04-27,-1,1,0.5432986306297488,0.5432986306297488,0.3295228339366586,0.21377579669309021
AMZN,logistic_regression,2,2022-04-28,-1,1,0.47925619279862014,0.47925619279862014,0.35548026079468487,0.12377593200393527
AMZN,logistic_regression,2,2022-04-29,-1,1,0.7091375230730056,0.7091375230730056,0.1727609473393396,0.536376575733666
AMZN,logistic_regression,2,2022-05-02,-1,1,0.6664417234736056,0.6664417234736056,0.2749028856937588,0.3915388377798468
AMZN,logistic_regression,2,2022-05-03,-1,1,0.6823597320541723,0.6823597320541723,0.26251820474686494,0.4198415273073074
AMZN,logistic_regression,2,2022-05-04,-1,1,0.6470440526410767,0.6470440526410767,0.25462829522656394,0.39241575741451273
AMZN,logistic_regression,2,2022-05-05,-1,1,0.6137138511469101,0.6137138511469101,0.35153634768057074,0.2621775034663394
AMZN,logistic_regression,2,2022-05-06,0,1,0.7618095973390047,0.7618095973390047,0.179253076950952,0.5825565203880527
AMZN,logistic_regression,2,2022-05-09,0,1,0.7992958149757653,0.7992958149757653,0.1704269827092657,0.6288688322664996
AMZN,logistic_regression,2,2022-05-10,1,1,0.7777212674823342,0.7777212674823342,0.18405350776331483,0.5936677597190193
AMZN,logistic_regression,2,2022-05-11,0,1,0.7648651173326525,0.7648651173326525,0.197987531343479,0.5668775859891735
AMZN,logistic_regression,2,2022-05-12,0,1,0.8072660974467855,0.8072660974467855,0.16673903009960098,0.6405270673471845
AMZN,logistic_regression,2,2022-05-13,-1,1,0.7180009607742037,0.7180009607742037,0.15464303902687074,0.563357921747333
AMZN,logistic_regression,2,2022-05-16,-1,1,0.8123232558150975,0.8123232558150975,0.09692970352617487,0.7153935522889225
AMZN,logistic_regression,2,2022-05-17,-1,1,0.7369431680377493,0.7369431680377493,0.14707714365392885,0.5898660243838204
AMZN,logistic_regression,2,2022-05-18,0,1,0.8343837993329328,0.8343837993329328,0.12713526107310497,0.7072485382598279
AMZN,logistic_regression,2,2022-05-19,1,1,0.810193865817944,0.810193865817944,0.10583079238996376,0.7043630734279802
AMZN,logistic_regression,2,2022-05-20,1,1,0.7070237061451905,0.7070237061451905,0.20586346912916895,0.5011602370160215
AMZN,logistic_regression,2,2022-05-23,1,1,0.6745040361126065,0.6745040361126065,0.17704901053010272,0.49745502558250376
AMZN,logistic_regression,2,2022-05-24,1,1,0.6708113936900759,0.6708113936900759,0.16832075301881466,0.5024906406712613
AMZN,logistic_regression,2,2022-05-25,1,1,0.6174031635138233,0.6174031635138233,0.22196944132550633,0.39543372218831696
AMZN,logistic_regression,2,2022-05-26,1,1,0.558818141738941,0.558818141738941,0.25351589218983583,0.3053022495491051
AMZN,logistic_regression,2,2022-05-27,1,1,0.5692829982148121,0.5692829982148121,0.2466399019446729,0.3226430962701392
AMZN,logistic_regression,2,2022-05-31,1,1,0.44148148486901173,0.44148148486901173,0.40710533478970634,0.03437615007930539
AMZN,logistic_regression,2,2022-06-01,0,1,0.5615185963998954,0.5615185963998954,0.35494072994685644,0.206577866453039
AMZN,logistic_regression,2,2022-06-02,-1,1,0.411863253249492,0.411863253249492,0.32883886402630924,0.08302438922318278
AMZN,logistic_regression,2,2022-06-03,-1,1,0.4297384982837722,0.4297384982837722,0.33950726902919043,0.09023122925458177
AMZN,logistic_regression,2,2022-06-06,-1,-1,0.4554205169373448,0.3468373763500251,0.3468373763500251,0.10858314058731972
AMZN,logistic_regression,2,2022-06-07,-1,-1,0.3510760996713064,0.3028354581854729,0.34608844214322076,0.0049876575280856095
AMZN,logistic_regression,2,2022-06-08,-1,-1,0.34509146391442247,0.3109842162743193,0.34392431981125815,0.0011671441031643193
AMZN,logistic_regression,2,2022-06-09,-1,-1,0.46790585715549127,0.3339320694958617,0.3339320694958617,0.13397378765962958
AMZN,logistic_regression,2,2022-06-10,-1,1,0.5067030365211314,0.5067030365211314,0.37087952435212884,0.1358235121690025
AMZN,logistic_regression,2,2022-06-13,1,1,0.6278939035536351,0.6278939035536351,0.3103264329288105,0.31756747062482454
AMZN,logistic_regression,2,2022-06-14,1,1,0.6674811843838505,0.6674811843838505,0.29409571365729337,0.37338547072655714
AMZN,logistic_regression,2,2022-06-15,1,1,0.500986530367905,0.500986530367905,0.45825795322657553,0.04272857714132944
AMZN,logistic_regression,2,2022-06-16,1,1,0.7326582770618947,0.7326582770618947,0.2337397327478868,0.49891854431400784
AMZN,logistic_regression,2,2022-06-17,1,1,0.6985835298115108,0.6985835298115108,0.2445334961737853,0.45405003363772556
AMZN,logistic_regression,2,2022-06-21,0,1,0.6302127710212516,0.6302127710212516,0.33130850129766887,0.29890426972358275
AMZN,logistic_regression,2,2022-06-22,0,1,0.7087410713121716,0.7087410713121716,0.23599955949854665,0.4727415118136249
AMZN,logistic_regression,2,2022-06-23,-1,1,0.5395878376894004,0.5395878376894004,0.38618616100052255,0.15340167668887789
AMZN,logistic_regression,2,2022-06-24,-1,1,0.479311002826811,0.479311002826811,0.30073939642212316,0.17857160640468783
AMZN,logistic_regression,2,2022-06-27,0,1,0.4978311480207704,0.4978311480207704,0.31788043176110015,0.17995071625967024
AMZN,logistic_regression,2,2022-06-28,1,1,0.4757254345565458,0.4757254345565458,0.37711517004172757,0.09861026451481825
AMZN,logistic_regression,2,2022-06-29,1,1,0.44254045651209317,0.44254045651209317,0.2857380715998018,0.15680238491229137
AMZN,logistic_regression,2,2022-06-30,1,1,0.535353816682206,0.535353816682206,0.31589407677077946,0.2194597399114266
AMZN,logistic_regression,2,2022-07-01,0,1,0.41572860448883947,0.41572860448883947,0.3569291598969515,0.05879944459188796
AMZN,logistic_regression,2,2022-07-05,-1,-1,0.49040600938137785,0.3374970982129794,0.3374970982129794,0.15290891116839844
AMZN,logistic_regression,2,2022-07-06,-1,1,0.49523334071229863,0.49523334071229863,0.31641425897373016,0.17881908173856847
AMZN,logistic_regression,2,2022-07-07,-1,1,0.3962172099280921,0.3962172099280921,0.38252374932636685,0.013693460601725271
AMZN,logistic_regression,2,2022-07-08,0,1,0.47649861813710254,0.47649861813710254,0.3553495720839231,0.12114904605317944
AMZN,logistic_regression,2,2022-07-11,0,1,0.5257513242265721,0.5257513242265721,0.37553997613355317,0.15021134809301895
AMZN,logistic_regression,2,2022-07-12,1,-1,0.4626753683938585,0.4457883235623871,0.4457883235623871,0.016887044831471354
AMZN,logistic_regression,2,2022-07-13,1,1,0.386143524033807,0.386143524033807,0.38381233479974675,0.002331189234060227
AMZN,logistic_regression,2,2022-07-14,1,1,0.41044627799676864,0.41044627799676864,0.37986492356044327,0.03058135443632537
AMZN,logistic_regression,2,2022-07-15,1,0,0.3709046723386791,0.3176319712802189,0.3176319712802189,0.05327270105846016
AMZN,logistic_regression,2,2022-07-18,1,1,0.43275796770322106,0.43275796770322106,0.3496762261907987,0.08308174151242237
AMZN,logistic_regression,2,2022-07-19,-1,1,0.41150858949884805,0.41150858949884805,0.2998638052638021,0.11164478423504598
AMZN,logistic_regression,2,2022-07-20,0,-1,0.4014999440195083,0.3397410965363428,0.3397410965363428,0.06175884748316546
AMZN,logistic_regression,2,2022-07-21,0,1,0.3849378281440035,0.3849378281440035,0.3449717533135412,0.03996607483046233
AMZN,logistic_regression,2,2022-07-22,1,-1,0.40674528054437575,0.3949282395006539,0.3949282395006539,0.011817041043721832
AMZN,logistic_regression,2,2022-07-25,1,1,0.36014495218812,0.36014495218812,0.34534734851387716,0.01479760367424282
AMZN,logistic_regression,2,2022-07-26,1,0,0.40288529677482376,0.3144654429364482,0.3144654429364482,0.08841985383837558
AMZN,logistic_regression,2,2022-07-27,1,-1,0.49375180116947154,0.19714321907301913,0.3091049797575094,0.18464682141196215
AMZN,logistic_regression,2,2022-07-28,1,-1,0.44855795942313426,0.1692050267142753,0.38223701386259046,0.0663209455605438
AMZN,logistic_regression,2,2022-07-29,1,-1,0.7458798461090196,0.09741101910035015,0.15670913479063023,0.5891707113183894
AMZN,logistic_regression,2,2022-08-01,1,-1,0.5873951710072564,0.1298479890915029,0.28275683990124073,0.3046383311060156
AMZN,logistic_regression,2,2022-08-02,1,-1,0.40743749800891715,0.271520703689947,0.32104179830113583,0.08639569970778133
AMZN,logistic_regression,2,2022-08-03,1,-1,0.5882695173553474,0.1649762024236504,0.24675428022100226,0.3415152371343451
AMZN,logistic_regression,2,2022-08-04,0,-1,0.6286909119666377,0.1771077886533474,0.1942012993800149,0.43448961258662283
AMZN,logistic_regression,2,2022-08-05,0,-1,0.6204545279903816,0.14136157092066592,0.2381839010889524,0.3822706269014292
AMZN,logistic_regression,2,2022-08-08,1,-1,0.6783032497028335,0.11877937348201438,0.20291737681515198,0.4753858728876815
AMZN,logistic_regression,2,2022-08-09,1,0,0.5399366527533132,0.1087539583654697,0.3513093888812171,0.18862726387209605
AMZN,logistic_regression,2,2022-08-10,0,-1,0.492204561329961,0.10056268685739818,0.40723275181264096,0.08497180951732003
AMZN,logistic_regression,2,2022-08-11,0,-1,0.544586498108605,0.11322568777809283,0.34218781411330207,0.20239868399530297
AMZN,logistic_regression,2,2022-08-12,-1,-1,0.5235547997002398,0.19178698674063002,0.28465821355913024,0.23889658614110953
AMZN,logistic_regression,2,2022-08-15,-1,-1,0.4393013185515128,0.20019711118437694,0.3605015702641103,0.0787997482874025
AMZN,logistic_regression,2,2022-08-16,-1,-1,0.4434088919380785,0.1931888808251447,0.3634022272367768,0.08000666470130169
AMZN,logistic_regression,2,2022-08-17,-1,-1,0.4708621170323245,0.2575261661445122,0.2716117168231634,0.19925040020916113
AMZN,logistic_regression,2,2022-08-18,-1,-1,0.4481754737030162,0.2936854993275739,0.2936854993275739,0.15448997437544232
AMZN,logistic_regression,2,2022-08-19,-1,-1,0.4484688584904659,0.2741291681436159,0.2774019733659182,0.1710668851245477
AMZN,logistic_regression,2,2022-08-22,-1,-1,0.4344474458855459,0.31806321854905617,0.31806321854905617,0.11638422733648973
AMZN,logistic_regression,2,2022-08-23,-1,-1,0.4241112588786245,0.2604870294898355,0.31540171163154007,0.10870954724708443
AMZN,logistic_regression,2,2022-08-24,-1,-1,0.4022367899162001,0.3141296619289327,0.3141296619289327,0.08810712798726739
AMZN,logistic_regression,2,2022-08-25,-1,-1,0.4159404980105258,0.26059221653946185,0.3234672854500124,0.09247321256051338
AMZN,logistic_regression,2,2022-08-26,-1,-1,0.4920683744497097,0.3911167300959817,0.3911167300959817,0.100951644353728
AMZN,logistic_regression,2,2022-08-29,-1,1,0.4912688189494651,0.4912688189494651,0.3040849407272398,0.18718387822222532
AMZN,logistic_regression,2,2022-08-30,0,1,0.48244944396541845,0.48244944396541845,0.3928405199909316,0.08960892397448683
AMZN,logistic_regression,2,2022-08-31,1,1,0.537959262295539,0.537959262295539,0.31142321331037404,0.226536048985165
AMZN,logistic_regression,2,2022-09-01,1,1,0.48048825235562714,0.48048825235562714,0.34891676764869545,0.1315714847069317
AMZN,logistic_regression,2,2022-09-02,1,1,0.5109418693959216,0.5109418693959216,0.34586983490250534,0.16507203449341623
AMZN,logistic_regression,2,2022-09-06,0,1,0.5109089738843542,0.5109089738843542,0.26834474314956447,0.24256423073478972
AMZN,logistic_regression,2,2022-09-07,0,1,0.4242149456507932,0.4242149456507932,0.3194885131584724,0.10472643249232083
AMZN,logistic_regression,2,2022-09-08,-1,1,0.45187576776122845,0.45187576776122845,0.3106857882718742,0.14118997948935424
AMZN,logistic_regression,2,2022-09-09,-1,1,0.4564707970780108,0.4564707970780108,0.28531132080460386,0.17115947627340694
AMZN,logistic_regression,2,2022-09-12,-1,0,0.37831551357739274,0.36712086758648216,0.36712086758648216,0.011194645990910579
AMZN,logistic_regression,2,2022-09-13,-1,1,0.49677004405154035,0.49677004405154035,0.31183895086234104,0.1849310931891993
AMZN,logistic_regression,2,2022-09-14,-1,1,0.43900147992476657,0.43900147992476657,0.34342441926387623,0.09557706066089033
AMZN,logistic_regression,2,2022-09-15,-1,1,0.4022743892006273,0.4022743892006273,0.39168005680637613,0.010594332394251171
AMZN,logistic_regression,2,2022-09-16,-1,1,0.4368596455697604,0.4368596455697604,0.28305038176355707,0.15380926380620336
AMZN,logistic_regression,2,2022-09-19,-1,-1,0.42927380514875974,0.37491190139823366,0.37491190139823366,0.054361903750526075
AMZN,logistic_regression,2,2022-09-20,-1,1,0.459305016109347,0.459305016109347,0.3220444002753204,0.1372606158340266
AMZN,logistic_regression,2,2022-09-21,0,1,0.511592226939697,0.511592226939697,0.3886052540145713,0.12298697292512567
AMZN,logistic_regression,2,2022-09-22,-1,1,0.5527389605174513,0.5527389605174513,0.30559248740561407,0.24714647311183724
AMZN,logistic_regression,2,2022-09-23,0,1,0.6353506840250019,0.6353506840250019,0.29337860425835505,0.3419720797666469
AMZN,logistic_regression,2,2022-09-26,0,1,0.6315306476362679,0.6315306476362679,0.31363126744548075,0.3178993801907871
AMZN,logistic_regression,2,2022-09-27,1,1,0.6253718925380929,0.6253718925380929,0.2906576875643216,0.3347142049737713
AMZN,logistic_regression,2,2022-09-28,1,1,0.6328609360360049,0.6328609360360049,0.23262363301165634,0.40023730302434857
AMZN,logistic_regression,2,2022-09-29,1,1,0.6842958681955923,0.6842958681955923,0.191260445518538,0.4930354226770543
AMZN,logistic_regression,2,2022-09-30,0,1,0.719435650355383,0.719435650355383,0.1767822387694032,0.5426534115859798
AMZN,logistic_regression,2,2022-10-03,0,1,0.6342110047984407,0.6342110047984407,0.20957952031385987,0.4246314844845809
AMZN,logistic_regression,2,2022-10-04,-1,1,0.5571160298652004,0.5571160298652004,0.22169588232797843,0.33542014753722194
AMZN,logistic_regression,2,2022-10-05,-1,1,0.5226227192144668,0.5226227192144668,0.24466281475841042,0.27795990445605634
AMZN,logistic_regression,2,2022-10-06,-1,1,0.5592628935335532,0.5592628935335532,0.22469508759738277,0.3345678059361704
AMZN,logistic_regression,2,2022-10-07,-1,1,0.5911248391694103,0.5911248391694103,0.22504029294369596,0.3660845462257143
AMZN,logistic_regression,2,2022-10-10,0,1,0.5997361734652873,0.5997361734652873,0.2822895229181112,0.3174466505471761
AMZN,logistic_regression,2,2022-10-11,1,1,0.5212391473163108,0.5212391473163108,0.3239834244446023,0.1972557228717085
AMZN,logistic_regression,2,2022-10-12,0,1,0.5924981193803639,0.5924981193803639,0.29612883608848006,0.29636928329188383
AMZN,logistic_regression,2,2022-10-13,1,1,0.4332852623373827,0.4332852623373827,0.2839256273680766,0.1493596349693061
AMZN,logistic_regression,2,2022-10-14,1,1,0.5457074325659672,0.5457074325659672,0.39690236163738346,0.14880507092858375
AMZN,logistic_regression,2,2022-10-17,1,1,0.5074667829989622,0.5074667829989622,0.35996087642933555,0.14750590656962664
AMZN,logistic_regression,2,2022-10-18,1,1,0.5179093551626529,0.5179093551626529,0.4120002287296188,0.10590912643303413
AMZN,logistic_regression,2,2022-10-19,0,1,0.6142152856822883,0.6142152856822883,0.28457672362485953,0.3296385620574288
AMZN,logistic_regression,2,2022-10-20,-1,1,0.5459164168320747,0.5459164168320747,0.3502409928218788,0.1956754240101959
AMZN,logistic_regression,2,2022-10-21,-1,1,0.4674023365153931,0.4674023365153931,0.29996645442752473,0.16743588208786836
AMZN,logistic_regression,2,2022-10-24,-1,1,0.4415852150062008,0.4415852150062008,0.28011291617693396,0.16147229882926684
AMZN,logistic_regression,2,2022-10-25,-1,0,0.42410517252425806,0.3495925440144728,0.3495925440144728,0.07451262850978524
AMZN,logistic_regression,2,2022-10-26,-1,1,0.3856714045418543,0.3856714045418543,0.351965843126633,0.0337055614152213
AMZN,logistic_regression,2,2022-10-27,-1,1,0.4182785890369429,0.4182785890369429,0.34098848790338265,0.07729010113356027
AMZN,logistic_regression,2,2022-10-28,-1,0,0.7259734715667552,0.19856734698952583,0.19856734698952583,0.5274061245772294
AMZN,logistic_regression,2,2022-10-31,-1,1,0.5099917547956218,0.5099917547956218,0.3396152668972668,0.17037648789835497
AMZN,logistic_regression,2,2022-11-01,-1,1,0.4820024645469291,0.4820024645469291,0.4540370399743921,0.02796542457253698
AMZN,logistic_regression,2,2022-11-02,-1,1,0.6367093555493376,0.6367093555493376,0.31313562049398014,0.32357373505535747
AMZN,logistic_regression,3,2022-11-03,1,1,0.573359761780945,0.573359761780945,0.29176840314943386,0.2815913586315112
AMZN,logistic_regression,3,2022-11-04,1,1,0.6259750189917209,0.6259750189917209,0.24989258106699544,0.3760824379247255
AMZN,logistic_regression,3,2022-11-07,1,1,0.6066415637361792,0.6066415637361792,0.2381054515020468,0.3685361122341324
AMZN,logistic_regression,3,2022-11-08,1,1,0.6007559653604299,0.6007559653604299,0.22972779439899485,0.37102817096143503
AMZN,logistic_regression,3,2022-11-09,1,1,0.6383864650632695,0.6383864650632695,0.19413289245551474,0.4442535726077547
AMZN,logistic_regression,3,2022-11-10,0,1,0.5382487866153058,0.5382487866153058,0.28826963784594384,0.249979148769362
AMZN,logistic_regression,3,2022-11-11,-1,1,0.37739970427796815,0.37739970427796815,0.31657224478962526,0.060827459488342894
AMZN,logistic_regression,3,2022-11-14,-1,1,0.37261714509505445,0.37261714509505445,0.3379783408288978,0.03463880426615662
AMZN,logistic_regression,3,2022-11-15,-1,1,0.4127000240101437,0.4127000240101437,0.3614357742359702,0.05126424977417354
AMZN,logistic_regression,3,2022-11-16,-1,0,0.5304519821048252,0.2600395145706301,0.2600395145706301,0.2704124675341951
AMZN,logistic_regression,3,2022-11-17,0,0,0.5235616929590428,0.28059788206048414,0.28059788206048414,0.24296381089855862
AMZN,logistic_regression,3,2022-11-18,0,0,0.440526777342027,0.34714904986472817,0.34714904986472817,0.09337772747729883
AMZN,logistic_regression,3,2022-11-21,0,0,0.4165545936753421,0.3451281998550661,0.3451281998550661,0.07142639382027599
AMZN,logistic_regression,3,2022-11-22,1,0,0.45936611664288235,0.29790316099797304,0.29790316099797304,0.1614629556449093
AMZN,logistic_regression,3,2022-11-23,0,0,0.5669571237341156,0.22526386005289,0.22526386005289,0.34169326368122555
AMZN,logistic_regression,3,2022-11-25,0,1,0.3829811610235639,0.3829811610235639,0.3726912062389095,0.010289954784654387
AMZN,logistic_regression,3,2022-11-28,-1,-1,0.38320895468374505,0.3629825279204756,0.3629825279204756,0.020226426763269467
AMZN,logistic_regression,3,2022-11-29,-1,1,0.379490700563972,0.379490700563972,0.3481659108979889,0.03132478966598312
AMZN,logistic_regression,3,2022-11-30,-1,-1,0.4712232994521632,0.2612243292416432,0.2675523713061936,0.2036709281459696
AMZN,logistic_regression,3,2022-12-01,-1,-1,0.41214931547669365,0.2835405768832272,0.30431010764007926,0.10783920783661438
AMZN,logistic_regression,3,2022-12-02,-1,-1,0.40390920342306097,0.2398862224438987,0.3562045741330404,0.04770462929002056
AMZN,logistic_regression,3,2022-12-05,0,-1,0.4147012716219038,0.2772425488680191,0.30805617951007724,0.10664509211182654
AMZN,logistic_regression,3,2022-12-06,1,-1,0.42431520206446927,0.2910538170551606,0.2910538170551606,0.13326138500930867
AMZN,logistic_regression,3,2022-12-07,1,-1,0.4514158022870716,0.28149551232369574,0.28149551232369574,0.16992028996337588
AMZN,logistic_regression,3,2022-12-08,-1,-1,0.4606651862751598,0.27474607927896283,0.27474607927896283,0.18591910699619696
AMZN,logistic_regression,3,2022-12-09,0,-1,0.41262231796265686,0.2692087906258113,0.3181688914115318,0.09445342655112504
AMZN,logistic_regression,3,2022-12-12,-1,-1,0.36357975893015543,0.3008380963256235,0.335582144744221,0.02799761418593444
AMZN,logistic_regression,3,2022-12-13,-1,1,0.3756046586400749,0.3756046586400749,0.32696972148486475,0.04863493715521017
AMZN,logistic_regression,3,2022-12-14,-1,-1,0.37756952746234745,0.36874822085161846,0.36874822085161846,0.008821306610728996
AMZN,logistic_regression,3,2022-12-15,-1,-1,0.39032284341558565,0.3515479145564949,0.3515479145564949,0.03877492885909073
AMZN,logistic_regression,3,2022-12-16,-1,-1,0.39144445605435246,0.34559078410037486,0.34559078410037486,0.045853671953977604
AMZN,logistic_regression,3,2022-12-19,-1,-1,0.38595635803796896,0.3726737134856073,0.3726737134856073,0.013282644552361667
AMZN,logistic_regression,3,2022-12-20,-1,-1,0.38088301782482825,0.34215872769463457,0.34215872769463457,0.038724290130193684
AMZN,logistic_regression,3,2022-12-21,-1,-1,0.38678041644807565,0.2986638523273588,0.3145557312245655,0.07222468522351017
AMZN,logistic_regression,3,2022-12-22,0,-1,0.40250488716029637,0.34067039646959885,0.34067039646959885,0.06183449069069752
AMZN,logistic_regression,3,2022-12-23,0,-1,0.4094300979210817,0.3315845218774246,0.3315845218774246,0.0778455760436571
AMZN,logistic_regression,3,2022-12-27,1,1,0.38178572483939954,0.38178572483939954,0.32536410982782943,0.056421615011570114
AMZN,logistic_regression,3,2022-12-28,0,1,0.4516514976478742,0.4516514976478742,0.33088262530323465,0.12076887234463957
AMZN,logistic_regression,3,2022-12-29,1,1,0.38758317103402706,0.38758317103402706,0.3563507502694504,0.031232420764576663
AMZN,logistic_regression,3,2022-12-30,1,-1,0.34567255686513926,0.3398458516380227,0.3398458516380227,0.005826705227116535
AMZN,logistic_regression,3,2023-01-03,1,1,0.41374775610922043,0.41374775610922043,0.34245106981851364,0.07129668629070679
AMZN,logistic_regression,3,2023-01-04,1,1,0.35487878042694476,0.35487878042694476,0.3268030528628755,0.028075727564069286
AMZN,logistic_regression,3,2023-01-05,1,1,0.38572232890123564,0.38572232890123564,0.3147485580192107,0.07097377088202494
AMZN,logistic_regression,3,2023-01-06,1,-1,0.3658913601369978,0.34799173919257037,0.34799173919257037,0.01789962094442743
AMZN,logistic_regression,3,2023-01-09,1,1,0.3636333890331915,0.3636333890331915,0.3401443100806594,0.023489078952532105
AMZN,logistic_regression,3,2023-01-10,1,1,0.34530334902320253,0.34530334902320253,0.32922756061548397,0.01607578840771856
AMZN,logistic_regression,3,2023-01-11,0,0,0.39338462263552765,0.26904453807087014,0.3375708392936022,0.05581378334192544
AMZN,logistic_regression,3,2023-01-12,1,0,0.4281391586484301,0.2910690856835929,0.2910690856835929,0.1370700729648372
AMZN,logistic_regression,3,2023-01-13,0,0,0.3802413138466354,0.2694882032323287,0.35027048292103596,0.029970830925599434
AMZN,logistic_regression,3,2023-01-17,0,0,0.4197261110427102,0.27738416185586484,0.302889727101425,0.1168363839412852
AMZN,logistic_regression,3,2023-01-18,0,1,0.39002813369113254,0.39002813369113254,0.31848675335364546,0.07154138033748708
AMZN,logistic_regression,3,2023-01-19,1,-1,0.36243888706844063,0.2978595621937095,0.33970155073784986,0.022737336330590774
AMZN,logistic_regression,3,2023-01-20,1,0,0.3792899418698422,0.25753790289202666,0.3631721552381311,0.016117786631711095
AMZN,logistic_regression,3,2023-01-23,1,0,0.4158182136167653,0.23101638852694031,0.3531653978562943,0.06265281576047099
AMZN,logistic_regression,3,2023-01-24,1,-1,0.3845086730753982,0.255178417789996,0.36031290913460584,0.02419576394079237
AMZN,logistic_regression,3,2023-01-25,1,-1,0.45375891778833133,0.2330730878952002,0.3131679943164685,0.1405909234718628
AMZN,logistic_regression,3,2023-01-26,1,-1,0.44388427781454476,0.2964567213810222,0.2964567213810222,0.14742755643352257
AMZN,logistic_regression,3,2023-01-27,0,-1,0.4818816081830766,0.2708356186632572,0.2708356186632572,0.2110459895198194
AMZN,logistic_regression,3,2023-01-30,0,-1,0.4820006306748234,0.2877727122435445,0.2877727122435445,0.1942279184312789
AMZN,logistic_regression,3,2023-01-31,0,-1,0.45678609855234714,0.2407226369382485,0.3024912645094043,0.15429483404294286
AMZN,logistic_regression,3,2023-02-01,-1,-1,0.4278497159214842,0.2294676961861117,0.34268258789240413,0.08516712802908005
AMZN,logistic_regression,3,2023-02-02,-1,-1,0.47359025323141085,0.1989605285094757,0.32744921825911344,0.1461410349722974
AMZN,logistic_regression,3,2023-02-03,-1,-1,0.5977569970355703,0.12592770509634105,0.2763152978680886,0.32144169916748166
AMZN,logistic_regression,3,2023-02-06,-1,-1,0.5657630655309656,0.2004275822606756,0.23380935220835888,0.3319537133226067
AMZN,logistic_regression,3,2023-02-07,-1,-1,0.5106790793729498,0.13934705176983442,0.34997386885721565,0.1607052105157341
AMZN,logistic_regression,3,2023-02-08,0,-1,0.5036967700211586,0.23987200204771242,0.25643122793112894,0.2472655420900297
AMZN,logistic_regression,3,2023-02-09,0,-1,0.4514784470794832,0.3004149700570335,0.3004149700570335,0.1510634770224497
AMZN,logistic_regression,3,2023-02-10,0,-1,0.45610492681662623,0.2603963001629365,0.28349877302043724,0.172606153796189
AMZN,logistic_regression,3,2023-02-13,-1,-1,0.4006655682199938,0.25644968735853074,0.34288474442147543,0.057780823798518344
AMZN,logistic_regression,3,2023-02-14,-1,-1,0.4493973747760018,0.25188091562653503,0.2987217095974631,0.1506756651785387
AMZN,logistic_regression,3,2023-02-15,-1,-1,0.4130216356711307,0.28586861399646224,0.30110975033240694,0.11191188533872376
AMZN,logistic_regression,3,2023-02-16,-1,-1,0.4176365254690426,0.33644659924409703,0.33644659924409703,0.08118992622494559
AMZN,logistic_regression,3,2023-02-17,-1,0,0.3445117231980134,0.327316916863469,0.3281713599385177,0.01634036325949567
AMZN,logistic_regression,3,2023-02-21,0,-1,0.3583850699848214,0.3100785679340991,0.33153636208107945,0.026848707903741942
AMZN,logistic_regression,3,2023-02-22,-1,-1,0.36872456635484324,0.3436921229197487,0.3436921229197487,0.02503244343509453
AMZN,logistic_regression,3,2023-02-23,-1,-1,0.34169888520328545,0.3184237896073493,0.33987732518936514,0.0018215600139203092
AMZN,logistic_regression,3,2023-02-24,0,0,0.3832181090334395,0.2807577457246128,0.3360241452419476,0.04719396379149188
AMZN,logistic_regression,3,2023-02-27,0,0,0.39185578252188713,0.33445895311365403,0.33445895311365403,0.0573968294082331
AMZN,logistic_regression,3,2023-02-28,0,0,0.3760379945200492,0.34751522695746023,0.34751522695746023,0.02852276756258898
AMZN,logistic_regression,3,2023-03-01,0,1,0.3817802160171549,0.3817802160171549,0.34182309992486254,0.039957116092292355
AMZN,logistic_regression,3,2023-03-02,0,0,0.3638062055527129,0.35824223631274077,0.35824223631274077,0.005563969239972155
AMZN,logistic_regression,3,2023-03-03,-1,0,0.41769435709669406,0.3661536973665264,0.3661536973665264,0.05154065973016764
AMZN,logistic_regression,3,2023-03-06,0,0,0.3767998059896915,0.34930030747872715,0.34930030747872715,0.027499498510964338
AMZN,logistic_regression,3,2023-03-07,0,1,0.37653583019659803,0.37653583019659803,0.3606669064121583,0.015868923784439715
AMZN,logistic_regression,3,2023-03-08,1,0,0.38255780798522276,0.33038092111094647,0.33038092111094647,0.052176886874276296
AMZN,logistic_regression,3,2023-03-09,1,1,0.41093107373024135,0.41093107373024135,0.29976729821345316,0.11116377551678819
AMZN,logistic_regression,3,2023-03-10,1,1,0.41372739959224053,0.41372739959224053,0.29604472280978145,0.11768267678245908
AMZN,logistic_regression,3,2023-03-13,1,1,0.4092562346051227,0.4092562346051227,0.349419066513381,0.05983716809174172
AMZN,logistic_regression,3,2023-03-14,1,1,0.37303755929336785,0.37303755929336785,0.32120253579221436,0.05183502350115349
AMZN,logistic_regression,3,2023-03-15,1,1,0.34303865082451773,0.34303865082451773,0.3427572662245461,0.00028138459997162357
AMZN,logistic_regression,3,2023-03-16,0,-1,0.3420098859065661,0.32871565719350077,0.3292744568999332,0.012735429006632937
AMZN,logistic_regression,3,2023-03-17,0,1,0.379497516618322,0.379497516618322,0.3337523594285199,0.0457451571898021
AMZN,logistic_regression,3,2023-03-20,0,-1,0.3408139160836147,0.3403098254130588,0.3403098254130588,0.0005040906705559012
AMZN,logistic_regression,3,2023-03-21,-1,-1,0.3460710172534524,0.3188808694174501,0.3350481133290975,0.011022903924354899
AMZN,logistic_regression,3,2023-03-22,0,1,0.39401835771381033,0.39401835771381033,0.32598591387257375,0.06803244384123658
AMZN,logistic_regression,3,2023-03-23,1,1,0.3850222308286942,0.3850222308286942,0.3253771745180801,0.059645056310614064
AMZN,logistic_regression,3,2023-03-24,1,0,0.40639044980505207,0.2708322524995159,0.322777297695432,0.08361315210962006
AMZN,logistic_regression,3,2023-03-27,1,1,0.340511990195268,0.340511990195268,0.3335477240985466,0.006964266096721405
AMZN,logistic_regression,3,2023-03-28,1,1,0.359491123685301,0.359491123685301,0.32651134079276717,0.03297978289253384
AMZN,logistic_regression,3,2023-03-29,0,-1,0.3571762561078335,0.31932289928332,0.3235008446088464,0.03367541149898706
AMZN,logistic_regression,3,2023-03-30,0,-1,0.38923216388055604,0.33754593051722315,0.33754593051722315,0.05168623336333289
AMZN,logistic_regression,3,2023-03-31,0,-1,0.374055738065038,0.2856895996666312,0.34025466226833073,0.03380107579670727
AMZN,logistic_regression,3,2023-04-03,-1,-1,0.3819474295028171,0.25503389272833743,0.36301867776884555,0.01892875173397157
AMZN,logistic_regression,3,2023-04-04,-1,-1,0.3598603671434433,0.33023771879140595,0.33023771879140595,0.029622648352037373
AMZN,logistic_regression,3,2023-04-05,0,-1,0.3442907472854169,0.3136405840931228,0.34206866862146024,0.0022220786639566836
AMZN,logistic_regression,3,2023-04-06,0,0,0.3442581678361814,0.31208206237445246,0.34365976978936624,0.0005983980468151628
AMZN,logistic_regression,3,2023-04-10,0,0,0.3839495845695339,0.2863724441798201,0.3296779712506461,0.0542716133188878
AMZN,logistic_regression,3,2023-04-11,1,0,0.4525805177113557,0.26825118790975044,0.27916829437889373,0.17341222333246198
AMZN,logistic_regression,3,2023-04-12,1,0,0.39645707600437746,0.32889777490952404,0.32889777490952404,0.06755930109485342
AMZN,logistic_regression,3,2023-04-13,0,0,0.3642925055493006,0.35105940473094954,0.35105940473094954,0.013233100818351051
AMZN,logistic_regression,3,2023-04-14,1,0,0.37568834020371406,0.3552365853230635,0.3552365853230635,0.02045175488065054
AMZN,logistic_regression,3,2023-04-17,1,1,0.3944056876165167,0.3944056876165167,0.3544929790904064,0.039912708526110285
AMZN,logistic_regression,3,2023-04-18,0,0,0.38557788219231587,0.3424812228831456,0.3424812228831456,0.04309665930917028
AMZN,logistic_regression,3,2023-04-19,0,0,0.3603156537153138,0.3380108895645288,0.3380108895645288,0.022304764150785028
AMZN,logistic_regression,3,2023-04-20,1,0,0.41613775402246794,0.3208786504401121,0.3208786504401121,0.09525910358235584
AMZN,logistic_regression,3,2023-04-21,0,1,0.364281603827598,0.364281603827598,0.3569960982741656,0.007285505553432381
AMZN,logistic_regression,3,2023-04-24,-1,0,0.3524301921863264,0.3359338729449376,0.3359338729449376,0.01649631924138878
AMZN,logistic_regression,3,2023-04-25,0,0,0.3756396974514333,0.3101332566854729,0.31422704586309386,0.06141265158833942
AMZN,logistic_regression,3,2023-04-26,0,0,0.3792810859927442,0.31391443305578814,0.31391443305578814,0.06536665293695604
AMZN,logistic_regression,3,2023-04-27,-1,0,0.38383407525145835,0.28352720075622,0.33263872399232153,0.05119535125913682
AMZN,logistic_regression,3,2023-04-28,0,0,0.37506772914485015,0.2657281915880606,0.35920407926708914,0.01586364987776101
AMZN,logistic_regression,3,2023-05-01,1,-1,0.364038925499273,0.29159167492101834,0.34436939957970875,0.01966952591956428
AMZN,logistic_regression,3,2023-05-02,1,-1,0.39331832166748343,0.2676420033559325,0.3390396749765841,0.054278646690899324
AMZN,logistic_regression,3,2023-05-03,1,-1,0.3586845054738635,0.33501548687589633,0.33501548687589633,0.023669018597967162
AMZN,logistic_regression,3,2023-05-04,1,-1,0.3942327608052604,0.3257698781121175,0.3257698781121175,0.06846288269314288
AMZN,logistic_regression,3,2023-05-05,1,-1,0.3855717709667454,0.2680437347540251,0.3463844942792294,0.03918727668751598
AMZN,logistic_regression,3,2023-05-08,1,-1,0.3703810281318153,0.27722641351733784,0.3523925583508469,0.017988469780968408
AMZN,logistic_regression,3,2023-05-09,1,-1,0.38221494907716,0.2504707067239097,0.3673143441989302,0.014900604878229806
AMZN,logistic_regression,3,2023-05-10,1,-1,0.4259375968190956,0.23333671227903113,0.3407256909018734,0.08521190591722222
AMZN,logistic_regression,3,2023-05-11,1,-1,0.4142709465722196,0.3137593957659573,0.3137593957659573,0.10051155080626228
AMZN,logistic_regression,3,2023-05-12,1,-1,0.3757129958668924,0.29141141674468374,0.33287558738842393,0.04283740847846845
AMZN,logistic_regression,3,2023-05-15,1,0,0.4040174912267937,0.24772340754047703,0.34825910123272935,0.05575838999406435
AMZN,logistic_regression,3,2023-05-16,0,-1,0.39685151768301247,0.24630388551213556,0.356844596804852,0.04000692087816049
AMZN,logistic_regression,3,2023-05-17,0,0,0.4134842213540147,0.2431040171703005,0.3434117614756848,0.07007245987832988
AMZN,logistic_regression,3,2023-05-18,-1,0,0.43048595081091434,0.22188737306007297,0.34762667612901266,0.08285927468190168
AMZN,logistic_regression,3,2023-05-19,1,0,0.4294264586935554,0.2589614977386589,0.31161204356778566,0.11781441512576973
AMZN,logistic_regression,3,2023-05-22,1,0,0.43337405711181576,0.2449688189537841,0.32165712393440027,0.11171693317741549
AMZN,logistic_regression,3,2023-05-23,1,-1,0.37597803442130673,0.2678066951866296,0.3562152703920637,0.01976276402924304
AMZN,logistic_regression,3,2023-05-24,1,-1,0.34321911460961535,0.3393732721802456,0.3393732721802456,0.00384584242936975
AMZN,logistic_regression,3,2023-05-25,1,0,0.3615826945370013,0.31739531309802804,0.32102199236497064,0.04056070217203067
AMZN,logistic_regression,3,2023-05-26,1,-1,0.4436967327901422,0.25170793925227414,0.3045953279575836,0.13910140483255862
AMZN,logistic_regression,3,2023-05-30,1,-1,0.47184513302741415,0.2358124736659998,0.29234239330658607,0.1795027397208281
AMZN,logistic_regression,3,2023-05-31,0,-1,0.43593851068563166,0.25648183990990264,0.30757964940446575,0.12835886128116591
AMZN,logistic_regression,3,2023-06-01,0,-1,0.44491088235221027,0.25291858670919876,0.302170530938591,0.1427403514136193
AMZN,logistic_regression,3,2023-06-02,0,-1,0.39936487581817237,0.26064227862648126,0.33999284555534637,0.059372030262826
AMZN,logistic_regression,3,2023-06-05,0,-1,0.4506403013445374,0.23351427334049207,0.31584542531497056,0.13479487602956686
AMZN,logistic_regression,3,2023-06-06,0,-1,0.42695949936662425,0.20809181867606488,0.3649486819573108,0.06201081740931347
AMZN,logistic_regression,3,2023-06-07,1,-1,0.40403900367805634,0.221109683441216,0.3748513128807277,0.029187690797328636
AMZN,logistic_regression,3,2023-06-08,1,-1,0.39539516474317793,0.2756461380711371,0.32895869718568505,0.06643646755749288
AMZN,logistic_regression,3,2023-06-09,0,0,0.43791406643501823,0.22770510623181625,0.3343808273331654,0.10353323910185286
AMZN,logistic_regression,3,2023-06-12,0,-1,0.4027844167101811,0.2596493228126462,0.33756626047717275,0.06521815623300836
AMZN,logistic_regression,3,2023-06-13,0,-1,0.3804771905696026,0.25064652195119064,0.36887628747920675,0.011600903090395853
AMZN,logistic_regression,3,2023-06-14,1,0,0.4178300122085997,0.26061185619850735,0.3215581315928929,0.0962718806157068
AMZN,logistic_regression,3,2023-06-15,0,0,0.4351893856383769,0.2240799840499394,0.3407306303116837,0.09445875532669318
AMZN,logistic_regression,3,2023-06-16,0,0,0.41595838071530233,0.26744946883312015,0.31659215045157746,0.09936623026372488
AMZN,logistic_regression,3,2023-06-20,1,-1,0.36911565580726097,0.29002736833785514,0.34085697585488384,0.02825867995237713
AMZN,logistic_regression,3,2023-06-21,1,-1,0.3818908163560298,0.28310845777682897,0.3350007258671413,0.04689009048888848
AMZN,logistic_regression,3,2023-06-22,0,0,0.3929429498979253,0.2496760085668679,0.35738104153520694,0.03556190836271833
AMZN,logistic_regression,3,2023-06-23,0,0,0.4013546901452112,0.28657547578156417,0.31206983407322453,0.08928485607198666
AMZN,logistic_regression,3,2023-06-26,1,-1,0.3550133644649112,0.2919168505298512,0.3530697850052375,0.0019435794596737166
AMZN,logistic_regression,3,2023-06-27,0,0,0.39247055364537753,0.28767382212594134,0.3198556242286811,0.07261492941669645
AMZN,logistic_regression,3,2023-06-28,0,0,0.4052619761513748,0.2874585896574472,0.3072794341911781,0.09798254196019673
AMZN,logistic_regression,3,2023-06-29,0,0,0.41323060947714413,0.2844081000018587,0.3023612905209973,0.11086931895614682
AMZN,logistic_regression,3,2023-06-30,-1,0,0.44081036407343177,0.26424492816612327,0.294944707760445,0.14586565631298676
AMZN,logistic_regression,3,2023-07-03,0,0,0.43932874306273145,0.2632021855012251,0.29746907143604345,0.141859671626688
AMZN,logistic_regression,3,2023-07-05,0,0,0.4621745891160614,0.25605661752904657,0.281768793354892,0.18040579576116939
AMZN,logistic_regression,3,2023-07-06,1,0,0.4964008506582903,0.23349831833350174,0.270100831008208,0.22630001965008234
AMZN,logistic_regression,3,2023-07-07,1,0,0.3507209171303169,0.3039117977444303,0.34536728512525283,0.005353632005064057
AMZN,logistic_regression,3,2023-07-10,1,0,0.4232767383486525,0.26435235660999473,0.3123709050413528,0.1109058333072997
AMZN,logistic_regression,3,2023-07-11,1,0,0.3990909805174499,0.28007535611727974,0.3208336633652704,0.07825731715217948
AMZN,logistic_regression,3,2023-07-12,1,0,0.4222931949282304,0.27495663188309155,0.302750173188678,0.11954302173955245
AMZN,logistic_regression,3,2023-07-13,-1,0,0.40585866064697035,0.2789132210192924,0.3152281183337372,0.09063054231323314
AMZN,logistic_regression,3,2023-07-14,-1,0,0.42979192426224283,0.24179504357806833,0.3284130321596888,0.10137889210255402
AMZN,logistic_regression,3,2023-07-17,-1,0,0.4127269898809269,0.2410912846149757,0.3461817255040973,0.06654526437682956
AMZN,logistic_regression,3,2023-07-18,-1,0,0.4394000406219806,0.20862101664750252,0.35197894273051683,0.0874210978914638
AMZN,logistic_regression,3,2023-07-19,-1,0,0.3880897722972903,0.25245217744246323,0.3594580502602465,0.028631722037043783
AMZN,logistic_regression,3,2023-07-20,0,0,0.40062784152613445,0.2383842337901004,0.3609879246837651,0.03963991684236934
AMZN,logistic_regression,3,2023-07-21,0,0,0.4507004632773037,0.25305039166201687,0.2962491450606794,0.15445131821662428
AMZN,logistic_regression,3,2023-07-24,1,0,0.4489695183799621,0.27328942127666583,0.27774106034337215,0.17122845803658993
AMZN,logistic_regression,3,2023-07-25,0,0,0.45537945442914624,0.267426489685977,0.2771940558848768,0.17818539854426946
AMZN,logistic_regression,3,2023-07-26,0,0,0.45935010909402096,0.2349376074980017,0.30571228340797735,0.15363782568604362
AMZN,logistic_regression,3,2023-07-27,0,1,0.39392910505244105,0.39392910505244105,0.3099196344326873,0.08400947061975378
AMZN,logistic_regression,3,2023-07-28,1,-1,0.34846750731797804,0.3180824421592413,0.33345005052278065,0.015017456795197393
AMZN,logistic_regression,3,2023-07-31,1,0,0.38601321557580415,0.290259105550673,0.3237276788735229,0.06228553670228126
AMZN,logistic_regression,3,2023-08-01,1,0,0.39951013246486733,0.2820375393569169,0.31845232817821584,0.08105780428665149
AMZN,logistic_regression,3,2023-08-02,1,0,0.34591527268083544,0.31655766778712124,0.33752705953204326,0.008388213148792178
AMZN,logistic_regression,3,2023-08-03,1,0,0.4087339616820253,0.2769445377278711,0.3143215005901036,0.0944124610919217
AMZN,logistic_regression,3,2023-08-04,0,1,0.46137056869358817,0.46137056869358817,0.309897903813267,0.15147266488032118
AMZN,logistic_regression,3,2023-08-07,0,-1,0.4083648569303368,0.2701142609367676,0.3215208821328955,0.08684397479744133
AMZN,logistic_regression,3,2023-08-08,0,-1,0.40272528897581084,0.248703735757057,0.3485709752671321,0.054154313708678736
AMZN,logistic_regression,3,2023-08-09,-1,-1,0.3739540331258751,0.252608700979971,0.3734372658941539,0.0005167672317212268
AMZN,logistic_regression,3,2023-08-10,-1,0,0.375198128563142,0.2718046474248148,0.3529972240120432,0.0222009045510988
AMZN,logistic_regression,3,2023-08-11,-1,-1,0.39200349369684384,0.29367335798534216,0.31432314831781405,0.07768034537902979
AMZN,logistic_regression,3,2023-08-14,-1,-1,0.42102410662519824,0.2808880421531824,0.29808785122161935,0.12293625540357889
AMZN,logistic_regression,3,2023-08-15,-1,-1,0.4307232443056687,0.2846164128704373,0.28466034282389385,0.14606290148177486
AMZN,logistic_regression,3,2023-08-16,0,-1,0.37352221141141007,0.2761326963027014,0.3503450922858886,0.02317711912552145
AMZN,logistic_regression,3,2023-08-17,0,-1,0.41877451208233213,0.26537475088298,0.3158507370346877,0.10292377504764444
AMZN,logistic_regression,3,2023-08-18,0,-1,0.44321106854971803,0.31618275314663064,0.31618275314663064,0.1270283154030874
AMZN,logistic_regression,3,2023-08-21,0,-1,0.4550466039227961,0.3361949767578377,0.3361949767578377,0.1188516271649584
AMZN,logistic_regression,3,2023-08-22,0,-1,0.4326125418521055,0.330670543717187,0.330670543717187,0.1019419981349185
AMZN,logistic_regression,3,2023-08-23,0,-1,0.4404312515474083,0.2744082802569112,0.2851604681956805,0.15527078335172778
AMZN,logistic_regression,3,2023-08-24,1,-1,0.4149977380591604,0.3571305528890345,0.3571305528890345,0.0578671851701259
AMZN,logistic_regression,3,2023-08-25,1,-1,0.40745646576742,0.33157193279013464,0.33157193279013464,0.07588453297728537
AMZN,logistic_regression,3,2023-08-28,1,-1,0.38780785706714643,0.33205649924718367,0.33205649924718367,0.055751357819962766
AMZN,logistic_regression,3,2023-08-29,0,-1,0.39398010878857787,0.27919638664732926,0.3268235045640929,0.06715660422448494
AMZN,logistic_regression,3,2023-08-30,1,-1,0.37571066124467195,0.2610118581103213,0.36327748064500676,0.012433180599665195
AMZN,logistic_regression,3,2023-08-31,0,-1,0.37562502362767763,0.26682805020994543,0.357546926162377,0.018078097465300647
AMZN,logistic_regression,3,2023-09-01,1,0,0.40167133711017194,0.36070050941076526,0.36070050941076526,0.04097082769940669
AMZN,logistic_regression,3,2023-09-05,1,0,0.4046401314370201,0.3538837864613929,0.3538837864613929,0.0507563449756272
AMZN,logistic_regression,3,2023-09-06,1,0,0.39392324914654764,0.3504891426492043,0.3504891426492043,0.04343410649734336
AMZN,logistic_regression,3,2023-09-07,1,1,0.37844850475619896,0.37844850475619896,0.3266578434931879,0.05179066126301107
AMZN,logistic_regression,3,2023-09-08,0,0,0.4109200390584927,0.33641191655554437,0.33641191655554437,0.07450812250294836
AMZN,logistic_regression,3,2023-09-11,-1,1,0.3585724631716946,0.3585724631716946,0.35773996200153013,0.0008325011701644791
AMZN,logistic_regression,3,2023-09-12,-1,0,0.395808340884056,0.34627971591861245,0.34627971591861245,0.049528624965443524
AMZN,logistic_regression,3,2023-09-13,-1,1,0.36054536315116786,0.36054536315116786,0.3529323590527279,0.007613004098439957
AMZN,logistic_regression,3,2023-09-14,-1,0,0.40536231160055153,0.315857228135128,0.315857228135128,0.08950508346542352
AMZN,logistic_regression,3,2023-09-15,-1,1,0.3515900988166627,0.3515900988166627,0.3479477019070805,0.0036423969095821795
AMZN,logistic_regression,3,2023-09-18,-1,1,0.3872665240297439,0.3872665240297439,0.30802049652936514,0.07924602750037874
AMZN,logistic_regression,3,2023-09-19,-1,0,0.35987694856747077,0.3304385286400511,0.3304385286400511,0.02943841992741969
AMZN,logistic_regression,3,2023-09-20,-1,1,0.4174537351119712,0.4174537351119712,0.2981188742538306,0.1193348608581406
AMZN,logistic_regression,3,2023-09-21,-1,-1,0.3475913701557196,0.3450816568119564,0.3450816568119564,0.002509713343763209
AMZN,logistic_regression,3,2023-09-22,0,1,0.44454141713511824,0.44454141713511824,0.3199953461854405,0.12454607094967773
AMZN,logistic_regression,3,2023-09-25,0,1,0.4272126689198107,0.4272126689198107,0.34555750929312806,0.08165515962668263
AMZN,logistic_regression,3,2023-09-26,0,1,0.4209483020777936,0.4209483020777936,0.35921497832940674,0.06173332374838686
AMZN,logistic_regression,3,2023-09-27,0,1,0.4356162778628839,0.4356162778628839,0.37233203174849455,0.06328424611438938
AMZN,logistic_regression,3,2023-09-28,0,-1,0.39235618702173586,0.3804549526197594,0.3804549526197594,0.011901234401976435
AMZN,logistic_regression,3,2023-09-29,0,1,0.46277285181102096,0.46277285181102096,0.3127890521423874,0.14998379966863357
AMZN,logistic_regression,3,2023-10-02,0,1,0.435184766652133,0.435184766652133,0.34991931444420177,0.08526545220793125
AMZN,logistic_regression,3,2023-10-03,1,1,0.4255606553616847,0.4255606553616847,0.3378491343454446,0.08771152101624008
AMZN,logistic_regression,3,2023-10-04,1,1,0.40938566367303203,0.40938566367303203,0.3298212816244383,0.07956438204859373
AMZN,logistic_regression,3,2023-10-05,1,1,0.3677452900427646,0.3677452900427646,0.3525958341598974,0.015149455882867202
AMZN,logistic_regression,3,2023-10-06,0,1,0.35157422631168783,0.35157422631168783,0.3362884491591904,0.01528577715249746
AMZN,logistic_regression,3,2023-10-09,1,1,0.37769931146772356,0.37769931146772356,0.33392918329699456,0.043770128170729006
AMZN,logistic_regression,3,2023-10-10,0,0,0.4018633147458903,0.357142140387392,0.357142140387392,0.04472117435849832
AMZN,logistic_regression,3,2023-10-11,-1,0,0.4131734567308035,0.3634947977096467,0.3634947977096467,0.04967865902115681
AMZN,logistic_regression,3,2023-10-12,-1,0,0.3849605916944341,0.3753833877453802,0.3753833877453802,0.00957720394905387
AMZN,logistic_regression,3,2023-10-13,-1,1,0.42608201297143733,0.42608201297143733,0.3172979087109227,0.1087841042605146
AMZN,logistic_regression,3,2023-10-16,-1,1,0.39560806808580784,0.39560806808580784,0.32859370659375225,0.06701436149205559
AMZN,logistic_regression,3,2023-10-17,-1,0,0.3987470005571891,0.32015830719536964,0.32015830719536964,0.07858869336181945
AMZN,logistic_regression,3,2023-10-18,-1,1,0.4021264686060403,0.4021264686060403,0.3060920954799546,0.0960343731260857
AMZN,logistic_regression,3,2023-10-19,-1,1,0.42805986358541015,0.42805986358541015,0.2976787715600741,0.13038109202533604
AMZN,logistic_regression,3,2023-10-20,1,1,0.4281756115213905,0.4281756115213905,0.3045234128081065,0.12365219871328398
AMZN,logistic_regression,3,2023-10-23,1,1,0.446586215279936,0.446586215279936,0.3157080280455533,0.13087818723438271
AMZN,logistic_regression,3,2023-10-24,1,1,0.4050835953075551,0.4050835953075551,0.3248209786559021,0.08026261665165302
AMZN,logistic_regression,3,2023-10-25,1,1,0.41993278984071764,0.41993278984071764,0.3562983894765047,0.06363440036421292
AMZN,logistic_regression,3,2023-10-26,1,1,0.4449439056095845,0.4449439056095845,0.3596639482022343,0.08527995740735023
AMZN,logistic_regression,3,2023-10-27,1,1,0.5284424672403022,0.5284424672403022,0.33227263767999476,0.19616982956030743
AMZN,logistic_regression,3,2023-10-30,1,1,0.4706533950736147,0.4706533950736147,0.36946646113200815,0.10118693394160655
AMZN,logistic_regression,3,2023-10-31,1,-1,0.3972507164159168,0.38886722644265265,0.38886722644265265,0.008383489973264158
AMZN,logistic_regression,3,2023-11-01,1,-1,0.37879157541776554,0.3368985170455297,0.3368985170455297,0.041893058372235836
AMZN,logistic_regression,3,2023-11-02,0,-1,0.36181081258094694,0.30199686855663577,0.3361923188624174,0.025618493718529534
AMZN,logistic_regression,3,2023-11-03,1,-1,0.36451379353769703,0.27702850686478225,0.35845769959752066,0.006056093940176366
AMZN,logistic_regression,3,2023-11-06,1,-1,0.398195896730934,0.25930190946386317,0.3425021938052029,0.05569370292573106
AMZN,logistic_regression,3,2023-11-07,1,-1,0.4149518263163011,0.26759622619490975,0.3174519474887892,0.09749987882751193
AMZN,logistic_regression,3,2023-11-08,0,0,0.4481208356996883,0.22674308282160455,0.32513608147870715,0.12298475422098115
AMZN,logistic_regression,3,2023-11-09,0,0,0.4534371051669243,0.24316614212176144,0.3033967527113142,0.1500403524556101
AMZN,logistic_regression,3,2023-11-10,0,0,0.40452793291498185,0.23734374888055285,0.3581283182044654,0.04639961471051646
AMZN,logistic_regression,3,2023-11-13,1,-1,0.37308290004696437,0.2874655292852609,0.3394515706677747,0.03363132937918967
AMZN,logistic_regression,3,2023-11-14,0,-1,0.37606663797148304,0.24956957337142957,0.37436378865708747,0.0017028493143955714
AMZN,logistic_regression,3,2023-11-15,1,-1,0.40286231171912645,0.2823702760470344,0.31476741223383914,0.08809489948528731
AMZN,logistic_regression,3,2023-11-16,1,-1,0.40712550023982697,0.28089458653696603,0.311979913223207,0.09514558701661996
AMZN,logistic_regression,3,2023-11-17,0,-1,0.41052241429354297,0.26396944633333214,0.32550813937312495,0.08501427492041802
AMZN,logistic_regression,3,2023-11-20,0,-1,0.37267106837749253,0.26741287563029686,0.3599160559922107,0.012755012385281816
AMZN,logistic_regression,3,2023-11-21,0,-1,0.38631511015645364,0.24547491631877577,0.36820997352477053,0.018105136631683116
AMZN,logistic_regression,3,2023-11-22,0,-1,0.4511479373849068,0.2547933677070988,0.29405869490799447,0.15708924247691236
AMZN,logistic_regression,3,2023-11-24,0,-1,0.4155194104383105,0.23115912809386227,0.35332146146782717,0.06219794897048331
AMZN,logistic_regression,3,2023-11-27,0,0,0.43927413634411244,0.26664392147977733,0.2940819421761103,0.14519219416800216
AMZN,logistic_regression,3,2023-11-28,0,0,0.44388282351274594,0.2888326786127635,0.2888326786127635,0.15505014489998242
AMZN,logistic_regression,3,2023-11-29,0,0,0.39605813950427265,0.3281580548579689,0.3281580548579689,0.06790008464630376
AMZN,logistic_regression,3,2023-11-30,0,0,0.4973484585038291,0.2508224686978467,0.2518290727983243,0.2455193857055048
AMZN,logistic_regression,3,2023-12-01,0,0,0.45404724304517824,0.269105261780807,0.27684749517401475,0.1771997478711635
AMZN,logistic_regression,3,2023-12-04,0,0,0.43746903369985396,0.2560687111661008,0.30646225513404535,0.1310067785658086
AMZN,logistic_regression,3,2023-12-05,0,0,0.3604457820082548,0.3016351446951435,0.33791907329660176,0.02252670871165302
AMZN,logistic_regression,3,2023-12-06,1,0,0.4206260064939797,0.3063477776376954,0.3063477776376954,0.1142782288562843
AMZN,logistic_regression,3,2023-12-07,0,0,0.40964485376324,0.300785630944569,0.300785630944569,0.108859222818671
AMZN,logistic_regression,3,2023-12-08,0,0,0.4381634196805037,0.27101196185895143,0.29082461846054475,0.14733880121995896
AMZN,logistic_regression,3,2023-12-11,1,0,0.4465872654920505,0.2601907766685314,0.29322195783941807,0.15336530765263245
AMZN,logistic_regression,3,2023-12-12,1,0,0.4342924455809878,0.26878406921076586,0.29692348520824635,0.13736896037274143
AMZN,logistic_regression,3,2023-12-13,1,0,0.47955474414645655,0.23345416163384905,0.28699109421969443,0.19256364992676211
AMZN,logistic_regression,3,2023-12-14,1,0,0.4150778884890088,0.2561606021313237,0.3287615093796675,0.08631637910934126
AMZN,logistic_regression,3,2023-12-15,1,0,0.43760391174602925,0.22488441726375258,0.3375116709902181,0.10009224075581113
AMZN,logistic_regression,3,2023-12-18,0,0,0.4103163628720147,0.25557989893071054,0.33410373819727485,0.07621262467473983
AMZN,logistic_regression,3,2023-12-19,0,0,0.4388967288875109,0.2353073081186735,0.32579596299381547,0.11310076589369544
AMZN,logistic_regression,3,2023-12-20,0,0,0.4173293286445744,0.23412369840329358,0.34854697295213194,0.06878235569244245
AMZN,logistic_regression,3,2023-12-21,0,0,0.4490462575964565,0.2372686314843575,0.31368511091918583,0.13536114667727067
AMZN,logistic_regression,3,2023-12-22,-1,0,0.4540208432830885,0.2322661386374536,0.3137130180794579,0.1403078252036306
AMZN,logistic_regression,3,2023-12-26,-1,0,0.48931773180303056,0.22751724282192412,0.28316502537504534,0.20615270642798522
AMZN,logistic_regression,3,2023-12-27,-1,0,0.4905179026668331,0.22104720858297638,0.28843488875019047,0.20208301391664263
AMZN,logistic_regression,3,2023-12-28,-1,0,0.46283570315415895,0.24512865163030925,0.29203564521553177,0.17080005793862718
AMZN,logistic_regression,3,2023-12-29,0,0,0.483486994100492,0.22095788103845126,0.2955551248610568,0.18793186923943522
AMZN,logistic_regression,3,2024-01-02,0,0,0.4196252259651196,0.2595295622637769,0.32084521177110353,0.09878001419401605
AMZN,logistic_regression,3,2024-01-03,1,0,0.3774877428087385,0.28963463632478,0.33287762086648154,0.04461012194225694
AMZN,logistic_regression,3,2024-01-04,1,0,0.40820208429411703,0.27286225720721924,0.3189356584986637,0.08926642579545335
AMZN,logistic_regression,3,2024-01-05,1,0,0.38895646222667407,0.2978103933885127,0.31323314438481337,0.0757233178418607
AMZN,logistic_regression,3,2024-01-08,1,0,0.3833129241165675,0.294778310692277,0.3219087651911556,0.0614041589254119
AMZN,logistic_regression,3,2024-01-09,0,0,0.35996648513511037,0.2998536241853496,0.3401798906795399,0.01978659445557046
AMZN,logistic_regression,3,2024-01-10,0,0,0.3770903105635637,0.2758853768096759,0.34702431262676037,0.030065997936803313
AMZN,logistic_regression,3,2024-01-11,0,0,0.3652743923482389,0.29673879533018677,0.3379868123215744,0.027287580026664482
AMZN,logistic_regression,3,2024-01-12,0,0,0.3777800271961132,0.2736102750162009,0.34860969778768586,0.029170329408427342
AMZN,logistic_regression,3,2024-01-16,0,0,0.37513342491783325,0.251007722548382,0.3738588525337847,0.0012745723840485446
AMZN,logistic_regression,3,2024-01-17,1,0,0.3982364890735072,0.2627236507401395,0.3390398601863534,0.059196628887153824
AMZN,logistic_regression,3,2024-01-18,1,0,0.4403870050566494,0.26530507471086445,0.29430792023248614,0.14607908482416326
AMZN,logistic_regression,3,2024-01-19,1,0,0.5059462116543995,0.21204745145097498,0.2820063368946257,0.22393987475977378
AMZN,logistic_regression,3,2024-01-22,1,0,0.4687920361475219,0.26688154205200254,0.26688154205200254,0.20191049409551937
AMZN,logistic_regression,3,2024-01-23,0,0,0.4491977918860978,0.2676065015524189,0.28319570656148324,0.16600208532461458
AMZN,logistic_regression,3,2024-01-24,0,0,0.43820661316188336,0.2808148905546216,0.280978496283495,0.15722811687838834
AMZN,logistic_regression,3,2024-01-25,0,0,0.3797156604910415,0.30048564793266885,0.3197986915762897,0.05991696891475179
AMZN,logistic_regression,3,2024-01-26,1,0,0.36961989509943693,0.3052242015995862,0.3251559033009769,0.044463991798460056
AMZN,logistic_regression,3,2024-01-29,1,0,0.3947266504838136,0.2846500286989537,0.32062332081723277,0.07410332966658084
AMZN,logistic_regression,3,2024-01-30,1,0,0.4155166269563336,0.2691487149342749,0.31533465810939143,0.1001819688469422
AMZN,logistic_regression,3,2024-01-31,1,0,0.3845635289758445,0.28105334253005787,0.33438312849409774,0.05018040048174677
AMZN,logistic_regression,3,2024-02-01,1,0,0.40249280799760395,0.25737754791291506,0.340129644089481,0.062363163908122965
AMZN,logistic_regression,3,2024-02-02,0,-1,0.43383160387254427,0.2949041103152393,0.2949041103152393,0.138927493557305
AMZN,logistic_regression,3,2024-02-05,0,-1,0.45641100932134715,0.21604938383000838,0.32753960684864447,0.12887140247270268
AMZN,logistic_regression,3,2024-02-06,0,-1,0.43954786219319936,0.2146458635095583,0.34580627429724237,0.09374158789595699
AMZN,logistic_regression,3,2024-02-07,0,0,0.4279261386018004,0.19494126097363954,0.3771326004245601,0.050793538177240305
AMZN,logistic_regression,3,2024-02-08,0,0,0.3886690072000732,0.22386486594601032,0.3874661268539164,0.0012028803461567872
AMZN,logistic_regression,3,2024-02-09,-1,-1,0.41186254401396005,0.23495233903025947,0.35318511695578053,0.05867742705817952
AMZN,logistic_regression,3,2024-02-12,-1,-1,0.40835535800502126,0.23831110715237816,0.35333353484260066,0.0550218231624206
AMZN,logistic_regression,3,2024-02-13,0,-1,0.4439898284241656,0.21901845685643384,0.3369917147194006,0.10699811370476503
AMZN,logistic_regression,3,2024-02-14,1,0,0.4120204371508127,0.20062660212255654,0.3873529607266308,0.024667476424181933
AMZN,logistic_regression,3,2024-02-15,1,0,0.4058170277592757,0.19788191341273734,0.396301058827987,0.009515968931288699
AMZN,logistic_regression,3,2024-02-16,1,-1,0.4471804203776182,0.2820083024974464,0.2820083024974464,0.16517211788017178
AMZN,logistic_regression,3,2024-02-20,1,-1,0.4414635347059668,0.2600924996984537,0.2984439655955795,0.14301956911038727
AMZN,logistic_regression,3,2024-02-21,1,-1,0.4138427970874618,0.2856167958576471,0.30054040705489116,0.11330239003257064
AMZN,logistic_regression,3,2024-02-22,0,-1,0.42180845073447143,0.2526136093098764,0.3255779399556522,0.09623051077881922
AMZN,logistic_regression,3,2024-02-23,0,-1,0.4246507284070938,0.22540549717554964,0.34994377441735675,0.07470695398973703
AMZN,logistic_regression,3,2024-02-26,0,-1,0.4093417705326719,0.2862729502659299,0.30438527920139824,0.10495649133127366
AMZN,logistic_regression,3,2024-02-27,0,-1,0.38607602410607933,0.24764550347323155,0.3662784724206891,0.019797551685390213
AMZN,logistic_regression,3,2024-02-28,0,-1,0.3876891469005212,0.22581355072388803,0.3864973023755908,0.0011918445249303744
AMZN,logistic_regression,3,2024-02-29,0,-1,0.4160625950138442,0.21674993469716267,0.3671874702889931,0.04887512472485106
AMZN,logistic_regression,3,2024-03-01,0,-1,0.3886186621614461,0.22534406189461204,0.38603727594394194,0.0025813862175041447
AMZN,logistic_regression,3,2024-03-04,-1,0,0.4541141699326697,0.25452742717651017,0.2913584028908202,0.16275576704184946
AMZN,logistic_regression,3,2024-03-05,0,0,0.4478326254052692,0.2654601890273962,0.28670718556733454,0.16112543983793465
AMZN,logistic_regression,3,2024-03-06,0,0,0.4326110691312003,0.26933275670192364,0.2980561741668761,0.1345548949643242
AMZN,logistic_regression,3,2024-03-07,0,0,0.37670223296381705,0.2841819434278144,0.33911582360836856,0.03758640935544849
AMZN,logistic_regression,3,2024-03-08,0,0,0.3564877267578525,0.2911303350992433,0.35238193814290425,0.004105788614948258
AMZN,logistic_regression,3,2024-03-11,0,0,0.3858124007798813,0.29396236423941635,0.3202252349807023,0.065587165799179
AMZN,logistic_regression,3,2024-03-12,0,0,0.3960587466241338,0.26934748286687094,0.33459377050899514,0.06146497611513868
AMZN,logistic_regression,3,2024-03-13,0,0,0.40571034215926194,0.2753303185936858,0.3189593392470523,0.08675100291220966
AMZN,logistic_regression,3,2024-03-14,0,0,0.36459415946897256,0.29780890735830085,0.3375969331727266,0.026997226296245957
AMZN,logistic_regression,3,2024-03-15,1,0,0.37449718062953835,0.25421263945822936,0.3712901799122323,0.0032070007173060633
AMZN,logistic_regression,3,2024-03-18,1,0,0.344675106973385,0.31415987942505935,0.34116501360155577,0.003510093371829226
AMZN,logistic_regression,3,2024-03-19,0,0,0.40519376979558874,0.2548972517053884,0.33990897849902285,0.06528479129656589
AMZN,logistic_regression,3,2024-03-20,0,0,0.4115627460814885,0.2574341933839099,0.33100306053460166,0.08055968554688686
AMZN,logistic_regression,3,2024-03-21,0,0,0.3904331657874116,0.2835254690677228,0.32604136514486554,0.06439180064254607
AMZN,logistic_regression,3,2024-03-22,0,0,0.40434841398283156,0.27488448557393114,0.32076710044323725,0.0835813135395943
AMZN,logistic_regression,3,2024-03-25,0,0,0.4326690427169569,0.26411078830318035,0.3032201689798628,0.12944887373709407
AMZN,logistic_regression,3,2024-03-26,1,0,0.40495622437488105,0.28471621260513913,0.31032756301998,0.09462866135490106
AMZN,logistic_regression,3,2024-03-27,0,0,0.4073702485436003,0.2816493973063694,0.3109803541500304,0.09638989439356993
AMZN,logistic_regression,3,2024-03-28,1,0,0.4017367518637908,0.30188494650341957,0.30188494650341957,0.09985180536037125
AMZN,logistic_regression,3,2024-04-01,1,0,0.4000709228319587,0.31054116836112017,0.31054116836112017,0.08952975447083855
AMZN,logistic_regression,3,2024-04-02,1,0,0.4237769052677682,0.2816421691151179,0.2945809256171141,0.1291959796506541
AMZN,logistic_regression,3,2024-04-03,0,0,0.39240291543344524,0.3041407926324435,0.3041407926324435,0.08826212280100176
AMZN,logistic_regression,3,2024-04-04,1,1,0.3475325296628643,0.3475325296628643,0.33029593057443474,0.01723659908842956
AMZN,logistic_regression,3,2024-04-05,0,-1,0.34861982852485,0.3273473603878054,0.3273473603878054,0.021272468137044642
AMZN,logistic_regression,3,2024-04-08,0,0,0.351700794806604,0.31680622081520016,0.3314929843781959,0.02020781042840808
AMZN,logistic_regression,3,2024-04-09,0,-1,0.36359029492051587,0.3222518043750641,0.3222518043750641,0.041338490545451745
AMZN,logistic_regression,3,2024-04-10,-1,-1,0.38554354130867285,0.28549594523877303,0.3289605134525541,0.05658302785611874
AMZN,logistic_regression,3,2024-04-11,-1,-1,0.36609800099047435,0.3083237811533213,0.3255782178562043,0.04051978313427007
AMZN,logistic_regression,3,2024-04-12,-1,-1,0.35104730679357476,0.3327973118446975,0.3327973118446975,0.018249994948877246
AMZN,logistic_regression,3,2024-04-15,-1,-1,0.37341628586840303,0.3634270987862474,0.3634270987862474,0.009989187082155626
AMZN,logistic_regression,3,2024-04-16,-1,-1,0.39056791520194933,0.31842988499726765,0.31842988499726765,0.07213803020468168
AMZN,logistic_regression,3,2024-04-17,-1,-1,0.39211333342792426,0.3530197694591961,0.3530197694591961,0.03909356396872815
AMZN,logistic_regression,3,2024-04-18,-1,-1,0.39270144028342024,0.32138994277874283,0.32138994277874283,0.07131149750467741
AMZN,logistic_regression,3,2024-04-19,1,-1,0.4110375706398154,0.32617944356435047,0.32617944356435047,0.08485812707546492
AMZN,logistic_regression,3,2024-04-22,1,-1,0.3978476128667196,0.37114110919718846,0.37114110919718846,0.026706503669531145
AMZN,logistic_regression,3,2024-04-23,-1,-1,0.39587362070543264,0.3313178265801077,0.3313178265801077,0.06455579412532492
AMZN,logistic_regression,3,2024-04-24,0,-1,0.39088808710615114,0.3477667990604545,0.3477667990604545,0.04312128804569665
AMZN,logistic_regression,3,2024-04-25,1,-1,0.47475924910604106,0.28736188699935306,0.28736188699935306,0.187397362106688
AMZN,logistic_regression,3,2024-04-26,1,-1,0.4233300322967287,0.3601603110844991,0.3601603110844991,0.06316972121222963
AMZN,logistic_regression,3,2024-04-29,1,-1,0.4076239040766743,0.3329307444562713,0.3329307444562713,0.07469315962040302
AMZN,logistic_regression,3,2024-04-30,1,-1,0.4211032904884093,0.3614259469329886,0.3614259469329886,0.0596773435554207
AMZN,logistic_regression,3,2024-05-01,1,1,0.4342411670787831,0.4342411670787831,0.3965632870316107,0.037677880047172374
AMZN,logistic_regression,3,2024-05-02,1,-1,0.4265692072801566,0.3397088608062192,0.3397088608062192,0.08686034647393742
AMZN,logistic_regression,3,2024-05-03,0,-1,0.3762997967394619,0.3082576545254785,0.31544254873505967,0.06085724800440223
AMZN,logistic_regression,3,2024-05-06,0,-1,0.39862348915135093,0.28506623764505307,0.316310273203596,0.08231321594775493
AMZN,logistic_regression,3,2024-05-07,0,-1,0.37905275433657154,0.29340653999925187,0.3275407056641766,0.05151204867239495
AMZN,logistic_regression,3,2024-05-08,0,0,0.3597158897312135,0.29693770180104867,0.34334640846773784,0.01636948126347565
AMZN,logistic_regression,3,2024-05-09,-1,0,0.40239610921385965,0.27238459003590076,0.3252193007502396,0.07717680846362007
AMZN,logistic_regression,3,2024-05-10,0,0,0.3450629505226001,0.33024789003953114,0.33024789003953114,0.014815060483068965
AMZN,logistic_regression,3,2024-05-13,0,1,0.3636012785204926,0.3636012785204926,0.3243149930045112,0.0392862855159814
AMZN,logistic_regression,3,2024-05-14,-1,0,0.4382574599893874,0.267771294744863,0.2939712452657496,0.14428621472363784
AMZN,logistic_regression,3,2024-05-15,0,0,0.4508923331660348,0.2653674435918043,0.28374022324216097,0.1671521099238738
AMZN,logistic_regression,3,2024-05-16,0,1,0.3767298911281735,0.3767298911281735,0.31892988605879874,0.05780000506937477
AMZN,logistic_regression,3,2024-05-17,-1,1,0.347625903021293,0.347625903021293,0.341551379501101,0.006074523520191999
AMZN,logistic_regression,3,2024-05-20,0,1,0.3571348474570382,0.3571348474570382,0.3330016129117139,0.024133234545324345
AMZN,logistic_regression,3,2024-05-21,0,0,0.37598331596715895,0.30829526786035316,0.3157214161724878,0.06026189979467117
AMZN,logistic_regression,3,2024-05-22,-1,1,0.3618852672155642,0.3618852672155642,0.3283296488774354,0.03355561833812881
