ticker,model,fold,date,y_true,y_pred,confidence,bullish_probability,second_best_probability,probability_margin
GOOGL,calibrated_random_forest,1,2019-10-03,0,1,0.3869487486163799,0.3869487486163799,0.3330960406361215,0.053852707980258374
GOOGL,calibrated_random_forest,1,2019-10-04,0,1,0.523069878630448,0.523069878630448,0.2492716465769477,0.2737982320535003
GOOGL,calibrated_random_forest,1,2019-10-07,0,1,0.5153348802224301,0.5153348802224301,0.25509298894815885,0.2602418912742713
GOOGL,calibrated_random_forest,1,2019-10-08,1,1,0.5227310843736223,0.5227310843736223,0.24858998519270625,0.274141099180916
GOOGL,calibrated_random_forest,1,2019-10-09,1,1,0.5124838503431235,0.5124838503431235,0.25185439295349116,0.26062945738963234
GOOGL,calibrated_random_forest,1,2019-10-10,1,1,0.5135918854015741,0.5135918854015741,0.2507744752315628,0.26281741017001126
GOOGL,calibrated_random_forest,1,2019-10-11,1,1,0.46544066908416903,0.46544066908416903,0.2732181832224042,0.19222248586176482
GOOGL,calibrated_random_forest,1,2019-10-14,1,1,0.47991345217872966,0.47991345217872966,0.26544833227530634,0.21446511990342332
GOOGL,calibrated_random_forest,1,2019-10-15,0,-1,0.45567742527807714,0.26420327102802715,0.28011930369389565,0.1755581215841815
GOOGL,calibrated_random_forest,1,2019-10-16,0,-1,0.44739546510926376,0.2858925536546937,0.2858925536546937,0.16150291145457008
GOOGL,calibrated_random_forest,1,2019-10-17,0,-1,0.4582009857702272,0.2758837362945911,0.2758837362945911,0.1823172494756361
GOOGL,calibrated_random_forest,1,2019-10-18,0,-1,0.4028700708161714,0.3282253366230769,0.3282253366230769,0.07464473419309448
GOOGL,calibrated_random_forest,1,2019-10-21,1,-1,0.37764696108097695,0.3572499537185407,0.3572499537185407,0.02039700736243627
GOOGL,calibrated_random_forest,1,2019-10-22,0,1,0.4573607144656154,0.4573607144656154,0.2838026910812677,0.17355802338434767
GOOGL,calibrated_random_forest,1,2019-10-23,0,-1,0.38775349363816675,0.33667762444179655,0.33667762444179655,0.051075869196370194
GOOGL,calibrated_random_forest,1,2019-10-24,0,1,0.42713067527214094,0.42713067527214094,0.31033936909604215,0.11679130617609879
GOOGL,calibrated_random_forest,1,2019-10-25,0,-1,0.36704848293382053,0.35811213668550285,0.35811213668550285,0.008936346248317684
GOOGL,calibrated_random_forest,1,2019-10-28,0,-1,0.50726284586588,0.1845478843570747,0.30818926977704547,0.19907357608883453
GOOGL,calibrated_random_forest,1,2019-10-29,1,1,0.4079441255921013,0.4079441255921013,0.3283034124557636,0.07964071313633769
GOOGL,calibrated_random_forest,1,2019-10-30,1,1,0.48228229238527714,0.48228229238527714,0.26856560780207506,0.2137166845832021
GOOGL,calibrated_random_forest,1,2019-10-31,1,1,0.4958912174268327,0.4958912174268327,0.2580818977683532,0.23780931965847946
GOOGL,calibrated_random_forest,1,2019-11-01,1,1,0.4682968696742966,0.4682968696742966,0.27512477105024624,0.19317209862405038
GOOGL,calibrated_random_forest,1,2019-11-04,0,1,0.408538852509207,0.408538852509207,0.3177269307012866,0.09081192180792041
GOOGL,calibrated_random_forest,1,2019-11-05,0,-1,0.40085784845154276,0.3139856135516475,0.3139856135516475,0.08687223489989526
GOOGL,calibrated_random_forest,1,2019-11-06,0,1,0.40408536487002406,0.40408536487002406,0.3208257630477999,0.08325960182222414
GOOGL,calibrated_random_forest,1,2019-11-07,0,-1,0.3756129257957421,0.3313687056001489,0.3313687056001489,0.04424422019559321
GOOGL,calibrated_random_forest,1,2019-11-08,0,-1,0.3920409662988205,0.31322823066775646,0.31322823066775646,0.07881273563106406
GOOGL,calibrated_random_forest,1,2019-11-11,0,1,0.4414884972743278,0.4414884972743278,0.2947792380713208,0.14670925920300704
GOOGL,calibrated_random_forest,1,2019-11-12,0,1,0.4562439272192143,0.4562439272192143,0.28228571863693047,0.17395820858228384
GOOGL,calibrated_random_forest,1,2019-11-13,0,1,0.470700865489089,0.470700865489089,0.26537916184775273,0.20532170364133628
GOOGL,calibrated_random_forest,1,2019-11-14,0,1,0.4695109549211729,0.4695109549211729,0.26881088327165353,0.20070007164951936
GOOGL,calibrated_random_forest,1,2019-11-15,-1,-1,0.48415229283666766,0.20587396504934738,0.309973742113985,0.17417855072268268
GOOGL,calibrated_random_forest,1,2019-11-18,0,-1,0.3910771621648779,0.32883224304427777,0.32883224304427777,0.06224491912060015
GOOGL,calibrated_random_forest,1,2019-11-19,0,1,0.37104321126043,0.37104321126043,0.3659649695264857,0.005078241733944278
GOOGL,calibrated_random_forest,1,2019-11-20,0,1,0.4276536527947494,0.4276536527947494,0.29398217703641616,0.1336714757583332
GOOGL,calibrated_random_forest,1,2019-11-21,0,1,0.4982780304290113,0.4982780304290113,0.26770006904791305,0.23057796138109826
GOOGL,calibrated_random_forest,1,2019-11-22,0,1,0.488283351313849,0.488283351313849,0.2758580815169139,0.2124252697969351
GOOGL,calibrated_random_forest,1,2019-11-25,0,1,0.4811314459001757,0.4811314459001757,0.2649637007329361,0.21616774516723958
GOOGL,calibrated_random_forest,1,2019-11-26,0,1,0.5127548332924476,0.5127548332924476,0.24400423849378325,0.26875059479866437
GOOGL,calibrated_random_forest,1,2019-11-27,0,1,0.4730725468932711,0.4730725468932711,0.2820219060879405,0.19105064080533063
GOOGL,calibrated_random_forest,1,2019-11-29,1,1,0.4965641927723139,0.4965641927723139,0.2602311705109132,0.23633302226140068
GOOGL,calibrated_random_forest,1,2019-12-02,1,1,0.4729197847406337,0.4729197847406337,0.2761776502108455,0.19674213452978817
GOOGL,calibrated_random_forest,1,2019-12-03,1,1,0.5271340154704989,0.5271340154704989,0.25645559779447297,0.2706784176760259
GOOGL,calibrated_random_forest,1,2019-12-04,0,1,0.4710393019616437,0.4710393019616437,0.27588370973584464,0.19515559222579903
GOOGL,calibrated_random_forest,1,2019-12-05,0,1,0.3963587569173637,0.3963587569173637,0.34897031404596884,0.047388442871394876
GOOGL,calibrated_random_forest,1,2019-12-06,0,-1,0.3827044325305798,0.35241648362612926,0.35241648362612926,0.030287948904450523
GOOGL,calibrated_random_forest,1,2019-12-09,0,1,0.4011083474581268,0.4011083474581268,0.33192950919198805,0.06917883826613874
GOOGL,calibrated_random_forest,1,2019-12-10,0,1,0.43662249727077823,0.43662249727077823,0.29040305960513235,0.14621943766564588
GOOGL,calibrated_random_forest,1,2019-12-11,0,1,0.46005368996885226,0.46005368996885226,0.2759470108493634,0.18410667911948886
GOOGL,calibrated_random_forest,1,2019-12-12,0,1,0.4330331352188011,0.4330331352188011,0.29884866722630743,0.13418446799249367
GOOGL,calibrated_random_forest,1,2019-12-13,0,1,0.49328637730804753,0.49328637730804753,0.2584228461408977,0.2348635311671498
GOOGL,calibrated_random_forest,1,2019-12-16,0,1,0.40127096500236314,0.40127096500236314,0.3181205354295955,0.08315042957276764
GOOGL,calibrated_random_forest,1,2019-12-17,0,1,0.4524778252079597,0.4524778252079597,0.28354046644679126,0.16893735876116844
GOOGL,calibrated_random_forest,1,2019-12-18,0,1,0.4751652182120274,0.4751652182120274,0.26250390591864686,0.21266131229338053
GOOGL,calibrated_random_forest,1,2019-12-19,0,1,0.47438066209781143,0.47438066209781143,0.26894612519797845,0.205434536899833
GOOGL,calibrated_random_forest,1,2019-12-20,0,1,0.45965740653159576,0.45965740653159576,0.28194236009463824,0.1777150464369575
GOOGL,calibrated_random_forest,1,2019-12-23,0,1,0.48815428185314164,0.48815428185314164,0.2561076096765158,0.23204667217662583
GOOGL,calibrated_random_forest,1,2019-12-24,0,1,0.4847401075512476,0.4847401075512476,0.26025822444761526,0.22448188310363232
GOOGL,calibrated_random_forest,1,2019-12-26,0,1,0.44304089109489303,0.44304089109489303,0.29601722247949375,0.14702366861539928
GOOGL,calibrated_random_forest,1,2019-12-27,1,1,0.49246432824621844,0.49246432824621844,0.25436499050041333,0.2380993377458051
GOOGL,calibrated_random_forest,1,2019-12-30,1,1,0.5182297308160176,0.5182297308160176,0.26424236834052023,0.2539873624754974
GOOGL,calibrated_random_forest,1,2019-12-31,1,1,0.5225696615583385,0.5225696615583385,0.2641855615522355,0.258384100006103
GOOGL,calibrated_random_forest,1,2020-01-02,1,1,0.43090706583959104,0.43090706583959104,0.3116023003652208,0.11930476547437024
GOOGL,calibrated_random_forest,1,2020-01-03,1,1,0.4411899398800963,0.4411899398800963,0.2886948804109068,0.1524950594691895
GOOGL,calibrated_random_forest,1,2020-01-06,1,-1,0.401445701599239,0.31788239584906536,0.31788239584906536,0.08356330575017362
GOOGL,calibrated_random_forest,1,2020-01-07,1,1,0.4144202323038036,0.4144202323038036,0.31221385895509496,0.10220637334870863
GOOGL,calibrated_random_forest,1,2020-01-08,1,1,0.38216489771196027,0.38216489771196027,0.33932307394001576,0.04284182377194451
GOOGL,calibrated_random_forest,1,2020-01-09,1,-1,0.36689273618399104,0.32941701707380894,0.32941701707380894,0.037475719110182104
GOOGL,calibrated_random_forest,1,2020-01-10,1,-1,0.43501567142815967,0.25694950061390925,0.30803482795793113,0.12698084347022853
GOOGL,calibrated_random_forest,1,2020-01-13,1,-1,0.43503749150004767,0.2516419766421772,0.31332053185777514,0.12171695964227253
GOOGL,calibrated_random_forest,1,2020-01-14,1,1,0.3621976020403257,0.3621976020403257,0.33564710905401296,0.026550492986312735
GOOGL,calibrated_random_forest,1,2020-01-15,1,1,0.37652095998820334,0.37652095998820334,0.31624833025645344,0.060272629731749905
GOOGL,calibrated_random_forest,1,2020-01-16,0,-1,0.38225481792571064,0.30778258803599795,0.3099625940382913,0.07229222388741935
GOOGL,calibrated_random_forest,1,2020-01-17,-1,-1,0.5630537417678795,0.1320241363966624,0.30492212183545814,0.25813161993242134
GOOGL,calibrated_random_forest,1,2020-01-21,-1,-1,0.5646504254510246,0.1422188190269844,0.29313075552199086,0.27151966992903376
GOOGL,calibrated_random_forest,1,2020-01-22,0,-1,0.566143751768796,0.14086071149757604,0.2929955367336279,0.2731482150351682
GOOGL,calibrated_random_forest,1,2020-01-23,-1,-1,0.49392159979161643,0.2131591138873543,0.29291928632102926,0.20100231347058717
GOOGL,calibrated_random_forest,1,2020-01-24,-1,-1,0.5333617751750644,0.19733234998968263,0.2693058748352528,0.26405590033981163
GOOGL,calibrated_random_forest,1,2020-01-27,1,1,0.40191280706249616,0.40191280706249616,0.30835454937987766,0.0935582576826185
GOOGL,calibrated_random_forest,1,2020-01-28,0,1,0.44204639536752316,0.44204639536752316,0.29790694011679975,0.14413945525072341
GOOGL,calibrated_random_forest,1,2020-01-29,0,1,0.41963524251718703,0.41963524251718703,0.3240346319847978,0.09560061053238922
GOOGL,calibrated_random_forest,1,2020-01-30,0,1,0.40091501296894944,0.40091501296894944,0.33251872811679545,0.06839628485215399
GOOGL,calibrated_random_forest,1,2020-01-31,1,1,0.4517451862306145,0.4517451862306145,0.2814633984019594,0.1702817878286551
GOOGL,calibrated_random_forest,1,2020-02-03,0,-1,0.47350642447913666,0.26469047566128984,0.26469047566128984,0.20881594881784682
GOOGL,calibrated_random_forest,1,2020-02-04,1,1,0.4818525348411577,0.4818525348411577,0.26580674011855077,0.21604579472260693
GOOGL,calibrated_random_forest,1,2020-02-05,1,1,0.5073692706663337,0.5073692706663337,0.25352236771646597,0.2538469029498678
GOOGL,calibrated_random_forest,1,2020-02-06,1,1,0.45764552245669937,0.45764552245669937,0.2918084801414012,0.16583704231529817
GOOGL,calibrated_random_forest,1,2020-02-07,1,-1,0.3761089637929855,0.3606436002350197,0.3606436002350197,0.015465363557965794
GOOGL,calibrated_random_forest,1,2020-02-10,0,-1,0.49334973692661716,0.22580536539614285,0.2808448976772399,0.21250483924937724
GOOGL,calibrated_random_forest,1,2020-02-11,0,-1,0.42018988639383603,0.30781232631190636,0.30781232631190636,0.11237756008192967
GOOGL,calibrated_random_forest,1,2020-02-12,0,-1,0.44445708159913416,0.2737469652655744,0.2817959531352915,0.16266112846384267
GOOGL,calibrated_random_forest,1,2020-02-13,0,1,0.415040876625608,0.415040876625608,0.3098141727129499,0.10522670391265809
GOOGL,calibrated_random_forest,1,2020-02-14,-1,1,0.4179073487515239,0.4179073487515239,0.30972881073463676,0.10817853801688715
GOOGL,calibrated_random_forest,1,2020-02-18,-1,1,0.48330456021286733,0.48330456021286733,0.26188287977072616,0.22142168044214117
GOOGL,calibrated_random_forest,1,2020-02-19,-1,1,0.4318299362735596,0.4318299362735596,0.2939232976944309,0.13790663857912872
GOOGL,calibrated_random_forest,1,2020-02-20,-1,1,0.48998901857585236,0.48998901857585236,0.2614982790286135,0.22849073954723886
GOOGL,calibrated_random_forest,1,2020-02-21,-1,-1,0.37990372716187554,0.3004535690673777,0.31964270377074677,0.060261023391128765
GOOGL,calibrated_random_forest,1,2020-02-24,-1,1,0.3580803755520962,0.3580803755520962,0.33567138819879067,0.022408987353305543
GOOGL,calibrated_random_forest,1,2020-02-25,-1,1,0.38492896205841837,0.38492896205841837,0.3183650451733617,0.06656391688505664
GOOGL,calibrated_random_forest,1,2020-02-26,0,1,0.3436867649048292,0.3436867649048292,0.3373259862569709,0.006360778647858278
GOOGL,calibrated_random_forest,1,2020-02-27,0,1,0.46386125551979623,0.46386125551979623,0.30616982585476493,0.1576914296650313
GOOGL,calibrated_random_forest,1,2020-02-28,-1,1,0.4012234542229569,0.4012234542229569,0.310837948876752,0.09038550534620493
GOOGL,calibrated_random_forest,1,2020-03-02,-1,-1,0.33873243480841614,0.33749366281902055,0.33749366281902055,0.0012387719893955929
GOOGL,calibrated_random_forest,1,2020-03-03,-1,1,0.4346767524773963,0.4346767524773963,0.3161572023670807,0.11851955011031556
GOOGL,calibrated_random_forest,1,2020-03-04,-1,-1,0.37741230979267376,0.30541685589712314,0.3171708343102031,0.06024147548247066
GOOGL,calibrated_random_forest,1,2020-03-05,-1,1,0.44183364035013534,0.44183364035013534,0.31586530847235417,0.12596833187778117
GOOGL,calibrated_random_forest,1,2020-03-06,-1,1,0.4484438566321051,0.4484438566321051,0.30187416226805636,0.14656969436404876
GOOGL,calibrated_random_forest,1,2020-03-09,-1,1,0.4593410403426857,0.4593410403426857,0.3009861415134974,0.1583548988291883
GOOGL,calibrated_random_forest,1,2020-03-10,-1,1,0.39517060000217974,0.39517060000217974,0.3120717617383062,0.08309883826387354
GOOGL,calibrated_random_forest,1,2020-03-11,-1,1,0.4605314972999959,0.4605314972999959,0.3038437520222063,0.15668774527778956
GOOGL,calibrated_random_forest,1,2020-03-12,0,1,0.4526791447415784,0.4526791447415784,0.3023946610180132,0.15028448372356518
GOOGL,calibrated_random_forest,1,2020-03-13,-1,1,0.39046562989722283,0.39046562989722283,0.31088737325858645,0.07957825663863638
GOOGL,calibrated_random_forest,1,2020-03-16,0,1,0.4588752610793518,0.4588752610793518,0.30633083774299535,0.15254442333635643
GOOGL,calibrated_random_forest,1,2020-03-17,0,1,0.4150983779744606,0.4150983779744606,0.31621138629349776,0.09888699168096282
GOOGL,calibrated_random_forest,1,2020-03-18,0,1,0.4559974514687964,0.4559974514687964,0.3039271321461739,0.1520703193226225
GOOGL,calibrated_random_forest,1,2020-03-19,1,1,0.37516046067281955,0.37516046067281955,0.3193674109516726,0.05579304972114696
GOOGL,calibrated_random_forest,1,2020-03-20,1,1,0.46892191801981015,0.46892191801981015,0.2956854405955343,0.17323647742427584
GOOGL,calibrated_random_forest,1,2020-03-23,1,1,0.4525417886389029,0.4525417886389029,0.3024142351304346,0.1501275535084683
GOOGL,calibrated_random_forest,1,2020-03-24,1,1,0.3610012887293755,0.3610012887293755,0.3272968549575267,0.033704433771848785
GOOGL,calibrated_random_forest,1,2020-03-25,0,1,0.39154858961802974,0.39154858961802974,0.3187985597288114,0.07275002988921836
GOOGL,calibrated_random_forest,1,2020-03-26,-1,-1,0.4197633933767481,0.2841978028080325,0.2960388038152195,0.1237245895615286
GOOGL,calibrated_random_forest,1,2020-03-27,0,1,0.4407450941173658,0.4407450941173658,0.29684521302361855,0.14389988109374724
GOOGL,calibrated_random_forest,1,2020-03-30,1,-1,0.38642000186108644,0.3143388914175498,0.3143388914175498,0.07208111044353666
GOOGL,calibrated_random_forest,1,2020-03-31,0,-1,0.3644180268165729,0.33801467896136295,0.33801467896136295,0.02640334785520998
GOOGL,calibrated_random_forest,1,2020-04-01,1,1,0.4073410585052515,0.4073410585052515,0.3271281219452557,0.08021293655999578
GOOGL,calibrated_random_forest,1,2020-04-02,1,1,0.3736953000923373,0.3736953000923373,0.3185681442899992,0.055127155802338124
GOOGL,calibrated_random_forest,1,2020-04-03,1,1,0.37543914817569846,0.37543914817569846,0.32809599368855213,0.04734315448714632
GOOGL,calibrated_random_forest,1,2020-04-06,1,-1,0.5538773386569765,0.1722516913323553,0.27387097001066824,0.2800063686463083
GOOGL,calibrated_random_forest,1,2020-04-07,1,-1,0.5198330777688588,0.19704042075490502,0.283126501476236,0.23670657629262276
GOOGL,calibrated_random_forest,1,2020-04-08,1,-1,0.5825006675731196,0.14392919412432345,0.2735701383025569,0.3089305292705627
GOOGL,calibrated_random_forest,1,2020-04-09,1,-1,0.5491675271717859,0.17511635492346142,0.27571611790475276,0.2734514092670331
GOOGL,calibrated_random_forest,1,2020-04-13,1,-1,0.5347859258065858,0.18533617690269846,0.27987789729071577,0.25490802851587
GOOGL,calibrated_random_forest,1,2020-04-14,-1,-1,0.611486413568436,0.13098445056288657,0.25752913586867743,0.3539572776997586
GOOGL,calibrated_random_forest,1,2020-04-15,0,-1,0.5936598493497719,0.15014922372015901,0.2561909269300691,0.3374689224197028
GOOGL,calibrated_random_forest,1,2020-04-16,0,-1,0.6163679287973465,0.12923937758036277,0.25439269362229067,0.3619752351750558
GOOGL,calibrated_random_forest,1,2020-04-17,0,-1,0.5437150153541129,0.19051294002203997,0.26577204462384707,0.27794297073026586
GOOGL,calibrated_random_forest,1,2020-04-20,0,-1,0.5124885718576552,0.22718714863791434,0.26032427950443054,0.25216429235322463
GOOGL,calibrated_random_forest,1,2020-04-21,0,-1,0.3552445473451167,0.34222031894747484,0.34222031894747484,0.013024228397641835
GOOGL,calibrated_random_forest,1,2020-04-22,1,-1,0.4547746968683773,0.27095696596985924,0.27426833716176363,0.18050635970661366
GOOGL,calibrated_random_forest,1,2020-04-23,1,-1,0.5555696118976107,0.17939411261464286,0.26503627548774644,0.29053333640986423
GOOGL,calibrated_random_forest,1,2020-04-24,1,-1,0.507831892554643,0.23072578191656692,0.2614423255287901,0.2463895670258529
GOOGL,calibrated_random_forest,1,2020-04-27,1,-1,0.4811588868348237,0.25015364782958865,0.2686874653355877,0.21247142149923604
GOOGL,calibrated_random_forest,1,2020-04-28,1,-1,0.37234780378991067,0.3491837378754091,0.3491837378754091,0.023164065914501597
GOOGL,calibrated_random_forest,1,2020-04-29,0,-1,0.5568280999684755,0.16867104449028203,0.27450085554124243,0.28232724442723306
GOOGL,calibrated_random_forest,1,2020-04-30,0,-1,0.5825406087294076,0.14829252388852884,0.2691668673820635,0.3133737413473441
GOOGL,calibrated_random_forest,1,2020-05-01,1,-1,0.5530330183565123,0.18349299474671557,0.2634739868967721,0.2895590314597402
GOOGL,calibrated_random_forest,1,2020-05-04,1,-1,0.5142160425362493,0.21374017772557477,0.272043779738176,0.2421722627980733
GOOGL,calibrated_random_forest,1,2020-05-05,0,-1,0.49048749833529576,0.2179312014986514,0.29158130016605294,0.19890619816924282
GOOGL,calibrated_random_forest,1,2020-05-06,0,-1,0.4651662692867231,0.2658125527382382,0.2690211779750387,0.1961450913116844
GOOGL,calibrated_random_forest,1,2020-05-07,0,-1,0.5822550793043181,0.15492514919303715,0.26281977150264474,0.31943530780167334
GOOGL,calibrated_random_forest,1,2020-05-08,0,-1,0.5881168212199822,0.14171942772983578,0.2701637510501819,0.3179530701698003
GOOGL,calibrated_random_forest,1,2020-05-11,0,-1,0.5944344074904604,0.1390999318425267,0.26646566066701294,0.32796874682344745
GOOGL,calibrated_random_forest,1,2020-05-12,0,-1,0.4835446125236514,0.2437726165686909,0.27268277090765775,0.21086184161599364
GOOGL,calibrated_random_forest,1,2020-05-13,1,-1,0.3746135223913938,0.34586270139391057,0.34586270139391057,0.028750820997483217
GOOGL,calibrated_random_forest,1,2020-05-14,1,1,0.36814953577411674,0.36814953577411674,0.36477433189743097,0.003375203876685773
GOOGL,calibrated_random_forest,1,2020-05-15,1,-1,0.3996219618271842,0.3365007765594514,0.3365007765594514,0.0631211852677328
GOOGL,calibrated_random_forest,1,2020-05-18,1,-1,0.4563860425151181,0.2681991297586204,0.2754148277262615,0.18097121478885658
GOOGL,calibrated_random_forest,1,2020-05-19,1,1,0.3775085963160099,0.3775085963160099,0.3612523995188049,0.016256196797205025
GOOGL,calibrated_random_forest,1,2020-05-20,0,-1,0.586510835179252,0.14144818093607273,0.27204098388467535,0.3144698512945766
GOOGL,calibrated_random_forest,1,2020-05-21,0,-1,0.5352979200561748,0.19453699817487466,0.27016508176895054,0.2651328382872243
GOOGL,calibrated_random_forest,1,2020-05-22,0,-1,0.5511668960036337,0.1823719841808891,0.26646111981547727,0.2847057761881564
GOOGL,calibrated_random_forest,1,2020-05-26,0,-1,0.4638898836702486,0.2653947113034401,0.27071540502631125,0.19317447864393733
GOOGL,calibrated_random_forest,1,2020-05-27,0,-1,0.5117083079321922,0.22420185799015288,0.26408983407765496,0.24761847385453728
GOOGL,calibrated_random_forest,1,2020-05-28,0,1,0.3605649011243939,0.3605649011243939,0.36032984747065466,0.0002350536537392145
GOOGL,calibrated_random_forest,1,2020-05-29,0,-1,0.3936361149956671,0.3221972105426088,0.3221972105426088,0.07143890445305828
GOOGL,calibrated_random_forest,1,2020-06-01,0,-1,0.40558909263759363,0.3192571566660118,0.3192571566660118,0.08633193597158184
GOOGL,calibrated_random_forest,1,2020-06-02,0,-1,0.4542709773991988,0.27029396849253795,0.27543505410826336,0.17883592329093545
GOOGL,calibrated_random_forest,1,2020-06-03,0,-1,0.4136100164800214,0.3146286935994032,0.3146286935994032,0.09898132288061817
GOOGL,calibrated_random_forest,1,2020-06-04,0,1,0.37543814814912363,0.37543814814912363,0.3415213945144682,0.033916753634655405
GOOGL,calibrated_random_forest,1,2020-06-05,0,1,0.3930609085398859,0.3930609085398859,0.3417373625607823,0.0513235459791036
GOOGL,calibrated_random_forest,1,2020-06-08,0,1,0.3825042287268601,0.3825042287268601,0.34607320791107093,0.03643102081578914
GOOGL,calibrated_random_forest,1,2020-06-09,0,1,0.4104446981453454,0.4104446981453454,0.32734365874806437,0.08310103939728103
GOOGL,calibrated_random_forest,1,2020-06-10,0,-1,0.4342906274007503,0.2898568247927346,0.2898568247927346,0.1444338026080157
GOOGL,calibrated_random_forest,1,2020-06-11,1,1,0.3952512606424994,0.3952512606424994,0.30504115571532586,0.09021010492717352
GOOGL,calibrated_random_forest,1,2020-06-12,0,1,0.4218821538062416,0.4218821538062416,0.3013351802443356,0.12054697356190602
GOOGL,calibrated_random_forest,1,2020-06-15,1,1,0.45064047830139503,0.45064047830139503,0.2799191095756182,0.1707213687257768
GOOGL,calibrated_random_forest,1,2020-06-16,0,1,0.3910106444600756,0.3910106444600756,0.3444344466281715,0.04657619783190409
GOOGL,calibrated_random_forest,1,2020-06-17,0,1,0.40302404593819124,0.40302404593819124,0.3353069958637354,0.06771705007445583
GOOGL,calibrated_random_forest,1,2020-06-18,0,1,0.43122560458234166,0.43122560458234166,0.3111930927716959,0.12003251181064578
GOOGL,calibrated_random_forest,1,2020-06-19,-1,1,0.44842912487999237,0.44842912487999237,0.28949234893004955,0.15893677594994282
GOOGL,calibrated_random_forest,1,2020-06-22,-1,1,0.4319161936768133,0.4319161936768133,0.3093469005531652,0.12256929312364806
GOOGL,calibrated_random_forest,1,2020-06-23,-1,-1,0.399193113214025,0.34424104170383557,0.34424104170383557,0.05495207151018944
GOOGL,calibrated_random_forest,1,2020-06-24,0,1,0.49788744556372455,0.49788744556372455,0.2599665563806994,0.23792088918302517
GOOGL,calibrated_random_forest,1,2020-06-25,1,1,0.4634588203388601,0.4634588203388601,0.2783016868776958,0.1851571334611643
GOOGL,calibrated_random_forest,1,2020-06-26,1,1,0.38164320147820036,0.38164320147820036,0.3158323239600298,0.06581087751817055
GOOGL,calibrated_random_forest,1,2020-06-29,1,-1,0.387748258951038,0.3078316869368083,0.3078316869368083,0.07991657201422969
GOOGL,calibrated_random_forest,1,2020-06-30,1,1,0.42407306599578143,0.42407306599578143,0.29330996289992234,0.1307631030958591
GOOGL,calibrated_random_forest,1,2020-07-01,1,-1,0.38357681862555304,0.3435908529657312,0.3435908529657312,0.03998596565982182
GOOGL,calibrated_random_forest,1,2020-07-02,1,-1,0.4872734370861503,0.23750550923245886,0.2752210536813909,0.2120523834047594
GOOGL,calibrated_random_forest,1,2020-07-06,0,-1,0.5530567124524955,0.17112043565292182,0.27582285189458267,0.2772338605579129
GOOGL,calibrated_random_forest,1,2020-07-07,1,-1,0.4879183125014593,0.24706271660097,0.2650189708975707,0.22289934160388858
GOOGL,calibrated_random_forest,1,2020-07-08,0,-1,0.4702426411951616,0.24751538487586858,0.2822419739289699,0.18800066726619175
GOOGL,calibrated_random_forest,1,2020-07-09,0,-1,0.42565762533280543,0.2845305697618156,0.289811804905379,0.13584582042742643
GOOGL,calibrated_random_forest,1,2020-07-10,0,-1,0.5578559893823196,0.1599721263474534,0.282171884270227,0.2756841051120926
GOOGL,calibrated_random_forest,1,2020-07-13,1,-1,0.41265023607693135,0.3159475716010687,0.3159475716010687,0.09670266447586268
GOOGL,calibrated_random_forest,1,2020-07-14,1,-1,0.4153819576288769,0.3128764275930243,0.3128764275930243,0.10250553003585261
GOOGL,calibrated_random_forest,1,2020-07-15,1,-1,0.3784353749008944,0.35650689945399977,0.35650689945399977,0.021928475446894635
GOOGL,calibrated_random_forest,1,2020-07-16,0,1,0.45909327653860516,0.45909327653860516,0.28387433839111226,0.1752189381474929
GOOGL,calibrated_random_forest,1,2020-07-17,0,1,0.4393566071556542,0.4393566071556542,0.309307478924498,0.13004912823115622
GOOGL,calibrated_random_forest,1,2020-07-20,-1,-1,0.5509725129799773,0.16425263666375758,0.28477485035626515,0.26619766262371214
GOOGL,calibrated_random_forest,1,2020-07-21,-1,-1,0.48237581313921113,0.23182448490931032,0.2857997019514786,0.19657611118773255
GOOGL,calibrated_random_forest,1,2020-07-22,-1,-1,0.4768356633723407,0.24373469853136018,0.2794296380962991,0.19740602527604156
GOOGL,calibrated_random_forest,1,2020-07-23,0,1,0.3606237095967264,0.3606237095967264,0.3484842152599277,0.012139494336798728
GOOGL,calibrated_random_forest,1,2020-07-24,0,1,0.4565677206320066,0.4565677206320066,0.279035311512348,0.17753240911965862
GOOGL,calibrated_random_forest,1,2020-07-27,-1,1,0.4308559859970471,0.4308559859970471,0.3132754254110342,0.1175805605860129
GOOGL,calibrated_random_forest,1,2020-07-28,-1,1,0.4541092309023078,0.4541092309023078,0.2857657221815217,0.16834350872078613
GOOGL,calibrated_random_forest,1,2020-07-29,-1,1,0.4556652195828774,0.4556652195828774,0.2900921345684439,0.16557308501443352
GOOGL,calibrated_random_forest,1,2020-07-30,-1,1,0.4306937612922816,0.4306937612922816,0.30850528526731713,0.12218847602496447
GOOGL,calibrated_random_forest,1,2020-07-31,0,1,0.37836878965003146,0.37836878965003146,0.32119042472232506,0.05717836492770639
GOOGL,calibrated_random_forest,1,2020-08-03,0,1,0.4423100927017812,0.4423100927017812,0.28012994417228604,0.16218014852949514
GOOGL,calibrated_random_forest,1,2020-08-04,0,1,0.40212322342012913,0.40212322342012913,0.32106236126098603,0.0810608621591431
GOOGL,calibrated_random_forest,1,2020-08-05,0,1,0.5113180213984766,0.5113180213984766,0.2566147929972625,0.2547032284012141
GOOGL,calibrated_random_forest,1,2020-08-06,0,1,0.4710670408763377,0.4710670408763377,0.26695968584638025,0.20410735502995747
GOOGL,calibrated_random_forest,1,2020-08-07,0,1,0.45229085408587455,0.45229085408587455,0.283518503547557,0.16877235053831757
GOOGL,calibrated_random_forest,1,2020-08-10,0,1,0.4839473661471114,0.4839473661471114,0.25851648739062766,0.22543087875648377
GOOGL,calibrated_random_forest,1,2020-08-11,1,1,0.434902670454713,0.434902670454713,0.3009521872811974,0.1339504831735156
GOOGL,calibrated_random_forest,1,2020-08-12,1,1,0.5010453763910702,0.5010453763910702,0.25050009615607377,0.2505452802349964
GOOGL,calibrated_random_forest,1,2020-08-13,1,1,0.4883845878520064,0.4883845878520064,0.2614290837203814,0.22695550413162496
GOOGL,calibrated_random_forest,1,2020-08-14,1,1,0.4734169968293618,0.4734169968293618,0.26353335091589375,0.20988364591346803
GOOGL,calibrated_random_forest,1,2020-08-17,1,1,0.4574684922829027,0.4574684922829027,0.2895273256751989,0.1679411666077038
GOOGL,calibrated_random_forest,1,2020-08-18,1,-1,0.5120429574854956,0.22488079803710237,0.2630762444774022,0.24896671300809337
GOOGL,calibrated_random_forest,1,2020-08-19,1,-1,0.4696876519370224,0.26369322692050734,0.2666191211424702,0.20306853079455217
GOOGL,calibrated_random_forest,1,2020-08-20,1,-1,0.5105764651762122,0.22327077428697475,0.2661527605368131,0.24442370463939916
GOOGL,calibrated_random_forest,1,2020-08-21,1,-1,0.4110521359171127,0.3154208230010318,0.3154208230010318,0.0956313129160809
GOOGL,calibrated_random_forest,1,2020-08-24,1,-1,0.47623476282009225,0.24063483968896726,0.28313039749094054,0.1931043653291517
GOOGL,calibrated_random_forest,1,2020-08-25,1,-1,0.4973692022881959,0.22173491255005098,0.28089588516175307,0.21647331712644285
GOOGL,calibrated_random_forest,1,2020-08-26,1,-1,0.5428585638223243,0.17271190300265535,0.28442953317502034,0.258429030647304
GOOGL,calibrated_random_forest,1,2020-08-27,0,-1,0.49912154150541027,0.21846041453877876,0.28241804395581105,0.21670349754959922
GOOGL,calibrated_random_forest,1,2020-08-28,-1,-1,0.4983402961829572,0.2145201835950633,0.2871395202219795,0.2112007759609777
GOOGL,calibrated_random_forest,1,2020-08-31,-1,-1,0.46004051104948,0.25989621915271016,0.28006326979780993,0.17997724125167008
GOOGL,calibrated_random_forest,1,2020-09-01,-1,-1,0.5511264143375416,0.1682816022755026,0.2805919833869559,0.2705344309505857
GOOGL,calibrated_random_forest,1,2020-09-02,-1,-1,0.584443183514488,0.1377934763496372,0.27776334013587495,0.30667984337861304
GOOGL,calibrated_random_forest,1,2020-09-03,-1,-1,0.3700525623548851,0.34476661567528755,0.34476661567528755,0.02528594667959755
GOOGL,calibrated_random_forest,1,2020-09-04,-1,1,0.3448958703410681,0.3448958703410681,0.32983027163502604,0.015065598706042072
GOOGL,calibrated_random_forest,1,2020-09-08,0,1,0.36462992595379734,0.36462992595379734,0.3183947914566993,0.04623513449709804
GOOGL,calibrated_random_forest,1,2020-09-09,-1,1,0.3797133715728975,0.3797133715728975,0.33061230471237263,0.049101066860524845
GOOGL,calibrated_random_forest,1,2020-09-10,-1,1,0.3779230434656064,0.3779230434656064,0.3214271155745992,0.056495927891007214
GOOGL,calibrated_random_forest,1,2020-09-11,-1,1,0.3666509071591235,0.3666509071591235,0.33238622165756965,0.03426468550155387
GOOGL,calibrated_random_forest,1,2020-09-14,-1,-1,0.35829690077972876,0.3301779233806758,0.3301779233806758,0.028118977399052947
GOOGL,calibrated_random_forest,1,2020-09-15,-1,1,0.4214843664315593,0.4214843664315593,0.29547938267204,0.1260049837595193
GOOGL,calibrated_random_forest,1,2020-09-16,-1,1,0.4015043565359983,0.4015043565359983,0.3066557194573945,0.0948486370786038
GOOGL,calibrated_random_forest,1,2020-09-17,-1,1,0.36401421744136536,0.36401421744136536,0.3185188225354189,0.04549539490594645
GOOGL,calibrated_random_forest,1,2020-09-18,0,1,0.4375266924021752,0.4375266924021752,0.29238353490436747,0.1451431574978077
GOOGL,calibrated_random_forest,1,2020-09-21,0,1,0.46518122450509614,0.46518122450509614,0.2752856619083147,0.18989556259678142
GOOGL,calibrated_random_forest,1,2020-09-22,0,1,0.444173578824908,0.444173578824908,0.2864393924309197,0.15773418639398828
GOOGL,calibrated_random_forest,1,2020-09-23,1,1,0.4922865351031251,0.4922865351031251,0.2815935924644311,0.21069294263869398
GOOGL,calibrated_random_forest,1,2020-09-24,1,1,0.4769444692310066,0.4769444692310066,0.265063742968806,0.21188072626220056
GOOGL,calibrated_random_forest,1,2020-09-25,0,1,0.4610665233930424,0.4610665233930424,0.2713868612540819,0.18967966213896048
GOOGL,calibrated_random_forest,1,2020-09-28,0,1,0.4822584582069008,0.4822584582069008,0.26418987543184436,0.21806858277505642
GOOGL,calibrated_random_forest,1,2020-09-29,0,1,0.5070312942282896,0.5070312942282896,0.24944789547537094,0.2575833987529187
GOOGL,calibrated_random_forest,1,2020-09-30,0,1,0.46984367496260687,0.46984367496260687,0.2781389335222923,0.19170474144031457
GOOGL,calibrated_random_forest,1,2020-10-01,0,1,0.4676265218814087,0.4676265218814087,0.2830370223320034,0.1845894995494053
GOOGL,calibrated_random_forest,1,2020-10-02,1,1,0.47327546243871127,0.47327546243871127,0.2676732639468093,0.20560219849190198
GOOGL,calibrated_random_forest,1,2020-10-05,1,1,0.45783355255015906,0.45783355255015906,0.27327577896727984,0.18455777358287923
GOOGL,calibrated_random_forest,1,2020-10-06,1,1,0.4206623768292778,0.4206623768292778,0.2918461688604263,0.12881620796885151
GOOGL,calibrated_random_forest,1,2020-10-07,1,1,0.44584100966117496,0.44584100966117496,0.28525576749883547,0.1605852421623395
GOOGL,calibrated_random_forest,1,2020-10-08,1,1,0.47113548107450126,0.47113548107450126,0.26647502377391596,0.2046604573005853
GOOGL,calibrated_random_forest,1,2020-10-09,1,-1,0.5331383157392394,0.2031495478511508,0.2637121364096098,0.26942617932962964
GOOGL,calibrated_random_forest,1,2020-10-12,-1,-1,0.5828474675929288,0.15783290596517996,0.2593196264418913,0.3235278411510375
GOOGL,calibrated_random_forest,1,2020-10-13,0,-1,0.5784451814991786,0.1619455895045772,0.2596092289962442,0.31883595250293434
GOOGL,calibrated_random_forest,1,2020-10-14,0,-1,0.5401336792008922,0.1987889026439127,0.2610774181551951,0.2790562610456971
GOOGL,calibrated_random_forest,1,2020-10-15,1,-1,0.48345484004439704,0.2508022887336387,0.26574287122196427,0.21771196882243277
GOOGL,calibrated_random_forest,1,2020-10-16,1,-1,0.5104750381300532,0.2214330879893455,0.26809187388060124,0.242383164249452
GOOGL,calibrated_random_forest,1,2020-10-19,1,-1,0.3886388093171343,0.31975775784494764,0.31975775784494764,0.06888105147218665
GOOGL,calibrated_random_forest,1,2020-10-20,1,-1,0.4310578796931559,0.29274891593346447,0.29274891593346447,0.13830896375969143
GOOGL,calibrated_random_forest,1,2020-10-21,-1,-1,0.5367165027194799,0.2033169774559164,0.25996651982460367,0.27674998289487623
GOOGL,calibrated_random_forest,1,2020-10-22,-1,-1,0.6236500464408614,0.1282987064529332,0.24805124710620538,0.375598799334656
GOOGL,calibrated_random_forest,1,2020-10-23,0,-1,0.6086927537961863,0.13610889269382298,0.2551983535099907,0.35349440028619555
GOOGL,calibrated_random_forest,1,2020-10-26,1,-1,0.5022754154013437,0.24520190913572437,0.2525226754629319,0.2497527399384118
GOOGL,calibrated_random_forest,1,2020-10-27,1,-1,0.544871540443672,0.2054385622336544,0.24968989732267374,0.29518164312099826
GOOGL,calibrated_random_forest,1,2020-10-28,1,1,0.34782791930616624,0.34782791930616624,0.34265975039167357,0.005168168914492677
GOOGL,calibrated_random_forest,1,2020-10-29,1,-1,0.3833878493764545,0.322767351346379,0.322767351346379,0.060620498030075465
GOOGL,calibrated_random_forest,1,2020-10-30,1,-1,0.44529932744196055,0.2919325363722414,0.2919325363722414,0.15336679106971912
GOOGL,calibrated_random_forest,1,2020-11-02,1,-1,0.6040666090329756,0.15147664055998278,0.24445675040704162,0.359609858625934
GOOGL,calibrated_random_forest,1,2020-11-03,1,-1,0.6095114488835985,0.14179534179357203,0.24869320932282948,0.3608182395607691
GOOGL,calibrated_random_forest,1,2020-11-04,0,-1,0.5958754321795849,0.14131441535004768,0.26281015247036743,0.3330652797092175
GOOGL,calibrated_random_forest,1,2020-11-05,0,-1,0.58831649308459,0.14253225001150385,0.269151256903906,0.319165236180684
GOOGL,calibrated_random_forest,1,2020-11-06,0,-1,0.6043957312940137,0.13488092351178746,0.26072334519419876,0.34367238609981493
GOOGL,calibrated_random_forest,1,2020-11-09,0,-1,0.4852559495054029,0.22864188841170044,0.2861021620828967,0.19915378742250622
GOOGL,calibrated_random_forest,1,2020-11-10,0,-1,0.49061979015601204,0.23169615057632487,0.277684059267663,0.21293573088834905
GOOGL,calibrated_random_forest,1,2020-11-11,0,-1,0.39764541941410236,0.33826557511564054,0.33826557511564054,0.059379844298461826
GOOGL,calibrated_random_forest,1,2020-11-12,0,-1,0.39003188319459214,0.34847299082336297,0.34847299082336297,0.04155889237122917
GOOGL,calibrated_random_forest,1,2020-11-13,-1,-1,0.49500239450905736,0.22593897950042438,0.27905862599051834,0.21594376851853903
GOOGL,calibrated_random_forest,1,2020-11-16,-1,-1,0.47025696180761173,0.2503744595778567,0.2793685786145315,0.1908883831930802
GOOGL,calibrated_random_forest,1,2020-11-17,0,-1,0.46093370040245074,0.25908951571411315,0.27997678388343605,0.1809569165190147
GOOGL,calibrated_random_forest,1,2020-11-18,0,1,0.3720644650263929,0.3720644650263929,0.36247776262303527,0.009586702403357628
GOOGL,calibrated_random_forest,1,2020-11-19,0,-1,0.483860296818254,0.24905760930480134,0.26708209387694465,0.21677820294130934
GOOGL,calibrated_random_forest,1,2020-11-20,0,1,0.4158560260216171,0.4158560260216171,0.31630683818274946,0.09954918783886763
GOOGL,calibrated_random_forest,1,2020-11-23,1,1,0.4174487866006107,0.4174487866006107,0.3272066886983333,0.09024209790227739
GOOGL,calibrated_random_forest,1,2020-11-24,1,1,0.3737029469223719,0.3737029469223719,0.36203557551663573,0.011667371405736149
GOOGL,calibrated_random_forest,1,2020-11-25,1,-1,0.48454917341851605,0.2467887492156915,0.26866207736579245,0.2158870960527236
GOOGL,calibrated_random_forest,1,2020-11-27,1,-1,0.5350195106668364,0.190715985540116,0.2742645037930476,0.2607550068737888
GOOGL,calibrated_random_forest,1,2020-11-30,1,-1,0.39113125032087487,0.3531912410018629,0.3531912410018629,0.03794000931901198
GOOGL,calibrated_random_forest,1,2020-12-01,0,-1,0.4199941248860854,0.3158509920042686,0.3158509920042686,0.10414313288181681
GOOGL,calibrated_random_forest,1,2020-12-02,-1,-1,0.513863346820017,0.21100657381262736,0.27513007936735556,0.23873326745266144
GOOGL,calibrated_random_forest,1,2020-12-03,-1,-1,0.46403360337968164,0.2668819159003461,0.26908448071997226,0.19494912265970937
GOOGL,calibrated_random_forest,1,2020-12-04,-1,1,0.3749018283643224,0.3749018283643224,0.3524012743102812,0.022500554054041222
GOOGL,calibrated_random_forest,1,2020-12-07,-1,1,0.38173460226219597,0.38173460226219597,0.3556943173134977,0.026040284948698256
GOOGL,calibrated_random_forest,1,2020-12-08,-1,1,0.4188913035417587,0.4188913035417587,0.3233041142785766,0.0955871892631821
GOOGL,calibrated_random_forest,1,2020-12-09,0,-1,0.350968933516693,0.34672027467181343,0.34672027467181343,0.0042486588448795715
GOOGL,calibrated_random_forest,1,2020-12-10,0,1,0.35736194005532035,0.35736194005532035,0.3488327520780336,0.008529187977286745
GOOGL,calibrated_random_forest,1,2020-12-11,-1,1,0.489391467123375,0.489391467123375,0.26447347569463747,0.22491799142873753
GOOGL,calibrated_random_forest,1,2020-12-14,0,1,0.36008213569652553,0.36008213569652553,0.33905843265767527,0.02102370303885026
GOOGL,calibrated_random_forest,1,2020-12-15,-1,1,0.5017518068109451,0.5017518068109451,0.2670126636117309,0.23473914319921418
GOOGL,calibrated_random_forest,1,2020-12-16,0,1,0.525363407939507,0.525363407939507,0.24612372742772223,0.2792396805117847
GOOGL,calibrated_random_forest,1,2020-12-17,0,1,0.47667738283196615,0.47667738283196615,0.2667346839485221,0.20994269888344402
GOOGL,calibrated_random_forest,1,2020-12-18,1,1,0.45927224474562317,0.45927224474562317,0.27070250097898124,0.18856974376664193
GOOGL,calibrated_random_forest,1,2020-12-21,0,1,0.4915125778298582,0.4915125778298582,0.2612989753617104,0.23021360246814782
GOOGL,calibrated_random_forest,1,2020-12-22,0,1,0.49161561499549267,0.49161561499549267,0.2683501846731888,0.2232654303223039
GOOGL,calibrated_random_forest,1,2020-12-23,0,1,0.5237957088778855,0.5237957088778855,0.24463425156764962,0.2791614573102359
GOOGL,calibrated_random_forest,1,2020-12-24,0,1,0.5152664592939624,0.5152664592939624,0.26146359669074476,0.25380286260321766
GOOGL,calibrated_random_forest,1,2020-12-28,0,-1,0.4152653500129484,0.3150206143978042,0.3150206143978042,0.10024473561514419
GOOGL,calibrated_random_forest,1,2020-12-29,0,1,0.3801483096401486,0.3801483096401486,0.3403479489552698,0.0398003606848788
GOOGL,calibrated_random_forest,1,2020-12-30,1,1,0.451162190782129,0.451162190782129,0.2915249859543297,0.1596372048277993
GOOGL,calibrated_random_forest,1,2020-12-31,1,1,0.49324865744287427,0.49324865744287427,0.2570416834317605,0.2362069740111138
GOOGL,calibrated_random_forest,1,2021-01-04,0,1,0.42984167539198564,0.42984167539198564,0.291711311671427,0.13813036372055865
GOOGL,calibrated_random_forest,1,2021-01-05,0,1,0.5076136149147991,0.5076136149147991,0.2630317994724248,0.24458181544237428
GOOGL,calibrated_random_forest,1,2021-01-06,0,1,0.41903699992817317,0.41903699992817317,0.3016673137695794,0.11736968615859378
GOOGL,calibrated_random_forest,1,2021-01-07,-1,-1,0.38489091481696464,0.3464859443836333,0.3464859443836333,0.038404970433331354
GOOGL,calibrated_random_forest,1,2021-01-08,-1,-1,0.5214834846490851,0.21410364765921466,0.2644128676917003,0.2570706169573848
GOOGL,calibrated_random_forest,1,2021-01-11,0,1,0.39859674260238814,0.39859674260238814,0.32897778033394043,0.06961896226844771
GOOGL,calibrated_random_forest,1,2021-01-12,1,1,0.4266691789599673,0.4266691789599673,0.29037287698442504,0.13629630197554227
GOOGL,calibrated_random_forest,1,2021-01-13,1,1,0.4537996445219859,0.4537996445219859,0.2804237517726225,0.17337589274936338
GOOGL,calibrated_random_forest,1,2021-01-14,1,1,0.3534896813942354,0.3534896813942354,0.3516133335830684,0.0018763478111670229
GOOGL,calibrated_random_forest,1,2021-01-15,1,1,0.43489599790491046,0.43489599790491046,0.2933696671768489,0.14152633072806153
GOOGL,calibrated_random_forest,1,2021-01-19,1,-1,0.4922523286386577,0.23039298058174948,0.2773546907795929,0.2148976378590648
GOOGL,calibrated_random_forest,1,2021-01-20,-1,-1,0.5527506517770756,0.16419237872851208,0.2830569694944122,0.2696936822826634
GOOGL,calibrated_random_forest,1,2021-01-21,0,-1,0.5677316467261675,0.16078211419259666,0.2714862390812358,0.2962454076449317
GOOGL,calibrated_random_forest,1,2021-01-22,-1,-1,0.5825512688603076,0.14812187950784408,0.26932685163184833,0.3132244172284593
GOOGL,calibrated_random_forest,1,2021-01-25,0,-1,0.45512822883194454,0.2497790539961838,0.2950927171718716,0.16003551166007296
GOOGL,calibrated_random_forest,1,2021-01-26,0,-1,0.5147483015167614,0.201645049694282,0.28360664878895653,0.2311416527278049
GOOGL,calibrated_random_forest,1,2021-01-27,1,-1,0.36402988181145224,0.3195783635369984,0.3195783635369984,0.044451518274453816
GOOGL,calibrated_random_forest,1,2021-01-28,1,1,0.3655325786307102,0.3655325786307102,0.3618212426663046,0.003711335964405593
GOOGL,calibrated_random_forest,1,2021-01-29,1,-1,0.3948484499912535,0.3182506113329608,0.3182506113329608,0.07659783865829273
GOOGL,calibrated_random_forest,1,2021-02-01,1,-1,0.5006043156401717,0.24330036489016468,0.25609531946966374,0.24450899617050798
GOOGL,calibrated_random_forest,1,2021-02-02,1,-1,0.5489973875358668,0.18623935984250672,0.26476325262162653,0.28423413491424027
GOOGL,calibrated_random_forest,1,2021-02-03,0,-1,0.5875579189645348,0.1356574377365313,0.276784643298934,0.3107732756656008
GOOGL,calibrated_random_forest,1,2021-02-04,0,-1,0.5886533475284338,0.13684605713562603,0.27450059533594023,0.31415275219249356
GOOGL,calibrated_random_forest,1,2021-02-05,0,-1,0.593113544368407,0.12740642895915,0.2794800266724429,0.3136335176959641
GOOGL,calibrated_random_forest,1,2021-02-08,0,-1,0.529084892365954,0.1812821780651396,0.28963292956890635,0.23945196279704767
GOOGL,calibrated_random_forest,1,2021-02-09,1,-1,0.48774397844851974,0.22074154706533355,0.2915144744861467,0.19622950396237304
GOOGL,calibrated_random_forest,1,2021-02-10,0,-1,0.5164621629745705,0.20256221626926807,0.28097562075616145,0.23548654221840903
GOOGL,calibrated_random_forest,1,2021-02-11,0,-1,0.4791734714103715,0.2335318774144783,0.2872946511751502,0.1918788202352213
GOOGL,calibrated_random_forest,1,2021-02-12,0,-1,0.4063881287765918,0.3157351134279818,0.3157351134279818,0.09065301534861003
GOOGL,calibrated_random_forest,1,2021-02-16,-1,-1,0.5090900636505783,0.20647822071226407,0.2844317156371575,0.22465834801342077
GOOGL,calibrated_random_forest,1,2021-02-17,0,-1,0.499401431627174,0.21282759707804896,0.28777097129477697,0.21163046033239702
GOOGL,calibrated_random_forest,1,2021-02-18,-1,-1,0.5222989948402675,0.20459784812590023,0.2731031570338323,0.24919583780643523
GOOGL,calibrated_random_forest,1,2021-02-19,-1,-1,0.42695223089517104,0.31217054280289797,0.31217054280289797,0.11478168809227307
GOOGL,calibrated_random_forest,1,2021-02-22,0,-1,0.36280834098476517,0.3523073560856686,0.3523073560856686,0.010500984899096566
GOOGL,calibrated_random_forest,1,2021-02-23,0,-1,0.4001634318993262,0.3280920483052408,0.3280920483052408,0.07207138359408538
GOOGL,calibrated_random_forest,1,2021-02-24,-1,-1,0.40769822301440795,0.32633299096351537,0.32633299096351537,0.08136523205089258
GOOGL,calibrated_random_forest,1,2021-02-25,0,1,0.3987431500056052,0.3987431500056052,0.3219780664440471,0.07676508356155809
GOOGL,calibrated_random_forest,1,2021-02-26,1,1,0.4373073209695268,0.4373073209695268,0.3118485953504191,0.1254587256191077
GOOGL,calibrated_random_forest,1,2021-03-01,-1,1,0.3725915971896336,0.3725915971896336,0.3701317235590282,0.0024598736306054025
GOOGL,calibrated_random_forest,1,2021-03-02,0,1,0.4136074346084719,0.4136074346084719,0.3389016792328981,0.07470575537557378
GOOGL,calibrated_random_forest,1,2021-03-03,0,1,0.4436407841260861,0.4436407841260861,0.27824510170189676,0.16539568242418934
GOOGL,calibrated_random_forest,1,2021-03-04,1,1,0.42988086811599596,0.42988086811599596,0.30278153850304784,0.12709932961294812
GOOGL,calibrated_random_forest,1,2021-03-05,-1,1,0.37312240574508415,0.37312240574508415,0.3493441554032843,0.023778250341799867
GOOGL,calibrated_random_forest,1,2021-03-08,1,1,0.41150197497104707,0.41150197497104707,0.29707266731848647,0.1144293076525606
GOOGL,calibrated_random_forest,1,2021-03-09,1,1,0.49431248437297765,0.49431248437297765,0.26058349116593016,0.2337289932070475
GOOGL,calibrated_random_forest,1,2021-03-10,1,1,0.3943773138638405,0.3943773138638405,0.3229225957950646,0.0714547180687759
GOOGL,calibrated_random_forest,1,2021-03-11,-1,-1,0.4802044539905328,0.2523595609994131,0.2674359850100541,0.2127684689804787
GOOGL,calibrated_random_forest,1,2021-03-12,0,1,0.3882117409825548,0.3882117409825548,0.31421533410409724,0.07399640687845754
GOOGL,calibrated_random_forest,1,2021-03-15,0,1,0.44967906862870377,0.44967906862870377,0.276632768661546,0.17304629996715776
GOOGL,calibrated_random_forest,1,2021-03-16,-1,1,0.3800994835444156,0.3800994835444156,0.3420378453297988,0.03806163821461678
GOOGL,calibrated_random_forest,1,2021-03-17,-1,1,0.3668069630836277,0.3668069630836277,0.35556544721284955,0.011241515870778152
GOOGL,calibrated_random_forest,1,2021-03-18,0,1,0.3674499284382204,0.3674499284382204,0.3203560892653495,0.04709383917287091
GOOGL,calibrated_random_forest,1,2021-03-19,0,1,0.46466396791875547,0.46466396791875547,0.2796552236052418,0.18500874431351366
GOOGL,calibrated_random_forest,1,2021-03-22,0,1,0.4734973708899375,0.4734973708899375,0.28386140303905877,0.18963596785087872
GOOGL,calibrated_random_forest,1,2021-03-23,0,1,0.486071302626923,0.486071302626923,0.26795580668866986,0.21811549593825313
GOOGL,calibrated_random_forest,1,2021-03-24,0,1,0.45303538249696845,0.45303538249696845,0.275575318458596,0.17746006403837244
GOOGL,calibrated_random_forest,1,2021-03-25,1,1,0.43895849936085957,0.43895849936085957,0.2938547324297576,0.14510376693110194
GOOGL,calibrated_random_forest,1,2021-03-26,1,1,0.4750139691681529,0.4750139691681529,0.2681342219838889,0.206879747184264
GOOGL,calibrated_random_forest,1,2021-03-29,1,1,0.4377337820191978,0.4377337820191978,0.28496165153773273,0.1527721304814651
GOOGL,calibrated_random_forest,1,2021-03-30,1,1,0.5199761247634792,0.5199761247634792,0.24748795675337318,0.272488168010106
GOOGL,calibrated_random_forest,1,2021-03-31,1,1,0.3771044377438571,0.3771044377438571,0.35950151644630796,0.017602921297549146
GOOGL,calibrated_random_forest,1,2021-04-01,1,-1,0.5458661961832524,0.19197799810645158,0.2621558057102961,0.28371039047295626
GOOGL,calibrated_random_forest,1,2021-04-05,0,-1,0.5530558614055175,0.16658838635169754,0.2803557522427849,0.27270010916273263
GOOGL,calibrated_random_forest,1,2021-04-06,1,-1,0.5617902749330114,0.16056238600194564,0.27764733906504296,0.2841429358679684
GOOGL,calibrated_random_forest,1,2021-04-07,0,-1,0.5737901760795904,0.13751458110648493,0.2886952428139247,0.28509493326566565
GOOGL,calibrated_random_forest,1,2021-04-08,0,-1,0.507098262864349,0.1935202400405521,0.2993814970950988,0.2077167657692502
GOOGL,calibrated_random_forest,1,2021-04-09,0,-1,0.5236288059688464,0.18219491677568567,0.2941762772554679,0.2294525287133785
GOOGL,calibrated_random_forest,1,2021-04-12,1,-1,0.43279336906312477,0.28667895760785533,0.28667895760785533,0.14611441145526943
GOOGL,calibrated_random_forest,1,2021-04-13,0,-1,0.4431559147471997,0.27081323149160363,0.2860308537611967,0.15712506098600298
GOOGL,calibrated_random_forest,1,2021-04-14,0,1,0.3715640469233133,0.3715640469233133,0.3614175614741204,0.010146485449192888
GOOGL,calibrated_random_forest,1,2021-04-15,0,-1,0.5097644085800194,0.19393622490768325,0.2962993665122973,0.21346504206772204
GOOGL,calibrated_random_forest,1,2021-04-16,0,-1,0.42228536855843907,0.2941096392744489,0.2941096392744489,0.12817572928399018
GOOGL,calibrated_random_forest,1,2021-04-19,0,-1,0.580021155262135,0.14575739915111863,0.2742214455867464,0.30579970967538866
GOOGL,calibrated_random_forest,1,2021-04-20,0,-1,0.5691902780108421,0.17277375137133458,0.25803597061782335,0.31115430739301875
GOOGL,calibrated_random_forest,2,2021-04-21,1,1,0.43632230624032603,0.43632230624032603,0.28434972676680964,0.1519725794735164
GOOGL,calibrated_random_forest,2,2021-04-22,1,1,0.4696408094389537,0.4696408094389537,0.2734088376249309,0.1962319718140228
GOOGL,calibrated_random_forest,2,2021-04-23,1,1,0.47216168908227457,0.47216168908227457,0.26489457276540246,0.2072671163168721
GOOGL,calibrated_random_forest,2,2021-04-26,0,1,0.4254401934543552,0.4254401934543552,0.28789690706161264,0.13754328639274255
GOOGL,calibrated_random_forest,2,2021-04-27,0,1,0.4512981608799409,0.4512981608799409,0.2778840877596677,0.17341407312027318
GOOGL,calibrated_random_forest,2,2021-04-28,0,1,0.3775308454107678,0.3775308454107678,0.31478430713055205,0.06274653828021576
GOOGL,calibrated_random_forest,2,2021-04-29,-1,1,0.3750306166016231,0.3750306166016231,0.3143975551606348,0.060633061440988345
GOOGL,calibrated_random_forest,2,2021-04-30,0,1,0.4499579566925493,0.4499579566925493,0.2807300250059221,0.1692279316866272
GOOGL,calibrated_random_forest,2,2021-05-03,-1,1,0.46933284799605723,0.46933284799605723,0.2658885937783359,0.20344425421772133
GOOGL,calibrated_random_forest,2,2021-05-04,0,1,0.4959646149893045,0.4959646149893045,0.2615234661866794,0.23444114880262512
GOOGL,calibrated_random_forest,2,2021-05-05,-1,1,0.520953600001472,0.520953600001472,0.2606178376713097,0.26033576233016226
GOOGL,calibrated_random_forest,2,2021-05-06,-1,1,0.5095277739907063,0.5095277739907063,0.26481402827861594,0.2447137457120903
GOOGL,calibrated_random_forest,2,2021-05-07,-1,1,0.4900314794619729,0.4900314794619729,0.2698998150728645,0.22013166438910842
GOOGL,calibrated_random_forest,2,2021-05-10,0,1,0.5090902698431964,0.5090902698431964,0.25768332827702034,0.25140694156617605
GOOGL,calibrated_random_forest,2,2021-05-11,0,1,0.4966510162061488,0.4966510162061488,0.26230409874475175,0.23434691746139708
GOOGL,calibrated_random_forest,2,2021-05-12,1,1,0.4604154991683336,0.4604154991683336,0.27364124005070206,0.1867742591176315
GOOGL,calibrated_random_forest,2,2021-05-13,1,1,0.49818980307457617,0.49818980307457617,0.260705080454317,0.23748472262025916
GOOGL,calibrated_random_forest,2,2021-05-14,0,1,0.534946056850158,0.534946056850158,0.26180934920399973,0.2731367076461582
GOOGL,calibrated_random_forest,2,2021-05-17,1,1,0.5119234061277353,0.5119234061277353,0.27738550962119174,0.2345378965065436
GOOGL,calibrated_random_forest,2,2021-05-18,1,1,0.5147024813228835,0.5147024813228835,0.27378775499258107,0.24091472633030248
GOOGL,calibrated_random_forest,2,2021-05-19,1,1,0.5006981540520105,0.5006981540520105,0.2808567634158576,0.21984139063615288
GOOGL,calibrated_random_forest,2,2021-05-20,1,1,0.5101902694105563,0.5101902694105563,0.27283007644583823,0.2373601929647181
GOOGL,calibrated_random_forest,2,2021-05-21,1,1,0.5226059229795855,0.5226059229795855,0.27132651882687836,0.25127940415270716
GOOGL,calibrated_random_forest,2,2021-05-24,0,1,0.4202682908405074,0.4202682908405074,0.29340451801829714,0.12686377282221023
GOOGL,calibrated_random_forest,2,2021-05-25,0,1,0.43202261992600793,0.43202261992600793,0.29127390612944676,0.14074871379656118
GOOGL,calibrated_random_forest,2,2021-05-26,0,1,0.4315342820055765,0.4315342820055765,0.29644541534688823,0.13508886665868824
GOOGL,calibrated_random_forest,2,2021-05-27,0,1,0.4580625718910321,0.4580625718910321,0.2865969488542732,0.17146562303675889
GOOGL,calibrated_random_forest,2,2021-05-28,0,1,0.4524522264757704,0.4524522264757704,0.2830171185043931,0.16943510797137729
GOOGL,calibrated_random_forest,2,2021-06-01,0,1,0.4642355811492369,0.4642355811492369,0.28139492720437387,0.18284065394486304
GOOGL,calibrated_random_forest,2,2021-06-02,0,1,0.48600218255528804,0.48600218255528804,0.2726820118278506,0.21332017072743742
GOOGL,calibrated_random_forest,2,2021-06-03,1,1,0.5013334375136264,0.5013334375136264,0.2716701250052813,0.22966331250834504
GOOGL,calibrated_random_forest,2,2021-06-04,0,1,0.476568687240097,0.476568687240097,0.2724796596695575,0.20408902757053948
GOOGL,calibrated_random_forest,2,2021-06-07,0,1,0.44428235634063334,0.44428235634063334,0.28931669915644953,0.1549656571841838
GOOGL,calibrated_random_forest,2,2021-06-08,0,1,0.4150050175700783,0.4150050175700783,0.2947524925718758,0.12025252499820249
GOOGL,calibrated_random_forest,2,2021-06-09,0,1,0.4013675650578316,0.4013675650578316,0.3010606390477452,0.1003069260100864
GOOGL,calibrated_random_forest,2,2021-06-10,0,1,0.40145060134100286,0.40145060134100286,0.3054795622485477,0.09597103909245513
GOOGL,calibrated_random_forest,2,2021-06-11,0,1,0.3970543307928977,0.3970543307928977,0.3089232016271226,0.08813112916577509
GOOGL,calibrated_random_forest,2,2021-06-14,0,1,0.39028577326651687,0.39028577326651687,0.3157118195072183,0.07457395375929854
GOOGL,calibrated_random_forest,2,2021-06-15,0,1,0.40020318046638986,0.40020318046638986,0.3060671312320666,0.09413604923432328
GOOGL,calibrated_random_forest,2,2021-06-16,0,1,0.4287853590389039,0.4287853590389039,0.2873241700586184,0.14146118898028553
GOOGL,calibrated_random_forest,2,2021-06-17,0,1,0.4262865817202462,0.4262865817202462,0.2918303198330732,0.13445626188717297
GOOGL,calibrated_random_forest,2,2021-06-18,0,1,0.4728569696489557,0.4728569696489557,0.28346398517334775,0.18939298447560793
GOOGL,calibrated_random_forest,2,2021-06-21,0,1,0.4536554118219514,0.4536554118219514,0.2769901462865488,0.17666526553540263
GOOGL,calibrated_random_forest,2,2021-06-22,0,1,0.42652201659051464,0.42652201659051464,0.29042441254084544,0.1360976040496692
GOOGL,calibrated_random_forest,2,2021-06-23,0,1,0.4277098472753715,0.4277098472753715,0.2967248518388575,0.13098499543651398
GOOGL,calibrated_random_forest,2,2021-06-24,0,1,0.4522768984838574,0.4522768984838574,0.285466089647243,0.16681080883661437
GOOGL,calibrated_random_forest,2,2021-06-25,1,1,0.45550453825234677,0.45550453825234677,0.2812813688246216,0.17422316942772514
GOOGL,calibrated_random_forest,2,2021-06-28,1,1,0.4655470560428115,0.4655470560428115,0.2806854781805636,0.18486157786224788
GOOGL,calibrated_random_forest,2,2021-06-29,1,1,0.4813111316784358,0.4813111316784358,0.2780209755148002,0.2032901561636356
GOOGL,calibrated_random_forest,2,2021-06-30,1,1,0.4895655042490745,0.4895655042490745,0.27594667857864214,0.2136188256704324
GOOGL,calibrated_random_forest,2,2021-07-01,1,1,0.4847332366831156,0.4847332366831156,0.27396139634346023,0.21077184033965535
GOOGL,calibrated_random_forest,2,2021-07-02,0,1,0.403171379224084,0.403171379224084,0.30591632538287744,0.09725505384120658
GOOGL,calibrated_random_forest,2,2021-07-06,0,1,0.398050315813421,0.398050315813421,0.3027411610631403,0.09530915475028068
GOOGL,calibrated_random_forest,2,2021-07-07,0,1,0.41961064699121,0.41961064699121,0.29551598821065994,0.12409465878055004
GOOGL,calibrated_random_forest,2,2021-07-08,0,1,0.44415376253173083,0.44415376253173083,0.2842042089557766,0.15994955357595425
GOOGL,calibrated_random_forest,2,2021-07-09,0,1,0.4391153010356413,0.4391153010356413,0.2826580012712669,0.1564572997643744
GOOGL,calibrated_random_forest,2,2021-07-12,0,1,0.451985763330375,0.451985763330375,0.27962140139217456,0.17236436193820043
GOOGL,calibrated_random_forest,2,2021-07-13,0,1,0.4293736772495598,0.4293736772495598,0.29696327985777954,0.1324103973917803
GOOGL,calibrated_random_forest,2,2021-07-14,0,1,0.40061835588090733,0.40061835588090733,0.30261721632203176,0.09800113955887557
GOOGL,calibrated_random_forest,2,2021-07-15,0,1,0.43903931444238825,0.43903931444238825,0.285393234747889,0.15364607969449923
GOOGL,calibrated_random_forest,2,2021-07-16,1,1,0.4325808927413033,0.4325808927413033,0.2874842186775369,0.14509667406376642
GOOGL,calibrated_random_forest,2,2021-07-19,1,1,0.4786691415774211,0.4786691415774211,0.26672771689908265,0.21194142467833843
GOOGL,calibrated_random_forest,2,2021-07-20,1,1,0.4993006077262905,0.4993006077262905,0.2636595650658408,0.23564104266044966
GOOGL,calibrated_random_forest,2,2021-07-21,1,1,0.49941445370343446,0.49941445370343446,0.26811238252427905,0.2313020711791554
GOOGL,calibrated_random_forest,2,2021-07-22,1,1,0.42929043561588626,0.42929043561588626,0.28983709671553953,0.13945333890034672
GOOGL,calibrated_random_forest,2,2021-07-23,0,1,0.36429753114448865,0.36429753114448865,0.3314768128422391,0.03282071830224953
GOOGL,calibrated_random_forest,2,2021-07-26,0,1,0.3627029670835717,0.3627029670835717,0.3269215356519512,0.03578143143162049
GOOGL,calibrated_random_forest,2,2021-07-27,1,1,0.4362782317189274,0.4362782317189274,0.2819991697197863,0.1542790619991411
GOOGL,calibrated_random_forest,2,2021-07-28,0,1,0.3664269897886087,0.3664269897886087,0.32245537787929246,0.043971611909316255
GOOGL,calibrated_random_forest,2,2021-07-29,0,1,0.42995664614821955,0.42995664614821955,0.29167056825489585,0.1382860778933237
GOOGL,calibrated_random_forest,2,2021-07-30,0,1,0.42359862913429486,0.42359862913429486,0.29770562853864996,0.1258930005956449
GOOGL,calibrated_random_forest,2,2021-08-02,0,1,0.4452727589783158,0.4452727589783158,0.28952620678298585,0.15574655219532996
GOOGL,calibrated_random_forest,2,2021-08-03,0,1,0.43451813196540007,0.43451813196540007,0.2856272587281115,0.14889087323728856
GOOGL,calibrated_random_forest,2,2021-08-04,0,1,0.488561925992047,0.488561925992047,0.27356262305671525,0.21499930293533176
GOOGL,calibrated_random_forest,2,2021-08-05,0,1,0.47341076011750305,0.47341076011750305,0.27590030206264243,0.19751045805486062
GOOGL,calibrated_random_forest,2,2021-08-06,0,1,0.45703144429382087,0.45703144429382087,0.2732467752784466,0.18378466901537427
GOOGL,calibrated_random_forest,2,2021-08-09,0,1,0.4308308248666967,0.4308308248666967,0.2866469512176027,0.14418387364909402
GOOGL,calibrated_random_forest,2,2021-08-10,0,1,0.42999009280247497,0.42999009280247497,0.2863996839175827,0.14359040888489227
GOOGL,calibrated_random_forest,2,2021-08-11,0,1,0.425574257097473,0.425574257097473,0.2946911637741186,0.1308830933233544
GOOGL,calibrated_random_forest,2,2021-08-12,0,1,0.4337975066152799,0.4337975066152799,0.2836021835339991,0.1501953230812808
GOOGL,calibrated_random_forest,2,2021-08-13,0,1,0.40674715116974536,0.40674715116974536,0.30034771779703684,0.10639943337270852
GOOGL,calibrated_random_forest,2,2021-08-16,0,1,0.40175801324744703,0.40175801324744703,0.30194911517086687,0.09980889807658017
GOOGL,calibrated_random_forest,2,2021-08-17,1,1,0.46016287098946607,0.46016287098946607,0.27968285372274965,0.18048001726671642
GOOGL,calibrated_random_forest,2,2021-08-18,1,1,0.48079280025117993,0.48079280025117993,0.2716918098900417,0.20910099036113822
GOOGL,calibrated_random_forest,2,2021-08-19,1,1,0.4794512506615359,0.4794512506615359,0.2749079298800025,0.20454332078153337
GOOGL,calibrated_random_forest,2,2021-08-20,1,1,0.4748070485124885,0.4748070485124885,0.27640915655079407,0.19839789196169444
GOOGL,calibrated_random_forest,2,2021-08-23,1,1,0.3992222992579233,0.3992222992579233,0.3081911292860236,0.0910311699718997
GOOGL,calibrated_random_forest,2,2021-08-24,1,1,0.3700555658648818,0.3700555658648818,0.32454400724368354,0.04551155862119827
GOOGL,calibrated_random_forest,2,2021-08-25,1,1,0.4095664535741965,0.4095664535741965,0.3011736751017479,0.1083927784724486
GOOGL,calibrated_random_forest,2,2021-08-26,0,1,0.43676361740928266,0.43676361740928266,0.2922132398597774,0.14455037754950528
GOOGL,calibrated_random_forest,2,2021-08-27,0,1,0.4008333620563873,0.4008333620563873,0.30037506444332357,0.10045829761306374
GOOGL,calibrated_random_forest,2,2021-08-30,0,1,0.41186967254834955,0.41186967254834955,0.2987377153560915,0.11313195719225805
GOOGL,calibrated_random_forest,2,2021-08-31,0,1,0.3917831625590383,0.3917831625590383,0.30688525207849765,0.08489791048054063
GOOGL,calibrated_random_forest,2,2021-09-01,0,1,0.386158679991661,0.386158679991661,0.3099557222045309,0.0762029577871301
GOOGL,calibrated_random_forest,2,2021-09-02,0,1,0.44674003724161987,0.44674003724161987,0.2811474531036681,0.16559258413795175
GOOGL,calibrated_random_forest,2,2021-09-03,0,1,0.4497553486220551,0.4497553486220551,0.2860464422498218,0.1637089063722333
GOOGL,calibrated_random_forest,2,2021-09-07,0,1,0.4428923671815788,0.4428923671815788,0.2890009647828855,0.1538914023986933
GOOGL,calibrated_random_forest,2,2021-09-08,0,1,0.4594689253724556,0.4594689253724556,0.2816952137071169,0.17777371166533867
GOOGL,calibrated_random_forest,2,2021-09-09,0,1,0.44562181360578706,0.44562181360578706,0.2900373600404372,0.1555844535653499
GOOGL,calibrated_random_forest,2,2021-09-10,0,1,0.4727522674998328,0.4727522674998328,0.27079211454302726,0.20196015295680553
GOOGL,calibrated_random_forest,2,2021-09-13,-1,1,0.49267970123167765,0.49267970123167765,0.27794139825725545,0.2147383029744222
GOOGL,calibrated_random_forest,2,2021-09-14,-1,1,0.4884700400959086,0.4884700400959086,0.28445249395269673,0.20401754614321188
GOOGL,calibrated_random_forest,2,2021-09-15,-1,1,0.4287959620088291,0.4287959620088291,0.2869926141160311,0.14180334789279797
GOOGL,calibrated_random_forest,2,2021-09-16,0,1,0.46475907821407975,0.46475907821407975,0.2798335226583983,0.18492555555568146
GOOGL,calibrated_random_forest,2,2021-09-17,0,1,0.49009398886370886,0.49009398886370886,0.27340468212576247,0.2166893067379464
GOOGL,calibrated_random_forest,2,2021-09-20,0,1,0.5049807805489741,0.5049807805489741,0.2687892328681624,0.2361915476808117
GOOGL,calibrated_random_forest,2,2021-09-21,-1,1,0.5068310946857347,0.5068310946857347,0.2712234105756918,0.2356076841100429
GOOGL,calibrated_random_forest,2,2021-09-22,-1,1,0.5304299224353503,0.5304299224353503,0.272112811289918,0.25831711114543227
GOOGL,calibrated_random_forest,2,2021-09-23,-1,1,0.518470098941089,0.518470098941089,0.2709727056914903,0.24749739324959869
GOOGL,calibrated_random_forest,2,2021-09-24,-1,1,0.47908078151144773,0.47908078151144773,0.2839014464408707,0.19517933507057705
GOOGL,calibrated_random_forest,2,2021-09-27,-1,1,0.4870501407945591,0.4870501407945591,0.2811364546142741,0.205913686180285
GOOGL,calibrated_random_forest,2,2021-09-28,0,1,0.47413246845264007,0.47413246845264007,0.2636865654109848,0.21044590304165528
GOOGL,calibrated_random_forest,2,2021-09-29,1,1,0.48497330776107384,0.48497330776107384,0.2674398606574852,0.21753344710358863
GOOGL,calibrated_random_forest,2,2021-09-30,1,1,0.4967786719027168,0.4967786719027168,0.25222627072109693,0.24455240118161986
GOOGL,calibrated_random_forest,2,2021-10-01,1,1,0.4782392788206505,0.4782392788206505,0.26820424469129156,0.21003503412935892
GOOGL,calibrated_random_forest,2,2021-10-04,1,1,0.4705072964224926,0.4705072964224926,0.2653983917767417,0.20510890464575093
GOOGL,calibrated_random_forest,2,2021-10-05,0,1,0.4577180762989759,0.4577180762989759,0.27459696012517204,0.18312111617380383
GOOGL,calibrated_random_forest,2,2021-10-06,0,1,0.469695911276655,0.469695911276655,0.28566207625159373,0.18403383502506127
GOOGL,calibrated_random_forest,2,2021-10-07,0,1,0.4704322501996243,0.4704322501996243,0.2900875156509199,0.18034473454870442
GOOGL,calibrated_random_forest,2,2021-10-08,0,1,0.4943012297349321,0.4943012297349321,0.2896288756376512,0.2046723540972809
GOOGL,calibrated_random_forest,2,2021-10-11,1,1,0.48612215872471154,0.48612215872471154,0.2845041246834977,0.20161803404121387
GOOGL,calibrated_random_forest,2,2021-10-12,1,1,0.44188633611551437,0.44188633611551437,0.284072191900945,0.15781414421456935
GOOGL,calibrated_random_forest,2,2021-10-13,1,1,0.48842421926235186,0.48842421926235186,0.2778766164760167,0.21054760278633516
GOOGL,calibrated_random_forest,2,2021-10-14,0,1,0.427521272793359,0.427521272793359,0.2968330316814632,0.1306882411118958
GOOGL,calibrated_random_forest,2,2021-10-15,-1,1,0.4282425013343638,0.4282425013343638,0.29735551433860735,0.13088698699575646
GOOGL,calibrated_random_forest,2,2021-10-18,-1,1,0.3974391985008571,0.3974391985008571,0.30291505066211194,0.09452414783874519
GOOGL,calibrated_random_forest,2,2021-10-19,-1,1,0.41625254483003543,0.41625254483003543,0.2921950102138749,0.12405753461616054
GOOGL,calibrated_random_forest,2,2021-10-20,1,1,0.4371279126235393,0.4371279126235393,0.28408963980743174,0.15303827281610755
GOOGL,calibrated_random_forest,2,2021-10-21,1,1,0.48096976432683824,0.48096976432683824,0.2738400127634307,0.20712975156340757
GOOGL,calibrated_random_forest,2,2021-10-22,1,1,0.47878439016859736,0.47878439016859736,0.2727650934149849,0.20601929675361247
GOOGL,calibrated_random_forest,2,2021-10-25,1,1,0.4838940806539164,0.4838940806539164,0.2656283083530226,0.21826577230089383
GOOGL,calibrated_random_forest,2,2021-10-26,1,1,0.5053443162261676,0.5053443162261676,0.265270152189363,0.2400741640368046
GOOGL,calibrated_random_forest,2,2021-10-27,0,1,0.3964818054408022,0.3964818054408022,0.3017857641899275,0.09469604125087472
GOOGL,calibrated_random_forest,2,2021-10-28,0,1,0.42018770858146626,0.42018770858146626,0.29356910333166475,0.1266186052498015
GOOGL,calibrated_random_forest,2,2021-10-29,0,1,0.40641689391924873,0.40641689391924873,0.3000734781669155,0.10634341575233325
GOOGL,calibrated_random_forest,2,2021-11-01,1,1,0.47611296657210334,0.47611296657210334,0.2626721175719321,0.21344084900017124
GOOGL,calibrated_random_forest,2,2021-11-02,1,1,0.47481858825178214,0.47481858825178214,0.2671254194366531,0.20769316881512906
GOOGL,calibrated_random_forest,2,2021-11-03,0,1,0.5015909398231204,0.5015909398231204,0.25868979901608086,0.24290114080703956
GOOGL,calibrated_random_forest,2,2021-11-04,0,1,0.4513781998733432,0.4513781998733432,0.28467936224009277,0.16669883763325044
GOOGL,calibrated_random_forest,2,2021-11-05,0,1,0.4777540936927595,0.4777540936927595,0.2839392933518505,0.19381480034090903
GOOGL,calibrated_random_forest,2,2021-11-08,0,1,0.4461054157864917,0.4461054157864917,0.2869754434710856,0.1591299723154061
GOOGL,calibrated_random_forest,2,2021-11-09,0,1,0.4686147962815288,0.4686147962815288,0.2796328877544592,0.1889819085270696
GOOGL,calibrated_random_forest,2,2021-11-10,0,1,0.49326891048990845,0.49326891048990845,0.2565381441200698,0.23673076636983864
GOOGL,calibrated_random_forest,2,2021-11-11,1,1,0.5060763600800251,0.5060763600800251,0.2602549573487494,0.24582140273127567
GOOGL,calibrated_random_forest,2,2021-11-12,0,1,0.5080290431517159,0.5080290431517159,0.25340005825375583,0.2546289848979601
GOOGL,calibrated_random_forest,2,2021-11-15,0,1,0.48547247545479655,0.48547247545479655,0.2777441448632001,0.20772833059159646
GOOGL,calibrated_random_forest,2,2021-11-16,0,1,0.49331279220778207,0.49331279220778207,0.26460141696246253,0.22871137524531954
GOOGL,calibrated_random_forest,2,2021-11-17,0,1,0.4815284152437718,0.4815284152437718,0.27852986329868346,0.20299855194508837
GOOGL,calibrated_random_forest,2,2021-11-18,-1,1,0.4723400895302327,0.4723400895302327,0.2701604720244458,0.2021796175057869
GOOGL,calibrated_random_forest,2,2021-11-19,-1,1,0.4930840054369227,0.4930840054369227,0.2664327396430368,0.2266512657938859
GOOGL,calibrated_random_forest,2,2021-11-22,-1,1,0.5117409526992115,0.5117409526992115,0.2583009783074493,0.2534399743917622
GOOGL,calibrated_random_forest,2,2021-11-23,-1,1,0.5277589855208192,0.5277589855208192,0.25854102431636555,0.2692179612044537
GOOGL,calibrated_random_forest,2,2021-11-24,-1,1,0.5126166106848893,0.5126166106848893,0.26724259715309334,0.24537401353179594
GOOGL,calibrated_random_forest,2,2021-11-26,0,1,0.4787687116476149,0.4787687116476149,0.26451962327044914,0.21424908837716578
GOOGL,calibrated_random_forest,2,2021-11-29,0,1,0.5308554407583003,0.5308554407583003,0.2572180001950249,0.2736374405632754
GOOGL,calibrated_random_forest,2,2021-11-30,1,1,0.4774856864434529,0.4774856864434529,0.28054132409088256,0.19694436235257035
GOOGL,calibrated_random_forest,2,2021-12-01,1,1,0.47374659968350213,0.47374659968350213,0.2769309021152087,0.19681569756829342
GOOGL,calibrated_random_forest,2,2021-12-02,1,1,0.49490619642441097,0.49490619642441097,0.2769194943120215,0.21798670211238946
GOOGL,calibrated_random_forest,2,2021-12-03,1,1,0.4928087138543294,0.4928087138543294,0.28013619058443023,0.21267252326989916
GOOGL,calibrated_random_forest,2,2021-12-06,0,1,0.5000932350555763,0.5000932350555763,0.2716874559921789,0.22840577906339743
GOOGL,calibrated_random_forest,2,2021-12-07,-1,1,0.4390985587791553,0.4390985587791553,0.28969788425856663,0.1494006745205887
GOOGL,calibrated_random_forest,2,2021-12-08,0,1,0.419668278866665,0.419668278866665,0.2988576226525695,0.12081065621409554
GOOGL,calibrated_random_forest,2,2021-12-09,-1,1,0.4733628986918646,0.4733628986918646,0.2876602095112564,0.18570268918060817
GOOGL,calibrated_random_forest,2,2021-12-10,-1,1,0.47433358369327455,0.47433358369327455,0.27827222632309906,0.1960613573701755
GOOGL,calibrated_random_forest,2,2021-12-13,-1,1,0.4748175316519763,0.4748175316519763,0.27466792838370996,0.20014960326826636
GOOGL,calibrated_random_forest,2,2021-12-14,0,1,0.43620504550242556,0.43620504550242556,0.28397096500968977,0.1522340804927358
GOOGL,calibrated_random_forest,2,2021-12-15,0,1,0.4853073826845869,0.4853073826845869,0.272224014404316,0.2130833682802709
GOOGL,calibrated_random_forest,2,2021-12-16,0,1,0.4792805633324823,0.4792805633324823,0.2727788156575768,0.20650174767490553
GOOGL,calibrated_random_forest,2,2021-12-17,1,1,0.4741459680919924,0.4741459680919924,0.27028670567332136,0.20385926241867103
GOOGL,calibrated_random_forest,2,2021-12-20,1,1,0.4443912424366398,0.4443912424366398,0.2835143343375391,0.1608769080991007
GOOGL,calibrated_random_forest,2,2021-12-21,1,1,0.504416485122429,0.504416485122429,0.27406595383358723,0.23035053128884175
GOOGL,calibrated_random_forest,2,2021-12-22,0,1,0.466382356398124,0.466382356398124,0.2828416224540223,0.1835407339441017
GOOGL,calibrated_random_forest,2,2021-12-23,0,1,0.459612632057579,0.459612632057579,0.2923226011710223,0.1672900308865567
GOOGL,calibrated_random_forest,2,2021-12-27,0,1,0.45656428533723287,0.45656428533723287,0.28412434216833315,0.1724399431688997
GOOGL,calibrated_random_forest,2,2021-12-28,0,1,0.45107472743684923,0.45107472743684923,0.2842213135217862,0.16685341391506303
GOOGL,calibrated_random_forest,2,2021-12-29,-1,1,0.47170159968771497,0.47170159968771497,0.27999903069295623,0.19170256899475874
GOOGL,calibrated_random_forest,2,2021-12-30,-1,1,0.5084919934767833,0.5084919934767833,0.2703516408705992,0.2381403526061841
GOOGL,calibrated_random_forest,2,2021-12-31,-1,1,0.4906116536429832,0.4906116536429832,0.2717146273502134,0.2188970262927698
GOOGL,calibrated_random_forest,2,2022-01-03,-1,1,0.49723869323457165,0.49723869323457165,0.2764194572800079,0.22081923595456376
GOOGL,calibrated_random_forest,2,2022-01-04,-1,1,0.48304707454471857,0.48304707454471857,0.2741604311530326,0.20888664339168594
GOOGL,calibrated_random_forest,2,2022-01-05,1,1,0.5261302322532934,0.5261302322532934,0.2509072139905402,0.27522301826275314
GOOGL,calibrated_random_forest,2,2022-01-06,0,1,0.5147604500566157,0.5147604500566157,0.24346669505141008,0.2712937550052057
GOOGL,calibrated_random_forest,2,2022-01-07,0,1,0.5133782727537247,0.5133782727537247,0.24352420022113844,0.2698540725325863
GOOGL,calibrated_random_forest,2,2022-01-10,0,1,0.5043096430077902,0.5043096430077902,0.25700864146823366,0.2473010015395566
GOOGL,calibrated_random_forest,2,2022-01-11,-1,1,0.4989605352339433,0.4989605352339433,0.25940454935407736,0.23955598587986593
GOOGL,calibrated_random_forest,2,2022-01-12,-1,1,0.5030234336018666,0.5030234336018666,0.27556286068149066,0.22746057292037597
GOOGL,calibrated_random_forest,2,2022-01-13,-1,1,0.508358268373424,0.508358268373424,0.2665758582853723,0.24178241008805174
GOOGL,calibrated_random_forest,2,2022-01-14,-1,1,0.4895013342827248,0.4895013342827248,0.27222505822812487,0.21727627605459993
GOOGL,calibrated_random_forest,2,2022-01-18,-1,1,0.510879255477492,0.510879255477492,0.2476216123594052,0.26325764311808686
GOOGL,calibrated_random_forest,2,2022-01-19,-1,1,0.49392931703845866,0.49392931703845866,0.25453859345365665,0.239390723584802
GOOGL,calibrated_random_forest,2,2022-01-20,-1,1,0.5204403840906678,0.5204403840906678,0.2461666316954738,0.274273752395194
GOOGL,calibrated_random_forest,2,2022-01-21,1,1,0.5407595556722188,0.5407595556722188,0.2551166567332274,0.28564289893899136
GOOGL,calibrated_random_forest,2,2022-01-24,1,1,0.5294330893862922,0.5294330893862922,0.2518397259157506,0.2775933634705416
GOOGL,calibrated_random_forest,2,2022-01-25,1,1,0.5394155479118155,0.5394155479118155,0.25521559214605816,0.2841999557657573
GOOGL,calibrated_random_forest,2,2022-01-26,1,1,0.5096059230857404,0.5096059230857404,0.2467323274185488,0.2628735956671916
GOOGL,calibrated_random_forest,2,2022-01-27,1,1,0.5022646259281988,0.5022646259281988,0.25302248881021683,0.24924213711798193
GOOGL,calibrated_random_forest,2,2022-01-28,1,1,0.45910618264210495,0.45910618264210495,0.2710167037071947,0.18808947893491024
GOOGL,calibrated_random_forest,2,2022-01-31,1,1,0.4508993959784993,0.4508993959784993,0.2868487187751753,0.164050677203324
GOOGL,calibrated_random_forest,2,2022-02-01,0,1,0.42884832207119156,0.42884832207119156,0.2921074507849467,0.13674087128624485
GOOGL,calibrated_random_forest,2,2022-02-02,-1,1,0.4004739095817112,0.4004739095817112,0.3035661977584374,0.09690771182327379
GOOGL,calibrated_random_forest,2,2022-02-03,-1,1,0.40410046129515703,0.40410046129515703,0.3039334501222983,0.10016701117285876
GOOGL,calibrated_random_forest,2,2022-02-04,-1,1,0.4192945519425571,0.4192945519425571,0.3022108090776611,0.11708374286489598
GOOGL,calibrated_random_forest,2,2022-02-07,-1,1,0.4506060637977112,0.4506060637977112,0.2756218091397225,0.17498425465798867
GOOGL,calibrated_random_forest,2,2022-02-08,-1,1,0.45025503794856264,0.45025503794856264,0.27665132869062614,0.1736037092579365
GOOGL,calibrated_random_forest,2,2022-02-09,-1,1,0.4757234082663304,0.4757234082663304,0.2718787162581966,0.20384469200813382
GOOGL,calibrated_random_forest,2,2022-02-10,-1,1,0.4576739922858792,0.4576739922858792,0.2714968904857315,0.18617710180014768
GOOGL,calibrated_random_forest,2,2022-02-11,-1,1,0.47103266882338235,0.47103266882338235,0.2722898824020289,0.19874278642135346
GOOGL,calibrated_random_forest,2,2022-02-14,-1,1,0.4543177556897304,0.4543177556897304,0.2769236740499781,0.1773940816397523
GOOGL,calibrated_random_forest,2,2022-02-15,-1,1,0.5067781130094673,0.5067781130094673,0.2611881983782342,0.24558991463123309
GOOGL,calibrated_random_forest,2,2022-02-16,-1,1,0.4814407872568968,0.4814407872568968,0.27931466952924683,0.20212611772765
GOOGL,calibrated_random_forest,2,2022-02-17,0,1,0.4805280041271802,0.4805280041271802,0.2701097142778097,0.2104182898493705
GOOGL,calibrated_random_forest,2,2022-02-18,1,1,0.4793614826142712,0.4793614826142712,0.26038405525349706,0.21897742736077414
GOOGL,calibrated_random_forest,2,2022-02-22,1,1,0.4840432895916063,0.4840432895916063,0.26092407338673923,0.22311921620486708
GOOGL,calibrated_random_forest,2,2022-02-23,1,1,0.5075240324323208,0.5075240324323208,0.25250894596106,0.2550150864712608
GOOGL,calibrated_random_forest,2,2022-02-24,0,1,0.47310164658395343,0.47310164658395343,0.270881395075978,0.2022202515079754
GOOGL,calibrated_random_forest,2,2022-02-25,0,1,0.45990890329928913,0.45990890329928913,0.28659414140977835,0.17331476188951078
GOOGL,calibrated_random_forest,2,2022-02-28,-1,1,0.4481057470850569,0.4481057470850569,0.29300845055780295,0.15509729652725396
GOOGL,calibrated_random_forest,2,2022-03-01,-1,1,0.4680045525579746,0.4680045525579746,0.28448905411305025,0.18351549844492432
GOOGL,calibrated_random_forest,2,2022-03-02,0,1,0.4986423175578582,0.4986423175578582,0.27509664064328265,0.22354567691457555
GOOGL,calibrated_random_forest,2,2022-03-03,0,1,0.5196874492532694,0.5196874492532694,0.2732995626280593,0.24638788662521005
GOOGL,calibrated_random_forest,2,2022-03-04,0,1,0.4986384356159352,0.4986384356159352,0.27334212498627053,0.22529631062966465
GOOGL,calibrated_random_forest,2,2022-03-07,0,1,0.5397500881210209,0.5397500881210209,0.2607993940188569,0.278950694102164
GOOGL,calibrated_random_forest,2,2022-03-08,0,1,0.48376637294573327,0.48376637294573327,0.2601699209988962,0.22359645194683708
GOOGL,calibrated_random_forest,2,2022-03-09,0,1,0.4613965595686183,0.4613965595686183,0.270474877237183,0.1909216823314353
GOOGL,calibrated_random_forest,2,2022-03-10,0,1,0.4799848532193072,0.4799848532193072,0.27545942931906553,0.20452542390024164
GOOGL,calibrated_random_forest,2,2022-03-11,1,1,0.4921252924457699,0.4921252924457699,0.26777833766684295,0.22434695477892697
GOOGL,calibrated_random_forest,2,2022-03-14,1,1,0.4930921541174081,0.4930921541174081,0.2551067634154294,0.23798539070197866
GOOGL,calibrated_random_forest,2,2022-03-15,1,1,0.468114197912239,0.468114197912239,0.27196374810187945,0.19615044981035956
GOOGL,calibrated_random_forest,2,2022-03-16,1,1,0.4428505582062559,0.4428505582062559,0.2836407389973961,0.1592098192088598
GOOGL,calibrated_random_forest,2,2022-03-17,1,1,0.43140367874043356,0.43140367874043356,0.29854731720422883,0.13285636153620473
GOOGL,calibrated_random_forest,2,2022-03-18,1,1,0.39892864966966207,0.39892864966966207,0.30458785697068463,0.09434079269897744
GOOGL,calibrated_random_forest,2,2022-03-21,1,1,0.41449441578859275,0.41449441578859275,0.3055478895403987,0.10894652624819406
GOOGL,calibrated_random_forest,2,2022-03-22,0,1,0.3996355497412962,0.3996355497412962,0.30035638630897715,0.09927916343231907
GOOGL,calibrated_random_forest,2,2022-03-23,1,1,0.44646061684427246,0.44646061684427246,0.289020136566776,0.15744048027749646
GOOGL,calibrated_random_forest,2,2022-03-24,0,1,0.40723712323868333,0.40723712323868333,0.299679653496072,0.10755746974261132
GOOGL,calibrated_random_forest,2,2022-03-25,0,1,0.47745501745455243,0.47745501745455243,0.28160148108045835,0.19585353637409408
GOOGL,calibrated_random_forest,2,2022-03-28,0,1,0.4539220447765498,0.4539220447765498,0.29330375857203655,0.16061828620451324
GOOGL,calibrated_random_forest,2,2022-03-29,0,1,0.4735032828109123,0.4735032828109123,0.27863876027461004,0.19486452253630226
GOOGL,calibrated_random_forest,2,2022-03-30,-1,1,0.4672540465217521,0.4672540465217521,0.28406649097212416,0.18318755554962796
GOOGL,calibrated_random_forest,2,2022-03-31,-1,1,0.48781764936120897,0.48781764936120897,0.2697815112509963,0.21803613811021266
GOOGL,calibrated_random_forest,2,2022-04-01,-1,1,0.5201295099850576,0.5201295099850576,0.2611044967335326,0.259025013251525
GOOGL,calibrated_random_forest,2,2022-04-04,-1,1,0.4776505323130061,0.4776505323130061,0.26964552023750776,0.20800501207549832
GOOGL,calibrated_random_forest,2,2022-04-05,-1,1,0.5219366924381398,0.5219366924381398,0.25595288413873063,0.26598380829940915
GOOGL,calibrated_random_forest,2,2022-04-06,-1,1,0.4712496047361241,0.4712496047361241,0.2669339498639704,0.2043156548721537
GOOGL,calibrated_random_forest,2,2022-04-07,-1,1,0.4917194878851721,0.4917194878851721,0.26317109907894876,0.22854838880622336
GOOGL,calibrated_random_forest,2,2022-04-08,-1,1,0.49204897817219345,0.49204897817219345,0.2600224423478057,0.23202653582438776
GOOGL,calibrated_random_forest,2,2022-04-11,0,1,0.49870925408282346,0.49870925408282346,0.25245321176437124,0.24625604231845222
GOOGL,calibrated_random_forest,2,2022-04-12,0,1,0.48104736127277753,0.48104736127277753,0.26197707848810076,0.21907028278467677
GOOGL,calibrated_random_forest,2,2022-04-13,-1,1,0.4964704322549686,0.4964704322549686,0.2542198525235187,0.24225057973144992
GOOGL,calibrated_random_forest,2,2022-04-14,-1,1,0.5147351588947212,0.5147351588947212,0.24974972956935862,0.2649854293253626
GOOGL,calibrated_random_forest,2,2022-04-18,-1,1,0.5061272718301869,0.5061272718301869,0.25723154445876767,0.24889572737141924
GOOGL,calibrated_random_forest,2,2022-04-19,-1,1,0.49317883375364535,0.49317883375364535,0.257997954656588,0.23518087909705737
GOOGL,calibrated_random_forest,2,2022-04-20,-1,1,0.5215722514385042,0.5215722514385042,0.25206363590253456,0.2695086155359696
GOOGL,calibrated_random_forest,2,2022-04-21,-1,1,0.5279819348169633,0.5279819348169633,0.2549427479576175,0.2730391868593458
GOOGL,calibrated_random_forest,2,2022-04-22,-1,1,0.5253084978224128,0.5253084978224128,0.26367782071847884,0.261630677103934
GOOGL,calibrated_random_forest,2,2022-04-25,-1,1,0.5135251650452832,0.5135251650452832,0.24892443391973695,0.2646007311255463
GOOGL,calibrated_random_forest,2,2022-04-26,0,1,0.5263025482494617,0.5263025482494617,0.25903943751908515,0.2672631107303765
GOOGL,calibrated_random_forest,2,2022-04-27,1,1,0.535871833740975,0.535871833740975,0.2480792954102883,0.28779253833068674
GOOGL,calibrated_random_forest,2,2022-04-28,0,1,0.5016748942194802,0.5016748942194802,0.2520597434520036,0.2496151507674766
GOOGL,calibrated_random_forest,2,2022-04-29,0,1,0.5140343162195861,0.5140343162195861,0.2531326648672138,0.26090165135237225
GOOGL,calibrated_random_forest,2,2022-05-02,-1,1,0.5189894160699992,0.5189894160699992,0.24721221554881137,0.2717772005211878
GOOGL,calibrated_random_forest,2,2022-05-03,-1,1,0.5266752847905756,0.5266752847905756,0.24529863785892483,0.28137664693165076
GOOGL,calibrated_random_forest,2,2022-05-04,-1,1,0.48890373593251807,0.48890373593251807,0.26877579234521226,0.2201279435873058
GOOGL,calibrated_random_forest,2,2022-05-05,-1,1,0.5356287877049434,0.5356287877049434,0.2462072042473884,0.289421583457555
GOOGL,calibrated_random_forest,2,2022-05-06,0,1,0.5266361493410255,0.5266361493410255,0.2573085289306319,0.26932762041039365
GOOGL,calibrated_random_forest,2,2022-05-09,0,1,0.5185489207625874,0.5185489207625874,0.2480216576808382,0.27052726308174924
GOOGL,calibrated_random_forest,2,2022-05-10,0,1,0.49309479886854585,0.49309479886854585,0.25772606027461714,0.2353687385939287
GOOGL,calibrated_random_forest,2,2022-05-11,0,1,0.4913518610290546,0.4913518610290546,0.2556533920914818,0.2356984689375728
GOOGL,calibrated_random_forest,2,2022-05-12,-1,1,0.4995148652391183,0.4995148652391183,0.2521425773292245,0.2473722879098938
GOOGL,calibrated_random_forest,2,2022-05-13,-1,1,0.48536930135844397,0.48536930135844397,0.2636878581575026,0.22168144320094135
GOOGL,calibrated_random_forest,2,2022-05-16,-1,1,0.48778763562806154,0.48778763562806154,0.26247838224674314,0.2253092533813184
GOOGL,calibrated_random_forest,2,2022-05-17,-1,1,0.49621784624824966,0.49621784624824966,0.26125765563195885,0.2349601906162908
GOOGL,calibrated_random_forest,2,2022-05-18,-1,1,0.4932981968065298,0.4932981968065298,0.2586697862688496,0.2346284105376802
GOOGL,calibrated_random_forest,2,2022-05-19,-1,1,0.5269313924716315,0.5269313924716315,0.2513762064642934,0.2755551860073381
GOOGL,calibrated_random_forest,2,2022-05-20,1,1,0.5192996904091599,0.5192996904091599,0.2503985218059394,0.2689011686032205
GOOGL,calibrated_random_forest,2,2022-05-23,1,1,0.4960632337484947,0.4960632337484947,0.25710707009027783,0.23895616365821687
GOOGL,calibrated_random_forest,2,2022-05-24,1,1,0.5449897334682043,0.5449897334682043,0.2537916872023122,0.29119804626589213
GOOGL,calibrated_random_forest,2,2022-05-25,1,1,0.5163633035090371,0.5163633035090371,0.24587024335814026,0.2704930601508969
GOOGL,calibrated_random_forest,2,2022-05-26,1,1,0.5205911786446278,0.5205911786446278,0.24051291499442454,0.2800782636502033
GOOGL,calibrated_random_forest,2,2022-05-27,1,1,0.45175694536026634,0.45175694536026634,0.2793117798965547,0.17244516546371164
GOOGL,calibrated_random_forest,2,2022-05-31,1,1,0.4414646813717545,0.4414646813717545,0.2852576841732029,0.15620699719855158
GOOGL,calibrated_random_forest,2,2022-06-01,1,1,0.44414715914071395,0.44414715914071395,0.28847020392432077,0.1556769552163932
GOOGL,calibrated_random_forest,2,2022-06-02,-1,1,0.3935862605913429,0.3935862605913429,0.3055135056057286,0.08807275498561429
GOOGL,calibrated_random_forest,2,2022-06-03,-1,1,0.4404856918648085,0.4404856918648085,0.2801518764942008,0.1603338153706077
GOOGL,calibrated_random_forest,2,2022-06-06,-1,1,0.43835975549398337,0.43835975549398337,0.29523265848119645,0.14312709701278692
GOOGL,calibrated_random_forest,2,2022-06-07,-1,1,0.4448687457673313,0.4448687457673313,0.2832965060950631,0.1615722396722682
GOOGL,calibrated_random_forest,2,2022-06-08,-1,1,0.4318041812706677,0.4318041812706677,0.30274997989477276,0.12905420137589496
GOOGL,calibrated_random_forest,2,2022-06-09,-1,1,0.47511571160230326,0.47511571160230326,0.2711395475673747,0.20397616403492858
GOOGL,calibrated_random_forest,2,2022-06-10,-1,1,0.4502991174291326,0.4502991174291326,0.28056569588448427,0.16973342154464832
GOOGL,calibrated_random_forest,2,2022-06-13,1,1,0.5028584443634306,0.5028584443634306,0.2508029023733516,0.252055541990079
GOOGL,calibrated_random_forest,2,2022-06-14,1,1,0.4983450272079459,0.4983450272079459,0.2529757596858186,0.2453692675221273
GOOGL,calibrated_random_forest,2,2022-06-15,1,1,0.4920781672971171,0.4920781672971171,0.257955897131899,0.23412227016521814
GOOGL,calibrated_random_forest,2,2022-06-16,1,1,0.4882666895858521,0.4882666895858521,0.2568540340652103,0.23141265552064183
GOOGL,calibrated_random_forest,2,2022-06-17,1,1,0.49340190191580674,0.49340190191580674,0.25559885582221425,0.23780304609359249
GOOGL,calibrated_random_forest,2,2022-06-21,0,1,0.47864279126139825,0.47864279126139825,0.27386012820543537,0.20478266305596288
GOOGL,calibrated_random_forest,2,2022-06-22,0,1,0.46244332018151163,0.46244332018151163,0.28969593060006277,0.17274738958144886
GOOGL,calibrated_random_forest,2,2022-06-23,-1,1,0.47108176965641774,0.47108176965641774,0.28297550180604963,0.1881062678503681
GOOGL,calibrated_random_forest,2,2022-06-24,-1,1,0.40216781111279704,0.40216781111279704,0.29998466120315326,0.10218314990964378
GOOGL,calibrated_random_forest,2,2022-06-27,-1,1,0.4210703973688316,0.4210703973688316,0.2929147479049679,0.1281556494638637
GOOGL,calibrated_random_forest,2,2022-06-28,1,1,0.47229161086811344,0.47229161086811344,0.26570466152639505,0.2065869493417184
GOOGL,calibrated_random_forest,2,2022-06-29,1,1,0.45015496460388055,0.45015496460388055,0.2775081005429641,0.17264686406091645
GOOGL,calibrated_random_forest,2,2022-06-30,1,1,0.46617400564589556,0.46617400564589556,0.27095764093221175,0.1952163647136838
GOOGL,calibrated_random_forest,2,2022-07-01,1,1,0.4808111150271071,0.4808111150271071,0.2634279725763587,0.2173831424507484
GOOGL,calibrated_random_forest,2,2022-07-05,0,1,0.45702460121195604,0.45702460121195604,0.2721602631639579,0.18486433804799812
GOOGL,calibrated_random_forest,2,2022-07-06,-1,1,0.42487364409152245,0.42487364409152245,0.2924024618057777,0.13247118228574473
GOOGL,calibrated_random_forest,2,2022-07-07,-1,1,0.4020512666543872,0.4020512666543872,0.30086936855686663,0.10118189809752054
GOOGL,calibrated_random_forest,2,2022-07-08,-1,1,0.39427555397755,0.39427555397755,0.3099550037140159,0.08432055026353408
GOOGL,calibrated_random_forest,2,2022-07-11,-1,1,0.4785995552916556,0.4785995552916556,0.2729108916669552,0.2056886636247004
GOOGL,calibrated_random_forest,2,2022-07-12,0,1,0.48413470602093867,0.48413470602093867,0.2653491228663711,0.2187855831545676
GOOGL,calibrated_random_forest,2,2022-07-13,1,1,0.46324970792682835,0.46324970792682835,0.2709959172770359,0.19225379064979242
GOOGL,calibrated_random_forest,2,2022-07-14,1,1,0.4549687781133791,0.4549687781133791,0.27727356882772725,0.17769520928565186
GOOGL,calibrated_random_forest,2,2022-07-15,-1,1,0.4936575795806146,0.4936575795806146,0.25926566544562046,0.23439191413499416
GOOGL,calibrated_random_forest,2,2022-07-18,0,1,0.4601066243020555,0.4601066243020555,0.27503599241894183,0.18507063188311368
GOOGL,calibrated_random_forest,2,2022-07-19,-1,1,0.4537506860925731,0.4537506860925731,0.27362058494676555,0.18013010114580752
GOOGL,calibrated_random_forest,2,2022-07-20,0,1,0.469288647074032,0.469288647074032,0.27961252860972124,0.18967611846431076
GOOGL,calibrated_random_forest,2,2022-07-21,0,1,0.4974505791068176,0.4974505791068176,0.27659855158642294,0.22085202752039468
GOOGL,calibrated_random_forest,2,2022-07-22,1,1,0.4977195444274742,0.4977195444274742,0.25215889981624806,0.24556064461122612
GOOGL,calibrated_random_forest,2,2022-07-25,1,1,0.5113032908957115,0.5113032908957115,0.24507241686207779,0.26623087403363366
GOOGL,calibrated_random_forest,2,2022-07-26,1,1,0.5203400613274326,0.5203400613274326,0.24588999340334008,0.27445006792409254
GOOGL,calibrated_random_forest,2,2022-07-27,1,1,0.46521965789845093,0.46521965789845093,0.27278362244447235,0.19243603545397858
GOOGL,calibrated_random_forest,2,2022-07-28,1,1,0.4621798137068877,0.4621798137068877,0.28135921733135805,0.18082059637552966
GOOGL,calibrated_random_forest,2,2022-07-29,0,1,0.4267134343584253,0.4267134343584253,0.2871841876769348,0.13952924668149047
GOOGL,calibrated_random_forest,2,2022-08-01,1,1,0.42544296200123694,0.42544296200123694,0.287859669343349,0.13758329265788793
GOOGL,calibrated_random_forest,2,2022-08-02,0,1,0.48322266293744853,0.48322266293744853,0.27254680845795604,0.2106758544794925
GOOGL,calibrated_random_forest,2,2022-08-03,0,1,0.46123426894729896,0.46123426894729896,0.28344176522913084,0.17779250371816813
GOOGL,calibrated_random_forest,2,2022-08-04,0,1,0.46186261607528345,0.46186261607528345,0.29127149921527123,0.17059111686001222
GOOGL,calibrated_random_forest,2,2022-08-05,1,1,0.4695567127147167,0.4695567127147167,0.28135600508208214,0.18820070763263458
GOOGL,calibrated_random_forest,2,2022-08-08,1,1,0.4790806282854017,0.4790806282854017,0.27513189272501165,0.20394873556039006
GOOGL,calibrated_random_forest,2,2022-08-09,1,1,0.48277737072114085,0.48277737072114085,0.275903100061274,0.20687427065986685
GOOGL,calibrated_random_forest,2,2022-08-10,0,1,0.4597862491300604,0.4597862491300604,0.2856207862426276,0.1741654628874328
GOOGL,calibrated_random_forest,2,2022-08-11,0,1,0.5019751654645473,0.5019751654645473,0.2627198659390286,0.23925529952551877
GOOGL,calibrated_random_forest,2,2022-08-12,-1,1,0.41551453510578096,0.41551453510578096,0.2986197634500582,0.11689477165572276
GOOGL,calibrated_random_forest,2,2022-08-15,-1,1,0.4381660639759651,0.4381660639759651,0.29977803314815205,0.13838803082781304
GOOGL,calibrated_random_forest,2,2022-08-16,-1,1,0.456734307034321,0.456734307034321,0.2923771347793681,0.1643571722549529
GOOGL,calibrated_random_forest,2,2022-08-17,-1,1,0.5197141675582486,0.5197141675582486,0.25782181110256475,0.2618923564556839
GOOGL,calibrated_random_forest,2,2022-08-18,-1,1,0.47721006759164847,0.47721006759164847,0.2699957084866142,0.20721435910503427
GOOGL,calibrated_random_forest,2,2022-08-19,-1,1,0.5085269870045781,0.5085269870045781,0.24873292441451436,0.25979406259006377
GOOGL,calibrated_random_forest,2,2022-08-22,-1,1,0.5216845431178184,0.5216845431178184,0.2543699024167871,0.26731464070103134
GOOGL,calibrated_random_forest,2,2022-08-23,-1,1,0.5080928968645023,0.5080928968645023,0.26191061286295075,0.24618228400155157
GOOGL,calibrated_random_forest,2,2022-08-24,-1,1,0.48948367259718734,0.48948367259718734,0.2625593806140773,0.22692429198311004
GOOGL,calibrated_random_forest,2,2022-08-25,-1,1,0.4979205246763007,0.4979205246763007,0.27011587040814006,0.22780465426816066
GOOGL,calibrated_random_forest,2,2022-08-26,-1,1,0.5076194663029,0.5076194663029,0.2500871380630252,0.2575323282398748
GOOGL,calibrated_random_forest,2,2022-08-29,-1,1,0.4603133264970407,0.4603133264970407,0.2792148125431804,0.18109851395386029
GOOGL,calibrated_random_forest,2,2022-08-30,0,1,0.4664222658203414,0.4664222658203414,0.27201900288517944,0.19440326293516197
GOOGL,calibrated_random_forest,2,2022-08-31,0,1,0.501709226912567,0.501709226912567,0.2531424477416123,0.2485667791709547
GOOGL,calibrated_random_forest,2,2022-09-01,0,1,0.4687543744204825,0.4687543744204825,0.2764640926437343,0.19229028177674823
GOOGL,calibrated_random_forest,2,2022-09-02,1,1,0.501246702982355,0.501246702982355,0.2528568960545296,0.24838980692782536
GOOGL,calibrated_random_forest,2,2022-09-06,-1,1,0.5090925300567571,0.5090925300567571,0.25406546619368975,0.2550270638630674
GOOGL,calibrated_random_forest,2,2022-09-07,-1,1,0.48077991125341013,0.48077991125341013,0.26032260525220513,0.220457306001205
GOOGL,calibrated_random_forest,2,2022-09-08,-1,1,0.5191263602409414,0.5191263602409414,0.2518296754487046,0.2672966847922368
GOOGL,calibrated_random_forest,2,2022-09-09,-1,1,0.48986477302819115,0.48986477302819115,0.26964302692279146,0.22022174610539968
GOOGL,calibrated_random_forest,2,2022-09-12,-1,1,0.5104417260707411,0.5104417260707411,0.27066171262177396,0.23978001344896716
GOOGL,calibrated_random_forest,2,2022-09-13,-1,1,0.5298649920014281,0.5298649920014281,0.25846946155045625,0.27139553045097187
GOOGL,calibrated_random_forest,2,2022-09-14,-1,1,0.5260164032365701,0.5260164032365701,0.25237137025162015,0.2736450329849499
GOOGL,calibrated_random_forest,2,2022-09-15,-1,1,0.537554745222694,0.537554745222694,0.2535897429410904,0.2839650022816036
GOOGL,calibrated_random_forest,2,2022-09-16,-1,1,0.5382361444677648,0.5382361444677648,0.25485587673951743,0.28338026772824737
GOOGL,calibrated_random_forest,2,2022-09-19,-1,1,0.5304885231981132,0.5304885231981132,0.24858441262209804,0.28190411057601517
GOOGL,calibrated_random_forest,2,2022-09-20,-1,1,0.5395187828080458,0.5395187828080458,0.2555560693768139,0.28396271343123186
GOOGL,calibrated_random_forest,2,2022-09-21,0,1,0.5351580939760666,0.5351580939760666,0.25573798638481654,0.2794201075912501
GOOGL,calibrated_random_forest,2,2022-09-22,-1,1,0.5022944703261372,0.5022944703261372,0.2502810194186611,0.25201345090747607
GOOGL,calibrated_random_forest,2,2022-09-23,-1,1,0.5301859203919578,0.5301859203919578,0.2511334695770079,0.2790524508149499
GOOGL,calibrated_random_forest,2,2022-09-26,0,1,0.4903472193008098,0.4903472193008098,0.25648171535926395,0.23386550394154587
GOOGL,calibrated_random_forest,2,2022-09-27,1,1,0.5037178583154421,0.5037178583154421,0.2524923724435874,0.2512254858718547
GOOGL,calibrated_random_forest,2,2022-09-28,0,1,0.489341573953481,0.489341573953481,0.25979912397345517,0.22954244998002582
GOOGL,calibrated_random_forest,2,2022-09-29,1,1,0.5237725849508074,0.5237725849508074,0.24907354895678888,0.27469903599401846
GOOGL,calibrated_random_forest,2,2022-09-30,1,1,0.5331689343863365,0.5331689343863365,0.24975278053009983,0.28341615385623664
GOOGL,calibrated_random_forest,2,2022-10-03,0,1,0.49337396899138025,0.49337396899138025,0.2554586572837697,0.23791531170761054
GOOGL,calibrated_random_forest,2,2022-10-04,-1,1,0.4630656845721533,0.4630656845721533,0.2787899397443287,0.1842757448278246
GOOGL,calibrated_random_forest,2,2022-10-05,-1,1,0.45760016284252475,0.45760016284252475,0.27947443264630495,0.1781257301962198
GOOGL,calibrated_random_forest,2,2022-10-06,-1,1,0.46806297035846417,0.46806297035846417,0.2786726081233179,0.18939036223514627
GOOGL,calibrated_random_forest,2,2022-10-07,-1,1,0.47303441578048194,0.47303441578048194,0.2688037159043241,0.20423069987615783
GOOGL,calibrated_random_forest,2,2022-10-10,1,1,0.49379188954307174,0.49379188954307174,0.2596139696404703,0.23417791990260145
GOOGL,calibrated_random_forest,2,2022-10-11,1,1,0.4816179859738415,0.4816179859738415,0.2660197114450354,0.2155982745288061
GOOGL,calibrated_random_forest,2,2022-10-12,1,1,0.5068712089313417,0.5068712089313417,0.26287979670701134,0.2439914122243304
GOOGL,calibrated_random_forest,2,2022-10-13,0,1,0.4834671923884964,0.4834671923884964,0.2610089138049892,0.2224582785835072
GOOGL,calibrated_random_forest,2,2022-10-14,1,1,0.5049117700364266,0.5049117700364266,0.2568127801720376,0.248098989864389
GOOGL,calibrated_random_forest,2,2022-10-17,1,1,0.4744234756761289,0.4744234756761289,0.2752391445782192,0.19918433109790973
GOOGL,calibrated_random_forest,2,2022-10-18,1,1,0.46023941094392234,0.46023941094392234,0.2846464633694524,0.17559294757446997
GOOGL,calibrated_random_forest,2,2022-10-19,-1,1,0.49017090486426856,0.49017090486426856,0.281809043043929,0.20836186182033956
GOOGL,calibrated_random_forest,2,2022-10-20,-1,1,0.49622456461154246,0.49622456461154246,0.27313217628078135,0.22309238833076112
GOOGL,calibrated_random_forest,2,2022-10-21,-1,1,0.4611752992819123,0.4611752992819123,0.2768874846181076,0.18428781466380473
GOOGL,calibrated_random_forest,2,2022-10-24,-1,1,0.4258010153496574,0.4258010153496574,0.2984456955619608,0.1273553197876966
GOOGL,calibrated_random_forest,2,2022-10-25,-1,1,0.38245717812606445,0.38245717812606445,0.3138656234738262,0.06859155465223826
GOOGL,calibrated_random_forest,2,2022-10-26,-1,1,0.5181758326518119,0.5181758326518119,0.25141685513784345,0.26675897751396843
GOOGL,calibrated_random_forest,2,2022-10-27,-1,1,0.5278807021639597,0.5278807021639597,0.2451930222688928,0.2826876798950668
GOOGL,calibrated_random_forest,2,2022-10-28,-1,1,0.476751080025819,0.476751080025819,0.2621512560775277,0.2145998239482913
GOOGL,calibrated_random_forest,2,2022-10-31,-1,1,0.5240645192700523,0.5240645192700523,0.24385038775965331,0.280214131510399
GOOGL,calibrated_random_forest,2,2022-11-01,0,1,0.535545369081196,0.535545369081196,0.2554395714930726,0.2801057975881234
GOOGL,calibrated_random_forest,2,2022-11-02,0,1,0.5218913351678484,0.5218913351678484,0.2578859121224152,0.2640054230454332
GOOGL,calibrated_random_forest,3,2022-11-03,1,1,0.46129785980897164,0.46129785980897164,0.33648448238890616,0.12481337742006549
GOOGL,calibrated_random_forest,3,2022-11-04,1,1,0.4693179766908728,0.4693179766908728,0.3185812054524925,0.15073677123838025
GOOGL,calibrated_random_forest,3,2022-11-07,1,1,0.45854543882691184,0.45854543882691184,0.32173249190408887,0.13681294692282298
GOOGL,calibrated_random_forest,3,2022-11-08,1,1,0.4562901546426174,0.4562901546426174,0.3248458763058209,0.1314442783367965
GOOGL,calibrated_random_forest,3,2022-11-09,1,1,0.4548365898298912,0.4548365898298912,0.32265215088138127,0.13218443894850995
GOOGL,calibrated_random_forest,3,2022-11-10,1,1,0.44348851993951843,0.44348851993951843,0.31758739437168765,0.12590112556783079
GOOGL,calibrated_random_forest,3,2022-11-11,0,1,0.44427896484439455,0.44427896484439455,0.32758917987189506,0.11668978497249949
GOOGL,calibrated_random_forest,3,2022-11-14,0,1,0.4432693250759001,0.4432693250759001,0.32370779040384295,0.11956153467205716
GOOGL,calibrated_random_forest,3,2022-11-15,0,1,0.42423428836406085,0.42423428836406085,0.3144707076399546,0.10976358072410625
GOOGL,calibrated_random_forest,3,2022-11-16,0,1,0.4061389021125578,0.4061389021125578,0.31047683698811207,0.09566206512444575
GOOGL,calibrated_random_forest,3,2022-11-17,0,1,0.42282513975962566,0.42282513975962566,0.3192974500224076,0.10352768973721804
GOOGL,calibrated_random_forest,3,2022-11-18,0,1,0.4235769603458552,0.4235769603458552,0.3434664441059551,0.08011051623990006
GOOGL,calibrated_random_forest,3,2022-11-21,0,1,0.4305648592185159,0.4305648592185159,0.34457233013957556,0.08599252907894034
GOOGL,calibrated_random_forest,3,2022-11-22,1,1,0.4385147467879062,0.4385147467879062,0.3503732400468956,0.08814150674101062
GOOGL,calibrated_random_forest,3,2022-11-23,1,1,0.4241588138362866,0.4241588138362866,0.3339443233076829,0.0902144905286037
GOOGL,calibrated_random_forest,3,2022-11-25,1,1,0.4321698263877858,0.4321698263877858,0.31865696108205166,0.11351286530573412
GOOGL,calibrated_random_forest,3,2022-11-28,1,1,0.44241182178850713,0.44241182178850713,0.334869386636627,0.10754243515188011
GOOGL,calibrated_random_forest,3,2022-11-29,0,1,0.42440568209096224,0.42440568209096224,0.33944189883445325,0.084963783256509
GOOGL,calibrated_random_forest,3,2022-11-30,-1,1,0.43046047293255835,0.43046047293255835,0.3073681340267324,0.12309233890582594
GOOGL,calibrated_random_forest,3,2022-12-01,-1,1,0.398464929898487,0.398464929898487,0.32677300105071977,0.0716919288477672
GOOGL,calibrated_random_forest,3,2022-12-02,-1,1,0.40468401425517175,0.40468401425517175,0.3290887076299466,0.07559530662522518
GOOGL,calibrated_random_forest,3,2022-12-05,-1,1,0.4302473520531327,0.4302473520531327,0.337271343206452,0.09297600884668067
GOOGL,calibrated_random_forest,3,2022-12-06,0,1,0.4459327313401753,0.4459327313401753,0.3367337450769515,0.10919898626322383
GOOGL,calibrated_random_forest,3,2022-12-07,0,1,0.4493841550753693,0.4493841550753693,0.32589048806574056,0.12349366700962872
GOOGL,calibrated_random_forest,3,2022-12-08,-1,1,0.4541418189699001,0.4541418189699001,0.3223648031721746,0.1317770157977255
GOOGL,calibrated_random_forest,3,2022-12-09,-1,1,0.4491479861231043,0.4491479861231043,0.2849830587631661,0.1641649273599382
GOOGL,calibrated_random_forest,3,2022-12-12,-1,1,0.4371578036301833,0.4371578036301833,0.31551656455687577,0.12164123907330754
GOOGL,calibrated_random_forest,3,2022-12-13,-1,1,0.440387001580119,0.440387001580119,0.3162738161477312,0.12411318543238781
GOOGL,calibrated_random_forest,3,2022-12-14,-1,1,0.43195470005973363,0.43195470005973363,0.3259449308179154,0.10600976924181821
GOOGL,calibrated_random_forest,3,2022-12-15,-1,1,0.4407815621180411,0.4407815621180411,0.31819364643921055,0.12258791567883054
GOOGL,calibrated_random_forest,3,2022-12-16,0,1,0.43580525180595514,0.43580525180595514,0.3057695223695997,0.13003572943635544
GOOGL,calibrated_random_forest,3,2022-12-19,0,1,0.4422890980114848,0.4422890980114848,0.32603989352700075,0.11624920448448406
GOOGL,calibrated_random_forest,3,2022-12-20,-1,1,0.4291355377816628,0.4291355377816628,0.3288699025855724,0.10026563519609039
GOOGL,calibrated_random_forest,3,2022-12-21,0,1,0.4269885052683384,0.4269885052683384,0.33269485193335774,0.09429365333498069
GOOGL,calibrated_random_forest,3,2022-12-22,0,1,0.4427115272431951,0.4427115272431951,0.33770924861091967,0.10500227863227546
GOOGL,calibrated_random_forest,3,2022-12-23,0,1,0.42697860755586325,0.42697860755586325,0.3258072817717313,0.10117132578413196
GOOGL,calibrated_random_forest,3,2022-12-27,0,1,0.43929366011594656,0.43929366011594656,0.3301215549500609,0.10917210516588566
GOOGL,calibrated_random_forest,3,2022-12-28,0,1,0.4403289381992301,0.4403289381992301,0.3281018091466517,0.11222712905257837
GOOGL,calibrated_random_forest,3,2022-12-29,0,1,0.4374344955971845,0.4374344955971845,0.30977012907621687,0.12766436652096763
GOOGL,calibrated_random_forest,3,2022-12-30,0,1,0.4329152219336792,0.4329152219336792,0.32361006883171445,0.10930515310196476
GOOGL,calibrated_random_forest,3,2023-01-03,0,1,0.4398962374310889,0.4398962374310889,0.31543244386816327,0.12446379356292564
GOOGL,calibrated_random_forest,3,2023-01-04,1,1,0.44904865391920135,0.44904865391920135,0.3364915016989614,0.11255715222023993
GOOGL,calibrated_random_forest,3,2023-01-05,1,1,0.447341255342115,0.447341255342115,0.33095016178089687,0.11639109356121813
GOOGL,calibrated_random_forest,3,2023-01-06,1,1,0.4372638986637373,0.4372638986637373,0.3240617938615682,0.11320210480216913
GOOGL,calibrated_random_forest,3,2023-01-09,1,1,0.4367212849161919,0.4367212849161919,0.3411566260952222,0.0955646588209697
GOOGL,calibrated_random_forest,3,2023-01-10,1,1,0.4320134386692664,0.4320134386692664,0.33868741548375647,0.09332602318550992
GOOGL,calibrated_random_forest,3,2023-01-11,0,1,0.42919113838629963,0.42919113838629963,0.30647700191677196,0.12271413646952767
GOOGL,calibrated_random_forest,3,2023-01-12,1,1,0.42363746510677885,0.42363746510677885,0.3180355908302051,0.10560187427657375
GOOGL,calibrated_random_forest,3,2023-01-13,1,1,0.4249130739439512,0.4249130739439512,0.3020916004085681,0.12282147353538314
GOOGL,calibrated_random_forest,3,2023-01-17,1,1,0.41426163406611205,0.41426163406611205,0.32166011476331313,0.09260151930279892
GOOGL,calibrated_random_forest,3,2023-01-18,1,1,0.4295641269607399,0.4295641269607399,0.3194855324465004,0.11007859451423951
GOOGL,calibrated_random_forest,3,2023-01-19,1,1,0.43866749549470246,0.43866749549470246,0.31599444258529436,0.12267305290940811
GOOGL,calibrated_random_forest,3,2023-01-20,0,1,0.39338208636331284,0.39338208636331284,0.3040697675723616,0.08931231879095125
GOOGL,calibrated_random_forest,3,2023-01-23,-1,1,0.35701702844900796,0.35701702844900796,0.34238638662598225,0.014630641823025703
GOOGL,calibrated_random_forest,3,2023-01-24,0,1,0.3896914319240485,0.3896914319240485,0.3247194469167159,0.06497198500733259
GOOGL,calibrated_random_forest,3,2023-01-25,1,1,0.424966164942717,0.424966164942717,0.35023571822831245,0.07473044671440454
GOOGL,calibrated_random_forest,3,2023-01-26,1,1,0.42706407105591043,0.42706407105591043,0.325278124901857,0.10178594615405345
GOOGL,calibrated_random_forest,3,2023-01-27,1,1,0.4064621134118758,0.4064621134118758,0.32629210342059206,0.08017000999128376
GOOGL,calibrated_random_forest,3,2023-01-30,1,1,0.4327517756543844,0.4327517756543844,0.3380638256379684,0.094687950016416
GOOGL,calibrated_random_forest,3,2023-01-31,1,1,0.41642658172778835,0.41642658172778835,0.3404027263221486,0.07602385540563977
GOOGL,calibrated_random_forest,3,2023-02-01,0,1,0.37545749537170137,0.37545749537170137,0.31384530435751706,0.0616121910141843
GOOGL,calibrated_random_forest,3,2023-02-02,-1,0,0.3805780577556717,0.3250078755774631,0.3250078755774631,0.05557018217820864
GOOGL,calibrated_random_forest,3,2023-02-03,-1,1,0.36647970024398474,0.36647970024398474,0.33158358024558715,0.03489611999839759
GOOGL,calibrated_random_forest,3,2023-02-06,-1,1,0.3917755284997207,0.3917755284997207,0.3197718417447398,0.07200368675498087
GOOGL,calibrated_random_forest,3,2023-02-07,-1,0,0.3548815038525619,0.3437640617074671,0.3437640617074671,0.011117442145094802
GOOGL,calibrated_random_forest,3,2023-02-08,-1,1,0.4561816335278231,0.4561816335278231,0.3340297206200678,0.12215191290775529
GOOGL,calibrated_random_forest,3,2023-02-09,0,1,0.46242198449937466,0.46242198449937466,0.31816738478414525,0.14425459971522941
GOOGL,calibrated_random_forest,3,2023-02-10,0,1,0.46721318428703196,0.46721318428703196,0.30464739650558004,0.16256578778145192
GOOGL,calibrated_random_forest,3,2023-02-13,-1,1,0.4694033798124231,0.4694033798124231,0.30405899412604825,0.16534438568637483
GOOGL,calibrated_random_forest,3,2023-02-14,-1,1,0.4760039929096009,0.4760039929096009,0.2941350646563981,0.18186892825320278
GOOGL,calibrated_random_forest,3,2023-02-15,-1,1,0.4565087770986791,0.4565087770986791,0.3208393449534342,0.1356694321452449
GOOGL,calibrated_random_forest,3,2023-02-16,-1,1,0.4862655866141889,0.4862655866141889,0.2824631273081806,0.20380245930600832
GOOGL,calibrated_random_forest,3,2023-02-17,-1,1,0.45002219855161446,0.45002219855161446,0.3137256481030084,0.13629655044860606
GOOGL,calibrated_random_forest,3,2023-02-21,0,1,0.4472086453994381,0.4472086453994381,0.30317366431994414,0.14403498107949397
GOOGL,calibrated_random_forest,3,2023-02-22,0,1,0.43900752369859003,0.43900752369859003,0.30663674365472815,0.13237078004386188
GOOGL,calibrated_random_forest,3,2023-02-23,0,1,0.4361269251217541,0.4361269251217541,0.32120666965662475,0.11492025546512935
GOOGL,calibrated_random_forest,3,2023-02-24,1,1,0.44183357572678483,0.44183357572678483,0.3252234030461409,0.11661017268064394
GOOGL,calibrated_random_forest,3,2023-02-27,1,1,0.44018782588816835,0.44018782588816835,0.3215692103291884,0.11861861555897996
GOOGL,calibrated_random_forest,3,2023-02-28,1,1,0.4210181363146539,0.4210181363146539,0.33173945002961935,0.08927868628503455
GOOGL,calibrated_random_forest,3,2023-03-01,1,1,0.43025423828660553,0.43025423828660553,0.31979139816262636,0.11046284012397917
GOOGL,calibrated_random_forest,3,2023-03-02,0,1,0.4095650187463334,0.4095650187463334,0.31432371449855806,0.09524130424777533
GOOGL,calibrated_random_forest,3,2023-03-03,-1,1,0.4291771024727938,0.4291771024727938,0.32723660449881015,0.10194049797398363
GOOGL,calibrated_random_forest,3,2023-03-06,-1,1,0.4277920965586779,0.4277920965586779,0.3143705521017282,0.11342154445694969
GOOGL,calibrated_random_forest,3,2023-03-07,0,1,0.4247968554716676,0.4247968554716676,0.3239036526392663,0.10089320283240133
GOOGL,calibrated_random_forest,3,2023-03-08,0,1,0.42694995355281157,0.42694995355281157,0.3320248056204817,0.09492514793232987
GOOGL,calibrated_random_forest,3,2023-03-09,1,1,0.4138644915012694,0.4138644915012694,0.33740596068360285,0.07645853081766657
GOOGL,calibrated_random_forest,3,2023-03-10,1,1,0.42849566144443224,0.42849566144443224,0.30686479184548493,0.12163086959894731
GOOGL,calibrated_random_forest,3,2023-03-13,1,1,0.425885877849141,0.425885877849141,0.3223932537705489,0.10349262407859211
GOOGL,calibrated_random_forest,3,2023-03-14,1,1,0.4467650330939834,0.4467650330939834,0.31324199441360384,0.13352303868037957
GOOGL,calibrated_random_forest,3,2023-03-15,1,1,0.41603418845313517,0.41603418845313517,0.3368860192716349,0.07914816918150025
GOOGL,calibrated_random_forest,3,2023-03-16,1,1,0.40448646490872525,0.40448646490872525,0.3209099413716607,0.08357652353706457
GOOGL,calibrated_random_forest,3,2023-03-17,1,1,0.36945155654881395,0.36945155654881395,0.32306002261677175,0.046391533932042206
GOOGL,calibrated_random_forest,3,2023-03-20,0,1,0.3776052486590211,0.3776052486590211,0.3162799503282849,0.061325298330736244
GOOGL,calibrated_random_forest,3,2023-03-21,-1,1,0.35617984875518965,0.35617984875518965,0.34617173831214365,0.010008110443046003
GOOGL,calibrated_random_forest,3,2023-03-22,0,1,0.3709007472642905,0.3709007472642905,0.3306307949635983,0.04026995230069219
GOOGL,calibrated_random_forest,3,2023-03-23,-1,0,0.3647879215001135,0.3356522007117902,0.3356522007117902,0.029135720788323327
GOOGL,calibrated_random_forest,3,2023-03-24,0,1,0.3566399726433717,0.3566399726433717,0.34446431794218907,0.012175654701182648
GOOGL,calibrated_random_forest,3,2023-03-27,0,1,0.417394681669548,0.417394681669548,0.33498601813409623,0.08240866353545179
GOOGL,calibrated_random_forest,3,2023-03-28,1,1,0.42444212795274155,0.42444212795274155,0.34806567022487983,0.07637645772786172
GOOGL,calibrated_random_forest,3,2023-03-29,1,1,0.43473028687437637,0.43473028687437637,0.34586540924787085,0.08886487762650552
GOOGL,calibrated_random_forest,3,2023-03-30,1,1,0.438783298470426,0.438783298470426,0.3323407398925626,0.10644255857786344
GOOGL,calibrated_random_forest,3,2023-03-31,1,1,0.41647154543229875,0.41647154543229875,0.34603033651354753,0.07044120891875122
GOOGL,calibrated_random_forest,3,2023-04-03,0,1,0.39589951969616144,0.39589951969616144,0.31966165751276426,0.07623786218339718
GOOGL,calibrated_random_forest,3,2023-04-04,0,1,0.36798585261241534,0.36798585261241534,0.31869766058197524,0.0492881920304401
GOOGL,calibrated_random_forest,3,2023-04-05,1,1,0.3976509296753237,0.3976509296753237,0.30876337948055405,0.08888755019476968
GOOGL,calibrated_random_forest,3,2023-04-06,0,1,0.38350699943015726,0.38350699943015726,0.325976828737857,0.057530170692300264
GOOGL,calibrated_random_forest,3,2023-04-10,0,1,0.4106677316802229,0.4106677316802229,0.31663737474634723,0.09403035693387568
GOOGL,calibrated_random_forest,3,2023-04-11,0,1,0.4046586548463627,0.4046586548463627,0.32114352957249337,0.08351512527386934
GOOGL,calibrated_random_forest,3,2023-04-12,0,1,0.4342843393058516,0.4342843393058516,0.3299119085763949,0.10437243072945668
GOOGL,calibrated_random_forest,3,2023-04-13,0,1,0.3804305458971817,0.3804305458971817,0.3119702916858218,0.06846025421135993
GOOGL,calibrated_random_forest,3,2023-04-14,-1,1,0.3713040600700442,0.3713040600700442,0.31837409319019744,0.052929966879846746
GOOGL,calibrated_random_forest,3,2023-04-17,0,1,0.461769285228994,0.461769285228994,0.3037657294836051,0.15800355574538893
GOOGL,calibrated_random_forest,3,2023-04-18,0,1,0.43890004417692813,0.43890004417692813,0.31572922775692785,0.12317081642000027
GOOGL,calibrated_random_forest,3,2023-04-19,0,1,0.4380675121023286,0.4380675121023286,0.32059414062405694,0.11747337147827164
GOOGL,calibrated_random_forest,3,2023-04-20,1,1,0.45517923403265326,0.45517923403265326,0.29917246737448755,0.1560067666581657
GOOGL,calibrated_random_forest,3,2023-04-21,0,1,0.446985262677189,0.446985262677189,0.3092999491812431,0.13768531349594593
GOOGL,calibrated_random_forest,3,2023-04-24,0,1,0.4478852918009905,0.4478852918009905,0.31009025748122593,0.1377950343197646
GOOGL,calibrated_random_forest,3,2023-04-25,0,1,0.4231286577203555,0.4231286577203555,0.3364410843928467,0.08668757332750882
GOOGL,calibrated_random_forest,3,2023-04-26,0,1,0.4355011010325777,0.4355011010325777,0.32962350556188863,0.10587759547068909
GOOGL,calibrated_random_forest,3,2023-04-27,-1,1,0.4578519394053108,0.4578519394053108,0.30036317577341265,0.15748876363189818
GOOGL,calibrated_random_forest,3,2023-04-28,0,1,0.446161622041688,0.446161622041688,0.3232344426377624,0.12292717940392561
GOOGL,calibrated_random_forest,3,2023-05-01,0,1,0.4522447157012568,0.4522447157012568,0.2949013850332724,0.1573433306679844
GOOGL,calibrated_random_forest,3,2023-05-02,0,1,0.43525901575675247,0.43525901575675247,0.32504313975669513,0.11021587600005733
GOOGL,calibrated_random_forest,3,2023-05-03,1,1,0.43534469754823796,0.43534469754823796,0.32603357632760355,0.10931112122063441
GOOGL,calibrated_random_forest,3,2023-05-04,1,1,0.4299067942412525,0.4299067942412525,0.3107422699550684,0.11916452428618413
GOOGL,calibrated_random_forest,3,2023-05-05,1,1,0.44262621998764334,0.44262621998764334,0.33328994480762464,0.1093362751800187
GOOGL,calibrated_random_forest,3,2023-05-08,1,1,0.42823604004194155,0.42823604004194155,0.32638260087055704,0.10185343917138451
GOOGL,calibrated_random_forest,3,2023-05-09,1,1,0.41567029608712,0.41567029608712,0.3310008366831343,0.08466945940398568
GOOGL,calibrated_random_forest,3,2023-05-10,1,1,0.38144776523463014,0.38144776523463014,0.3159218141209925,0.06552595111363763
GOOGL,calibrated_random_forest,3,2023-05-11,1,1,0.36272638170917415,0.36272638170917415,0.3505699269056725,0.012156454803501637
GOOGL,calibrated_random_forest,3,2023-05-12,1,0,0.38140037829725787,0.32383356761075044,0.32383356761075044,0.05756681068650743
GOOGL,calibrated_random_forest,3,2023-05-15,1,0,0.3509224014323619,0.34565306174928323,0.34565306174928323,0.005269339683078689
GOOGL,calibrated_random_forest,3,2023-05-16,1,0,0.3699016498587424,0.3477348565757577,0.3477348565757577,0.02216679328298471
GOOGL,calibrated_random_forest,3,2023-05-17,0,0,0.3792721511908505,0.3368499515779378,0.3368499515779378,0.042422199612912714
GOOGL,calibrated_random_forest,3,2023-05-18,0,0,0.3874489038724304,0.3296685889342999,0.3296685889342999,0.05778031493813052
GOOGL,calibrated_random_forest,3,2023-05-19,0,0,0.3772730111792892,0.3448810413838712,0.3448810413838712,0.032391969795417974
GOOGL,calibrated_random_forest,3,2023-05-22,0,0,0.3773978029660749,0.340473237346544,0.340473237346544,0.03692456561953089
GOOGL,calibrated_random_forest,3,2023-05-23,0,0,0.3526931243753675,0.35179872352965164,0.35179872352965164,0.0008944008457158481
GOOGL,calibrated_random_forest,3,2023-05-24,1,1,0.40434743726625527,0.40434743726625527,0.3054851134927296,0.09886232377352566
GOOGL,calibrated_random_forest,3,2023-05-25,0,1,0.3925085423421953,0.3925085423421953,0.3170765096878327,0.0754320326543626
GOOGL,calibrated_random_forest,3,2023-05-26,0,1,0.3727249405503514,0.3727249405503514,0.3508771262677173,0.021847814282634104
GOOGL,calibrated_random_forest,3,2023-05-30,1,1,0.4083623394577139,0.4083623394577139,0.2972867542737771,0.11107558518393679
GOOGL,calibrated_random_forest,3,2023-05-31,0,1,0.40015825035772895,0.40015825035772895,0.3189624551723302,0.08119579518539877
GOOGL,calibrated_random_forest,3,2023-06-01,0,1,0.37717038336643044,0.37717038336643044,0.33712554499743974,0.0400448383689907
GOOGL,calibrated_random_forest,3,2023-06-02,0,1,0.39399434276910067,0.39399434276910067,0.32172537248138683,0.07226897028771384
GOOGL,calibrated_random_forest,3,2023-06-05,0,1,0.40340484968787144,0.40340484968787144,0.3339035306815761,0.06950131900629536
GOOGL,calibrated_random_forest,3,2023-06-06,-1,1,0.3708426822934165,0.3708426822934165,0.34703758417870295,0.02380509811471354
GOOGL,calibrated_random_forest,3,2023-06-07,0,1,0.44678464646937616,0.44678464646937616,0.32427953590013175,0.1225051105692444
GOOGL,calibrated_random_forest,3,2023-06-08,1,1,0.46204722161562617,0.46204722161562617,0.3133898296059198,0.14865739200970635
GOOGL,calibrated_random_forest,3,2023-06-09,0,1,0.4771310819654267,0.4771310819654267,0.28406166384551484,0.19306941811991185
GOOGL,calibrated_random_forest,3,2023-06-12,0,1,0.4732612397195824,0.4732612397195824,0.2806179547256446,0.1926432849939378
GOOGL,calibrated_random_forest,3,2023-06-13,-1,1,0.4615070398805308,0.4615070398805308,0.2720683162596547,0.1894387236208761
GOOGL,calibrated_random_forest,3,2023-06-14,0,1,0.4591103871278011,0.4591103871278011,0.2756270205124323,0.1834833666153688
GOOGL,calibrated_random_forest,3,2023-06-15,-1,1,0.45581582245232255,0.45581582245232255,0.2761889199095324,0.17962690254279012
GOOGL,calibrated_random_forest,3,2023-06-16,-1,1,0.4244192933873078,0.4244192933873078,0.31422807953446275,0.11019121385284508
GOOGL,calibrated_random_forest,3,2023-06-20,-1,1,0.453803837361966,0.453803837361966,0.3011447003079192,0.15265913705404682
GOOGL,calibrated_random_forest,3,2023-06-21,0,1,0.42570524147403593,0.42570524147403593,0.31741230841184015,0.10829293306219578
GOOGL,calibrated_random_forest,3,2023-06-22,-1,1,0.4556630616639981,0.4556630616639981,0.32259824171983964,0.13306481994415847
GOOGL,calibrated_random_forest,3,2023-06-23,-1,1,0.4480046091720879,0.4480046091720879,0.305256865256518,0.14274774391556988
GOOGL,calibrated_random_forest,3,2023-06-26,0,1,0.4437522228018467,0.4437522228018467,0.32633058234819623,0.11742164045365044
GOOGL,calibrated_random_forest,3,2023-06-27,1,1,0.4398542273694248,0.4398542273694248,0.3283682753940293,0.11148595197539551
GOOGL,calibrated_random_forest,3,2023-06-28,0,1,0.45136976677738067,0.45136976677738067,0.32538126728897404,0.12598849948840662
GOOGL,calibrated_random_forest,3,2023-06-29,0,1,0.4408039038963503,0.4408039038963503,0.3129991703920963,0.12780473350425403
GOOGL,calibrated_random_forest,3,2023-06-30,-1,1,0.4424959594418536,0.4424959594418536,0.3116888778157712,0.1308070816260824
GOOGL,calibrated_random_forest,3,2023-07-03,-1,1,0.4448817214173681,0.4448817214173681,0.3234519325058615,0.12142978891150658
GOOGL,calibrated_random_forest,3,2023-07-05,-1,1,0.4342583143233094,0.4342583143233094,0.3195496855301201,0.11470862879318933
GOOGL,calibrated_random_forest,3,2023-07-06,1,1,0.443194719049739,0.443194719049739,0.3325744247999611,0.11062029424977793
GOOGL,calibrated_random_forest,3,2023-07-07,1,1,0.44119027092184665,0.44119027092184665,0.3410694030259837,0.10012086789586294
GOOGL,calibrated_random_forest,3,2023-07-10,1,1,0.4267113730257268,0.4267113730257268,0.32620500945730074,0.10050636356842607
GOOGL,calibrated_random_forest,3,2023-07-11,1,1,0.428891288738781,0.428891288738781,0.32905559283903857,0.09983569589974245
GOOGL,calibrated_random_forest,3,2023-07-12,1,1,0.4398500108248675,0.4398500108248675,0.3259721111738631,0.11387789965100442
GOOGL,calibrated_random_forest,3,2023-07-13,-1,1,0.4370536086696936,0.4370536086696936,0.30290038016811593,0.13415322850157768
GOOGL,calibrated_random_forest,3,2023-07-14,-1,1,0.4079821089825284,0.4079821089825284,0.3117364669443243,0.09624564203820413
GOOGL,calibrated_random_forest,3,2023-07-17,-1,1,0.4376652464214956,0.4376652464214956,0.30255765564675335,0.13510759077474227
GOOGL,calibrated_random_forest,3,2023-07-18,0,1,0.4301915336447928,0.4301915336447928,0.31942841267811994,0.11076312096667285
GOOGL,calibrated_random_forest,3,2023-07-19,1,1,0.43081066938700846,0.43081066938700846,0.33238037722263486,0.0984302921643736
GOOGL,calibrated_random_forest,3,2023-07-20,1,1,0.42650547377416403,0.42650547377416403,0.3281664954355067,0.09833897833865735
GOOGL,calibrated_random_forest,3,2023-07-21,1,1,0.4332693192330681,0.4332693192330681,0.3376019616103294,0.0956673576227387
GOOGL,calibrated_random_forest,3,2023-07-24,1,1,0.4429875076684227,0.4429875076684227,0.32620601460382564,0.11678149306459706
GOOGL,calibrated_random_forest,3,2023-07-25,1,1,0.43794746953385316,0.43794746953385316,0.32350710711973063,0.11444036241412253
GOOGL,calibrated_random_forest,3,2023-07-26,0,1,0.38628120142854,0.38628120142854,0.32109766263355594,0.06518353879498406
GOOGL,calibrated_random_forest,3,2023-07-27,0,1,0.4095710624864266,0.4095710624864266,0.3114343368994517,0.0981367255869749
GOOGL,calibrated_random_forest,3,2023-07-28,-1,1,0.3677114181306484,0.3677114181306484,0.33844530965640146,0.029266108474246932
GOOGL,calibrated_random_forest,3,2023-07-31,0,0,0.36109378987077306,0.34054524115926416,0.34054524115926416,0.020548548711508907
GOOGL,calibrated_random_forest,3,2023-08-01,0,1,0.3919491118935446,0.3919491118935446,0.3159958023604917,0.0759533095330529
GOOGL,calibrated_random_forest,3,2023-08-02,0,1,0.4478967497614707,0.4478967497614707,0.3390971604695246,0.10879958929194611
GOOGL,calibrated_random_forest,3,2023-08-03,0,1,0.44040496480736274,0.44040496480736274,0.3371544268774402,0.10325053792992256
GOOGL,calibrated_random_forest,3,2023-08-04,0,1,0.43151294135590873,0.43151294135590873,0.348066279234513,0.08344666212139573
GOOGL,calibrated_random_forest,3,2023-08-07,0,1,0.4087570091537887,0.4087570091537887,0.34728620158620277,0.06147080756758594
GOOGL,calibrated_random_forest,3,2023-08-08,0,1,0.3870493552095557,0.3870493552095557,0.3330095154805904,0.05403983972896531
GOOGL,calibrated_random_forest,3,2023-08-09,0,1,0.4187828758320933,0.4187828758320933,0.3297091614893659,0.08907371434272737
GOOGL,calibrated_random_forest,3,2023-08-10,0,1,0.4274174850743894,0.4274174850743894,0.3293640945399407,0.09805339053444873
GOOGL,calibrated_random_forest,3,2023-08-11,0,1,0.4295078805800446,0.4295078805800446,0.32698739144561867,0.10252048913442591
GOOGL,calibrated_random_forest,3,2023-08-14,-1,1,0.4134112465379483,0.4134112465379483,0.3261073960827737,0.08730385045517458
GOOGL,calibrated_random_forest,3,2023-08-15,0,1,0.4140764212495623,0.4140764212495623,0.3248302801658061,0.08924614108375617
GOOGL,calibrated_random_forest,3,2023-08-16,1,1,0.417901842260138,0.417901842260138,0.32876289783049106,0.08913894442964693
GOOGL,calibrated_random_forest,3,2023-08-17,0,1,0.42897553928321647,0.42897553928321647,0.3358601724488803,0.09311536683433619
GOOGL,calibrated_random_forest,3,2023-08-18,0,1,0.42589281757048164,0.42589281757048164,0.3351984801449035,0.09069433742557814
GOOGL,calibrated_random_forest,3,2023-08-21,1,1,0.42004591723668927,0.42004591723668927,0.329376561859352,0.09066935537733728
GOOGL,calibrated_random_forest,3,2023-08-22,1,1,0.40997706324591704,0.40997706324591704,0.3327774916243618,0.07719957162155522
GOOGL,calibrated_random_forest,3,2023-08-23,1,1,0.40929493833850167,0.40929493833850167,0.32229544739698746,0.08699949094151421
GOOGL,calibrated_random_forest,3,2023-08-24,1,1,0.43132561031455663,0.43132561031455663,0.32600139457486355,0.10532421573969308
GOOGL,calibrated_random_forest,3,2023-08-25,1,1,0.4319322199818248,0.4319322199818248,0.33738275441042037,0.09454946557140442
GOOGL,calibrated_random_forest,3,2023-08-28,1,1,0.43510118939044923,0.43510118939044923,0.32747561508232903,0.1076255743081202
GOOGL,calibrated_random_forest,3,2023-08-29,0,1,0.4254395425234599,0.4254395425234599,0.2994260223488238,0.12601352017463607
GOOGL,calibrated_random_forest,3,2023-08-30,0,1,0.37649522726297197,0.37649522726297197,0.31188686992029147,0.0646083573426805
GOOGL,calibrated_random_forest,3,2023-08-31,0,1,0.3641477783777894,0.3641477783777894,0.33498080166947397,0.029166976708315417
GOOGL,calibrated_random_forest,3,2023-09-01,0,1,0.38382678953247074,0.38382678953247074,0.3122800893164832,0.07154670021598752
GOOGL,calibrated_random_forest,3,2023-09-05,0,1,0.4006671679579621,0.4006671679579621,0.31153546204945354,0.08913170590850855
GOOGL,calibrated_random_forest,3,2023-09-06,0,1,0.431263976740498,0.431263976740498,0.3201388990370295,0.11112507770346847
GOOGL,calibrated_random_forest,3,2023-09-07,1,1,0.4189458217410574,0.4189458217410574,0.32036451549358186,0.09858130624747552
GOOGL,calibrated_random_forest,3,2023-09-08,0,1,0.38963748849569263,0.38963748849569263,0.31701571125391065,0.07262177724178198
GOOGL,calibrated_random_forest,3,2023-09-11,0,1,0.37241927594903146,0.37241927594903146,0.32753054847440666,0.0448887274746248
GOOGL,calibrated_random_forest,3,2023-09-12,0,1,0.41877744006814904,0.41877744006814904,0.31808774283226454,0.1006896972358845
GOOGL,calibrated_random_forest,3,2023-09-13,-1,1,0.3803901622287775,0.3803901622287775,0.3170106059587045,0.06337955627007297
GOOGL,calibrated_random_forest,3,2023-09-14,-1,1,0.3723784666410947,0.3723784666410947,0.3222209730752632,0.05015749356583149
GOOGL,calibrated_random_forest,3,2023-09-15,-1,1,0.3761336405126332,0.3761336405126332,0.32340583738178247,0.05272780313085074
GOOGL,calibrated_random_forest,3,2023-09-18,-1,1,0.37858925570736185,0.37858925570736185,0.32883425254347926,0.049755003163882594
GOOGL,calibrated_random_forest,3,2023-09-19,-1,1,0.367222323688094,0.367222323688094,0.32318905756779864,0.044033266120295345
GOOGL,calibrated_random_forest,3,2023-09-20,-1,1,0.4272448905599928,0.4272448905599928,0.3278279105494336,0.09941698001055921
GOOGL,calibrated_random_forest,3,2023-09-21,0,1,0.45274777085605705,0.45274777085605705,0.31359754765212655,0.1391502232039305
GOOGL,calibrated_random_forest,3,2023-09-22,0,1,0.44697982578125717,0.44697982578125717,0.3070004181288755,0.13997940765238165
GOOGL,calibrated_random_forest,3,2023-09-25,1,1,0.44672119342442723,0.44672119342442723,0.31155705503997355,0.13516413838445368
GOOGL,calibrated_random_forest,3,2023-09-26,1,1,0.45320359631637147,0.45320359631637147,0.31278590933693334,0.14041768697943813
GOOGL,calibrated_random_forest,3,2023-09-27,1,1,0.44486401887111526,0.44486401887111526,0.30467213870678794,0.14019188016432732
GOOGL,calibrated_random_forest,3,2023-09-28,1,1,0.444004548152368,0.444004548152368,0.3304980484528672,0.11350649969950083
GOOGL,calibrated_random_forest,3,2023-09-29,1,1,0.43207153607464654,0.43207153607464654,0.3196851086148762,0.11238642745977034
GOOGL,calibrated_random_forest,3,2023-10-02,1,1,0.4266168431034562,0.4266168431034562,0.3247251721190796,0.10189167098437663
GOOGL,calibrated_random_forest,3,2023-10-03,1,1,0.429214849670954,0.429214849670954,0.3284782173576226,0.10073663231333141
GOOGL,calibrated_random_forest,3,2023-10-04,1,1,0.4303415503773633,0.4303415503773633,0.3129645537282277,0.11737699664913565
GOOGL,calibrated_random_forest,3,2023-10-05,1,1,0.4166594574889378,0.4166594574889378,0.32374995669041845,0.09290950079851934
GOOGL,calibrated_random_forest,3,2023-10-06,0,1,0.41635076017749384,0.41635076017749384,0.30896044699933567,0.10739031317815817
GOOGL,calibrated_random_forest,3,2023-10-09,0,1,0.4057020032845668,0.4057020032845668,0.30939802482160167,0.09630397846296512
GOOGL,calibrated_random_forest,3,2023-10-10,0,1,0.3859830580479357,0.3859830580479357,0.3118053714057542,0.0741776866421815
GOOGL,calibrated_random_forest,3,2023-10-11,0,1,0.36910649701091924,0.36910649701091924,0.32176564857053663,0.04734084844038261
GOOGL,calibrated_random_forest,3,2023-10-12,0,1,0.400909610676164,0.400909610676164,0.31559199024862344,0.08531762042754054
GOOGL,calibrated_random_forest,3,2023-10-13,0,1,0.42917662866443074,0.42917662866443074,0.33011087968284425,0.09906574898158649
GOOGL,calibrated_random_forest,3,2023-10-16,0,1,0.4069006273138564,0.4069006273138564,0.3263335545435022,0.08056707277035419
GOOGL,calibrated_random_forest,3,2023-10-17,0,1,0.3864544291896976,0.3864544291896976,0.31472490030357564,0.07172952888612194
GOOGL,calibrated_random_forest,3,2023-10-18,-1,1,0.4183373544141933,0.4183373544141933,0.33696391224361827,0.08137344217057502
GOOGL,calibrated_random_forest,3,2023-10-19,-1,1,0.4136856831384474,0.4136856831384474,0.3340392980086859,0.07964638512976147
GOOGL,calibrated_random_forest,3,2023-10-20,-1,1,0.42636302931227904,0.42636302931227904,0.33855049721619307,0.08781253209608597
GOOGL,calibrated_random_forest,3,2023-10-23,-1,1,0.43288718084062405,0.43288718084062405,0.3381383981066907,0.09474878273393333
GOOGL,calibrated_random_forest,3,2023-10-24,-1,1,0.41386603599911176,0.41386603599911176,0.34053609574214755,0.07332994025696421
GOOGL,calibrated_random_forest,3,2023-10-25,0,1,0.47070642797100465,0.47070642797100465,0.2904002686743256,0.18030615929667904
GOOGL,calibrated_random_forest,3,2023-10-26,1,1,0.4505558763638473,0.4505558763638473,0.31543735792377775,0.13511851844006956
GOOGL,calibrated_random_forest,3,2023-10-27,1,1,0.46748868531092597,0.46748868531092597,0.2929508639157033,0.17453782139522267
GOOGL,calibrated_random_forest,3,2023-10-30,1,1,0.4372032722410393,0.4372032722410393,0.32981079769551386,0.10739247454552542
GOOGL,calibrated_random_forest,3,2023-10-31,1,1,0.4384162866388451,0.4384162866388451,0.3370563690381256,0.1013599176007195
GOOGL,calibrated_random_forest,3,2023-11-01,1,1,0.4330533899313285,0.4330533899313285,0.3143404414194299,0.11871294851189862
GOOGL,calibrated_random_forest,3,2023-11-02,1,1,0.44082788503209014,0.44082788503209014,0.3040397705949583,0.13678811443713185
GOOGL,calibrated_random_forest,3,2023-11-03,1,1,0.43880334170007185,0.43880334170007185,0.3090015435875762,0.12980179811249565
GOOGL,calibrated_random_forest,3,2023-11-06,0,1,0.4372527139053736,0.4372527139053736,0.3186664808503563,0.11858623305501731
GOOGL,calibrated_random_forest,3,2023-11-07,1,1,0.43738256510712986,0.43738256510712986,0.3231947261868591,0.11418783892027073
GOOGL,calibrated_random_forest,3,2023-11-08,1,1,0.43295137983144255,0.43295137983144255,0.31648921029497,0.11646216953647254
GOOGL,calibrated_random_forest,3,2023-11-09,1,1,0.40687583866169624,0.40687583866169624,0.3405393248967559,0.06633651376494032
GOOGL,calibrated_random_forest,3,2023-11-10,1,1,0.4283828962316662,0.4283828962316662,0.32701018489967554,0.10137271133199066
GOOGL,calibrated_random_forest,3,2023-11-13,1,1,0.41005060381666963,0.41005060381666963,0.3296374016495007,0.0804132021671689
GOOGL,calibrated_random_forest,3,2023-11-14,1,1,0.4135025084249317,0.4135025084249317,0.32455715302818583,0.08894535539674586
GOOGL,calibrated_random_forest,3,2023-11-15,1,1,0.4130098209326926,0.4130098209326926,0.30730742945915585,0.10570239147353677
GOOGL,calibrated_random_forest,3,2023-11-16,0,1,0.3855676513230777,0.3855676513230777,0.32029717053915374,0.06527048078392395
GOOGL,calibrated_random_forest,3,2023-11-17,0,1,0.4155775445584378,0.4155775445584378,0.32586407599266054,0.08971346856577728
GOOGL,calibrated_random_forest,3,2023-11-20,0,1,0.428782042499466,0.428782042499466,0.32143729696916257,0.10734474553030343
GOOGL,calibrated_random_forest,3,2023-11-21,0,1,0.4075089477840184,0.4075089477840184,0.31657601792117496,0.09093292986284346
GOOGL,calibrated_random_forest,3,2023-11-22,-1,1,0.36973458221026934,0.36973458221026934,0.318847222474788,0.05088735973548136
GOOGL,calibrated_random_forest,3,2023-11-24,-1,1,0.4304339368533485,0.4304339368533485,0.3318683574977028,0.0985655793556457
GOOGL,calibrated_random_forest,3,2023-11-27,-1,1,0.41860016065343414,0.41860016065343414,0.3281297442429998,0.09047041641043435
GOOGL,calibrated_random_forest,3,2023-11-28,-1,1,0.4051209671961882,0.4051209671961882,0.33227952039279257,0.0728414468033956
GOOGL,calibrated_random_forest,3,2023-11-29,-1,1,0.44186303005523214,0.44186303005523214,0.3367858690680486,0.10507716098718356
GOOGL,calibrated_random_forest,3,2023-11-30,1,1,0.4384388869148557,0.4384388869148557,0.3322773773895061,0.10616150952534964
GOOGL,calibrated_random_forest,3,2023-12-01,1,1,0.437783136300969,0.437783136300969,0.32751409167839846,0.11026904462257053
GOOGL,calibrated_random_forest,3,2023-12-04,1,1,0.4154546583206915,0.4154546583206915,0.32705100959977207,0.08840364872091944
GOOGL,calibrated_random_forest,3,2023-12-05,0,1,0.4204362616253552,0.4204362616253552,0.33503425468482595,0.08540200694052924
GOOGL,calibrated_random_forest,3,2023-12-06,0,1,0.4122108676078025,0.4122108676078025,0.3244191586851813,0.08779170892262123
GOOGL,calibrated_random_forest,3,2023-12-07,-1,1,0.44488089057841584,0.44488089057841584,0.3166652735305726,0.12821561704784323
GOOGL,calibrated_random_forest,3,2023-12-08,0,1,0.4429931291873126,0.4429931291873126,0.3160660360607045,0.1269270931266081
GOOGL,calibrated_random_forest,3,2023-12-11,0,1,0.4426665301167505,0.4426665301167505,0.324305020642815,0.11836150947393548
GOOGL,calibrated_random_forest,3,2023-12-12,1,1,0.44238670424461213,0.44238670424461213,0.34182871812299265,0.10055798612161948
GOOGL,calibrated_random_forest,3,2023-12-13,1,1,0.44244301422449145,0.44244301422449145,0.3402906447142971,0.10215236951019435
GOOGL,calibrated_random_forest,3,2023-12-14,1,1,0.42479760247984877,0.42479760247984877,0.3411847883396364,0.08361281414021238
GOOGL,calibrated_random_forest,3,2023-12-15,1,1,0.4441702535795787,0.4441702535795787,0.3246400863352218,0.11953016724435689
GOOGL,calibrated_random_forest,3,2023-12-18,1,1,0.4397087189554101,0.4397087189554101,0.3073910426127213,0.13231767634268876
GOOGL,calibrated_random_forest,3,2023-12-19,1,1,0.4158643686892424,0.4158643686892424,0.30667854351026774,0.10918582517897468
GOOGL,calibrated_random_forest,3,2023-12-20,0,1,0.40876742428256363,0.40876742428256363,0.3113294004390803,0.09743802384348332
GOOGL,calibrated_random_forest,3,2023-12-21,0,1,0.3909340542714496,0.3909340542714496,0.3196121259014077,0.07132192837004192
GOOGL,calibrated_random_forest,3,2023-12-22,-1,1,0.37249510245325873,0.37249510245325873,0.3252010789149828,0.04729402353827594
GOOGL,calibrated_random_forest,3,2023-12-26,0,1,0.3743784227771764,0.3743784227771764,0.31803010396192,0.056348318815256426
GOOGL,calibrated_random_forest,3,2023-12-27,-1,1,0.38932316765604513,0.38932316765604513,0.3198330600892682,0.06949010756677693
GOOGL,calibrated_random_forest,3,2023-12-28,-1,1,0.3711780862375111,0.3711780862375111,0.3173075456449534,0.05387054059255769
GOOGL,calibrated_random_forest,3,2023-12-29,0,1,0.41370392054191596,0.41370392054191596,0.32064000968992734,0.09306391085198862
GOOGL,calibrated_random_forest,3,2024-01-02,1,1,0.44968546291571015,0.44968546291571015,0.31931375783315014,0.13037170508256002
GOOGL,calibrated_random_forest,3,2024-01-03,1,1,0.44691717283378884,0.44691717283378884,0.32042249798998834,0.1264946748438005
GOOGL,calibrated_random_forest,3,2024-01-04,1,1,0.448580099699186,0.448580099699186,0.3164747859841836,0.1321053137150024
GOOGL,calibrated_random_forest,3,2024-01-05,1,1,0.4462773417077274,0.4462773417077274,0.3270728251111271,0.11920451659660031
GOOGL,calibrated_random_forest,3,2024-01-08,1,1,0.44251188596482455,0.44251188596482455,0.3418160636085091,0.10069582235631547
GOOGL,calibrated_random_forest,3,2024-01-09,0,1,0.41080420199927287,0.41080420199927287,0.3378349649279362,0.07296923707133668
GOOGL,calibrated_random_forest,3,2024-01-10,0,1,0.37477638578757694,0.37477638578757694,0.34021251700994987,0.03456386877762707
GOOGL,calibrated_random_forest,3,2024-01-11,1,1,0.40321841942240977,0.40321841942240977,0.3278029728248692,0.07541544659754057
GOOGL,calibrated_random_forest,3,2024-01-12,1,1,0.36985990699489085,0.36985990699489085,0.3209831711267895,0.04887673586810137
GOOGL,calibrated_random_forest,3,2024-01-16,1,1,0.398606783852164,0.398606783852164,0.3224946518234955,0.07611213202866851
GOOGL,calibrated_random_forest,3,2024-01-17,1,1,0.4418287825277871,0.4418287825277871,0.3348733000702888,0.10695548245749831
GOOGL,calibrated_random_forest,3,2024-01-18,1,1,0.38963361665558277,0.38963361665558277,0.33356408937069676,0.05606952728488601
GOOGL,calibrated_random_forest,3,2024-01-19,1,1,0.3655239418707301,0.3655239418707301,0.3178792552950382,0.04764468657569193
GOOGL,calibrated_random_forest,3,2024-01-22,1,1,0.39945135674986715,0.39945135674986715,0.3151874754739156,0.08426388127595152
GOOGL,calibrated_random_forest,3,2024-01-23,1,1,0.4025239815099493,0.4025239815099493,0.3060159966465099,0.09650798486343937
GOOGL,calibrated_random_forest,3,2024-01-24,-1,1,0.37891193513197957,0.37891193513197957,0.32738675996555006,0.051525175166429515
GOOGL,calibrated_random_forest,3,2024-01-25,-1,1,0.363684462860918,0.363684462860918,0.3442166869670647,0.01946777589385329
GOOGL,calibrated_random_forest,3,2024-01-26,-1,0,0.36563057370123886,0.35672168188888675,0.35672168188888675,0.008908891812352104
GOOGL,calibrated_random_forest,3,2024-01-29,-1,0,0.37458510977256915,0.35216740640559346,0.35216740640559346,0.022417703366975683
GOOGL,calibrated_random_forest,3,2024-01-30,-1,1,0.38333293523726547,0.38333293523726547,0.3169271712510777,0.06640576398618775
GOOGL,calibrated_random_forest,3,2024-01-31,1,1,0.4494015575276255,0.4494015575276255,0.3164118306352705,0.132989726892355
GOOGL,calibrated_random_forest,3,2024-02-01,1,1,0.4580661526161563,0.4580661526161563,0.31259582372511036,0.14547032889104594
GOOGL,calibrated_random_forest,3,2024-02-02,1,1,0.46270012489737145,0.46270012489737145,0.31784278740859734,0.1448573374887741
GOOGL,calibrated_random_forest,3,2024-02-05,1,1,0.45817750375683713,0.45817750375683713,0.30911453816929074,0.1490629655875464
GOOGL,calibrated_random_forest,3,2024-02-06,0,1,0.4469313017043602,0.4469313017043602,0.3144333894339199,0.13249791227044028
GOOGL,calibrated_random_forest,3,2024-02-07,0,1,0.4378187204463635,0.4378187204463635,0.3222000293681861,0.1156186910781774
GOOGL,calibrated_random_forest,3,2024-02-08,-1,1,0.43943943732799223,0.43943943732799223,0.3172876878702411,0.12215174945775115
GOOGL,calibrated_random_forest,3,2024-02-09,-1,1,0.42255255983107814,0.42255255983107814,0.32430533154669344,0.0982472282843847
GOOGL,calibrated_random_forest,3,2024-02-12,-1,1,0.4412012136660752,0.4412012136660752,0.31149015883985987,0.1297110548262153
GOOGL,calibrated_random_forest,3,2024-02-13,0,1,0.445180001861107,0.445180001861107,0.3282441355027457,0.11693586635836128
GOOGL,calibrated_random_forest,3,2024-02-14,0,1,0.44180185704465397,0.44180185704465397,0.33165941741269717,0.1101424396319568
GOOGL,calibrated_random_forest,3,2024-02-15,0,1,0.43208324202016923,0.43208324202016923,0.3181255858995844,0.11395765612058484
GOOGL,calibrated_random_forest,3,2024-02-16,-1,1,0.43073840883525666,0.43073840883525666,0.3245122047992534,0.10622620403600325
GOOGL,calibrated_random_forest,3,2024-02-20,0,1,0.43093044575553546,0.43093044575553546,0.3290263211424238,0.10190412461311166
GOOGL,calibrated_random_forest,3,2024-02-21,-1,1,0.4422586249905381,0.4422586249905381,0.3222962500737522,0.11996237491678591
GOOGL,calibrated_random_forest,3,2024-02-22,-1,1,0.4405768300145015,0.4405768300145015,0.3279705339796023,0.11260629603489919
GOOGL,calibrated_random_forest,3,2024-02-23,-1,1,0.4367430417115487,0.4367430417115487,0.32952806330887036,0.10721497840267835
GOOGL,calibrated_random_forest,3,2024-02-26,-1,1,0.43993309010293197,0.43993309010293197,0.3210104051074452,0.11892268499548675
GOOGL,calibrated_random_forest,3,2024-02-27,-1,1,0.4306811102910089,0.4306811102910089,0.32369755087155144,0.10698355941945747
GOOGL,calibrated_random_forest,3,2024-02-28,-1,1,0.4332667797559399,0.4332667797559399,0.32574652692158357,0.10752025283435634
GOOGL,calibrated_random_forest,3,2024-02-29,-1,1,0.4280677893908245,0.4280677893908245,0.3252606861957667,0.10280710319505781
GOOGL,calibrated_random_forest,3,2024-03-01,0,1,0.43167353080596294,0.43167353080596294,0.32780147158577,0.10387205922019294
GOOGL,calibrated_random_forest,3,2024-03-04,1,1,0.442184777213076,0.442184777213076,0.3325285352419089,0.10965624197116708
GOOGL,calibrated_random_forest,3,2024-03-05,1,1,0.4386066028175852,0.4386066028175852,0.330214310924206,0.10839229189337918
GOOGL,calibrated_random_forest,3,2024-03-06,1,1,0.4416468743777073,0.4416468743777073,0.33818613782433965,0.10346073655336763
GOOGL,calibrated_random_forest,3,2024-03-07,1,1,0.4318737033175253,0.4318737033175253,0.3235832558949197,0.10829044742260557
GOOGL,calibrated_random_forest,3,2024-03-08,1,1,0.4392184596367983,0.4392184596367983,0.32149763119380415,0.11772082844299414
GOOGL,calibrated_random_forest,3,2024-03-11,1,1,0.4325438313263956,0.4325438313263956,0.31845295554446473,0.11409087578193089
GOOGL,calibrated_random_forest,3,2024-03-12,1,1,0.43548651901186397,0.43548651901186397,0.3278048340299303,0.10768168498193365
GOOGL,calibrated_random_forest,3,2024-03-13,1,1,0.4231829240551441,0.4231829240551441,0.32287818532029955,0.10030473873484458
GOOGL,calibrated_random_forest,3,2024-03-14,1,1,0.42602744030550094,0.42602744030550094,0.30112613599610477,0.12490130430939617
GOOGL,calibrated_random_forest,3,2024-03-15,1,1,0.41963917583162075,0.41963917583162075,0.3266457738147491,0.09299340201687167
GOOGL,calibrated_random_forest,3,2024-03-18,0,1,0.41602851129595225,0.41602851129595225,0.3108081760731604,0.10522033522279184
GOOGL,calibrated_random_forest,3,2024-03-19,1,1,0.3847870364816841,0.3847870364816841,0.31446378694622334,0.07032324953546076
GOOGL,calibrated_random_forest,3,2024-03-20,0,1,0.37783479906091544,0.37783479906091544,0.3165062420824479,0.06132855697846756
GOOGL,calibrated_random_forest,3,2024-03-21,1,1,0.40870973042105346,0.40870973042105346,0.3213070475365814,0.08740268288447206
GOOGL,calibrated_random_forest,3,2024-03-22,1,1,0.3786971594662378,0.3786971594662378,0.31400163693517436,0.06469552253106342
GOOGL,calibrated_random_forest,3,2024-03-25,1,1,0.3868671054997526,0.3868671054997526,0.3090569809669794,0.0778101245327732
GOOGL,calibrated_random_forest,3,2024-03-26,1,1,0.37090021759787034,0.37090021759787034,0.32733869541010713,0.04356152218776321
GOOGL,calibrated_random_forest,3,2024-03-27,0,1,0.38532874934650313,0.38532874934650313,0.32118940740449303,0.0641393419420101
GOOGL,calibrated_random_forest,3,2024-03-28,0,1,0.37120452048418073,0.37120452048418073,0.3245040560018882,0.046700464482292536
GOOGL,calibrated_random_forest,3,2024-04-01,0,1,0.36763371956848223,0.36763371956848223,0.3492710347564923,0.018362684811989938
GOOGL,calibrated_random_forest,3,2024-04-02,0,1,0.38452247762389663,0.38452247762389663,0.3219087105014082,0.06261376712248845
GOOGL,calibrated_random_forest,3,2024-04-03,0,1,0.37486556228530626,0.37486556228530626,0.33508497080627375,0.03978059147903251
GOOGL,calibrated_random_forest,3,2024-04-04,1,1,0.4394731813148667,0.4394731813148667,0.3346834308077351,0.10478975050713157
GOOGL,calibrated_random_forest,3,2024-04-05,1,1,0.42357881288096255,0.42357881288096255,0.33372058991512893,0.08985822296583362
GOOGL,calibrated_random_forest,3,2024-04-08,0,1,0.4215017675019239,0.4215017675019239,0.2932372388815196,0.12826452862040433
GOOGL,calibrated_random_forest,3,2024-04-09,0,1,0.37748736915773845,0.37748736915773845,0.32847872930571304,0.049008639852025415
GOOGL,calibrated_random_forest,3,2024-04-10,0,1,0.38053728758317984,0.38053728758317984,0.3243607025533341,0.05617658502984574
GOOGL,calibrated_random_forest,3,2024-04-11,-1,0,0.35563385527433405,0.34905567515578856,0.34905567515578856,0.006578180118545496
GOOGL,calibrated_random_forest,3,2024-04-12,-1,1,0.385447916405748,0.385447916405748,0.32567015227112694,0.05977776413462105
GOOGL,calibrated_random_forest,3,2024-04-15,0,1,0.4308948176172371,0.4308948176172371,0.3352417511319045,0.09565306648533256
GOOGL,calibrated_random_forest,3,2024-04-16,1,1,0.4284533769269821,0.4284533769269821,0.3206727363499536,0.10778064057702852
GOOGL,calibrated_random_forest,3,2024-04-17,1,1,0.43563499370300757,0.43563499370300757,0.31846680267731053,0.11716819102569703
GOOGL,calibrated_random_forest,3,2024-04-18,0,1,0.417934935251993,0.417934935251993,0.30049294467383336,0.11744199057815963
GOOGL,calibrated_random_forest,3,2024-04-19,1,1,0.4079211211847267,0.4079211211847267,0.32568527428816135,0.08223584689656532
GOOGL,calibrated_random_forest,3,2024-04-22,1,1,0.4314303182617114,0.4314303182617114,0.3185354218741309,0.11289489638758049
GOOGL,calibrated_random_forest,3,2024-04-23,1,1,0.40349862164503897,0.40349862164503897,0.3089405100069715,0.09455811163806749
GOOGL,calibrated_random_forest,3,2024-04-24,1,1,0.4045357575529968,0.4045357575529968,0.30273184957202687,0.10180390798096994
GOOGL,calibrated_random_forest,3,2024-04-25,1,1,0.43111125439645787,0.43111125439645787,0.3258969076262873,0.10521434677017055
GOOGL,calibrated_random_forest,3,2024-04-26,-1,0,0.3563950992985006,0.34703869865289727,0.34703869865289727,0.009356400645603336
GOOGL,calibrated_random_forest,3,2024-04-29,0,1,0.38571743557219457,0.38571743557219457,0.3181788217252118,0.06753861384698279
GOOGL,calibrated_random_forest,3,2024-04-30,1,1,0.4096283951589746,0.4096283951589746,0.33214188572691,0.07748650943206459
GOOGL,calibrated_random_forest,3,2024-05-01,1,1,0.40280620105307213,0.40280620105307213,0.3217297027019974,0.08107649835107472
GOOGL,calibrated_random_forest,3,2024-05-02,1,1,0.36726279567088005,0.36726279567088005,0.3176779223355047,0.04958487333537537
GOOGL,calibrated_random_forest,3,2024-05-03,0,1,0.4122678587249127,0.4122678587249127,0.3304008193460312,0.08186703937888146
GOOGL,calibrated_random_forest,3,2024-05-06,0,1,0.3763857487923496,0.3763857487923496,0.32402930871350644,0.05235644007884316
GOOGL,calibrated_random_forest,3,2024-05-07,0,1,0.3538254505333785,0.3538254505333785,0.351631595889293,0.0021938546440855022
GOOGL,calibrated_random_forest,3,2024-05-08,0,1,0.3814502312553521,0.3814502312553521,0.31277018879302965,0.06868004246232245
GOOGL,calibrated_random_forest,3,2024-05-09,1,1,0.3743303559151569,0.3743303559151569,0.32559067397324876,0.04873968194190814
GOOGL,calibrated_random_forest,3,2024-05-10,1,1,0.41540586326210915,0.41540586326210915,0.32568699048823396,0.08971887277387519
GOOGL,calibrated_random_forest,3,2024-05-13,1,1,0.41495666923392766,0.41495666923392766,0.31574886598207375,0.09920780325185391
GOOGL,calibrated_random_forest,3,2024-05-14,1,1,0.3921010888534538,0.3921010888534538,0.3075217879396502,0.08457930091380361
GOOGL,calibrated_random_forest,3,2024-05-15,1,1,0.3579421062746176,0.3579421062746176,0.3486280617784896,0.009314044496127993
GOOGL,calibrated_random_forest,3,2024-05-16,0,1,0.36417689159575756,0.36417689159575756,0.34487025759299234,0.01930663400276522
GOOGL,calibrated_random_forest,3,2024-05-17,0,0,0.3659936504691486,0.3488208839646713,0.3488208839646713,0.0171727665044773
GOOGL,calibrated_random_forest,3,2024-05-20,0,0,0.3821198751607508,0.33871118153892815,0.33871118153892815,0.04340869362182265
GOOGL,calibrated_random_forest,3,2024-05-21,0,0,0.3682872444469414,0.357864416872925,0.357864416872925,0.010422827574016413
GOOGL,calibrated_random_forest,3,2024-05-22,-1,1,0.3769277290504691,0.3769277290504691,0.33681825636575674,0.04010947268471238
