signal_date,trade_date,trade_price,market_close,predicted_signal,confidence,bullish_probability,trend_filter_passed,target_allocation,action,cash,shares,position_value,portfolio_value,explanation
2024-05-31,2024-06-03,171.12564767729586,171.75048828125,BULLISH_SIGNAL,0.4576625878889748,0.4576625878889748,True,0.0,HOLD,10000.0,0,0.0,10000.0,"Conservative trader saw BULLISH_SIGNAL with bullish_probability=0.46, confidence=0.46, probability_margin=0.17, trend_filter_passed=True, rule=neutral_hold, target_allocation=0.00%."
2024-06-03,2024-06-04,171.85957302701576,172.36538696289062,BULLISH_SIGNAL,0.43181649802971106,0.43181649802971106,True,0.0,HOLD,10000.0,0,0.0,10000.0,"Conservative trader saw BULLISH_SIGNAL with bullish_probability=0.43, confidence=0.43, probability_margin=0.10, trend_filter_passed=True, rule=neutral_hold, target_allocation=0.00%."
2024-06-04,2024-06-05,173.7638369582265,173.9721221923828,BEARISH_SIGNAL,0.37259718102665323,0.366750898476761,True,0.0,HOLD,10000.0,0,0.0,10000.0,"Conservative trader saw BEARISH_SIGNAL with bullish_probability=0.37, confidence=0.37, probability_margin=0.01, trend_filter_passed=True, rule=bearish_exit, target_allocation=0.00%."
2024-06-05,2024-06-06,174.45808249066545,175.28128051757812,BEARISH_SIGNAL,0.3928037943005131,0.31232507300606066,True,0.0,HOLD,10000.0,0,0.0,10000.0,"Conservative trader saw BEARISH_SIGNAL with bullish_probability=0.31, confidence=0.39, probability_margin=0.08, trend_filter_passed=True, rule=bearish_exit, target_allocation=0.00%."
2024-06-06,2024-06-07,175.59868809544102,173.02992248535156,BEARISH_SIGNAL,0.3527217024337543,0.3245069424262771,True,0.0,HOLD,10000.0,0,0.0,10000.0,"Conservative trader saw BEARISH_SIGNAL with bullish_probability=0.32, confidence=0.35, probability_margin=0.03, trend_filter_passed=True, rule=bearish_exit, target_allocation=0.00%."
2024-06-07,2024-06-10,173.7349014501534,173.7746124267578,BULLISH_SIGNAL,0.36855917411620626,0.36855917411620626,True,0.0,HOLD,10000.0,0,0.0,10000.0,"Conservative trader saw BULLISH_SIGNAL with bullish_probability=0.37, confidence=0.37, probability_margin=0.04, trend_filter_passed=True, rule=neutral_hold, target_allocation=0.00%."
2024-06-10,2024-06-11,174.9760900997619,175.37326049804688,BULLISH_SIGNAL,0.43930255834046683,0.43930255834046683,True,0.0,HOLD,10000.0,0,0.0,10000.0,"Conservative trader saw BULLISH_SIGNAL with bullish_probability=0.44, confidence=0.44, probability_margin=0.12, trend_filter_passed=True, rule=neutral_hold, target_allocation=0.00%."
2024-06-11,2024-06-12,176.99171737123814,176.5349578857422,BULLISH_SIGNAL,0.39011015902459223,0.39011015902459223,True,0.0,HOLD,10000.0,0,0.0,10000.0,"Conservative trader saw BULLISH_SIGNAL with bullish_probability=0.39, confidence=0.39, probability_margin=0.05, trend_filter_passed=True, rule=neutral_hold, target_allocation=0.00%."
2024-06-12,2024-06-13,174.8668444097431,173.92355346679688,BULLISH_SIGNAL,0.3788706410767861,0.3788706410767861,True,0.0,HOLD,10000.0,0,0.0,10000.0,"Conservative trader saw BULLISH_SIGNAL with bullish_probability=0.38, confidence=0.38, probability_margin=0.04, trend_filter_passed=True, rule=neutral_hold, target_allocation=0.00%."
2024-06-13,2024-06-14,172.99018739624864,175.5420379638672,BULLISH_SIGNAL,0.35425389999649953,0.35425389999649953,True,0.0,HOLD,10000.0,0,0.0,10000.0,"Conservative trader saw BULLISH_SIGNAL with bullish_probability=0.35, confidence=0.35, probability_margin=0.02, trend_filter_passed=True, rule=neutral_hold, target_allocation=0.00%."
2024-06-14,2024-06-17,174.2214424940307,175.98887634277344,BEARISH_SIGNAL,0.39609381419040307,0.33256005793650256,True,0.0,HOLD,10000.0,0,0.0,10000.0,"Conservative trader saw BEARISH_SIGNAL with bullish_probability=0.33, confidence=0.40, probability_margin=0.06, trend_filter_passed=True, rule=bearish_exit, target_allocation=0.00%."
2024-06-17,2024-06-18,175.88955104751682,173.85401916503906,BEARISH_SIGNAL,0.37617589758397907,0.3266486370332799,True,0.0,HOLD,10000.0,0,0.0,10000.0,"Conservative trader saw BEARISH_SIGNAL with bullish_probability=0.33, confidence=0.38, probability_margin=0.05, trend_filter_passed=True, rule=bearish_exit, target_allocation=0.00%."
2024-06-18,2024-06-20,174.13209876912956,175.0555419921875,BULLISH_SIGNAL,0.42541987198807524,0.42541987198807524,True,0.0,HOLD,10000.0,0,0.0,10000.0,"Conservative trader saw BULLISH_SIGNAL with bullish_probability=0.43, confidence=0.43, probability_margin=0.10, trend_filter_passed=True, rule=neutral_hold, target_allocation=0.00%."
2024-06-20,2024-06-21,175.75057482727152,178.3620147705078,BEARISH_SIGNAL,0.40994945440947816,0.365860216657475,True,0.0,HOLD,10000.0,0,0.0,10000.0,"Conservative trader saw BEARISH_SIGNAL with bullish_probability=0.37, confidence=0.41, probability_margin=0.04, trend_filter_passed=True, rule=bearish_exit, target_allocation=0.00%."
2024-06-21,2024-06-24,178.88823134690676,177.95486450195312,BEARISH_SIGNAL,0.4109994222771458,0.3378745567438685,True,0.0,HOLD,10000.0,0,0.0,10000.0,"Conservative trader saw BEARISH_SIGNAL with bullish_probability=0.34, confidence=0.41, probability_margin=0.07, trend_filter_passed=True, rule=bearish_exit, target_allocation=0.00%."
2024-06-24,2024-06-25,178.35208296162077,182.73095703125,NEUTRAL_SIGNAL,0.36927614945223364,0.3655670756727889,True,0.0,HOLD,10000.0,0,0.0,10000.0,"Conservative trader saw NEUTRAL_SIGNAL with bullish_probability=0.37, confidence=0.37, probability_margin=0.00, trend_filter_passed=True, rule=neutral_hold, target_allocation=0.00%."
2024-06-25,2024-06-26,181.34083960482536,182.58201599121094,BEARISH_SIGNAL,0.3688282103545439,0.3332072958483514,True,0.0,HOLD,10000.0,0,0.0,10000.0,"Conservative trader saw BEARISH_SIGNAL with bullish_probability=0.33, confidence=0.37, probability_margin=0.04, trend_filter_passed=True, rule=bearish_exit, target_allocation=0.00%."
2024-06-26,2024-06-27,182.87988309562385,184.10121154785156,NEUTRAL_SIGNAL,0.3905114788029542,0.29031549602604245,True,0.0,HOLD,10000.0,0,0.0,10000.0,"Conservative trader saw NEUTRAL_SIGNAL with bullish_probability=0.29, confidence=0.39, probability_margin=0.07, trend_filter_passed=True, rule=neutral_hold, target_allocation=0.00%."
2024-06-27,2024-06-28,183.01890751714419,180.8642120361328,NEUTRAL_SIGNAL,0.3724921492742918,0.2751976247753353,True,0.0,HOLD,10000.0,0,0.0,10000.0,"Conservative trader saw NEUTRAL_SIGNAL with bullish_probability=0.28, confidence=0.37, probability_margin=0.02, trend_filter_passed=True, rule=neutral_hold, target_allocation=0.00%."
2024-06-28,2024-07-01,181.73801420146654,181.69830322265625,NEUTRAL_SIGNAL,0.36955389801137845,0.3278541248343534,True,0.0,HOLD,10000.0,0,0.0,10000.0,"Conservative trader saw NEUTRAL_SIGNAL with bullish_probability=0.33, confidence=0.37, probability_margin=0.04, trend_filter_passed=True, rule=neutral_hold, target_allocation=0.00%."
2024-07-01,2024-07-02,180.7649192250836,183.93240356445312,NEUTRAL_SIGNAL,0.3794461113100632,0.2934447447832775,True,0.0,HOLD,10000.0,0,0.0,10000.0,"Conservative trader saw NEUTRAL_SIGNAL with bullish_probability=0.29, confidence=0.38, probability_margin=0.05, trend_filter_passed=True, rule=neutral_hold, target_allocation=0.00%."
2024-07-02,2024-07-03,183.545146815405,184.50830078125,NEUTRAL_SIGNAL,0.42447159558541936,0.2515245630233579,True,0.0,HOLD,10000.0,0,0.0,10000.0,"Conservative trader saw NEUTRAL_SIGNAL with bullish_probability=0.25, confidence=0.42, probability_margin=0.10, trend_filter_passed=True, rule=neutral_hold, target_allocation=0.00%."
2024-07-03,2024-07-05,184.54803142014995,189.25457763671875,NEUTRAL_SIGNAL,0.5054570607625863,0.23092279811122884,True,0.0,HOLD,10000.0,0,0.0,10000.0,"Conservative trader saw NEUTRAL_SIGNAL with bullish_probability=0.23, confidence=0.51, probability_margin=0.24, trend_filter_passed=True, rule=neutral_hold, target_allocation=0.00%."
2024-07-05,2024-07-08,188.55948674203475,187.6956329345703,BEARISH_SIGNAL,0.5254055972445599,0.20805557307124262,True,0.0,HOLD,10000.0,0,0.0,10000.0,"Conservative trader saw BEARISH_SIGNAL with bullish_probability=0.21, confidence=0.53, probability_margin=0.26, trend_filter_passed=True, rule=bearish_exit, target_allocation=0.00%."
2024-07-08,2024-07-09,188.96660951335545,187.64599609375,BEARISH_SIGNAL,0.421341526912431,0.22290980861584303,True,0.0,HOLD,10000.0,0,0.0,10000.0,"Conservative trader saw BEARISH_SIGNAL with bullish_probability=0.22, confidence=0.42, probability_margin=0.07, trend_filter_passed=True, rule=bearish_exit, target_allocation=0.00%."
2024-07-09,2024-07-10,187.81477541116223,189.8304443359375,NEUTRAL_SIGNAL,0.49317601383392606,0.18555368169946773,True,0.0,HOLD,10000.0,0,0.0,10000.0,"Conservative trader saw NEUTRAL_SIGNAL with bullish_probability=0.19, confidence=0.49, probability_margin=0.17, trend_filter_passed=True, rule=neutral_hold, target_allocation=0.00%."
2024-07-10,2024-07-11,188.50987272919218,184.2600860595703,BEARISH_SIGNAL,0.48318897899597746,0.16963441244033337,True,0.0,HOLD,10000.0,0,0.0,10000.0,"Conservative trader saw BEARISH_SIGNAL with bullish_probability=0.17, confidence=0.48, probability_margin=0.14, trend_filter_passed=True, rule=bearish_exit, target_allocation=0.00%."
2024-07-11,2024-07-12,183.77353479614163,183.76361083984375,BULLISH_SIGNAL,0.3731511086776991,0.3731511086776991,True,0.0,HOLD,10000.0,0,0.0,10000.0,"Conservative trader saw BULLISH_SIGNAL with bullish_probability=0.37, confidence=0.37, probability_margin=0.06, trend_filter_passed=True, rule=neutral_hold, target_allocation=0.00%."
2024-07-12,2024-07-15,183.61465170436622,185.21328735351562,BEARISH_SIGNAL,0.37148311823357066,0.34547750740794564,True,0.0,HOLD,10000.0,0,0.0,10000.0,"Conservative trader saw BEARISH_SIGNAL with bullish_probability=0.35, confidence=0.37, probability_margin=0.03, trend_filter_passed=True, rule=bearish_exit, target_allocation=0.00%."
2024-07-15,2024-07-16,186.03742351335848,182.6217041015625,BEARISH_SIGNAL,0.4042670483253415,0.36228756906915194,True,0.0,HOLD,10000.0,0,0.0,10000.0,"Conservative trader saw BEARISH_SIGNAL with bullish_probability=0.36, confidence=0.40, probability_margin=0.04, trend_filter_passed=True, rule=bearish_exit, target_allocation=0.00%."
2024-07-16,2024-07-17,181.6784348799773,179.74220275878906,BULLISH_SIGNAL,0.4047377312413546,0.4047377312413546,True,0.0,HOLD,10000.0,0,0.0,10000.0,"Conservative trader saw BULLISH_SIGNAL with bullish_probability=0.40, confidence=0.40, probability_margin=0.04, trend_filter_passed=True, rule=neutral_hold, target_allocation=0.00%."
2024-07-17,2024-07-18,180.64577548557426,176.4357147216797,BEARISH_SIGNAL,0.4729180228243717,0.33902484689668555,True,0.0,HOLD,10000.0,0,0.0,10000.0,"Conservative trader saw BEARISH_SIGNAL with bullish_probability=0.34, confidence=0.47, probability_margin=0.13, trend_filter_passed=True, rule=bearish_exit, target_allocation=0.00%."
2024-07-18,2024-07-19,177.61730362532302,176.40591430664062,BEARISH_SIGNAL,0.4204524263378336,0.4156854049568329,False,0.0,HOLD,10000.0,0,0.0,10000.0,"Conservative trader saw BEARISH_SIGNAL with bullish_probability=0.42, confidence=0.42, probability_margin=0.00, trend_filter_passed=False, rule=bearish_exit, target_allocation=0.00%."
2024-07-19,2024-07-22,179.31522557776697,180.38760375976562,BEARISH_SIGNAL,0.4750173013074602,0.3153149249396823,False,0.0,HOLD,10000.0,0,0.0,10000.0,"Conservative trader saw BEARISH_SIGNAL with bullish_probability=0.32, confidence=0.48, probability_margin=0.16, trend_filter_passed=False, rule=bearish_exit, target_allocation=0.00%."
2024-07-22,2024-07-23,180.76493403159583,180.5067596435547,BULLISH_SIGNAL,0.42136028173540585,0.42136028173540585,True,0.0,HOLD,10000.0,0,0.0,10000.0,"Conservative trader saw BULLISH_SIGNAL with bullish_probability=0.42, confidence=0.42, probability_margin=0.05, trend_filter_passed=True, rule=neutral_hold, target_allocation=0.00%."
2024-07-23,2024-07-24,172.37457678491225,171.4114227294922,BEARISH_SIGNAL,0.3993021167112529,0.3984079447566708,True,0.0,HOLD,10000.0,0,0.0,10000.0,"Conservative trader saw BEARISH_SIGNAL with bullish_probability=0.40, confidence=0.40, probability_margin=0.00, trend_filter_passed=True, rule=bearish_exit, target_allocation=0.00%."
2024-07-24,2024-07-25,171.3022145629285,166.0991973876953,BULLISH_SIGNAL,0.47060982379519145,0.47060982379519145,False,0.0,HOLD,10000.0,0,0.0,10000.0,"Conservative trader saw BULLISH_SIGNAL with bullish_probability=0.47, confidence=0.47, probability_margin=0.14, trend_filter_passed=False, rule=neutral_hold, target_allocation=0.00%."
2024-07-25,2024-07-26,165.97008682721892,165.82115173339844,BULLISH_SIGNAL,0.5646763433471553,0.5646763433471553,False,0.0,HOLD,10000.0,0,0.0,10000.0,"Conservative trader saw BULLISH_SIGNAL with bullish_probability=0.56, confidence=0.56, probability_margin=0.28, trend_filter_passed=False, rule=neutral_hold, target_allocation=0.00%."
2024-07-26,2024-07-29,167.6382268176297,168.33328247070312,BULLISH_SIGNAL,0.6631189446710792,0.6631189446710792,False,0.0,HOLD,10000.0,0,0.0,10000.0,"Conservative trader saw BULLISH_SIGNAL with bullish_probability=0.66, confidence=0.66, probability_margin=0.46, trend_filter_passed=False, rule=neutral_hold, target_allocation=0.00%."
2024-07-29,2024-07-30,169.03828621199597,169.08792114257812,BULLISH_SIGNAL,0.4498341425391354,0.4498341425391354,False,0.0,HOLD,10000.0,0,0.0,10000.0,"Conservative trader saw BULLISH_SIGNAL with bullish_probability=0.45, confidence=0.45, probability_margin=0.07, trend_filter_passed=False, rule=neutral_hold, target_allocation=0.00%."
2024-07-30,2024-07-31,172.01711347343624,170.3291015625,BULLISH_SIGNAL,0.45569875706578966,0.45569875706578966,False,0.0,HOLD,10000.0,0,0.0,10000.0,"Conservative trader saw BULLISH_SIGNAL with bullish_probability=0.46, confidence=0.46, probability_margin=0.09, trend_filter_passed=False, rule=neutral_hold, target_allocation=0.00%."
2024-07-31,2024-08-01,169.0482015028782,169.55459594726562,BULLISH_SIGNAL,0.4846461144557898,0.4846461144557898,False,0.0,HOLD,10000.0,0,0.0,10000.0,"Conservative trader saw BULLISH_SIGNAL with bullish_probability=0.48, confidence=0.48, probability_margin=0.13, trend_filter_passed=False, rule=neutral_hold, target_allocation=0.00%."
2024-08-01,2024-08-02,165.26511803151652,165.4835662841797,BULLISH_SIGNAL,0.4143306502741787,0.4143306502741787,False,0.0,HOLD,10000.0,0,0.0,10000.0,"Conservative trader saw BULLISH_SIGNAL with bullish_probability=0.41, confidence=0.41, probability_margin=0.01, trend_filter_passed=False, rule=neutral_hold, target_allocation=0.00%."
2024-08-02,2024-08-05,154.4023257364845,158.1258544921875,BEARISH_SIGNAL,0.4639191446608333,0.3678274141054675,False,0.0,HOLD,10000.0,0,0.0,10000.0,"Conservative trader saw BEARISH_SIGNAL with bullish_probability=0.37, confidence=0.46, probability_margin=0.10, trend_filter_passed=False, rule=bearish_exit, target_allocation=0.00%."
2024-08-05,2024-08-06,158.2052897951303,157.17262268066406,BULLISH_SIGNAL,0.4194727136271084,0.4194727136271084,False,0.0,HOLD,10000.0,0,0.0,10000.0,"Conservative trader saw BULLISH_SIGNAL with bullish_probability=0.42, confidence=0.42, probability_margin=0.02, trend_filter_passed=False, rule=neutral_hold, target_allocation=0.00%."
2024-08-06,2024-08-07,160.11174561926643,157.81805419921875,BULLISH_SIGNAL,0.6406335273030357,0.6406335273030357,False,0.0,HOLD,10000.0,0,0.0,10000.0,"Conservative trader saw BULLISH_SIGNAL with bullish_probability=0.64, confidence=0.64, probability_margin=0.41, trend_filter_passed=False, rule=neutral_hold, target_allocation=0.00%."
2024-08-07,2024-08-08,159.37695589283805,160.88623046875,BULLISH_SIGNAL,0.6134854755546405,0.6134854755546405,False,0.0,HOLD,10000.0,0,0.0,10000.0,"Conservative trader saw BULLISH_SIGNAL with bullish_probability=0.61, confidence=0.61, probability_margin=0.37, trend_filter_passed=False, rule=neutral_hold, target_allocation=0.00%."
2024-08-08,2024-08-09,158.88049573069213,162.51466369628906,BULLISH_SIGNAL,0.4648233870340737,0.4648233870340737,False,0.0,HOLD,10000.0,0,0.0,10000.0,"Conservative trader saw BULLISH_SIGNAL with bullish_probability=0.46, confidence=0.46, probability_margin=0.11, trend_filter_passed=False, rule=neutral_hold, target_allocation=0.00%."
2024-08-09,2024-08-12,163.1898806325975,161.1444091796875,BEARISH_SIGNAL,0.424597434911512,0.413310737977914,False,0.0,HOLD,10000.0,0,0.0,10000.0,"Conservative trader saw BEARISH_SIGNAL with bullish_probability=0.41, confidence=0.42, probability_margin=0.01, trend_filter_passed=False, rule=bearish_exit, target_allocation=0.00%."
2024-08-12,2024-08-13,162.25649966122157,163.00120544433594,BEARISH_SIGNAL,0.4563948243409496,0.3742102133313759,False,0.0,HOLD,10000.0,0,0.0,10000.0,"Conservative trader saw BEARISH_SIGNAL with bullish_probability=0.37, confidence=0.46, probability_margin=0.08, trend_filter_passed=False, rule=bearish_exit, target_allocation=0.00%."
2024-08-13,2024-08-14,161.25363005478357,159.2379608154297,BULLISH_SIGNAL,0.40115393549978257,0.40115393549978257,False,0.0,HOLD,10000.0,0,0.0,10000.0,"Conservative trader saw BULLISH_SIGNAL with bullish_probability=0.40, confidence=0.40, probability_margin=0.01, trend_filter_passed=False, rule=neutral_hold, target_allocation=0.00%."
2024-08-14,2024-08-15,159.3670211694173,160.161376953125,BULLISH_SIGNAL,0.49602526114147727,0.49602526114147727,False,0.0,HOLD,10000.0,0,0.0,10000.0,"Conservative trader saw BULLISH_SIGNAL with bullish_probability=0.50, confidence=0.50, probability_margin=0.15, trend_filter_passed=False, rule=neutral_hold, target_allocation=0.00%."
2024-08-15,2024-08-16,160.33018953302678,161.80967712402344,BULLISH_SIGNAL,0.4484030863721427,0.4484030863721427,False,0.0,HOLD,10000.0,0,0.0,10000.0,"Conservative trader saw BULLISH_SIGNAL with bullish_probability=0.45, confidence=0.45, probability_margin=0.06, trend_filter_passed=False, rule=neutral_hold, target_allocation=0.00%."
2024-08-16,2024-08-19,164.1132970310061,165.4934844970703,BULLISH_SIGNAL,0.4754935568100283,0.4754935568100283,False,0.0,HOLD,10000.0,0,0.0,10000.0,"Conservative trader saw BULLISH_SIGNAL with bullish_probability=0.48, confidence=0.48, probability_margin=0.12, trend_filter_passed=False, rule=neutral_hold, target_allocation=0.00%."
2024-08-19,2024-08-20,165.72187088023108,165.99989318847656,BULLISH_SIGNAL,0.5109078440686491,0.5109078440686491,False,0.0,HOLD,10000.0,0,0.0,10000.0,"Conservative trader saw BULLISH_SIGNAL with bullish_probability=0.51, confidence=0.51, probability_margin=0.19, trend_filter_passed=False, rule=neutral_hold, target_allocation=0.00%."
2024-08-20,2024-08-21,163.98421986679392,164.67929077148438,BULLISH_SIGNAL,0.5248664378979369,0.5248664378979369,False,0.0,HOLD,10000.0,0,0.0,10000.0,"Conservative trader saw BULLISH_SIGNAL with bullish_probability=0.52, confidence=0.52, probability_margin=0.21, trend_filter_passed=False, rule=neutral_hold, target_allocation=0.00%."
2024-08-21,2024-08-22,166.07932072756,162.6437530517578,BULLISH_SIGNAL,0.45095066440344234,0.45095066440344234,False,0.0,HOLD,10000.0,0,0.0,10000.0,"Conservative trader saw BULLISH_SIGNAL with bullish_probability=0.45, confidence=0.45, probability_margin=0.11, trend_filter_passed=False, rule=neutral_hold, target_allocation=0.00%."
2024-08-22,2024-08-23,163.55725630307884,164.45089721679688,BULLISH_SIGNAL,0.5574634860741008,0.5574634860741008,False,0.0,HOLD,10000.0,0,0.0,10000.0,"Conservative trader saw BULLISH_SIGNAL with bullish_probability=0.56, confidence=0.56, probability_margin=0.28, trend_filter_passed=False, rule=neutral_hold, target_allocation=0.00%."
2024-08-23,2024-08-26,165.20552403193696,164.98707580566406,BULLISH_SIGNAL,0.4627781810135436,0.4627781810135436,False,0.0,HOLD,10000.0,0,0.0,10000.0,"Conservative trader saw BULLISH_SIGNAL with bullish_probability=0.46, confidence=0.46, probability_margin=0.07, trend_filter_passed=False, rule=neutral_hold, target_allocation=0.00%."
2024-08-26,2024-08-27,164.6693476557718,163.5175323486328,BULLISH_SIGNAL,0.5071848813652332,0.5071848813652332,False,0.0,HOLD,10000.0,0,0.0,10000.0,"Conservative trader saw BULLISH_SIGNAL with bullish_probability=0.51, confidence=0.51, probability_margin=0.17, trend_filter_passed=False, rule=neutral_hold, target_allocation=0.00%."
2024-08-27,2024-08-28,163.8749983304621,161.70046997070312,BULLISH_SIGNAL,0.497652269614049,0.497652269614049,False,0.0,HOLD,10000.0,0,0.0,10000.0,"Conservative trader saw BULLISH_SIGNAL with bullish_probability=0.50, confidence=0.50, probability_margin=0.15, trend_filter_passed=False, rule=neutral_hold, target_allocation=0.00%."
2024-08-28,2024-08-29,163.15012461387778,160.6379852294922,BULLISH_SIGNAL,0.5657520804979341,0.5657520804979341,False,0.0,HOLD,10000.0,0,0.0,10000.0,"Conservative trader saw BULLISH_SIGNAL with bullish_probability=0.57, confidence=0.57, probability_margin=0.30, trend_filter_passed=False, rule=neutral_hold, target_allocation=0.00%."
2024-08-29,2024-08-30,161.47208537407533,162.2267303466797,BULLISH_SIGNAL,0.5817458203957148,0.5817458203957148,False,0.0,HOLD,10000.0,0,0.0,10000.0,"Conservative trader saw BULLISH_SIGNAL with bullish_probability=0.58, confidence=0.58, probability_margin=0.32, trend_filter_passed=False, rule=neutral_hold, target_allocation=0.00%."
2024-08-30,2024-09-03,160.57844587255263,156.2492218017578,BULLISH_SIGNAL,0.5859877630916941,0.5859877630916941,False,0.0,HOLD,10000.0,0,0.0,10000.0,"Conservative trader saw BULLISH_SIGNAL with bullish_probability=0.59, confidence=0.59, probability_margin=0.30, trend_filter_passed=False, rule=neutral_hold, target_allocation=0.00%."
2024-09-03,2024-09-04,155.5541664007753,155.34564208984375,BULLISH_SIGNAL,0.4619519361602529,0.4619519361602529,False,0.0,HOLD,10000.0,0,0.0,10000.0,"Conservative trader saw BULLISH_SIGNAL with bullish_probability=0.46, confidence=0.46, probability_margin=0.11, trend_filter_passed=False, rule=neutral_hold, target_allocation=0.00%."
2024-09-04,2024-09-05,155.1966988484402,156.13006591796875,BULLISH_SIGNAL,0.4294622120490025,0.4294622120490025,False,0.0,HOLD,10000.0,0,0.0,10000.0,"Conservative trader saw BULLISH_SIGNAL with bullish_probability=0.43, confidence=0.43, probability_margin=0.08, trend_filter_passed=False, rule=neutral_hold, target_allocation=0.00%."
2024-09-05,2024-09-06,156.18962872176218,149.8546600341797,BULLISH_SIGNAL,0.4221436203718634,0.4221436203718634,False,0.0,HOLD,10000.0,0,0.0,10000.0,"Conservative trader saw BULLISH_SIGNAL with bullish_probability=0.42, confidence=0.42, probability_margin=0.08, trend_filter_passed=False, rule=neutral_hold, target_allocation=0.00%."
2024-09-06,2024-09-09,151.63438731483413,147.85621643066406,BULLISH_SIGNAL,0.6116695892096037,0.6116695892096037,False,0.0,HOLD,10000.0,0,0.0,10000.0,"Conservative trader saw BULLISH_SIGNAL with bullish_probability=0.61, confidence=0.61, probability_margin=0.35, trend_filter_passed=False, rule=neutral_hold, target_allocation=0.00%."
2024-09-09,2024-09-10,149.58620426686707,147.80648803710938,BULLISH_SIGNAL,0.7198990100102194,0.7198990100102194,False,0.0,HOLD,10000.0,0,0.0,10000.0,"Conservative trader saw BULLISH_SIGNAL with bullish_probability=0.72, confidence=0.72, probability_margin=0.57, trend_filter_passed=False, rule=neutral_hold, target_allocation=0.00%."
2024-09-10,2024-09-11,149.0592434246133,150.29212951660156,BULLISH_SIGNAL,0.6921308438524417,0.6921308438524417,False,0.0,HOLD,10000.0,0,0.0,10000.0,"Conservative trader saw BULLISH_SIGNAL with bullish_probability=0.69, confidence=0.69, probability_margin=0.53, trend_filter_passed=False, rule=neutral_hold, target_allocation=0.00%."
2024-09-11,2024-09-12,152.91699025153633,153.8018798828125,BULLISH_SIGNAL,0.6074723144155707,0.6074723144155707,False,0.0,HOLD,10000.0,0,0.0,10000.0,"Conservative trader saw BULLISH_SIGNAL with bullish_probability=0.61, confidence=0.61, probability_margin=0.36, trend_filter_passed=False, rule=neutral_hold, target_allocation=0.00%."
2024-09-12,2024-09-13,154.53761027887018,156.55596923828125,BULLISH_SIGNAL,0.44254247651249917,0.44254247651249917,False,0.0,HOLD,10000.0,0,0.0,10000.0,"Conservative trader saw BULLISH_SIGNAL with bullish_probability=0.44, confidence=0.44, probability_margin=0.06, trend_filter_passed=False, rule=neutral_hold, target_allocation=0.00%."
2024-09-13,2024-09-16,156.4068328344505,157.15252685546875,BEARISH_SIGNAL,0.436728944251788,0.39598881242059536,False,0.0,HOLD,10000.0,0,0.0,10000.0,"Conservative trader saw BEARISH_SIGNAL with bullish_probability=0.40, confidence=0.44, probability_margin=0.04, trend_filter_passed=False, rule=bearish_exit, target_allocation=0.00%."
2024-09-16,2024-09-17,158.10702330973243,158.40530395507812,BEARISH_SIGNAL,0.41891491174433754,0.3937518599746569,False,0.0,HOLD,10000.0,0,0.0,10000.0,"Conservative trader saw BEARISH_SIGNAL with bullish_probability=0.39, confidence=0.42, probability_margin=0.03, trend_filter_passed=False, rule=bearish_exit, target_allocation=0.00%."
2024-09-17,2024-09-18,158.9421872798641,158.89247131347656,BULLISH_SIGNAL,0.5104669027138511,0.5104669027138511,False,0.0,HOLD,10000.0,0,0.0,10000.0,"Conservative trader saw BULLISH_SIGNAL with bullish_probability=0.51, confidence=0.51, probability_margin=0.20, trend_filter_passed=False, rule=neutral_hold, target_allocation=0.00%."
2024-09-18,2024-09-19,162.77008449382728,161.20909118652344,BULLISH_SIGNAL,0.4519056613009083,0.4519056613009083,False,0.0,HOLD,10000.0,0,0.0,10000.0,"Conservative trader saw BULLISH_SIGNAL with bullish_probability=0.45, confidence=0.45, probability_margin=0.09, trend_filter_passed=False, rule=neutral_hold, target_allocation=0.00%."
2024-09-19,2024-09-20,162.56130770595448,162.65078735351562,BULLISH_SIGNAL,0.42510981392393143,0.42510981392393143,False,0.0,HOLD,10000.0,0,0.0,10000.0,"Conservative trader saw BULLISH_SIGNAL with bullish_probability=0.43, confidence=0.43, probability_margin=0.07, trend_filter_passed=False, rule=neutral_hold, target_allocation=0.00%."
2024-09-20,2024-09-23,163.40640761812853,160.92076110839844,BULLISH_SIGNAL,0.39476494216149244,0.39476494216149244,False,0.0,HOLD,10000.0,0,0.0,10000.0,"Conservative trader saw BULLISH_SIGNAL with bullish_probability=0.39, confidence=0.39, probability_margin=0.05, trend_filter_passed=False, rule=neutral_hold, target_allocation=0.00%."
2024-09-23,2024-09-24,162.0940027861785,161.35824584960938,BULLISH_SIGNAL,0.46156789830864153,0.46156789830864153,False,0.0,HOLD,10000.0,0,0.0,10000.0,"Conservative trader saw BULLISH_SIGNAL with bullish_probability=0.46, confidence=0.46, probability_margin=0.18, trend_filter_passed=False, rule=neutral_hold, target_allocation=0.00%."
2024-09-24,2024-09-25,160.5429462723237,160.56283569335938,BULLISH_SIGNAL,0.47179471399315637,0.47179471399315637,False,0.0,HOLD,10000.0,0,0.0,10000.0,"Conservative trader saw BULLISH_SIGNAL with bullish_probability=0.47, confidence=0.47, probability_margin=0.12, trend_filter_passed=False, rule=neutral_hold, target_allocation=0.00%."
2024-09-25,2024-09-26,162.70049439754706,161.79571533203125,BULLISH_SIGNAL,0.41400574595663897,0.41400574595663897,False,0.0,HOLD,10000.0,0,0.0,10000.0,"Conservative trader saw BULLISH_SIGNAL with bullish_probability=0.41, confidence=0.41, probability_margin=0.04, trend_filter_passed=False, rule=neutral_hold, target_allocation=0.00%."
2024-09-26,2024-09-27,161.87524329123835,163.00869750976562,BULLISH_SIGNAL,0.4256869125981989,0.4256869125981989,False,0.0,HOLD,10000.0,0,0.0,10000.0,"Conservative trader saw BULLISH_SIGNAL with bullish_probability=0.43, confidence=0.43, probability_margin=0.07, trend_filter_passed=False, rule=neutral_hold, target_allocation=0.00%."
2024-09-27,2024-09-30,162.38232355982177,164.89779663085938,BEARISH_SIGNAL,0.4192089773540051,0.3821088849889281,True,0.0,HOLD,10000.0,0,0.0,10000.0,"Conservative trader saw BEARISH_SIGNAL with bullish_probability=0.38, confidence=0.42, probability_margin=0.04, trend_filter_passed=True, rule=bearish_exit, target_allocation=0.00%."
2024-09-30,2024-10-01,166.72724331239,166.03126525878906,BEARISH_SIGNAL,0.4151144923100149,0.24394135442612017,True,0.0,HOLD,10000.0,0,0.0,10000.0,"Conservative trader saw BEARISH_SIGNAL with bullish_probability=0.24, confidence=0.42, probability_margin=0.07, trend_filter_passed=True, rule=bearish_exit, target_allocation=0.00%."
2024-10-01,2024-10-02,165.46452779504156,164.90774536132812,BEARISH_SIGNAL,0.3890809173429615,0.25148514276581285,True,0.0,HOLD,10000.0,0,0.0,10000.0,"Conservative trader saw BEARISH_SIGNAL with bullish_probability=0.25, confidence=0.39, probability_margin=0.03, trend_filter_passed=True, rule=bearish_exit, target_allocation=0.00%."
2024-10-02,2024-10-03,163.4660733087808,164.90774536132812,BEARISH_SIGNAL,0.3790437403066283,0.30200659859660606,True,0.0,HOLD,10000.0,0,0.0,10000.0,"Conservative trader saw BEARISH_SIGNAL with bullish_probability=0.30, confidence=0.38, probability_margin=0.06, trend_filter_passed=True, rule=bearish_exit, target_allocation=0.00%."
2024-10-03,2024-10-04,167.09510397311843,166.10084533691406,BEARISH_SIGNAL,0.40995905670699223,0.33422443531826374,True,0.0,HOLD,10000.0,0,0.0,10000.0,"Conservative trader saw BEARISH_SIGNAL with bullish_probability=0.33, confidence=0.41, probability_margin=0.08, trend_filter_passed=True, rule=bearish_exit, target_allocation=0.00%."
2024-10-04,2024-10-07,166.75705707061962,162.0442657470703,BEARISH_SIGNAL,0.40249634585273397,0.3251278172287214,True,0.0,HOLD,10000.0,0,0.0,10000.0,"Conservative trader saw BEARISH_SIGNAL with bullish_probability=0.33, confidence=0.40, probability_margin=0.08, trend_filter_passed=True, rule=bearish_exit, target_allocation=0.00%."
2024-10-07,2024-10-08,162.99875730912473,163.4362335205078,BEARISH_SIGNAL,0.45751502238419156,0.36973506631658637,True,0.0,HOLD,10000.0,0,0.0,10000.0,"Conservative trader saw BEARISH_SIGNAL with bullish_probability=0.37, confidence=0.46, probability_margin=0.09, trend_filter_passed=True, rule=bearish_exit, target_allocation=0.00%."
2024-10-08,2024-10-09,162.5115774919813,160.9307098388672,BEARISH_SIGNAL,0.42640799506889904,0.388803733328567,True,0.0,HOLD,10000.0,0,0.0,10000.0,"Conservative trader saw BEARISH_SIGNAL with bullish_probability=0.39, confidence=0.43, probability_margin=0.04, trend_filter_passed=True, rule=bearish_exit, target_allocation=0.00%."
2024-10-09,2024-10-10,159.94638493252756,161.14944458007812,BEARISH_SIGNAL,0.4361568439643086,0.398210699847671,True,0.0,HOLD,10000.0,0,0.0,10000.0,"Conservative trader saw BEARISH_SIGNAL with bullish_probability=0.40, confidence=0.44, probability_margin=0.04, trend_filter_passed=True, rule=bearish_exit, target_allocation=0.00%."
2024-10-10,2024-10-11,161.19915249290503,162.3027801513672,BEARISH_SIGNAL,0.474028542189149,0.38233716065408474,True,0.0,HOLD,10000.0,0,0.0,10000.0,"Conservative trader saw BEARISH_SIGNAL with bullish_probability=0.38, confidence=0.47, probability_margin=0.09, trend_filter_passed=True, rule=bearish_exit, target_allocation=0.00%."
2024-10-11,2024-10-14,162.70048027253844,164.01290893554688,BEARISH_SIGNAL,0.4727249438214264,0.36689499966940153,True,0.0,HOLD,10000.0,0,0.0,10000.0,"Conservative trader saw BEARISH_SIGNAL with bullish_probability=0.37, confidence=0.47, probability_margin=0.11, trend_filter_passed=True, rule=bearish_exit, target_allocation=0.00%."
2024-10-14,2024-10-15,164.83814757105517,164.5100555419922,BULLISH_SIGNAL,0.4539459909358079,0.4539459909358079,True,0.0,HOLD,10000.0,0,0.0,10000.0,"Conservative trader saw BULLISH_SIGNAL with bullish_probability=0.45, confidence=0.45, probability_margin=0.10, trend_filter_passed=True, rule=neutral_hold, target_allocation=0.00%."
2024-10-15,2024-10-16,163.58537367338423,164.21176147460938,BULLISH_SIGNAL,0.3944854526863723,0.3944854526863723,True,0.0,HOLD,10000.0,0,0.0,10000.0,"Conservative trader saw BULLISH_SIGNAL with bullish_probability=0.39, confidence=0.39, probability_margin=0.00, trend_filter_passed=True, rule=neutral_hold, target_allocation=0.00%."
2024-10-16,2024-10-17,164.77847983302945,161.9945526123047,BULLISH_SIGNAL,0.3747368184595052,0.3747368184595052,True,0.0,HOLD,10000.0,0,0.0,10000.0,"Conservative trader saw BULLISH_SIGNAL with bullish_probability=0.37, confidence=0.37, probability_margin=0.03, trend_filter_passed=True, rule=neutral_hold, target_allocation=0.00%."
2024-10-17,2024-10-18,162.25307524146882,162.48175048828125,BEARISH_SIGNAL,0.4187926721342974,0.3593101694254542,True,0.0,HOLD,10000.0,0,0.0,10000.0,"Conservative trader saw BEARISH_SIGNAL with bullish_probability=0.36, confidence=0.42, probability_margin=0.06, trend_filter_passed=True, rule=bearish_exit, target_allocation=0.00%."
2024-10-18,2024-10-21,162.01444125458505,163.12802124023438,BEARISH_SIGNAL,0.4801659834065602,0.3196244576036292,True,0.0,HOLD,10000.0,0,0.0,10000.0,"Conservative trader saw BEARISH_SIGNAL with bullish_probability=0.32, confidence=0.48, probability_margin=0.16, trend_filter_passed=True, rule=bearish_exit, target_allocation=0.00%."
2024-10-21,2024-10-22,162.0442768634266,164.19187927246094,BULLISH_SIGNAL,0.47417393124668955,0.47417393124668955,True,0.0,HOLD,10000.0,0,0.0,10000.0,"Conservative trader saw BULLISH_SIGNAL with bullish_probability=0.47, confidence=0.47, probability_margin=0.09, trend_filter_passed=True, rule=neutral_hold, target_allocation=0.00%."
2024-10-22,2024-10-23,163.81404098216163,161.8454132080078,BULLISH_SIGNAL,0.5099470342802563,0.5099470342802563,True,0.0,HOLD,10000.0,0,0.0,10000.0,"Conservative trader saw BULLISH_SIGNAL with bullish_probability=0.51, confidence=0.51, probability_margin=0.18, trend_filter_passed=True, rule=neutral_hold, target_allocation=0.00%."
2024-10-23,2024-10-24,161.89513565846306,161.7857666015625,BEARISH_SIGNAL,0.5196740188222023,0.32825122647628147,True,0.0,HOLD,10000.0,0,0.0,10000.0,"Conservative trader saw BEARISH_SIGNAL with bullish_probability=0.33, confidence=0.52, probability_margin=0.19, trend_filter_passed=True, rule=bearish_exit, target_allocation=0.00%."
2024-10-24,2024-10-25,162.7303165163636,164.32113647460938,BEARISH_SIGNAL,0.467533368596805,0.38823870533735894,True,0.0,HOLD,10000.0,0,0.0,10000.0,"Conservative trader saw BEARISH_SIGNAL with bullish_probability=0.39, confidence=0.47, probability_margin=0.08, trend_filter_passed=True, rule=bearish_exit, target_allocation=0.00%."
2024-10-25,2024-10-28,167.78114595500233,165.76280212402344,BULLISH_SIGNAL,0.44704373751272014,0.44704373751272014,True,0.0,HOLD,10000.0,0,0.0,10000.0,"Conservative trader saw BULLISH_SIGNAL with bullish_probability=0.45, confidence=0.45, probability_margin=0.09, trend_filter_passed=True, rule=neutral_hold, target_allocation=0.00%."
2024-10-28,2024-10-29,166.76699401414237,168.70579528808594,BULLISH_SIGNAL,0.42233387209816253,0.42233387209816253,True,0.0,HOLD,10000.0,0,0.0,10000.0,"Conservative trader saw BULLISH_SIGNAL with bullish_probability=0.42, confidence=0.42, probability_margin=0.06, trend_filter_passed=True, rule=neutral_hold, target_allocation=0.00%."
2024-10-29,2024-10-30,179.64261737988735,173.45834350585938,NEUTRAL_SIGNAL,0.3928317493662661,0.32017057886428496,True,0.0,HOLD,10000.0,0,0.0,10000.0,"Conservative trader saw NEUTRAL_SIGNAL with bullish_probability=0.32, confidence=0.39, probability_margin=0.07, trend_filter_passed=True, rule=neutral_hold, target_allocation=0.00%."
2024-10-30,2024-10-31,172.1360161042455,170.1276092529297,NEUTRAL_SIGNAL,0.36123340116554475,0.32876791572510333,True,0.0,HOLD,10000.0,0,0.0,10000.0,"Conservative trader saw NEUTRAL_SIGNAL with bullish_probability=0.33, confidence=0.36, probability_margin=0.03, trend_filter_passed=True, rule=neutral_hold, target_allocation=0.00%."
2024-10-31,2024-11-01,169.09355238654865,170.30653381347656,NEUTRAL_SIGNAL,0.37048073648380075,0.33549609847088524,True,0.0,HOLD,10000.0,0,0.0,10000.0,"Conservative trader saw NEUTRAL_SIGNAL with bullish_probability=0.34, confidence=0.37, probability_margin=0.03, trend_filter_passed=True, rule=neutral_hold, target_allocation=0.00%."
2024-11-01,2024-11-04,168.95436679599575,168.26834106445312,NEUTRAL_SIGNAL,0.4499602854666296,0.28000069566397545,True,0.0,HOLD,10000.0,0,0.0,10000.0,"Conservative trader saw NEUTRAL_SIGNAL with bullish_probability=0.28, confidence=0.45, probability_margin=0.17, trend_filter_passed=True, rule=neutral_hold, target_allocation=0.00%."
2024-11-04,2024-11-05,168.45722424913848,168.7654571533203,BULLISH_SIGNAL,0.4323836642866426,0.4323836642866426,True,0.0,HOLD,10000.0,0,0.0,10000.0,"Conservative trader saw BULLISH_SIGNAL with bullish_probability=0.43, confidence=0.43, probability_margin=0.10, trend_filter_passed=True, rule=neutral_hold, target_allocation=0.00%."
2024-11-05,2024-11-06,172.80214969030013,175.49658203125,NEUTRAL_SIGNAL,0.4173566390276321,0.31723273051909434,True,0.0,HOLD,10000.0,0,0.0,10000.0,"Conservative trader saw NEUTRAL_SIGNAL with bullish_probability=0.32, confidence=0.42, probability_margin=0.10, trend_filter_passed=True, rule=neutral_hold, target_allocation=0.00%."
2024-11-06,2024-11-07,176.39142952870222,179.71224975585938,BEARISH_SIGNAL,0.4108047085500094,0.26149276816936584,True,0.0,HOLD,10000.0,0,0.0,10000.0,"Conservative trader saw BEARISH_SIGNAL with bullish_probability=0.26, confidence=0.41, probability_margin=0.08, trend_filter_passed=True, rule=bearish_exit, target_allocation=0.00%."
2024-11-07,2024-11-08,179.612801825818,177.32601928710938,BEARISH_SIGNAL,0.5287312847079207,0.12358978902914876,True,0.0,HOLD,10000.0,0,0.0,10000.0,"Conservative trader saw BEARISH_SIGNAL with bullish_probability=0.12, confidence=0.53, probability_margin=0.18, trend_filter_passed=True, rule=bearish_exit, target_allocation=0.00%."
2024-11-08,2024-11-11,177.55470270682915,179.31454467773438,BEARISH_SIGNAL,0.4105505881438197,0.2087148251141531,True,0.0,HOLD,10000.0,0,0.0,10000.0,"Conservative trader saw BEARISH_SIGNAL with bullish_probability=0.21, confidence=0.41, probability_margin=0.03, trend_filter_passed=True, rule=bearish_exit, target_allocation=0.00%."
2024-11-11,2024-11-12,178.78761688299022,180.5772705078125,NEUTRAL_SIGNAL,0.5077964898445272,0.18210879770544192,True,0.0,HOLD,10000.0,0,0.0,10000.0,"Conservative trader saw NEUTRAL_SIGNAL with bullish_probability=0.18, confidence=0.51, probability_margin=0.20, trend_filter_passed=True, rule=neutral_hold, target_allocation=0.00%."
2024-11-12,2024-11-13,179.42392735486908,177.85299682617188,NEUTRAL_SIGNAL,0.44588942451367475,0.1713538448409424,True,0.0,HOLD,10000.0,0,0.0,10000.0,"Conservative trader saw NEUTRAL_SIGNAL with bullish_probability=0.17, confidence=0.45, probability_margin=0.06, trend_filter_passed=True, rule=neutral_hold, target_allocation=0.00%."
2024-11-13,2024-11-14,177.25644065886235,174.5719451904297,NEUTRAL_SIGNAL,0.42898841571656343,0.285848351569022,True,0.0,HOLD,10000.0,0,0.0,10000.0,"Conservative trader saw NEUTRAL_SIGNAL with bullish_probability=0.29, confidence=0.43, probability_margin=0.14, trend_filter_passed=True, rule=neutral_hold, target_allocation=0.00%."
2024-11-14,2024-11-15,172.73255057874763,171.4996795654297,BULLISH_SIGNAL,0.45649555644413187,0.45649555644413187,True,0.0,HOLD,10000.0,0,0.0,10000.0,"Conservative trader saw BULLISH_SIGNAL with bullish_probability=0.46, confidence=0.46, probability_margin=0.16, trend_filter_passed=True, rule=neutral_hold, target_allocation=0.00%."
2024-11-15,2024-11-18,172.4243223269658,174.2935333251953,BULLISH_SIGNAL,0.4192661634847411,0.4192661634847411,True,0.0,HOLD,10000.0,0,0.0,10000.0,"Conservative trader saw BULLISH_SIGNAL with bullish_probability=0.42, confidence=0.42, probability_margin=0.06, trend_filter_passed=True, rule=neutral_hold, target_allocation=0.00%."
2024-11-18,2024-11-19,172.72260407260165,177.0973358154297,BULLISH_SIGNAL,0.5086715117633394,0.5086715117633394,True,0.0,HOLD,10000.0,0,0.0,10000.0,"Conservative trader saw BULLISH_SIGNAL with bullish_probability=0.51, confidence=0.51, probability_margin=0.23, trend_filter_passed=True, rule=neutral_hold, target_allocation=0.00%."
2024-11-19,2024-11-20,176.32181201959514,174.96961975097656,BULLISH_SIGNAL,0.4065827811136521,0.4065827811136521,True,0.0,HOLD,10000.0,0,0.0,10000.0,"Conservative trader saw BULLISH_SIGNAL with bullish_probability=0.41, confidence=0.41, probability_margin=0.09, trend_filter_passed=True, rule=neutral_hold, target_allocation=0.00%."
2024-11-20,2024-11-21,172.90154661772263,166.6675567626953,BULLISH_SIGNAL,0.35624683539979124,0.35624683539979124,True,0.0,HOLD,10000.0,0,0.0,10000.0,"Conservative trader saw BULLISH_SIGNAL with bullish_probability=0.36, confidence=0.36, probability_margin=0.02, trend_filter_passed=True, rule=neutral_hold, target_allocation=0.00%."
2024-11-21,2024-11-22,164.8978098993039,163.81405639648438,BULLISH_SIGNAL,0.49253422744201636,0.49253422744201636,True,0.0,HOLD,10000.0,0,0.0,10000.0,"Conservative trader saw BULLISH_SIGNAL with bullish_probability=0.49, confidence=0.49, probability_margin=0.14, trend_filter_passed=True, rule=neutral_hold, target_allocation=0.00%."
2024-11-22,2024-11-25,165.13641317917185,166.6874542236328,BULLISH_SIGNAL,0.4172864827991156,0.4172864827991156,False,0.0,HOLD,10000.0,0,0.0,10000.0,"Conservative trader saw BULLISH_SIGNAL with bullish_probability=0.42, confidence=0.42, probability_margin=0.02, trend_filter_passed=False, rule=neutral_hold, target_allocation=0.00%."
2024-11-25,2024-11-26,166.66758166120195,168.14901733398438,BEARISH_SIGNAL,0.5137975806890751,0.34259879409663396,False,0.0,HOLD,10000.0,0,0.0,10000.0,"Conservative trader saw BEARISH_SIGNAL with bullish_probability=0.34, confidence=0.51, probability_margin=0.17, trend_filter_passed=False, rule=bearish_exit, target_allocation=0.00%."
2024-11-26,2024-11-27,168.0297170852908,168.25839233398438,BEARISH_SIGNAL,0.4942961667639696,0.33728362915687293,True,0.0,HOLD,10000.0,0,0.0,10000.0,"Conservative trader saw BEARISH_SIGNAL with bullish_probability=0.34, confidence=0.49, probability_margin=0.16, trend_filter_passed=True, rule=bearish_exit, target_allocation=0.00%."
2024-11-27,2024-11-29,167.53258236969043,167.97999572753906,BEARISH_SIGNAL,0.49861234311747815,0.3202836805067899,True,0.0,HOLD,10000.0,0,0.0,10000.0,"Conservative trader saw BEARISH_SIGNAL with bullish_probability=0.32, confidence=0.50, probability_margin=0.18, trend_filter_passed=True, rule=bearish_exit, target_allocation=0.00%."
2024-11-29,2024-12-02,167.8010472162495,170.50543212890625,BEARISH_SIGNAL,0.42682631754378975,0.36848875414476107,True,0.0,HOLD,10000.0,0,0.0,10000.0,"Conservative trader saw BEARISH_SIGNAL with bullish_probability=0.37, confidence=0.43, probability_margin=0.06, trend_filter_passed=True, rule=bearish_exit, target_allocation=0.00%."
2024-12-02,2024-12-03,170.50541009739786,170.35626220703125,BULLISH_SIGNAL,0.4646537844286851,0.4646537844286851,True,0.0,HOLD,10000.0,0,0.0,10000.0,"Conservative trader saw BULLISH_SIGNAL with bullish_probability=0.46, confidence=0.46, probability_margin=0.18, trend_filter_passed=True, rule=neutral_hold, target_allocation=0.00%."
2024-12-03,2024-12-04,170.1673520843779,173.36886596679688,BEARISH_SIGNAL,0.41951235900395667,0.3042308947129014,True,0.0,HOLD,10000.0,0,0.0,10000.0,"Conservative trader saw BEARISH_SIGNAL with bullish_probability=0.30, confidence=0.42, probability_margin=0.12, trend_filter_passed=True, rule=bearish_exit, target_allocation=0.00%."
2024-12-04,2024-12-05,174.35321930893994,171.64883422851562,BEARISH_SIGNAL,0.38443004203811315,0.3843758512512841,True,0.0,HOLD,10000.0,0,0.0,10000.0,"Conservative trader saw BEARISH_SIGNAL with bullish_probability=0.38, confidence=0.38, probability_margin=0.00, trend_filter_passed=True, rule=bearish_exit, target_allocation=0.00%."
2024-12-05,2024-12-06,171.04233358531255,173.7069549560547,BULLISH_SIGNAL,0.5025642193353549,0.5025642193353549,True,0.0,HOLD,10000.0,0,0.0,10000.0,"Conservative trader saw BULLISH_SIGNAL with bullish_probability=0.50, confidence=0.50, probability_margin=0.24, trend_filter_passed=True, rule=neutral_hold, target_allocation=0.00%."
2024-12-06,2024-12-09,173.15945800345577,174.56295776367188,BULLISH_SIGNAL,0.45430676872375264,0.45430676872375264,True,0.0,HOLD,10000.0,0,0.0,10000.0,"Conservative trader saw BULLISH_SIGNAL with bullish_probability=0.45, confidence=0.45, probability_margin=0.14, trend_filter_passed=True, rule=neutral_hold, target_allocation=0.00%."
2024-12-09,2024-12-10,182.00855531536865,184.31787109375,BEARISH_SIGNAL,0.3954706983035276,0.3887403221941127,True,0.0,HOLD,10000.0,0,0.0,10000.0,"Conservative trader saw BEARISH_SIGNAL with bullish_probability=0.39, confidence=0.40, probability_margin=0.01, trend_filter_passed=True, rule=bearish_exit, target_allocation=0.00%."
2024-12-10,2024-12-11,184.45722971599074,194.50079345703125,BEARISH_SIGNAL,0.37352136925331764,0.3110275800310287,True,0.0,HOLD,10000.0,0,0.0,10000.0,"Conservative trader saw BEARISH_SIGNAL with bullish_probability=0.31, confidence=0.37, probability_margin=0.06, trend_filter_passed=True, rule=bearish_exit, target_allocation=0.00%."
2024-12-11,2024-12-12,194.10263323797517,191.07662963867188,BEARISH_SIGNAL,0.4594659282417817,0.2709077196605051,True,0.0,HOLD,10000.0,0,0.0,10000.0,"Conservative trader saw BEARISH_SIGNAL with bullish_probability=0.27, confidence=0.46, probability_margin=0.19, trend_filter_passed=True, rule=bearish_exit, target_allocation=0.00%."
2024-12-12,2024-12-13,190.13098313311997,188.94647216796875,NEUTRAL_SIGNAL,0.37292381254085594,0.3312326038409421,True,0.0,HOLD,10000.0,0,0.0,10000.0,"Conservative trader saw NEUTRAL_SIGNAL with bullish_probability=0.33, confidence=0.37, probability_margin=0.04, trend_filter_passed=True, rule=neutral_hold, target_allocation=0.00%."
2024-12-13,2024-12-16,191.98242240358925,195.75498962402344,NEUTRAL_SIGNAL,0.4765657222796374,0.2868252206785318,True,0.0,HOLD,10000.0,0,0.0,10000.0,"Conservative trader saw NEUTRAL_SIGNAL with bullish_probability=0.29, confidence=0.48, probability_margin=0.19, trend_filter_passed=True, rule=neutral_hold, target_allocation=0.00%."
2024-12-16,2024-12-17,196.3422712265007,194.52069091796875,NEUTRAL_SIGNAL,0.44090518957640795,0.19283061196086654,True,0.0,HOLD,10000.0,0,0.0,10000.0,"Conservative trader saw NEUTRAL_SIGNAL with bullish_probability=0.19, confidence=0.44, probability_margin=0.07, trend_filter_passed=True, rule=neutral_hold, target_allocation=0.00%."
2024-12-17,2024-12-18,194.32161160052223,187.53298950195312,NEUTRAL_SIGNAL,0.518060037429272,0.22619860041248652,True,0.0,HOLD,10000.0,0,0.0,10000.0,"Conservative trader saw NEUTRAL_SIGNAL with bullish_probability=0.23, confidence=0.52, probability_margin=0.26, trend_filter_passed=True, rule=neutral_hold, target_allocation=0.00%."
2024-12-18,2024-12-19,190.748138909751,187.64248657226562,BULLISH_SIGNAL,0.4456261572493357,0.4456261572493357,True,0.0,HOLD,10000.0,0,0.0,10000.0,"Conservative trader saw BULLISH_SIGNAL with bullish_probability=0.45, confidence=0.45, probability_margin=0.16, trend_filter_passed=True, rule=neutral_hold, target_allocation=0.00%."
2024-12-19,2024-12-20,184.925048408463,190.52914428710938,BULLISH_SIGNAL,0.5036672904138572,0.5036672904138572,True,0.0,HOLD,10000.0,0,0.0,10000.0,"Conservative trader saw BULLISH_SIGNAL with bullish_probability=0.50, confidence=0.50, probability_margin=0.20, trend_filter_passed=True, rule=neutral_hold, target_allocation=0.00%."
2024-12-20,2024-12-23,191.73358450411797,193.73434448242188,BULLISH_SIGNAL,0.43300723021493137,0.43300723021493137,True,0.0,HOLD,10000.0,0,0.0,10000.0,"Conservative trader saw BULLISH_SIGNAL with bullish_probability=0.43, confidence=0.43, probability_margin=0.10, trend_filter_passed=True, rule=neutral_hold, target_allocation=0.00%."
2024-12-23,2024-12-24,193.94335970742864,195.20751953125,NEUTRAL_SIGNAL,0.4251430305384294,0.2832856975722072,True,0.0,HOLD,10000.0,0,0.0,10000.0,"Conservative trader saw NEUTRAL_SIGNAL with bullish_probability=0.28, confidence=0.43, probability_margin=0.13, trend_filter_passed=True, rule=neutral_hold, target_allocation=0.00%."
2024-12-24,2024-12-26,194.25194880473947,194.69989013671875,NEUTRAL_SIGNAL,0.5023587545446417,0.24024769172334526,True,0.0,HOLD,10000.0,0,0.0,10000.0,"Conservative trader saw NEUTRAL_SIGNAL with bullish_probability=0.24, confidence=0.50, probability_margin=0.24, trend_filter_passed=True, rule=neutral_hold, target_allocation=0.00%."
2024-12-26,2024-12-27,194.05286442098586,191.87294006347656,NEUTRAL_SIGNAL,0.5140875128865168,0.17758888251633065,True,0.0,HOLD,10000.0,0,0.0,10000.0,"Conservative trader saw NEUTRAL_SIGNAL with bullish_probability=0.18, confidence=0.51, probability_margin=0.21, trend_filter_passed=True, rule=neutral_hold, target_allocation=0.00%."
2024-12-27,2024-12-30,188.9265638700057,190.3599395751953,BULLISH_SIGNAL,0.4382738303420057,0.4382738303420057,True,0.0,HOLD,10000.0,0,0.0,10000.0,"Conservative trader saw BULLISH_SIGNAL with bullish_probability=0.44, confidence=0.44, probability_margin=0.13, trend_filter_passed=True, rule=neutral_hold, target_allocation=0.00%."
2024-12-30,2024-12-31,190.20068633205602,188.4288787841797,BULLISH_SIGNAL,0.4657128809387924,0.4657128809387924,True,0.0,HOLD,10000.0,0,0.0,10000.0,"Conservative trader saw BULLISH_SIGNAL with bullish_probability=0.47, confidence=0.47, probability_margin=0.14, trend_filter_passed=True, rule=neutral_hold, target_allocation=0.00%."
2024-12-31,2025-01-02,189.7726449747486,188.55825805664062,BULLISH_SIGNAL,0.4775076113955522,0.4775076113955522,True,0.0,HOLD,10000.0,0,0.0,10000.0,"Conservative trader saw BULLISH_SIGNAL with bullish_probability=0.48, confidence=0.48, probability_margin=0.19, trend_filter_passed=True, rule=neutral_hold, target_allocation=0.00%."
2025-01-02,2025-01-03,190.489329030918,190.9073944091797,BULLISH_SIGNAL,0.5012923330253336,0.5012923330253336,True,0.0,HOLD,10000.0,0,0.0,10000.0,"Conservative trader saw BULLISH_SIGNAL with bullish_probability=0.50, confidence=0.50, probability_margin=0.22, trend_filter_passed=True, rule=neutral_hold, target_allocation=0.00%."
2025-01-03,2025-01-06,193.0873048290289,195.96400451660156,BULLISH_SIGNAL,0.46521186513812096,0.46521186513812096,True,0.0,HOLD,10000.0,0,0.0,10000.0,"Conservative trader saw BULLISH_SIGNAL with bullish_probability=0.47, confidence=0.47, probability_margin=0.18, trend_filter_passed=True, rule=neutral_hold, target_allocation=0.00%."
2025-01-06,2025-01-07,196.2029178508013,194.5903778076172,BEARISH_SIGNAL,0.379621912503421,0.2455092538779393,True,0.0,HOLD,10000.0,0,0.0,10000.0,"Conservative trader saw BEARISH_SIGNAL with bullish_probability=0.25, confidence=0.38, probability_margin=0.00, trend_filter_passed=True, rule=bearish_exit, target_allocation=0.00%."
2025-01-07,2025-01-08,191.683825506133,193.05746459960938,BULLISH_SIGNAL,0.38405889062181436,0.38405889062181436,True,0.0,HOLD,10000.0,0,0.0,10000.0,"Conservative trader saw BULLISH_SIGNAL with bullish_probability=0.38, confidence=0.38, probability_margin=0.06, trend_filter_passed=True, rule=neutral_hold, target_allocation=0.00%."
2025-01-08,2025-01-10,193.40585949210492,191.15625,BULLISH_SIGNAL,0.3955519128631142,0.3955519128631142,True,0.0,HOLD,10000.0,0,0.0,10000.0,"Conservative trader saw BULLISH_SIGNAL with bullish_probability=0.40, confidence=0.40, probability_margin=0.05, trend_filter_passed=True, rule=neutral_hold, target_allocation=0.00%."
2025-01-10,2025-01-13,189.19532001022134,190.1309814453125,BULLISH_SIGNAL,0.5171127461226803,0.5171127461226803,True,0.0,HOLD,10000.0,0,0.0,10000.0,"Conservative trader saw BULLISH_SIGNAL with bullish_probability=0.52, confidence=0.52, probability_margin=0.24, trend_filter_passed=True, rule=neutral_hold, target_allocation=0.00%."
2025-01-13,2025-01-14,190.3599316953501,188.78720092773438,BULLISH_SIGNAL,0.46963435406316506,0.46963435406316506,True,0.0,HOLD,10000.0,0,0.0,10000.0,"Conservative trader saw BULLISH_SIGNAL with bullish_probability=0.47, confidence=0.47, probability_margin=0.19, trend_filter_passed=True, rule=neutral_hold, target_allocation=0.00%."
2025-01-14,2025-01-15,192.20141470890871,194.6501007080078,BULLISH_SIGNAL,0.4233083649913362,0.4233083649913362,True,0.0,HOLD,10000.0,0,0.0,10000.0,"Conservative trader saw BULLISH_SIGNAL with bullish_probability=0.42, confidence=0.42, probability_margin=0.09, trend_filter_passed=True, rule=neutral_hold, target_allocation=0.00%."
2025-01-15,2025-01-16,193.2465827004133,192.02224731445312,BEARISH_SIGNAL,0.3872984953088179,0.3317470233565503,True,0.0,HOLD,10000.0,0,0.0,10000.0,"Conservative trader saw BEARISH_SIGNAL with bullish_probability=0.33, confidence=0.39, probability_margin=0.06, trend_filter_passed=True, rule=bearish_exit, target_allocation=0.00%."
2025-01-16,2025-01-17,195.6255822249555,195.0980224609375,BULLISH_SIGNAL,0.4602179786196102,0.4602179786196102,True,0.0,HOLD,10000.0,0,0.0,10000.0,"Conservative trader saw BULLISH_SIGNAL with bullish_probability=0.46, confidence=0.46, probability_margin=0.18, trend_filter_passed=True, rule=neutral_hold, target_allocation=0.00%."
2025-01-17,2025-01-21,198.15390588987137,197.1385955810547,BEARISH_SIGNAL,0.4046717810242074,0.3314928538189184,True,0.0,HOLD,10000.0,0,0.0,10000.0,"Conservative trader saw BEARISH_SIGNAL with bullish_probability=0.33, confidence=0.40, probability_margin=0.07, trend_filter_passed=True, rule=bearish_exit, target_allocation=0.00%."
2025-01-21,2025-01-22,198.14393463288008,197.4571075439453,BEARISH_SIGNAL,0.36000019675385614,0.30199987218131613,True,0.0,HOLD,10000.0,0,0.0,10000.0,"Conservative trader saw BEARISH_SIGNAL with bullish_probability=0.30, confidence=0.36, probability_margin=0.02, trend_filter_passed=True, rule=bearish_exit, target_allocation=0.00%."
2025-01-22,2025-01-23,197.22817603032425,197.06890869140625,NEUTRAL_SIGNAL,0.399788140867206,0.2801190499915343,True,0.0,HOLD,10000.0,0,0.0,10000.0,"Conservative trader saw NEUTRAL_SIGNAL with bullish_probability=0.28, confidence=0.40, probability_margin=0.08, trend_filter_passed=True, rule=neutral_hold, target_allocation=0.00%."
2025-01-23,2025-01-24,197.18837511510904,199.28866577148438,BEARISH_SIGNAL,0.35140468386201823,0.3242720432886661,True,0.0,HOLD,10000.0,0,0.0,10000.0,"Conservative trader saw BEARISH_SIGNAL with bullish_probability=0.32, confidence=0.35, probability_margin=0.03, trend_filter_passed=True, rule=bearish_exit, target_allocation=0.00%."
2025-01-24,2025-01-27,191.5245367578076,190.9272918701172,NEUTRAL_SIGNAL,0.38959306751127887,0.25067449785063595,True,0.0,HOLD,10000.0,0,0.0,10000.0,"Conservative trader saw NEUTRAL_SIGNAL with bullish_probability=0.25, confidence=0.39, probability_margin=0.03, trend_filter_passed=True, rule=neutral_hold, target_allocation=0.00%."
2025-01-27,2025-01-28,191.86297701391987,194.4012451171875,BULLISH_SIGNAL,0.4508611256323903,0.4508611256323903,True,0.0,HOLD,10000.0,0,0.0,10000.0,"Conservative trader saw BULLISH_SIGNAL with bullish_probability=0.45, confidence=0.45, probability_margin=0.13, trend_filter_passed=True, rule=neutral_hold, target_allocation=0.00%."
2025-01-28,2025-01-29,194.66007636486756,194.51077270507812,BULLISH_SIGNAL,0.5448049194470777,0.5448049194470777,True,0.0,HOLD,10000.0,0,0.0,10000.0,"Conservative trader saw BULLISH_SIGNAL with bullish_probability=0.54, confidence=0.54, probability_margin=0.27, trend_filter_passed=True, rule=neutral_hold, target_allocation=0.00%."
2025-01-29,2025-01-30,197.08881485992026,199.9456024169922,BULLISH_SIGNAL,0.46532897826066955,0.46532897826066955,True,0.0,HOLD,10000.0,0,0.0,10000.0,"Conservative trader saw BULLISH_SIGNAL with bullish_probability=0.47, confidence=0.47, probability_margin=0.15, trend_filter_passed=True, rule=neutral_hold, target_allocation=0.00%."
2025-01-30,2025-01-31,201.07040739589794,203.08111572265625,BEARISH_SIGNAL,0.37784161687174095,0.29481464615101477,True,0.0,HOLD,10000.0,0,0.0,10000.0,"Conservative trader saw BEARISH_SIGNAL with bullish_probability=0.29, confidence=0.38, probability_margin=0.05, trend_filter_passed=True, rule=bearish_exit, target_allocation=0.00%."
2025-01-31,2025-02-03,199.76644678798675,200.303955078125,NEUTRAL_SIGNAL,0.37827163186598817,0.3086581259988706,True,0.0,HOLD,10000.0,0,0.0,10000.0,"Conservative trader saw NEUTRAL_SIGNAL with bullish_probability=0.31, confidence=0.38, probability_margin=0.07, trend_filter_passed=True, rule=neutral_hold, target_allocation=0.00%."
2025-02-03,2025-02-04,202.4540365472158,205.43028259277344,NEUTRAL_SIGNAL,0.34860580627410465,0.30352460160274414,True,0.0,HOLD,10000.0,0,0.0,10000.0,"Conservative trader saw NEUTRAL_SIGNAL with bullish_probability=0.30, confidence=0.35, probability_margin=0.00, trend_filter_passed=True, rule=neutral_hold, target_allocation=0.00%."
2025-02-04,2025-02-05,190.19074112078758,190.4495391845703,BEARISH_SIGNAL,0.38624846974472216,0.240877574952907,True,0.0,HOLD,10000.0,0,0.0,10000.0,"Conservative trader saw BEARISH_SIGNAL with bullish_probability=0.24, confidence=0.39, probability_margin=0.01, trend_filter_passed=True, rule=bearish_exit, target_allocation=0.00%."
2025-02-05,2025-02-06,188.62793494754752,190.71827697753906,BULLISH_SIGNAL,0.4361568749705176,0.4361568749705176,True,0.0,HOLD,10000.0,0,0.0,10000.0,"Conservative trader saw BULLISH_SIGNAL with bullish_probability=0.44, confidence=0.44, probability_margin=0.12, trend_filter_passed=True, rule=neutral_hold, target_allocation=0.00%."
2025-02-06,2025-02-07,190.17080550398342,184.48707580566406,BEARISH_SIGNAL,0.40055888219418506,0.4001551659332029,True,0.0,HOLD,10000.0,0,0.0,10000.0,"Conservative trader saw BEARISH_SIGNAL with bullish_probability=0.40, confidence=0.40, probability_margin=0.00, trend_filter_passed=True, rule=bearish_exit, target_allocation=0.00%."
2025-02-07,2025-02-10,186.48783259444508,185.61187744140625,BULLISH_SIGNAL,0.4778928864356942,0.4778928864356942,False,0.0,HOLD,10000.0,0,0.0,10000.0,"Conservative trader saw BULLISH_SIGNAL with bullish_probability=0.48, confidence=0.48, probability_margin=0.11, trend_filter_passed=False, rule=neutral_hold, target_allocation=0.00%."
2025-02-10,2025-02-11,184.17850439769825,184.46717834472656,BEARISH_SIGNAL,0.43401625631782226,0.39936810082709356,False,0.0,HOLD,10000.0,0,0.0,10000.0,"Conservative trader saw BEARISH_SIGNAL with bullish_probability=0.40, confidence=0.43, probability_margin=0.03, trend_filter_passed=False, rule=bearish_exit, target_allocation=0.00%."
2025-02-11,2025-02-12,182.37684051579572,182.76504516601562,BEARISH_SIGNAL,0.47704357128069774,0.34487140108662656,False,0.0,HOLD,10000.0,0,0.0,10000.0,"Conservative trader saw BEARISH_SIGNAL with bullish_probability=0.34, confidence=0.48, probability_margin=0.13, trend_filter_passed=False, rule=bearish_exit, target_allocation=0.00%."
2025-02-12,2025-02-13,183.47178484763324,185.2834014892578,BEARISH_SIGNAL,0.5091586242083682,0.3379669389591573,False,0.0,HOLD,10000.0,0,0.0,10000.0,"Conservative trader saw BEARISH_SIGNAL with bullish_probability=0.34, confidence=0.51, probability_margin=0.17, trend_filter_passed=False, rule=bearish_exit, target_allocation=0.00%."
2025-02-13,2025-02-14,184.208362887473,184.37757873535156,BULLISH_SIGNAL,0.45991376652902527,0.45991376652902527,False,0.0,HOLD,10000.0,0,0.0,10000.0,"Conservative trader saw BULLISH_SIGNAL with bullish_probability=0.46, confidence=0.46, probability_margin=0.04, trend_filter_passed=False, rule=neutral_hold, target_allocation=0.00%."
2025-02-14,2025-02-18,184.74589678490392,182.92431640625,BEARISH_SIGNAL,0.5223515574839511,0.33447796044406186,False,0.0,HOLD,10000.0,0,0.0,10000.0,"Conservative trader saw BEARISH_SIGNAL with bullish_probability=0.33, confidence=0.52, probability_margin=0.19, trend_filter_passed=False, rule=bearish_exit, target_allocation=0.00%."
2025-02-18,2025-02-19,183.22292953180167,184.4174041748047,BULLISH_SIGNAL,0.4256417609406576,0.4256417609406576,False,0.0,HOLD,10000.0,0,0.0,10000.0,"Conservative trader saw BULLISH_SIGNAL with bullish_probability=0.43, confidence=0.43, probability_margin=0.00, trend_filter_passed=False, rule=neutral_hold, target_allocation=0.00%."
2025-02-19,2025-02-20,183.9495791218272,183.71067810058594,BEARISH_SIGNAL,0.45713321903510384,0.4024240621979493,False,0.0,HOLD,10000.0,0,0.0,10000.0,"Conservative trader saw BEARISH_SIGNAL with bullish_probability=0.40, confidence=0.46, probability_margin=0.05, trend_filter_passed=False, rule=bearish_exit, target_allocation=0.00%."
2025-02-20,2025-02-21,184.29794713548316,178.83322143554688,BULLISH_SIGNAL,0.4777166002902436,0.4777166002902436,False,0.0,HOLD,10000.0,0,0.0,10000.0,"Conservative trader saw BULLISH_SIGNAL with bullish_probability=0.48, confidence=0.48, probability_margin=0.15, trend_filter_passed=False, rule=neutral_hold, target_allocation=0.00%."
2025-02-21,2025-02-24,181.15250613186586,178.42510986328125,BULLISH_SIGNAL,0.49666885283011264,0.49666885283011264,False,0.0,HOLD,10000.0,0,0.0,10000.0,"Conservative trader saw BULLISH_SIGNAL with bullish_probability=0.50, confidence=0.50, probability_margin=0.17, trend_filter_passed=False, rule=neutral_hold, target_allocation=0.00%."
2025-02-24,2025-02-25,177.22067008112575,174.61273193359375,BULLISH_SIGNAL,0.5006419656684961,0.5006419656684961,False,0.0,HOLD,10000.0,0,0.0,10000.0,"Conservative trader saw BULLISH_SIGNAL with bullish_probability=0.50, confidence=0.50, probability_margin=0.22, trend_filter_passed=False, rule=neutral_hold, target_allocation=0.00%."
2025-02-25,2025-02-26,174.26436286262216,171.93511962890625,BULLISH_SIGNAL,0.5825238038012066,0.5825238038012066,False,0.0,HOLD,10000.0,0,0.0,10000.0,"Conservative trader saw BULLISH_SIGNAL with bullish_probability=0.58, confidence=0.58, probability_margin=0.33, trend_filter_passed=False, rule=neutral_hold, target_allocation=0.00%."
2025-02-26,2025-02-27,173.1893356179125,167.72459411621094,BULLISH_SIGNAL,0.6747291023724759,0.6747291023724759,False,0.0,HOLD,10000.0,0,0.0,10000.0,"Conservative trader saw BULLISH_SIGNAL with bullish_probability=0.67, confidence=0.67, probability_margin=0.48, trend_filter_passed=False, rule=neutral_hold, target_allocation=0.00%."
2025-02-27,2025-02-28,167.90374066525882,169.4963836669922,BULLISH_SIGNAL,0.5874955647814373,0.5874955647814373,False,0.0,HOLD,10000.0,0,0.0,10000.0,"Conservative trader saw BULLISH_SIGNAL with bullish_probability=0.59, confidence=0.59, probability_margin=0.35, trend_filter_passed=False, rule=neutral_hold, target_allocation=0.00%."
2025-02-28,2025-03-03,171.13879690224084,166.24143981933594,BULLISH_SIGNAL,0.6283037592806703,0.6283037592806703,False,0.0,HOLD,10000.0,0,0.0,10000.0,"Conservative trader saw BULLISH_SIGNAL with bullish_probability=0.63, confidence=0.63, probability_margin=0.40, trend_filter_passed=False, rule=neutral_hold, target_allocation=0.00%."
2025-03-03,2025-03-04,165.4749823837437,170.13343811035156,BULLISH_SIGNAL,0.5920535956175093,0.5920535956175093,False,0.0,HOLD,10000.0,0,0.0,10000.0,"Conservative trader saw BULLISH_SIGNAL with bullish_probability=0.59, confidence=0.59, probability_margin=0.33, trend_filter_passed=False, rule=neutral_hold, target_allocation=0.00%."
2025-03-04,2025-03-05,169.73529012314535,172.22378540039062,BULLISH_SIGNAL,0.47258231723482574,0.47258231723482574,False,0.0,HOLD,10000.0,0,0.0,10000.0,"Conservative trader saw BULLISH_SIGNAL with bullish_probability=0.47, confidence=0.47, probability_margin=0.10, trend_filter_passed=False, rule=neutral_hold, target_allocation=0.00%."
2025-03-05,2025-03-06,169.7452376648565,171.55686950683594,BULLISH_SIGNAL,0.45751754133123984,0.45751754133123984,False,0.0,HOLD,10000.0,0,0.0,10000.0,"Conservative trader saw BULLISH_SIGNAL with bullish_probability=0.46, confidence=0.46, probability_margin=0.07, trend_filter_passed=False, rule=neutral_hold, target_allocation=0.00%."
2025-03-06,2025-03-07,170.4718800246714,173.05992126464844,BEARISH_SIGNAL,0.47098345900867133,0.36686040414473303,False,0.0,HOLD,10000.0,0,0.0,10000.0,"Conservative trader saw BEARISH_SIGNAL with bullish_probability=0.37, confidence=0.47, probability_margin=0.10, trend_filter_passed=False, rule=bearish_exit, target_allocation=0.00%."
2025-03-07,2025-03-10,167.6785699397653,165.2968292236328,BEARISH_SIGNAL,0.4566699113101932,0.3579207586992379,False,0.0,HOLD,10000.0,0,0.0,10000.0,"Conservative trader saw BEARISH_SIGNAL with bullish_probability=0.36, confidence=0.46, probability_margin=0.10, trend_filter_passed=False, rule=bearish_exit, target_allocation=0.00%."
2025-03-10,2025-03-11,164.34014854098334,163.47314453125,BULLISH_SIGNAL,0.4982185372216969,0.4982185372216969,False,0.0,HOLD,10000.0,0,0.0,10000.0,"Conservative trader saw BULLISH_SIGNAL with bullish_probability=0.50, confidence=0.50, probability_margin=0.15, trend_filter_passed=False, rule=neutral_hold, target_allocation=0.00%."
2025-03-11,2025-03-12,166.0043948548276,166.53256225585938,BULLISH_SIGNAL,0.6141230638325696,0.6141230638325696,False,0.0,HOLD,10000.0,0,0.0,10000.0,"Conservative trader saw BULLISH_SIGNAL with bullish_probability=0.61, confidence=0.61, probability_margin=0.35, trend_filter_passed=False, rule=neutral_hold, target_allocation=0.00%."
2025-03-12,2025-03-13,165.46625097868807,162.1975860595703,BULLISH_SIGNAL,0.5104737580443802,0.5104737580443802,False,0.0,HOLD,10000.0,0,0.0,10000.0,"Conservative trader saw BULLISH_SIGNAL with bullish_probability=0.51, confidence=0.51, probability_margin=0.23, trend_filter_passed=False, rule=neutral_hold, target_allocation=0.00%."
2025-03-13,2025-03-14,162.70582188820455,164.91815185546875,BULLISH_SIGNAL,0.5592405391396171,0.5592405391396171,False,0.0,HOLD,10000.0,0,0.0,10000.0,"Conservative trader saw BULLISH_SIGNAL with bullish_probability=0.56, confidence=0.56, probability_margin=0.27, trend_filter_passed=False, rule=neutral_hold, target_allocation=0.00%."
2025-03-14,2025-03-17,164.4597537744784,163.72230529785156,BULLISH_SIGNAL,0.42606822969250496,0.42606822969250496,False,0.0,HOLD,10000.0,0,0.0,10000.0,"Conservative trader saw BULLISH_SIGNAL with bullish_probability=0.43, confidence=0.43, probability_margin=0.04, trend_filter_passed=False, rule=neutral_hold, target_allocation=0.00%."
2025-03-17,2025-03-18,163.11438513260956,160.1147918701172,BEARISH_SIGNAL,0.49846544999921094,0.3524031755328782,False,0.0,HOLD,10000.0,0,0.0,10000.0,"Conservative trader saw BEARISH_SIGNAL with bullish_probability=0.35, confidence=0.50, probability_margin=0.15, trend_filter_passed=False, rule=bearish_exit, target_allocation=0.00%."
2025-03-18,2025-03-19,161.20103994792456,163.3236846923828,BULLISH_SIGNAL,0.4724758312032431,0.4724758312032431,False,0.0,HOLD,10000.0,0,0.0,10000.0,"Conservative trader saw BULLISH_SIGNAL with bullish_probability=0.47, confidence=0.47, probability_margin=0.06, trend_filter_passed=False, rule=neutral_hold, target_allocation=0.00%."
2025-03-19,2025-03-20,161.0117117252994,162.23745727539062,BULLISH_SIGNAL,0.4831485965080693,0.4831485965080693,False,0.0,HOLD,10000.0,0,0.0,10000.0,"Conservative trader saw BULLISH_SIGNAL with bullish_probability=0.48, confidence=0.48, probability_margin=0.14, trend_filter_passed=False, rule=neutral_hold, target_allocation=0.00%."
2025-03-20,2025-03-21,160.65294731947398,163.42333984375,BEARISH_SIGNAL,0.4996568598076982,0.366721268911547,False,0.0,HOLD,10000.0,0,0.0,10000.0,"Conservative trader saw BEARISH_SIGNAL with bullish_probability=0.37, confidence=0.50, probability_margin=0.13, trend_filter_passed=False, rule=bearish_exit, target_allocation=0.00%."
2025-03-21,2025-03-24,166.492708348571,167.1005859375,BEARISH_SIGNAL,0.49042736995503056,0.3541893783291267,False,0.0,HOLD,10000.0,0,0.0,10000.0,"Conservative trader saw BEARISH_SIGNAL with bullish_probability=0.35, confidence=0.49, probability_margin=0.14, trend_filter_passed=False, rule=bearish_exit, target_allocation=0.00%."
2025-03-24,2025-03-25,168.39609981984145,169.97064208984375,BEARISH_SIGNAL,0.4899759219613791,0.39394698228206076,False,0.0,HOLD,10000.0,0,0.0,10000.0,"Conservative trader saw BEARISH_SIGNAL with bullish_probability=0.39, confidence=0.49, probability_margin=0.10, trend_filter_passed=False, rule=bearish_exit, target_allocation=0.00%."
2025-03-25,2025-03-26,168.41601157841293,164.4896240234375,BEARISH_SIGNAL,0.498706613993644,0.3530561208029893,False,0.0,HOLD,10000.0,0,0.0,10000.0,"Conservative trader saw BEARISH_SIGNAL with bullish_probability=0.35, confidence=0.50, probability_margin=0.15, trend_filter_passed=False, rule=bearish_exit, target_allocation=0.00%."
2025-03-26,2025-03-27,164.06112302928733,161.67938232421875,BEARISH_SIGNAL,0.4227845409707725,0.38516912690376043,False,0.0,HOLD,10000.0,0,0.0,10000.0,"Conservative trader saw BEARISH_SIGNAL with bullish_probability=0.39, confidence=0.42, probability_margin=0.04, trend_filter_passed=False, rule=bearish_exit, target_allocation=0.00%."
2025-03-27,2025-03-28,159.935424629148,153.7967071533203,BEARISH_SIGNAL,0.5149782801212874,0.3468136683367709,False,0.0,HOLD,10000.0,0,0.0,10000.0,"Conservative trader saw BEARISH_SIGNAL with bullish_probability=0.35, confidence=0.51, probability_margin=0.17, trend_filter_passed=False, rule=bearish_exit, target_allocation=0.00%."
2025-03-28,2025-03-31,152.58093987828155,154.10565185546875,BULLISH_SIGNAL,0.6284042041476858,0.6284042041476858,False,0.0,HOLD,10000.0,0,0.0,10000.0,"Conservative trader saw BULLISH_SIGNAL with bullish_probability=0.63, confidence=0.63, probability_margin=0.39, trend_filter_passed=False, rule=neutral_hold, target_allocation=0.00%."
2025-03-31,2025-04-01,153.0891615011919,156.52725219726562,BULLISH_SIGNAL,0.6569632089559145,0.6569632089559145,False,0.0,HOLD,10000.0,0,0.0,10000.0,"Conservative trader saw BULLISH_SIGNAL with bullish_probability=0.66, confidence=0.66, probability_margin=0.42, trend_filter_passed=False, rule=neutral_hold, target_allocation=0.00%."
2025-04-01,2025-04-02,154.61387643325034,156.49734497070312,BULLISH_SIGNAL,0.4810695348453488,0.4810695348453488,False,0.0,HOLD,10000.0,0,0.0,10000.0,"Conservative trader saw BULLISH_SIGNAL with bullish_probability=0.48, confidence=0.48, probability_margin=0.14, trend_filter_passed=False, rule=neutral_hold, target_allocation=0.00%."
2025-04-02,2025-04-03,150.58785527738945,150.19920349121094,BULLISH_SIGNAL,0.4525868488899756,0.4525868488899756,False,0.0,HOLD,10000.0,0,0.0,10000.0,"Conservative trader saw BULLISH_SIGNAL with bullish_probability=0.45, confidence=0.45, probability_margin=0.06, trend_filter_passed=False, rule=neutral_hold, target_allocation=0.00%."
2025-04-03,2025-04-04,147.49855413182192,145.09689331054688,BULLISH_SIGNAL,0.48365732041856757,0.48365732041856757,False,0.0,HOLD,10000.0,0,0.0,10000.0,"Conservative trader saw BULLISH_SIGNAL with bullish_probability=0.48, confidence=0.48, probability_margin=0.14, trend_filter_passed=False, rule=neutral_hold, target_allocation=0.00%."
2025-04-04,2025-04-07,141.0608910476278,146.242919921875,BULLISH_SIGNAL,0.5002685266781809,0.5002685266781809,False,0.0,HOLD,10000.0,0,0.0,10000.0,"Conservative trader saw BULLISH_SIGNAL with bullish_probability=0.50, confidence=0.50, probability_margin=0.21, trend_filter_passed=False, rule=neutral_hold, target_allocation=0.00%."
2025-04-07,2025-04-08,150.69745588802078,144.19998168945312,BULLISH_SIGNAL,0.5450673538557789,0.5450673538557789,False,0.0,HOLD,10000.0,0,0.0,10000.0,"Conservative trader saw BULLISH_SIGNAL with bullish_probability=0.55, confidence=0.55, probability_margin=0.26, trend_filter_passed=False, rule=neutral_hold, target_allocation=0.00%."
2025-04-08,2025-04-09,143.9209605893895,158.16159057617188,BULLISH_SIGNAL,0.6412326727520944,0.6412326727520944,False,0.0,HOLD,10000.0,0,0.0,10000.0,"Conservative trader saw BULLISH_SIGNAL with bullish_probability=0.64, confidence=0.64, probability_margin=0.43, trend_filter_passed=False, rule=neutral_hold, target_allocation=0.00%."
2025-04-09,2025-04-10,155.9990938016626,152.29196166992188,BEARISH_SIGNAL,0.45358940799618047,0.44490193581091037,False,0.0,HOLD,10000.0,0,0.0,10000.0,"Conservative trader saw BEARISH_SIGNAL with bullish_probability=0.44, confidence=0.45, probability_margin=0.01, trend_filter_passed=False, rule=bearish_exit, target_allocation=0.00%."
2025-04-10,2025-04-11,152.37166086891528,156.59701538085938,BEARISH_SIGNAL,0.44539381976173276,0.4276997568607404,False,0.0,HOLD,10000.0,0,0.0,10000.0,"Conservative trader saw BEARISH_SIGNAL with bullish_probability=0.43, confidence=0.45, probability_margin=0.02, trend_filter_passed=False, rule=bearish_exit, target_allocation=0.00%."
2025-04-11,2025-04-14,159.44713439436606,158.52035522460938,BULLISH_SIGNAL,0.44510220089886776,0.44510220089886776,False,0.0,HOLD,10000.0,0,0.0,10000.0,"Conservative trader saw BULLISH_SIGNAL with bullish_probability=0.45, confidence=0.45, probability_margin=0.03, trend_filter_passed=False, rule=neutral_hold, target_allocation=0.00%."
2025-04-14,2025-04-15,158.58012970667488,155.76986694335938,BEARISH_SIGNAL,0.4307165390125426,0.4154610118505015,False,0.0,HOLD,10000.0,0,0.0,10000.0,"Conservative trader saw BEARISH_SIGNAL with bullish_probability=0.42, confidence=0.43, probability_margin=0.02, trend_filter_passed=False, rule=bearish_exit, target_allocation=0.00%."
2025-04-15,2025-04-16,152.57096991980188,152.8001708984375,BULLISH_SIGNAL,0.43755906839708,0.43755906839708,False,0.0,HOLD,10000.0,0,0.0,10000.0,"Conservative trader saw BULLISH_SIGNAL with bullish_probability=0.44, confidence=0.44, probability_margin=0.01, trend_filter_passed=False, rule=neutral_hold, target_allocation=0.00%."
2025-04-16,2025-04-17,153.75683862644127,150.63766479492188,BULLISH_SIGNAL,0.5045146954849167,0.5045146954849167,False,0.0,HOLD,10000.0,0,0.0,10000.0,"Conservative trader saw BULLISH_SIGNAL with bullish_probability=0.50, confidence=0.50, probability_margin=0.17, trend_filter_passed=False, rule=neutral_hold, target_allocation=0.00%."
2025-04-17,2025-04-21,148.36555457655837,147.15972900390625,BULLISH_SIGNAL,0.5434705809063672,0.5434705809063672,False,0.0,HOLD,10000.0,0,0.0,10000.0,"Conservative trader saw BULLISH_SIGNAL with bullish_probability=0.54, confidence=0.54, probability_margin=0.22, trend_filter_passed=False, rule=neutral_hold, target_allocation=0.00%."
2025-04-21,2025-04-22,148.37550764431742,150.94659423828125,BULLISH_SIGNAL,0.4543292315234773,0.4543292315234773,False,0.0,HOLD,10000.0,0,0.0,10000.0,"Conservative trader saw BULLISH_SIGNAL with bullish_probability=0.45, confidence=0.45, probability_margin=0.07, trend_filter_passed=False, rule=neutral_hold, target_allocation=0.00%."
2025-04-22,2025-04-23,155.0722827287534,154.8131866455078,BULLISH_SIGNAL,0.48094876965758887,0.48094876965758887,False,0.0,HOLD,10000.0,0,0.0,10000.0,"Conservative trader saw BULLISH_SIGNAL with bullish_probability=0.48, confidence=0.48, probability_margin=0.11, trend_filter_passed=False, rule=neutral_hold, target_allocation=0.00%."
2025-04-23,2025-04-24,155.6104249592094,158.7296142578125,BULLISH_SIGNAL,0.4939880365682436,0.4939880365682436,False,0.0,HOLD,10000.0,0,0.0,10000.0,"Conservative trader saw BULLISH_SIGNAL with bullish_probability=0.49, confidence=0.49, probability_margin=0.12, trend_filter_passed=False, rule=neutral_hold, target_allocation=0.00%."
2025-04-24,2025-04-25,164.49959867786362,161.4003448486328,BEARISH_SIGNAL,0.5113477701012298,0.3519573942435916,False,0.0,HOLD,10000.0,0,0.0,10000.0,"Conservative trader saw BEARISH_SIGNAL with bullish_probability=0.35, confidence=0.51, probability_margin=0.16, trend_filter_passed=False, rule=bearish_exit, target_allocation=0.00%."
2025-04-25,2025-04-28,161.86872639451175,160.05502319335938,BEARISH_SIGNAL,0.5848316076305542,0.2651961747256949,False,0.0,HOLD,10000.0,0,0.0,10000.0,"Conservative trader saw BEARISH_SIGNAL with bullish_probability=0.27, confidence=0.58, probability_margin=0.32, trend_filter_passed=False, rule=bearish_exit, target_allocation=0.00%."
2025-04-28,2025-04-29,159.76601814888411,159.6065673828125,BEARISH_SIGNAL,0.5697957581814667,0.2828605768806201,False,0.0,HOLD,10000.0,0,0.0,10000.0,"Conservative trader saw BEARISH_SIGNAL with bullish_probability=0.28, confidence=0.57, probability_margin=0.29, trend_filter_passed=False, rule=bearish_exit, target_allocation=0.00%."
2025-04-29,2025-04-30,157.43409270690867,158.2512664794922,BEARISH_SIGNAL,0.5984007919826979,0.23794025367084737,False,0.0,HOLD,10000.0,0,0.0,10000.0,"Conservative trader saw BEARISH_SIGNAL with bullish_probability=0.24, confidence=0.60, probability_margin=0.36, trend_filter_passed=False, rule=bearish_exit, target_allocation=0.00%."
2025-04-30,2025-05-01,159.8955762805081,160.74264526367188,BEARISH_SIGNAL,0.5318090105492168,0.3226320192052944,False,0.0,HOLD,10000.0,0,0.0,10000.0,"Conservative trader saw BEARISH_SIGNAL with bullish_probability=0.32, confidence=0.53, probability_margin=0.21, trend_filter_passed=False, rule=bearish_exit, target_allocation=0.00%."
2025-05-01,2025-05-02,162.84535826769726,163.4632110595703,BEARISH_SIGNAL,0.481875778145823,0.36181735467288606,False,0.0,HOLD,10000.0,0,0.0,10000.0,"Conservative trader saw BEARISH_SIGNAL with bullish_probability=0.36, confidence=0.48, probability_margin=0.12, trend_filter_passed=False, rule=bearish_exit, target_allocation=0.00%."
2025-05-02,2025-05-05,162.436752596043,163.642578125,BEARISH_SIGNAL,0.40843380847196065,0.3273987475195415,True,0.0,HOLD,10000.0,0,0.0,10000.0,"Conservative trader saw BEARISH_SIGNAL with bullish_probability=0.33, confidence=0.41, probability_margin=0.08, trend_filter_passed=True, rule=bearish_exit, target_allocation=0.00%."
2025-05-05,2025-05-06,161.60963501178307,162.6659698486328,BEARISH_SIGNAL,0.4419051658472634,0.26775442588087495,True,0.0,HOLD,10000.0,0,0.0,10000.0,"Conservative trader saw BEARISH_SIGNAL with bullish_probability=0.27, confidence=0.44, probability_margin=0.15, trend_filter_passed=True, rule=bearish_exit, target_allocation=0.00%."
2025-05-06,2025-05-07,163.5130144970414,150.85690307617188,BEARISH_SIGNAL,0.4831213049281405,0.31280506434011635,True,0.0,HOLD,10000.0,0,0.0,10000.0,"Conservative trader saw BEARISH_SIGNAL with bullish_probability=0.31, confidence=0.48, probability_margin=0.17, trend_filter_passed=True, rule=bearish_exit, target_allocation=0.00%."
2025-05-07,2025-05-08,154.464385147347,153.7468719482422,BULLISH_SIGNAL,0.5186183387316466,0.5186183387316466,False,0.0,HOLD,10000.0,0,0.0,10000.0,"Conservative trader saw BULLISH_SIGNAL with bullish_probability=0.52, confidence=0.52, probability_margin=0.20, trend_filter_passed=False, rule=neutral_hold, target_allocation=0.00%."
2025-05-08,2025-05-09,153.6372746936992,152.22218322753906,BULLISH_SIGNAL,0.48718904046875544,0.48718904046875544,False,0.0,HOLD,10000.0,0,0.0,10000.0,"Conservative trader saw BULLISH_SIGNAL with bullish_probability=0.49, confidence=0.49, probability_margin=0.12, trend_filter_passed=False, rule=neutral_hold, target_allocation=0.00%."
2025-05-09,2025-05-12,156.94581087118723,157.91246032714844,BEARISH_SIGNAL,0.4629759592767153,0.3725727421955728,False,0.0,HOLD,10000.0,0,0.0,10000.0,"Conservative trader saw BEARISH_SIGNAL with bullish_probability=0.37, confidence=0.46, probability_margin=0.09, trend_filter_passed=False, rule=bearish_exit, target_allocation=0.00%."
2025-05-12,2025-05-13,158.24129609505388,158.97874450683594,BEARISH_SIGNAL,0.4342338515292327,0.42797374238207453,False,0.0,HOLD,10000.0,0,0.0,10000.0,"Conservative trader saw BEARISH_SIGNAL with bullish_probability=0.43, confidence=0.43, probability_margin=0.01, trend_filter_passed=False, rule=bearish_exit, target_allocation=0.00%."
2025-05-13,2025-05-14,159.40725946266062,164.79855346679688,BULLISH_SIGNAL,0.49711134405864593,0.49711134405864593,False,0.0,HOLD,10000.0,0,0.0,10000.0,"Conservative trader saw BULLISH_SIGNAL with bullish_probability=0.50, confidence=0.50, probability_margin=0.20, trend_filter_passed=False, rule=neutral_hold, target_allocation=0.00%."
2025-05-14,2025-05-15,165.26694125278715,163.39344787597656,BEARISH_SIGNAL,0.48147307183740773,0.28242622938526823,True,0.0,HOLD,10000.0,0,0.0,10000.0,"Conservative trader saw BEARISH_SIGNAL with bullish_probability=0.28, confidence=0.48, probability_margin=0.20, trend_filter_passed=True, rule=bearish_exit, target_allocation=0.00%."
2025-05-15,2025-05-16,167.15039440077075,165.61572265625,BULLISH_SIGNAL,0.34290032663227765,0.34290032663227765,True,0.0,HOLD,10000.0,0,0.0,10000.0,"Conservative trader saw BULLISH_SIGNAL with bullish_probability=0.34, confidence=0.34, probability_margin=0.01, trend_filter_passed=True, rule=neutral_hold, target_allocation=0.00%."
2025-05-16,2025-05-19,163.94152401470697,165.96450805664062,BEARISH_SIGNAL,0.5047617767595703,0.22542647282460226,True,0.0,HOLD,10000.0,0,0.0,10000.0,"Conservative trader saw BEARISH_SIGNAL with bullish_probability=0.23, confidence=0.50, probability_margin=0.23, trend_filter_passed=True, rule=bearish_exit, target_allocation=0.00%."
2025-05-19,2025-05-20,165.85490703254322,163.4133758544922,BEARISH_SIGNAL,0.4690355103986992,0.24497916930079763,True,0.0,HOLD,10000.0,0,0.0,10000.0,"Conservative trader saw BEARISH_SIGNAL with bullish_probability=0.24, confidence=0.47, probability_margin=0.18, trend_filter_passed=True, rule=bearish_exit, target_allocation=0.00%."
2025-05-20,2025-05-21,163.1243721968136,167.9775390625,BEARISH_SIGNAL,0.38338037845232853,0.3657413547227756,True,0.0,HOLD,10000.0,0,0.0,10000.0,"Conservative trader saw BEARISH_SIGNAL with bullish_probability=0.37, confidence=0.38, probability_margin=0.02, trend_filter_passed=True, rule=bearish_exit, target_allocation=0.00%."
2025-05-21,2025-05-22,171.25618084668935,170.27955627441406,BEARISH_SIGNAL,0.3921092265545837,0.34554920003797424,True,0.0,HOLD,10000.0,0,0.0,10000.0,"Conservative trader saw BEARISH_SIGNAL with bullish_probability=0.35, confidence=0.39, probability_margin=0.05, trend_filter_passed=True, rule=bearish_exit, target_allocation=0.00%."
2025-05-22,2025-05-23,168.47580548761593,167.88784790039062,NEUTRAL_SIGNAL,0.38981436995333474,0.26262054700919973,True,0.0,HOLD,10000.0,0,0.0,10000.0,"Conservative trader saw NEUTRAL_SIGNAL with bullish_probability=0.26, confidence=0.39, probability_margin=0.04, trend_filter_passed=True, rule=neutral_hold, target_allocation=0.00%."
2025-05-23,2025-05-27,169.57202886061165,172.30255126953125,BULLISH_SIGNAL,0.387501488341262,0.387501488341262,True,0.0,HOLD,10000.0,0,0.0,10000.0,"Conservative trader saw BULLISH_SIGNAL with bullish_probability=0.39, confidence=0.39, probability_margin=0.07, trend_filter_passed=True, rule=neutral_hold, target_allocation=0.00%."
2025-05-27,2025-05-28,172.56165823831284,171.76441955566406,BEARISH_SIGNAL,0.46724689954408216,0.20878332583965728,True,0.0,HOLD,10000.0,0,0.0,10000.0,"Conservative trader saw BEARISH_SIGNAL with bullish_probability=0.21, confidence=0.47, probability_margin=0.14, trend_filter_passed=True, rule=bearish_exit, target_allocation=0.00%."
2025-05-28,2025-05-29,173.39874848808273,171.26614379882812,NEUTRAL_SIGNAL,0.3587737442807911,0.2948216825112191,True,0.0,HOLD,10000.0,0,0.0,10000.0,"Conservative trader saw NEUTRAL_SIGNAL with bullish_probability=0.29, confidence=0.36, probability_margin=0.01, trend_filter_passed=True, rule=neutral_hold, target_allocation=0.00%."
2025-05-29,2025-05-30,170.7579241400477,171.14657592773438,BEARISH_SIGNAL,0.43900884843237986,0.23006729880639104,True,0.0,HOLD,10000.0,0,0.0,10000.0,"Conservative trader saw BEARISH_SIGNAL with bullish_probability=0.23, confidence=0.44, probability_margin=0.11, trend_filter_passed=True, rule=bearish_exit, target_allocation=0.00%."
2025-05-30,2025-06-02,167.2600172613062,168.44590759277344,BEARISH_SIGNAL,0.35805116832397954,0.33817683505936996,True,0.0,HOLD,10000.0,0,0.0,10000.0,"Conservative trader saw BEARISH_SIGNAL with bullish_probability=0.34, confidence=0.36, probability_margin=0.02, trend_filter_passed=True, rule=bearish_exit, target_allocation=0.00%."
2025-06-02,2025-06-03,166.91126012169556,165.60577392578125,BULLISH_SIGNAL,0.35608943359827305,0.35608943359827305,True,0.0,HOLD,10000.0,0,0.0,10000.0,"Conservative trader saw BULLISH_SIGNAL with bullish_probability=0.36, confidence=0.36, probability_margin=0.01, trend_filter_passed=True, rule=neutral_hold, target_allocation=0.00%."
2025-06-03,2025-06-04,166.1638436483944,167.4693145751953,BULLISH_SIGNAL,0.3957844109118662,0.3957844109118662,True,0.0,HOLD,10000.0,0,0.0,10000.0,"Conservative trader saw BULLISH_SIGNAL with bullish_probability=0.40, confidence=0.40, probability_margin=0.05, trend_filter_passed=True, rule=neutral_hold, target_allocation=0.00%."
2025-06-04,2025-06-05,169.7513830642687,167.62875366210938,BEARISH_SIGNAL,0.41064230724456985,0.3931149950344804,True,0.0,HOLD,10000.0,0,0.0,10000.0,"Conservative trader saw BEARISH_SIGNAL with bullish_probability=0.39, confidence=0.41, probability_margin=0.02, trend_filter_passed=True, rule=bearish_exit, target_allocation=0.00%."
2025-06-05,2025-06-06,170.23969140570108,173.079833984375,BULLISH_SIGNAL,0.4008724709047682,0.4008724709047682,True,0.0,HOLD,10000.0,0,0.0,10000.0,"Conservative trader saw BULLISH_SIGNAL with bullish_probability=0.40, confidence=0.40, probability_margin=0.03, trend_filter_passed=True, rule=neutral_hold, target_allocation=0.00%."
2025-06-06,2025-06-09,174.14743750903665,175.69395446777344,BEARISH_SIGNAL,0.4445203525230872,0.2738710217743114,True,0.0,HOLD,10000.0,0,0.0,10000.0,"Conservative trader saw BEARISH_SIGNAL with bullish_probability=0.27, confidence=0.44, probability_margin=0.16, trend_filter_passed=True, rule=bearish_exit, target_allocation=0.00%."
2025-06-09,2025-06-10,175.8037071645682,178.1983184814453,BEARISH_SIGNAL,0.49041526856188306,0.12911610356746514,True,0.0,HOLD,10000.0,0,0.0,10000.0,"Conservative trader saw BEARISH_SIGNAL with bullish_probability=0.13, confidence=0.49, probability_margin=0.11, trend_filter_passed=True, rule=bearish_exit, target_allocation=0.00%."
2025-06-10,2025-06-11,179.3656814209572,176.9511260986328,BEARISH_SIGNAL,0.5930355907081208,0.12644256660350794,True,0.0,HOLD,10000.0,0,0.0,10000.0,"Conservative trader saw BEARISH_SIGNAL with bullish_probability=0.13, confidence=0.59, probability_margin=0.31, trend_filter_passed=True, rule=bearish_exit, target_allocation=0.00%."
2025-06-11,2025-06-12,175.78375628436552,175.30484008789062,BEARISH_SIGNAL,0.4490945625002572,0.1672750362779495,True,0.0,HOLD,10000.0,0,0.0,10000.0,"Conservative trader saw BEARISH_SIGNAL with bullish_probability=0.17, confidence=0.45, probability_margin=0.07, trend_filter_passed=True, rule=bearish_exit, target_allocation=0.00%."
2025-06-12,2025-06-13,172.05216517338764,174.2771453857422,BEARISH_SIGNAL,0.36514183553037344,0.3139879887888678,True,0.0,HOLD,10000.0,0,0.0,10000.0,"Conservative trader saw BEARISH_SIGNAL with bullish_probability=0.31, confidence=0.37, probability_margin=0.04, trend_filter_passed=True, rule=bearish_exit, target_allocation=0.00%."
2025-06-13,2025-06-16,174.33701609632743,176.3724365234375,BULLISH_SIGNAL,0.4264092178425994,0.4264092178425994,True,0.0,HOLD,10000.0,0,0.0,10000.0,"Conservative trader saw BULLISH_SIGNAL with bullish_probability=0.43, confidence=0.43, probability_margin=0.14, trend_filter_passed=True, rule=neutral_hold, target_allocation=0.00%."
2025-06-16,2025-06-17,175.30482253964252,175.55426025390625,NEUTRAL_SIGNAL,0.3714433548359336,0.30029985418760624,True,0.0,HOLD,10000.0,0,0.0,10000.0,"Conservative trader saw NEUTRAL_SIGNAL with bullish_probability=0.30, confidence=0.37, probability_margin=0.04, trend_filter_passed=True, rule=neutral_hold, target_allocation=0.00%."
2025-06-17,2025-06-18,175.6141436330853,172.93020629882812,BULLISH_SIGNAL,0.34015470734435865,0.34015470734435865,True,0.0,HOLD,10000.0,0,0.0,10000.0,"Conservative trader saw BULLISH_SIGNAL with bullish_probability=0.34, confidence=0.34, probability_margin=0.00, trend_filter_passed=True, rule=neutral_hold, target_allocation=0.00%."
2025-06-18,2025-06-20,173.55878574385125,166.26522827148438,BEARISH_SIGNAL,0.40480428176220673,0.3246875703431928,True,0.0,HOLD,10000.0,0,0.0,10000.0,"Conservative trader saw BEARISH_SIGNAL with bullish_probability=0.32, confidence=0.40, probability_margin=0.08, trend_filter_passed=True, rule=bearish_exit, target_allocation=0.00%."
2025-06-20,2025-06-23,165.8960542954959,164.8184814453125,BULLISH_SIGNAL,0.522179351598648,0.522179351598648,True,0.0,HOLD,10000.0,0,0.0,10000.0,"Conservative trader saw BULLISH_SIGNAL with bullish_probability=0.52, confidence=0.52, probability_margin=0.24, trend_filter_passed=True, rule=neutral_hold, target_allocation=0.00%."
2025-06-23,2025-06-24,166.54458452923419,166.39492797851562,BULLISH_SIGNAL,0.44516558891684155,0.44516558891684155,True,0.0,HOLD,10000.0,0,0.0,10000.0,"Conservative trader saw BULLISH_SIGNAL with bullish_probability=0.45, confidence=0.45, probability_margin=0.12, trend_filter_passed=True, rule=neutral_hold, target_allocation=0.00%."
2025-06-24,2025-06-25,167.25299905707695,170.29612731933594,BULLISH_SIGNAL,0.4487701132900627,0.4487701132900627,True,0.0,HOLD,10000.0,0,0.0,10000.0,"Conservative trader saw BULLISH_SIGNAL with bullish_probability=0.45, confidence=0.45, probability_margin=0.13, trend_filter_passed=True, rule=neutral_hold, target_allocation=0.00%."
2025-06-25,2025-06-26,172.04218458564608,173.14968872070312,BULLISH_SIGNAL,0.4023068225198087,0.4023068225198087,True,0.0,HOLD,10000.0,0,0.0,10000.0,"Conservative trader saw BULLISH_SIGNAL with bullish_probability=0.40, confidence=0.40, probability_margin=0.00, trend_filter_passed=True, rule=neutral_hold, target_allocation=0.00%."
2025-06-26,2025-06-27,173.14968136313868,178.1284637451172,BEARISH_SIGNAL,0.4300400479117091,0.3466204173994312,True,0.0,HOLD,10000.0,0,0.0,10000.0,"Conservative trader saw BEARISH_SIGNAL with bullish_probability=0.35, confidence=0.43, probability_margin=0.08, trend_filter_passed=True, rule=bearish_exit, target_allocation=0.00%."
2025-06-27,2025-06-30,180.3734186271616,175.83364868164062,BEARISH_SIGNAL,0.5096035436982651,0.24500080666048962,True,0.0,HOLD,10000.0,0,0.0,10000.0,"Conservative trader saw BEARISH_SIGNAL with bullish_probability=0.25, confidence=0.51, probability_margin=0.26, trend_filter_passed=True, rule=bearish_exit, target_allocation=0.00%."
2025-06-30,2025-07-01,175.344768335238,175.4445343017578,BEARISH_SIGNAL,0.40336579960072527,0.3117151895453349,True,0.0,HOLD,10000.0,0,0.0,10000.0,"Conservative trader saw BEARISH_SIGNAL with bullish_probability=0.31, confidence=0.40, probability_margin=0.09, trend_filter_passed=True, rule=bearish_exit, target_allocation=0.00%."
2025-07-01,2025-07-02,175.14518633422566,178.23822021484375,BEARISH_SIGNAL,0.4005389428112266,0.34165281748059706,True,0.0,HOLD,10000.0,0,0.0,10000.0,"Conservative trader saw BEARISH_SIGNAL with bullish_probability=0.34, confidence=0.40, probability_margin=0.06, trend_filter_passed=True, rule=bearish_exit, target_allocation=0.00%."
2025-07-02,2025-07-03,178.09853847776557,179.126220703125,BEARISH_SIGNAL,0.4808826876685267,0.26789282490438,True,0.0,HOLD,10000.0,0,0.0,10000.0,"Conservative trader saw BEARISH_SIGNAL with bullish_probability=0.27, confidence=0.48, probability_margin=0.21, trend_filter_passed=True, rule=bearish_exit, target_allocation=0.00%."
2025-07-03,2025-07-07,178.65727862884938,176.3923797607422,BEARISH_SIGNAL,0.41513412273956396,0.19903859574203103,True,0.0,HOLD,10000.0,0,0.0,10000.0,"Conservative trader saw BEARISH_SIGNAL with bullish_probability=0.20, confidence=0.42, probability_margin=0.03, trend_filter_passed=True, rule=bearish_exit, target_allocation=0.00%."
2025-07-07,2025-07-08,177.4500058972594,173.9678497314453,BULLISH_SIGNAL,0.3652479805583196,0.3652479805583196,True,0.0,HOLD,10000.0,0,0.0,10000.0,"Conservative trader saw BULLISH_SIGNAL with bullish_probability=0.37, confidence=0.37, probability_margin=0.02, trend_filter_passed=True, rule=neutral_hold, target_allocation=0.00%."
2025-07-08,2025-07-09,174.85586430994886,176.2227783203125,BULLISH_SIGNAL,0.4328884572680724,0.4328884572680724,True,0.0,HOLD,10000.0,0,0.0,10000.0,"Conservative trader saw BULLISH_SIGNAL with bullish_probability=0.43, confidence=0.43, probability_margin=0.12, trend_filter_passed=True, rule=neutral_hold, target_allocation=0.00%."
2025-07-09,2025-07-10,175.2349902719471,177.2205047607422,BULLISH_SIGNAL,0.45489445879763307,0.45489445879763307,True,0.0,HOLD,10000.0,0,0.0,10000.0,"Conservative trader saw BULLISH_SIGNAL with bullish_probability=0.45, confidence=0.45, probability_margin=0.14, trend_filter_passed=True, rule=neutral_hold, target_allocation=0.00%."
2025-07-10,2025-07-11,176.39238193299045,179.7847442626953,BULLISH_SIGNAL,0.4094596324036829,0.4094596324036829,True,0.0,HOLD,10000.0,0,0.0,10000.0,"Conservative trader saw BULLISH_SIGNAL with bullish_probability=0.41, confidence=0.41, probability_margin=0.05, trend_filter_passed=True, rule=neutral_hold, target_allocation=0.00%."
2025-07-11,2025-07-14,180.60289104600895,181.1516571044922,BEARISH_SIGNAL,0.4117471484859172,0.3442171175736635,True,0.0,HOLD,10000.0,0,0.0,10000.0,"Conservative trader saw BEARISH_SIGNAL with bullish_probability=0.34, confidence=0.41, probability_margin=0.07, trend_filter_passed=True, rule=bearish_exit, target_allocation=0.00%."
2025-07-14,2025-07-15,182.39885886185957,181.59068298339844,BEARISH_SIGNAL,0.43042392478658326,0.310816488782501,True,0.0,HOLD,10000.0,0,0.0,10000.0,"Conservative trader saw BEARISH_SIGNAL with bullish_probability=0.31, confidence=0.43, probability_margin=0.12, trend_filter_passed=True, rule=bearish_exit, target_allocation=0.00%."
2025-07-15,2025-07-16,182.82788394956327,182.55848693847656,NEUTRAL_SIGNAL,0.37442995675565505,0.30120560739801555,True,0.0,HOLD,10000.0,0,0.0,10000.0,"Conservative trader saw NEUTRAL_SIGNAL with bullish_probability=0.30, confidence=0.37, probability_margin=0.05, trend_filter_passed=True, rule=neutral_hold, target_allocation=0.00%."
2025-07-16,2025-07-17,181.73036564766983,183.16712951660156,NEUTRAL_SIGNAL,0.3632650171191257,0.30234245513247837,True,0.0,HOLD,10000.0,0,0.0,10000.0,"Conservative trader saw NEUTRAL_SIGNAL with bullish_probability=0.30, confidence=0.36, probability_margin=0.03, trend_filter_passed=True, rule=neutral_hold, target_allocation=0.00%."
2025-07-17,2025-07-18,184.98301522964096,184.64378356933594,BEARISH_SIGNAL,0.4436251981088951,0.2674458001976193,True,0.0,HOLD,10000.0,0,0.0,10000.0,"Conservative trader saw BEARISH_SIGNAL with bullish_probability=0.27, confidence=0.44, probability_margin=0.15, trend_filter_passed=True, rule=bearish_exit, target_allocation=0.00%."
2025-07-18,2025-07-21,185.83110772544197,189.67245483398438,BEARISH_SIGNAL,0.39429393281316205,0.23322515966727644,True,0.0,HOLD,10000.0,0,0.0,10000.0,"Conservative trader saw BEARISH_SIGNAL with bullish_probability=0.23, confidence=0.39, probability_margin=0.02, trend_filter_passed=True, rule=bearish_exit, target_allocation=0.00%."
2025-07-21,2025-07-22,191.0693117786785,190.90966796875,BEARISH_SIGNAL,0.5557730020779894,0.1419089383660014,True,0.0,HOLD,10000.0,0,0.0,10000.0,"Conservative trader saw BEARISH_SIGNAL with bullish_probability=0.14, confidence=0.56, probability_margin=0.25, trend_filter_passed=True, rule=bearish_exit, target_allocation=0.00%."
2025-07-22,2025-07-23,191.06930248089483,189.80215454101562,BEARISH_SIGNAL,0.531789042675609,0.11317810130726945,True,0.0,HOLD,10000.0,0,0.0,10000.0,"Conservative trader saw BEARISH_SIGNAL with bullish_probability=0.11, confidence=0.53, probability_margin=0.18, trend_filter_passed=True, rule=bearish_exit, target_allocation=0.00%."
2025-07-23,2025-07-24,196.58687870624138,191.73780822753906,BEARISH_SIGNAL,0.48797369073554414,0.14439817416594586,True,0.0,HOLD,10000.0,0,0.0,10000.0,"Conservative trader saw BEARISH_SIGNAL with bullish_probability=0.14, confidence=0.49, probability_margin=0.12, trend_filter_passed=True, rule=bearish_exit, target_allocation=0.00%."
2025-07-24,2025-07-25,191.54821586623893,192.74551391601562,BEARISH_SIGNAL,0.4540909774398375,0.15052444799063755,True,0.0,HOLD,10000.0,0,0.0,10000.0,"Conservative trader saw BEARISH_SIGNAL with bullish_probability=0.15, confidence=0.45, probability_margin=0.06, trend_filter_passed=True, rule=bearish_exit, target_allocation=0.00%."
2025-07-25,2025-07-28,193.2144667106556,192.14688110351562,BEARISH_SIGNAL,0.526691445149121,0.0991291638159139,True,0.0,HOLD,10000.0,0,0.0,10000.0,"Conservative trader saw BEARISH_SIGNAL with bullish_probability=0.10, confidence=0.53, probability_margin=0.15, trend_filter_passed=True, rule=bearish_exit, target_allocation=0.00%."
2025-07-28,2025-07-29,191.9971978721824,195.3097381591797,NEUTRAL_SIGNAL,0.4203490628283169,0.19473513389988947,True,0.0,HOLD,10000.0,0,0.0,10000.0,"Conservative trader saw NEUTRAL_SIGNAL with bullish_probability=0.19, confidence=0.42, probability_margin=0.04, trend_filter_passed=True, rule=neutral_hold, target_allocation=0.00%."
2025-07-29,2025-07-30,195.1600963397073,196.08799743652344,BEARISH_SIGNAL,0.4839434546013327,0.1634447619783963,True,0.0,HOLD,10000.0,0,0.0,10000.0,"Conservative trader saw BEARISH_SIGNAL with bullish_probability=0.16, confidence=0.48, probability_margin=0.13, trend_filter_passed=True, rule=bearish_exit, target_allocation=0.00%."
2025-07-30,2025-07-31,195.26984291287636,191.46839904785156,BEARISH_SIGNAL,0.4606824709364583,0.12305747106276288,True,0.0,HOLD,10000.0,0,0.0,10000.0,"Conservative trader saw BEARISH_SIGNAL with bullish_probability=0.12, confidence=0.46, probability_margin=0.04, trend_filter_passed=True, rule=bearish_exit, target_allocation=0.00%."
2025-07-31,2025-08-01,188.60486968944682,188.70465087890625,BULLISH_SIGNAL,0.4435921499068931,0.4435921499068931,True,0.0,HOLD,10000.0,0,0.0,10000.0,"Conservative trader saw BULLISH_SIGNAL with bullish_probability=0.44, confidence=0.44, probability_margin=0.16, trend_filter_passed=True, rule=neutral_hold, target_allocation=0.00%."
2025-08-01,2025-08-04,189.86201672672937,194.60133361816406,BULLISH_SIGNAL,0.4538182218616974,0.4538182218616974,True,0.0,HOLD,10000.0,0,0.0,10000.0,"Conservative trader saw BULLISH_SIGNAL with bullish_probability=0.45, confidence=0.45, probability_margin=0.17, trend_filter_passed=True, rule=neutral_hold, target_allocation=0.00%."
2025-08-04,2025-08-05,194.2720962985156,194.232177734375,NEUTRAL_SIGNAL,0.37900439669587466,0.280119528548743,True,0.0,HOLD,10000.0,0,0.0,10000.0,"Conservative trader saw NEUTRAL_SIGNAL with bullish_probability=0.28, confidence=0.38, probability_margin=0.04, trend_filter_passed=True, rule=neutral_hold, target_allocation=0.00%."
2025-08-05,2025-08-06,194.0625664055758,195.64898681640625,NEUTRAL_SIGNAL,0.4228294313007941,0.2982837611703292,True,0.0,HOLD,10000.0,0,0.0,10000.0,"Conservative trader saw NEUTRAL_SIGNAL with bullish_probability=0.30, confidence=0.42, probability_margin=0.12, trend_filter_passed=True, rule=neutral_hold, target_allocation=0.00%."
2025-08-06,2025-08-07,196.6167969951023,196.07801818847656,NEUTRAL_SIGNAL,0.48054280696713997,0.26943587958971127,True,0.0,HOLD,10000.0,0,0.0,10000.0,"Conservative trader saw NEUTRAL_SIGNAL with bullish_probability=0.27, confidence=0.48, probability_margin=0.21, trend_filter_passed=True, rule=neutral_hold, target_allocation=0.00%."
2025-08-07,2025-08-08,196.7764442791972,200.9669952392578,NEUTRAL_SIGNAL,0.4481110428171205,0.19912178290383092,True,0.0,HOLD,10000.0,0,0.0,10000.0,"Conservative trader saw NEUTRAL_SIGNAL with bullish_probability=0.20, confidence=0.45, probability_margin=0.10, trend_filter_passed=True, rule=neutral_hold, target_allocation=0.00%."
2025-08-08,2025-08-11,200.48808049350347,200.54794311523438,BEARISH_SIGNAL,0.5057418260145264,0.13404178647175993,True,0.0,HOLD,10000.0,0,0.0,10000.0,"Conservative trader saw BEARISH_SIGNAL with bullish_probability=0.13, confidence=0.51, probability_margin=0.15, trend_filter_passed=True, rule=bearish_exit, target_allocation=0.00%."
2025-08-11,2025-08-12,200.91710457512625,202.88267517089844,NEUTRAL_SIGNAL,0.5094542668612944,0.18386260781566197,True,0.0,HOLD,10000.0,0,0.0,10000.0,"Conservative trader saw NEUTRAL_SIGNAL with bullish_probability=0.18, confidence=0.51, probability_margin=0.20, trend_filter_passed=True, rule=neutral_hold, target_allocation=0.00%."
2025-08-12,2025-08-13,203.6709007567403,201.5057830810547,BEARISH_SIGNAL,0.49361112577562066,0.11818417187117695,True,0.0,HOLD,10000.0,0,0.0,10000.0,"Conservative trader saw BEARISH_SIGNAL with bullish_probability=0.12, confidence=0.49, probability_margin=0.11, trend_filter_passed=True, rule=bearish_exit, target_allocation=0.00%."
2025-08-13,2025-08-14,201.0468177297292,202.48358154296875,NEUTRAL_SIGNAL,0.4069235476914777,0.2664767777529197,True,0.0,HOLD,10000.0,0,0.0,10000.0,"Conservative trader saw NEUTRAL_SIGNAL with bullish_probability=0.27, confidence=0.41, probability_margin=0.08, trend_filter_passed=True, rule=neutral_hold, target_allocation=0.00%."
2025-08-14,2025-08-15,203.39154613868575,203.44142150878906,NEUTRAL_SIGNAL,0.4213873438946373,0.20119199129851972,True,0.0,HOLD,10000.0,0,0.0,10000.0,"Conservative trader saw NEUTRAL_SIGNAL with bullish_probability=0.20, confidence=0.42, probability_margin=0.04, trend_filter_passed=True, rule=neutral_hold, target_allocation=0.00%."
2025-08-15,2025-08-18,203.74073522255918,203.0423126220703,NEUTRAL_SIGNAL,0.40038979125274937,0.28666640412892025,True,0.0,HOLD,10000.0,0,0.0,10000.0,"Conservative trader saw NEUTRAL_SIGNAL with bullish_probability=0.29, confidence=0.40, probability_margin=0.09, trend_filter_passed=True, rule=neutral_hold, target_allocation=0.00%."
2025-08-18,2025-08-19,202.57337657986534,201.11666870117188,NEUTRAL_SIGNAL,0.5195689418999497,0.18682527642850089,True,0.0,HOLD,10000.0,0,0.0,10000.0,"Conservative trader saw NEUTRAL_SIGNAL with bullish_probability=0.19, confidence=0.52, probability_margin=0.23, trend_filter_passed=True, rule=neutral_hold, target_allocation=0.00%."
2025-08-19,2025-08-20,200.278551944333,198.87173461914062,NEUTRAL_SIGNAL,0.3945772342931859,0.2717400969629538,True,0.0,HOLD,10000.0,0,0.0,10000.0,"Conservative trader saw NEUTRAL_SIGNAL with bullish_probability=0.27, confidence=0.39, probability_margin=0.06, trend_filter_passed=True, rule=neutral_hold, target_allocation=0.00%."
2025-08-20,2025-08-21,199.3007354736328,199.3007354736328,BULLISH_SIGNAL,0.38762249669397664,0.38762249669397664,True,0.0,HOLD,10000.0,0,0.0,10000.0,"Conservative trader saw BULLISH_SIGNAL with bullish_probability=0.39, confidence=0.39, probability_margin=0.04, trend_filter_passed=True, rule=neutral_hold, target_allocation=0.00%."
2025-08-21,2025-08-22,202.27403645691825,205.62648010253906,BULLISH_SIGNAL,0.4086721095990651,0.4086721095990651,True,0.0,HOLD,10000.0,0,0.0,10000.0,"Conservative trader saw BULLISH_SIGNAL with bullish_probability=0.41, confidence=0.41, probability_margin=0.10, trend_filter_passed=True, rule=neutral_hold, target_allocation=0.00%."
2025-08-22,2025-08-25,205.96572314134983,208.02110290527344,BULLISH_SIGNAL,0.3732240472088914,0.3732240472088914,True,0.0,HOLD,10000.0,0,0.0,10000.0,"Conservative trader saw BULLISH_SIGNAL with bullish_probability=0.37, confidence=0.37, probability_margin=0.05, trend_filter_passed=True, rule=neutral_hold, target_allocation=0.00%."
2025-08-25,2025-08-26,207.0432962842493,206.67413330078125,NEUTRAL_SIGNAL,0.3735589551249687,0.2591888257743096,True,0.0,HOLD,10000.0,0,0.0,10000.0,"Conservative trader saw NEUTRAL_SIGNAL with bullish_probability=0.26, confidence=0.37, probability_margin=0.01, trend_filter_passed=True, rule=neutral_hold, target_allocation=0.00%."
2025-08-26,2025-08-27,205.2373711930947,207.01336669921875,NEUTRAL_SIGNAL,0.414159018755495,0.31572198569814847,True,0.0,HOLD,10000.0,0,0.0,10000.0,"Conservative trader saw NEUTRAL_SIGNAL with bullish_probability=0.32, confidence=0.41, probability_margin=0.10, trend_filter_passed=True, rule=neutral_hold, target_allocation=0.00%."
2025-08-27,2025-08-28,206.78389053195886,211.1640167236328,NEUTRAL_SIGNAL,0.48004415795376426,0.26779491875020894,True,0.0,HOLD,10000.0,0,0.0,10000.0,"Conservative trader saw NEUTRAL_SIGNAL with bullish_probability=0.27, confidence=0.48, probability_margin=0.21, trend_filter_passed=True, rule=neutral_hold, target_allocation=0.00%."
2025-08-28,2025-08-29,210.0365560843286,212.43116760253906,NEUTRAL_SIGNAL,0.41846945124429513,0.18396985668306423,True,0.0,HOLD,10000.0,0,0.0,10000.0,"Conservative trader saw NEUTRAL_SIGNAL with bullish_probability=0.18, confidence=0.42, probability_margin=0.02, trend_filter_passed=True, rule=neutral_hold, target_allocation=0.00%."
2025-08-29,2025-09-02,207.97120545801465,210.87466430664062,NEUTRAL_SIGNAL,0.42911776954861525,0.15454711839802834,True,0.0,HOLD,10000.0,0,0.0,10000.0,"Conservative trader saw NEUTRAL_SIGNAL with bullish_probability=0.15, confidence=0.43, probability_margin=0.01, trend_filter_passed=True, rule=neutral_hold, target_allocation=0.00%."
2025-09-02,2025-09-03,225.7012317514145,230.14122009277344,NEUTRAL_SIGNAL,0.37691926593933023,0.29034867056925684,True,0.0,HOLD,10000.0,0,0.0,10000.0,"Conservative trader saw NEUTRAL_SIGNAL with bullish_probability=0.29, confidence=0.38, probability_margin=0.04, trend_filter_passed=True, rule=neutral_hold, target_allocation=0.00%."
2025-09-03,2025-09-04,229.1335081222656,231.77755737304688,BEARISH_SIGNAL,0.5591067085674354,0.12399350724641209,True,0.0,HOLD,10000.0,0,0.0,10000.0,"Conservative trader saw BEARISH_SIGNAL with bullish_probability=0.12, confidence=0.56, probability_margin=0.24, trend_filter_passed=True, rule=bearish_exit, target_allocation=0.00%."
2025-09-04,2025-09-05,231.677760445174,234.47146606445312,NEUTRAL_SIGNAL,0.480606303740021,0.16767348298025447,True,0.0,HOLD,10000.0,0,0.0,10000.0,"Conservative trader saw NEUTRAL_SIGNAL with bullish_probability=0.17, confidence=0.48, probability_margin=0.13, trend_filter_passed=True, rule=neutral_hold, target_allocation=0.00%."
2025-09-05,2025-09-08,235.15054099905157,233.72247314453125,NEUTRAL_SIGNAL,0.44873766376339924,0.21335555217527136,True,0.0,HOLD,10000.0,0,0.0,10000.0,"Conservative trader saw NEUTRAL_SIGNAL with bullish_probability=0.21, confidence=0.45, probability_margin=0.11, trend_filter_passed=True, rule=neutral_hold, target_allocation=0.00%."
2025-09-08,2025-09-09,233.85231685973005,239.30491638183594,NEUTRAL_SIGNAL,0.563322434375234,0.20274366828503895,True,0.0,HOLD,10000.0,0,0.0,10000.0,"Conservative trader saw NEUTRAL_SIGNAL with bullish_probability=0.20, confidence=0.56, probability_margin=0.33, trend_filter_passed=True, rule=neutral_hold, target_allocation=0.00%."
2025-09-09,2025-09-10,238.5758820575914,238.84552001953125,NEUTRAL_SIGNAL,0.4279609144564107,0.1803630685691222,True,0.0,HOLD,10000.0,0,0.0,10000.0,"Conservative trader saw NEUTRAL_SIGNAL with bullish_probability=0.18, confidence=0.43, probability_margin=0.04, trend_filter_passed=True, rule=neutral_hold, target_allocation=0.00%."
2025-09-10,2025-09-11,239.55457404217233,240.0438995361328,NEUTRAL_SIGNAL,0.5942799543942889,0.18527976032731297,True,0.0,HOLD,10000.0,0,0.0,10000.0,"Conservative trader saw NEUTRAL_SIGNAL with bullish_probability=0.19, confidence=0.59, probability_margin=0.37, trend_filter_passed=True, rule=neutral_hold, target_allocation=0.00%."
2025-09-11,2025-09-12,240.04388783032,240.4733123779297,NEUTRAL_SIGNAL,0.5810565405248428,0.13837582949771682,True,0.0,HOLD,10000.0,0,0.0,10000.0,"Conservative trader saw NEUTRAL_SIGNAL with bullish_probability=0.14, confidence=0.58, probability_margin=0.30, trend_filter_passed=True, rule=neutral_hold, target_allocation=0.00%."
2025-09-12,2025-09-15,244.32807821701437,251.26864624023438,NEUTRAL_SIGNAL,0.6264541226999104,0.1748945178090139,True,0.0,HOLD,10000.0,0,0.0,10000.0,"Conservative trader saw NEUTRAL_SIGNAL with bullish_probability=0.17, confidence=0.63, probability_margin=0.43, trend_filter_passed=True, rule=neutral_hold, target_allocation=0.00%."
2025-09-15,2025-09-16,251.73800966841424,250.8192596435547,BEARISH_SIGNAL,0.5523871836706132,0.09980367024627211,True,0.0,HOLD,10000.0,0,0.0,10000.0,"Conservative trader saw BEARISH_SIGNAL with bullish_probability=0.10, confidence=0.55, probability_margin=0.20, trend_filter_passed=True, rule=bearish_exit, target_allocation=0.00%."
2025-09-16,2025-09-17,250.87917693990602,249.19146728515625,NEUTRAL_SIGNAL,0.5542704808747623,0.12878728233170844,True,0.0,HOLD,10000.0,0,0.0,10000.0,"Conservative trader saw NEUTRAL_SIGNAL with bullish_probability=0.13, confidence=0.55, probability_margin=0.24, trend_filter_passed=True, rule=neutral_hold, target_allocation=0.00%."
2025-09-17,2025-09-18,251.338548569648,251.68807983398438,NEUTRAL_SIGNAL,0.507262349778815,0.18986746325982914,True,0.0,HOLD,10000.0,0,0.0,10000.0,"Conservative trader saw NEUTRAL_SIGNAL with bullish_probability=0.19, confidence=0.51, probability_margin=0.20, trend_filter_passed=True, rule=neutral_hold, target_allocation=0.00%."
2025-09-18,2025-09-19,252.90642848071656,254.3744354248047,NEUTRAL_SIGNAL,0.5555601302048458,0.12898310947590455,True,0.0,HOLD,10000.0,0,0.0,10000.0,"Conservative trader saw NEUTRAL_SIGNAL with bullish_probability=0.13, confidence=0.56, probability_margin=0.24, trend_filter_passed=True, rule=neutral_hold, target_allocation=0.00%."
2025-09-19,2025-09-22,254.0848093772248,252.18739318847656,NEUTRAL_SIGNAL,0.4964300508971588,0.11605957135445599,True,0.0,HOLD,10000.0,0,0.0,10000.0,"Conservative trader saw NEUTRAL_SIGNAL with bullish_probability=0.12, confidence=0.50, probability_margin=0.11, trend_filter_passed=True, rule=neutral_hold, target_allocation=0.00%."
2025-09-22,2025-09-23,252.69670571321294,251.31858825683594,NEUTRAL_SIGNAL,0.4773988180452548,0.2521566129320247,True,0.0,HOLD,10000.0,0,0.0,10000.0,"Conservative trader saw NEUTRAL_SIGNAL with bullish_probability=0.25, confidence=0.48, probability_margin=0.21, trend_filter_passed=True, rule=neutral_hold, target_allocation=0.00%."
2025-09-23,2025-09-24,251.31857470864836,246.80470275878906,NEUTRAL_SIGNAL,0.5254943961782661,0.2082225134820862,True,0.0,HOLD,10000.0,0,0.0,10000.0,"Conservative trader saw NEUTRAL_SIGNAL with bullish_probability=0.21, confidence=0.53, probability_margin=0.26, trend_filter_passed=True, rule=neutral_hold, target_allocation=0.00%."
2025-09-24,2025-09-25,244.06842931794486,245.45654296875,NEUTRAL_SIGNAL,0.42589063982301506,0.367429906944258,True,0.0,HOLD,10000.0,0,0.0,10000.0,"Conservative trader saw NEUTRAL_SIGNAL with bullish_probability=0.37, confidence=0.43, probability_margin=0.06, trend_filter_passed=True, rule=neutral_hold, target_allocation=0.00%."
2025-09-25,2025-09-26,246.73481561544992,246.2055206298828,NEUTRAL_SIGNAL,0.40393636711653574,0.3751944843815734,True,0.0,HOLD,10000.0,0,0.0,10000.0,"Conservative trader saw NEUTRAL_SIGNAL with bullish_probability=0.38, confidence=0.40, probability_margin=0.03, trend_filter_passed=True, rule=neutral_hold, target_allocation=0.00%."
2025-09-26,2025-09-29,247.51375020937843,243.71890258789062,NEUTRAL_SIGNAL,0.475417613201656,0.3129209962089934,True,0.0,HOLD,10000.0,0,0.0,10000.0,"Conservative trader saw NEUTRAL_SIGNAL with bullish_probability=0.31, confidence=0.48, probability_margin=0.16, trend_filter_passed=True, rule=neutral_hold, target_allocation=0.00%."
2025-09-29,2025-09-30,242.48058753408858,242.77020263671875,BULLISH_SIGNAL,0.40245822385993857,0.40245822385993857,True,0.0,HOLD,10000.0,0,0.0,10000.0,"Conservative trader saw BULLISH_SIGNAL with bullish_probability=0.40, confidence=0.40, probability_margin=0.04, trend_filter_passed=True, rule=neutral_hold, target_allocation=0.00%."
2025-09-30,2025-10-01,240.42338523813993,244.5677490234375,BULLISH_SIGNAL,0.4330418558155715,0.4330418558155715,True,0.0,HOLD,10000.0,0,0.0,10000.0,"Conservative trader saw BULLISH_SIGNAL with bullish_probability=0.43, confidence=0.43, probability_margin=0.12, trend_filter_passed=True, rule=neutral_hold, target_allocation=0.00%."
2025-10-01,2025-10-02,244.81739828037135,245.35667419433594,BEARISH_SIGNAL,0.36434839985529105,0.32892000673481003,True,0.0,HOLD,10000.0,0,0.0,10000.0,"Conservative trader saw BEARISH_SIGNAL with bullish_probability=0.33, confidence=0.36, probability_margin=0.04, trend_filter_passed=True, rule=bearish_exit, target_allocation=0.00%."
2025-10-02,2025-10-03,244.15831699237452,245.01715087890625,BEARISH_SIGNAL,0.37366393264391834,0.2759186035877905,True,0.0,HOLD,10000.0,0,0.0,10000.0,"Conservative trader saw BEARISH_SIGNAL with bullish_probability=0.28, confidence=0.37, probability_margin=0.02, trend_filter_passed=True, rule=bearish_exit, target_allocation=0.00%."
2025-10-03,2025-10-06,244.44791178946252,250.09024047851562,BEARISH_SIGNAL,0.38543847350265636,0.2923019917177836,True,0.0,HOLD,10000.0,0,0.0,10000.0,"Conservative trader saw BEARISH_SIGNAL with bullish_probability=0.29, confidence=0.39, probability_margin=0.06, trend_filter_passed=True, rule=bearish_exit, target_allocation=0.00%."
2025-10-06,2025-10-07,247.93317917084852,245.42657470703125,BEARISH_SIGNAL,0.4100271932387305,0.2962384852445013,True,0.0,HOLD,10000.0,0,0.0,10000.0,"Conservative trader saw BEARISH_SIGNAL with bullish_probability=0.30, confidence=0.41, probability_margin=0.11, trend_filter_passed=True, rule=bearish_exit, target_allocation=0.00%."
2025-10-07,2025-10-08,244.62768203424937,244.2881317138672,BULLISH_SIGNAL,0.3548498531149967,0.3548498531149967,True,0.0,HOLD,10000.0,0,0.0,10000.0,"Conservative trader saw BULLISH_SIGNAL with bullish_probability=0.35, confidence=0.35, probability_margin=0.01, trend_filter_passed=True, rule=neutral_hold, target_allocation=0.00%."
2025-10-08,2025-10-09,244.13833003954065,241.2023162841797,BEARISH_SIGNAL,0.37556320056569376,0.3303088160253583,True,0.0,HOLD,10000.0,0,0.0,10000.0,"Conservative trader saw BEARISH_SIGNAL with bullish_probability=0.33, confidence=0.38, probability_margin=0.05, trend_filter_passed=True, rule=bearish_exit, target_allocation=0.00%."
2025-10-09,2025-10-10,241.10246136059908,236.2490692138672,BEARISH_SIGNAL,0.34719403510238955,0.3237515530658969,True,0.0,HOLD,10000.0,0,0.0,10000.0,"Conservative trader saw BEARISH_SIGNAL with bullish_probability=0.32, confidence=0.35, probability_margin=0.02, trend_filter_passed=True, rule=bearish_exit, target_allocation=0.00%."
2025-10-10,2025-10-13,239.88411429337978,243.81875610351562,BULLISH_SIGNAL,0.45490593169355703,0.45490593169355703,True,0.0,HOLD,10000.0,0,0.0,10000.0,"Conservative trader saw BULLISH_SIGNAL with bullish_probability=0.45, confidence=0.45, probability_margin=0.16, trend_filter_passed=True, rule=neutral_hold, target_allocation=0.00%."
2025-10-13,2025-10-14,240.9027132904423,245.1169891357422,BEARISH_SIGNAL,0.40711828179774384,0.3841071051161194,True,0.0,HOLD,10000.0,0,0.0,10000.0,"Conservative trader saw BEARISH_SIGNAL with bullish_probability=0.38, confidence=0.41, probability_margin=0.02, trend_filter_passed=True, rule=bearish_exit, target_allocation=0.00%."
2025-10-14,2025-10-15,246.91455220927548,250.68942260742188,BEARISH_SIGNAL,0.40814766975854655,0.36030403339315825,True,0.0,HOLD,10000.0,0,0.0,10000.0,"Conservative trader saw BEARISH_SIGNAL with bullish_probability=0.36, confidence=0.41, probability_margin=0.05, trend_filter_passed=True, rule=bearish_exit, target_allocation=0.00%."
2025-10-15,2025-10-16,251.42842769264908,251.1188507080078,BEARISH_SIGNAL,0.3976425838785518,0.3451787721729149,True,0.0,HOLD,10000.0,0,0.0,10000.0,"Conservative trader saw BEARISH_SIGNAL with bullish_probability=0.35, confidence=0.40, probability_margin=0.05, trend_filter_passed=True, rule=bearish_exit, target_allocation=0.00%."
2025-10-16,2025-10-17,250.4197821526697,252.9563446044922,BEARISH_SIGNAL,0.38257800770793987,0.31316458573518086,True,0.0,HOLD,10000.0,0,0.0,10000.0,"Conservative trader saw BEARISH_SIGNAL with bullish_probability=0.31, confidence=0.38, probability_margin=0.07, trend_filter_passed=True, rule=bearish_exit, target_allocation=0.00%."
2025-10-17,2025-10-20,254.3444728441902,256.2019348144531,BEARISH_SIGNAL,0.39088305562065967,0.2644009949096013,True,0.0,HOLD,10000.0,0,0.0,10000.0,"Conservative trader saw BEARISH_SIGNAL with bullish_probability=0.26, confidence=0.39, probability_margin=0.05, trend_filter_passed=True, rule=bearish_exit, target_allocation=0.00%."
2025-10-20,2025-10-21,254.39440086428343,250.12020874023438,NEUTRAL_SIGNAL,0.4329171409140571,0.2841459564295973,True,0.0,HOLD,10000.0,0,0.0,10000.0,"Conservative trader saw NEUTRAL_SIGNAL with bullish_probability=0.28, confidence=0.43, probability_margin=0.15, trend_filter_passed=True, rule=neutral_hold, target_allocation=0.00%."
2025-10-21,2025-10-22,254.02489806023604,251.34854125976562,BULLISH_SIGNAL,0.38477952038589713,0.38477952038589713,True,0.0,HOLD,10000.0,0,0.0,10000.0,"Conservative trader saw BULLISH_SIGNAL with bullish_probability=0.38, confidence=0.38, probability_margin=0.07, trend_filter_passed=True, rule=neutral_hold, target_allocation=0.00%."
2025-10-22,2025-10-23,252.63679338694976,252.73666381835938,BULLISH_SIGNAL,0.41126264841017635,0.41126264841017635,True,0.0,HOLD,10000.0,0,0.0,10000.0,"Conservative trader saw BULLISH_SIGNAL with bullish_probability=0.41, confidence=0.41, probability_margin=0.10, trend_filter_passed=True, rule=neutral_hold, target_allocation=0.00%."
2025-10-23,2025-10-24,256.23188733462473,259.5673828125,BEARISH_SIGNAL,0.3422153093733899,0.33748851339112834,True,0.0,HOLD,10000.0,0,0.0,10000.0,"Conservative trader saw BEARISH_SIGNAL with bullish_probability=0.34, confidence=0.34, probability_margin=0.00, trend_filter_passed=True, rule=bearish_exit, target_allocation=0.00%."
2025-10-24,2025-10-27,264.4607188078389,268.9046630859375,NEUTRAL_SIGNAL,0.3725406259100379,0.30476360701539384,True,0.0,HOLD,10000.0,0,0.0,10000.0,"Conservative trader saw NEUTRAL_SIGNAL with bullish_probability=0.30, confidence=0.37, probability_margin=0.05, trend_filter_passed=True, rule=neutral_hold, target_allocation=0.00%."
2025-10-27,2025-10-28,269.3241367489819,267.1071472167969,BEARISH_SIGNAL,0.4908662680467926,0.1550634735351934,True,0.0,HOLD,10000.0,0,0.0,10000.0,"Conservative trader saw BEARISH_SIGNAL with bullish_probability=0.16, confidence=0.49, probability_margin=0.14, trend_filter_passed=True, rule=bearish_exit, target_allocation=0.00%."
2025-10-28,2025-10-29,267.38675485794886,274.197509765625,NEUTRAL_SIGNAL,0.45277144280446796,0.24911742639612194,True,0.0,HOLD,10000.0,0,0.0,10000.0,"Conservative trader saw NEUTRAL_SIGNAL with bullish_probability=0.25, confidence=0.45, probability_margin=0.15, trend_filter_passed=True, rule=neutral_hold, target_allocation=0.00%."
2025-10-29,2025-10-30,291.1944142933695,281.09814453125,BEARISH_SIGNAL,0.46870788948783304,0.17462600380864046,True,0.0,HOLD,10000.0,0,0.0,10000.0,"Conservative trader saw BEARISH_SIGNAL with bullish_probability=0.17, confidence=0.47, probability_margin=0.11, trend_filter_passed=True, rule=bearish_exit, target_allocation=0.00%."
2025-10-30,2025-10-31,282.82575062167336,280.8085021972656,BEARISH_SIGNAL,0.43030595932356286,0.1972706579940896,True,0.0,HOLD,10000.0,0,0.0,10000.0,"Conservative trader saw BEARISH_SIGNAL with bullish_probability=0.20, confidence=0.43, probability_margin=0.06, trend_filter_passed=True, rule=bearish_exit, target_allocation=0.00%."
2025-10-31,2025-11-03,281.797163766903,283.3350830078125,NEUTRAL_SIGNAL,0.5094840539197887,0.2014083701903123,True,0.0,HOLD,10000.0,0,0.0,10000.0,"Conservative trader saw NEUTRAL_SIGNAL with bullish_probability=0.20, confidence=0.51, probability_margin=0.22, trend_filter_passed=True, rule=neutral_hold, target_allocation=0.00%."
2025-11-03,2025-11-04,276.374515458966,277.1634521484375,NEUTRAL_SIGNAL,0.5062694358486785,0.13525221000762425,True,0.0,HOLD,10000.0,0,0.0,10000.0,"Conservative trader saw NEUTRAL_SIGNAL with bullish_probability=0.14, confidence=0.51, probability_margin=0.15, trend_filter_passed=True, rule=neutral_hold, target_allocation=0.00%."
2025-11-04,2025-11-05,278.49163374098424,283.92425537109375,NEUTRAL_SIGNAL,0.44187756614791046,0.3008095973278462,True,0.0,HOLD,10000.0,0,0.0,10000.0,"Conservative trader saw NEUTRAL_SIGNAL with bullish_probability=0.30, confidence=0.44, probability_margin=0.14, trend_filter_passed=True, rule=neutral_hold, target_allocation=0.00%."
2025-11-05,2025-11-06,284.9428776795432,284.3636779785156,NEUTRAL_SIGNAL,0.5065852663412568,0.19769618551951482,True,0.0,HOLD,10000.0,0,0.0,10000.0,"Conservative trader saw NEUTRAL_SIGNAL with bullish_probability=0.20, confidence=0.51, probability_margin=0.21, trend_filter_passed=True, rule=neutral_hold, target_allocation=0.00%."
2025-11-06,2025-11-07,282.8257840870045,278.45172119140625,NEUTRAL_SIGNAL,0.5343939082104823,0.2280470939836861,True,0.0,HOLD,10000.0,0,0.0,10000.0,"Conservative trader saw NEUTRAL_SIGNAL with bullish_probability=0.23, confidence=0.53, probability_margin=0.30, trend_filter_passed=True, rule=neutral_hold, target_allocation=0.00%."
2025-11-07,2025-11-10,284.03413439651047,289.7064208984375,NEUTRAL_SIGNAL,0.41168963136782005,0.3841643614436251,True,0.0,HOLD,10000.0,0,0.0,10000.0,"Conservative trader saw NEUTRAL_SIGNAL with bullish_probability=0.38, confidence=0.41, probability_margin=0.03, trend_filter_passed=True, rule=neutral_hold, target_allocation=0.00%."
2025-11-10,2025-11-11,287.35962699643375,290.914794921875,BEARISH_SIGNAL,0.400768470257453,0.21470117125868649,True,0.0,HOLD,10000.0,0,0.0,10000.0,"Conservative trader saw BEARISH_SIGNAL with bullish_probability=0.21, confidence=0.40, probability_margin=0.02, trend_filter_passed=True, rule=bearish_exit, target_allocation=0.00%."
2025-11-11,2025-11-12,291.2842728658537,286.3210144042969,NEUTRAL_SIGNAL,0.5617433229160468,0.20749664131320353,True,0.0,HOLD,10000.0,0,0.0,10000.0,"Conservative trader saw NEUTRAL_SIGNAL with bullish_probability=0.21, confidence=0.56, probability_margin=0.33, trend_filter_passed=True, rule=neutral_hold, target_allocation=0.00%."
2025-11-12,2025-11-13,281.9569519907634,278.19207763671875,NEUTRAL_SIGNAL,0.42285211551207186,0.31862283231752214,True,0.0,HOLD,10000.0,0,0.0,10000.0,"Conservative trader saw NEUTRAL_SIGNAL with bullish_probability=0.32, confidence=0.42, probability_margin=0.10, trend_filter_passed=True, rule=neutral_hold, target_allocation=0.00%."
2025-11-13,2025-11-14,271.04178706348836,276.0350036621094,BULLISH_SIGNAL,0.43939701744889087,0.43939701744889087,True,0.0,HOLD,10000.0,0,0.0,10000.0,"Conservative trader saw BULLISH_SIGNAL with bullish_probability=0.44, confidence=0.44, probability_margin=0.10, trend_filter_passed=True, rule=neutral_hold, target_allocation=0.00%."
2025-11-14,2025-11-17,285.392279437324,284.63330078125,BULLISH_SIGNAL,0.5386947505173464,0.5386947505173464,True,0.0,HOLD,10000.0,0,0.0,10000.0,"Conservative trader saw BULLISH_SIGNAL with bullish_probability=0.54, confidence=0.54, probability_margin=0.27, trend_filter_passed=True, rule=neutral_hold, target_allocation=0.00%."
2025-11-17,2025-11-18,287.52939388700526,283.8943176269531,BULLISH_SIGNAL,0.4963430823817244,0.4963430823817244,True,0.0,HOLD,10000.0,0,0.0,10000.0,"Conservative trader saw BULLISH_SIGNAL with bullish_probability=0.50, confidence=0.50, probability_margin=0.24, trend_filter_passed=True, rule=neutral_hold, target_allocation=0.00%."
2025-11-18,2025-11-19,286.77042153983126,292.4127502441406,BULLISH_SIGNAL,0.4039589201568366,0.4039589201568366,True,0.0,HOLD,10000.0,0,0.0,10000.0,"Conservative trader saw BULLISH_SIGNAL with bullish_probability=0.40, confidence=0.40, probability_margin=0.08, trend_filter_passed=True, rule=neutral_hold, target_allocation=0.00%."
2025-11-19,2025-11-20,304.1268355762142,289.05731201171875,BEARISH_SIGNAL,0.37748327098094336,0.2709033355008547,True,0.0,HOLD,10000.0,0,0.0,10000.0,"Conservative trader saw BEARISH_SIGNAL with bullish_probability=0.27, confidence=0.38, probability_margin=0.03, trend_filter_passed=True, rule=bearish_exit, target_allocation=0.00%."
2025-11-20,2025-11-21,296.0178842040454,299.25347900390625,BULLISH_SIGNAL,0.3431425860441788,0.3431425860441788,True,0.0,HOLD,10000.0,0,0.0,10000.0,"Conservative trader saw BULLISH_SIGNAL with bullish_probability=0.34, confidence=0.34, probability_margin=0.01, trend_filter_passed=True, rule=neutral_hold, target_allocation=0.00%."
2025-11-21,2025-11-24,310.70789188393536,318.14776611328125,BEARISH_SIGNAL,0.48671037825210856,0.2029492193543482,True,0.0,HOLD,10000.0,0,0.0,10000.0,"Conservative trader saw BEARISH_SIGNAL with bullish_probability=0.20, confidence=0.49, probability_margin=0.18, trend_filter_passed=True, rule=bearish_exit, target_allocation=0.00%."
2025-11-24,2025-11-25,325.767421144808,323.0011901855469,BEARISH_SIGNAL,0.5472540706138891,0.15778068811790735,True,0.0,HOLD,10000.0,0,0.0,10000.0,"Conservative trader saw BEARISH_SIGNAL with bullish_probability=0.16, confidence=0.55, probability_margin=0.25, trend_filter_passed=True, rule=bearish_exit, target_allocation=0.00%."
2025-11-25,2025-11-26,320.2449508538883,319.5159606933594,BEARISH_SIGNAL,0.4292293572404291,0.1477958525438223,True,0.0,HOLD,10000.0,0,0.0,10000.0,"Conservative trader saw BEARISH_SIGNAL with bullish_probability=0.15, confidence=0.43, probability_margin=0.01, trend_filter_passed=True, rule=bearish_exit, target_allocation=0.00%."
2025-11-26,2025-11-28,322.9313108653273,319.7456359863281,NEUTRAL_SIGNAL,0.47512894627881425,0.2215279578116475,True,0.0,HOLD,10000.0,0,0.0,10000.0,"Conservative trader saw NEUTRAL_SIGNAL with bullish_probability=0.22, confidence=0.48, probability_margin=0.17, trend_filter_passed=True, rule=neutral_hold, target_allocation=0.00%."
2025-11-28,2025-12-01,317.2690150587685,314.46282958984375,NEUTRAL_SIGNAL,0.5657662868796303,0.2181062936645698,True,0.0,HOLD,10000.0,0,0.0,10000.0,"Conservative trader saw NEUTRAL_SIGNAL with bullish_probability=0.22, confidence=0.57, probability_margin=0.35, trend_filter_passed=True, rule=neutral_hold, target_allocation=0.00%."
2025-12-01,2025-12-02,316.3102616947243,315.38153076171875,NEUTRAL_SIGNAL,0.4340113953162008,0.2981499622155186,True,0.0,HOLD,10000.0,0,0.0,10000.0,"Conservative trader saw NEUTRAL_SIGNAL with bullish_probability=0.30, confidence=0.43, probability_margin=0.14, trend_filter_passed=True, rule=neutral_hold, target_allocation=0.00%."
2025-12-02,2025-12-03,315.4614340573081,319.19635009765625,NEUTRAL_SIGNAL,0.5459285166859762,0.3231913219473594,True,0.0,HOLD,10000.0,0,0.0,10000.0,"Conservative trader saw NEUTRAL_SIGNAL with bullish_probability=0.32, confidence=0.55, probability_margin=0.22, trend_filter_passed=True, rule=neutral_hold, target_allocation=0.00%."
2025-12-03,2025-12-04,321.7928484740126,317.1890869140625,NEUTRAL_SIGNAL,0.5039185245529846,0.29882439100081726,True,0.0,HOLD,10000.0,0,0.0,10000.0,"Conservative trader saw NEUTRAL_SIGNAL with bullish_probability=0.30, confidence=0.50, probability_margin=0.21, trend_filter_passed=True, rule=neutral_hold, target_allocation=0.00%."
2025-12-04,2025-12-05,319.05652267664885,320.8341064453125,NEUTRAL_SIGNAL,0.450714461834667,0.3783300807537739,True,0.0,HOLD,10000.0,0,0.0,10000.0,"Conservative trader saw NEUTRAL_SIGNAL with bullish_probability=0.38, confidence=0.45, probability_margin=0.07, trend_filter_passed=True, rule=neutral_hold, target_allocation=0.00%."
2025-12-05,2025-12-08,319.82486263347363,313.49932861328125,NEUTRAL_SIGNAL,0.5734906716062206,0.22995930479946897,True,0.0,HOLD,10000.0,0,0.0,10000.0,"Conservative trader saw NEUTRAL_SIGNAL with bullish_probability=0.23, confidence=0.57, probability_margin=0.34, trend_filter_passed=True, rule=neutral_hold, target_allocation=0.00%."
2025-12-08,2025-12-09,312.15025542764414,316.85693359375,BULLISH_SIGNAL,0.5243953195028317,0.5243953195028317,True,0.0,HOLD,10000.0,0,0.0,10000.0,"Conservative trader saw BULLISH_SIGNAL with bullish_probability=0.52, confidence=0.52, probability_margin=0.20, trend_filter_passed=True, rule=neutral_hold, target_allocation=0.00%."
2025-12-09,2025-12-10,315.6078174223929,319.9847412109375,NEUTRAL_SIGNAL,0.34835194105332806,0.33229468176723187,True,0.0,HOLD,10000.0,0,0.0,10000.0,"Conservative trader saw NEUTRAL_SIGNAL with bullish_probability=0.33, confidence=0.35, probability_margin=0.02, trend_filter_passed=True, rule=neutral_hold, target_allocation=0.00%."
2025-12-10,2025-12-11,319.85481737290655,312.210205078125,NEUTRAL_SIGNAL,0.39959639868616376,0.2736766585338422,True,0.0,HOLD,10000.0,0,0.0,10000.0,"Conservative trader saw NEUTRAL_SIGNAL with bullish_probability=0.27, confidence=0.40, probability_margin=0.07, trend_filter_passed=True, rule=neutral_hold, target_allocation=0.00%."
2025-12-11,2025-12-12,313.47935032153816,309.07244873046875,BULLISH_SIGNAL,0.4523534451053111,0.4523534451053111,True,0.0,HOLD,10000.0,0,0.0,10000.0,"Conservative trader saw BULLISH_SIGNAL with bullish_probability=0.45, confidence=0.45, probability_margin=0.13, trend_filter_passed=True, rule=neutral_hold, target_allocation=0.00%."
2025-12-12,2025-12-15,311.1009991314403,308.003173828125,BULLISH_SIGNAL,0.5143619229300983,0.5143619229300983,True,0.0,HOLD,10000.0,0,0.0,10000.0,"Conservative trader saw BULLISH_SIGNAL with bullish_probability=0.51, confidence=0.51, probability_margin=0.21, trend_filter_passed=True, rule=neutral_hold, target_allocation=0.00%."
2025-12-15,2025-12-16,304.7354841263937,306.3543395996094,BULLISH_SIGNAL,0.4688752777959947,0.4688752777959947,True,0.0,HOLD,10000.0,0,0.0,10000.0,"Conservative trader saw BULLISH_SIGNAL with bullish_probability=0.47, confidence=0.47, probability_margin=0.14, trend_filter_passed=True, rule=neutral_hold, target_allocation=0.00%."
2025-12-16,2025-12-17,307.7933270972379,296.5112609863281,BULLISH_SIGNAL,0.4924805935300771,0.4924805935300771,True,0.0,HOLD,10000.0,0,0.0,10000.0,"Conservative trader saw BULLISH_SIGNAL with bullish_probability=0.49, confidence=0.49, probability_margin=0.18, trend_filter_passed=True, rule=neutral_hold, target_allocation=0.00%."
2025-12-17,2025-12-18,301.50775321966603,302.2472229003906,BULLISH_SIGNAL,0.4274495898977228,0.4274495898977228,True,0.0,HOLD,10000.0,0,0.0,10000.0,"Conservative trader saw BULLISH_SIGNAL with bullish_probability=0.43, confidence=0.43, probability_margin=0.07, trend_filter_passed=True, rule=neutral_hold, target_allocation=0.00%."
2025-12-18,2025-12-19,301.5177661333593,306.9439392089844,BULLISH_SIGNAL,0.4228142334781023,0.4228142334781023,True,0.0,HOLD,10000.0,0,0.0,10000.0,"Conservative trader saw BULLISH_SIGNAL with bullish_probability=0.42, confidence=0.42, probability_margin=0.05, trend_filter_passed=True, rule=neutral_hold, target_allocation=0.00%."
2025-12-19,2025-12-22,309.66200850448513,309.56207275390625,BEARISH_SIGNAL,0.38322775984123664,0.38016047308054246,True,0.0,HOLD,10000.0,0,0.0,10000.0,"Conservative trader saw BEARISH_SIGNAL with bullish_probability=0.38, confidence=0.38, probability_margin=0.00, trend_filter_passed=True, rule=bearish_exit, target_allocation=0.00%."
