ticker,model,fold,date,y_true,y_pred,confidence,bullish_probability,second_best_probability,probability_margin
GOOGL,hist_gradient_boosting,1,2019-10-03,0,1,0.7631646476155998,0.7631646476155998,0.16737413305297258,0.5957905145626272
GOOGL,hist_gradient_boosting,1,2019-10-04,0,1,0.9538883386513392,0.9538883386513392,0.04411361548425681,0.9097747231670823
GOOGL,hist_gradient_boosting,1,2019-10-07,0,1,0.996532389386497,0.996532389386497,0.002324932236467675,0.9942074571500293
GOOGL,hist_gradient_boosting,1,2019-10-08,1,1,0.9817160196219308,0.9817160196219308,0.017419123824631823,0.9642968957972989
GOOGL,hist_gradient_boosting,1,2019-10-09,1,1,0.9900980419651285,0.9900980419651285,0.009763793649978814,0.9803342483151497
GOOGL,hist_gradient_boosting,1,2019-10-10,1,1,0.9960180234515873,0.9960180234515873,0.003580788343213637,0.9924372351083737
GOOGL,hist_gradient_boosting,1,2019-10-11,1,1,0.8857172330626283,0.8857172330626283,0.1057411896627989,0.7799760433998294
GOOGL,hist_gradient_boosting,1,2019-10-14,1,1,0.8591804043005571,0.8591804043005571,0.13655167858668985,0.7226287257138673
GOOGL,hist_gradient_boosting,1,2019-10-15,0,0,0.7322459795796675,0.21275366955254438,0.21275366955254438,0.5194923100271231
GOOGL,hist_gradient_boosting,1,2019-10-16,0,-1,0.9060156835501936,0.06765792802145967,0.06765792802145967,0.8383577555287339
GOOGL,hist_gradient_boosting,1,2019-10-17,0,-1,0.7916016944690418,0.04854533341453688,0.15985297211642135,0.6317487223526205
GOOGL,hist_gradient_boosting,1,2019-10-18,0,-1,0.604227932373159,0.3237336455795929,0.3237336455795929,0.2804942867935661
GOOGL,hist_gradient_boosting,1,2019-10-21,1,1,0.5650636808227957,0.5650636808227957,0.23657215680949972,0.32849152401329595
GOOGL,hist_gradient_boosting,1,2019-10-22,0,1,0.9063771400769564,0.9063771400769564,0.08928767366071431,0.817089466416242
GOOGL,hist_gradient_boosting,1,2019-10-23,0,0,0.9211503738933011,0.01523068746660964,0.06361893864008923,0.8575314352532118
GOOGL,hist_gradient_boosting,1,2019-10-24,0,0,0.5562496097439623,0.4142366326335465,0.4142366326335465,0.14201297711041583
GOOGL,hist_gradient_boosting,1,2019-10-25,0,0,0.9691555593309719,0.025587545441910706,0.025587545441910706,0.9435680138890612
GOOGL,hist_gradient_boosting,1,2019-10-28,0,-1,0.9673626720195635,0.014201936866027205,0.01843539111440915,0.9489272809051543
GOOGL,hist_gradient_boosting,1,2019-10-29,1,0,0.9522189853790506,0.04703342973290493,0.04703342973290493,0.9051855556461457
GOOGL,hist_gradient_boosting,1,2019-10-30,1,0,0.9725986763891216,0.026665580712670278,0.026665580712670278,0.9459330956764513
GOOGL,hist_gradient_boosting,1,2019-10-31,1,1,0.7762536559940144,0.7762536559940144,0.22245944523450747,0.553794210759507
GOOGL,hist_gradient_boosting,1,2019-11-01,1,0,0.9314465309281034,0.057920592066504906,0.057920592066504906,0.8735259388615985
GOOGL,hist_gradient_boosting,1,2019-11-04,0,0,0.9992866568285517,0.0005282011406703227,0.0005282011406703227,0.9987584556878814
GOOGL,hist_gradient_boosting,1,2019-11-05,0,0,0.9173549695168993,0.07517503372492017,0.07517503372492017,0.8421799357919791
GOOGL,hist_gradient_boosting,1,2019-11-06,0,0,0.9396932457015241,0.014273776813202941,0.046032977485273054,0.8936602682162511
GOOGL,hist_gradient_boosting,1,2019-11-07,0,0,0.9513696559970004,0.037685582169958494,0.037685582169958494,0.9136840738270419
GOOGL,hist_gradient_boosting,1,2019-11-08,0,0,0.9567957210109282,0.031538937150363155,0.031538937150363155,0.9252567838605651
GOOGL,hist_gradient_boosting,1,2019-11-11,0,0,0.956957478917336,0.006957540330081928,0.036084980752582124,0.9208724981647538
GOOGL,hist_gradient_boosting,1,2019-11-12,0,0,0.6274471287527826,0.2259816758469758,0.2259816758469758,0.4014654529058068
GOOGL,hist_gradient_boosting,1,2019-11-13,0,1,0.6604134554788794,0.6604134554788794,0.2941822656947038,0.3662311897841756
GOOGL,hist_gradient_boosting,1,2019-11-14,0,0,0.7301432061245623,0.2551061338117922,0.2551061338117922,0.4750370723127701
GOOGL,hist_gradient_boosting,1,2019-11-15,-1,0,0.6410019965981684,0.0044754723112257104,0.35452253109060605,0.2864794655075623
GOOGL,hist_gradient_boosting,1,2019-11-18,0,0,0.9710283171056266,0.0009901002696765522,0.027981582624696775,0.9430467344809299
GOOGL,hist_gradient_boosting,1,2019-11-19,0,0,0.8792945786707798,0.11014849962475856,0.11014849962475856,0.7691460790460212
GOOGL,hist_gradient_boosting,1,2019-11-20,0,0,0.7198026766114041,0.2742526815947133,0.2742526815947133,0.4455499950166908
GOOGL,hist_gradient_boosting,1,2019-11-21,0,1,0.9557029170734681,0.9557029170734681,0.04265500276148769,0.9130479143119804
GOOGL,hist_gradient_boosting,1,2019-11-22,0,1,0.9447230789629474,0.9447230789629474,0.05387136405350201,0.8908517149094454
GOOGL,hist_gradient_boosting,1,2019-11-25,0,1,0.8721786999727689,0.8721786999727689,0.12746874218598456,0.7447099577867843
GOOGL,hist_gradient_boosting,1,2019-11-26,0,0,0.5955056423575259,0.40309142650445,0.40309142650445,0.1924142158530759
GOOGL,hist_gradient_boosting,1,2019-11-27,0,1,0.9295940891819126,0.9295940891819126,0.06724497013570212,0.8623491190462105
GOOGL,hist_gradient_boosting,1,2019-11-29,1,1,0.9068620410217724,0.9068620410217724,0.09166680711646678,0.8151952339053056
GOOGL,hist_gradient_boosting,1,2019-12-02,1,1,0.997671049236122,0.997671049236122,0.0018296785658831604,0.9958413706702389
GOOGL,hist_gradient_boosting,1,2019-12-03,1,1,0.9983726659269551,0.9983726659269551,0.0013837576613150795,0.99698890826564
GOOGL,hist_gradient_boosting,1,2019-12-04,0,0,0.9348301908311101,0.06184720344384645,0.06184720344384645,0.8729829873872637
GOOGL,hist_gradient_boosting,1,2019-12-05,0,1,0.4885248303310594,0.4885248303310594,0.4416772196998111,0.046847610631248315
GOOGL,hist_gradient_boosting,1,2019-12-06,0,1,0.5655153475234208,0.5655153475234208,0.428289945402776,0.13722540212064482
GOOGL,hist_gradient_boosting,1,2019-12-09,0,1,0.9038249028769264,0.9038249028769264,0.074842182588038,0.8289827202888884
GOOGL,hist_gradient_boosting,1,2019-12-10,0,0,0.9102270614368393,0.08313038339620765,0.08313038339620765,0.8270966780406317
GOOGL,hist_gradient_boosting,1,2019-12-11,0,1,0.7853994922084994,0.7853994922084994,0.14844160511280355,0.6369578870956958
GOOGL,hist_gradient_boosting,1,2019-12-12,0,1,0.4026439692617616,0.4026439692617616,0.36239991070063715,0.04024405856112445
GOOGL,hist_gradient_boosting,1,2019-12-13,0,1,0.92106074464367,0.92106074464367,0.0657435307253038,0.8553172139183662
GOOGL,hist_gradient_boosting,1,2019-12-16,0,1,0.9424920647902585,0.9424920647902585,0.04820931732488156,0.894282747465377
GOOGL,hist_gradient_boosting,1,2019-12-17,0,1,0.9511470025338306,0.9511470025338306,0.030295514016452182,0.9208514885173784
GOOGL,hist_gradient_boosting,1,2019-12-18,0,1,0.9849667166259456,0.9849667166259456,0.010293705556196195,0.9746730110697494
GOOGL,hist_gradient_boosting,1,2019-12-19,0,1,0.5475137803450945,0.5475137803450945,0.44441050327194787,0.1031032770731466
GOOGL,hist_gradient_boosting,1,2019-12-20,0,1,0.5816515764468585,0.5816515764468585,0.35686807733541687,0.22478349911144163
GOOGL,hist_gradient_boosting,1,2019-12-23,0,1,0.979499516985437,0.979499516985437,0.01664234259775701,0.96285717438768
GOOGL,hist_gradient_boosting,1,2019-12-24,0,1,0.9836980709774709,0.9836980709774709,0.015172841220039888,0.9685252297574309
GOOGL,hist_gradient_boosting,1,2019-12-26,0,1,0.7806026864840432,0.7806026864840432,0.17790208728378146,0.6027005992002618
GOOGL,hist_gradient_boosting,1,2019-12-27,1,1,0.9348625949187526,0.9348625949187526,0.06120813378423767,0.873654461134515
GOOGL,hist_gradient_boosting,1,2019-12-30,1,1,0.9995424305476077,0.9995424305476077,0.0003515107610622386,0.9991909197865455
GOOGL,hist_gradient_boosting,1,2019-12-31,1,1,0.9989149284763439,0.9989149284763439,0.0010382069547134427,0.9978767215216304
GOOGL,hist_gradient_boosting,1,2020-01-02,1,0,0.485401655255593,0.47958340588041704,0.47958340588041704,0.005818249375175943
GOOGL,hist_gradient_boosting,1,2020-01-03,1,1,0.9808193103070498,0.9808193103070498,0.015357354797195409,0.9654619555098545
GOOGL,hist_gradient_boosting,1,2020-01-06,1,0,0.6933649409733221,0.29991713993275276,0.29991713993275276,0.39344780104056937
GOOGL,hist_gradient_boosting,1,2020-01-07,1,1,0.7803713831164758,0.7803713831164758,0.21573211375428236,0.5646392693621934
GOOGL,hist_gradient_boosting,1,2020-01-08,1,0,0.6951192132923587,0.29934327069585465,0.29934327069585465,0.39577594259650406
GOOGL,hist_gradient_boosting,1,2020-01-09,1,0,0.6991300078683996,0.28928712972268195,0.28928712972268195,0.4098428781457177
GOOGL,hist_gradient_boosting,1,2020-01-10,1,-1,0.7802996199487221,0.09673694690895655,0.12296343314232133,0.6573361868064007
GOOGL,hist_gradient_boosting,1,2020-01-13,1,0,0.6683479371785097,0.12484094464281979,0.20681111817867043,0.4615368189998393
GOOGL,hist_gradient_boosting,1,2020-01-14,1,0,0.8232040584491057,0.04824840619907909,0.1285475353518152,0.6946565230972905
GOOGL,hist_gradient_boosting,1,2020-01-15,1,1,0.724564403449978,0.724564403449978,0.1747236701863563,0.5498407332636217
GOOGL,hist_gradient_boosting,1,2020-01-16,0,-1,0.8745709106531202,0.11163603302208322,0.11163603302208322,0.762934877631037
GOOGL,hist_gradient_boosting,1,2020-01-17,-1,-1,0.9567813291293162,0.0009545638699391958,0.04226410700074443,0.9145172221285718
GOOGL,hist_gradient_boosting,1,2020-01-21,-1,-1,0.9970434661763156,0.0005448048500384226,0.0024117289736459635,0.9946317372026696
GOOGL,hist_gradient_boosting,1,2020-01-22,0,-1,0.9930667008504197,0.0002470687907755367,0.006686230358804708,0.986380470491615
GOOGL,hist_gradient_boosting,1,2020-01-23,-1,-1,0.8484349016193588,0.014381170109706418,0.13718392827093473,0.711250973348424
GOOGL,hist_gradient_boosting,1,2020-01-24,-1,-1,0.974581332029973,0.0030073446399242905,0.022411323330102817,0.9521700086998701
GOOGL,hist_gradient_boosting,1,2020-01-27,1,0,0.8561374515323038,0.136518643486114,0.136518643486114,0.7196188080461898
GOOGL,hist_gradient_boosting,1,2020-01-28,0,0,0.9412730608660266,0.057048471585387846,0.057048471585387846,0.8842245892806387
GOOGL,hist_gradient_boosting,1,2020-01-29,0,0,0.7682651610517623,0.18975763121566577,0.18975763121566577,0.5785075298360965
GOOGL,hist_gradient_boosting,1,2020-01-30,0,0,0.927154640107574,0.0632865098436379,0.0632865098436379,0.863868130263936
GOOGL,hist_gradient_boosting,1,2020-01-31,1,1,0.5596447555248641,0.5596447555248641,0.3016106669768216,0.25803408854804255
GOOGL,hist_gradient_boosting,1,2020-02-03,0,0,0.5897508500676827,0.0008478512926659979,0.40940129863965136,0.18034955142803133
GOOGL,hist_gradient_boosting,1,2020-02-04,1,0,0.6177986681193011,0.3790524712785528,0.3790524712785528,0.23874619684074827
GOOGL,hist_gradient_boosting,1,2020-02-05,1,0,0.5316460380568181,0.46795627272244267,0.46795627272244267,0.06368976533437543
GOOGL,hist_gradient_boosting,1,2020-02-06,1,0,0.725792653742531,0.26378805214078593,0.26378805214078593,0.46200460160174506
GOOGL,hist_gradient_boosting,1,2020-02-07,1,1,0.6850357967518427,0.6850357967518427,0.2832455791193039,0.40179021763253875
GOOGL,hist_gradient_boosting,1,2020-02-10,0,0,0.6653359598922444,0.010207963304853055,0.32445607680290256,0.3408798830893418
GOOGL,hist_gradient_boosting,1,2020-02-11,0,-1,0.5228740100556681,0.2578771257311327,0.2578771257311327,0.26499688432453544
GOOGL,hist_gradient_boosting,1,2020-02-12,0,0,0.8570653278207685,0.02133314702004849,0.12160152515918297,0.7354638026615855
GOOGL,hist_gradient_boosting,1,2020-02-13,0,0,0.931123914799831,0.0559625299419332,0.0559625299419332,0.8751613848578979
GOOGL,hist_gradient_boosting,1,2020-02-14,-1,0,0.6465674617826147,0.29877359358495387,0.29877359358495387,0.34779386819766084
GOOGL,hist_gradient_boosting,1,2020-02-18,-1,1,0.8045430651547922,0.8045430651547922,0.17981980582906096,0.6247232593257313
GOOGL,hist_gradient_boosting,1,2020-02-19,-1,1,0.9598225917362792,0.9598225917362792,0.030443149611861425,0.9293794421244177
GOOGL,hist_gradient_boosting,1,2020-02-20,-1,1,0.8927713352639894,0.8927713352639894,0.06744952927966183,0.8253218059843276
GOOGL,hist_gradient_boosting,1,2020-02-21,-1,0,0.7135014157609247,0.20878138990434875,0.20878138990434875,0.504720025856576
GOOGL,hist_gradient_boosting,1,2020-02-24,-1,-1,0.7195450550444276,0.24519119497233732,0.24519119497233732,0.47435386007209024
GOOGL,hist_gradient_boosting,1,2020-02-25,-1,0,0.9178009577168924,0.046260687724085696,0.046260687724085696,0.8715402699928068
GOOGL,hist_gradient_boosting,1,2020-02-26,0,0,0.8834975071811749,0.07000722667667215,0.07000722667667215,0.8134902805045028
GOOGL,hist_gradient_boosting,1,2020-02-27,0,1,0.9359133446901657,0.9359133446901657,0.06382611399870629,0.8720872306914594
GOOGL,hist_gradient_boosting,1,2020-02-28,-1,0,0.9539813418398314,0.03343947783287059,0.03343947783287059,0.9205418640069608
GOOGL,hist_gradient_boosting,1,2020-03-02,-1,-1,0.7529215066967794,0.017668032455835633,0.229410460847385,0.5235110458493943
GOOGL,hist_gradient_boosting,1,2020-03-03,-1,0,0.6819956208165929,0.13478086052361193,0.18322351865979505,0.4987721021567979
GOOGL,hist_gradient_boosting,1,2020-03-04,-1,-1,0.8100375741166455,0.00043161635495483593,0.18953080952839974,0.6205067645882457
GOOGL,hist_gradient_boosting,1,2020-03-05,-1,0,0.8833489673468529,0.1093894701182314,0.1093894701182314,0.7739594972286215
GOOGL,hist_gradient_boosting,1,2020-03-06,-1,0,0.9418901370974782,0.05427510463020412,0.05427510463020412,0.887615032467274
GOOGL,hist_gradient_boosting,1,2020-03-09,-1,0,0.9466371808147588,0.052259396649291606,0.052259396649291606,0.8943777841654672
GOOGL,hist_gradient_boosting,1,2020-03-10,-1,0,0.7963372190519203,0.12990568860665083,0.12990568860665083,0.6664315304452695
GOOGL,hist_gradient_boosting,1,2020-03-11,-1,0,0.9330287787064503,0.06542140579076032,0.06542140579076032,0.86760737291569
GOOGL,hist_gradient_boosting,1,2020-03-12,0,0,0.934589026428599,0.06377717704679024,0.06377717704679024,0.8708118493818088
GOOGL,hist_gradient_boosting,1,2020-03-13,-1,0,0.7462675096424318,0.16821529793901518,0.16821529793901518,0.5780522117034166
GOOGL,hist_gradient_boosting,1,2020-03-16,0,0,0.9049548619713136,0.09342992920601483,0.09342992920601483,0.8115249327652988
GOOGL,hist_gradient_boosting,1,2020-03-17,0,0,0.800556404011716,0.18649703774334106,0.18649703774334106,0.614059366268375
GOOGL,hist_gradient_boosting,1,2020-03-18,0,0,0.9105986392881799,0.08833994554647587,0.08833994554647587,0.822258693741704
GOOGL,hist_gradient_boosting,1,2020-03-19,1,0,0.8466027895210724,0.10898129759780528,0.10898129759780528,0.7376214919232671
GOOGL,hist_gradient_boosting,1,2020-03-20,1,1,0.8635966282481492,0.8635966282481492,0.1335487178976967,0.7300479103504525
GOOGL,hist_gradient_boosting,1,2020-03-23,1,0,0.6069207390313056,0.3920183790645776,0.3920183790645776,0.21490235996672802
GOOGL,hist_gradient_boosting,1,2020-03-24,1,-1,0.5521064488313331,0.3302015560734056,0.3302015560734056,0.22190489275792746
GOOGL,hist_gradient_boosting,1,2020-03-25,0,0,0.5124750467579896,0.386049801411532,0.386049801411532,0.1264252453464576
GOOGL,hist_gradient_boosting,1,2020-03-26,-1,0,0.7800071270918272,0.15249161453905788,0.15249161453905788,0.6275155125527693
GOOGL,hist_gradient_boosting,1,2020-03-27,0,0,0.8876393889147949,0.09793565850097351,0.09793565850097351,0.7897037304138214
GOOGL,hist_gradient_boosting,1,2020-03-30,1,0,0.47113248196249313,0.29961137268302435,0.29961137268302435,0.1715211092794688
GOOGL,hist_gradient_boosting,1,2020-03-31,0,0,0.6929721908661626,0.03331869704455988,0.27370911208927756,0.419263078776885
GOOGL,hist_gradient_boosting,1,2020-04-01,1,0,0.7648616173262855,0.22199480555363407,0.22199480555363407,0.5428668117726515
GOOGL,hist_gradient_boosting,1,2020-04-02,1,0,0.6786123473030048,0.2409937097680715,0.2409937097680715,0.4376186375349333
GOOGL,hist_gradient_boosting,1,2020-04-03,1,0,0.8124361912788152,0.14687034191446904,0.14687034191446904,0.6655658493643462
GOOGL,hist_gradient_boosting,1,2020-04-06,1,0,0.5897264304969999,0.007448606618778839,0.40282496288422137,0.18690146761277854
GOOGL,hist_gradient_boosting,1,2020-04-07,1,0,0.7406206543385201,0.06999061887119874,0.18938872679028115,0.5512319275482389
GOOGL,hist_gradient_boosting,1,2020-04-08,1,-1,0.9625853960618733,0.0027143198017817493,0.03470028413634476,0.9278851119255286
GOOGL,hist_gradient_boosting,1,2020-04-09,1,-1,0.8666917486700709,0.0005460907232634585,0.13276216060666557,0.7339295880634054
GOOGL,hist_gradient_boosting,1,2020-04-13,1,-1,0.9984036812650903,3.889947128950824e-05,0.0015574192636203562,0.9968462620014699
GOOGL,hist_gradient_boosting,1,2020-04-14,-1,-1,0.9291390886247861,0.00019823765824144768,0.07066267371697235,0.8584764149078138
GOOGL,hist_gradient_boosting,1,2020-04-15,0,-1,0.9977007440241705,5.4771897640804855e-06,0.0022937787860654356,0.9954069652381051
GOOGL,hist_gradient_boosting,1,2020-04-16,0,-1,0.9925754461938756,0.00011486829717155874,0.007309685508952703,0.9852657606849229
GOOGL,hist_gradient_boosting,1,2020-04-17,0,-1,0.9365065020919555,0.0007710631324741453,0.06272243477557038,0.8737840673163851
GOOGL,hist_gradient_boosting,1,2020-04-20,0,-1,0.9046760854195389,0.0003791481357892827,0.0949447664446718,0.8097313189748672
GOOGL,hist_gradient_boosting,1,2020-04-21,0,0,0.9835264479643101,0.014049084697178058,0.014049084697178058,0.9694773632671321
GOOGL,hist_gradient_boosting,1,2020-04-22,1,-1,0.7880253137453582,0.0060945155910041605,0.20588017066363762,0.5821451430817206
GOOGL,hist_gradient_boosting,1,2020-04-23,1,-1,0.9634195893014894,0.004092620675042,0.03248779002346865,0.9309317992780207
GOOGL,hist_gradient_boosting,1,2020-04-24,1,-1,0.5676825608960538,0.1362306102362779,0.29608682886766813,0.2715957320283857
GOOGL,hist_gradient_boosting,1,2020-04-27,1,0,0.7303462123803552,0.08954835610476264,0.1801054315148821,0.5502407808654731
GOOGL,hist_gradient_boosting,1,2020-04-28,1,1,0.934223222997276,0.934223222997276,0.06510822020864976,0.8691150027886263
GOOGL,hist_gradient_boosting,1,2020-04-29,0,-1,0.9395684032426463,0.0012809811018325147,0.059150615655520995,0.8804177875871253
GOOGL,hist_gradient_boosting,1,2020-04-30,0,-1,0.9734017687937496,0.006816511275081557,0.01978171993116886,0.9536200488625808
GOOGL,hist_gradient_boosting,1,2020-05-01,1,-1,0.9024885843591263,0.03728112675216811,0.0602302888887056,0.8422582954704206
GOOGL,hist_gradient_boosting,1,2020-05-04,1,-1,0.864054688171059,0.017842481032006217,0.11810283079693482,0.7459518573741242
GOOGL,hist_gradient_boosting,1,2020-05-05,0,0,0.6314616617294813,0.016447093138048867,0.3520912451324698,0.27937041659701145
GOOGL,hist_gradient_boosting,1,2020-05-06,0,-1,0.8944613726435634,0.009611964657031643,0.09592666269940488,0.7985347099441585
GOOGL,hist_gradient_boosting,1,2020-05-07,0,-1,0.9406309345517758,0.002224212645245917,0.05714485280297833,0.8834860817487975
GOOGL,hist_gradient_boosting,1,2020-05-08,0,-1,0.9657035796678022,0.00027414434803226385,0.03402227598416551,0.9316813036836367
GOOGL,hist_gradient_boosting,1,2020-05-11,0,-1,0.9712408012626644,0.0004967979813191991,0.028262400756016253,0.9429784005066482
GOOGL,hist_gradient_boosting,1,2020-05-12,0,-1,0.8261028285087991,0.011301828323170919,0.16259534316803004,0.6635074853407691
GOOGL,hist_gradient_boosting,1,2020-05-13,1,0,0.9030960639341953,0.09426323147060534,0.09426323147060534,0.80883283246359
GOOGL,hist_gradient_boosting,1,2020-05-14,1,0,0.9783420445112523,0.021235308968425893,0.021235308968425893,0.9571067355428264
GOOGL,hist_gradient_boosting,1,2020-05-15,1,0,0.9639815245105929,0.0029940941569507507,0.03302438133245629,0.9309571431781366
GOOGL,hist_gradient_boosting,1,2020-05-18,1,-1,0.9634263905606202,0.01552818722599744,0.021045422213382275,0.942380968347238
GOOGL,hist_gradient_boosting,1,2020-05-19,1,0,0.9722241785866038,0.012431287142378239,0.015344534271017876,0.9568796443155859
GOOGL,hist_gradient_boosting,1,2020-05-20,0,-1,0.9385389205155006,0.0028678106674909754,0.05859326881700844,0.8799456516984921
GOOGL,hist_gradient_boosting,1,2020-05-21,0,-1,0.7055887654362165,0.03196049606529569,0.2624507384984879,0.44313802693772864
GOOGL,hist_gradient_boosting,1,2020-05-22,0,-1,0.712813108728615,0.002657028164979798,0.2845298631064052,0.4282832456222098
GOOGL,hist_gradient_boosting,1,2020-05-26,0,0,0.9723852469613635,0.00036113951939596587,0.027253613519240567,0.9451316334421229
GOOGL,hist_gradient_boosting,1,2020-05-27,0,0,0.98490660051213,0.00017413256149828346,0.014919266926371747,0.9699873335857582
GOOGL,hist_gradient_boosting,1,2020-05-28,0,1,0.4779100539363264,0.4779100539363264,0.4494995166427593,0.02841053729356713
GOOGL,hist_gradient_boosting,1,2020-05-29,0,0,0.9125052154355356,0.03310836834442144,0.05438641622004277,0.8581187992154928
GOOGL,hist_gradient_boosting,1,2020-06-01,0,0,0.9356027729549525,0.020187261775921266,0.04420996526912614,0.8913928076858264
GOOGL,hist_gradient_boosting,1,2020-06-02,0,-1,0.5605414545711108,0.05921982189410652,0.38023872353478266,0.18030273103632816
GOOGL,hist_gradient_boosting,1,2020-06-03,0,0,0.886268552316904,0.023973677133371424,0.08975777054972453,0.7965107817671795
GOOGL,hist_gradient_boosting,1,2020-06-04,0,0,0.364817745816887,0.3573300908138317,0.3573300908138317,0.00748765500305526
GOOGL,hist_gradient_boosting,1,2020-06-05,0,0,0.41300368593116893,0.3882761402297222,0.3882761402297222,0.02472754570144675
GOOGL,hist_gradient_boosting,1,2020-06-08,0,1,0.48364370586193434,0.48364370586193434,0.47598925183529217,0.007654454026642166
GOOGL,hist_gradient_boosting,1,2020-06-09,0,1,0.5462584926830809,0.5462584926830809,0.30324854107526494,0.24300995160781597
GOOGL,hist_gradient_boosting,1,2020-06-10,0,-1,0.6592427366013461,0.06587507263239534,0.2748821907662584,0.3843605458350877
GOOGL,hist_gradient_boosting,1,2020-06-11,1,0,0.7684747553584186,0.23129887664905838,0.23129887664905838,0.5371758787093602
GOOGL,hist_gradient_boosting,1,2020-06-12,0,0,0.5523439461169853,0.4444633488645863,0.4444633488645863,0.10788059725239901
GOOGL,hist_gradient_boosting,1,2020-06-15,1,0,0.792716688626725,0.20683442118670825,0.20683442118670825,0.5858822674400167
GOOGL,hist_gradient_boosting,1,2020-06-16,0,1,0.7172809485085097,0.7172809485085097,0.17423782311162403,0.5430431253968856
GOOGL,hist_gradient_boosting,1,2020-06-17,0,1,0.9204268876141519,0.9204268876141519,0.05286238023606651,0.8675645073780854
GOOGL,hist_gradient_boosting,1,2020-06-18,0,0,0.6576637606524453,0.341408367954348,0.341408367954348,0.31625539269809727
GOOGL,hist_gradient_boosting,1,2020-06-19,-1,1,0.769453332485621,0.769453332485621,0.22785825463390488,0.5415950778517161
GOOGL,hist_gradient_boosting,1,2020-06-22,-1,0,0.9539140153388398,0.04535996489510691,0.04535996489510691,0.9085540504437328
GOOGL,hist_gradient_boosting,1,2020-06-23,-1,1,0.5364044498795361,0.5364044498795361,0.27763564435875837,0.2587688055207777
GOOGL,hist_gradient_boosting,1,2020-06-24,0,1,0.9496068595330349,0.9496068595330349,0.04681985746808609,0.9027870020649489
GOOGL,hist_gradient_boosting,1,2020-06-25,1,1,0.6795370423982918,0.6795370423982918,0.31618710096918723,0.3633499414291046
GOOGL,hist_gradient_boosting,1,2020-06-26,1,1,0.8259902925772039,0.8259902925772039,0.15853859470083959,0.6674516978763643
GOOGL,hist_gradient_boosting,1,2020-06-29,1,-1,0.4775341609915952,0.07348024419871901,0.4489855948096857,0.028548566181909485
GOOGL,hist_gradient_boosting,1,2020-06-30,1,1,0.5047160151661704,0.5047160151661704,0.4708488735176177,0.033867141648552646
GOOGL,hist_gradient_boosting,1,2020-07-01,1,0,0.7456175011843991,0.19133895972594037,0.19133895972594037,0.5542785414584587
GOOGL,hist_gradient_boosting,1,2020-07-02,1,0,0.6406605117760431,0.021870343297771745,0.33746914492618524,0.30319136684985787
GOOGL,hist_gradient_boosting,1,2020-07-06,0,-1,0.8476476581644413,0.049711008408138586,0.10264133342741993,0.7450063247370213
GOOGL,hist_gradient_boosting,1,2020-07-07,1,-1,0.6511812416738717,0.2424112485997643,0.2424112485997643,0.40876999307410744
GOOGL,hist_gradient_boosting,1,2020-07-08,0,-1,0.6613471817560126,0.041755357589589454,0.29689746065439787,0.3644497211016147
GOOGL,hist_gradient_boosting,1,2020-07-09,0,1,0.6880091072529654,0.6880091072529654,0.15657386853229155,0.5314352387206738
GOOGL,hist_gradient_boosting,1,2020-07-10,0,-1,0.9765789608899401,0.002793353442473149,0.02062768566758662,0.9559512752223535
GOOGL,hist_gradient_boosting,1,2020-07-13,1,0,0.956050649992889,0.0247803696577709,0.0247803696577709,0.9312702803351182
GOOGL,hist_gradient_boosting,1,2020-07-14,1,0,0.7372482612705509,0.04663090030438431,0.21612083842506485,0.5211274228454861
GOOGL,hist_gradient_boosting,1,2020-07-15,1,0,0.8607559522870778,0.07938821565916244,0.07938821565916244,0.7813677366279154
GOOGL,hist_gradient_boosting,1,2020-07-16,0,1,0.6840920780825979,0.6840920780825979,0.31037844578026835,0.3737136323023295
GOOGL,hist_gradient_boosting,1,2020-07-17,0,0,0.6220559312098229,0.3034979709561545,0.3034979709561545,0.31855796025366845
GOOGL,hist_gradient_boosting,1,2020-07-20,-1,-1,0.7877092211533859,0.005215730723080085,0.20707504812353406,0.5806341730298519
GOOGL,hist_gradient_boosting,1,2020-07-21,-1,-1,0.8744225229859087,0.011589127278851788,0.11398834973523958,0.7604341732506692
GOOGL,hist_gradient_boosting,1,2020-07-22,-1,-1,0.9278012574543482,0.02993194137654693,0.042266801169104876,0.8855344562852433
GOOGL,hist_gradient_boosting,1,2020-07-23,0,0,0.7247710201174228,0.2746870808431212,0.2746870808431212,0.45008393927430157
GOOGL,hist_gradient_boosting,1,2020-07-24,0,1,0.7556868510542815,0.7556868510542815,0.24416327781081285,0.5115235732434686
GOOGL,hist_gradient_boosting,1,2020-07-27,-1,0,0.7285785099482528,0.27078906230564925,0.27078906230564925,0.45778944764260354
GOOGL,hist_gradient_boosting,1,2020-07-28,-1,1,0.9737332558342732,0.9737332558342732,0.022204897132312502,0.9515283587019606
GOOGL,hist_gradient_boosting,1,2020-07-29,-1,0,0.8787847773888198,0.12103576609219661,0.12103576609219661,0.7577490112966232
GOOGL,hist_gradient_boosting,1,2020-07-30,-1,1,0.5714754355000035,0.5714754355000035,0.4104894183476744,0.16098601715232908
GOOGL,hist_gradient_boosting,1,2020-07-31,0,1,0.7345597559921876,0.7345597559921876,0.15900765272957176,0.5755521032626159
GOOGL,hist_gradient_boosting,1,2020-08-03,0,1,0.6085380979596092,0.6085380979596092,0.39041282180971576,0.21812527614989347
GOOGL,hist_gradient_boosting,1,2020-08-04,0,0,0.5670957696548519,0.4311418314836413,0.4311418314836413,0.13595393817121054
GOOGL,hist_gradient_boosting,1,2020-08-05,0,1,0.833083670266969,0.833083670266969,0.16607508272326718,0.6670085875437017
GOOGL,hist_gradient_boosting,1,2020-08-06,0,1,0.5510528360446674,0.5510528360446674,0.428419504155142,0.12263333188952535
GOOGL,hist_gradient_boosting,1,2020-08-07,0,0,0.638598024193671,0.3495235249856526,0.3495235249856526,0.28907449920801837
GOOGL,hist_gradient_boosting,1,2020-08-10,0,1,0.8549203435315972,0.8549203435315972,0.14386353206426747,0.7110568114673297
GOOGL,hist_gradient_boosting,1,2020-08-11,1,-1,0.5694445725710021,0.2737387874491481,0.2737387874491481,0.295705785121854
GOOGL,hist_gradient_boosting,1,2020-08-12,1,1,0.7899900004738666,0.7899900004738666,0.20920041402957432,0.5807895864442922
GOOGL,hist_gradient_boosting,1,2020-08-13,1,1,0.9494777612798014,0.9494777612798014,0.050113755701024124,0.8993640055787773
GOOGL,hist_gradient_boosting,1,2020-08-14,1,1,0.693237229865221,0.693237229865221,0.285264968619194,0.407972261246027
GOOGL,hist_gradient_boosting,1,2020-08-17,1,1,0.6388312572087437,0.6388312572087437,0.3521781819756129,0.28665307523313077
GOOGL,hist_gradient_boosting,1,2020-08-18,1,0,0.5203791954090339,0.0016097701919512626,0.4780110343990149,0.042368161010019
GOOGL,hist_gradient_boosting,1,2020-08-19,1,0,0.6079489673811695,0.056611263773384414,0.3354397688454459,0.27250919853572364
GOOGL,hist_gradient_boosting,1,2020-08-20,1,-1,0.6142835847187235,0.01158182551405954,0.37413458976721703,0.24014899495150643
GOOGL,hist_gradient_boosting,1,2020-08-21,1,0,0.875439112649647,0.075640031767133,0.075640031767133,0.7997990808825141
GOOGL,hist_gradient_boosting,1,2020-08-24,1,-1,0.49781453854111357,0.032025664178834755,0.4701597972800516,0.027654741261061988
GOOGL,hist_gradient_boosting,1,2020-08-25,1,-1,0.8775938713067832,0.019035697908505032,0.1033704307847117,0.7742234405220716
GOOGL,hist_gradient_boosting,1,2020-08-26,1,-1,0.9833347717241152,0.004126570427841921,0.012538657848042983,0.9707961138760722
GOOGL,hist_gradient_boosting,1,2020-08-27,0,-1,0.9274321429991367,0.008837069602167683,0.06373078739869555,0.8637013556004411
GOOGL,hist_gradient_boosting,1,2020-08-28,-1,-1,0.9897455786608523,0.006078543219338397,0.006078543219338397,0.9836670354415139
GOOGL,hist_gradient_boosting,1,2020-08-31,-1,-1,0.5141744747491012,0.13465586355532055,0.3511696616955783,0.16300481305352288
GOOGL,hist_gradient_boosting,1,2020-09-01,-1,-1,0.9543259315495469,0.0034040345625580906,0.04227003388789498,0.912055897661652
GOOGL,hist_gradient_boosting,1,2020-09-02,-1,-1,0.9621109578556227,0.003084232910955719,0.034804809233421496,0.9273061486222012
GOOGL,hist_gradient_boosting,1,2020-09-03,-1,0,0.979099318351547,0.020408595899140455,0.020408595899140455,0.9586907224524065
GOOGL,hist_gradient_boosting,1,2020-09-04,-1,0,0.9782192113960553,0.021713938697138148,0.021713938697138148,0.9565052726989172
GOOGL,hist_gradient_boosting,1,2020-09-08,0,-1,0.48916051474494987,0.20086223792097407,0.3099772473340759,0.17918326741087398
GOOGL,hist_gradient_boosting,1,2020-09-09,-1,1,0.7370697431937081,0.7370697431937081,0.22737779078679513,0.509691952406913
GOOGL,hist_gradient_boosting,1,2020-09-10,-1,-1,0.3562479240072851,0.3074820833837414,0.33626999260897344,0.019977931398311666
GOOGL,hist_gradient_boosting,1,2020-09-11,-1,0,0.9435764913034096,0.037715476179958476,0.037715476179958476,0.9058610151234511
GOOGL,hist_gradient_boosting,1,2020-09-14,-1,0,0.712994335952132,0.0025865764838474093,0.2844190875640204,0.4285752483881116
GOOGL,hist_gradient_boosting,1,2020-09-15,-1,0,0.7263159063927412,0.2609445233604207,0.2609445233604207,0.46537138303232056
GOOGL,hist_gradient_boosting,1,2020-09-16,-1,0,0.9722670929126516,0.003338112267668299,0.02439479481968014,0.9478722980929715
GOOGL,hist_gradient_boosting,1,2020-09-17,-1,0,0.6525017520787769,0.20185768136948323,0.20185768136948323,0.4506440707092937
GOOGL,hist_gradient_boosting,1,2020-09-18,0,1,0.924576971416249,0.924576971416249,0.07051397612931737,0.8540629952869316
GOOGL,hist_gradient_boosting,1,2020-09-21,0,1,0.9690445423154876,0.9690445423154876,0.02968960730661315,0.9393549350088745
GOOGL,hist_gradient_boosting,1,2020-09-22,0,0,0.6949143320008248,0.29157052563930974,0.29157052563930974,0.403343806361515
GOOGL,hist_gradient_boosting,1,2020-09-23,1,1,0.9978370631173786,0.9978370631173786,0.002111720362292341,0.9957253427550863
GOOGL,hist_gradient_boosting,1,2020-09-24,1,1,0.9720766160869123,0.9720766160869123,0.026766358101650962,0.9453102579852614
GOOGL,hist_gradient_boosting,1,2020-09-25,0,1,0.9986025619261081,0.9986025619261081,0.0007207882272324843,0.9978817736988755
GOOGL,hist_gradient_boosting,1,2020-09-28,0,1,0.9391452846942427,0.9391452846942427,0.03121196361236291,0.9079333210818799
GOOGL,hist_gradient_boosting,1,2020-09-29,0,1,0.9010844822045282,0.9010844822045282,0.08171115750528606,0.8193733246992422
GOOGL,hist_gradient_boosting,1,2020-09-30,0,1,0.7715906445518926,0.7715906445518926,0.2188477697114403,0.5527428748404524
GOOGL,hist_gradient_boosting,1,2020-10-01,0,1,0.7261747744739563,0.7261747744739563,0.21721262886856887,0.5089621456053874
GOOGL,hist_gradient_boosting,1,2020-10-02,1,1,0.6843600316819226,0.6843600316819226,0.17983831506574494,0.5045217166161777
GOOGL,hist_gradient_boosting,1,2020-10-05,1,1,0.9114824106025521,0.9114824106025521,0.06588314661682938,0.8455992639857227
GOOGL,hist_gradient_boosting,1,2020-10-06,1,-1,0.5828073106675947,0.29290278948688897,0.29290278948688897,0.28990452118070575
GOOGL,hist_gradient_boosting,1,2020-10-07,1,1,0.6651435613396323,0.6651435613396323,0.3094296713531524,0.35571388998647985
GOOGL,hist_gradient_boosting,1,2020-10-08,1,1,0.7570404210416298,0.7570404210416298,0.1821664084638731,0.5748740125777567
GOOGL,hist_gradient_boosting,1,2020-10-09,1,-1,0.8845704922948728,0.004687862064936102,0.11074164564019114,0.7738288466546817
GOOGL,hist_gradient_boosting,1,2020-10-12,-1,-1,0.5079171040604014,0.02445458349878533,0.4676283124408134,0.04028879161958798
GOOGL,hist_gradient_boosting,1,2020-10-13,0,-1,0.9514867824878694,0.030095843900542495,0.030095843900542495,0.9213909385873269
GOOGL,hist_gradient_boosting,1,2020-10-14,0,-1,0.6128185032199804,0.20385102908304373,0.20385102908304373,0.4089674741369367
GOOGL,hist_gradient_boosting,1,2020-10-15,1,0,0.8052859708529083,0.13480496916845747,0.13480496916845747,0.6704810016844509
GOOGL,hist_gradient_boosting,1,2020-10-16,1,-1,0.495838520992924,0.0337701382528975,0.47039134075417854,0.02544718023874548
GOOGL,hist_gradient_boosting,1,2020-10-19,1,0,0.9135423150137096,0.07420355814295906,0.07420355814295906,0.8393387568707505
GOOGL,hist_gradient_boosting,1,2020-10-20,1,0,0.6719209606949161,0.005332316726820421,0.3227467225782635,0.34917423811665266
GOOGL,hist_gradient_boosting,1,2020-10-21,-1,-1,0.8107297101249689,0.015408433193250944,0.17386185668178025,0.6368678534431886
GOOGL,hist_gradient_boosting,1,2020-10-22,-1,-1,0.9692130091446727,0.000521814436642392,0.03026517641868501,0.9389478327259877
GOOGL,hist_gradient_boosting,1,2020-10-23,0,-1,0.7872158555903467,0.0005965517904253059,0.21218759261922795,0.5750282629711188
GOOGL,hist_gradient_boosting,1,2020-10-26,1,0,0.9971348590909209,0.0025788191123167297,0.0025788191123167297,0.9945560399786042
GOOGL,hist_gradient_boosting,1,2020-10-27,1,0,0.9562128079642344,0.002939589009910722,0.04084760302585496,0.9153652049383794
GOOGL,hist_gradient_boosting,1,2020-10-28,1,-1,0.599523959019053,0.17197240359964383,0.22850363738130314,0.37102032163774984
GOOGL,hist_gradient_boosting,1,2020-10-29,1,0,0.9775449309692007,0.021883670239258014,0.021883670239258014,0.9556612607299427
GOOGL,hist_gradient_boosting,1,2020-10-30,1,0,0.5578490617093324,0.0030639210154537297,0.4390870172752139,0.11876204443411847
GOOGL,hist_gradient_boosting,1,2020-11-02,1,-1,0.8731011414400156,0.00015451049639302985,0.12674434806359133,0.7463567933764242
GOOGL,hist_gradient_boosting,1,2020-11-03,1,-1,0.9264677499219189,0.0006097225987579811,0.07292252747932321,0.8535452224425957
GOOGL,hist_gradient_boosting,1,2020-11-04,0,-1,0.954681623095297,0.0011257849064023,0.04419259199830074,0.9104890310969963
GOOGL,hist_gradient_boosting,1,2020-11-05,0,-1,0.9950255110560772,0.00044445364104212686,0.004530035302880727,0.9904954757531964
GOOGL,hist_gradient_boosting,1,2020-11-06,0,-1,0.9962678703159366,0.0003793266588369834,0.0033528030252264487,0.9929150672907101
GOOGL,hist_gradient_boosting,1,2020-11-09,0,-1,0.9816427570653566,0.0009004034426920865,0.017456839491951346,0.9641859175734053
GOOGL,hist_gradient_boosting,1,2020-11-10,0,-1,0.6592068578484916,0.0007757201633937405,0.3400174219881145,0.3191894358603771
GOOGL,hist_gradient_boosting,1,2020-11-11,0,0,0.7100890267944902,0.0011582348136136983,0.28875273839189614,0.421336288402594
GOOGL,hist_gradient_boosting,1,2020-11-12,0,-1,0.7643071982992127,0.011723308678732893,0.22396949302205443,0.5403377052771583
GOOGL,hist_gradient_boosting,1,2020-11-13,-1,-1,0.9897938279808925,0.0008456741185741061,0.009360497900533265,0.9804333300803593
GOOGL,hist_gradient_boosting,1,2020-11-16,-1,-1,0.9087085362433288,0.0008775898826546879,0.09041387387401663,0.8182946623693121
GOOGL,hist_gradient_boosting,1,2020-11-17,0,-1,0.5044957606137065,0.0026779558898107543,0.4928262834964828,0.011669477117223714
GOOGL,hist_gradient_boosting,1,2020-11-18,0,0,0.524198307249245,0.10695705030931806,0.36884464244143705,0.15535366480780793
GOOGL,hist_gradient_boosting,1,2020-11-19,0,0,0.740545912148458,0.01534235802147248,0.2441117298300694,0.4964341823183886
GOOGL,hist_gradient_boosting,1,2020-11-20,0,0,0.45986022864687803,0.4052772553406326,0.4052772553406326,0.05458297330624545
GOOGL,hist_gradient_boosting,1,2020-11-23,1,0,0.8425158759357954,0.15344032615226322,0.15344032615226322,0.6890755497835321
GOOGL,hist_gradient_boosting,1,2020-11-24,1,-1,0.49671496132392245,0.14249374058671135,0.3607912980893662,0.13592366323455624
GOOGL,hist_gradient_boosting,1,2020-11-25,1,0,0.870051611391047,0.014422969083915951,0.11552541952503716,0.7545261918660099
GOOGL,hist_gradient_boosting,1,2020-11-27,1,-1,0.9039745478270289,0.011661805255272089,0.08436364691769907,0.8196109009093299
GOOGL,hist_gradient_boosting,1,2020-11-30,1,0,0.7890820912892578,0.20467102951167204,0.20467102951167204,0.5844110617775857
GOOGL,hist_gradient_boosting,1,2020-12-01,0,0,0.9818065775659108,0.00558631864822882,0.012607103785860349,0.9691994737800504
GOOGL,hist_gradient_boosting,1,2020-12-02,-1,0,0.755147706457105,0.0032382872363768463,0.24161400630651805,0.513533700150587
GOOGL,hist_gradient_boosting,1,2020-12-03,-1,-1,0.6772199546358566,0.17657246799103804,0.17657246799103804,0.5006474866448185
GOOGL,hist_gradient_boosting,1,2020-12-04,-1,0,0.6971330933781387,0.2512882841791575,0.2512882841791575,0.4458448091989812
GOOGL,hist_gradient_boosting,1,2020-12-07,-1,1,0.5435251176194816,0.5435251176194816,0.43155906062296884,0.1119660569965128
GOOGL,hist_gradient_boosting,1,2020-12-08,-1,1,0.5994013919682795,0.5994013919682795,0.35240301596883644,0.24699837599944302
GOOGL,hist_gradient_boosting,1,2020-12-09,0,1,0.7542456333160652,0.7542456333160652,0.24519394685697676,0.5090516864590884
GOOGL,hist_gradient_boosting,1,2020-12-10,0,0,0.8022202295746138,0.19740194751141207,0.19740194751141207,0.6048182820632018
GOOGL,hist_gradient_boosting,1,2020-12-11,-1,1,0.8389954007596732,0.8389954007596732,0.1608577255862666,0.6781376751734065
GOOGL,hist_gradient_boosting,1,2020-12-14,0,-1,0.5583192895851704,0.2942379598137635,0.2942379598137635,0.2640813297714069
GOOGL,hist_gradient_boosting,1,2020-12-15,-1,1,0.9566956710550115,0.9566956710550115,0.040459589059801127,0.9162360819952104
GOOGL,hist_gradient_boosting,1,2020-12-16,0,1,0.968596610488838,0.968596610488838,0.027745092923154996,0.9408515175656831
GOOGL,hist_gradient_boosting,1,2020-12-17,0,1,0.9481462227630671,0.9481462227630671,0.05081495355706159,0.8973312692060056
GOOGL,hist_gradient_boosting,1,2020-12-18,1,1,0.9528871016384151,0.9528871016384151,0.045717213140496295,0.9071698884979188
GOOGL,hist_gradient_boosting,1,2020-12-21,0,1,0.9939040220376101,0.9939040220376101,0.004679534947443677,0.9892244870901664
GOOGL,hist_gradient_boosting,1,2020-12-22,0,1,0.7787367165658783,0.7787367165658783,0.19939996718797753,0.5793367493779007
GOOGL,hist_gradient_boosting,1,2020-12-23,0,1,0.9260988446769899,0.9260988446769899,0.07213343372481429,0.8539654109521756
GOOGL,hist_gradient_boosting,1,2020-12-24,0,1,0.9842472241988239,0.9842472241988239,0.01087613595042077,0.9733710882484031
GOOGL,hist_gradient_boosting,1,2020-12-28,0,-1,0.6434712242769425,0.11750088311356015,0.23902789260949736,0.4044433316674451
GOOGL,hist_gradient_boosting,1,2020-12-29,0,0,0.5576708806429366,0.42962493293820964,0.42962493293820964,0.12804594770472694
GOOGL,hist_gradient_boosting,1,2020-12-30,1,0,0.7214610844170017,0.26438302178263584,0.26438302178263584,0.4570780626343659
GOOGL,hist_gradient_boosting,1,2020-12-31,1,1,0.8583509531841633,0.8583509531841633,0.1334300467200389,0.7249209064641244
GOOGL,hist_gradient_boosting,1,2021-01-04,0,1,0.6275573867999995,0.6275573867999995,0.32864687360817263,0.2989105131918269
GOOGL,hist_gradient_boosting,1,2021-01-05,0,1,0.9766537435505039,0.9766537435505039,0.021075514362595624,0.9555782291879084
GOOGL,hist_gradient_boosting,1,2021-01-06,0,0,0.5480035958283915,0.37363785091289003,0.37363785091289003,0.1743657449155015
GOOGL,hist_gradient_boosting,1,2021-01-07,-1,0,0.46379756240210823,0.31151894438921685,0.31151894438921685,0.1522786180128914
GOOGL,hist_gradient_boosting,1,2021-01-08,-1,0,0.7799138541543681,0.0064339654333537485,0.2136521804122781,0.56626167374209
GOOGL,hist_gradient_boosting,1,2021-01-11,0,0,0.5829837525009978,0.3906627043725009,0.3906627043725009,0.19232104812849687
GOOGL,hist_gradient_boosting,1,2021-01-12,1,0,0.4982703574538105,0.49073509840270324,0.49073509840270324,0.007535259051107246
GOOGL,hist_gradient_boosting,1,2021-01-13,1,1,0.7734251169890143,0.7734251169890143,0.22464616252023212,0.5487789544687822
GOOGL,hist_gradient_boosting,1,2021-01-14,1,1,0.4440050461575128,0.4440050461575128,0.3094108799617856,0.13459416619572717
GOOGL,hist_gradient_boosting,1,2021-01-15,1,1,0.6429400933878199,0.6429400933878199,0.2859052134134784,0.35703487997434147
GOOGL,hist_gradient_boosting,1,2021-01-19,1,0,0.930498304397702,0.011790818409495479,0.057710877192802594,0.8727874272048994
GOOGL,hist_gradient_boosting,1,2021-01-20,-1,-1,0.5548934259768413,0.007493854939140687,0.43761271908401783,0.1172807068928235
GOOGL,hist_gradient_boosting,1,2021-01-21,0,-1,0.9254715100617366,0.019038364741124924,0.05549012519713863,0.869981384864598
GOOGL,hist_gradient_boosting,1,2021-01-22,-1,-1,0.9153139945329044,0.016783295476972184,0.06790270999012335,0.847411284542781
GOOGL,hist_gradient_boosting,1,2021-01-25,0,-1,0.7808679920516992,0.009167059983145879,0.20996494796515505,0.5709030440865441
GOOGL,hist_gradient_boosting,1,2021-01-26,0,-1,0.8377356306861569,0.051606471338078774,0.11065789797576431,0.7270777327103926
GOOGL,hist_gradient_boosting,1,2021-01-27,1,0,0.8553853052693362,0.14315246145067856,0.14315246145067856,0.7122328438186576
GOOGL,hist_gradient_boosting,1,2021-01-28,1,0,0.9766362388537437,0.01675312352432946,0.01675312352432946,0.9598831153294143
GOOGL,hist_gradient_boosting,1,2021-01-29,1,0,0.852553443964088,0.10846011548712645,0.10846011548712645,0.7440933284769616
GOOGL,hist_gradient_boosting,1,2021-02-01,1,-1,0.9005656491278751,0.006984302600066728,0.09245004827205817,0.8081156008558169
GOOGL,hist_gradient_boosting,1,2021-02-02,1,-1,0.9906168821923615,0.0004722744068406457,0.00891084340079784,0.9817060387915637
GOOGL,hist_gradient_boosting,1,2021-02-03,0,-1,0.9631203745475585,0.000640145575850146,0.03623947987659136,0.9268808946709671
GOOGL,hist_gradient_boosting,1,2021-02-04,0,-1,0.9424406499133795,0.0002923344697354147,0.057267015616885145,0.8851736342964943
GOOGL,hist_gradient_boosting,1,2021-02-05,0,-1,0.9248238491965536,0.00033713522585488754,0.07483901557759158,0.849984833618962
GOOGL,hist_gradient_boosting,1,2021-02-08,0,-1,0.9804338065900878,0.001399548367360116,0.018166645042551895,0.9622671615475359
GOOGL,hist_gradient_boosting,1,2021-02-09,1,-1,0.9025497411380615,0.003490598459512615,0.09395966040242582,0.8085900807356357
GOOGL,hist_gradient_boosting,1,2021-02-10,0,-1,0.9594237434240782,0.004878482016785911,0.035697774559136,0.9237259688649422
GOOGL,hist_gradient_boosting,1,2021-02-11,0,-1,0.8475269065953273,0.0062481577993120695,0.1462249356053607,0.7013019709899666
GOOGL,hist_gradient_boosting,1,2021-02-12,0,-1,0.8672206079021543,0.006129756856981435,0.12664963524086428,0.74057097266129
GOOGL,hist_gradient_boosting,1,2021-02-16,-1,-1,0.9841605897704958,0.0035406097815371394,0.012298800447967183,0.9718617893225286
GOOGL,hist_gradient_boosting,1,2021-02-17,0,-1,0.7529335549173658,0.021846507034884288,0.22521993804774987,0.5277136168696159
GOOGL,hist_gradient_boosting,1,2021-02-18,-1,-1,0.9863536397855039,0.004171001271424572,0.009475358943071428,0.9768782808424326
GOOGL,hist_gradient_boosting,1,2021-02-19,-1,-1,0.9792124316522828,0.001071807372002806,0.019715760975714543,0.9594966706765682
GOOGL,hist_gradient_boosting,1,2021-02-22,0,0,0.6756721985853614,0.020639743889917583,0.3036880575247211,0.3719841410606403
GOOGL,hist_gradient_boosting,1,2021-02-23,0,0,0.9475322383223242,0.03983525285058903,0.03983525285058903,0.9076969854717352
GOOGL,hist_gradient_boosting,1,2021-02-24,-1,0,0.8206130634165543,0.05210044393165134,0.12728649265179423,0.69332657076476
GOOGL,hist_gradient_boosting,1,2021-02-25,0,0,0.5920363942930165,0.4064229684028511,0.4064229684028511,0.18561342589016538
GOOGL,hist_gradient_boosting,1,2021-02-26,1,0,0.8245753983649723,0.1668439403265511,0.1668439403265511,0.6577314580384213
GOOGL,hist_gradient_boosting,1,2021-03-01,-1,0,0.809127898406645,0.06546423530639675,0.12540786628695827,0.6837200321196868
GOOGL,hist_gradient_boosting,1,2021-03-02,0,1,0.4981882340421884,0.4981882340421884,0.3301900154355999,0.16799821860658853
GOOGL,hist_gradient_boosting,1,2021-03-03,0,1,0.5953217289607665,0.5953217289607665,0.4040428901114671,0.19127883884929942
GOOGL,hist_gradient_boosting,1,2021-03-04,1,1,0.681169190151727,0.681169190151727,0.30839139265248033,0.3727777974992467
GOOGL,hist_gradient_boosting,1,2021-03-05,-1,0,0.4120566194388766,0.21728198872807208,0.37066139183305125,0.04139522760582537
GOOGL,hist_gradient_boosting,1,2021-03-08,1,0,0.5445598399236664,0.45372722663468185,0.45372722663468185,0.09083261328898456
GOOGL,hist_gradient_boosting,1,2021-03-09,1,1,0.9366530228678012,0.9366530228678012,0.06024717014378229,0.8764058527240188
GOOGL,hist_gradient_boosting,1,2021-03-10,1,1,0.5092017254575478,0.5092017254575478,0.4854496576184844,0.023752067839063418
GOOGL,hist_gradient_boosting,1,2021-03-11,-1,1,0.5325564456489544,0.5325564456489544,0.3811811838353278,0.15137526181362665
GOOGL,hist_gradient_boosting,1,2021-03-12,0,0,0.9757714080967541,0.012429948741730737,0.012429948741730737,0.9633414593550234
GOOGL,hist_gradient_boosting,1,2021-03-15,0,1,0.49891143509900326,0.49891143509900326,0.48841055904266373,0.010500876056339536
GOOGL,hist_gradient_boosting,1,2021-03-16,-1,0,0.7380886204836397,0.18865980984786085,0.18865980984786085,0.5494288106357788
GOOGL,hist_gradient_boosting,1,2021-03-17,-1,0,0.48033485930143976,0.31025222638055544,0.31025222638055544,0.17008263292088432
GOOGL,hist_gradient_boosting,1,2021-03-18,0,0,0.9132849701164955,0.0808699159788611,0.0808699159788611,0.8324150541376344
GOOGL,hist_gradient_boosting,1,2021-03-19,0,1,0.8103568049402742,0.8103568049402742,0.18948089865215179,0.6208759062881224
GOOGL,hist_gradient_boosting,1,2021-03-22,0,1,0.8134766265999482,0.8134766265999482,0.18567939733574318,0.6277972292642051
GOOGL,hist_gradient_boosting,1,2021-03-23,0,1,0.9249194946308267,0.9249194946308267,0.07483557891384868,0.850083915716978
GOOGL,hist_gradient_boosting,1,2021-03-24,0,1,0.8401898814704037,0.8401898814704037,0.1591053752062179,0.6810845062641858
GOOGL,hist_gradient_boosting,1,2021-03-25,1,1,0.9723921144437085,0.9723921144437085,0.0178305360090527,0.9545615784346558
GOOGL,hist_gradient_boosting,1,2021-03-26,1,1,0.7575738896378341,0.7575738896378341,0.20993982966809013,0.547634059969744
GOOGL,hist_gradient_boosting,1,2021-03-29,1,1,0.64597058751828,0.64597058751828,0.3341086880702356,0.3118618994480444
GOOGL,hist_gradient_boosting,1,2021-03-30,1,1,0.9115317885959534,0.9115317885959534,0.0876496597222001,0.8238821288737533
GOOGL,hist_gradient_boosting,1,2021-03-31,1,0,0.5223972107006839,0.4582088540208957,0.4582088540208957,0.06418835667978823
GOOGL,hist_gradient_boosting,1,2021-04-01,1,0,0.6137465227015938,0.0024365605762719693,0.3838169167221342,0.2299296059794596
GOOGL,hist_gradient_boosting,1,2021-04-05,0,-1,0.8091216545481497,0.09327990566566895,0.09759843978618132,0.7115232147619683
GOOGL,hist_gradient_boosting,1,2021-04-06,1,-1,0.9838703596363008,0.004540737640880009,0.011588902722819292,0.9722814569134814
GOOGL,hist_gradient_boosting,1,2021-04-07,0,-1,0.908561618787828,0.01029444945477608,0.08114393175739605,0.827417687030432
GOOGL,hist_gradient_boosting,1,2021-04-08,0,-1,0.8491152163480303,0.011292532761536685,0.139592250890433,0.7095229654575973
GOOGL,hist_gradient_boosting,1,2021-04-09,0,-1,0.9935194821607065,0.0037481713755394028,0.0037481713755394028,0.9897713107851671
GOOGL,hist_gradient_boosting,1,2021-04-12,1,-1,0.8018600431469447,0.06744836623138875,0.13069159062166663,0.6711684525252781
GOOGL,hist_gradient_boosting,1,2021-04-13,0,-1,0.622700813320812,0.19580997493803595,0.19580997493803595,0.426890838382776
GOOGL,hist_gradient_boosting,1,2021-04-14,0,-1,0.9024236199639778,0.05413167725375991,0.05413167725375991,0.8482919427102179
GOOGL,hist_gradient_boosting,1,2021-04-15,0,-1,0.9404763599791549,0.011144796174634139,0.04837884384621105,0.8920975161329439
GOOGL,hist_gradient_boosting,1,2021-04-16,0,-1,0.7401546779748825,0.040396853731616736,0.2194484682935008,0.5207062096813817
GOOGL,hist_gradient_boosting,1,2021-04-19,0,-1,0.9863253306704578,0.012273915803013399,0.012273915803013399,0.9740514148674444
GOOGL,hist_gradient_boosting,1,2021-04-20,0,-1,0.9190492957394711,0.013265299142287594,0.06768540511824139,0.8513638906212297
GOOGL,hist_gradient_boosting,2,2021-04-21,1,-1,0.8349912565117871,0.012109441985309001,0.152899301502904,0.6820919550088831
GOOGL,hist_gradient_boosting,2,2021-04-22,1,0,0.807491788542959,0.07100792494770469,0.12150028650933643,0.6859915020336226
GOOGL,hist_gradient_boosting,2,2021-04-23,1,0,0.7405822686285313,0.02945605414790687,0.2299616772235618,0.5106205914049695
GOOGL,hist_gradient_boosting,2,2021-04-26,0,-1,0.7009302351100389,0.03967790484025478,0.25939186004970616,0.4415383750603328
GOOGL,hist_gradient_boosting,2,2021-04-27,0,0,0.6896373436380371,0.04777691741819678,0.26258573894376613,0.42705160469427095
GOOGL,hist_gradient_boosting,2,2021-04-28,0,-1,0.9585387893407,0.01218876660384607,0.02927244405545403,0.929266345285246
GOOGL,hist_gradient_boosting,2,2021-04-29,-1,-1,0.8996293075887534,0.029144632399572417,0.07122606001167428,0.8284032475770791
GOOGL,hist_gradient_boosting,2,2021-04-30,0,0,0.7229790022954626,0.04415438252165308,0.23286661518288426,0.4901123871125784
GOOGL,hist_gradient_boosting,2,2021-05-03,-1,0,0.760818924460205,0.06639222025800198,0.17278885528179297,0.588030069178412
GOOGL,hist_gradient_boosting,2,2021-05-04,0,0,0.5596208003625474,0.2954866591466639,0.2954866591466639,0.26413414121588347
GOOGL,hist_gradient_boosting,2,2021-05-05,-1,0,0.6284881729913916,0.33678114452114194,0.33678114452114194,0.29170702847024965
GOOGL,hist_gradient_boosting,2,2021-05-06,-1,1,0.574131263867918,0.574131263867918,0.2385875772190283,0.3355436866488897
GOOGL,hist_gradient_boosting,2,2021-05-07,-1,0,0.5855963734140018,0.2303188808955369,0.2303188808955369,0.35527749251846497
GOOGL,hist_gradient_boosting,2,2021-05-10,0,1,0.443546638712965,0.443546638712965,0.33824835533928865,0.10529828337367636
GOOGL,hist_gradient_boosting,2,2021-05-11,0,1,0.685777433450032,0.685777433450032,0.28676891816513417,0.3990085152848978
GOOGL,hist_gradient_boosting,2,2021-05-12,1,0,0.9658418222864535,0.014493477525288819,0.019664700188257448,0.946177122098196
GOOGL,hist_gradient_boosting,2,2021-05-13,1,-1,0.7028987810546758,0.03023528476793642,0.2668659341773878,0.43603284687728805
GOOGL,hist_gradient_boosting,2,2021-05-14,0,1,0.838691552498383,0.838691552498383,0.13506577816050377,0.7036257743378792
GOOGL,hist_gradient_boosting,2,2021-05-17,1,1,0.9190815072143855,0.9190815072143855,0.046785937814916356,0.8722955693994692
GOOGL,hist_gradient_boosting,2,2021-05-18,1,1,0.5596844508433887,0.5596844508433887,0.3787306465666541,0.18095380427673458
GOOGL,hist_gradient_boosting,2,2021-05-19,1,1,0.8101150504942869,0.8101150504942869,0.13008203040461142,0.6800330200896755
GOOGL,hist_gradient_boosting,2,2021-05-20,1,1,0.6460705081661876,0.6460705081661876,0.285157346091728,0.3609131620744596
GOOGL,hist_gradient_boosting,2,2021-05-21,1,1,0.7612557532881996,0.7612557532881996,0.22072915773171903,0.5405265955564806
GOOGL,hist_gradient_boosting,2,2021-05-24,0,1,0.860732541560319,0.860732541560319,0.09716479788812901,0.7635677436721899
GOOGL,hist_gradient_boosting,2,2021-05-25,0,0,0.6199844030395163,0.3580731008390017,0.3580731008390017,0.2619113022005146
GOOGL,hist_gradient_boosting,2,2021-05-26,0,1,0.8398505822820193,0.8398505822820193,0.08563899751589527,0.7542115847661239
GOOGL,hist_gradient_boosting,2,2021-05-27,0,1,0.5750858429113322,0.5750858429113322,0.22549348763556643,0.3495923552757658
GOOGL,hist_gradient_boosting,2,2021-05-28,0,1,0.5192089820033472,0.5192089820033472,0.2501662692655315,0.2690427127378157
GOOGL,hist_gradient_boosting,2,2021-06-01,0,1,0.9214462482543536,0.9214462482543536,0.05020178885860283,0.8712444593957508
GOOGL,hist_gradient_boosting,2,2021-06-02,0,1,0.70695018049241,0.70695018049241,0.22698834349219427,0.4799618370002157
GOOGL,hist_gradient_boosting,2,2021-06-03,1,1,0.7831695555657452,0.7831695555657452,0.17649417880069634,0.6066753767650488
GOOGL,hist_gradient_boosting,2,2021-06-04,0,1,0.91806935012289,0.91806935012289,0.05811339157744474,0.8599559585454453
GOOGL,hist_gradient_boosting,2,2021-06-07,0,1,0.7392067422211243,0.7392067422211243,0.19608067279506647,0.5431260694260578
GOOGL,hist_gradient_boosting,2,2021-06-08,0,-1,0.5479199726290004,0.05345632196733515,0.3986237054036645,0.1492962672253359
GOOGL,hist_gradient_boosting,2,2021-06-09,0,-1,0.5299037721265124,0.0819521447935056,0.388144083079982,0.1417596890465304
GOOGL,hist_gradient_boosting,2,2021-06-10,0,0,0.8068229062124308,0.004608636983937129,0.1885684568036321,0.6182544494087987
GOOGL,hist_gradient_boosting,2,2021-06-11,0,0,0.6956716327468518,0.005303394996789075,0.299024972256359,0.39664666049049285
GOOGL,hist_gradient_boosting,2,2021-06-14,0,0,0.5833704630315301,0.0011148085906008093,0.4155147283778691,0.16785573465366094
GOOGL,hist_gradient_boosting,2,2021-06-15,0,0,0.5026212773487774,0.031884777213669724,0.4654939454375529,0.03712733191122447
GOOGL,hist_gradient_boosting,2,2021-06-16,0,-1,0.8041243461330951,0.06347818710929788,0.13239746675760705,0.671726879375488
GOOGL,hist_gradient_boosting,2,2021-06-17,0,-1,0.7993035869264852,0.025080880378480316,0.1756155326950344,0.6236880542314508
GOOGL,hist_gradient_boosting,2,2021-06-18,0,-1,0.8059885528906837,0.03224428143303742,0.16176716567627886,0.6442213872144049
GOOGL,hist_gradient_boosting,2,2021-06-21,0,-1,0.941053687697211,0.008560054034721324,0.05038625826806772,0.8906674294291432
GOOGL,hist_gradient_boosting,2,2021-06-22,0,-1,0.7797067777847958,0.0094916367942167,0.21080158542098762,0.5689051923638082
GOOGL,hist_gradient_boosting,2,2021-06-23,0,-1,0.7351817731639223,0.04068402079815978,0.22413420603791798,0.5110475671260043
GOOGL,hist_gradient_boosting,2,2021-06-24,0,-1,0.48585154481394,0.028945966940095158,0.4852024882459648,0.0006490565679752036
GOOGL,hist_gradient_boosting,2,2021-06-25,1,0,0.5813339568036674,0.04377737858113485,0.3748886646151977,0.2064452921884697
GOOGL,hist_gradient_boosting,2,2021-06-28,1,0,0.6547123620449948,0.025167062940847456,0.3201205750141578,0.33459178703083703
GOOGL,hist_gradient_boosting,2,2021-06-29,1,-1,0.7093727807138294,0.02651098070080561,0.26411623858536504,0.4452565421284643
GOOGL,hist_gradient_boosting,2,2021-06-30,1,0,0.6248024470223762,0.03627305188067961,0.33892450109694416,0.28587794592543203
GOOGL,hist_gradient_boosting,2,2021-07-01,1,-1,0.7981098167581617,0.047409299628858335,0.15448088361297996,0.6436289331451818
GOOGL,hist_gradient_boosting,2,2021-07-02,0,0,0.67409404017708,0.01643174662208875,0.30947421320083135,0.3646198269762486
GOOGL,hist_gradient_boosting,2,2021-07-06,0,-1,0.6096220689325498,0.3504133467417233,0.3504133467417233,0.25920872219082647
GOOGL,hist_gradient_boosting,2,2021-07-07,0,-1,0.9236679979555661,0.05595395385857384,0.05595395385857384,0.8677140440969923
GOOGL,hist_gradient_boosting,2,2021-07-08,0,1,0.7303039838811267,0.7303039838811267,0.18550041025029135,0.5448035736308354
GOOGL,hist_gradient_boosting,2,2021-07-09,0,-1,0.5511983927865926,0.1368261621532258,0.31197544506018166,0.2392229477264109
GOOGL,hist_gradient_boosting,2,2021-07-12,0,0,0.513037246213505,0.0629117377019012,0.42405101608459383,0.08898623012891116
GOOGL,hist_gradient_boosting,2,2021-07-13,0,-1,0.9109660195177912,0.07100418007137735,0.07100418007137735,0.8399618394464139
GOOGL,hist_gradient_boosting,2,2021-07-14,0,-1,0.9893378883542273,0.0023792568571879883,0.00828285478858479,0.9810550335656425
GOOGL,hist_gradient_boosting,2,2021-07-15,0,0,0.5148807151474735,0.17424385322153052,0.310875431630996,0.20400528351647745
GOOGL,hist_gradient_boosting,2,2021-07-16,1,0,0.5008198174587434,0.15740192462388536,0.3417782579173713,0.15904155954137206
GOOGL,hist_gradient_boosting,2,2021-07-19,1,0,0.8883650019778783,0.08098002768151541,0.08098002768151541,0.8073849742963628
GOOGL,hist_gradient_boosting,2,2021-07-20,1,1,0.6632143765582897,0.6632143765582897,0.2954328073663131,0.36778156919197663
GOOGL,hist_gradient_boosting,2,2021-07-21,1,1,0.5700144523157608,0.5700144523157608,0.3896347892301585,0.18037966308560227
GOOGL,hist_gradient_boosting,2,2021-07-22,1,0,0.5239337547306605,0.18026172039035043,0.29580452487898906,0.22812922985167144
GOOGL,hist_gradient_boosting,2,2021-07-23,0,-1,0.9631939284140962,0.024631914747650654,0.024631914747650654,0.9385620136664455
GOOGL,hist_gradient_boosting,2,2021-07-26,0,-1,0.9016961917429638,0.03281095436950175,0.06549285388753445,0.8362033378554293
GOOGL,hist_gradient_boosting,2,2021-07-27,1,-1,0.688745678318444,0.03959292767693721,0.2716613940046186,0.41708428431382544
GOOGL,hist_gradient_boosting,2,2021-07-28,0,-1,0.9255229938316919,0.03228235195394018,0.04219465421436793,0.8833283396173239
GOOGL,hist_gradient_boosting,2,2021-07-29,0,0,0.5131179119114969,0.2649811791236885,0.2649811791236885,0.2481367327878084
GOOGL,hist_gradient_boosting,2,2021-07-30,0,-1,0.8398491746558228,0.06329003450969158,0.0968607908344857,0.742988383821337
GOOGL,hist_gradient_boosting,2,2021-08-02,0,-1,0.8270110562119419,0.10623432512946093,0.10623432512946093,0.720776731082481
GOOGL,hist_gradient_boosting,2,2021-08-03,0,-1,0.7703328978234781,0.12964195067601889,0.12964195067601889,0.6406909471474592
GOOGL,hist_gradient_boosting,2,2021-08-04,0,-1,0.6202916733637489,0.19138763589989932,0.19138763589989932,0.4289040374638496
GOOGL,hist_gradient_boosting,2,2021-08-05,0,-1,0.7230128747448819,0.07394222676813492,0.20304489848698326,0.5199679762578986
GOOGL,hist_gradient_boosting,2,2021-08-06,0,-1,0.7337652490626289,0.08913849834201662,0.17709625259535444,0.5566689964672744
GOOGL,hist_gradient_boosting,2,2021-08-09,0,-1,0.4770984289147592,0.2820706526535689,0.2820706526535689,0.19502777626119028
GOOGL,hist_gradient_boosting,2,2021-08-10,0,-1,0.5671100379167813,0.0285819769145293,0.4043079851686894,0.1628020527480919
GOOGL,hist_gradient_boosting,2,2021-08-11,0,-1,0.7427207905617604,0.00172357041693995,0.25555563902129963,0.4871651515404608
GOOGL,hist_gradient_boosting,2,2021-08-12,0,-1,0.8735772620038542,0.0012639482872159843,0.12515878970892974,0.7484184722949245
GOOGL,hist_gradient_boosting,2,2021-08-13,0,-1,0.9684730415627169,0.0013663209621679545,0.030160637475114986,0.9383124040876019
GOOGL,hist_gradient_boosting,2,2021-08-16,0,-1,0.9827556112792291,0.001579970936201316,0.015664417784569607,0.9670911934946594
GOOGL,hist_gradient_boosting,2,2021-08-17,1,-1,0.9611059791544201,0.020955855635181195,0.020955855635181195,0.9401501235192389
GOOGL,hist_gradient_boosting,2,2021-08-18,1,-1,0.45992080610326447,0.1649691443690939,0.37511004952764165,0.08481075657562281
GOOGL,hist_gradient_boosting,2,2021-08-19,1,-1,0.43613758427667865,0.17235396659300745,0.39150844913031396,0.044629135146364685
GOOGL,hist_gradient_boosting,2,2021-08-20,1,-1,0.8317165480504792,0.049943092817813166,0.11834035913170758,0.7133761889187716
GOOGL,hist_gradient_boosting,2,2021-08-23,1,-1,0.7431560179927593,0.055932273631028366,0.20091170837621225,0.542244309616547
GOOGL,hist_gradient_boosting,2,2021-08-24,1,-1,0.7194408320909095,0.10895219574047889,0.17160697216861148,0.547833859922298
GOOGL,hist_gradient_boosting,2,2021-08-25,1,-1,0.7147080898249749,0.06084236741890771,0.2244495427561173,0.49025854706885763
GOOGL,hist_gradient_boosting,2,2021-08-26,0,-1,0.5560648725404527,0.1844441471388539,0.25949098032069334,0.2965738922197593
GOOGL,hist_gradient_boosting,2,2021-08-27,0,1,0.5959840390676575,0.5959840390676575,0.3280824748003288,0.2679015642673287
GOOGL,hist_gradient_boosting,2,2021-08-30,0,-1,0.5871102171919514,0.3587722330802191,0.3587722330802191,0.22833798411173234
GOOGL,hist_gradient_boosting,2,2021-08-31,0,-1,0.8643586484203091,0.0657607628103462,0.06988058876934457,0.7944780596509645
GOOGL,hist_gradient_boosting,2,2021-09-01,0,-1,0.9754050115697619,0.003047020846273816,0.021547967583964326,0.9538570439857975
GOOGL,hist_gradient_boosting,2,2021-09-02,0,-1,0.7382741618764869,0.04076131203339208,0.22096452609012102,0.5173096357863658
GOOGL,hist_gradient_boosting,2,2021-09-03,0,-1,0.851675815395976,0.04679138297163374,0.10153280163239015,0.7501430137635858
GOOGL,hist_gradient_boosting,2,2021-09-07,0,-1,0.9761413688283959,0.006928944210257099,0.016929686961346987,0.9592116818670489
GOOGL,hist_gradient_boosting,2,2021-09-08,0,-1,0.5016830089468834,0.01243581353585173,0.48588117751726484,0.015801831429618607
GOOGL,hist_gradient_boosting,2,2021-09-09,0,-1,0.63869235405699,0.021704796648413,0.3396028492945971,0.2990895047623929
GOOGL,hist_gradient_boosting,2,2021-09-10,0,1,0.6019987959228128,0.6019987959228128,0.33296509134445595,0.26903370457835685
GOOGL,hist_gradient_boosting,2,2021-09-13,-1,-1,0.508845799182836,0.22286964029119363,0.26828456052597033,0.24056123865686568
GOOGL,hist_gradient_boosting,2,2021-09-14,-1,-1,0.48869902520563385,0.3178900613841484,0.3178900613841484,0.17080896382148547
GOOGL,hist_gradient_boosting,2,2021-09-15,-1,0,0.5513264140498039,0.07536685809527788,0.3733067278549182,0.17801968619488567
GOOGL,hist_gradient_boosting,2,2021-09-16,0,-1,0.4239524297733301,0.39950619078920563,0.39950619078920563,0.024446238984124458
GOOGL,hist_gradient_boosting,2,2021-09-17,0,1,0.8184875751473026,0.8184875751473026,0.12471477739128976,0.6937727977560129
GOOGL,hist_gradient_boosting,2,2021-09-20,0,1,0.8205054193190109,0.8205054193190109,0.13058048967996994,0.689924929639041
GOOGL,hist_gradient_boosting,2,2021-09-21,-1,1,0.6799327923242148,0.6799327923242148,0.28950684709582036,0.3904259452283944
GOOGL,hist_gradient_boosting,2,2021-09-22,-1,1,0.9827990670534987,0.9827990670534987,0.012605212137117665,0.9701938549163811
GOOGL,hist_gradient_boosting,2,2021-09-23,-1,1,0.6554219577785412,0.6554219577785412,0.19776199513835546,0.4576599626401857
GOOGL,hist_gradient_boosting,2,2021-09-24,-1,1,0.6637346082418033,0.6637346082418033,0.2322477992822725,0.43148680895953084
GOOGL,hist_gradient_boosting,2,2021-09-27,-1,1,0.8487014879823519,0.8487014879823519,0.14088857638901597,0.7078129115933359
GOOGL,hist_gradient_boosting,2,2021-09-28,0,1,0.7560859603909418,0.7560859603909418,0.20150066447672876,0.554585295914213
GOOGL,hist_gradient_boosting,2,2021-09-29,1,0,0.9855977939758922,0.001557120515409253,0.012845085508698527,0.9727527084671936
GOOGL,hist_gradient_boosting,2,2021-09-30,1,0,0.7193499460618638,0.0282263291452662,0.2524237247928701,0.46692622126899364
GOOGL,hist_gradient_boosting,2,2021-10-01,1,0,0.4678745771660702,0.4082640020952731,0.4082640020952731,0.059610575070797145
GOOGL,hist_gradient_boosting,2,2021-10-04,1,0,0.9213812238482203,0.0475763519097228,0.0475763519097228,0.8738048719384975
GOOGL,hist_gradient_boosting,2,2021-10-05,0,0,0.6350680037780526,0.024199763305835044,0.3407322329161123,0.2943357708619403
GOOGL,hist_gradient_boosting,2,2021-10-06,0,1,0.5857005364710377,0.5857005364710377,0.2691179706851172,0.3165825657859205
GOOGL,hist_gradient_boosting,2,2021-10-07,0,1,0.7084888708419685,0.7084888708419685,0.17417696562238125,0.5343119052195873
GOOGL,hist_gradient_boosting,2,2021-10-08,0,1,0.6771929302561229,0.6771929302561229,0.29476969565757133,0.3824232345985516
GOOGL,hist_gradient_boosting,2,2021-10-11,1,1,0.7254098946909615,0.7254098946909615,0.2206768923634338,0.5047330023275277
GOOGL,hist_gradient_boosting,2,2021-10-12,1,0,0.6527582644756533,0.2553709870386735,0.2553709870386735,0.3973872774369798
GOOGL,hist_gradient_boosting,2,2021-10-13,1,1,0.832684493050383,0.832684493050383,0.13086146790150835,0.7018230251488746
GOOGL,hist_gradient_boosting,2,2021-10-14,0,1,0.7754238764671151,0.7754238764671151,0.17443928604462602,0.6009845904224891
GOOGL,hist_gradient_boosting,2,2021-10-15,-1,1,0.9284364493665923,0.9284364493665923,0.04011066441267293,0.8883257849539193
GOOGL,hist_gradient_boosting,2,2021-10-18,-1,1,0.8699030391953674,0.8699030391953674,0.10051444733222736,0.76938859186314
GOOGL,hist_gradient_boosting,2,2021-10-19,-1,1,0.6035560769801017,0.6035560769801017,0.35397788807673636,0.24957818890336536
GOOGL,hist_gradient_boosting,2,2021-10-20,1,0,0.7977423216461232,0.17267987101363733,0.17267987101363733,0.6250624506324859
GOOGL,hist_gradient_boosting,2,2021-10-21,1,1,0.8417355467653336,0.8417355467653336,0.13547509524353338,0.7062604515218002
GOOGL,hist_gradient_boosting,2,2021-10-22,1,1,0.9882222809181419,0.9882222809181419,0.008747646907189273,0.9794746340109526
GOOGL,hist_gradient_boosting,2,2021-10-25,1,1,0.6677866397997594,0.6677866397997594,0.329624526066605,0.3381621137331544
GOOGL,hist_gradient_boosting,2,2021-10-26,1,1,0.8829146758828621,0.8829146758828621,0.0871302977759746,0.7957843781068875
GOOGL,hist_gradient_boosting,2,2021-10-27,0,1,0.8088797012608717,0.8088797012608717,0.09904784247659996,0.7098318587842718
GOOGL,hist_gradient_boosting,2,2021-10-28,0,1,0.522917644489844,0.522917644489844,0.47253750892073604,0.050380135569107976
GOOGL,hist_gradient_boosting,2,2021-10-29,0,1,0.7522777156310864,0.7522777156310864,0.23509425555456695,0.5171834600765194
GOOGL,hist_gradient_boosting,2,2021-11-01,1,1,0.8897835516793123,0.8897835516793123,0.10843424427509304,0.7813493074042193
GOOGL,hist_gradient_boosting,2,2021-11-02,1,1,0.6982616903297244,0.6982616903297244,0.2997314855532529,0.3985302047764715
GOOGL,hist_gradient_boosting,2,2021-11-03,0,1,0.7383954898152122,0.7383954898152122,0.24900525422203437,0.48939023559317785
GOOGL,hist_gradient_boosting,2,2021-11-04,0,1,0.6643365558264943,0.6643365558264943,0.32069925786755127,0.34363729795894304
GOOGL,hist_gradient_boosting,2,2021-11-05,0,1,0.5905603252319257,0.5905603252319257,0.40461349411125647,0.18594683112066923
GOOGL,hist_gradient_boosting,2,2021-11-08,0,0,0.9334922758963167,0.059085064831948364,0.059085064831948364,0.8744072110643684
GOOGL,hist_gradient_boosting,2,2021-11-09,0,0,0.9380414386803402,0.03961611120033786,0.03961611120033786,0.8984253274800024
GOOGL,hist_gradient_boosting,2,2021-11-10,0,0,0.7483556039654232,0.24753524405611063,0.24753524405611063,0.5008203599093126
GOOGL,hist_gradient_boosting,2,2021-11-11,1,0,0.5701041436697699,0.40087033579670944,0.40087033579670944,0.16923380787306047
GOOGL,hist_gradient_boosting,2,2021-11-12,0,1,0.6882635490946455,0.6882635490946455,0.3029676601993502,0.3852958888952953
GOOGL,hist_gradient_boosting,2,2021-11-15,0,0,0.5372810997402461,0.4283854896515509,0.4283854896515509,0.1088956100886952
GOOGL,hist_gradient_boosting,2,2021-11-16,0,0,0.532414667058888,0.3864367941408869,0.3864367941408869,0.14597787291800107
GOOGL,hist_gradient_boosting,2,2021-11-17,0,1,0.9458969084673053,0.9458969084673053,0.02814857381223651,0.9177483346550688
GOOGL,hist_gradient_boosting,2,2021-11-18,-1,0,0.5937029709289681,0.3876441976617506,0.3876441976617506,0.20605877326721744
GOOGL,hist_gradient_boosting,2,2021-11-19,-1,1,0.8684651322836286,0.8684651322836286,0.10823033807442262,0.760234794209206
GOOGL,hist_gradient_boosting,2,2021-11-22,-1,1,0.5608942605026829,0.5608942605026829,0.42615875475794,0.13473550574474286
GOOGL,hist_gradient_boosting,2,2021-11-23,-1,0,0.780623172931077,0.21841475840223476,0.21841475840223476,0.5622084145288422
GOOGL,hist_gradient_boosting,2,2021-11-24,-1,0,0.9218786127653517,0.0731348925401406,0.0731348925401406,0.848743720225211
GOOGL,hist_gradient_boosting,2,2021-11-26,0,0,0.8479021860530659,0.09538426112059786,0.09538426112059786,0.752517924932468
GOOGL,hist_gradient_boosting,2,2021-11-29,0,1,0.5493327840865513,0.5493327840865513,0.4056504435028075,0.1436823405837438
GOOGL,hist_gradient_boosting,2,2021-11-30,1,1,0.7445298625104467,0.7445298625104467,0.16579293881543286,0.5787369236950138
GOOGL,hist_gradient_boosting,2,2021-12-01,1,1,0.5054602657280183,0.5054602657280183,0.3837873164032615,0.12167294932475675
GOOGL,hist_gradient_boosting,2,2021-12-02,1,1,0.7929284976152038,0.7929284976152038,0.1833959031798191,0.6095325944353847
GOOGL,hist_gradient_boosting,2,2021-12-03,1,1,0.6662219834928588,0.6662219834928588,0.31151637973690965,0.3547056037559491
GOOGL,hist_gradient_boosting,2,2021-12-06,0,1,0.8632117531667138,0.8632117531667138,0.13274819296572501,0.7304635602009888
GOOGL,hist_gradient_boosting,2,2021-12-07,-1,0,0.40198210739074836,0.29759402598418827,0.3004238666250633,0.10155824076568504
GOOGL,hist_gradient_boosting,2,2021-12-08,0,1,0.8914967527101784,0.8914967527101784,0.09258372503302618,0.7989130276771522
GOOGL,hist_gradient_boosting,2,2021-12-09,-1,1,0.6672640139883913,0.6672640139883913,0.3204077533670899,0.3468562606213014
GOOGL,hist_gradient_boosting,2,2021-12-10,-1,1,0.8327975209983385,0.8327975209983385,0.15401297474007533,0.6787845462582631
GOOGL,hist_gradient_boosting,2,2021-12-13,-1,1,0.5765124521625302,0.5765124521625302,0.417283893710424,0.1592285584521062
GOOGL,hist_gradient_boosting,2,2021-12-14,0,0,0.8409689401343539,0.1318860944920475,0.1318860944920475,0.7090828456423064
GOOGL,hist_gradient_boosting,2,2021-12-15,0,1,0.9926454359136654,0.9926454359136654,0.004805510065388835,0.9878399258482765
GOOGL,hist_gradient_boosting,2,2021-12-16,0,1,0.9492917774271329,0.9492917774271329,0.041276673243817404,0.9080151041833154
GOOGL,hist_gradient_boosting,2,2021-12-17,1,0,0.9550995720530341,0.0344636201492273,0.0344636201492273,0.9206359519038068
GOOGL,hist_gradient_boosting,2,2021-12-20,1,0,0.5639028675901825,0.39711415144750356,0.39711415144750356,0.16678871614267893
GOOGL,hist_gradient_boosting,2,2021-12-21,1,1,0.9838582965397534,0.9838582965397534,0.012159346908574334,0.9716989496311791
GOOGL,hist_gradient_boosting,2,2021-12-22,0,1,0.9807322881392369,0.9807322881392369,0.016935603583539304,0.9637966845556976
GOOGL,hist_gradient_boosting,2,2021-12-23,0,1,0.974578478878679,0.974578478878679,0.02487204401155067,0.9497064348671284
GOOGL,hist_gradient_boosting,2,2021-12-27,0,1,0.9017747749821422,0.9017747749821422,0.08968489494438382,0.8120898800377584
GOOGL,hist_gradient_boosting,2,2021-12-28,0,1,0.738205151817278,0.738205151817278,0.16921643829226937,0.5689887135250086
GOOGL,hist_gradient_boosting,2,2021-12-29,-1,1,0.8659591164964806,0.8659591164964806,0.07083828090362408,0.7951208355928565
GOOGL,hist_gradient_boosting,2,2021-12-30,-1,1,0.8135950891249745,0.8135950891249745,0.10228008097335987,0.7113150081516146
GOOGL,hist_gradient_boosting,2,2021-12-31,-1,0,0.4985734261405816,0.434482097143329,0.434482097143329,0.06409132899725256
GOOGL,hist_gradient_boosting,2,2022-01-03,-1,0,0.7144230433076787,0.24526358908590415,0.24526358908590415,0.4691594542217745
GOOGL,hist_gradient_boosting,2,2022-01-04,-1,1,0.5606898271479873,0.5606898271479873,0.37502539476312746,0.18566443238485986
GOOGL,hist_gradient_boosting,2,2022-01-05,1,1,0.8262900590421723,0.8262900590421723,0.17326758444578302,0.6530224745963893
GOOGL,hist_gradient_boosting,2,2022-01-06,0,0,0.798947849559865,0.19985682171298533,0.19985682171298533,0.5990910278468796
GOOGL,hist_gradient_boosting,2,2022-01-07,0,0,0.891128971909988,0.10543341263176578,0.10543341263176578,0.7856955592782222
GOOGL,hist_gradient_boosting,2,2022-01-10,0,0,0.936032017061778,0.06308916815945494,0.06308916815945494,0.872942848902323
GOOGL,hist_gradient_boosting,2,2022-01-11,-1,0,0.6267763493721102,0.3568880802788023,0.3568880802788023,0.26988826909330793
GOOGL,hist_gradient_boosting,2,2022-01-12,-1,1,0.7650109361318986,0.7650109361318986,0.23390063251098184,0.5311103036209168
GOOGL,hist_gradient_boosting,2,2022-01-13,-1,0,0.627085464146833,0.3657053503660433,0.3657053503660433,0.2613801137807897
GOOGL,hist_gradient_boosting,2,2022-01-14,-1,1,0.8138617830715373,0.8138617830715373,0.18424481376921395,0.6296169693023234
GOOGL,hist_gradient_boosting,2,2022-01-18,-1,0,0.688613269787251,0.30996141644052555,0.30996141644052555,0.37865185334672546
GOOGL,hist_gradient_boosting,2,2022-01-19,-1,0,0.8089069323941113,0.1794878152969139,0.1794878152969139,0.6294191170971973
GOOGL,hist_gradient_boosting,2,2022-01-20,-1,1,0.650798630545112,0.650798630545112,0.3425851812513901,0.3082134492937219
GOOGL,hist_gradient_boosting,2,2022-01-21,1,1,0.9470813675180325,0.9470813675180325,0.05263968225457824,0.8944416852634542
GOOGL,hist_gradient_boosting,2,2022-01-24,1,0,0.5927774637733495,0.40662714925962107,0.40662714925962107,0.18615031451372843
GOOGL,hist_gradient_boosting,2,2022-01-25,1,1,0.7001043649616117,0.7001043649616117,0.29935554468091424,0.4007488202806974
GOOGL,hist_gradient_boosting,2,2022-01-26,1,1,0.5676169969747059,0.5676169969747059,0.41299021595461693,0.15462678102008898
GOOGL,hist_gradient_boosting,2,2022-01-27,1,1,0.6567669268773803,0.6567669268773803,0.30273498326942266,0.3540319436079576
GOOGL,hist_gradient_boosting,2,2022-01-28,1,0,0.7818374712345956,0.19301034318123947,0.19301034318123947,0.5888271280533561
GOOGL,hist_gradient_boosting,2,2022-01-31,1,1,0.7067775303540943,0.7067775303540943,0.2594393573308539,0.4473381730232404
GOOGL,hist_gradient_boosting,2,2022-02-01,0,1,0.8974809071095241,0.8974809071095241,0.05741136006584237,0.8400695470436818
GOOGL,hist_gradient_boosting,2,2022-02-02,-1,0,0.9414441947320044,0.04243426301822286,0.04243426301822286,0.8990099317137815
GOOGL,hist_gradient_boosting,2,2022-02-03,-1,1,0.7259295941444344,0.7259295941444344,0.27264437491837173,0.45328521922606263
GOOGL,hist_gradient_boosting,2,2022-02-04,-1,1,0.6933194704774797,0.6933194704774797,0.30558933294111795,0.3877301375363617
GOOGL,hist_gradient_boosting,2,2022-02-07,-1,1,0.8918266269958969,0.8918266269958969,0.10767217737789062,0.7841544496180063
GOOGL,hist_gradient_boosting,2,2022-02-08,-1,1,0.92959103215594,0.92959103215594,0.07011210253838498,0.859478929617555
GOOGL,hist_gradient_boosting,2,2022-02-09,-1,1,0.9647426460274561,0.9647426460274561,0.02435230443201168,0.9403903415954444
GOOGL,hist_gradient_boosting,2,2022-02-10,-1,1,0.9614396605400293,0.9614396605400293,0.021155319934074657,0.9402843406059547
GOOGL,hist_gradient_boosting,2,2022-02-11,-1,1,0.9333956355590082,0.9333956355590082,0.06105918716887776,0.8723364483901304
GOOGL,hist_gradient_boosting,2,2022-02-14,-1,1,0.5261446916906245,0.5261446916906245,0.449989775300139,0.0761549163904855
GOOGL,hist_gradient_boosting,2,2022-02-15,-1,1,0.9357318457675793,0.9357318457675793,0.03987528896480998,0.8958565568027693
GOOGL,hist_gradient_boosting,2,2022-02-16,-1,1,0.7317975791973429,0.7317975791973429,0.1806743875556037,0.5511231916417392
GOOGL,hist_gradient_boosting,2,2022-02-17,0,0,0.7551443080552036,0.2014066931292616,0.2014066931292616,0.553737614925942
GOOGL,hist_gradient_boosting,2,2022-02-18,1,0,0.45739779114913265,0.39759741242941193,0.39759741242941193,0.059800378719720715
GOOGL,hist_gradient_boosting,2,2022-02-22,1,0,0.7625860517985444,0.2215981425854533,0.2215981425854533,0.5409879092130911
GOOGL,hist_gradient_boosting,2,2022-02-23,1,1,0.6427443224356798,0.6427443224356798,0.30075587166334555,0.34198845077233425
GOOGL,hist_gradient_boosting,2,2022-02-24,0,0,0.7730110580892835,0.17296607162476751,0.17296607162476751,0.600044986464516
GOOGL,hist_gradient_boosting,2,2022-02-25,0,1,0.967805375020431,0.967805375020431,0.016625210283361898,0.951180164737069
GOOGL,hist_gradient_boosting,2,2022-02-28,-1,1,0.6005808464973498,0.6005808464973498,0.33239180128873885,0.2681890452086109
GOOGL,hist_gradient_boosting,2,2022-03-01,-1,1,0.8037863510806847,0.8037863510806847,0.16603509447505366,0.6377512566056311
GOOGL,hist_gradient_boosting,2,2022-03-02,0,1,0.7269951797691819,0.7269951797691819,0.2643523911101874,0.46264278865899455
GOOGL,hist_gradient_boosting,2,2022-03-03,0,0,0.5456159260847158,0.4396105658353683,0.4396105658353683,0.10600536024934748
GOOGL,hist_gradient_boosting,2,2022-03-04,0,1,0.5939143155829653,0.5939143155829653,0.39988384920379033,0.19403046637917493
GOOGL,hist_gradient_boosting,2,2022-03-07,0,1,0.7692215907204456,0.7692215907204456,0.23064368376804292,0.5385779069524027
GOOGL,hist_gradient_boosting,2,2022-03-08,0,0,0.6657186100224626,0.29572391909752505,0.29572391909752505,0.36999469092493753
GOOGL,hist_gradient_boosting,2,2022-03-09,0,1,0.8611868024666584,0.8611868024666584,0.07276443224017057,0.7884223702264878
GOOGL,hist_gradient_boosting,2,2022-03-10,0,0,0.6795912697434193,0.31015441719215425,0.31015441719215425,0.36943685255126507
GOOGL,hist_gradient_boosting,2,2022-03-11,1,1,0.8066013479830597,0.8066013479830597,0.19158741919784703,0.6150139287852127
GOOGL,hist_gradient_boosting,2,2022-03-14,1,0,0.8142252792925692,0.16015895500912755,0.16015895500912755,0.6540663242834416
GOOGL,hist_gradient_boosting,2,2022-03-15,1,1,0.9332823946155049,0.9332823946155049,0.04823914135707485,0.88504325325843
GOOGL,hist_gradient_boosting,2,2022-03-16,1,1,0.9282954409517568,0.9282954409517568,0.04293515989419274,0.885360281057564
GOOGL,hist_gradient_boosting,2,2022-03-17,1,1,0.9770004293084857,0.9770004293084857,0.01698966791715162,0.9600107613913341
GOOGL,hist_gradient_boosting,2,2022-03-18,1,1,0.8089837331703525,0.8089837331703525,0.14448368919988733,0.6645000439704652
GOOGL,hist_gradient_boosting,2,2022-03-21,1,1,0.7622184708478035,0.7622184708478035,0.2275391284627487,0.5346793423850548
GOOGL,hist_gradient_boosting,2,2022-03-22,0,1,0.5258718454262339,0.5258718454262339,0.4653544322831481,0.060517413143085785
GOOGL,hist_gradient_boosting,2,2022-03-23,1,1,0.6254226424735663,0.6254226424735663,0.3732852958516859,0.25213734662188036
GOOGL,hist_gradient_boosting,2,2022-03-24,0,1,0.8942547502485358,0.8942547502485358,0.10193538465641885,0.792319365592117
GOOGL,hist_gradient_boosting,2,2022-03-25,0,1,0.9038495264918048,0.9038495264918048,0.09451084300301257,0.8093386834887922
GOOGL,hist_gradient_boosting,2,2022-03-28,0,1,0.830460990102456,0.830460990102456,0.16837987359200488,0.6620811165104511
GOOGL,hist_gradient_boosting,2,2022-03-29,0,1,0.8481342728862343,0.8481342728862343,0.15025959173992126,0.697874681146313
GOOGL,hist_gradient_boosting,2,2022-03-30,-1,1,0.5269286300148335,0.5269286300148335,0.4702700156020596,0.05665861441277387
GOOGL,hist_gradient_boosting,2,2022-03-31,-1,1,0.9256252651074961,0.9256252651074961,0.07264720766053778,0.8529780574469583
GOOGL,hist_gradient_boosting,2,2022-04-01,-1,1,0.9780022207164918,0.9780022207164918,0.020964598863892472,0.9570376218525993
GOOGL,hist_gradient_boosting,2,2022-04-04,-1,1,0.9503789791660187,0.9503789791660187,0.03333289033442024,0.9170460888315984
GOOGL,hist_gradient_boosting,2,2022-04-05,-1,0,0.6255522744930954,0.3716591506435142,0.3716591506435142,0.2538931238495812
GOOGL,hist_gradient_boosting,2,2022-04-06,-1,0,0.738470405803391,0.25375404203899454,0.25375404203899454,0.4847163637643964
GOOGL,hist_gradient_boosting,2,2022-04-07,-1,0,0.6405978644820228,0.3561753329703247,0.3561753329703247,0.2844225315116981
GOOGL,hist_gradient_boosting,2,2022-04-08,-1,0,0.7105578093607346,0.2838446049183192,0.2838446049183192,0.42671320444241545
GOOGL,hist_gradient_boosting,2,2022-04-11,0,0,0.9222995492178518,0.06820289201516236,0.06820289201516236,0.8540966572026895
GOOGL,hist_gradient_boosting,2,2022-04-12,0,0,0.9548846139193814,0.04051532833215091,0.04051532833215091,0.9143692855872305
GOOGL,hist_gradient_boosting,2,2022-04-13,-1,0,0.9460902317999135,0.04112425390368331,0.04112425390368331,0.9049659778962301
GOOGL,hist_gradient_boosting,2,2022-04-14,-1,0,0.865559230818094,0.13068070953364289,0.13068070953364289,0.7348785212844512
GOOGL,hist_gradient_boosting,2,2022-04-18,-1,0,0.9425268978116436,0.05003801938306319,0.05003801938306319,0.8924888784285804
GOOGL,hist_gradient_boosting,2,2022-04-19,-1,0,0.9517935062409009,0.027336616498119158,0.027336616498119158,0.9244568897427817
GOOGL,hist_gradient_boosting,2,2022-04-20,-1,0,0.9748919142578245,0.0239701686116748,0.0239701686116748,0.9509217456461497
GOOGL,hist_gradient_boosting,2,2022-04-21,-1,0,0.7812968822750056,0.21816614034156853,0.21816614034156853,0.563130741933437
GOOGL,hist_gradient_boosting,2,2022-04-22,-1,1,0.7353321217374441,0.7353321217374441,0.26454621951605817,0.47078590222138594
GOOGL,hist_gradient_boosting,2,2022-04-25,-1,1,0.7093891331585809,0.7093891331585809,0.28728550200821307,0.4221036311503678
GOOGL,hist_gradient_boosting,2,2022-04-26,0,1,0.8753013304246733,0.8753013304246733,0.12436399516457453,0.7509373352600988
GOOGL,hist_gradient_boosting,2,2022-04-27,1,0,0.5752800337465214,0.42381449963538587,0.42381449963538587,0.1514655341111355
GOOGL,hist_gradient_boosting,2,2022-04-28,0,1,0.7954613266604414,0.7954613266604414,0.1961782945958062,0.5992830320646352
GOOGL,hist_gradient_boosting,2,2022-04-29,0,1,0.5451500189254412,0.5451500189254412,0.4530258419855729,0.09212417693986835
GOOGL,hist_gradient_boosting,2,2022-05-02,-1,0,0.6541345132370473,0.34214980509118287,0.34214980509118287,0.31198470814586443
GOOGL,hist_gradient_boosting,2,2022-05-03,-1,0,0.5564915008299095,0.44169257321559524,0.44169257321559524,0.11479892761431426
GOOGL,hist_gradient_boosting,2,2022-05-04,-1,1,0.5165623977326986,0.5165623977326986,0.46060195085070904,0.05596044688198959
GOOGL,hist_gradient_boosting,2,2022-05-05,-1,1,0.9679212084390604,0.9679212084390604,0.03183768300547079,0.9360835254335896
GOOGL,hist_gradient_boosting,2,2022-05-06,0,1,0.7258852020561697,0.7258852020561697,0.27329981844161505,0.45258538361455464
GOOGL,hist_gradient_boosting,2,2022-05-09,0,0,0.8745508593588986,0.11942020525886836,0.11942020525886836,0.7551306541000303
GOOGL,hist_gradient_boosting,2,2022-05-10,0,1,0.9307374015481252,0.9307374015481252,0.05910611097195068,0.8716312905761745
GOOGL,hist_gradient_boosting,2,2022-05-11,0,1,0.5724290529143371,0.5724290529143371,0.42120947381779594,0.15121957909654116
GOOGL,hist_gradient_boosting,2,2022-05-12,-1,0,0.6334424088158332,0.34996084644163006,0.34996084644163006,0.2834815623742032
GOOGL,hist_gradient_boosting,2,2022-05-13,-1,1,0.829896469873065,0.829896469873065,0.09054411340664864,0.7393523564664164
GOOGL,hist_gradient_boosting,2,2022-05-16,-1,1,0.6861695326371657,0.6861695326371657,0.31156916587371425,0.3746003667634515
GOOGL,hist_gradient_boosting,2,2022-05-17,-1,1,0.9198911623033391,0.9198911623033391,0.06853846839314061,0.8513526939101985
GOOGL,hist_gradient_boosting,2,2022-05-18,-1,0,0.4888325367023417,0.330656429541131,0.330656429541131,0.15817610716121072
GOOGL,hist_gradient_boosting,2,2022-05-19,-1,1,0.9480200451336166,0.9480200451336166,0.04747715277838687,0.9005428923552298
GOOGL,hist_gradient_boosting,2,2022-05-20,1,0,0.8668794977830634,0.1299243184087901,0.1299243184087901,0.7369551793742732
GOOGL,hist_gradient_boosting,2,2022-05-23,1,1,0.9317703747556257,0.9317703747556257,0.0405582550369607,0.8912121197186651
GOOGL,hist_gradient_boosting,2,2022-05-24,1,1,0.8334596677765428,0.8334596677765428,0.16603069418418892,0.6674289735923539
GOOGL,hist_gradient_boosting,2,2022-05-25,1,0,0.5631631216286868,0.4306301154791178,0.4306301154791178,0.13253300614956898
GOOGL,hist_gradient_boosting,2,2022-05-26,1,1,0.8424468957695016,0.8424468957695016,0.14987516426079447,0.6925717315087071
GOOGL,hist_gradient_boosting,2,2022-05-27,1,1,0.5874682356436244,0.5874682356436244,0.3119067967562912,0.2755614388873332
GOOGL,hist_gradient_boosting,2,2022-05-31,1,1,0.7108567817144132,0.7108567817144132,0.2583564520100437,0.45250032970436954
GOOGL,hist_gradient_boosting,2,2022-06-01,1,1,0.923335621826854,0.923335621826854,0.07145046211337966,0.8518851597134743
GOOGL,hist_gradient_boosting,2,2022-06-02,-1,1,0.7993421796516799,0.7993421796516799,0.1429808277449372,0.6563613519067426
GOOGL,hist_gradient_boosting,2,2022-06-03,-1,0,0.5993302130603761,0.3942047470459245,0.3942047470459245,0.20512546601445164
GOOGL,hist_gradient_boosting,2,2022-06-06,-1,1,0.8762654198970087,0.8762654198970087,0.10656906341535224,0.7696963564816565
GOOGL,hist_gradient_boosting,2,2022-06-07,-1,1,0.9157219503083256,0.9157219503083256,0.07536764654375533,0.8403543037645702
GOOGL,hist_gradient_boosting,2,2022-06-08,-1,0,0.6496824019283007,0.33748347850361154,0.33748347850361154,0.3121989234246892
GOOGL,hist_gradient_boosting,2,2022-06-09,-1,1,0.9426497681849639,0.9426497681849639,0.04806358452146215,0.8945861836635017
GOOGL,hist_gradient_boosting,2,2022-06-10,-1,1,0.6431907705705444,0.6431907705705444,0.257584851912641,0.3856059186579034
GOOGL,hist_gradient_boosting,2,2022-06-13,1,0,0.8466892680248816,0.1455926531197377,0.1455926531197377,0.701096614905144
GOOGL,hist_gradient_boosting,2,2022-06-14,1,0,0.7592083009370884,0.21955028986342756,0.21955028986342756,0.5396580110736608
GOOGL,hist_gradient_boosting,2,2022-06-15,1,1,0.7878232241748713,0.7878232241748713,0.20855335449243897,0.5792698696824323
GOOGL,hist_gradient_boosting,2,2022-06-16,1,0,0.7925839767630386,0.19176161158624558,0.19176161158624558,0.600822365176793
GOOGL,hist_gradient_boosting,2,2022-06-17,1,1,0.9406831581808339,0.9406831581808339,0.05622990903342744,0.8844532491474065
GOOGL,hist_gradient_boosting,2,2022-06-21,0,1,0.9267479565858838,0.9267479565858838,0.06460534036865825,0.8621426162172255
GOOGL,hist_gradient_boosting,2,2022-06-22,0,1,0.9609712519080131,0.9609712519080131,0.03689406911677159,0.9240771827912415
GOOGL,hist_gradient_boosting,2,2022-06-23,-1,1,0.9880034634569566,0.9880034634569566,0.011582631938883984,0.9764208315180726
GOOGL,hist_gradient_boosting,2,2022-06-24,-1,1,0.5534495498905393,0.5534495498905393,0.43826307153467525,0.11518647835586404
GOOGL,hist_gradient_boosting,2,2022-06-27,-1,0,0.6627417878347627,0.3367683503300581,0.3367683503300581,0.3259734375047046
GOOGL,hist_gradient_boosting,2,2022-06-28,1,1,0.8530088122400264,0.8530088122400264,0.14581627719803983,0.7071925350419866
GOOGL,hist_gradient_boosting,2,2022-06-29,1,1,0.7701456244348842,0.7701456244348842,0.21928851423376539,0.5508571102011188
GOOGL,hist_gradient_boosting,2,2022-06-30,1,1,0.6797767455312517,0.6797767455312517,0.30712495264409134,0.3726517928871603
GOOGL,hist_gradient_boosting,2,2022-07-01,1,0,0.9335236141125814,0.06086161797683402,0.06086161797683402,0.8726619961357475
GOOGL,hist_gradient_boosting,2,2022-07-05,0,1,0.9088518849722642,0.9088518849722642,0.051853646161065865,0.8569982388111983
GOOGL,hist_gradient_boosting,2,2022-07-06,-1,1,0.9736315678647501,0.9736315678647501,0.01575338386885779,0.9578781839958923
GOOGL,hist_gradient_boosting,2,2022-07-07,-1,1,0.6821816425106594,0.6821816425106594,0.31008671453272485,0.37209492797793453
GOOGL,hist_gradient_boosting,2,2022-07-08,-1,1,0.9273908992468285,0.9273908992468285,0.07043547965773514,0.8569554195890934
GOOGL,hist_gradient_boosting,2,2022-07-11,-1,0,0.5334052379945305,0.46635879605446356,0.46635879605446356,0.06704644194006698
GOOGL,hist_gradient_boosting,2,2022-07-12,0,1,0.9819323795954328,0.9819323795954328,0.017861309679658568,0.9640710699157742
GOOGL,hist_gradient_boosting,2,2022-07-13,1,0,0.5265975137870684,0.4604710632074066,0.4604710632074066,0.06612645057966182
GOOGL,hist_gradient_boosting,2,2022-07-14,1,0,0.9352684889588122,0.04763759569822498,0.04763759569822498,0.8876308932605872
GOOGL,hist_gradient_boosting,2,2022-07-15,-1,1,0.8732961283464324,0.8732961283464324,0.08161501015341345,0.791681118193019
GOOGL,hist_gradient_boosting,2,2022-07-18,0,0,0.7453783369257007,0.21315951535890665,0.21315951535890665,0.532218821566794
GOOGL,hist_gradient_boosting,2,2022-07-19,-1,1,0.8296722892489911,0.8296722892489911,0.09470517608881306,0.734967113160178
GOOGL,hist_gradient_boosting,2,2022-07-20,0,1,0.8154419455441977,0.8154419455441977,0.1674196814309497,0.648022264113248
GOOGL,hist_gradient_boosting,2,2022-07-21,0,1,0.9729313859585993,0.9729313859585993,0.026238546390682703,0.9466928395679166
GOOGL,hist_gradient_boosting,2,2022-07-22,1,0,0.934040486218943,0.029817130971325354,0.03614238280973172,0.8978981034092113
GOOGL,hist_gradient_boosting,2,2022-07-25,1,0,0.9951005858002985,0.003082225175956758,0.003082225175956758,0.9920183606243417
GOOGL,hist_gradient_boosting,2,2022-07-26,1,0,0.9668710605870237,0.03139104876358481,0.03139104876358481,0.9354800118234389
GOOGL,hist_gradient_boosting,2,2022-07-27,1,1,0.9119869280081179,0.9119869280081179,0.06348452978818567,0.8485023982199322
GOOGL,hist_gradient_boosting,2,2022-07-28,1,1,0.9695196090452081,0.9695196090452081,0.028135986024758954,0.9413836230204491
GOOGL,hist_gradient_boosting,2,2022-07-29,0,1,0.7223183997774668,0.7223183997774668,0.25020708835021466,0.47211131142725216
GOOGL,hist_gradient_boosting,2,2022-08-01,1,1,0.4971026538646769,0.4971026538646769,0.4940293922234305,0.003073261641246383
GOOGL,hist_gradient_boosting,2,2022-08-02,0,1,0.6349387665961701,0.6349387665961701,0.3634041805508442,0.2715345860453259
GOOGL,hist_gradient_boosting,2,2022-08-03,0,1,0.7361071066579333,0.7361071066579333,0.24830225397224806,0.4878048526856853
GOOGL,hist_gradient_boosting,2,2022-08-04,0,1,0.6530610032242461,0.6530610032242461,0.3383988951648386,0.3146621080594075
GOOGL,hist_gradient_boosting,2,2022-08-05,1,0,0.5025411501020517,0.49334403869476695,0.49334403869476695,0.009197111407284742
GOOGL,hist_gradient_boosting,2,2022-08-08,1,1,0.6994343206705397,0.6994343206705397,0.29673921533079883,0.40269510533974084
GOOGL,hist_gradient_boosting,2,2022-08-09,1,1,0.9128688212289953,0.9128688212289953,0.08273615862661067,0.8301326626023846
GOOGL,hist_gradient_boosting,2,2022-08-10,0,1,0.9619615435426678,0.9619615435426678,0.021961901109165013,0.9399996424335029
GOOGL,hist_gradient_boosting,2,2022-08-11,0,1,0.870315578465123,0.870315578465123,0.12702479603580258,0.7432907824293205
GOOGL,hist_gradient_boosting,2,2022-08-12,-1,0,0.7012764630987649,0.2509933117251232,0.2509933117251232,0.4502831513736417
GOOGL,hist_gradient_boosting,2,2022-08-15,-1,1,0.6520732254375012,0.6520732254375012,0.3393001070353519,0.31277311840214933
GOOGL,hist_gradient_boosting,2,2022-08-16,-1,1,0.7383755000293141,0.7383755000293141,0.2582957924541431,0.480079707575171
GOOGL,hist_gradient_boosting,2,2022-08-17,-1,1,0.565442613431918,0.565442613431918,0.4336674971417807,0.13177511629013733
GOOGL,hist_gradient_boosting,2,2022-08-18,-1,1,0.7689141889648733,0.7689141889648733,0.229155878962144,0.5397583100027292
GOOGL,hist_gradient_boosting,2,2022-08-19,-1,0,0.5941114112273949,0.4048616146069407,0.4048616146069407,0.18924979662045416
GOOGL,hist_gradient_boosting,2,2022-08-22,-1,0,0.7662241865479225,0.22961612196430534,0.22961612196430534,0.5366080645836171
GOOGL,hist_gradient_boosting,2,2022-08-23,-1,0,0.6871560583941886,0.29540121614330317,0.29540121614330317,0.3917548422508854
GOOGL,hist_gradient_boosting,2,2022-08-24,-1,0,0.9730864260111179,0.010192694343568825,0.016720879645313155,0.9563655463658048
GOOGL,hist_gradient_boosting,2,2022-08-25,-1,1,0.670275133828242,0.670275133828242,0.24199664212520974,0.4282784917030322
GOOGL,hist_gradient_boosting,2,2022-08-26,-1,0,0.7641525527095325,0.16290471773835538,0.16290471773835538,0.6012478349711772
GOOGL,hist_gradient_boosting,2,2022-08-29,-1,0,0.735146874848831,0.054959751864556865,0.20989337328661217,0.5252535015622188
GOOGL,hist_gradient_boosting,2,2022-08-30,0,0,0.9307112290441046,0.014602668110225425,0.05468610284567,0.8760251261984346
GOOGL,hist_gradient_boosting,2,2022-08-31,0,0,0.9498704111968563,0.03223003838410726,0.03223003838410726,0.9176403728127491
GOOGL,hist_gradient_boosting,2,2022-09-01,0,0,0.9229320609341127,0.009122133864554625,0.06794580520133262,0.8549862557327801
GOOGL,hist_gradient_boosting,2,2022-09-02,1,0,0.9057839997738802,0.06663891887540749,0.06663891887540749,0.8391450808984727
GOOGL,hist_gradient_boosting,2,2022-09-06,-1,0,0.7501226949186761,0.23642807791716658,0.23642807791716658,0.5136946170015095
GOOGL,hist_gradient_boosting,2,2022-09-07,-1,0,0.7305199012789326,0.17336460705076487,0.17336460705076487,0.5571552942281678
GOOGL,hist_gradient_boosting,2,2022-09-08,-1,0,0.8829275990194457,0.10961731322322325,0.10961731322322325,0.7733102857962225
GOOGL,hist_gradient_boosting,2,2022-09-09,-1,0,0.3699969087685155,0.3366584747853947,0.3366584747853947,0.03333843398312081
GOOGL,hist_gradient_boosting,2,2022-09-12,-1,1,0.7114966356943854,0.7114966356943854,0.2703313634951389,0.44116527219924645
GOOGL,hist_gradient_boosting,2,2022-09-13,-1,1,0.757812724622695,0.757812724622695,0.24173071614666006,0.5160820084760349
GOOGL,hist_gradient_boosting,2,2022-09-14,-1,1,0.752798540263481,0.752798540263481,0.2446585541471617,0.5081399861163194
GOOGL,hist_gradient_boosting,2,2022-09-15,-1,0,0.7370833974574537,0.26273018959779476,0.26273018959779476,0.4743532078596589
GOOGL,hist_gradient_boosting,2,2022-09-16,-1,1,0.6940548956719077,0.6940548956719077,0.30264704506137047,0.39140785061053723
GOOGL,hist_gradient_boosting,2,2022-09-19,-1,0,0.7916132490296319,0.20676108868146936,0.20676108868146936,0.5848521603481626
GOOGL,hist_gradient_boosting,2,2022-09-20,-1,1,0.8952926072676947,0.8952926072676947,0.10384256196333054,0.7914500453043641
GOOGL,hist_gradient_boosting,2,2022-09-21,0,1,0.9443276332845657,0.9443276332845657,0.03570349614102429,0.9086241371435414
GOOGL,hist_gradient_boosting,2,2022-09-22,-1,1,0.6044966778220484,0.6044966778220484,0.2626633465771296,0.3418333312449188
GOOGL,hist_gradient_boosting,2,2022-09-23,-1,1,0.935431105419385,0.935431105419385,0.046142516942088645,0.8892885884772964
GOOGL,hist_gradient_boosting,2,2022-09-26,0,-1,0.5801546937422741,0.19764775079365515,0.22219755546407086,0.3579571382782033
GOOGL,hist_gradient_boosting,2,2022-09-27,1,1,0.5172303906644359,0.5172303906644359,0.46056917823759,0.05666121242684585
GOOGL,hist_gradient_boosting,2,2022-09-28,0,1,0.4883763423658808,0.4883763423658808,0.3769769432091621,0.1113993991567187
GOOGL,hist_gradient_boosting,2,2022-09-29,1,1,0.9631846969216392,0.9631846969216392,0.034404143764915664,0.9287805531567236
GOOGL,hist_gradient_boosting,2,2022-09-30,1,1,0.9556188685665988,0.9556188685665988,0.03686289664486687,0.918755971921732
GOOGL,hist_gradient_boosting,2,2022-10-03,0,1,0.8379146539714121,0.8379146539714121,0.11629166966664646,0.7216229843047656
GOOGL,hist_gradient_boosting,2,2022-10-04,-1,1,0.5199078975163566,0.5199078975163566,0.40132532492185097,0.11858257259450561
GOOGL,hist_gradient_boosting,2,2022-10-05,-1,1,0.844455334159264,0.844455334159264,0.1120720750547296,0.7323832591045344
GOOGL,hist_gradient_boosting,2,2022-10-06,-1,1,0.5566581825124212,0.5566581825124212,0.364932910016727,0.19172527249569415
GOOGL,hist_gradient_boosting,2,2022-10-07,-1,1,0.5253779551882929,0.5253779551882929,0.46544288149493296,0.05993507369335993
GOOGL,hist_gradient_boosting,2,2022-10-10,1,1,0.6372496000587271,0.6372496000587271,0.20397975127006937,0.4332698487886577
GOOGL,hist_gradient_boosting,2,2022-10-11,1,1,0.550107334765065,0.550107334765065,0.36140393437896096,0.18870340038610406
GOOGL,hist_gradient_boosting,2,2022-10-12,1,1,0.9285792784252501,0.9285792784252501,0.037561329353836985,0.8910179490714132
GOOGL,hist_gradient_boosting,2,2022-10-13,0,1,0.9675992870774655,0.9675992870774655,0.016759011454081166,0.9508402756233842
GOOGL,hist_gradient_boosting,2,2022-10-14,1,1,0.9710489656973155,0.9710489656973155,0.027821868155188063,0.9432270975421274
GOOGL,hist_gradient_boosting,2,2022-10-17,1,1,0.8934495451647563,0.8934495451647563,0.0620750229991458,0.8313745221656105
GOOGL,hist_gradient_boosting,2,2022-10-18,1,1,0.8631241748670834,0.8631241748670834,0.07965500663096599,0.7834691682361173
GOOGL,hist_gradient_boosting,2,2022-10-19,-1,1,0.9396238756351076,0.9396238756351076,0.054776718395768136,0.8848471572393395
GOOGL,hist_gradient_boosting,2,2022-10-20,-1,1,0.9663946439727394,0.9663946439727394,0.02895057649667951,0.9374440674760599
GOOGL,hist_gradient_boosting,2,2022-10-21,-1,1,0.6587960513922556,0.6587960513922556,0.33976724287384474,0.31902880851841087
GOOGL,hist_gradient_boosting,2,2022-10-24,-1,1,0.46141100182122,0.46141100182122,0.386902729835057,0.074508271986163
GOOGL,hist_gradient_boosting,2,2022-10-25,-1,1,0.9621102432955534,0.9621102432955534,0.018951206162045934,0.9431590371335075
GOOGL,hist_gradient_boosting,2,2022-10-26,-1,1,0.5324986207450556,0.5324986207450556,0.4672600755253136,0.06523854521974198
GOOGL,hist_gradient_boosting,2,2022-10-27,-1,1,0.5246463880178496,0.5246463880178496,0.47456216641667326,0.050084221601176315
GOOGL,hist_gradient_boosting,2,2022-10-28,-1,0,0.7617800898218899,0.23548716733281708,0.23548716733281708,0.5262929224890729
GOOGL,hist_gradient_boosting,2,2022-10-31,-1,1,0.7156971067900864,0.7156971067900864,0.28251238417369257,0.4331847226163938
GOOGL,hist_gradient_boosting,2,2022-11-01,0,1,0.7697834725309973,0.7697834725309973,0.2289893663408934,0.5407941061901039
GOOGL,hist_gradient_boosting,2,2022-11-02,0,1,0.5028667914032724,0.5028667914032724,0.4968970343361587,0.005969757067113668
GOOGL,hist_gradient_boosting,3,2022-11-03,1,1,0.8480087832862505,0.8480087832862505,0.11091689158036883,0.7370918917058817
GOOGL,hist_gradient_boosting,3,2022-11-04,1,0,0.4668654374399836,0.13417733351919278,0.39895722904082376,0.06790820839915984
GOOGL,hist_gradient_boosting,3,2022-11-07,1,0,0.6197908885140198,0.056596696082351614,0.3236124154036288,0.29617847311039097
GOOGL,hist_gradient_boosting,3,2022-11-08,1,-1,0.43387872836589,0.40458329334720877,0.40458329334720877,0.029295435018681204
GOOGL,hist_gradient_boosting,3,2022-11-09,1,-1,0.8599943289599973,0.017132660295421553,0.12287301074458133,0.7371213182154159
GOOGL,hist_gradient_boosting,3,2022-11-10,1,1,0.8115875755903822,0.8115875755903822,0.09821593531115176,0.7133716402792304
GOOGL,hist_gradient_boosting,3,2022-11-11,0,0,0.647864434614695,0.3383138683123717,0.3383138683123717,0.3095505663023233
GOOGL,hist_gradient_boosting,3,2022-11-14,0,1,0.7954642777792407,0.7954642777792407,0.16202632667622843,0.6334379511030123
GOOGL,hist_gradient_boosting,3,2022-11-15,0,1,0.8457347987746378,0.8457347987746378,0.08929211613095851,0.7564426826436792
GOOGL,hist_gradient_boosting,3,2022-11-16,0,0,0.5688250635227384,0.4025575048478716,0.4025575048478716,0.1662675586748668
GOOGL,hist_gradient_boosting,3,2022-11-17,0,1,0.7384303350748072,0.7384303350748072,0.15707712552464678,0.5813532095501603
GOOGL,hist_gradient_boosting,3,2022-11-18,0,1,0.9824737594889881,0.9824737594889881,0.008978281525112226,0.9734954779638758
GOOGL,hist_gradient_boosting,3,2022-11-21,0,1,0.8753872685485313,0.8753872685485313,0.0809173589921636,0.7944699095563678
GOOGL,hist_gradient_boosting,3,2022-11-22,1,1,0.9849510233814163,0.9849510233814163,0.008144392341462579,0.9768066310399537
GOOGL,hist_gradient_boosting,3,2022-11-23,1,1,0.5410114299262957,0.5410114299262957,0.3209475096976898,0.22006392022860588
GOOGL,hist_gradient_boosting,3,2022-11-25,1,0,0.6112846370654131,0.30598296128490904,0.30598296128490904,0.3053016757805041
GOOGL,hist_gradient_boosting,3,2022-11-28,1,-1,0.7355426604403218,0.18170980004476822,0.18170980004476822,0.5538328603955536
GOOGL,hist_gradient_boosting,3,2022-11-29,0,-1,0.5134374728009002,0.27139930026761583,0.27139930026761583,0.2420381725332844
GOOGL,hist_gradient_boosting,3,2022-11-30,-1,-1,0.7071687785326899,0.03225651893089345,0.26057470253641657,0.4465940759962733
GOOGL,hist_gradient_boosting,3,2022-12-01,-1,0,0.48438814047765494,0.22123739771545806,0.2943744618068869,0.19001367867076802
GOOGL,hist_gradient_boosting,3,2022-12-02,-1,0,0.38892451470184913,0.3491929026743036,0.3491929026743036,0.03973161202754555
GOOGL,hist_gradient_boosting,3,2022-12-05,-1,-1,0.4953984047663297,0.44990578053335417,0.44990578053335417,0.04549262423297551
GOOGL,hist_gradient_boosting,3,2022-12-06,0,-1,0.619620988571121,0.2790153097472641,0.2790153097472641,0.34060567882385695
GOOGL,hist_gradient_boosting,3,2022-12-07,0,1,0.5998369687292522,0.5998369687292522,0.39266879391549586,0.20716817481375632
GOOGL,hist_gradient_boosting,3,2022-12-08,-1,-1,0.5022146425693297,0.48221153086719726,0.48221153086719726,0.020003111702132426
GOOGL,hist_gradient_boosting,3,2022-12-09,-1,-1,0.7339054261270593,0.21411871780617497,0.21411871780617497,0.5197867083208844
GOOGL,hist_gradient_boosting,3,2022-12-12,-1,-1,0.7337856148137879,0.16080694319354905,0.16080694319354905,0.5729786716202389
GOOGL,hist_gradient_boosting,3,2022-12-13,-1,-1,0.43756171150199497,0.313205935960057,0.313205935960057,0.12435577554193794
GOOGL,hist_gradient_boosting,3,2022-12-14,-1,0,0.4305077270150709,0.2570668564163092,0.3124254165686199,0.11808231044645101
GOOGL,hist_gradient_boosting,3,2022-12-15,-1,-1,0.7962450826501201,0.14945421148925558,0.14945421148925558,0.6467908711608645
GOOGL,hist_gradient_boosting,3,2022-12-16,0,-1,0.8339221610856515,0.07068787860527122,0.09538996030907732,0.7385322007765742
GOOGL,hist_gradient_boosting,3,2022-12-19,0,0,0.601245618526087,0.1440479730205608,0.2547064084533521,0.34653921007273497
GOOGL,hist_gradient_boosting,3,2022-12-20,-1,-1,0.8397104938643416,0.08833452138464638,0.08833452138464638,0.7513759724796952
GOOGL,hist_gradient_boosting,3,2022-12-21,0,0,0.418494915683528,0.4159368777796493,0.4159368777796493,0.0025580379038786516
GOOGL,hist_gradient_boosting,3,2022-12-22,0,-1,0.6597594014018191,0.2516327041604483,0.2516327041604483,0.4081266972413708
GOOGL,hist_gradient_boosting,3,2022-12-23,0,0,0.5408372003944776,0.2742609362208347,0.2742609362208347,0.2665762641736429
GOOGL,hist_gradient_boosting,3,2022-12-27,0,0,0.3735005266618918,0.2816083106251662,0.34489116271294196,0.028609363948949862
GOOGL,hist_gradient_boosting,3,2022-12-28,0,-1,0.477742840430078,0.36975654706547684,0.36975654706547684,0.10798629336460114
GOOGL,hist_gradient_boosting,3,2022-12-29,0,0,0.8056007377019306,0.09190127822985959,0.10249798406820984,0.7031027536337208
GOOGL,hist_gradient_boosting,3,2022-12-30,0,-1,0.6619372390294185,0.13168378225144226,0.20637897871913918,0.4555582603102793
GOOGL,hist_gradient_boosting,3,2023-01-03,0,0,0.7128595377373438,0.19335409017686625,0.19335409017686625,0.5195054475604776
GOOGL,hist_gradient_boosting,3,2023-01-04,1,1,0.8837647654270671,0.8837647654270671,0.0646566593157998,0.8191081061112673
GOOGL,hist_gradient_boosting,3,2023-01-05,1,1,0.44437600880990047,0.44437600880990047,0.29905623172911733,0.14531977708078314
GOOGL,hist_gradient_boosting,3,2023-01-06,1,1,0.5578056748423047,0.5578056748423047,0.32591515055047626,0.23189052429182844
GOOGL,hist_gradient_boosting,3,2023-01-09,1,1,0.6770293503256576,0.6770293503256576,0.1952407163866672,0.4817886339389904
GOOGL,hist_gradient_boosting,3,2023-01-10,1,0,0.559438717955616,0.2963134434112705,0.2963134434112705,0.2631252745443454
GOOGL,hist_gradient_boosting,3,2023-01-11,0,-1,0.7414773385015562,0.115245197740752,0.1432774637576918,0.5981998747438644
GOOGL,hist_gradient_boosting,3,2023-01-12,1,-1,0.6087885770096719,0.19222059335557196,0.19899082963475606,0.40979774737491587
GOOGL,hist_gradient_boosting,3,2023-01-13,1,-1,0.7004624927120418,0.1981864324938454,0.1981864324938454,0.5022760602181964
GOOGL,hist_gradient_boosting,3,2023-01-17,1,1,0.4862165428157835,0.4862165428157835,0.4431346828373764,0.04308185997840713
GOOGL,hist_gradient_boosting,3,2023-01-18,1,1,0.7115240840982471,0.7115240840982471,0.22785461713833635,0.48366946695991075
GOOGL,hist_gradient_boosting,3,2023-01-19,1,1,0.5040694168669899,0.5040694168669899,0.2485411072033773,0.2555283096636126
GOOGL,hist_gradient_boosting,3,2023-01-20,0,0,0.6848332651982002,0.0030269487414616944,0.31213978606033815,0.37269347913786205
GOOGL,hist_gradient_boosting,3,2023-01-23,-1,0,0.9264427846998962,0.002420523488065892,0.07113669181203788,0.8553060928878583
GOOGL,hist_gradient_boosting,3,2023-01-24,0,0,0.8570363183262517,0.006582965020756067,0.1363807166529921,0.7206556016732596
GOOGL,hist_gradient_boosting,3,2023-01-25,1,1,0.9448615721885948,0.9448615721885948,0.027882326969496534,0.9169792452190982
GOOGL,hist_gradient_boosting,3,2023-01-26,1,0,0.43386028842594876,0.17514552173241218,0.39099418984163903,0.04286609858430973
GOOGL,hist_gradient_boosting,3,2023-01-27,1,-1,0.5994787644503298,0.09930285081390505,0.30121838473576507,0.2982603797145647
GOOGL,hist_gradient_boosting,3,2023-01-30,1,1,0.8511395980257362,0.8511395980257362,0.11392476979963209,0.7372148282261042
GOOGL,hist_gradient_boosting,3,2023-01-31,1,-1,0.4737957886890429,0.26808432880525634,0.26808432880525634,0.20571145988378653
GOOGL,hist_gradient_boosting,3,2023-02-01,0,0,0.9078138295551779,0.03197895090684975,0.06020721953797244,0.8476066100172054
GOOGL,hist_gradient_boosting,3,2023-02-02,-1,0,0.9129081490599918,0.007345569178805888,0.07974628176120212,0.8331618672987897
GOOGL,hist_gradient_boosting,3,2023-02-03,-1,0,0.8342282688539513,0.02182399407519706,0.1439477370708516,0.6902805317830997
GOOGL,hist_gradient_boosting,3,2023-02-06,-1,1,0.5141931729643451,0.5141931729643451,0.47041850241211536,0.04377467055222972
GOOGL,hist_gradient_boosting,3,2023-02-07,-1,0,0.9294581907407046,0.001994800115473546,0.06854700914382195,0.8609111815968826
GOOGL,hist_gradient_boosting,3,2023-02-08,-1,1,0.8558927829490314,0.8558927829490314,0.13278451881762907,0.7231082641314023
GOOGL,hist_gradient_boosting,3,2023-02-09,0,1,0.9195108622868416,0.9195108622868416,0.04965826820465794,0.8698525940821837
GOOGL,hist_gradient_boosting,3,2023-02-10,0,1,0.7936664662246997,0.7936664662246997,0.1791147318416171,0.6145517343830826
GOOGL,hist_gradient_boosting,3,2023-02-13,-1,-1,0.5686414364341638,0.2838710127710162,0.2838710127710162,0.2847704236631476
GOOGL,hist_gradient_boosting,3,2023-02-14,-1,1,0.42685686953447766,0.42685686953447766,0.41107140479714016,0.015785464737337496
GOOGL,hist_gradient_boosting,3,2023-02-15,-1,0,0.39394649296147316,0.3450948424895608,0.3450948424895608,0.04885165047191237
GOOGL,hist_gradient_boosting,3,2023-02-16,-1,0,0.5208724762833041,0.01616025061443841,0.46296727310225744,0.057905203181046694
GOOGL,hist_gradient_boosting,3,2023-02-17,-1,0,0.5822501424261981,0.05089841161673573,0.36685144595706626,0.21539869646913185
GOOGL,hist_gradient_boosting,3,2023-02-21,0,-1,0.8253877928479212,0.007198321263870156,0.16741388588820855,0.6579739069597126
GOOGL,hist_gradient_boosting,3,2023-02-22,0,-1,0.8862208048184347,0.04539946725599783,0.06837972792556762,0.817841076892867
GOOGL,hist_gradient_boosting,3,2023-02-23,0,-1,0.7028250046918865,0.21447326394285757,0.21447326394285757,0.4883517407490289
GOOGL,hist_gradient_boosting,3,2023-02-24,1,1,0.524486491939194,0.524486491939194,0.24254972885483697,0.2819367630843571
GOOGL,hist_gradient_boosting,3,2023-02-27,1,-1,0.74251869537488,0.13678771549177043,0.13678771549177043,0.6057309798831096
GOOGL,hist_gradient_boosting,3,2023-02-28,1,-1,0.4742302126646877,0.43786475612523174,0.43786475612523174,0.03636545653945594
GOOGL,hist_gradient_boosting,3,2023-03-01,1,0,0.4490763112356059,0.30582880299132,0.30582880299132,0.1432475082442859
GOOGL,hist_gradient_boosting,3,2023-03-02,0,0,0.8610374275801171,0.0908734353483836,0.0908734353483836,0.7701639922317336
GOOGL,hist_gradient_boosting,3,2023-03-03,-1,0,0.6272780764172674,0.08033641449078546,0.29238550909194705,0.33489256732532036
GOOGL,hist_gradient_boosting,3,2023-03-06,-1,0,0.6703537360572988,0.11769276707167968,0.2119534968710216,0.45840023918627715
GOOGL,hist_gradient_boosting,3,2023-03-07,0,1,0.5380230149462043,0.5380230149462043,0.23419929838562475,0.30382371656057955
GOOGL,hist_gradient_boosting,3,2023-03-08,0,1,0.712254319387197,0.712254319387197,0.15012304376968938,0.5621312756175076
GOOGL,hist_gradient_boosting,3,2023-03-09,1,1,0.7635755135145414,0.7635755135145414,0.13787559447192227,0.6256999190426191
GOOGL,hist_gradient_boosting,3,2023-03-10,1,1,0.7829442503121182,0.7829442503121182,0.173823962889508,0.6091202874226103
GOOGL,hist_gradient_boosting,3,2023-03-13,1,1,0.5068572234315575,0.5068572234315575,0.3576020212990574,0.1492552021325001
GOOGL,hist_gradient_boosting,3,2023-03-14,1,0,0.5001057723230619,0.16789528114196225,0.33199894653497597,0.1681068257880859
GOOGL,hist_gradient_boosting,3,2023-03-15,1,0,0.3403577873887268,0.330722724486751,0.330722724486751,0.0096350629019758
GOOGL,hist_gradient_boosting,3,2023-03-16,1,-1,0.8025098049971572,0.0027335641848604464,0.1947566308179824,0.6077531741791748
GOOGL,hist_gradient_boosting,3,2023-03-17,1,-1,0.967361559432701,0.0013786467058479188,0.031259793861451265,0.9361017655712497
GOOGL,hist_gradient_boosting,3,2023-03-20,0,0,0.7785172666314197,0.004498847066651714,0.21698388630192858,0.5615333803294912
GOOGL,hist_gradient_boosting,3,2023-03-21,-1,-1,0.6468055970082637,0.0012560587688055728,0.35193834422293074,0.29486725278533293
GOOGL,hist_gradient_boosting,3,2023-03-22,0,-1,0.7440815440221272,0.014620785255678129,0.2412976707221947,0.5027838732999326
GOOGL,hist_gradient_boosting,3,2023-03-23,-1,0,0.7358382266577839,0.0003996363791679844,0.2637621369630482,0.4720760896947357
GOOGL,hist_gradient_boosting,3,2023-03-24,0,0,0.8001756590680793,0.0019977983378825573,0.19782654259403817,0.6023491164740411
GOOGL,hist_gradient_boosting,3,2023-03-27,0,1,0.4411160386273897,0.4411160386273897,0.28608223153326817,0.1550338070941215
GOOGL,hist_gradient_boosting,3,2023-03-28,1,-1,0.5827906595885558,0.40281611876502993,0.40281611876502993,0.17997454082352587
GOOGL,hist_gradient_boosting,3,2023-03-29,1,-1,0.6557081469363237,0.22705647096319795,0.22705647096319795,0.4286516759731258
GOOGL,hist_gradient_boosting,3,2023-03-30,1,1,0.5033455064191718,0.5033455064191718,0.3081938122058313,0.19515169421334044
GOOGL,hist_gradient_boosting,3,2023-03-31,1,0,0.45986662133506623,0.20810377527890858,0.3320296033860251,0.12783701794904112
GOOGL,hist_gradient_boosting,3,2023-04-03,0,0,0.6162765975982459,0.09714792647171915,0.2865754759300349,0.32970112166821103
GOOGL,hist_gradient_boosting,3,2023-04-04,0,0,0.8055911751263575,0.06080454402491198,0.1336042808487305,0.671986894277627
GOOGL,hist_gradient_boosting,3,2023-04-05,1,0,0.46370996654510843,0.10058980808041867,0.4357002253744728,0.02800974117063565
GOOGL,hist_gradient_boosting,3,2023-04-06,0,0,0.736144600466119,0.011918971426294193,0.2519364281075868,0.48420817235853214
GOOGL,hist_gradient_boosting,3,2023-04-10,0,0,0.5517019248680565,0.02218908243537447,0.42610899269656904,0.12559293217148743
GOOGL,hist_gradient_boosting,3,2023-04-11,0,0,0.6810962561155944,0.08646579662645272,0.2324379472579529,0.4486583088576416
GOOGL,hist_gradient_boosting,3,2023-04-12,0,1,0.8168194222857895,0.8168194222857895,0.09832532397258514,0.7184940983132044
GOOGL,hist_gradient_boosting,3,2023-04-13,0,0,0.6760572020859189,0.008195616229053109,0.315747181685028,0.3603100204008909
GOOGL,hist_gradient_boosting,3,2023-04-14,-1,0,0.8012185352040008,0.033797293938036835,0.16498417085796235,0.6362343643460384
GOOGL,hist_gradient_boosting,3,2023-04-17,0,0,0.5429197954600747,0.3258084233735191,0.3258084233735191,0.21711137208655562
GOOGL,hist_gradient_boosting,3,2023-04-18,0,0,0.9463106515821819,0.04745536447840088,0.04745536447840088,0.8988552871037809
GOOGL,hist_gradient_boosting,3,2023-04-19,0,0,0.8314862132419225,0.11441136381417605,0.11441136381417605,0.7170748494277465
GOOGL,hist_gradient_boosting,3,2023-04-20,1,-1,0.6191418956222281,0.23180564990016558,0.23180564990016558,0.3873362457220625
GOOGL,hist_gradient_boosting,3,2023-04-21,0,0,0.6261275425655631,0.17780852208897868,0.1960639353454582,0.43006360722010495
GOOGL,hist_gradient_boosting,3,2023-04-24,0,1,0.571136255253419,0.571136255253419,0.28384155972690234,0.2872946955265167
GOOGL,hist_gradient_boosting,3,2023-04-25,0,1,0.7047853707289609,0.7047853707289609,0.21160296256538508,0.4931824081635758
GOOGL,hist_gradient_boosting,3,2023-04-26,0,1,0.7029976505136649,0.7029976505136649,0.24841856249153538,0.45457908802212954
GOOGL,hist_gradient_boosting,3,2023-04-27,-1,0,0.7301277079912121,0.04667927270185868,0.22319301930692928,0.5069346886842828
GOOGL,hist_gradient_boosting,3,2023-04-28,0,0,0.739551758596723,0.2310268994186573,0.2310268994186573,0.5085248591780657
GOOGL,hist_gradient_boosting,3,2023-05-01,0,0,0.4303508585629131,0.2453283219919787,0.32432081944510815,0.10603003911780495
GOOGL,hist_gradient_boosting,3,2023-05-02,0,1,0.5376432404739778,0.5376432404739778,0.253617097839348,0.28402614263462983
GOOGL,hist_gradient_boosting,3,2023-05-03,1,1,0.7493110700596751,0.7493110700596751,0.16106812630989423,0.5882429437497809
GOOGL,hist_gradient_boosting,3,2023-05-04,1,1,0.5324263061594288,0.5324263061594288,0.250997126062608,0.2814291800968208
GOOGL,hist_gradient_boosting,3,2023-05-05,1,1,0.748369714864874,0.748369714864874,0.2332808303642939,0.5150888845005801
GOOGL,hist_gradient_boosting,3,2023-05-08,1,1,0.6499174261715869,0.6499174261715869,0.24905238057087659,0.4008650456007103
GOOGL,hist_gradient_boosting,3,2023-05-09,1,1,0.48689333863644363,0.48689333863644363,0.3119275341208511,0.17496580451559252
GOOGL,hist_gradient_boosting,3,2023-05-10,1,0,0.9388796679998449,0.00413325923679177,0.05698707276336322,0.8818925952364817
GOOGL,hist_gradient_boosting,3,2023-05-11,1,0,0.8786920348842573,0.0015618642169946278,0.11974610089874811,0.7589459339855091
GOOGL,hist_gradient_boosting,3,2023-05-12,1,0,0.956170269901681,0.0008828396750638558,0.042946890423255266,0.9132233794784257
GOOGL,hist_gradient_boosting,3,2023-05-15,1,-1,0.6289490159292681,0.006278072372964847,0.364772911697767,0.2641761042315011
GOOGL,hist_gradient_boosting,3,2023-05-16,1,0,0.8547888503557873,0.002482619652311543,0.14272852999190103,0.7120603203638863
GOOGL,hist_gradient_boosting,3,2023-05-17,0,0,0.957186905205298,0.0015615351831172416,0.04125155961158468,0.9159353455937134
GOOGL,hist_gradient_boosting,3,2023-05-18,0,0,0.6777861009336903,0.0016909350970638077,0.3205229639692459,0.3572631369644444
GOOGL,hist_gradient_boosting,3,2023-05-19,0,0,0.9124555104875125,0.002141659751626487,0.08540282976086103,0.8270526807266515
GOOGL,hist_gradient_boosting,3,2023-05-22,0,0,0.8254204268550845,0.001022803478053226,0.17355676966686231,0.6518636571882223
GOOGL,hist_gradient_boosting,3,2023-05-23,0,0,0.6602124937240129,0.005980535065646241,0.33380697121034086,0.32640552251367205
GOOGL,hist_gradient_boosting,3,2023-05-24,1,0,0.714312527864611,0.009200274474688,0.2764871976607009,0.43782533020391007
GOOGL,hist_gradient_boosting,3,2023-05-25,0,-1,0.760482542135182,0.030372392876857963,0.2091450649879602,0.5513374771472217
GOOGL,hist_gradient_boosting,3,2023-05-26,0,-1,0.9162418217842574,0.018742427038445607,0.06501575117729685,0.8512260706069605
GOOGL,hist_gradient_boosting,3,2023-05-30,1,-1,0.517859833993745,0.035396779511425565,0.44674338649482936,0.07111644749891566
GOOGL,hist_gradient_boosting,3,2023-05-31,0,-1,0.8268191593283586,0.02144715659615953,0.15173368407548188,0.6750854752528768
GOOGL,hist_gradient_boosting,3,2023-06-01,0,-1,0.8924742109826992,0.016997829412519618,0.09052795960478123,0.801946251377918
GOOGL,hist_gradient_boosting,3,2023-06-02,0,-1,0.8984735149345272,0.006674907611566347,0.09485157745390646,0.8036219374806207
GOOGL,hist_gradient_boosting,3,2023-06-05,0,-1,0.847790499759321,0.017614790305950576,0.13459470993472836,0.7131957898245926
GOOGL,hist_gradient_boosting,3,2023-06-06,-1,-1,0.9598770498047887,0.005073032423295116,0.03504991777191619,0.9248271320328725
GOOGL,hist_gradient_boosting,3,2023-06-07,0,1,0.5700446025941605,0.5700446025941605,0.2671052614062171,0.30293934118794336
GOOGL,hist_gradient_boosting,3,2023-06-08,1,0,0.45149719004043604,0.16634893490186944,0.3821538750576945,0.06934331498274154
GOOGL,hist_gradient_boosting,3,2023-06-09,0,-1,0.8201650883071975,0.059547656369895625,0.120287255322907,0.6998778329842905
GOOGL,hist_gradient_boosting,3,2023-06-12,0,-1,0.5940806506777319,0.06074651496446334,0.34517283435780477,0.2489078163199271
GOOGL,hist_gradient_boosting,3,2023-06-13,-1,-1,0.5425361978859715,0.005200010721160462,0.452263791392868,0.09027240649310353
GOOGL,hist_gradient_boosting,3,2023-06-14,0,-1,0.9428230349106422,0.009534087177735627,0.047642877911622215,0.89518015699902
GOOGL,hist_gradient_boosting,3,2023-06-15,-1,-1,0.9078979608900551,0.010398979640713502,0.08170305946923143,0.8261949014208237
GOOGL,hist_gradient_boosting,3,2023-06-16,-1,-1,0.7865995762273309,0.06288324357159336,0.15051718020107568,0.6360823960262552
GOOGL,hist_gradient_boosting,3,2023-06-20,-1,-1,0.7124179147867762,0.1302925840268863,0.1572895011863376,0.5551284136004386
GOOGL,hist_gradient_boosting,3,2023-06-21,0,0,0.9184626266356151,0.026539722347085244,0.05499765101729975,0.8634649756183154
GOOGL,hist_gradient_boosting,3,2023-06-22,-1,-1,0.5346855046494365,0.3541251276165821,0.3541251276165821,0.18056037703285444
GOOGL,hist_gradient_boosting,3,2023-06-23,-1,-1,0.44353615398914625,0.1572724026441051,0.39919144336674856,0.0443447106223977
GOOGL,hist_gradient_boosting,3,2023-06-26,0,1,0.7345997135061323,0.7345997135061323,0.20966469237949026,0.524935021126642
GOOGL,hist_gradient_boosting,3,2023-06-27,1,0,0.7076793331003979,0.1810535558364921,0.1810535558364921,0.5266257772639058
GOOGL,hist_gradient_boosting,3,2023-06-28,0,0,0.562298949008762,0.31236380547798603,0.31236380547798603,0.24993514353077595
GOOGL,hist_gradient_boosting,3,2023-06-29,0,0,0.8247659860059523,0.06435647247234695,0.11087754152170079,0.7138884444842515
GOOGL,hist_gradient_boosting,3,2023-06-30,-1,0,0.7281600693678528,0.05381597524419421,0.21802395538795302,0.5101361139798998
GOOGL,hist_gradient_boosting,3,2023-07-03,-1,0,0.4761078018185037,0.31334172155441076,0.31334172155441076,0.16276608026409295
GOOGL,hist_gradient_boosting,3,2023-07-05,-1,0,0.5946531631443703,0.12297795499978359,0.282368881855846,0.3122842812885243
GOOGL,hist_gradient_boosting,3,2023-07-06,1,1,0.5639236423289598,0.5639236423289598,0.2225509420272937,0.34137270030166605
GOOGL,hist_gradient_boosting,3,2023-07-07,1,1,0.6586956229284912,0.6586956229284912,0.22074646096652237,0.43794916196196876
GOOGL,hist_gradient_boosting,3,2023-07-10,1,1,0.685678033277941,0.685678033277941,0.2459622931790274,0.43971574009891357
GOOGL,hist_gradient_boosting,3,2023-07-11,1,-1,0.5291845721427203,0.11486941729126582,0.3559460105660139,0.17323856157670642
GOOGL,hist_gradient_boosting,3,2023-07-12,1,0,0.8403570423361532,0.0989124480942492,0.0989124480942492,0.7414445942419039
GOOGL,hist_gradient_boosting,3,2023-07-13,-1,0,0.6962427394302677,0.011805034733603245,0.291952225836129,0.4042905135941387
GOOGL,hist_gradient_boosting,3,2023-07-14,-1,0,0.8027300437906046,0.05168007164374387,0.14558988456565145,0.6571401592249532
GOOGL,hist_gradient_boosting,3,2023-07-17,-1,-1,0.6110522189796205,0.02077352392621843,0.36817425709416113,0.24287796188545935
GOOGL,hist_gradient_boosting,3,2023-07-18,0,0,0.5515719887681716,0.018640210934709352,0.4297878002971191,0.12178418847105249
GOOGL,hist_gradient_boosting,3,2023-07-19,1,0,0.8736907808751779,0.0337714958944817,0.0925377232303405,0.7811530576448374
GOOGL,hist_gradient_boosting,3,2023-07-20,1,-1,0.9203101015175876,0.04177388465409329,0.04177388465409329,0.8785362168634944
GOOGL,hist_gradient_boosting,3,2023-07-21,1,1,0.45455575458073144,0.45455575458073144,0.3173846113759387,0.13717114320479273
GOOGL,hist_gradient_boosting,3,2023-07-24,1,-1,0.5734597658470884,0.296243115320635,0.296243115320635,0.27721665052645333
GOOGL,hist_gradient_boosting,3,2023-07-25,1,-1,0.776889479428835,0.0869152069760562,0.13619531359510886,0.6406941658337262
GOOGL,hist_gradient_boosting,3,2023-07-26,0,0,0.7925072292360436,0.056807965616131384,0.1506848051478252,0.6418224240882183
GOOGL,hist_gradient_boosting,3,2023-07-27,0,0,0.9599206672945981,0.018052152623357402,0.022027180082044535,0.9378934872125536
GOOGL,hist_gradient_boosting,3,2023-07-28,-1,0,0.8595137038065664,0.0012210754403344187,0.13926522075309922,0.7202484830534672
GOOGL,hist_gradient_boosting,3,2023-07-31,0,0,0.9546896618182825,0.0065848524538454165,0.038725485727872086,0.9159641760904105
GOOGL,hist_gradient_boosting,3,2023-08-01,0,-1,0.5171773862638243,0.031217910759230996,0.45160470297694466,0.0655726832868796
GOOGL,hist_gradient_boosting,3,2023-08-02,0,-1,0.5508736217190454,0.3775079476976567,0.3775079476976567,0.1733656740213887
GOOGL,hist_gradient_boosting,3,2023-08-03,0,-1,0.510041739849461,0.2393558732020953,0.2506023869484438,0.2594393529010172
GOOGL,hist_gradient_boosting,3,2023-08-04,0,1,0.5384151228046866,0.5384151228046866,0.30314463404156833,0.2352704887631183
GOOGL,hist_gradient_boosting,3,2023-08-07,0,-1,0.5462508056670878,0.1229836873429531,0.3307655069899591,0.21548529867712873
GOOGL,hist_gradient_boosting,3,2023-08-08,0,-1,0.48132251177480345,0.08936684460945399,0.4293106436157426,0.05201186815906084
GOOGL,hist_gradient_boosting,3,2023-08-09,0,-1,0.7834336683557294,0.11405620142334497,0.11405620142334497,0.6693774669323844
GOOGL,hist_gradient_boosting,3,2023-08-10,0,-1,0.8467395632262908,0.09114414860935183,0.09114414860935183,0.755595414616939
GOOGL,hist_gradient_boosting,3,2023-08-11,0,-1,0.8093574170997393,0.13474567047145855,0.13474567047145855,0.6746117466282807
GOOGL,hist_gradient_boosting,3,2023-08-14,-1,0,0.605837486886758,0.04844290227446196,0.3457196108387801,0.26011787604797787
GOOGL,hist_gradient_boosting,3,2023-08-15,0,0,0.3427377438350999,0.33874625008737985,0.33874625008737985,0.003991493747720065
GOOGL,hist_gradient_boosting,3,2023-08-16,1,-1,0.7767607578699361,0.13580940669294528,0.13580940669294528,0.6409513511769909
GOOGL,hist_gradient_boosting,3,2023-08-17,0,-1,0.8978519307994461,0.07108587194339597,0.07108587194339597,0.8267660588560501
GOOGL,hist_gradient_boosting,3,2023-08-18,0,-1,0.8453084738836161,0.06901769912215679,0.08567382699422717,0.7596346468893889
GOOGL,hist_gradient_boosting,3,2023-08-21,1,-1,0.9054988532527545,0.07508017273986753,0.07508017273986753,0.8304186805128869
GOOGL,hist_gradient_boosting,3,2023-08-22,1,-1,0.9299933764265256,0.04111344551883323,0.04111344551883323,0.8888799309076924
GOOGL,hist_gradient_boosting,3,2023-08-23,1,-1,0.7416606986588924,0.05786411323754378,0.2004751881035638,0.5411855105553286
GOOGL,hist_gradient_boosting,3,2023-08-24,1,-1,0.47516419133798055,0.3515165884989233,0.3515165884989233,0.12364760283905724
GOOGL,hist_gradient_boosting,3,2023-08-25,1,1,0.36845398016661735,0.36845398016661735,0.35657776851942036,0.011876211647196988
GOOGL,hist_gradient_boosting,3,2023-08-28,1,-1,0.8358809781999139,0.051582777694694146,0.1125362441053919,0.723344734094522
GOOGL,hist_gradient_boosting,3,2023-08-29,0,-1,0.6879539387687481,0.048985672290746546,0.2630603889405054,0.42489354982824273
GOOGL,hist_gradient_boosting,3,2023-08-30,0,-1,0.5403133487727995,0.01547209009617448,0.4442145611310261,0.09609878764177338
GOOGL,hist_gradient_boosting,3,2023-08-31,0,0,0.49830666991870837,0.0059870093050103474,0.49570632077628146,0.0026003491424269054
GOOGL,hist_gradient_boosting,3,2023-09-01,0,-1,0.5003365813963929,0.02293793387931404,0.47672548472429305,0.023611096672099874
GOOGL,hist_gradient_boosting,3,2023-09-05,0,-1,0.633516948020652,0.021365963223723028,0.3451170887556251,0.28839985926502687
GOOGL,hist_gradient_boosting,3,2023-09-06,0,-1,0.7615187377840829,0.09286043960150686,0.14562082261441034,0.6158979151696725
GOOGL,hist_gradient_boosting,3,2023-09-07,1,-1,0.641971057405213,0.1895874027430101,0.1895874027430101,0.45238365466220287
GOOGL,hist_gradient_boosting,3,2023-09-08,0,-1,0.6667204118099844,0.008848315873414794,0.3244312723166009,0.3422891394933835
GOOGL,hist_gradient_boosting,3,2023-09-11,0,-1,0.5010297307068319,0.014704810385391264,0.4842654589077769,0.016764271799054986
GOOGL,hist_gradient_boosting,3,2023-09-12,0,-1,0.408814516441918,0.22752972432870805,0.363655759229374,0.04515875721254403
GOOGL,hist_gradient_boosting,3,2023-09-13,-1,-1,0.504548523521027,0.07739312271951096,0.41805835375946204,0.08649016976156493
GOOGL,hist_gradient_boosting,3,2023-09-14,-1,0,0.5319156459528015,0.020822793901568444,0.44726156014563,0.08465408580717149
GOOGL,hist_gradient_boosting,3,2023-09-15,-1,0,0.606170580655927,0.02254001486330904,0.37128940448076403,0.23488117617516296
GOOGL,hist_gradient_boosting,3,2023-09-18,-1,0,0.641992713955317,0.0074964155135296365,0.3505108705311533,0.29148184342416367
GOOGL,hist_gradient_boosting,3,2023-09-19,-1,0,0.6881124039298139,0.03357898518960424,0.2783086108805818,0.4098037930492321
GOOGL,hist_gradient_boosting,3,2023-09-20,-1,1,0.7942384181659164,0.7942384181659164,0.13930050032773758,0.6549379178381789
GOOGL,hist_gradient_boosting,3,2023-09-21,0,1,0.5605704127747968,0.5605704127747968,0.2791743336987218,0.281396079076075
GOOGL,hist_gradient_boosting,3,2023-09-22,0,1,0.5902508059192988,0.5902508059192988,0.26803340408024745,0.32221740183905134
GOOGL,hist_gradient_boosting,3,2023-09-25,1,-1,0.6266151315699569,0.2754259893544899,0.2754259893544899,0.35118914221546693
GOOGL,hist_gradient_boosting,3,2023-09-26,1,1,0.897394581606432,0.897394581606432,0.054266695823270185,0.8431278857831619
GOOGL,hist_gradient_boosting,3,2023-09-27,1,-1,0.44914938532690546,0.19892699334008052,0.351923621333014,0.09722576399389143
GOOGL,hist_gradient_boosting,3,2023-09-28,1,0,0.3963139458637783,0.36088658668306167,0.36088658668306167,0.035427359180716655
GOOGL,hist_gradient_boosting,3,2023-09-29,1,1,0.8805825140759325,0.8805825140759325,0.06365387024222746,0.816928643833705
GOOGL,hist_gradient_boosting,3,2023-10-02,1,0,0.6803270165326467,0.2855069272317683,0.2855069272317683,0.3948200893008784
GOOGL,hist_gradient_boosting,3,2023-10-03,1,-1,0.7156294595939439,0.16503073656287312,0.16503073656287312,0.5505987230310707
GOOGL,hist_gradient_boosting,3,2023-10-04,1,-1,0.8080478218310704,0.0187355081396798,0.17321667002924984,0.6348311518018206
GOOGL,hist_gradient_boosting,3,2023-10-05,1,-1,0.5585880374746552,0.2018197171890619,0.23959224533628282,0.3189957921383724
GOOGL,hist_gradient_boosting,3,2023-10-06,0,-1,0.9080457848777804,0.009252595832493259,0.08270161928972616,0.8253441655880542
GOOGL,hist_gradient_boosting,3,2023-10-09,0,-1,0.7903697922843311,0.04420994096246306,0.1654202667532058,0.6249495255311253
GOOGL,hist_gradient_boosting,3,2023-10-10,0,-1,0.5980165710127472,0.005169257052551376,0.39681417193470137,0.20120239907804582
GOOGL,hist_gradient_boosting,3,2023-10-11,0,-1,0.7899866334729638,0.0072821660685334945,0.20273120045850263,0.5872554330144613
GOOGL,hist_gradient_boosting,3,2023-10-12,0,-1,0.8039858830566209,0.026933950694620085,0.1690801662487591,0.6349057168078618
GOOGL,hist_gradient_boosting,3,2023-10-13,0,-1,0.513281232293026,0.3560663299293633,0.3560663299293633,0.1572149023636627
GOOGL,hist_gradient_boosting,3,2023-10-16,0,-1,0.7862907112021313,0.08760723094463653,0.12610205785323217,0.6601886533488992
GOOGL,hist_gradient_boosting,3,2023-10-17,0,-1,0.847770363901966,0.020800094836582884,0.13142954126145107,0.716340822640515
GOOGL,hist_gradient_boosting,3,2023-10-18,-1,-1,0.568337042336682,0.23830479398377283,0.23830479398377283,0.33003224835290923
GOOGL,hist_gradient_boosting,3,2023-10-19,-1,-1,0.6051479982058177,0.1445593724981578,0.2502926292960245,0.35485536890979313
GOOGL,hist_gradient_boosting,3,2023-10-20,-1,-1,0.41773770621462675,0.34137414870211824,0.34137414870211824,0.0763635575125085
GOOGL,hist_gradient_boosting,3,2023-10-23,-1,1,0.45876902558081173,0.45876902558081173,0.3034404310044241,0.15532859457638765
GOOGL,hist_gradient_boosting,3,2023-10-24,-1,-1,0.7241056587291473,0.07590140158874861,0.19999293968210402,0.5241127190470434
GOOGL,hist_gradient_boosting,3,2023-10-25,0,-1,0.6585140517643531,0.13746907222258414,0.20401687601306276,0.45449717575129034
GOOGL,hist_gradient_boosting,3,2023-10-26,1,0,0.8524567762657093,0.12197980982780979,0.12197980982780979,0.7304769664378995
GOOGL,hist_gradient_boosting,3,2023-10-27,1,0,0.7838143714195828,0.18293213387415017,0.18293213387415017,0.6008822375454326
GOOGL,hist_gradient_boosting,3,2023-10-30,1,-1,0.8597429825326222,0.012031048584040206,0.1282259688833375,0.7315170136492847
GOOGL,hist_gradient_boosting,3,2023-10-31,1,-1,0.6570885312877659,0.0054059419794460824,0.33750552673278794,0.31958300455497796
GOOGL,hist_gradient_boosting,3,2023-11-01,1,-1,0.6502380270277824,0.009140253462732449,0.34062171950948505,0.3096163075182974
GOOGL,hist_gradient_boosting,3,2023-11-02,1,-1,0.8076648227110702,0.0024404294212184755,0.18989474786771113,0.6177700748433591
GOOGL,hist_gradient_boosting,3,2023-11-03,1,0,0.6510475082231568,0.017880874832611564,0.33107161694423154,0.3199758912789253
GOOGL,hist_gradient_boosting,3,2023-11-06,0,0,0.8187240078197302,0.09790121793219854,0.09790121793219854,0.7208227898875317
GOOGL,hist_gradient_boosting,3,2023-11-07,1,0,0.8455831879489207,0.01437404749202257,0.14004276455905676,0.705540423389864
GOOGL,hist_gradient_boosting,3,2023-11-08,1,-1,0.9084827614803422,0.04947463180644636,0.04947463180644636,0.8590081296738958
GOOGL,hist_gradient_boosting,3,2023-11-09,1,-1,0.7472635107543134,0.15303892601959274,0.15303892601959274,0.5942245847347207
GOOGL,hist_gradient_boosting,3,2023-11-10,1,-1,0.8181852441951002,0.138698895423693,0.138698895423693,0.6794863487714071
GOOGL,hist_gradient_boosting,3,2023-11-13,1,-1,0.7622321005227657,0.06339533937525034,0.17437256010198401,0.5878595404207817
GOOGL,hist_gradient_boosting,3,2023-11-14,1,-1,0.3890587935979648,0.3223603435273747,0.3223603435273747,0.06669845007059011
GOOGL,hist_gradient_boosting,3,2023-11-15,1,0,0.5218197282646091,0.05950255326256837,0.4186777184728225,0.10314200979178662
GOOGL,hist_gradient_boosting,3,2023-11-16,0,0,0.7566841085210294,0.025292309819016926,0.21802358165995372,0.5386605268610757
GOOGL,hist_gradient_boosting,3,2023-11-17,0,1,0.3695565132510127,0.3695565132510127,0.3674390177096561,0.0021174955413565955
GOOGL,hist_gradient_boosting,3,2023-11-20,0,-1,0.65235812601109,0.17895420161269515,0.17895420161269515,0.47340392439839485
GOOGL,hist_gradient_boosting,3,2023-11-21,0,-1,0.44463015928904026,0.14072411209518387,0.4146457286157759,0.02998443067326434
GOOGL,hist_gradient_boosting,3,2023-11-22,-1,-1,0.4884357646502318,0.03415980625333364,0.47740442909643455,0.011031335553797261
GOOGL,hist_gradient_boosting,3,2023-11-24,-1,1,0.6221831925895291,0.6221831925895291,0.29349776944905703,0.3286854231404721
GOOGL,hist_gradient_boosting,3,2023-11-27,-1,-1,0.6746657081659613,0.20743090900462638,0.20743090900462638,0.4672347991613349
GOOGL,hist_gradient_boosting,3,2023-11-28,-1,1,0.42696727603608875,0.42696727603608875,0.40369713237451915,0.023270143661569598
GOOGL,hist_gradient_boosting,3,2023-11-29,-1,-1,0.47231063848605687,0.20701357970594692,0.3206757818079963,0.1516348566780606
GOOGL,hist_gradient_boosting,3,2023-11-30,1,1,0.47650310481079716,0.47650310481079716,0.37204561475991904,0.10445749005087812
GOOGL,hist_gradient_boosting,3,2023-12-01,1,-1,0.9581143823903545,0.02594664105970179,0.02594664105970179,0.9321677413306527
GOOGL,hist_gradient_boosting,3,2023-12-04,1,0,0.509437469350266,0.09422634385468515,0.3963361867950488,0.11310128255521723
GOOGL,hist_gradient_boosting,3,2023-12-05,0,-1,0.5152138336952543,0.14659356948595156,0.3381925968187941,0.1770212368764602
GOOGL,hist_gradient_boosting,3,2023-12-06,0,-1,0.7498166606973871,0.09058261250229145,0.15960072680032142,0.5902159338970656
GOOGL,hist_gradient_boosting,3,2023-12-07,-1,1,0.5699125350721601,0.5699125350721601,0.2895680961103506,0.2803444389618095
GOOGL,hist_gradient_boosting,3,2023-12-08,0,0,0.8265479680028535,0.035697471254228515,0.13775456074291814,0.6887934072599353
GOOGL,hist_gradient_boosting,3,2023-12-11,0,-1,0.7990016121866269,0.029007785250718017,0.17199060256265508,0.6270110096239718
GOOGL,hist_gradient_boosting,3,2023-12-12,1,-1,0.6841903686310199,0.19979542897845887,0.19979542897845887,0.48439493965256103
GOOGL,hist_gradient_boosting,3,2023-12-13,1,1,0.4700137635060344,0.4700137635060344,0.3749934801013982,0.0950202834046362
GOOGL,hist_gradient_boosting,3,2023-12-14,1,-1,0.39269591690658634,0.3260553047586311,0.3260553047586311,0.06664061214795525
GOOGL,hist_gradient_boosting,3,2023-12-15,1,1,0.4325116622360491,0.4325116622360491,0.35727009780818697,0.07524156442786212
GOOGL,hist_gradient_boosting,3,2023-12-18,1,-1,0.6744753999729628,0.09851393123855698,0.22701066878848017,0.4474647311844826
GOOGL,hist_gradient_boosting,3,2023-12-19,1,-1,0.6245081801434047,0.015693680654550353,0.35979813920204495,0.26471004094135975
GOOGL,hist_gradient_boosting,3,2023-12-20,0,0,0.6298154105917174,0.02751651430252416,0.3426680751057584,0.287147335485959
GOOGL,hist_gradient_boosting,3,2023-12-21,0,-1,0.4848808280474776,0.047777504303191796,0.46734166764933066,0.017539160398146958
GOOGL,hist_gradient_boosting,3,2023-12-22,-1,-1,0.6180373784683508,0.057465936492855814,0.32449668503879353,0.2935406934295573
GOOGL,hist_gradient_boosting,3,2023-12-26,0,0,0.7878147316128941,0.06618140769111228,0.14600386069599364,0.6418108709169004
GOOGL,hist_gradient_boosting,3,2023-12-27,-1,-1,0.5127104395445701,0.09837497136458956,0.38891458909084037,0.1237958504537297
GOOGL,hist_gradient_boosting,3,2023-12-28,-1,0,0.7527537253788741,0.09111185897972042,0.1561344156414055,0.5966193097374686
GOOGL,hist_gradient_boosting,3,2023-12-29,0,-1,0.4147545891891051,0.24968993818590876,0.33555547262498614,0.07919911656411899
GOOGL,hist_gradient_boosting,3,2024-01-02,1,-1,0.5829154860287347,0.39664172038017576,0.39664172038017576,0.1862737656485589
GOOGL,hist_gradient_boosting,3,2024-01-03,1,-1,0.6862834455053228,0.08852454294369705,0.22519201155098012,0.4610914339543427
GOOGL,hist_gradient_boosting,3,2024-01-04,1,-1,0.5591344359093483,0.09737276787025168,0.34349279622040013,0.21564163968894817
GOOGL,hist_gradient_boosting,3,2024-01-05,1,-1,0.713667763834075,0.14858411783372194,0.14858411783372194,0.5650836460003531
GOOGL,hist_gradient_boosting,3,2024-01-08,1,0,0.5290260864202821,0.14975532219888593,0.3212185913808319,0.20780749503945023
GOOGL,hist_gradient_boosting,3,2024-01-09,0,0,0.7268309491948358,0.09045566482269982,0.1827133859824644,0.5441175632123714
GOOGL,hist_gradient_boosting,3,2024-01-10,0,-1,0.8102286787120253,0.009894248023311087,0.1798770732646636,0.6303516054473617
GOOGL,hist_gradient_boosting,3,2024-01-11,1,0,0.7361370502089103,0.056394060743042825,0.2074688890480468,0.5286681611608635
GOOGL,hist_gradient_boosting,3,2024-01-12,1,0,0.9348539245678575,0.010582668250993984,0.05456340718114858,0.8802905173867089
GOOGL,hist_gradient_boosting,3,2024-01-16,1,-1,0.5999177514451777,0.03608323371970403,0.36399901483511826,0.2359187366100594
GOOGL,hist_gradient_boosting,3,2024-01-17,1,-1,0.5478610693722697,0.32193614210880356,0.32193614210880356,0.2259249272634662
GOOGL,hist_gradient_boosting,3,2024-01-18,1,-1,0.516617748789589,0.08539794785401252,0.39798430335639856,0.11863344543319043
GOOGL,hist_gradient_boosting,3,2024-01-19,1,0,0.7929693866338916,0.046405781012702346,0.1606248323534061,0.6323445542804855
GOOGL,hist_gradient_boosting,3,2024-01-22,1,0,0.7306864538319916,0.029858829337376144,0.23945471683063232,0.49123173700135925
GOOGL,hist_gradient_boosting,3,2024-01-23,1,0,0.8831599078093045,0.07241378741815478,0.07241378741815478,0.8107461203911498
GOOGL,hist_gradient_boosting,3,2024-01-24,-1,0,0.938067382297382,0.018732590062267643,0.04320002764035043,0.8948673546570315
GOOGL,hist_gradient_boosting,3,2024-01-25,-1,0,0.8808344707018386,0.006253600660959046,0.11291192863720227,0.7679225420646364
GOOGL,hist_gradient_boosting,3,2024-01-26,-1,0,0.8422070038994093,0.011157728336485052,0.1466352677641058,0.6955717361353035
GOOGL,hist_gradient_boosting,3,2024-01-29,-1,0,0.7043925776972427,0.0076808926964579555,0.28792652960629933,0.4164660480909434
GOOGL,hist_gradient_boosting,3,2024-01-30,-1,0,0.7044271645662886,0.10175547615413957,0.19381735927957186,0.5106098052867167
GOOGL,hist_gradient_boosting,3,2024-01-31,1,1,0.5818771349338691,0.5818771349338691,0.2889499889802793,0.29292714595358976
GOOGL,hist_gradient_boosting,3,2024-02-01,1,-1,0.7894013706532962,0.05952577555710762,0.1510728537895962,0.6383285168637
GOOGL,hist_gradient_boosting,3,2024-02-02,1,0,0.4924181344836023,0.15023526327068942,0.3573466022457082,0.1350715322378941
GOOGL,hist_gradient_boosting,3,2024-02-05,1,1,0.3858900108837642,0.3858900108837642,0.3485541906954477,0.03733582018831649
GOOGL,hist_gradient_boosting,3,2024-02-06,0,-1,0.43828742573919965,0.17793889315263764,0.3837736811081626,0.05451374463103703
GOOGL,hist_gradient_boosting,3,2024-02-07,0,0,0.6362071558173948,0.13392643388910497,0.2298664102935001,0.40634074552389476
GOOGL,hist_gradient_boosting,3,2024-02-08,-1,0,0.484237990739814,0.18695818860740532,0.3288038206527806,0.15543417008703342
GOOGL,hist_gradient_boosting,3,2024-02-09,-1,0,0.7107273868267935,0.08087709748165202,0.20839551569155457,0.5023318711352389
GOOGL,hist_gradient_boosting,3,2024-02-12,-1,0,0.6889985784714948,0.050993016432685785,0.2600084050958193,0.4289901733756755
GOOGL,hist_gradient_boosting,3,2024-02-13,0,-1,0.7307752663586826,0.2171207556639467,0.2171207556639467,0.5136545106947359
GOOGL,hist_gradient_boosting,3,2024-02-14,0,-1,0.8445463572706341,0.12643225845432177,0.12643225845432177,0.7181140988163124
GOOGL,hist_gradient_boosting,3,2024-02-15,0,0,0.5711808718329003,0.1568086107968669,0.2720105173702328,0.29917035446266754
GOOGL,hist_gradient_boosting,3,2024-02-16,-1,-1,0.5148814577529998,0.1746566821176768,0.3104618601293234,0.20441959762367634
GOOGL,hist_gradient_boosting,3,2024-02-20,0,0,0.3878320053178657,0.3215769763384392,0.3215769763384392,0.06625502897942653
GOOGL,hist_gradient_boosting,3,2024-02-21,-1,1,0.4731989939682818,0.4731989939682818,0.43785354015767547,0.03534545381060633
GOOGL,hist_gradient_boosting,3,2024-02-22,-1,0,0.6632108100424775,0.05062628983339506,0.28616290012412754,0.37704790991834997
GOOGL,hist_gradient_boosting,3,2024-02-23,-1,0,0.4933717886182241,0.1225970641247006,0.38403114725707543,0.10934064136114868
GOOGL,hist_gradient_boosting,3,2024-02-26,-1,1,0.7921319708646855,0.7921319708646855,0.16552259259632665,0.6266093782683588
GOOGL,hist_gradient_boosting,3,2024-02-27,-1,-1,0.9402788941730043,0.02228972001613035,0.03743138581086543,0.9028475083621388
GOOGL,hist_gradient_boosting,3,2024-02-28,-1,-1,0.954455365704637,0.029040457496395923,0.029040457496395923,0.925414908208241
GOOGL,hist_gradient_boosting,3,2024-02-29,-1,-1,0.536219361556898,0.03666350540868998,0.427117133034412,0.10910222852248597
GOOGL,hist_gradient_boosting,3,2024-03-01,0,-1,0.856162661287766,0.07777215676827605,0.07777215676827605,0.7783905045194899
GOOGL,hist_gradient_boosting,3,2024-03-04,1,1,0.5918981661106015,0.5918981661106015,0.32614198935890715,0.2657561767516944
GOOGL,hist_gradient_boosting,3,2024-03-05,1,-1,0.5682748752362051,0.17564903294596718,0.2560760918178278,0.3121987834183773
GOOGL,hist_gradient_boosting,3,2024-03-06,1,-1,0.5014294778827787,0.31753770066085346,0.31753770066085346,0.18389177722192523
GOOGL,hist_gradient_boosting,3,2024-03-07,1,0,0.6446767199464568,0.017781877536751322,0.33754140251679193,0.3071353174296649
GOOGL,hist_gradient_boosting,3,2024-03-08,1,-1,0.700169972838666,0.04011927760078733,0.2597107495605468,0.4404592232781192
GOOGL,hist_gradient_boosting,3,2024-03-11,1,-1,0.7579248357840473,0.04061406845488801,0.20146109576106472,0.5564637400229826
GOOGL,hist_gradient_boosting,3,2024-03-12,1,-1,0.6059103809652613,0.14957934713106444,0.2445102719036743,0.361400109061587
GOOGL,hist_gradient_boosting,3,2024-03-13,1,-1,0.7652774342831553,0.1694784900397973,0.1694784900397973,0.595798944243358
GOOGL,hist_gradient_boosting,3,2024-03-14,1,-1,0.47768581797457127,0.13326364868601884,0.38905053333941,0.0886352846351613
GOOGL,hist_gradient_boosting,3,2024-03-15,1,-1,0.8629344809472708,0.0717478491726878,0.0717478491726878,0.7911866317745829
GOOGL,hist_gradient_boosting,3,2024-03-18,0,0,0.8971716776036954,0.0475776567210859,0.05525066567521854,0.8419210119284769
GOOGL,hist_gradient_boosting,3,2024-03-19,1,0,0.9474705967244923,0.02026945991931785,0.0322599433561899,0.9152106533683024
GOOGL,hist_gradient_boosting,3,2024-03-20,0,0,0.9388943117952155,0.010601354652333693,0.05050433355245085,0.8883899782427647
GOOGL,hist_gradient_boosting,3,2024-03-21,1,-1,0.5354152711583916,0.07415731523270223,0.39042741360890626,0.14498785754948534
GOOGL,hist_gradient_boosting,3,2024-03-22,1,0,0.9679502853677807,0.004490779412263323,0.027558935219955828,0.9403913501478249
GOOGL,hist_gradient_boosting,3,2024-03-25,1,0,0.4985028928616116,0.02975503860145522,0.47174206853693323,0.026760824324678356
GOOGL,hist_gradient_boosting,3,2024-03-26,1,0,0.6289054633408763,0.01105065707408636,0.36004387958503736,0.2688615837558389
GOOGL,hist_gradient_boosting,3,2024-03-27,0,0,0.5056241512802288,0.005275241286567223,0.48910060743320405,0.016523543847024702
GOOGL,hist_gradient_boosting,3,2024-03-28,0,0,0.835749733895179,0.004624219095299639,0.15962604700952127,0.6761236868856577
GOOGL,hist_gradient_boosting,3,2024-04-01,0,0,0.7713647781446474,0.019251413641979888,0.20938380821337252,0.5619809699312749
GOOGL,hist_gradient_boosting,3,2024-04-02,0,-1,0.859072930471327,0.006247951996965333,0.13467911753170747,0.7243938129396196
GOOGL,hist_gradient_boosting,3,2024-04-03,0,-1,0.934659089247242,0.0039004437913856575,0.06144046696137258,0.8732186222858693
GOOGL,hist_gradient_boosting,3,2024-04-04,1,0,0.6350652977881359,0.1260728541985101,0.23886184801335408,0.39620344977478184
GOOGL,hist_gradient_boosting,3,2024-04-05,1,-1,0.7803309414359441,0.19186405130284612,0.19186405130284612,0.5884668901330979
GOOGL,hist_gradient_boosting,3,2024-04-08,0,-1,0.7538296771965617,0.011241657189180715,0.23492866561425746,0.5189010115823043
GOOGL,hist_gradient_boosting,3,2024-04-09,0,-1,0.6483062704222375,0.028941612003986334,0.3227521175737762,0.32555415284846134
GOOGL,hist_gradient_boosting,3,2024-04-10,0,-1,0.5422017201885382,0.06423004501928636,0.39356823479217534,0.14863348539636284
GOOGL,hist_gradient_boosting,3,2024-04-11,-1,-1,0.6201525352083673,0.002814411329463678,0.3770330534621689,0.2431194817461984
GOOGL,hist_gradient_boosting,3,2024-04-12,-1,-1,0.7923486372376021,0.010822698899409762,0.19682866386298828,0.5955199733746138
GOOGL,hist_gradient_boosting,3,2024-04-15,0,1,0.4593103992657366,0.4593103992657366,0.449261955820172,0.010048443445564603
GOOGL,hist_gradient_boosting,3,2024-04-16,1,0,0.437484935604754,0.32728895519293094,0.32728895519293094,0.11019598041182305
GOOGL,hist_gradient_boosting,3,2024-04-17,1,-1,0.8986204791843434,0.07048875081705949,0.07048875081705949,0.8281317283672839
GOOGL,hist_gradient_boosting,3,2024-04-18,0,-1,0.7996572986656109,0.019479631060000405,0.1808630702743888,0.618794228391222
GOOGL,hist_gradient_boosting,3,2024-04-19,1,-1,0.7242318178798697,0.11891495627785413,0.15685322584227623,0.5673785920375934
GOOGL,hist_gradient_boosting,3,2024-04-22,1,-1,0.9513455488758201,0.02760504178111323,0.02760504178111323,0.9237405070947069
GOOGL,hist_gradient_boosting,3,2024-04-23,1,-1,0.7670508816519724,0.013614091450313694,0.21933502689771392,0.5477158547542585
GOOGL,hist_gradient_boosting,3,2024-04-24,1,-1,0.7388653739721956,0.005906743792733051,0.25522788223507126,0.4836374917371244
GOOGL,hist_gradient_boosting,3,2024-04-25,1,0,0.6927514544645985,0.09836711685557907,0.20888142867982235,0.48387002578477617
GOOGL,hist_gradient_boosting,3,2024-04-26,-1,-1,0.8454052862245398,0.00365022656508304,0.15094448721037707,0.6944607990141627
GOOGL,hist_gradient_boosting,3,2024-04-29,0,0,0.593214905283913,0.09055896124910866,0.31622613346697825,0.2769887718169347
GOOGL,hist_gradient_boosting,3,2024-04-30,1,-1,0.4048659615956532,0.3800635107912953,0.3800635107912953,0.02480245080435789
GOOGL,hist_gradient_boosting,3,2024-05-01,1,-1,0.6898517308865493,0.1517581436355153,0.1583901254779355,0.5314616054086138
GOOGL,hist_gradient_boosting,3,2024-05-02,1,-1,0.4099242958238642,0.19966617911805207,0.3904095250580838,0.019514770765780398
GOOGL,hist_gradient_boosting,3,2024-05-03,0,1,0.5854740679954157,0.5854740679954157,0.23588014946687277,0.34959391852854294
GOOGL,hist_gradient_boosting,3,2024-05-06,0,0,0.7676229658420821,0.16676010937326805,0.16676010937326805,0.6008628564688141
GOOGL,hist_gradient_boosting,3,2024-05-07,0,0,0.7953849200202951,0.008553672129982055,0.19606140784972265,0.5993235121705724
GOOGL,hist_gradient_boosting,3,2024-05-08,0,0,0.6780198862116219,0.29594496130950415,0.29594496130950415,0.38207492490211775
GOOGL,hist_gradient_boosting,3,2024-05-09,1,0,0.8866928746095689,0.045966228294829485,0.06734089709560143,0.8193519775139675
GOOGL,hist_gradient_boosting,3,2024-05-10,1,-1,0.5802948400991537,0.052721967244755134,0.3669831926560912,0.21331164744306247
GOOGL,hist_gradient_boosting,3,2024-05-13,1,0,0.5461972336155447,0.16300342194597767,0.2907993444384775,0.25539788917706724
GOOGL,hist_gradient_boosting,3,2024-05-14,1,0,0.7942205319499295,0.008268665135321873,0.19751080291474862,0.5967097290351808
GOOGL,hist_gradient_boosting,3,2024-05-15,1,0,0.6410519452225785,0.014466625307855764,0.34448142946956567,0.2965705157530128
GOOGL,hist_gradient_boosting,3,2024-05-16,0,0,0.7722189870914233,0.0009878518710912626,0.22679316103748526,0.5454258260539381
GOOGL,hist_gradient_boosting,3,2024-05-17,0,0,0.7116336936060791,0.0035725610065424534,0.2847937453873785,0.4268399482187006
GOOGL,hist_gradient_boosting,3,2024-05-20,0,0,0.8195835112603256,0.0012225894071198069,0.17919389933255475,0.6403896119277708
GOOGL,hist_gradient_boosting,3,2024-05-21,0,0,0.8710633860730476,0.00810366851706766,0.12083294540988478,0.7502304406631628
GOOGL,hist_gradient_boosting,3,2024-05-22,-1,0,0.5431356909652855,0.020823687210195396,0.4360406218245192,0.10709506914076627
