ticker,model,fold,date,y_true,y_pred,confidence,bullish_probability,second_best_probability,probability_margin
GOOGL,lightgbm,1,2019-10-03,0,0,0.4951820151810934,0.36893565344111645,0.36893565344111645,0.12624636173997694
GOOGL,lightgbm,1,2019-10-04,0,1,0.990031250497916,0.990031250497916,0.009740736866046913,0.980290513631869
GOOGL,lightgbm,1,2019-10-07,0,1,0.9985596005343348,0.9985596005343348,0.0008475157683113571,0.9977120847660235
GOOGL,lightgbm,1,2019-10-08,1,1,0.9339876258196115,0.9339876258196115,0.06545982917773678,0.8685277966418747
GOOGL,lightgbm,1,2019-10-09,1,1,0.9971722668429056,0.9971722668429056,0.002560693952153984,0.9946115728907516
GOOGL,lightgbm,1,2019-10-10,1,1,0.9984551507389422,0.9984551507389422,0.0014193502757670559,0.9970358004631752
GOOGL,lightgbm,1,2019-10-11,1,1,0.979324186372413,0.979324186372413,0.01998197758081074,0.9593422087916023
GOOGL,lightgbm,1,2019-10-14,1,1,0.9557962775692597,0.9557962775692597,0.043933576108145474,0.9118627014611141
GOOGL,lightgbm,1,2019-10-15,0,0,0.48761662274731893,0.4832236045659785,0.4832236045659785,0.0043930181813404134
GOOGL,lightgbm,1,2019-10-16,0,-1,0.9408659463984635,0.040254810407952216,0.040254810407952216,0.9006111359905113
GOOGL,lightgbm,1,2019-10-17,0,-1,0.8187048530754658,0.017906205545741224,0.16338894137879287,0.6553159116966729
GOOGL,lightgbm,1,2019-10-18,0,-1,0.7305293364351072,0.19341944354425203,0.19341944354425203,0.5371098928908552
GOOGL,lightgbm,1,2019-10-21,1,1,0.6418212603580267,0.6418212603580267,0.18856389668984558,0.4532573636681811
GOOGL,lightgbm,1,2019-10-22,0,1,0.9858671977442945,0.9858671977442945,0.01288328147798519,0.9729839162663093
GOOGL,lightgbm,1,2019-10-23,0,0,0.9697505999115243,0.009077201378415856,0.021172198710059813,0.9485784012014645
GOOGL,lightgbm,1,2019-10-24,0,1,0.528052914425806,0.528052914425806,0.4379032844883375,0.09014962993746856
GOOGL,lightgbm,1,2019-10-25,0,0,0.9780453607708338,0.021591968718702934,0.021591968718702934,0.9564533920521309
GOOGL,lightgbm,1,2019-10-28,0,-1,0.9918990675966189,0.0030287190367189556,0.0050722133666620045,0.986826854229957
GOOGL,lightgbm,1,2019-10-29,1,0,0.9290664640192372,0.06995892486161528,0.06995892486161528,0.859107539157622
GOOGL,lightgbm,1,2019-10-30,1,0,0.9469123304078001,0.05294332817220688,0.05294332817220688,0.8939690022355932
GOOGL,lightgbm,1,2019-10-31,1,1,0.9523630961910422,0.9523630961910422,0.0475796830308491,0.9047834131601931
GOOGL,lightgbm,1,2019-11-01,1,0,0.9866708649276505,0.011998650927131463,0.011998650927131463,0.9746722140005191
GOOGL,lightgbm,1,2019-11-04,0,0,0.996693993758821,0.0032502836085194714,0.0032502836085194714,0.9934437101503015
GOOGL,lightgbm,1,2019-11-05,0,0,0.7340061631534757,0.22284500884422972,0.22284500884422972,0.5111611543092459
GOOGL,lightgbm,1,2019-11-06,0,0,0.8441051052600916,0.09271221852327605,0.09271221852327605,0.7513928867368156
GOOGL,lightgbm,1,2019-11-07,0,0,0.7408178895271547,0.20528738082294856,0.20528738082294856,0.5355305087042062
GOOGL,lightgbm,1,2019-11-08,0,0,0.8125246963100078,0.15991458346896423,0.15991458346896423,0.6526101128410435
GOOGL,lightgbm,1,2019-11-11,0,0,0.8515153158611163,0.01049106029038127,0.13799362384850233,0.713521692012614
GOOGL,lightgbm,1,2019-11-12,0,0,0.5234415363830601,0.4259309911640783,0.4259309911640783,0.09751054521898184
GOOGL,lightgbm,1,2019-11-13,0,1,0.9585608111246183,0.9585608111246183,0.03713881729916646,0.9214219938254519
GOOGL,lightgbm,1,2019-11-14,0,1,0.7964017516435637,0.7964017516435637,0.20275283537625596,0.5936489162673078
GOOGL,lightgbm,1,2019-11-15,-1,-1,0.8400618941531351,0.0016098016540405924,0.15832830419282423,0.681733589960311
GOOGL,lightgbm,1,2019-11-18,0,0,0.6805571487876207,0.0017822664842126355,0.3176605847281666,0.36289656405945414
GOOGL,lightgbm,1,2019-11-19,0,0,0.7512632722115161,0.10934832859507258,0.13938839919341123,0.611874873018105
GOOGL,lightgbm,1,2019-11-20,0,0,0.6466147194146045,0.3465481535727082,0.3465481535727082,0.3000665658418963
GOOGL,lightgbm,1,2019-11-21,0,1,0.997627120478415,0.997627120478415,0.0023164286322588457,0.9953106918461561
GOOGL,lightgbm,1,2019-11-22,0,1,0.9795137240360475,0.9795137240360475,0.020110289436760857,0.9594034345992867
GOOGL,lightgbm,1,2019-11-25,0,1,0.9441485689424753,0.9441485689424753,0.05509011523042049,0.8890584537120548
GOOGL,lightgbm,1,2019-11-26,0,1,0.7963961034293376,0.7963961034293376,0.20292900282123602,0.5934671006081016
GOOGL,lightgbm,1,2019-11-27,0,1,0.5503896622934348,0.5503896622934348,0.4442863155679375,0.10610334672549726
GOOGL,lightgbm,1,2019-11-29,1,1,0.7511850679800693,0.7511850679800693,0.24818929528153802,0.5029957726985314
GOOGL,lightgbm,1,2019-12-02,1,1,0.9988126348989664,0.9988126348989664,0.0010498259490778889,0.9977628089498886
GOOGL,lightgbm,1,2019-12-03,1,1,0.9996987389304819,0.9996987389304819,0.0001693064783676522,0.9995294324521142
GOOGL,lightgbm,1,2019-12-04,0,0,0.8878768777828384,0.10972473302144045,0.10972473302144045,0.7781521447613979
GOOGL,lightgbm,1,2019-12-05,0,1,0.8491777596644534,0.8491777596644534,0.08773762008225547,0.7614401395821979
GOOGL,lightgbm,1,2019-12-06,0,1,0.9749339565649088,0.9749339565649088,0.02376878478767405,0.9511651717772347
GOOGL,lightgbm,1,2019-12-09,0,1,0.9852847937537098,0.9852847937537098,0.010435185471216945,0.9748496082824929
GOOGL,lightgbm,1,2019-12-10,0,0,0.863121112335528,0.1359651085464244,0.1359651085464244,0.7271560037891036
GOOGL,lightgbm,1,2019-12-11,0,1,0.7186410443069163,0.7186410443069163,0.2666028843756464,0.45203815993126994
GOOGL,lightgbm,1,2019-12-12,0,0,0.5642360522997496,0.42603688948499163,0.42603688948499163,0.13819916281475797
GOOGL,lightgbm,1,2019-12-13,0,1,0.9938507515279736,0.9938507515279736,0.005904807215946254,0.9879459443120274
GOOGL,lightgbm,1,2019-12-16,0,1,0.9544736742566547,0.9544736742566547,0.02916852876495063,0.9253051454917041
GOOGL,lightgbm,1,2019-12-17,0,1,0.8865832749333497,0.8865832749333497,0.10701358578992466,0.779569689143425
GOOGL,lightgbm,1,2019-12-18,0,1,0.9909456806063409,0.9909456806063409,0.008778180054249187,0.9821675005520917
GOOGL,lightgbm,1,2019-12-19,0,0,0.7649850647045642,0.23385071445241837,0.23385071445241837,0.5311343502521458
GOOGL,lightgbm,1,2019-12-20,0,0,0.9145311629316375,0.07526690301946137,0.07526690301946137,0.8392642599121761
GOOGL,lightgbm,1,2019-12-23,0,1,0.7429616414479923,0.7429616414479923,0.2543465873222304,0.48861505412576184
GOOGL,lightgbm,1,2019-12-24,0,1,0.9565287984476539,0.9565287984476539,0.04325317213193063,0.9132756263157233
GOOGL,lightgbm,1,2019-12-26,0,1,0.7170944156298826,0.7170944156298826,0.2720864311581102,0.4450079844717724
GOOGL,lightgbm,1,2019-12-27,1,0,0.5293991234878589,0.46864165437461963,0.46864165437461963,0.06075746911323926
GOOGL,lightgbm,1,2019-12-30,1,1,0.999729151494292,0.999729151494292,0.00022774830380927058,0.9995014031904828
GOOGL,lightgbm,1,2019-12-31,1,1,0.9997269611382072,0.9997269611382072,0.0002476584535522091,0.999479302684655
GOOGL,lightgbm,1,2020-01-02,1,0,0.878510374252117,0.11511629662849274,0.11511629662849274,0.7633940776236242
GOOGL,lightgbm,1,2020-01-03,1,1,0.9706567102110104,0.9706567102110104,0.027697530919146562,0.9429591792918639
GOOGL,lightgbm,1,2020-01-06,1,0,0.7022544605501112,0.2575943256072448,0.2575943256072448,0.4446601349428664
GOOGL,lightgbm,1,2020-01-07,1,1,0.887150922818399,0.887150922818399,0.11179549947326183,0.7753554233451372
GOOGL,lightgbm,1,2020-01-08,1,0,0.5152639920951242,0.47375276720459053,0.47375276720459053,0.04151122489053366
GOOGL,lightgbm,1,2020-01-09,1,0,0.6591013675375205,0.27752511385355144,0.27752511385355144,0.381576253683969
GOOGL,lightgbm,1,2020-01-10,1,-1,0.5489978153879435,0.33974587921391275,0.33974587921391275,0.2092519361740307
GOOGL,lightgbm,1,2020-01-13,1,-1,0.3500436927651657,0.3124486767248513,0.33750763050998295,0.012536062255182778
GOOGL,lightgbm,1,2020-01-14,1,-1,0.7407968877627407,0.08684965341407995,0.1723534588231795,0.5684434289395611
GOOGL,lightgbm,1,2020-01-15,1,1,0.561756147217994,0.561756147217994,0.37522722060199587,0.18652892661599818
GOOGL,lightgbm,1,2020-01-16,0,-1,0.5250954986909582,0.4569194191049297,0.4569194191049297,0.06817607958602845
GOOGL,lightgbm,1,2020-01-17,-1,-1,0.9931072959021674,8.767955937657566e-05,0.006805024538455863,0.9863022713637115
GOOGL,lightgbm,1,2020-01-21,-1,-1,0.9987508505189687,0.00011666574446425696,0.0011324837365670071,0.9976183667824017
GOOGL,lightgbm,1,2020-01-22,0,-1,0.9984061364150806,3.397090314767894e-05,0.0015598926817717794,0.9968462437333088
GOOGL,lightgbm,1,2020-01-23,-1,-1,0.9938295090588705,0.001129868030047947,0.00504062291108153,0.9887888861477889
GOOGL,lightgbm,1,2020-01-24,-1,-1,0.9966498904369188,0.0008308733224042114,0.0025192362406768953,0.9941306541962419
GOOGL,lightgbm,1,2020-01-27,1,0,0.906173390337208,0.08485459652034058,0.08485459652034058,0.8213187938168675
GOOGL,lightgbm,1,2020-01-28,0,0,0.8825247284417097,0.11568843105289946,0.11568843105289946,0.7668362973888102
GOOGL,lightgbm,1,2020-01-29,0,0,0.8679602597491167,0.09351790907002519,0.09351790907002519,0.7744423506790915
GOOGL,lightgbm,1,2020-01-30,0,0,0.9486311005190189,0.04773974903379078,0.04773974903379078,0.9008913514852281
GOOGL,lightgbm,1,2020-01-31,1,0,0.844646557810769,0.07990663618050053,0.07990663618050053,0.7647399216302685
GOOGL,lightgbm,1,2020-02-03,0,0,0.7166999771054244,0.0018017407027775855,0.2814982821917979,0.43520169491362654
GOOGL,lightgbm,1,2020-02-04,1,1,0.7080043691010689,0.7080043691010689,0.29147048185248164,0.41653388724858725
GOOGL,lightgbm,1,2020-02-05,1,0,0.6616395857205207,0.33820466250104764,0.33820466250104764,0.3234349232194731
GOOGL,lightgbm,1,2020-02-06,1,0,0.9882954024897754,0.011424003888772996,0.011424003888772996,0.9768713986010025
GOOGL,lightgbm,1,2020-02-07,1,-1,0.5446190464685144,0.37493218617506324,0.37493218617506324,0.1696868602934512
GOOGL,lightgbm,1,2020-02-10,0,0,0.8454550504465501,0.001560099348430471,0.1529848502050194,0.6924702002415307
GOOGL,lightgbm,1,2020-02-11,0,0,0.5369482843231722,0.2330230669806078,0.2330230669806078,0.3039252173425644
GOOGL,lightgbm,1,2020-02-12,0,1,0.4523449781622898,0.4523449781622898,0.32618073559078553,0.12616424257150427
GOOGL,lightgbm,1,2020-02-13,0,0,0.9832863979476496,0.012776041562194114,0.012776041562194114,0.9705103563854555
GOOGL,lightgbm,1,2020-02-14,-1,0,0.7737076641346928,0.15954971948440577,0.15954971948440577,0.6141579446502871
GOOGL,lightgbm,1,2020-02-18,-1,1,0.9278419153963396,0.9278419153963396,0.0705618473420258,0.8572800680543139
GOOGL,lightgbm,1,2020-02-19,-1,1,0.9959281763875057,0.9959281763875057,0.0024966454496365845,0.9934315309378692
GOOGL,lightgbm,1,2020-02-20,-1,1,0.9877878785405719,0.9877878785405719,0.010014013446879504,0.9777738650936925
GOOGL,lightgbm,1,2020-02-21,-1,0,0.6534722473173908,0.3209079421428261,0.3209079421428261,0.33256430517456476
GOOGL,lightgbm,1,2020-02-24,-1,-1,0.6080762024804279,0.12523065077670387,0.26669314674286815,0.3413830557375598
GOOGL,lightgbm,1,2020-02-25,-1,0,0.9414177969928013,0.03318278123607283,0.03318278123607283,0.9082350157567284
GOOGL,lightgbm,1,2020-02-26,0,0,0.9767692239770563,0.00039544905260641963,0.022835326970337275,0.953933897006719
GOOGL,lightgbm,1,2020-02-27,0,1,0.9709708670297854,0.9709708670297854,0.02889415730511442,0.942076709724671
GOOGL,lightgbm,1,2020-02-28,-1,0,0.8628782532401301,0.09574670515498522,0.09574670515498522,0.7671315480851449
GOOGL,lightgbm,1,2020-03-02,-1,0,0.6542349251607197,0.001010610708052788,0.34475446413122757,0.3094804610294921
GOOGL,lightgbm,1,2020-03-03,-1,0,0.5302997542078259,0.46378680891983837,0.46378680891983837,0.06651294528798757
GOOGL,lightgbm,1,2020-03-04,-1,-1,0.6053696657461208,0.000296976088998246,0.3943333581648809,0.21103630758123992
GOOGL,lightgbm,1,2020-03-05,-1,0,0.6421980316652568,0.35662180216730704,0.35662180216730704,0.28557622949794975
GOOGL,lightgbm,1,2020-03-06,-1,0,0.8234724067616197,0.17209314464487513,0.17209314464487513,0.6513792621167446
GOOGL,lightgbm,1,2020-03-09,-1,1,0.6532763871544052,0.6532763871544052,0.34587066220073776,0.3074057249536674
GOOGL,lightgbm,1,2020-03-10,-1,1,0.4943042458591014,0.4943042458591014,0.48424555647324863,0.010058689385852748
GOOGL,lightgbm,1,2020-03-11,-1,1,0.5698872793520351,0.5698872793520351,0.4291327242084364,0.1407545551435987
GOOGL,lightgbm,1,2020-03-12,0,1,0.8867710857650775,0.8867710857650775,0.11078038851466351,0.7759906972504139
GOOGL,lightgbm,1,2020-03-13,-1,1,0.5022703580738268,0.5022703580738268,0.48264224847671416,0.019628109597112642
GOOGL,lightgbm,1,2020-03-16,0,1,0.6770189263005247,0.6770189263005247,0.32180740506565275,0.355211521234872
GOOGL,lightgbm,1,2020-03-17,0,1,0.6064196322820247,0.6064196322820247,0.39039414888621726,0.2160254833958074
GOOGL,lightgbm,1,2020-03-18,0,1,0.5276821732630097,0.5276821732630097,0.4693302576808886,0.058351915582121106
GOOGL,lightgbm,1,2020-03-19,1,0,0.8904148693941762,0.08267839338573499,0.08267839338573499,0.8077364760084412
GOOGL,lightgbm,1,2020-03-20,1,1,0.959459435574434,0.959459435574434,0.03918497946421292,0.9202744561102211
GOOGL,lightgbm,1,2020-03-23,1,1,0.6889139548159265,0.6889139548159265,0.30731478608332197,0.3815991687326046
GOOGL,lightgbm,1,2020-03-24,1,1,0.6939986044978854,0.6939986044978854,0.24080354792137762,0.4531950565765078
GOOGL,lightgbm,1,2020-03-25,0,0,0.533124884036341,0.4545668968227591,0.4545668968227591,0.07855798721358187
GOOGL,lightgbm,1,2020-03-26,-1,0,0.850472304978661,0.13593362817651908,0.13593362817651908,0.7145386768021419
GOOGL,lightgbm,1,2020-03-27,0,1,0.5518096320834299,0.5518096320834299,0.4470799708072399,0.10472966127619004
GOOGL,lightgbm,1,2020-03-30,1,0,0.7602406014332918,0.20693860000089434,0.20693860000089434,0.5533020014323974
GOOGL,lightgbm,1,2020-03-31,0,0,0.6948944257613028,0.19383648256799305,0.19383648256799305,0.5010579431933098
GOOGL,lightgbm,1,2020-04-01,1,1,0.5056455382546219,0.5056455382546219,0.4771765716321598,0.028468966622462066
GOOGL,lightgbm,1,2020-04-02,1,0,0.6471275341980378,0.3143273455170375,0.3143273455170375,0.3328001886810003
GOOGL,lightgbm,1,2020-04-03,1,0,0.49882670909962495,0.3311870793432612,0.3311870793432612,0.16763962975636376
GOOGL,lightgbm,1,2020-04-06,1,0,0.7209385491747584,0.017177204238023224,0.2618842465872183,0.4590543025875401
GOOGL,lightgbm,1,2020-04-07,1,-1,0.4771480810666686,0.31816161161530065,0.31816161161530065,0.15898646945136796
GOOGL,lightgbm,1,2020-04-08,1,-1,0.6946256789799004,0.02270851574529242,0.2826658052748072,0.4119598737050931
GOOGL,lightgbm,1,2020-04-09,1,-1,0.7355969892529254,0.0014527724459575697,0.262950238301117,0.47264675095180836
GOOGL,lightgbm,1,2020-04-13,1,-1,0.9960862941992427,0.00013266668980187527,0.0037810391109555246,0.9923052550882872
GOOGL,lightgbm,1,2020-04-14,-1,-1,0.7733203261561384,0.0003801160226941033,0.22629955782116737,0.547020768334971
GOOGL,lightgbm,1,2020-04-15,0,-1,0.9968452327011877,9.788774827286154e-06,0.0031449785239848916,0.9937002541772029
GOOGL,lightgbm,1,2020-04-16,0,-1,0.9958385073866892,3.11096367861835e-05,0.0041303829765246824,0.9917081244101645
GOOGL,lightgbm,1,2020-04-17,0,-1,0.99684358462743,0.00010177249166664395,0.0030546428809033466,0.9937889417465267
GOOGL,lightgbm,1,2020-04-20,0,-1,0.9887220062026592,0.00013274927428849698,0.011145244523052435,0.9775767616796067
GOOGL,lightgbm,1,2020-04-21,0,0,0.9914629801018316,0.004605564210618077,0.004605564210618077,0.9868574158912136
GOOGL,lightgbm,1,2020-04-22,1,-1,0.9486940967476428,0.00021982332445466958,0.05108607992790255,0.8976080168197402
GOOGL,lightgbm,1,2020-04-23,1,-1,0.9858972076188197,0.00022626343719619682,0.013876528943984053,0.9720206786748357
GOOGL,lightgbm,1,2020-04-24,1,-1,0.5059662869349167,0.0029007558972404196,0.4911329571678429,0.014833329767073855
GOOGL,lightgbm,1,2020-04-27,1,0,0.8281669484298437,0.0037346652250883593,0.16809838634506796,0.6600685620847757
GOOGL,lightgbm,1,2020-04-28,1,1,0.673403233727733,0.673403233727733,0.31037863428570833,0.3630245994420247
GOOGL,lightgbm,1,2020-04-29,0,-1,0.8857765367922706,0.00025201137831371955,0.11397145182941545,0.7718050849628552
GOOGL,lightgbm,1,2020-04-30,0,-1,0.9271869145910564,0.0014127804819173133,0.07140030492702637,0.8557866096640301
GOOGL,lightgbm,1,2020-05-01,1,-1,0.9561618766323694,0.002486282980794319,0.04135184038683639,0.914810036245533
GOOGL,lightgbm,1,2020-05-04,1,-1,0.8689580615582876,0.0016279323616580574,0.12941400608005435,0.7395440554782332
GOOGL,lightgbm,1,2020-05-05,0,-1,0.6210117020927246,0.0008142939286965322,0.37817400397857903,0.24283769811414557
GOOGL,lightgbm,1,2020-05-06,0,-1,0.922622834447639,0.0003325395903868204,0.07704462596197402,0.845578208485665
GOOGL,lightgbm,1,2020-05-07,0,-1,0.9924164786497895,2.388009089162639e-05,0.007559641259318845,0.9848568373904707
GOOGL,lightgbm,1,2020-05-08,0,-1,0.9916071953401585,9.791448028242165e-05,0.008294890179559049,0.9833123051605994
GOOGL,lightgbm,1,2020-05-11,0,-1,0.9841817500415837,9.291560463695202e-05,0.015725334353779315,0.9684564156878044
GOOGL,lightgbm,1,2020-05-12,0,-1,0.9496852449394334,0.0013414169249650952,0.04897333813560145,0.900711906803832
GOOGL,lightgbm,1,2020-05-13,1,0,0.966339215428541,0.028784091591542587,0.028784091591542587,0.9375551238369983
GOOGL,lightgbm,1,2020-05-14,1,0,0.9737186948052337,0.02414979317641599,0.02414979317641599,0.9495689016288177
GOOGL,lightgbm,1,2020-05-15,1,0,0.8915493804723125,0.0017598228802261488,0.10669079664746137,0.7848585838248511
GOOGL,lightgbm,1,2020-05-18,1,-1,0.8570497509512488,0.0009010090683896716,0.1420492399803615,0.7150005109708872
GOOGL,lightgbm,1,2020-05-19,1,0,0.9768229372647207,0.00866907859469973,0.014507984140579541,0.9623149531241412
GOOGL,lightgbm,1,2020-05-20,0,-1,0.9634986353798043,0.00014522204061206793,0.03635614257958361,0.9271424928002207
GOOGL,lightgbm,1,2020-05-21,0,-1,0.8958355041143988,0.0033307495254636327,0.10083374636013748,0.7950017577542614
GOOGL,lightgbm,1,2020-05-22,0,-1,0.7417374395878744,0.000586660781847256,0.25767589963027837,0.48406153995759604
GOOGL,lightgbm,1,2020-05-26,0,0,0.8421561348238629,0.0029969533294669,0.1548469118466704,0.6873092229771924
GOOGL,lightgbm,1,2020-05-27,0,0,0.9491729096790154,0.00028838244532008604,0.05053870787566464,0.8986342018033507
GOOGL,lightgbm,1,2020-05-28,0,-1,0.5284890217386342,0.32405494915951555,0.32405494915951555,0.20443407257911866
GOOGL,lightgbm,1,2020-05-29,0,0,0.9391134557655818,0.029442429220586343,0.03144411501383191,0.9076693407517499
GOOGL,lightgbm,1,2020-06-01,0,0,0.9513777631165604,0.03836608066230172,0.03836608066230172,0.9130116824542587
GOOGL,lightgbm,1,2020-06-02,0,-1,0.7814858341741445,0.1247165937145962,0.1247165937145962,0.6567692404595483
GOOGL,lightgbm,1,2020-06-03,0,0,0.9544721753123244,0.010779683502952473,0.034748141184723094,0.9197240341276013
GOOGL,lightgbm,1,2020-06-04,0,0,0.5548874670956766,0.24391368148508147,0.24391368148508147,0.31097378561059513
GOOGL,lightgbm,1,2020-06-05,0,0,0.6403568480499495,0.26844103007893644,0.26844103007893644,0.3719158179710131
GOOGL,lightgbm,1,2020-06-08,0,0,0.4927160272673344,0.4915640841575946,0.4915640841575946,0.0011519431097397614
GOOGL,lightgbm,1,2020-06-09,0,1,0.6878787979939344,0.6878787979939344,0.2668250602480941,0.42105373774584026
GOOGL,lightgbm,1,2020-06-10,0,-1,0.7631844039877488,0.1592427443739831,0.1592427443739831,0.6039416596137657
GOOGL,lightgbm,1,2020-06-11,1,0,0.7367824572103201,0.2629991202242191,0.2629991202242191,0.473783336986101
GOOGL,lightgbm,1,2020-06-12,0,1,0.8817221193170542,0.8817221193170542,0.11627032312994143,0.7654517961871128
GOOGL,lightgbm,1,2020-06-15,1,0,0.5834805302197792,0.4159078401227681,0.4159078401227681,0.1675726900970111
GOOGL,lightgbm,1,2020-06-16,0,0,0.5028928689862563,0.46213325032093605,0.46213325032093605,0.04075961866532024
GOOGL,lightgbm,1,2020-06-17,0,1,0.819935723037255,0.819935723037255,0.17612953624973354,0.6438061867875216
GOOGL,lightgbm,1,2020-06-18,0,0,0.8695135831065659,0.13006992333502315,0.13006992333502315,0.7394436597715428
GOOGL,lightgbm,1,2020-06-19,-1,1,0.7736359876547169,0.7736359876547169,0.2221579059661117,0.5514780816886051
GOOGL,lightgbm,1,2020-06-22,-1,0,0.9870518635475599,0.01241523468606238,0.01241523468606238,0.9746366288614975
GOOGL,lightgbm,1,2020-06-23,-1,0,0.43799416086386495,0.28306540689963733,0.28306540689963733,0.15492875396422762
GOOGL,lightgbm,1,2020-06-24,0,1,0.9957760724312962,0.9957760724312962,0.0036846015868343745,0.9920914708444618
GOOGL,lightgbm,1,2020-06-25,1,1,0.887304582099123,0.887304582099123,0.1120001482491526,0.7753044338499704
GOOGL,lightgbm,1,2020-06-26,1,0,0.5966552496306046,0.22320371207554293,0.22320371207554293,0.37345153755506166
GOOGL,lightgbm,1,2020-06-29,1,0,0.676245199200358,0.08878399683340275,0.23497080396623934,0.4412743952341186
GOOGL,lightgbm,1,2020-06-30,1,1,0.8405392300195396,0.8405392300195396,0.12062960923369723,0.7199096207858423
GOOGL,lightgbm,1,2020-07-01,1,0,0.9633212081839279,0.015475962691430561,0.021202829124641456,0.9421183790592864
GOOGL,lightgbm,1,2020-07-02,1,0,0.9801442266937771,0.004857365081625706,0.014998408224597371,0.9651458184691797
GOOGL,lightgbm,1,2020-07-06,0,-1,0.8080111655911917,0.004637014414690146,0.18735181999411823,0.6206593455970735
GOOGL,lightgbm,1,2020-07-07,1,-1,0.48241683574623684,0.08038260591611866,0.4372005583376445,0.045216277408592354
GOOGL,lightgbm,1,2020-07-08,0,0,0.7870090549862877,0.004253232801919132,0.20873771221179308,0.5782713427744947
GOOGL,lightgbm,1,2020-07-09,0,-1,0.45910172887939676,0.11849963362740322,0.4223986374932001,0.03670309138619665
GOOGL,lightgbm,1,2020-07-10,0,-1,0.9790444278330459,0.0003068156258211626,0.020648756541132875,0.958395671291913
GOOGL,lightgbm,1,2020-07-13,1,0,0.9349128675824002,0.010976256045965613,0.054110876371634205,0.880801991210766
GOOGL,lightgbm,1,2020-07-14,1,0,0.5738969788714069,0.014887919811625735,0.41121510131696737,0.16268187755443952
GOOGL,lightgbm,1,2020-07-15,1,0,0.9385096250433345,0.008847059503922285,0.05264331545274338,0.8858663095905911
GOOGL,lightgbm,1,2020-07-16,0,1,0.7571705123708197,0.7571705123708197,0.2401591204210619,0.5170113919497578
GOOGL,lightgbm,1,2020-07-17,0,1,0.4878779271146206,0.4878779271146206,0.47105769789841573,0.01682022921620485
GOOGL,lightgbm,1,2020-07-20,-1,-1,0.7395275858209824,0.0005830645695739851,0.2598893496094436,0.47963823621153884
GOOGL,lightgbm,1,2020-07-21,-1,-1,0.9446692394891151,0.0024442638416567034,0.05288649666922836,0.8917827428198867
GOOGL,lightgbm,1,2020-07-22,-1,-1,0.955780068624019,0.005488424498545197,0.038731506877435797,0.9170485617465832
GOOGL,lightgbm,1,2020-07-23,0,0,0.9409419883110017,0.0586822930433876,0.0586822930433876,0.8822596952676142
GOOGL,lightgbm,1,2020-07-24,0,1,0.8371860737093307,0.8371860737093307,0.16272974543072705,0.6744563282786037
GOOGL,lightgbm,1,2020-07-27,-1,0,0.8647870915072268,0.13246077969076245,0.13246077969076245,0.7323263118164643
GOOGL,lightgbm,1,2020-07-28,-1,1,0.9655134067022861,0.9655134067022861,0.03222083989829304,0.9332925668039931
GOOGL,lightgbm,1,2020-07-29,-1,0,0.772734300897919,0.22719907861205096,0.22719907861205096,0.545535222285868
GOOGL,lightgbm,1,2020-07-30,-1,1,0.6655099482286979,0.6655099482286979,0.32429034868064033,0.3412195995480576
GOOGL,lightgbm,1,2020-07-31,0,1,0.8194307550359425,0.8194307550359425,0.11809194767710178,0.7013388073588408
GOOGL,lightgbm,1,2020-08-03,0,0,0.8342471760573301,0.16443239133255003,0.16443239133255003,0.6698147847247801
GOOGL,lightgbm,1,2020-08-04,0,0,0.6804083304364315,0.3152247005590095,0.3152247005590095,0.365183629877422
GOOGL,lightgbm,1,2020-08-05,0,1,0.8960357031605336,0.8960357031605336,0.1030949801683704,0.7929407229921632
GOOGL,lightgbm,1,2020-08-06,0,1,0.5931276866013444,0.5931276866013444,0.3940645079476086,0.1990631786537358
GOOGL,lightgbm,1,2020-08-07,0,1,0.5735262477645575,0.5735262477645575,0.40432214528895266,0.16920410247560486
GOOGL,lightgbm,1,2020-08-10,0,1,0.9458673898647643,0.9458673898647643,0.053660985393980454,0.8922064044707838
GOOGL,lightgbm,1,2020-08-11,1,-1,0.6365580476332793,0.32281835573766277,0.32281835573766277,0.3137396918956165
GOOGL,lightgbm,1,2020-08-12,1,1,0.7267939850017221,0.7267939850017221,0.2731017678402988,0.4536922171614233
GOOGL,lightgbm,1,2020-08-13,1,1,0.8850159047630117,0.8850159047630117,0.11472036531250324,0.7702955394505084
GOOGL,lightgbm,1,2020-08-14,1,1,0.7309630631202402,0.7309630631202402,0.250080114098345,0.48088294902189516
GOOGL,lightgbm,1,2020-08-17,1,1,0.706512411228086,0.706512411228086,0.2857730499036107,0.42073936132447526
GOOGL,lightgbm,1,2020-08-18,1,0,0.6300502908351308,0.005954979834700415,0.36399472933016885,0.2660555615049619
GOOGL,lightgbm,1,2020-08-19,1,0,0.5407270432602742,0.06078738715292767,0.39848556958679804,0.14224147367347617
GOOGL,lightgbm,1,2020-08-20,1,0,0.8190001909564651,0.012767467611517489,0.16823234143201732,0.6507678495244478
GOOGL,lightgbm,1,2020-08-21,1,0,0.8208378650712845,0.12269656767742372,0.12269656767742372,0.6981412973938608
GOOGL,lightgbm,1,2020-08-24,1,-1,0.7979182657684823,0.016416862459691192,0.1856648717718266,0.6122533939966557
GOOGL,lightgbm,1,2020-08-25,1,-1,0.986049701247513,0.004854157354187553,0.009096141398299411,0.9769535598492136
GOOGL,lightgbm,1,2020-08-26,1,-1,0.9967006770354881,0.0008157481263696563,0.0024835748381420828,0.994217102197346
GOOGL,lightgbm,1,2020-08-27,0,-1,0.9366815460762526,0.00340569885623501,0.05991275506751238,0.8767687910087403
GOOGL,lightgbm,1,2020-08-28,-1,-1,0.9902542445179544,0.004403765127519681,0.0053419903545261094,0.9849122541634283
GOOGL,lightgbm,1,2020-08-31,-1,-1,0.930784136504682,0.024932387206920554,0.04428347628839747,0.8865006602162845
GOOGL,lightgbm,1,2020-09-01,-1,-1,0.9981679012646307,3.0523022050359774e-05,0.0018015757133188835,0.9963663255513119
GOOGL,lightgbm,1,2020-09-02,-1,-1,0.9520020515975169,0.001208596154093729,0.046789352248389475,0.9052126993491275
GOOGL,lightgbm,1,2020-09-03,-1,0,0.9891494620367736,0.00986461019222635,0.00986461019222635,0.9792848518445472
GOOGL,lightgbm,1,2020-09-04,-1,0,0.9985146466416596,0.0013028484040830276,0.0013028484040830276,0.9972117982375766
GOOGL,lightgbm,1,2020-09-08,0,0,0.5825779298682205,0.02028833564307565,0.3971337344887038,0.18544419537951673
GOOGL,lightgbm,1,2020-09-09,-1,0,0.7911104099090337,0.10533551415557349,0.10533551415557349,0.6857748957534602
GOOGL,lightgbm,1,2020-09-10,-1,0,0.5389229358207642,0.008384014598889709,0.45269304958034595,0.08622988624041827
GOOGL,lightgbm,1,2020-09-11,-1,0,0.9573188981371985,0.0038037466564042766,0.03887735520639702,0.9184415429308015
GOOGL,lightgbm,1,2020-09-14,-1,0,0.9092133468958835,0.0007404248823861331,0.09004622822173033,0.8191671186741531
GOOGL,lightgbm,1,2020-09-15,-1,0,0.9934106646488544,0.0018194580413461276,0.004769877309799411,0.988640787339055
GOOGL,lightgbm,1,2020-09-16,-1,0,0.9923439745797747,0.0006653443203484755,0.006990681099876684,0.9853532934798981
GOOGL,lightgbm,1,2020-09-17,-1,0,0.7897929853317569,0.0525568680403428,0.1576501466279004,0.6321428387038566
GOOGL,lightgbm,1,2020-09-18,0,1,0.9080620796539052,0.9080620796539052,0.07415587968954249,0.8339061999643627
GOOGL,lightgbm,1,2020-09-21,0,1,0.7021279612975763,0.7021279612975763,0.2959402549951674,0.40618770630240886
GOOGL,lightgbm,1,2020-09-22,0,0,0.8293450564255883,0.10170726102276838,0.10170726102276838,0.7276377954028199
GOOGL,lightgbm,1,2020-09-23,1,1,0.9965671964321927,0.9965671964321927,0.003295184104258822,0.9932720123279339
GOOGL,lightgbm,1,2020-09-24,1,1,0.9850332078464321,0.9850332078464321,0.014437897461519847,0.9705953103849123
GOOGL,lightgbm,1,2020-09-25,0,1,0.9982459496088996,0.9982459496088996,0.0013862034931652386,0.9968597461157344
GOOGL,lightgbm,1,2020-09-28,0,1,0.8747061704264867,0.8747061704264867,0.10161165399574955,0.7730945164307371
GOOGL,lightgbm,1,2020-09-29,0,1,0.9208165775641788,0.9208165775641788,0.06704703843230447,0.8537695391318743
GOOGL,lightgbm,1,2020-09-30,0,1,0.6687677738852036,0.6687677738852036,0.3163991102882139,0.3523686635969897
GOOGL,lightgbm,1,2020-10-01,0,1,0.8832556212963001,0.8832556212963001,0.06843960041543848,0.8148160208808616
GOOGL,lightgbm,1,2020-10-02,1,1,0.9213514236565673,0.9213514236565673,0.06437033687648448,0.8569810867800828
GOOGL,lightgbm,1,2020-10-05,1,1,0.8947774793064012,0.8947774793064012,0.056376312661816565,0.8384011666445846
GOOGL,lightgbm,1,2020-10-06,1,-1,0.875350010429231,0.10534695984179114,0.10534695984179114,0.7700030505874399
GOOGL,lightgbm,1,2020-10-07,1,1,0.9416193120726024,0.9416193120726024,0.031114075429970054,0.9105052366426324
GOOGL,lightgbm,1,2020-10-08,1,1,0.5739017162703447,0.5739017162703447,0.3817165080281314,0.1921852082422133
GOOGL,lightgbm,1,2020-10-09,1,-1,0.6458980338248471,0.027166649690754913,0.326935316484398,0.3189627173404491
GOOGL,lightgbm,1,2020-10-12,-1,0,0.6948655801437488,0.003008130072018637,0.30212628978423256,0.3927392903595162
GOOGL,lightgbm,1,2020-10-13,0,-1,0.9628242856657441,0.01389886873173434,0.023276845602521835,0.9395474400632222
GOOGL,lightgbm,1,2020-10-14,0,-1,0.9250096998035792,0.011686869983991195,0.06330343021242972,0.8617062695911495
GOOGL,lightgbm,1,2020-10-15,1,0,0.4982462035295356,0.06912846822184542,0.432625328248619,0.06562087528091659
GOOGL,lightgbm,1,2020-10-16,1,-1,0.8947989787937075,0.00677537034037836,0.09842565086591405,0.7963733279277935
GOOGL,lightgbm,1,2020-10-19,1,0,0.9636057590692845,0.030296023148560062,0.030296023148560062,0.9333097359207244
GOOGL,lightgbm,1,2020-10-20,1,-1,0.5667229972602009,0.007671847087549271,0.4256051556522499,0.14111784160795104
GOOGL,lightgbm,1,2020-10-21,-1,-1,0.9045595589689128,0.0018750552414424089,0.09356538578964477,0.810994173179268
GOOGL,lightgbm,1,2020-10-22,-1,-1,0.9783430421075455,3.626423639627517e-05,0.02162069365605818,0.9567223484514873
GOOGL,lightgbm,1,2020-10-23,0,-1,0.8993464289437374,0.00010878893657189647,0.10054478211969074,0.7988016468240466
GOOGL,lightgbm,1,2020-10-26,1,0,0.9958377119873614,0.002453641558160472,0.002453641558160472,0.9933840704292008
GOOGL,lightgbm,1,2020-10-27,1,0,0.7438028381744711,0.002598527618653967,0.2535986342068748,0.49020420396759634
GOOGL,lightgbm,1,2020-10-28,1,0,0.7679822645958119,0.02516607722288115,0.20685165818130694,0.561130606414505
GOOGL,lightgbm,1,2020-10-29,1,0,0.9911788971304294,0.003653308026116854,0.005167794843453756,0.9860111022869756
GOOGL,lightgbm,1,2020-10-30,1,0,0.8405031195340877,0.00178761512269249,0.15770926534321972,0.682793854190868
GOOGL,lightgbm,1,2020-11-02,1,-1,0.8849967173786868,5.824671205647565e-05,0.11494503590925671,0.77005168146943
GOOGL,lightgbm,1,2020-11-03,1,-1,0.9556366333533378,0.0003920861152076282,0.043971280531454604,0.9116653528218832
GOOGL,lightgbm,1,2020-11-04,0,-1,0.9544806009750822,0.0011737512031246276,0.04434564782179317,0.9101349531532891
GOOGL,lightgbm,1,2020-11-05,0,-1,0.9960620616622425,0.00012626411226740816,0.0038116742254900174,0.9922503874367525
GOOGL,lightgbm,1,2020-11-06,0,-1,0.9974042972388362,0.00013857201345885613,0.0024571307477048946,0.9949471664911312
GOOGL,lightgbm,1,2020-11-09,0,-1,0.9910698923869316,0.00035287832145302315,0.008577229291615304,0.9824926630953162
GOOGL,lightgbm,1,2020-11-10,0,-1,0.6730253495272212,0.0017637933801589723,0.32521085709261977,0.3478144924346014
GOOGL,lightgbm,1,2020-11-11,0,0,0.5931827715929248,0.0009151225595457023,0.4059021058475295,0.18728066574539526
GOOGL,lightgbm,1,2020-11-12,0,-1,0.6695477379970395,0.008680264535630958,0.3217719974673296,0.3477757405297099
GOOGL,lightgbm,1,2020-11-13,-1,-1,0.9958940373140046,4.956368561433534e-05,0.004056399000380979,0.9918376383136236
GOOGL,lightgbm,1,2020-11-16,-1,-1,0.9778955897480633,0.000112652605965995,0.021991757645970552,0.9559038321020928
GOOGL,lightgbm,1,2020-11-17,0,-1,0.8168843779066353,0.0036496354296191576,0.17946598666374564,0.6374183912428897
GOOGL,lightgbm,1,2020-11-18,0,-1,0.5437396035387331,0.22058454058946586,0.23567585587180098,0.3080637476669321
GOOGL,lightgbm,1,2020-11-19,0,0,0.6073079171672412,0.003279120628263426,0.3894129622044953,0.2178949549627459
GOOGL,lightgbm,1,2020-11-20,0,1,0.65847642042197,0.65847642042197,0.23526354082540335,0.4232128795965666
GOOGL,lightgbm,1,2020-11-23,1,0,0.5305957037708922,0.4528335808814835,0.4528335808814835,0.07776212288940865
GOOGL,lightgbm,1,2020-11-24,1,0,0.7010784365809749,0.08967174463811002,0.20924981878091492,0.49182861780006
GOOGL,lightgbm,1,2020-11-25,1,-1,0.6395602586535016,0.005171547904921093,0.3552681934415774,0.28429206521192424
GOOGL,lightgbm,1,2020-11-27,1,-1,0.6683305008110125,0.0014612988883077925,0.3302082003006797,0.3381223005103328
GOOGL,lightgbm,1,2020-11-30,1,0,0.9426438650126495,0.04723310211391617,0.04723310211391617,0.8954107628987333
GOOGL,lightgbm,1,2020-12-01,0,0,0.9931328156033766,0.002212037623703684,0.004655146772919578,0.9884776688304571
GOOGL,lightgbm,1,2020-12-02,-1,0,0.5183048506385673,0.0021313745785218083,0.47956377478291085,0.038741075855656504
GOOGL,lightgbm,1,2020-12-03,-1,-1,0.6366143608413233,0.08870707339430527,0.27467856576437155,0.3619357950769517
GOOGL,lightgbm,1,2020-12-04,-1,0,0.7768110437192828,0.12627035417207227,0.12627035417207227,0.6505406895472106
GOOGL,lightgbm,1,2020-12-07,-1,0,0.7077637768465044,0.24598147107665988,0.24598147107665988,0.46178230576984447
GOOGL,lightgbm,1,2020-12-08,-1,0,0.7426862959740834,0.24429221785915353,0.24429221785915353,0.49839407811492986
GOOGL,lightgbm,1,2020-12-09,0,0,0.5062697198475787,0.48993421841356877,0.48993421841356877,0.01633550143400997
GOOGL,lightgbm,1,2020-12-10,0,0,0.8605908467197032,0.1388027247051591,0.1388027247051591,0.7217881220145441
GOOGL,lightgbm,1,2020-12-11,-1,1,0.7623246830968161,0.7623246830968161,0.23736791833869791,0.5249567647581181
GOOGL,lightgbm,1,2020-12-14,0,-1,0.49485789538080444,0.4195852829323265,0.4195852829323265,0.07527261244847794
GOOGL,lightgbm,1,2020-12-15,-1,1,0.9897380796939989,0.9897380796939989,0.009637123035697246,0.9801009566583017
GOOGL,lightgbm,1,2020-12-16,0,1,0.9936604154271582,0.9936604154271582,0.0061369886808458635,0.9875234267463123
GOOGL,lightgbm,1,2020-12-17,0,1,0.9876571125186523,0.9876571125186523,0.012275452547730957,0.9753816599709213
GOOGL,lightgbm,1,2020-12-18,1,1,0.9274235326405093,0.9274235326405093,0.06816965064384227,0.859253881996667
GOOGL,lightgbm,1,2020-12-21,0,1,0.9934842673608874,0.9934842673608874,0.005525455698864786,0.9879588116620226
GOOGL,lightgbm,1,2020-12-22,0,1,0.7467882767198752,0.7467882767198752,0.2416182216304931,0.5051700550893822
GOOGL,lightgbm,1,2020-12-23,0,1,0.9452177746275339,0.9452177746275339,0.05457215913596433,0.8906456154915695
GOOGL,lightgbm,1,2020-12-24,0,1,0.9956588031757578,0.9956588031757578,0.0037467510612254826,0.9919120521145324
GOOGL,lightgbm,1,2020-12-28,0,0,0.6030473489698449,0.20454650049334938,0.20454650049334938,0.39850084847649553
GOOGL,lightgbm,1,2020-12-29,0,0,0.5423025312132389,0.44689711022659356,0.44689711022659356,0.09540542098664534
GOOGL,lightgbm,1,2020-12-30,1,0,0.8021191822952686,0.19346042025248747,0.19346042025248747,0.6086587620427811
GOOGL,lightgbm,1,2020-12-31,1,1,0.8969757341749112,0.8969757341749112,0.09794804236435037,0.7990276918105608
GOOGL,lightgbm,1,2021-01-04,0,1,0.8239700882756406,0.8239700882756406,0.16371854390959403,0.6602515443660465
GOOGL,lightgbm,1,2021-01-05,0,1,0.9923230846158091,0.9923230846158091,0.007521483485487009,0.9848016011303221
GOOGL,lightgbm,1,2021-01-06,0,1,0.6050087489066152,0.6050087489066152,0.33873368771614254,0.2662750611904726
GOOGL,lightgbm,1,2021-01-07,-1,0,0.6690549510683287,0.195934067678708,0.195934067678708,0.47312088338962066
GOOGL,lightgbm,1,2021-01-08,-1,-1,0.5731180309798132,0.006266305226972921,0.4206156637932139,0.15250236718659926
GOOGL,lightgbm,1,2021-01-11,0,1,0.6005770344964916,0.6005770344964916,0.32730638662213896,0.2732706478743526
GOOGL,lightgbm,1,2021-01-12,1,1,0.9053170016158184,0.9053170016158184,0.09037268341747809,0.8149443181983403
GOOGL,lightgbm,1,2021-01-13,1,1,0.7172792980237256,0.7172792980237256,0.2780626698381002,0.4392166281856254
GOOGL,lightgbm,1,2021-01-14,1,-1,0.4652399431093802,0.36743195678093715,0.36743195678093715,0.09780798632844306
GOOGL,lightgbm,1,2021-01-15,1,1,0.7227463584537236,0.7227463584537236,0.19724160180339642,0.5255047566503271
GOOGL,lightgbm,1,2021-01-19,1,0,0.9691768358677152,0.006243849611148628,0.024579314521136295,0.9445975213465789
GOOGL,lightgbm,1,2021-01-20,-1,-1,0.7236003867921902,0.0023458913672512317,0.27405372184055865,0.44954666495163154
GOOGL,lightgbm,1,2021-01-21,0,-1,0.9579095497689526,0.007139315871449571,0.03495113435959772,0.9229584154093549
GOOGL,lightgbm,1,2021-01-22,-1,-1,0.947934525023012,0.0026487313777195476,0.04941674359926838,0.8985177814237436
GOOGL,lightgbm,1,2021-01-25,0,-1,0.9490296148107533,0.005610528614912563,0.04535985657433397,0.9036697582364194
GOOGL,lightgbm,1,2021-01-26,0,-1,0.9658209509230185,0.0038415765672567158,0.03033747250972478,0.9354834784132937
GOOGL,lightgbm,1,2021-01-27,1,0,0.9504741183449383,0.046951398204523515,0.046951398204523515,0.9035227201404148
GOOGL,lightgbm,1,2021-01-28,1,0,0.9987637244951665,0.0008182492385493532,0.0008182492385493532,0.9979454752566171
GOOGL,lightgbm,1,2021-01-29,1,0,0.9185419714806409,0.013223341377195275,0.06823468714216384,0.850307284338477
GOOGL,lightgbm,1,2021-02-01,1,-1,0.7396830714670802,0.0007449074597454061,0.25957202107317445,0.4801110503939058
GOOGL,lightgbm,1,2021-02-02,1,-1,0.9969974758900743,8.219467565745764e-05,0.002920329434268364,0.9940771464558059
GOOGL,lightgbm,1,2021-02-03,0,-1,0.973205019796222,0.0005009816170145833,0.02629399858676351,0.9469110212094585
GOOGL,lightgbm,1,2021-02-04,0,-1,0.9732784909118953,6.876987771586375e-05,0.02665273921038881,0.9466257517015065
GOOGL,lightgbm,1,2021-02-05,0,-1,0.9853519771075686,4.63660615636967e-05,0.014601656830867744,0.9707503202767008
GOOGL,lightgbm,1,2021-02-08,0,-1,0.998161966366881,0.00011708790684397499,0.0017209457262751964,0.9964410206406058
GOOGL,lightgbm,1,2021-02-09,1,-1,0.994864875155866,0.000290099415117333,0.004845025429016845,0.9900198497268491
GOOGL,lightgbm,1,2021-02-10,0,-1,0.9971521115531389,0.0002641027197991719,0.0025837857270619388,0.9945683258260769
GOOGL,lightgbm,1,2021-02-11,0,-1,0.9913312030035613,0.0002789571912957639,0.00838983980514298,0.9829413631984183
GOOGL,lightgbm,1,2021-02-12,0,-1,0.9861856900443176,0.0004424980289142503,0.013371811926768099,0.9728138781175495
GOOGL,lightgbm,1,2021-02-16,-1,-1,0.9992129306486446,0.0001404269820494079,0.0006466423693060834,0.9985662882793385
GOOGL,lightgbm,1,2021-02-17,0,-1,0.9749068616054404,0.0006978550326805769,0.024395283361879225,0.9505115782435611
GOOGL,lightgbm,1,2021-02-18,-1,-1,0.9970403712675285,0.0019177836103621557,0.0019177836103621557,0.9951225876571664
GOOGL,lightgbm,1,2021-02-19,-1,-1,0.9798173394885591,0.012685619511210203,0.012685619511210203,0.9671317199773489
GOOGL,lightgbm,1,2021-02-22,0,1,0.4518078622627958,0.4518078622627958,0.3678254109522033,0.08398245131059251
GOOGL,lightgbm,1,2021-02-23,0,0,0.7264011549552436,0.2428373372260519,0.2428373372260519,0.48356381772919166
GOOGL,lightgbm,1,2021-02-24,-1,-1,0.5331296106652746,0.02384119201774936,0.4430291973169761,0.09010041334829855
GOOGL,lightgbm,1,2021-02-25,0,1,0.6006795564484854,0.6006795564484854,0.39483666721635047,0.2058428892321349
GOOGL,lightgbm,1,2021-02-26,1,1,0.7298990490468144,0.7298990490468144,0.2483485801542355,0.48155046889257885
GOOGL,lightgbm,1,2021-03-01,-1,0,0.7414109548609212,0.03601892769766931,0.2225701174414095,0.5188408374195117
GOOGL,lightgbm,1,2021-03-02,0,0,0.5140420240380273,0.21064612308071698,0.2753118528812558,0.23873017115677153
GOOGL,lightgbm,1,2021-03-03,0,0,0.9097203288185866,0.08937611526729557,0.08937611526729557,0.820344213551291
GOOGL,lightgbm,1,2021-03-04,1,1,0.5066556252523524,0.5066556252523524,0.4355033466952359,0.07115227855711653
GOOGL,lightgbm,1,2021-03-05,-1,0,0.8378706202539914,0.0585429932937956,0.10358638645221292,0.7342842338017784
GOOGL,lightgbm,1,2021-03-08,1,0,0.7482927560263468,0.2482431036068711,0.2482431036068711,0.5000496524194757
GOOGL,lightgbm,1,2021-03-09,1,1,0.7760427633421405,0.7760427633421405,0.21304252966788415,0.5630002336742563
GOOGL,lightgbm,1,2021-03-10,1,0,0.652332456720531,0.31510361224865685,0.31510361224865685,0.3372288444718741
GOOGL,lightgbm,1,2021-03-11,-1,0,0.7084592391370758,0.09268272168151752,0.1988580391814068,0.509601199955669
GOOGL,lightgbm,1,2021-03-12,0,0,0.8462492032409887,0.11754521091444334,0.11754521091444334,0.7287039923265454
GOOGL,lightgbm,1,2021-03-15,0,1,0.6643708135612487,0.6643708135612487,0.32571388717379113,0.3386569263874576
GOOGL,lightgbm,1,2021-03-16,-1,0,0.9003088262278932,0.09320056956399214,0.09320056956399214,0.8071082566639011
GOOGL,lightgbm,1,2021-03-17,-1,-1,0.6053834208888611,0.21439479768975145,0.21439479768975145,0.39098862319910965
GOOGL,lightgbm,1,2021-03-18,0,0,0.9824045008165176,0.012668012469745556,0.012668012469745556,0.9697364883467721
GOOGL,lightgbm,1,2021-03-19,0,1,0.8663364700545284,0.8663364700545284,0.13360061255705954,0.7327358574974688
GOOGL,lightgbm,1,2021-03-22,0,1,0.9588553180534565,0.9588553180534565,0.041093553393676124,0.9177617646597803
GOOGL,lightgbm,1,2021-03-23,0,1,0.9480852173475145,0.9480852173475145,0.05188091218969056,0.8962043051578239
GOOGL,lightgbm,1,2021-03-24,0,1,0.8919891354429442,0.8919891354429442,0.10790521156125417,0.78408392388169
GOOGL,lightgbm,1,2021-03-25,1,1,0.9929164268856305,0.9929164268856305,0.00601463221202993,0.9869017946736006
GOOGL,lightgbm,1,2021-03-26,1,1,0.9261772905291671,0.9261772905291671,0.07122869901291601,0.8549485915162511
GOOGL,lightgbm,1,2021-03-29,1,1,0.9755035383418195,0.9755035383418195,0.02367619482563301,0.9518273435161865
GOOGL,lightgbm,1,2021-03-30,1,1,0.980904314885867,0.980904314885867,0.019015859724095942,0.9618884551617711
GOOGL,lightgbm,1,2021-03-31,1,0,0.6480312763270464,0.3432101086942544,0.3432101086942544,0.304821167632792
GOOGL,lightgbm,1,2021-04-01,1,0,0.6087050464389147,0.0024888500266025747,0.3888061035344828,0.21989894290443185
GOOGL,lightgbm,1,2021-04-05,0,-1,0.6500537003572708,0.02200214279503255,0.32794415684769657,0.32210954350957427
GOOGL,lightgbm,1,2021-04-06,1,-1,0.9853266577981618,0.004385949914274976,0.01028739228756327,0.9750392655105985
GOOGL,lightgbm,1,2021-04-07,0,-1,0.9670365218868857,0.0005918884020193132,0.03237158971109518,0.9346649321757905
GOOGL,lightgbm,1,2021-04-08,0,-1,0.9897173025206984,0.0008252680774500804,0.00945742940185145,0.980259873118847
GOOGL,lightgbm,1,2021-04-09,0,-1,0.9980183757645485,0.0005090337874982193,0.0014725904479532057,0.9965457853165953
GOOGL,lightgbm,1,2021-04-12,1,-1,0.8084490163898221,0.009324875451245933,0.18222610815893187,0.6262229082308903
GOOGL,lightgbm,1,2021-04-13,0,-1,0.9015021227836176,0.012721554997119336,0.08577632221926297,0.8157258005643546
GOOGL,lightgbm,1,2021-04-14,0,-1,0.893605452098281,0.08384888712882525,0.08384888712882525,0.8097565649694558
GOOGL,lightgbm,1,2021-04-15,0,-1,0.9933917237818831,0.0002260070832011805,0.006382269134915899,0.9870094546469672
GOOGL,lightgbm,1,2021-04-16,0,-1,0.9807156755365666,0.0013901590029692249,0.01789416546046422,0.9628215100761024
GOOGL,lightgbm,1,2021-04-19,0,-1,0.9973828135612371,0.0019148853848112845,0.0019148853848112845,0.9954679281764258
GOOGL,lightgbm,1,2021-04-20,0,-1,0.9921843861078152,0.001397002093692658,0.006418611798492077,0.9857657743093231
GOOGL,lightgbm,2,2021-04-21,1,-1,0.7409127404774215,0.020820442215393305,0.23826681730718519,0.5026459231702363
GOOGL,lightgbm,2,2021-04-22,1,0,0.9146561995989247,0.04967974233048142,0.04967974233048142,0.8649764572684433
GOOGL,lightgbm,2,2021-04-23,1,0,0.7181697548719154,0.23109282877218235,0.23109282877218235,0.487076926099733
GOOGL,lightgbm,2,2021-04-26,0,-1,0.5044664351147167,0.13097461681971467,0.36455894806556866,0.13990748704914802
GOOGL,lightgbm,2,2021-04-27,0,0,0.4946102792701426,0.13903350630634392,0.36635621442351346,0.12825406484662916
GOOGL,lightgbm,2,2021-04-28,0,-1,0.9948424983115896,0.00023950151222715046,0.004918000176183135,0.9899244981354064
GOOGL,lightgbm,2,2021-04-29,-1,-1,0.9681266977966653,0.0036891219873929734,0.028184180215941802,0.9399425175807234
GOOGL,lightgbm,2,2021-04-30,0,0,0.7509822595021505,0.04299645815951062,0.20602128233833883,0.5449609771638116
GOOGL,lightgbm,2,2021-05-03,-1,0,0.8836254279524558,0.060631170703016886,0.060631170703016886,0.8229942572494389
GOOGL,lightgbm,2,2021-05-04,0,0,0.5578880820975685,0.37580982115377326,0.37580982115377326,0.1820782609437952
GOOGL,lightgbm,2,2021-05-05,-1,0,0.896097252988243,0.09642139387107462,0.09642139387107462,0.7996758591171684
GOOGL,lightgbm,2,2021-05-06,-1,1,0.6688073318865705,0.6688073318865705,0.182605665956163,0.4862016659304075
GOOGL,lightgbm,2,2021-05-07,-1,0,0.73330505021007,0.21804164138942714,0.21804164138942714,0.5152634088206428
GOOGL,lightgbm,2,2021-05-10,0,0,0.9002711017601728,0.03792895141672831,0.0617999468230991,0.8384711549370737
GOOGL,lightgbm,2,2021-05-11,0,0,0.5539523922694891,0.4416147525705233,0.4416147525705233,0.11233763969896582
GOOGL,lightgbm,2,2021-05-12,1,0,0.9470024161911178,0.0008468381784169477,0.05215074563046536,0.8948516705606524
GOOGL,lightgbm,2,2021-05-13,1,0,0.6526593411894677,0.005019261606885981,0.34232139720364624,0.31033794398582143
GOOGL,lightgbm,2,2021-05-14,0,1,0.9765924730550261,0.9765924730550261,0.01574942502271982,0.9608430480323062
GOOGL,lightgbm,2,2021-05-17,1,1,0.9492003545788459,0.9492003545788459,0.03776851601058619,0.9114318385682597
GOOGL,lightgbm,2,2021-05-18,1,0,0.7939949113706893,0.20368065045147282,0.20368065045147282,0.5903142609192165
GOOGL,lightgbm,2,2021-05-19,1,1,0.9771301147903381,0.9771301147903381,0.011585666859829123,0.965544447930509
GOOGL,lightgbm,2,2021-05-20,1,1,0.8687510274877339,0.8687510274877339,0.11594525398563402,0.7528057735020999
GOOGL,lightgbm,2,2021-05-21,1,1,0.5948222251720104,0.5948222251720104,0.4042179116623072,0.19060431350970325
GOOGL,lightgbm,2,2021-05-24,0,1,0.913267441221105,0.913267441221105,0.048982865361601874,0.8642845758595031
GOOGL,lightgbm,2,2021-05-25,0,0,0.5898149177951685,0.40702719092521294,0.40702719092521294,0.18278772686995554
GOOGL,lightgbm,2,2021-05-26,0,1,0.9455662177005653,0.9455662177005653,0.02725274066434219,0.9183134770362231
GOOGL,lightgbm,2,2021-05-27,0,0,0.46115334994056867,0.23821594083712438,0.300630709222307,0.16052264071826167
GOOGL,lightgbm,2,2021-05-28,0,1,0.8259207599879986,0.8259207599879986,0.11387975140908174,0.7120410085789168
GOOGL,lightgbm,2,2021-06-01,0,1,0.9252456756809727,0.9252456756809727,0.05575140879274055,0.8694942668882322
GOOGL,lightgbm,2,2021-06-02,0,1,0.6590968265288648,0.6590968265288648,0.3114634181555223,0.3476334083733425
GOOGL,lightgbm,2,2021-06-03,1,1,0.9103143895236807,0.9103143895236807,0.0772045656440252,0.8331098238796555
GOOGL,lightgbm,2,2021-06-04,0,1,0.945657581482055,0.945657581482055,0.051058452450437844,0.8945991290316172
GOOGL,lightgbm,2,2021-06-07,0,1,0.48877657827410476,0.48877657827410476,0.3152688289319427,0.17350774934216207
GOOGL,lightgbm,2,2021-06-08,0,-1,0.5047372662294063,0.003278536209592289,0.4919841975610013,0.012753068668404977
GOOGL,lightgbm,2,2021-06-09,0,-1,0.8201927702535396,0.007481555765811292,0.17232567398064913,0.6478670962728905
GOOGL,lightgbm,2,2021-06-10,0,0,0.9691197892745335,0.00034202604504787195,0.03053818468041891,0.9385816045941145
GOOGL,lightgbm,2,2021-06-11,0,-1,0.529440070000369,6.807049867917879e-05,0.47049185950095185,0.05894821049941712
GOOGL,lightgbm,2,2021-06-14,0,0,0.769585936259786,3.7122898241951e-05,0.23037694084197202,0.539208995417814
GOOGL,lightgbm,2,2021-06-15,0,-1,0.934546972684982,0.0017341150551132734,0.06371891225990478,0.8708280604250772
GOOGL,lightgbm,2,2021-06-16,0,-1,0.9173648103875711,0.019091348640940666,0.06354384097148817,0.853820969416083
GOOGL,lightgbm,2,2021-06-17,0,-1,0.9815482600468987,0.0008603937048287653,0.017591346248272667,0.963956913798626
GOOGL,lightgbm,2,2021-06-18,0,-1,0.9577214934770747,0.006602826889300435,0.03567567963362503,0.9220458138434496
GOOGL,lightgbm,2,2021-06-21,0,-1,0.9929439578636651,0.0009135941016938904,0.006142448034641039,0.986801509829024
GOOGL,lightgbm,2,2021-06-22,0,-1,0.9897672927989493,0.00016470048919833198,0.010068006711852501,0.9796992860870968
GOOGL,lightgbm,2,2021-06-23,0,-1,0.8999011233564171,0.0063486061356708146,0.09375027050791196,0.8061508528485052
GOOGL,lightgbm,2,2021-06-24,0,0,0.612266082882516,0.01182583677832418,0.3759080803391598,0.23635800254335626
GOOGL,lightgbm,2,2021-06-25,1,0,0.7891396361656915,0.011842850381554424,0.19901751345275412,0.5901221227129374
GOOGL,lightgbm,2,2021-06-28,1,0,0.4918621807283894,0.01987057082588764,0.488267248445723,0.0035949322826663854
GOOGL,lightgbm,2,2021-06-29,1,0,0.7277913426828325,0.03851198025234095,0.23369667706482658,0.49409466561800597
GOOGL,lightgbm,2,2021-06-30,1,0,0.7696744885238855,0.12500027790925933,0.12500027790925933,0.6446742106146262
GOOGL,lightgbm,2,2021-07-01,1,0,0.5987115752563904,0.10101174355736649,0.300276681186243,0.2984348940701474
GOOGL,lightgbm,2,2021-07-02,0,0,0.8590658076364487,0.03310129850823358,0.10783289385531773,0.751232913781131
GOOGL,lightgbm,2,2021-07-06,0,-1,0.7766648907572008,0.21235804543316317,0.21235804543316317,0.5643068453240376
GOOGL,lightgbm,2,2021-07-07,0,-1,0.9595747991831989,0.021875075293992748,0.021875075293992748,0.9376997238892061
GOOGL,lightgbm,2,2021-07-08,0,1,0.586683585650897,0.586683585650897,0.3032864632757014,0.28339712237519554
GOOGL,lightgbm,2,2021-07-09,0,-1,0.6041564544888886,0.10888718971069922,0.2869563558004122,0.3172000986884764
GOOGL,lightgbm,2,2021-07-12,0,0,0.7559805841453852,0.015457040850779227,0.2285623750038356,0.5274182091415496
GOOGL,lightgbm,2,2021-07-13,0,-1,0.9923446741011123,0.0032659467765426735,0.004389379122345171,0.9879552949787671
GOOGL,lightgbm,2,2021-07-14,0,-1,0.9867584997322956,0.0007885000765481047,0.012453000191156395,0.9743054995411392
GOOGL,lightgbm,2,2021-07-15,0,0,0.6744392178919453,0.12814699216629413,0.19741378994176062,0.47702542795018466
GOOGL,lightgbm,2,2021-07-16,1,0,0.5885728458852952,0.16381690793494855,0.24761024617975627,0.340962599705539
GOOGL,lightgbm,2,2021-07-19,1,0,0.962506893552463,0.03247279217538591,0.03247279217538591,0.9300341013770771
GOOGL,lightgbm,2,2021-07-20,1,1,0.6020570820895121,0.6020570820895121,0.2980950205715018,0.30396206151801036
GOOGL,lightgbm,2,2021-07-21,1,0,0.944169884784416,0.03844670851918473,0.03844670851918473,0.9057231762652312
GOOGL,lightgbm,2,2021-07-22,1,0,0.6183930595235605,0.20292292422724756,0.20292292422724756,0.41547013529631294
GOOGL,lightgbm,2,2021-07-23,0,-1,0.9857396374731358,0.008927458087608094,0.008927458087608094,0.9768121793855277
GOOGL,lightgbm,2,2021-07-26,0,-1,0.8148393526581535,0.0016989041402660735,0.18346174320158035,0.6313776094565732
GOOGL,lightgbm,2,2021-07-27,1,0,0.8002108293967595,0.01052088088121565,0.18926828972202503,0.6109425396747344
GOOGL,lightgbm,2,2021-07-28,0,-1,0.9903275797768635,6.560789551214957e-05,0.009606812327624397,0.9807207674492391
GOOGL,lightgbm,2,2021-07-29,0,0,0.4996059153536844,0.08650453843972654,0.41388954620658897,0.08571636914709546
GOOGL,lightgbm,2,2021-07-30,0,-1,0.7956871929168758,0.05163114725447419,0.15268165982865006,0.6430055330882258
GOOGL,lightgbm,2,2021-08-02,0,-1,0.8437758766938429,0.04761286827646462,0.10861125502969242,0.7351646216641505
GOOGL,lightgbm,2,2021-08-03,0,-1,0.6298053368876428,0.06067608773811381,0.30951857537424343,0.3202867615133994
GOOGL,lightgbm,2,2021-08-04,0,0,0.49388277643370104,0.293115599648628,0.293115599648628,0.20076717678507305
GOOGL,lightgbm,2,2021-08-05,0,0,0.6503140203364002,0.07876094130206625,0.27092503836153364,0.37938898197486653
GOOGL,lightgbm,2,2021-08-06,0,0,0.501384624015402,0.048102399842769206,0.45051297614182884,0.05087164787357312
GOOGL,lightgbm,2,2021-08-09,0,1,0.46551261822429063,0.46551261822429063,0.39437184247379564,0.07114077575049499
GOOGL,lightgbm,2,2021-08-10,0,0,0.605287784546377,0.0160311273964264,0.3786810880571966,0.22660669648918041
GOOGL,lightgbm,2,2021-08-11,0,-1,0.6693021570794424,0.000162941441173759,0.3305349014793838,0.3387672556000586
GOOGL,lightgbm,2,2021-08-12,0,-1,0.687233098835944,0.00015450191756040133,0.3126123992464958,0.37462069958944816
GOOGL,lightgbm,2,2021-08-13,0,-1,0.8450221261455698,0.0001392988039440346,0.1548385750504863,0.6901835510950836
GOOGL,lightgbm,2,2021-08-16,0,-1,0.9942936765689258,5.2794892727212964e-05,0.0056535285383469336,0.9886401480305789
GOOGL,lightgbm,2,2021-08-17,1,-1,0.9885256430071594,0.0022425351937631352,0.00923182179907756,0.9792938212080818
GOOGL,lightgbm,2,2021-08-18,1,0,0.6027435528692829,0.16086600989133973,0.2363904372393774,0.3663531156299056
GOOGL,lightgbm,2,2021-08-19,1,0,0.8245901723709326,0.029828260749741212,0.14558156687932633,0.6790086054916062
GOOGL,lightgbm,2,2021-08-20,1,-1,0.8381754285295449,0.020295020462249975,0.14152955100820513,0.6966458775213398
GOOGL,lightgbm,2,2021-08-23,1,-1,0.7963812857569861,0.05366219847768234,0.14995651576533164,0.6464247699916544
GOOGL,lightgbm,2,2021-08-24,1,-1,0.783509280051941,0.046232653337965925,0.17025806661009307,0.613251213441848
GOOGL,lightgbm,2,2021-08-25,1,-1,0.5764200841918479,0.07695223280624451,0.3466276830019076,0.22979240118994027
GOOGL,lightgbm,2,2021-08-26,0,0,0.43481729303551153,0.16315693504684273,0.4020257719176457,0.03279152111786582
GOOGL,lightgbm,2,2021-08-27,0,-1,0.8501228254562433,0.0720961636146795,0.0777810109290773,0.772341814527166
GOOGL,lightgbm,2,2021-08-30,0,-1,0.975067341453388,0.017316317301621604,0.017316317301621604,0.9577510241517664
GOOGL,lightgbm,2,2021-08-31,0,-1,0.978556833118519,0.004375483671751713,0.017067683209729147,0.9614891499087899
GOOGL,lightgbm,2,2021-09-01,0,-1,0.9842553341492735,0.00024507299351630193,0.0154995928572102,0.9687557412920632
GOOGL,lightgbm,2,2021-09-02,0,-1,0.6906048488482243,0.01571393922306083,0.293681211928715,0.39692363691950927
GOOGL,lightgbm,2,2021-09-03,0,-1,0.811759353808418,0.02238354359128201,0.16585710260029987,0.6459022512081182
GOOGL,lightgbm,2,2021-09-07,0,-1,0.986349968690436,0.0027746264530539486,0.010875404856509807,0.9754745638339262
GOOGL,lightgbm,2,2021-09-08,0,-1,0.8272726214827573,0.00031787495510696156,0.1724095035621359,0.6548631179206214
GOOGL,lightgbm,2,2021-09-09,0,-1,0.8694569413085163,0.0027514996995500764,0.12779155899193362,0.7416653823165826
GOOGL,lightgbm,2,2021-09-10,0,0,0.6734286094537173,0.28520562327069854,0.28520562327069854,0.38822298618301876
GOOGL,lightgbm,2,2021-09-13,-1,-1,0.8456316654601765,0.04150276818407227,0.11286556635575122,0.7327660991044254
GOOGL,lightgbm,2,2021-09-14,-1,-1,0.9085812866265146,0.05447927596536927,0.05447927596536927,0.8541020106611453
GOOGL,lightgbm,2,2021-09-15,-1,0,0.6960276200216858,0.03758319459115259,0.26638918538716155,0.4296384346345243
GOOGL,lightgbm,2,2021-09-16,0,-1,0.6465797178719622,0.07194300219279016,0.2814772799352477,0.36510243793671454
GOOGL,lightgbm,2,2021-09-17,0,1,0.9009107637349274,0.9009107637349274,0.06749931500469547,0.833411448730232
GOOGL,lightgbm,2,2021-09-20,0,1,0.9386658746752269,0.9386658746752269,0.03921196674481988,0.899453907930407
GOOGL,lightgbm,2,2021-09-21,-1,1,0.5013668679913417,0.5013668679913417,0.3288458503040061,0.17252101768733558
GOOGL,lightgbm,2,2021-09-22,-1,1,0.9944260782392838,0.9944260782392838,0.005387963944798229,0.9890381142944855
GOOGL,lightgbm,2,2021-09-23,-1,1,0.8537967062676068,0.8537967062676068,0.12004395876022338,0.7337527475073835
GOOGL,lightgbm,2,2021-09-24,-1,1,0.9091758821168504,0.9091758821168504,0.04720507783538517,0.8619708042814652
GOOGL,lightgbm,2,2021-09-27,-1,1,0.9512539938130248,0.9512539938130248,0.047574081954105236,0.9036799118589195
GOOGL,lightgbm,2,2021-09-28,0,1,0.5654955477859185,0.5654955477859185,0.3140672897317232,0.2514282580541953
GOOGL,lightgbm,2,2021-09-29,1,0,0.9992998818548976,0.0003033912319769069,0.00039672691312552086,0.9989031549417721
GOOGL,lightgbm,2,2021-09-30,1,0,0.8710370797653334,0.0029238588119311596,0.12603906142273535,0.744998018342598
GOOGL,lightgbm,2,2021-10-01,1,0,0.537062778414323,0.32684278146944684,0.32684278146944684,0.2102199969448762
GOOGL,lightgbm,2,2021-10-04,1,0,0.9206762630933075,0.005973386505384571,0.07335035040130787,0.8473259126919996
GOOGL,lightgbm,2,2021-10-05,0,0,0.7346663803775063,0.011396809496983061,0.25393681012551056,0.48072957025199575
GOOGL,lightgbm,2,2021-10-06,0,1,0.8597639351089789,0.8597639351089789,0.072069690011136,0.7876942450978428
GOOGL,lightgbm,2,2021-10-07,0,1,0.9063351764558956,0.9063351764558956,0.07061961779443801,0.8357155586614575
GOOGL,lightgbm,2,2021-10-08,0,1,0.9042517771684456,0.9042517771684456,0.06648296207502101,0.8377688150934246
GOOGL,lightgbm,2,2021-10-11,1,1,0.7308382647227366,0.7308382647227366,0.24804120215880615,0.48279706256393046
GOOGL,lightgbm,2,2021-10-12,1,1,0.7312245120329182,0.7312245120329182,0.22696105015874418,0.5042634618741739
GOOGL,lightgbm,2,2021-10-13,1,1,0.8879718363323972,0.8879718363323972,0.08143642106340578,0.8065354152689914
GOOGL,lightgbm,2,2021-10-14,0,-1,0.7364182030402647,0.22320216217942832,0.22320216217942832,0.5132160408608364
GOOGL,lightgbm,2,2021-10-15,-1,1,0.9514377545673555,0.9514377545673555,0.04209276967118052,0.909344984896175
GOOGL,lightgbm,2,2021-10-18,-1,1,0.8472737778411178,0.8472737778411178,0.13794594710549338,0.7093278307356244
GOOGL,lightgbm,2,2021-10-19,-1,1,0.7919395101630882,0.7919395101630882,0.19858831606279034,0.5933511941002978
GOOGL,lightgbm,2,2021-10-20,1,1,0.46274051273169176,0.46274051273169176,0.3430155682667004,0.11972494446499138
GOOGL,lightgbm,2,2021-10-21,1,1,0.9673091874800808,0.9673091874800808,0.01908387695587727,0.9482253105242034
GOOGL,lightgbm,2,2021-10-22,1,1,0.808559064277971,0.808559064277971,0.1857952141521428,0.6227638501258281
GOOGL,lightgbm,2,2021-10-25,1,1,0.8885486025889116,0.8885486025889116,0.11047125526877555,0.778077347320136
GOOGL,lightgbm,2,2021-10-26,1,1,0.9417907350862836,0.9417907350862836,0.035428921638444806,0.9063618134478388
GOOGL,lightgbm,2,2021-10-27,0,-1,0.43935856667087564,0.42643651924023485,0.42643651924023485,0.012922047430640793
GOOGL,lightgbm,2,2021-10-28,0,1,0.7573002719449303,0.7573002719449303,0.2400427216122455,0.5172575503326848
GOOGL,lightgbm,2,2021-10-29,0,0,0.5021601395782173,0.48355420971392654,0.48355420971392654,0.018605929864290716
GOOGL,lightgbm,2,2021-11-01,1,1,0.7652421832671833,0.7652421832671833,0.23351884867267586,0.5317233345945074
GOOGL,lightgbm,2,2021-11-02,1,0,0.7350083428788815,0.2638604494407389,0.2638604494407389,0.4711478934381426
GOOGL,lightgbm,2,2021-11-03,0,0,0.8111296720456814,0.18230178279277,0.18230178279277,0.6288278892529114
GOOGL,lightgbm,2,2021-11-04,0,1,0.5242773481257309,0.5242773481257309,0.4533360237187736,0.07094132440695733
GOOGL,lightgbm,2,2021-11-05,0,0,0.8432853172004569,0.15296454103427204,0.15296454103427204,0.6903207761661848
GOOGL,lightgbm,2,2021-11-08,0,0,0.9738817398608017,0.025541747923459025,0.025541747923459025,0.9483399919373428
GOOGL,lightgbm,2,2021-11-09,0,0,0.9947976647429988,0.0049247949231983855,0.0049247949231983855,0.9898728698198004
GOOGL,lightgbm,2,2021-11-10,0,0,0.9375252274018268,0.060760543797107804,0.060760543797107804,0.8767646836047189
GOOGL,lightgbm,2,2021-11-11,1,0,0.8012968650763017,0.19104995427957838,0.19104995427957838,0.6102469107967233
GOOGL,lightgbm,2,2021-11-12,0,1,0.6198212828768012,0.6198212828768012,0.3717353443887037,0.24808593848809746
GOOGL,lightgbm,2,2021-11-15,0,0,0.5412424878174719,0.4475428184798258,0.4475428184798258,0.09369966933764606
GOOGL,lightgbm,2,2021-11-16,0,0,0.7127263793844122,0.25924525042275526,0.25924525042275526,0.45348112896165693
GOOGL,lightgbm,2,2021-11-17,0,1,0.9648822167586069,0.9648822167586069,0.025132111682100132,0.9397501050765067
GOOGL,lightgbm,2,2021-11-18,-1,0,0.9808502002442423,0.01680527227247933,0.01680527227247933,0.964044927971763
GOOGL,lightgbm,2,2021-11-19,-1,1,0.874962805456118,0.874962805456118,0.08327416081753328,0.7916886446385848
GOOGL,lightgbm,2,2021-11-22,-1,1,0.5181437662156784,0.5181437662156784,0.4792322550377532,0.038911511177925184
GOOGL,lightgbm,2,2021-11-23,-1,0,0.8612262289907501,0.13849026985731475,0.13849026985731475,0.7227359591334354
GOOGL,lightgbm,2,2021-11-24,-1,0,0.9341319446193451,0.0648607862888303,0.0648607862888303,0.8692711583305148
GOOGL,lightgbm,2,2021-11-26,0,0,0.9433977870173093,0.02922474204579067,0.02922474204579067,0.9141730449715186
GOOGL,lightgbm,2,2021-11-29,0,1,0.6171843470565507,0.6171843470565507,0.37807871791581754,0.23910562914073313
GOOGL,lightgbm,2,2021-11-30,1,1,0.5359253036137808,0.5359253036137808,0.33495023817885716,0.2009750654349236
GOOGL,lightgbm,2,2021-12-01,1,-1,0.5594432887841186,0.19473266377240506,0.24582404744347625,0.3136192413406424
GOOGL,lightgbm,2,2021-12-02,1,1,0.8158868616740367,0.8158868616740367,0.15843689476128553,0.6574499669127511
GOOGL,lightgbm,2,2021-12-03,1,1,0.7497181759490017,0.7497181759490017,0.2100043154559055,0.5397138604930962
GOOGL,lightgbm,2,2021-12-06,0,1,0.7778948367242473,0.7778948367242473,0.20615932311802102,0.5717355136062263
GOOGL,lightgbm,2,2021-12-07,-1,0,0.7312977039437087,0.0938749716485708,0.1748273244077203,0.5564703795359884
GOOGL,lightgbm,2,2021-12-08,0,1,0.5053991911381228,0.5053991911381228,0.45989995091540403,0.045499240222718784
GOOGL,lightgbm,2,2021-12-09,-1,0,0.5945951259432598,0.3962407794889634,0.3962407794889634,0.1983543464542964
GOOGL,lightgbm,2,2021-12-10,-1,1,0.8465207348286795,0.8465207348286795,0.12299349605582778,0.7235272387728517
GOOGL,lightgbm,2,2021-12-13,-1,1,0.8731284917106394,0.8731284917106394,0.12446720540160493,0.7486612863090345
GOOGL,lightgbm,2,2021-12-14,0,0,0.9252399230402604,0.04571712523537009,0.04571712523537009,0.8795227978048903
GOOGL,lightgbm,2,2021-12-15,0,1,0.9993170459478694,0.9993170459478694,0.0005283707959650345,0.9987886751519044
GOOGL,lightgbm,2,2021-12-16,0,1,0.9806508233461235,0.9806508233461235,0.016250882507937194,0.9643999408381864
GOOGL,lightgbm,2,2021-12-17,1,0,0.989073842261167,0.004072720540555641,0.006853437198277317,0.9822204050628897
GOOGL,lightgbm,2,2021-12-20,1,0,0.7817485750499612,0.1242214128065903,0.1242214128065903,0.6575271622433709
GOOGL,lightgbm,2,2021-12-21,1,1,0.9984131067295421,0.9984131067295421,0.0012865609449093601,0.9971265457846328
GOOGL,lightgbm,2,2021-12-22,0,1,0.9839511263915457,0.9839511263915457,0.011554868528724338,0.9723962578628214
GOOGL,lightgbm,2,2021-12-23,0,1,0.9600242503936437,0.9600242503936437,0.03916490215187554,0.9208593482417682
GOOGL,lightgbm,2,2021-12-27,0,1,0.7726223084227406,0.7726223084227406,0.2166000073318413,0.5560223010908993
GOOGL,lightgbm,2,2021-12-28,0,1,0.5033067805634109,0.5033067805634109,0.2794506335284464,0.22385614703496454
GOOGL,lightgbm,2,2021-12-29,-1,1,0.9860575171303789,0.9860575171303789,0.011021546005694592,0.9750359711246843
GOOGL,lightgbm,2,2021-12-30,-1,1,0.9807394854524709,0.9807394854524709,0.01547794667353291,0.965261538778938
GOOGL,lightgbm,2,2021-12-31,-1,1,0.6790402695719719,0.6790402695719719,0.30293077279727243,0.3761094967746995
GOOGL,lightgbm,2,2022-01-03,-1,1,0.6415520358094089,0.6415520358094089,0.30669137889458653,0.33486065691482236
GOOGL,lightgbm,2,2022-01-04,-1,1,0.8808607361097703,0.8808607361097703,0.11198778693757155,0.7688729491721988
GOOGL,lightgbm,2,2022-01-05,1,1,0.8946730439722144,0.8946730439722144,0.10522505227555917,0.7894479916966552
GOOGL,lightgbm,2,2022-01-06,0,0,0.8862319982792499,0.11317936501425153,0.11317936501425153,0.7730526332649984
GOOGL,lightgbm,2,2022-01-07,0,0,0.9880293927891816,0.011509745730476048,0.011509745730476048,0.9765196470587055
GOOGL,lightgbm,2,2022-01-10,0,0,0.9960070433112724,0.003195766962667169,0.003195766962667169,0.9928112763486052
GOOGL,lightgbm,2,2022-01-11,-1,0,0.8615422580218682,0.11128807925952726,0.11128807925952726,0.750254178762341
GOOGL,lightgbm,2,2022-01-12,-1,0,0.5328736234802004,0.46474075797919057,0.46474075797919057,0.06813286550100983
GOOGL,lightgbm,2,2022-01-13,-1,0,0.8905000487250033,0.09890943453285775,0.09890943453285775,0.7915906141921456
GOOGL,lightgbm,2,2022-01-14,-1,1,0.7711465996072817,0.7711465996072817,0.2253077156352553,0.5458388839720264
GOOGL,lightgbm,2,2022-01-18,-1,0,0.9571132789254435,0.03634708293869069,0.03634708293869069,0.9207661959867528
GOOGL,lightgbm,2,2022-01-19,-1,0,0.8699283639244445,0.1200642476672537,0.1200642476672537,0.7498641162571908
GOOGL,lightgbm,2,2022-01-20,-1,0,0.5557296685014669,0.4394942525482216,0.4394942525482216,0.11623541595324527
GOOGL,lightgbm,2,2022-01-21,1,1,0.9496107400140361,0.9496107400140361,0.05003297698446143,0.8995777630295747
GOOGL,lightgbm,2,2022-01-24,1,0,0.8989604687480892,0.10019248573369278,0.10019248573369278,0.7987679830143964
GOOGL,lightgbm,2,2022-01-25,1,1,0.5920567687316428,0.5920567687316428,0.40683143840104186,0.18522533033060096
GOOGL,lightgbm,2,2022-01-26,1,0,0.6106072600180078,0.38222195674072884,0.38222195674072884,0.22838530327727896
GOOGL,lightgbm,2,2022-01-27,1,1,0.5408369332755235,0.5408369332755235,0.4376822895722659,0.10315464370325761
GOOGL,lightgbm,2,2022-01-28,1,0,0.7941290869384168,0.1805696877866875,0.1805696877866875,0.6135593991517293
GOOGL,lightgbm,2,2022-01-31,1,1,0.5026963612988232,0.5026963612988232,0.46258211447984277,0.04011424681898046
GOOGL,lightgbm,2,2022-02-01,0,1,0.41497178748658553,0.41497178748658553,0.41159356672336644,0.0033782207632190864
GOOGL,lightgbm,2,2022-02-02,-1,0,0.9685798572538628,0.015811843063741202,0.015811843063741202,0.9527680141901216
GOOGL,lightgbm,2,2022-02-03,-1,1,0.5976581198144355,0.5976581198144355,0.3982218457262104,0.19943627408822512
GOOGL,lightgbm,2,2022-02-04,-1,0,0.7632639668630128,0.2353982257025092,0.2353982257025092,0.5278657411605036
GOOGL,lightgbm,2,2022-02-07,-1,1,0.9208665605573337,0.9208665605573337,0.07428793162426038,0.8465786289330733
GOOGL,lightgbm,2,2022-02-08,-1,1,0.8835875791318413,0.8835875791318413,0.11422385698767316,0.7693637221441681
GOOGL,lightgbm,2,2022-02-09,-1,1,0.978505937116816,0.978505937116816,0.020906650864406844,0.9575992862524092
GOOGL,lightgbm,2,2022-02-10,-1,1,0.824120528310173,0.824120528310173,0.12181591542421756,0.7023046128859555
GOOGL,lightgbm,2,2022-02-11,-1,1,0.9747337371909581,0.9747337371909581,0.02241952806414815,0.95231420912681
GOOGL,lightgbm,2,2022-02-14,-1,1,0.8559663377462422,0.8559663377462422,0.12049224364661541,0.7354740940996268
GOOGL,lightgbm,2,2022-02-15,-1,1,0.7978293890378452,0.7978293890378452,0.1601365614445835,0.6376928275932616
GOOGL,lightgbm,2,2022-02-16,-1,1,0.45853644880329264,0.45853644880329264,0.3709235504593071,0.08761289834398556
GOOGL,lightgbm,2,2022-02-17,0,0,0.4824377404649305,0.4597766956266508,0.4597766956266508,0.022661044838279687
GOOGL,lightgbm,2,2022-02-18,1,0,0.4355290503016161,0.303712774976015,0.303712774976015,0.13181627532560108
GOOGL,lightgbm,2,2022-02-22,1,0,0.5090198691469909,0.43056844722468396,0.43056844722468396,0.07845142192230697
GOOGL,lightgbm,2,2022-02-23,1,1,0.8961451780350965,0.8961451780350965,0.054761627549034166,0.8413835504860624
GOOGL,lightgbm,2,2022-02-24,0,-1,0.44555587952652004,0.2409093122227805,0.31353480825069957,0.13202107127582047
GOOGL,lightgbm,2,2022-02-25,0,1,0.9930320537484226,0.9930320537484226,0.0054084966935676465,0.9876235570548549
GOOGL,lightgbm,2,2022-02-28,-1,1,0.9245169151204586,0.9245169151204586,0.0425671089832373,0.8819498061372213
GOOGL,lightgbm,2,2022-03-01,-1,1,0.9780307330718508,0.9780307330718508,0.016586286659776822,0.961444446412074
GOOGL,lightgbm,2,2022-03-02,0,1,0.636776977361035,0.636776977361035,0.3591277475104598,0.2776492298505752
GOOGL,lightgbm,2,2022-03-03,0,1,0.7774193911031902,0.7774193911031902,0.21999377111452742,0.5574256199886628
GOOGL,lightgbm,2,2022-03-04,0,1,0.6742061999867726,0.6742061999867726,0.323911513988646,0.3502946859981266
GOOGL,lightgbm,2,2022-03-07,0,1,0.6046472261687457,0.6046472261687457,0.3952443226332457,0.20940290353549995
GOOGL,lightgbm,2,2022-03-08,0,0,0.8093838782448789,0.1778341053139119,0.1778341053139119,0.631549772930967
GOOGL,lightgbm,2,2022-03-09,0,1,0.9691183328945848,0.9691183328945848,0.018069239237813874,0.9510490936567709
GOOGL,lightgbm,2,2022-03-10,0,1,0.5045101197512148,0.5045101197512148,0.483546659021485,0.02096346072972982
GOOGL,lightgbm,2,2022-03-11,1,1,0.8091529216828101,0.8091529216828101,0.1884097277572942,0.6207431939255159
GOOGL,lightgbm,2,2022-03-14,1,0,0.8994187531794439,0.08642836119221747,0.08642836119221747,0.8129903919872263
GOOGL,lightgbm,2,2022-03-15,1,1,0.9898359929588958,0.9898359929588958,0.0071404165378966275,0.9826955764209991
GOOGL,lightgbm,2,2022-03-16,1,1,0.882950639311772,0.882950639311772,0.0668800701124618,0.8160705691993102
GOOGL,lightgbm,2,2022-03-17,1,1,0.9639910691749979,0.9639910691749979,0.019801651924692944,0.9441894172503049
GOOGL,lightgbm,2,2022-03-18,1,1,0.7538738791480597,0.7538738791480597,0.16245775462735304,0.5914161245207067
GOOGL,lightgbm,2,2022-03-21,1,0,0.5756801237727367,0.39050865163162024,0.39050865163162024,0.18517147214111646
GOOGL,lightgbm,2,2022-03-22,0,1,0.5026266768630892,0.5026266768630892,0.4857981884201141,0.016828488442975076
GOOGL,lightgbm,2,2022-03-23,1,1,0.6005500131842268,0.6005500131842268,0.39610466288320056,0.20444535030102629
GOOGL,lightgbm,2,2022-03-24,0,1,0.7720636879157687,0.7720636879157687,0.20415206626198296,0.5679116216537858
GOOGL,lightgbm,2,2022-03-25,0,0,0.600283042413562,0.3986843542065711,0.3986843542065711,0.2015986882069909
GOOGL,lightgbm,2,2022-03-28,0,0,0.5242909922057962,0.47198201133729084,0.47198201133729084,0.052308980868505384
GOOGL,lightgbm,2,2022-03-29,0,1,0.6161403026245935,0.6161403026245935,0.38155137777543385,0.23458892484915966
GOOGL,lightgbm,2,2022-03-30,-1,1,0.8400662321456759,0.8400662321456759,0.1576944083648706,0.6823718237808053
GOOGL,lightgbm,2,2022-03-31,-1,1,0.9204136521130664,0.9204136521130664,0.07690758098620147,0.8435060711268649
GOOGL,lightgbm,2,2022-04-01,-1,1,0.987187916328341,0.987187916328341,0.012634674318861066,0.9745532420094799
GOOGL,lightgbm,2,2022-04-04,-1,1,0.9893984675397278,0.9893984675397278,0.005761298833569075,0.9836371687061587
GOOGL,lightgbm,2,2022-04-05,-1,1,0.5936723376092969,0.5936723376092969,0.40430948601602,0.18936285159327693
GOOGL,lightgbm,2,2022-04-06,-1,0,0.919264394491433,0.0781599943979349,0.0781599943979349,0.8411044000934982
GOOGL,lightgbm,2,2022-04-07,-1,0,0.8474475895317434,0.14609304008186155,0.14609304008186155,0.7013545494498818
GOOGL,lightgbm,2,2022-04-08,-1,0,0.9279254266887487,0.05902743886864838,0.05902743886864838,0.8688979878201003
GOOGL,lightgbm,2,2022-04-11,0,0,0.955878986501872,0.037556996611374446,0.037556996611374446,0.9183219898904975
GOOGL,lightgbm,2,2022-04-12,0,0,0.9518498685091001,0.019958692064272046,0.028191439426627687,0.9236584290824724
GOOGL,lightgbm,2,2022-04-13,-1,0,0.9890897726839498,0.002983209481864512,0.007927017834185496,0.9811627548497643
GOOGL,lightgbm,2,2022-04-14,-1,0,0.9651900805033657,0.03210611140769982,0.03210611140769982,0.9330839690956659
GOOGL,lightgbm,2,2022-04-18,-1,0,0.9779372266705536,0.016739191080630527,0.016739191080630527,0.9611980355899231
GOOGL,lightgbm,2,2022-04-19,-1,0,0.9567385466961122,0.008013159047709195,0.035248294256178606,0.9214902524399337
GOOGL,lightgbm,2,2022-04-20,-1,0,0.9962206256447912,0.0026153040530330516,0.0026153040530330516,0.9936053215917582
GOOGL,lightgbm,2,2022-04-21,-1,0,0.727897080416425,0.26736170013168564,0.26736170013168564,0.46053538028473934
GOOGL,lightgbm,2,2022-04-22,-1,1,0.9555831166822998,0.9555831166822998,0.04408247176053162,0.9115006449217682
GOOGL,lightgbm,2,2022-04-25,-1,1,0.9661086518906088,0.9661086518906088,0.03238924664871056,0.9337194052418982
GOOGL,lightgbm,2,2022-04-26,0,1,0.9247702565923408,0.9247702565923408,0.07331348879024097,0.8514567678020999
GOOGL,lightgbm,2,2022-04-27,1,0,0.6009759998595442,0.39762533028362923,0.39762533028362923,0.20335066957591497
GOOGL,lightgbm,2,2022-04-28,0,1,0.8725822002825501,0.8725822002825501,0.1248536312104806,0.7477285690720694
GOOGL,lightgbm,2,2022-04-29,0,0,0.5160903331947095,0.4761372947282625,0.4761372947282625,0.039953038466447044
GOOGL,lightgbm,2,2022-05-02,-1,1,0.8353300636946164,0.8353300636946164,0.16320470814790516,0.6721253555467113
GOOGL,lightgbm,2,2022-05-03,-1,0,0.5814932949485141,0.41812581871377413,0.41812581871377413,0.16336747623473996
GOOGL,lightgbm,2,2022-05-04,-1,0,0.5402281274155875,0.41708072120607326,0.41708072120607326,0.1231474062095142
GOOGL,lightgbm,2,2022-05-05,-1,1,0.6592534143643742,0.6592534143643742,0.33919128101325663,0.3200621333511176
GOOGL,lightgbm,2,2022-05-06,0,1,0.9523999672110229,0.9523999672110229,0.04733591693288973,0.9050640502781332
GOOGL,lightgbm,2,2022-05-09,0,0,0.9599662713457658,0.03178149503354347,0.03178149503354347,0.9281847763122224
GOOGL,lightgbm,2,2022-05-10,0,0,0.6924301805897167,0.29542763680953577,0.29542763680953577,0.39700254378018096
GOOGL,lightgbm,2,2022-05-11,0,1,0.7377982237979656,0.7377982237979656,0.25993004462818114,0.4778681791697844
GOOGL,lightgbm,2,2022-05-12,-1,0,0.9026638280458176,0.08965593722140651,0.08965593722140651,0.813007890824411
GOOGL,lightgbm,2,2022-05-13,-1,1,0.9024483361113116,0.9024483361113116,0.08043560585890903,0.8220127302524025
GOOGL,lightgbm,2,2022-05-16,-1,1,0.5743621038880615,0.5743621038880615,0.42028671572852344,0.15407538815953808
GOOGL,lightgbm,2,2022-05-17,-1,1,0.8804596171565852,0.8804596171565852,0.11724172457715912,0.7632178925794261
GOOGL,lightgbm,2,2022-05-18,-1,0,0.5622427188040003,0.22474317280520748,0.22474317280520748,0.33749954599879284
GOOGL,lightgbm,2,2022-05-19,-1,1,0.8871082451466634,0.8871082451466634,0.10570073884513882,0.7814075063015246
GOOGL,lightgbm,2,2022-05-20,1,0,0.949654256690462,0.03983441088495068,0.03983441088495068,0.9098198458055113
GOOGL,lightgbm,2,2022-05-23,1,1,0.9116085170023831,0.9116085170023831,0.08001435190673307,0.83159416509565
GOOGL,lightgbm,2,2022-05-24,1,1,0.5742360059255887,0.5742360059255887,0.4251696383511429,0.14906636757444575
GOOGL,lightgbm,2,2022-05-25,1,0,0.9281450946970886,0.06991322334164499,0.06991322334164499,0.8582318713554437
GOOGL,lightgbm,2,2022-05-26,1,0,0.50637394850776,0.4920050012768051,0.4920050012768051,0.014368947230954887
GOOGL,lightgbm,2,2022-05-27,1,1,0.7815825082911777,0.7815825082911777,0.1727778410723338,0.6088046672188439
GOOGL,lightgbm,2,2022-05-31,1,1,0.5870589900540335,0.5870589900540335,0.3954573662977557,0.19160162375627782
GOOGL,lightgbm,2,2022-06-01,1,1,0.9256428284287953,0.9256428284287953,0.06887880371507886,0.8567640247137165
GOOGL,lightgbm,2,2022-06-02,-1,1,0.9290881134660934,0.9290881134660934,0.05033661084086151,0.8787515026252319
GOOGL,lightgbm,2,2022-06-03,-1,1,0.624353095903017,0.624353095903017,0.3487541080720929,0.2755989878309241
GOOGL,lightgbm,2,2022-06-06,-1,1,0.8520720993283211,0.8520720993283211,0.14027297942108802,0.7117991199072331
GOOGL,lightgbm,2,2022-06-07,-1,1,0.963632778834817,0.963632778834817,0.0301167046306986,0.9335160742041184
GOOGL,lightgbm,2,2022-06-08,-1,0,0.7658931283269889,0.23008007008455827,0.23008007008455827,0.5358130582424305
GOOGL,lightgbm,2,2022-06-09,-1,1,0.9851785951314117,0.9851785951314117,0.012727064406274233,0.9724515307251375
GOOGL,lightgbm,2,2022-06-10,-1,0,0.5113470322693132,0.41186667460398124,0.41186667460398124,0.09948035766533198
GOOGL,lightgbm,2,2022-06-13,1,0,0.9043088643288872,0.08705962565742073,0.08705962565742073,0.8172492386714665
GOOGL,lightgbm,2,2022-06-14,1,0,0.9346444253512862,0.06001852827889806,0.06001852827889806,0.8746258970723881
GOOGL,lightgbm,2,2022-06-15,1,1,0.8404311661022726,0.8404311661022726,0.15851617959030417,0.6819149865119685
GOOGL,lightgbm,2,2022-06-16,1,0,0.8149549296466357,0.13898686730523743,0.13898686730523743,0.6759680623413983
GOOGL,lightgbm,2,2022-06-17,1,1,0.9775729935264849,0.9775729935264849,0.019785673649102123,0.9577873198773827
GOOGL,lightgbm,2,2022-06-21,0,1,0.9647997536650429,0.9647997536650429,0.023698321578381275,0.9411014320866616
GOOGL,lightgbm,2,2022-06-22,0,1,0.9973662348680757,0.9973662348680757,0.0017207115915807314,0.995645523276495
GOOGL,lightgbm,2,2022-06-23,-1,1,0.9854390422458589,0.9854390422458589,0.013847194290024874,0.971591847955834
GOOGL,lightgbm,2,2022-06-24,-1,1,0.5281952655647276,0.5281952655647276,0.4631034263976191,0.06509183916710853
GOOGL,lightgbm,2,2022-06-27,-1,0,0.9018079610265642,0.09709582729282973,0.09709582729282973,0.8047121337337345
GOOGL,lightgbm,2,2022-06-28,1,1,0.8599831826622015,0.8599831826622015,0.1395852185403351,0.7203979641218664
GOOGL,lightgbm,2,2022-06-29,1,1,0.9092704946544327,0.9092704946544327,0.08372054011760026,0.8255499545368324
GOOGL,lightgbm,2,2022-06-30,1,0,0.5150711512010864,0.4537460044196495,0.4537460044196495,0.06132514678143686
GOOGL,lightgbm,2,2022-07-01,1,0,0.7309531762623407,0.2620479028423721,0.2620479028423721,0.46890527341996857
GOOGL,lightgbm,2,2022-07-05,0,1,0.5455345059233071,0.5455345059233071,0.38701584023566177,0.15851866568764533
GOOGL,lightgbm,2,2022-07-06,-1,1,0.9958719034915937,0.9958719034915937,0.0031463779791176317,0.9927255255124761
GOOGL,lightgbm,2,2022-07-07,-1,1,0.6231802278925482,0.6231802278925482,0.35063155787951733,0.2725486700130309
GOOGL,lightgbm,2,2022-07-08,-1,1,0.8161930448929595,0.8161930448929595,0.18194713075181843,0.6342459141411411
GOOGL,lightgbm,2,2022-07-11,-1,0,0.5506968009586966,0.4490883460191823,0.4490883460191823,0.10160845493951426
GOOGL,lightgbm,2,2022-07-12,0,1,0.9943547873214432,0.9943547873214432,0.005234712251141194,0.989120075070302
GOOGL,lightgbm,2,2022-07-13,1,0,0.6822986842202988,0.2798458683211082,0.2798458683211082,0.40245281589919063
GOOGL,lightgbm,2,2022-07-14,1,1,0.5453575602686194,0.5453575602686194,0.40987734556796024,0.13548021470065913
GOOGL,lightgbm,2,2022-07-15,-1,1,0.943894383397503,0.943894383397503,0.039138575100887675,0.9047558082966153
GOOGL,lightgbm,2,2022-07-18,0,0,0.8213832419690427,0.14566988517879703,0.14566988517879703,0.6757133567902456
GOOGL,lightgbm,2,2022-07-19,-1,1,0.9175834464902793,0.9175834464902793,0.058887983532574795,0.8586954629577046
GOOGL,lightgbm,2,2022-07-20,0,1,0.847899724368868,0.847899724368868,0.13628920614300236,0.7116105182258656
GOOGL,lightgbm,2,2022-07-21,0,1,0.9287732125598028,0.9287732125598028,0.06781386990120798,0.8609593426585949
GOOGL,lightgbm,2,2022-07-22,1,0,0.9766381155887305,0.017778507738297273,0.017778507738297273,0.9588596078504332
GOOGL,lightgbm,2,2022-07-25,1,0,0.99946364191856,8.725335303682506e-05,0.0004491047284032373,0.9990145371901568
GOOGL,lightgbm,2,2022-07-26,1,0,0.9993122003867994,0.0005574013781299696,0.0005574013781299696,0.9987547990086694
GOOGL,lightgbm,2,2022-07-27,1,1,0.6659180822715393,0.6659180822715393,0.3176633198681699,0.34825476240336933
GOOGL,lightgbm,2,2022-07-28,1,1,0.9790110035703891,0.9790110035703891,0.015219547165378667,0.9637914564050104
GOOGL,lightgbm,2,2022-07-29,0,0,0.5902854422560684,0.3384378921586892,0.3384378921586892,0.2518475500973792
GOOGL,lightgbm,2,2022-08-01,1,0,0.8769438464611775,0.09452742140090871,0.09452742140090871,0.7824164250602688
GOOGL,lightgbm,2,2022-08-02,0,0,0.9236384979903639,0.07560329072866011,0.07560329072866011,0.8480352072617038
GOOGL,lightgbm,2,2022-08-03,0,0,0.6499173996523157,0.32873930155230197,0.32873930155230197,0.3211780981000137
GOOGL,lightgbm,2,2022-08-04,0,0,0.6506056927720048,0.3444735405947699,0.3444735405947699,0.30613215217723483
GOOGL,lightgbm,2,2022-08-05,1,0,0.6822024012259602,0.3138416557059165,0.3138416557059165,0.3683607455200437
GOOGL,lightgbm,2,2022-08-08,1,0,0.6688593146928961,0.3240529421604679,0.3240529421604679,0.34480637253242813
GOOGL,lightgbm,2,2022-08-09,1,1,0.6655025264370342,0.6655025264370342,0.32972252259492324,0.335780003842111
GOOGL,lightgbm,2,2022-08-10,0,1,0.9004786300220821,0.9004786300220821,0.08620816891404685,0.8142704611080352
GOOGL,lightgbm,2,2022-08-11,0,1,0.6996747581130747,0.6996747581130747,0.29695618322858114,0.40271857488449353
GOOGL,lightgbm,2,2022-08-12,-1,0,0.9324417026978058,0.04174062336046522,0.04174062336046522,0.8907010793373406
GOOGL,lightgbm,2,2022-08-15,-1,1,0.5815368382863717,0.5815368382863717,0.3876361862440288,0.1939006520423429
GOOGL,lightgbm,2,2022-08-16,-1,1,0.7839177145163189,0.7839177145163189,0.20413525527605642,0.5797824592402625
GOOGL,lightgbm,2,2022-08-17,-1,0,0.7780358270746599,0.22122879102046059,0.22122879102046059,0.5568070360541993
GOOGL,lightgbm,2,2022-08-18,-1,1,0.6209098993561143,0.6209098993561143,0.37485665655600403,0.24605324280011026
GOOGL,lightgbm,2,2022-08-19,-1,0,0.8777334399639609,0.12036040258133615,0.12036040258133615,0.7573730373826247
GOOGL,lightgbm,2,2022-08-22,-1,0,0.867222482457046,0.12274727563972185,0.12274727563972185,0.7444752068173242
GOOGL,lightgbm,2,2022-08-23,-1,0,0.5287863557196844,0.42227159087129845,0.42227159087129845,0.1065147648483859
GOOGL,lightgbm,2,2022-08-24,-1,0,0.9919888689473091,0.0027667310951545528,0.005244399957536257,0.9867444689897729
GOOGL,lightgbm,2,2022-08-25,-1,1,0.8162726336886221,0.8162726336886221,0.15146274022134248,0.6648098934672797
GOOGL,lightgbm,2,2022-08-26,-1,0,0.6860829616050997,0.3039411527629119,0.3039411527629119,0.38214180884218785
GOOGL,lightgbm,2,2022-08-29,-1,0,0.9553544305999824,0.004657687245174671,0.039987882154843064,0.9153665484451393
GOOGL,lightgbm,2,2022-08-30,0,0,0.9716965974019948,0.0023613963319309953,0.025942006266074374,0.9457545911359204
GOOGL,lightgbm,2,2022-08-31,0,0,0.9723366945791638,0.018442134154626273,0.018442134154626273,0.9538945604245376
GOOGL,lightgbm,2,2022-09-01,0,0,0.9147260444795283,0.0006938892241951617,0.08458006629627668,0.8301459781832516
GOOGL,lightgbm,2,2022-09-02,1,0,0.9731439927643776,0.011271303694952396,0.015584703540670103,0.9575592892237075
GOOGL,lightgbm,2,2022-09-06,-1,0,0.7696701663138019,0.2134393957567636,0.2134393957567636,0.5562307705570383
GOOGL,lightgbm,2,2022-09-07,-1,0,0.8735194313647748,0.06750159210578385,0.06750159210578385,0.806017839258991
GOOGL,lightgbm,2,2022-09-08,-1,0,0.9939050820854253,0.005845033773891229,0.005845033773891229,0.988060048311534
GOOGL,lightgbm,2,2022-09-09,-1,0,0.9337349078501549,0.047549759873774904,0.047549759873774904,0.88618514797638
GOOGL,lightgbm,2,2022-09-12,-1,0,0.7200004851559142,0.270205137835391,0.270205137835391,0.4497953473205232
GOOGL,lightgbm,2,2022-09-13,-1,0,0.8350650598043735,0.16391487583004088,0.16391487583004088,0.6711501839743326
GOOGL,lightgbm,2,2022-09-14,-1,1,0.5818090386285304,0.5818090386285304,0.4157915417084638,0.16601749692006662
GOOGL,lightgbm,2,2022-09-15,-1,0,0.8644399856381375,0.13529175844810842,0.13529175844810842,0.7291482271900291
GOOGL,lightgbm,2,2022-09-16,-1,1,0.9312531206654312,0.9312531206654312,0.06858936952372874,0.8626637511417025
GOOGL,lightgbm,2,2022-09-19,-1,0,0.8734267438588972,0.12615667690053622,0.12615667690053622,0.747270066958361
GOOGL,lightgbm,2,2022-09-20,-1,1,0.9292124389460172,0.9292124389460172,0.07063628165468556,0.8585761572913316
GOOGL,lightgbm,2,2022-09-21,0,1,0.9747095083768338,0.9747095083768338,0.024743138357346723,0.949966370019487
GOOGL,lightgbm,2,2022-09-22,-1,1,0.6030572092070318,0.6030572092070318,0.2932685563472728,0.309788652859759
GOOGL,lightgbm,2,2022-09-23,-1,1,0.9897308752099514,0.9897308752099514,0.009864606574255986,0.9798662686356954
GOOGL,lightgbm,2,2022-09-26,0,1,0.682312291798391,0.682312291798391,0.1813832485378679,0.5009290432605231
GOOGL,lightgbm,2,2022-09-27,1,0,0.49836536996325137,0.4299785422463919,0.4299785422463919,0.06838682771685944
GOOGL,lightgbm,2,2022-09-28,0,0,0.6443182763546976,0.23650767453154364,0.23650767453154364,0.407810601823154
GOOGL,lightgbm,2,2022-09-29,1,1,0.727790078099422,0.727790078099422,0.24731102560017101,0.48047905249925094
GOOGL,lightgbm,2,2022-09-30,1,1,0.9565449250389405,0.9565449250389405,0.03689523399039859,0.9196496910485419
GOOGL,lightgbm,2,2022-10-03,0,1,0.4971103369851104,0.4971103369851104,0.4738491999617858,0.023261137023324607
GOOGL,lightgbm,2,2022-10-04,-1,1,0.8950735092380834,0.8950735092380834,0.08616765109506976,0.8089058581430136
GOOGL,lightgbm,2,2022-10-05,-1,1,0.9686184955965399,0.9686184955965399,0.02649194818654314,0.9421265474099968
GOOGL,lightgbm,2,2022-10-06,-1,1,0.8450030791957427,0.8450030791957427,0.12837553392920345,0.7166275452665393
GOOGL,lightgbm,2,2022-10-07,-1,1,0.7134672845807434,0.7134672845807434,0.24442966630218863,0.4690376182785547
GOOGL,lightgbm,2,2022-10-10,1,1,0.8759484391696529,0.8759484391696529,0.10525679245453172,0.7706916467151212
GOOGL,lightgbm,2,2022-10-11,1,1,0.9278256118558316,0.9278256118558316,0.05231692672365999,0.8755086851321716
GOOGL,lightgbm,2,2022-10-12,1,1,0.9917869801799032,0.9917869801799032,0.00454400963263615,0.9872429705472671
GOOGL,lightgbm,2,2022-10-13,0,1,0.9266775912610806,0.9266775912610806,0.044780690933938126,0.8818969003271425
GOOGL,lightgbm,2,2022-10-14,1,1,0.9746916953050359,0.9746916953050359,0.023853584196556584,0.9508381111084793
GOOGL,lightgbm,2,2022-10-17,1,1,0.9788731083848132,0.9788731083848132,0.011155822474214714,0.9677172859105985
GOOGL,lightgbm,2,2022-10-18,1,1,0.9893455545373288,0.9893455545373288,0.006892085557753094,0.9824534689795756
GOOGL,lightgbm,2,2022-10-19,-1,1,0.9925068780011921,0.9925068780011921,0.00606075923505279,0.9864461187661393
GOOGL,lightgbm,2,2022-10-20,-1,1,0.9938302806652158,0.9938302806652158,0.004552212258439774,0.989278068406776
GOOGL,lightgbm,2,2022-10-21,-1,1,0.656017482044855,0.656017482044855,0.33913071945928863,0.31688676258556636
GOOGL,lightgbm,2,2022-10-24,-1,1,0.4563215831300665,0.4563215831300665,0.43719832594911945,0.01912325718094704
GOOGL,lightgbm,2,2022-10-25,-1,1,0.9047130292188156,0.9047130292188156,0.051708363117706276,0.8530046661011093
GOOGL,lightgbm,2,2022-10-26,-1,1,0.5014447660215942,0.5014447660215942,0.4983475376058014,0.003097228415792741
GOOGL,lightgbm,2,2022-10-27,-1,0,0.68655662420525,0.31241525495699607,0.31241525495699607,0.3741413692482539
GOOGL,lightgbm,2,2022-10-28,-1,1,0.8665689132980156,0.8665689132980156,0.1312051670143074,0.7353637462837082
GOOGL,lightgbm,2,2022-10-31,-1,0,0.6564381834488451,0.3430466422680956,0.3430466422680956,0.31339154118074947
GOOGL,lightgbm,2,2022-11-01,0,1,0.8545996232027878,0.8545996232027878,0.14324670388297212,0.7113529193198157
GOOGL,lightgbm,2,2022-11-02,0,1,0.6319958953905466,0.6319958953905466,0.3668095719106804,0.26518632347986615
GOOGL,lightgbm,3,2022-11-03,1,1,0.9146872071018081,0.9146872071018081,0.05833007637946893,0.8563571307223391
GOOGL,lightgbm,3,2022-11-04,1,0,0.4478651121524022,0.3420932416616028,0.3420932416616028,0.10577187049079939
GOOGL,lightgbm,3,2022-11-07,1,0,0.7416225869766587,0.10307259954934164,0.1553048134739997,0.586317773502659
GOOGL,lightgbm,3,2022-11-08,1,1,0.39821160921111304,0.39821160921111304,0.3123227588362842,0.08588885037482885
GOOGL,lightgbm,3,2022-11-09,1,-1,0.5939654314276465,0.009193020795150893,0.39684154777720254,0.19712388365044392
GOOGL,lightgbm,3,2022-11-10,1,1,0.5409808604225465,0.5409808604225465,0.418949586311873,0.12203127411067344
GOOGL,lightgbm,3,2022-11-11,0,1,0.7814364261986549,0.7814364261986549,0.1794145588040722,0.6020218673945827
GOOGL,lightgbm,3,2022-11-14,0,1,0.7444427075946332,0.7444427075946332,0.24434618190135587,0.5000965256932772
GOOGL,lightgbm,3,2022-11-15,0,1,0.8826984663971716,0.8826984663971716,0.07462405627404653,0.8080744101231251
GOOGL,lightgbm,3,2022-11-16,0,0,0.8775810224917011,0.11376189321524739,0.11376189321524739,0.7638191292764537
GOOGL,lightgbm,3,2022-11-17,0,1,0.9207651891795795,0.9207651891795795,0.06526547110576342,0.8554997180738161
GOOGL,lightgbm,3,2022-11-18,0,1,0.9833789646770947,0.9833789646770947,0.011674343347105076,0.9717046213299897
GOOGL,lightgbm,3,2022-11-21,0,1,0.9659632805183033,0.9659632805183033,0.01870781268691129,0.947255467831392
GOOGL,lightgbm,3,2022-11-22,1,1,0.9971259616737879,0.9971259616737879,0.0017399390573498883,0.9953860226164379
GOOGL,lightgbm,3,2022-11-23,1,1,0.7535719427627303,0.7535719427627303,0.22537399389979376,0.5281979488629366
GOOGL,lightgbm,3,2022-11-25,1,-1,0.5352652980974223,0.14871537822559144,0.31601932367698626,0.21924597442043603
GOOGL,lightgbm,3,2022-11-28,1,-1,0.9211483753713375,0.06233053342272066,0.06233053342272066,0.8588178419486169
GOOGL,lightgbm,3,2022-11-29,0,-1,0.6338313697983772,0.20262978459957162,0.20262978459957162,0.4312015851988056
GOOGL,lightgbm,3,2022-11-30,-1,-1,0.5917641322785899,0.032753814765197176,0.37548205295621284,0.21628207932237709
GOOGL,lightgbm,3,2022-12-01,-1,0,0.40610470223361483,0.26166902752059873,0.33222627024578644,0.0738784319878284
GOOGL,lightgbm,3,2022-12-02,-1,1,0.6106556897306663,0.6106556897306663,0.20763504038540867,0.4030206493452576
GOOGL,lightgbm,3,2022-12-05,-1,1,0.5782086148523221,0.5782086148523221,0.398224356827839,0.1799842580244831
GOOGL,lightgbm,3,2022-12-06,0,1,0.4706077604966187,0.4706077604966187,0.4037707901170354,0.06683697037958325
GOOGL,lightgbm,3,2022-12-07,0,-1,0.8767955516675081,0.11849294543318421,0.11849294543318421,0.7583026062343239
GOOGL,lightgbm,3,2022-12-08,-1,-1,0.7015495834692885,0.2906344389936276,0.2906344389936276,0.4109151444756609
GOOGL,lightgbm,3,2022-12-09,-1,-1,0.903267842616325,0.03262559900913274,0.06410655837454236,0.8391612842417826
GOOGL,lightgbm,3,2022-12-12,-1,-1,0.8085767085552439,0.09443833503775817,0.09698495640699792,0.711591752148246
GOOGL,lightgbm,3,2022-12-13,-1,-1,0.42783776952579533,0.274803377923823,0.29735885255038175,0.13047891697541358
GOOGL,lightgbm,3,2022-12-14,-1,0,0.5754004756232207,0.062099649243369394,0.3624998751334099,0.2129006004898108
GOOGL,lightgbm,3,2022-12-15,-1,-1,0.811763798940362,0.1614486134612493,0.1614486134612493,0.6503151854791127
GOOGL,lightgbm,3,2022-12-16,0,-1,0.9185638083415776,0.013913389133423317,0.06752280252499916,0.8510410058165784
GOOGL,lightgbm,3,2022-12-19,0,0,0.6751348821520792,0.14548827816465762,0.17937683968326323,0.49575804246881594
GOOGL,lightgbm,3,2022-12-20,-1,-1,0.9437905916492696,0.02162795744781573,0.03458145090291458,0.9092091407463551
GOOGL,lightgbm,3,2022-12-21,0,0,0.689933987058178,0.26158175774035886,0.26158175774035886,0.42835222931781913
GOOGL,lightgbm,3,2022-12-22,0,-1,0.8988514125428582,0.05937085139823922,0.05937085139823922,0.839480561144619
GOOGL,lightgbm,3,2022-12-23,0,0,0.6023370334206988,0.006110463510727356,0.39155250306857375,0.21078453035212502
GOOGL,lightgbm,3,2022-12-27,0,0,0.7313070450926321,0.09359948061305522,0.1750934742943127,0.5562135707983193
GOOGL,lightgbm,3,2022-12-28,0,-1,0.39651405696980313,0.2981868502464387,0.30529909278375816,0.09121496418604497
GOOGL,lightgbm,3,2022-12-29,0,0,0.9403888492946691,0.03783795913786985,0.03783795913786985,0.9025508901567993
GOOGL,lightgbm,3,2022-12-30,0,0,0.7591109172279953,0.05892246393419439,0.18196661883781035,0.5771442983901849
GOOGL,lightgbm,3,2023-01-03,0,0,0.9272547251467382,0.05330055759457433,0.05330055759457433,0.8739541675521639
GOOGL,lightgbm,3,2023-01-04,1,1,0.8857303873425509,0.8857303873425509,0.07643462148364291,0.8092957658589081
GOOGL,lightgbm,3,2023-01-05,1,0,0.46389009332014125,0.4322596489542098,0.4322596489542098,0.03163044436593143
GOOGL,lightgbm,3,2023-01-06,1,1,0.6764372813640812,0.6764372813640812,0.29150456976962424,0.38493271159445697
GOOGL,lightgbm,3,2023-01-09,1,1,0.5299119767847777,0.5299119767847777,0.41994857420128184,0.1099634025834959
GOOGL,lightgbm,3,2023-01-10,1,0,0.9022471096482182,0.04690886910593841,0.05084402124584344,0.8514030884023748
GOOGL,lightgbm,3,2023-01-11,0,-1,0.5707349441891155,0.2060174638870236,0.22324759192386087,0.3474873522652546
GOOGL,lightgbm,3,2023-01-12,1,-1,0.6453966352630163,0.05616568868352408,0.2984376760534595,0.34695895920955677
GOOGL,lightgbm,3,2023-01-13,1,-1,0.9426174649138073,0.009606939264339408,0.047775595821853284,0.894841869091954
GOOGL,lightgbm,3,2023-01-17,1,-1,0.7676707316121482,0.19764938365193957,0.19764938365193957,0.5700213479602085
GOOGL,lightgbm,3,2023-01-18,1,1,0.9000590999724228,0.9000590999724228,0.06422464548113085,0.835834454491292
GOOGL,lightgbm,3,2023-01-19,1,0,0.5503263099415927,0.29756419794306427,0.29756419794306427,0.25276211199852844
GOOGL,lightgbm,3,2023-01-20,0,0,0.8692571638627267,0.0001931947080742187,0.13054964142919895,0.7387075224335278
GOOGL,lightgbm,3,2023-01-23,-1,0,0.9815967339454962,0.0004630783443666207,0.017940187710137098,0.9636565462353591
GOOGL,lightgbm,3,2023-01-24,0,0,0.9868812567715121,0.0029572146984530845,0.010161528530034951,0.9767197282414771
GOOGL,lightgbm,3,2023-01-25,1,1,0.9046674489562861,0.9046674489562861,0.047774561972070126,0.8568928869842161
GOOGL,lightgbm,3,2023-01-26,1,0,0.6310002150361149,0.31568115708537675,0.31568115708537675,0.31531905795073817
GOOGL,lightgbm,3,2023-01-27,1,0,0.5988189675137969,0.24382206171713727,0.24382206171713727,0.35499690579665966
GOOGL,lightgbm,3,2023-01-30,1,1,0.7877914743509989,0.7877914743509989,0.15463399621947443,0.6331574781315246
GOOGL,lightgbm,3,2023-01-31,1,0,0.45596618904431574,0.3838698731500479,0.3838698731500479,0.07209631589426785
GOOGL,lightgbm,3,2023-02-01,0,0,0.9831141568925423,0.007790446274243254,0.009095396833214604,0.9740187600593277
GOOGL,lightgbm,3,2023-02-02,-1,0,0.9604056480571765,0.0010077881472399953,0.03858656379558361,0.921819084261593
GOOGL,lightgbm,3,2023-02-03,-1,0,0.7534701229909039,0.003799491386241979,0.24273038562285412,0.5107397373680498
GOOGL,lightgbm,3,2023-02-06,-1,0,0.7448261645674618,0.1739476243519092,0.1739476243519092,0.5708785402155525
GOOGL,lightgbm,3,2023-02-07,-1,0,0.9688301664466744,0.0003441752975417145,0.030825658255783792,0.9380045081908907
GOOGL,lightgbm,3,2023-02-08,-1,1,0.527017461034842,0.527017461034842,0.29655563492566844,0.2304618261091736
GOOGL,lightgbm,3,2023-02-09,0,1,0.9415561993037479,0.9415561993037479,0.03579884362764182,0.905757355676106
GOOGL,lightgbm,3,2023-02-10,0,1,0.8647228916621889,0.8647228916621889,0.12444292685286663,0.7402799648093222
GOOGL,lightgbm,3,2023-02-13,-1,1,0.5170351094861996,0.5170351094861996,0.37227747102920294,0.14475763845699663
GOOGL,lightgbm,3,2023-02-14,-1,0,0.4469552717864512,0.4439087070274424,0.4439087070274424,0.0030465647590088296
GOOGL,lightgbm,3,2023-02-15,-1,1,0.6044584189907752,0.6044584189907752,0.34643220374655526,0.25802621524422
GOOGL,lightgbm,3,2023-02-16,-1,0,0.7815654233174909,0.0015718615443393892,0.21686271513816974,0.5647027081793212
GOOGL,lightgbm,3,2023-02-17,-1,0,0.6896578451414357,0.02324991032574756,0.28709224453281673,0.40256560060861896
GOOGL,lightgbm,3,2023-02-21,0,-1,0.9179923905366016,0.0012344924390116391,0.08077311702438673,0.8372192735122149
GOOGL,lightgbm,3,2023-02-22,0,-1,0.9813121054438293,0.009709234661473809,0.009709234661473809,0.9716028707823555
GOOGL,lightgbm,3,2023-02-23,0,-1,0.8704751328329591,0.03917521272740627,0.09034965443963462,0.7801254783933245
GOOGL,lightgbm,3,2023-02-24,1,-1,0.5252263593283716,0.2827066346626023,0.2827066346626023,0.24251972466576927
GOOGL,lightgbm,3,2023-02-27,1,-1,0.6010969708662657,0.06730169571155699,0.33160133342217724,0.26949563744408844
GOOGL,lightgbm,3,2023-02-28,1,-1,0.7386256513234982,0.13235345139361634,0.13235345139361634,0.6062721999298819
GOOGL,lightgbm,3,2023-03-01,1,0,0.8848848656551691,0.04974520620446714,0.06536992814036387,0.8195149375148052
GOOGL,lightgbm,3,2023-03-02,0,0,0.9039776300897737,0.05708581085201271,0.05708581085201271,0.846891819237761
GOOGL,lightgbm,3,2023-03-03,-1,0,0.8657464359503196,0.03650109221200799,0.09775247183767237,0.7679939641126473
GOOGL,lightgbm,3,2023-03-06,-1,0,0.9157553876235218,0.04318294485918493,0.04318294485918493,0.8725724427643369
GOOGL,lightgbm,3,2023-03-07,0,0,0.4945813487672641,0.33733301027766854,0.33733301027766854,0.15724833848959557
GOOGL,lightgbm,3,2023-03-08,0,1,0.9719836085484965,0.9719836085484965,0.01778819062678832,0.9541954179217083
GOOGL,lightgbm,3,2023-03-09,1,1,0.9467255272992546,0.9467255272992546,0.04324567824198767,0.903479849057267
GOOGL,lightgbm,3,2023-03-10,1,1,0.7212901199410497,0.7212901199410497,0.24724336261024718,0.4740467573308026
GOOGL,lightgbm,3,2023-03-13,1,1,0.730678512551487,0.730678512551487,0.18046575610665944,0.5502127564448276
GOOGL,lightgbm,3,2023-03-14,1,0,0.6180252502344076,0.031236997009738903,0.3507377527558535,0.26728749747855407
GOOGL,lightgbm,3,2023-03-15,1,0,0.5476577778300014,0.11021408342150665,0.342128138748492,0.20552963908150934
GOOGL,lightgbm,3,2023-03-16,1,0,0.7768144699398566,0.0011628655256919224,0.2220226645344515,0.5547918054054051
GOOGL,lightgbm,3,2023-03-17,1,-1,0.9251066569618361,0.00033316622911786636,0.07456017680904585,0.8505464801527903
GOOGL,lightgbm,3,2023-03-20,0,0,0.5506987342190102,0.007966321081679656,0.44133494469931017,0.1093637895197
GOOGL,lightgbm,3,2023-03-21,-1,0,0.8331461981053989,0.00037828410941197037,0.16647551778518926,0.6666706803202096
GOOGL,lightgbm,3,2023-03-22,0,0,0.849296348888719,0.0045140761972251526,0.14618957491405585,0.7031067739746631
GOOGL,lightgbm,3,2023-03-23,-1,0,0.9745809071421008,6.526929736914889e-05,0.02535382356052997,0.9492270835815708
GOOGL,lightgbm,3,2023-03-24,0,0,0.9694752214902088,0.0010801539773890672,0.029444624532402177,0.9400305969578067
GOOGL,lightgbm,3,2023-03-27,0,1,0.4752906283328255,0.4752906283328255,0.4028888344198305,0.072401793912995
GOOGL,lightgbm,3,2023-03-28,1,-1,0.5410179388935618,0.4398196014891812,0.4398196014891812,0.10119833740438056
GOOGL,lightgbm,3,2023-03-29,1,1,0.5774586298644931,0.5774586298644931,0.36778143399512064,0.2096771958693725
GOOGL,lightgbm,3,2023-03-30,1,1,0.49650507780835823,0.49650507780835823,0.41968563142129306,0.07681944638706517
GOOGL,lightgbm,3,2023-03-31,1,0,0.49168759416933594,0.19874160200257643,0.3095708038280878,0.1821167903412481
GOOGL,lightgbm,3,2023-04-03,0,0,0.5646555208583242,0.09071079862889316,0.34463368051278276,0.2200218403455414
GOOGL,lightgbm,3,2023-04-04,0,0,0.7736858217430334,0.014902772575029682,0.211411405681937,0.5622744160610964
GOOGL,lightgbm,3,2023-04-05,1,-1,0.5836530947131254,0.025469742079964722,0.39087716320690985,0.19277593150621558
GOOGL,lightgbm,3,2023-04-06,0,0,0.9291734839865684,0.0011720988150839271,0.06965441719834767,0.8595190667882208
GOOGL,lightgbm,3,2023-04-10,0,0,0.6053475256925708,0.038057278303378905,0.3565951960040504,0.2487523296885204
GOOGL,lightgbm,3,2023-04-11,0,0,0.7069312002901724,0.03037507812943755,0.2626937215803901,0.4442374787097823
GOOGL,lightgbm,3,2023-04-12,0,1,0.5223135403223748,0.5223135403223748,0.30359440300848184,0.21871913731389292
GOOGL,lightgbm,3,2023-04-13,0,0,0.9415835230802124,0.002574919782674799,0.05584155713711265,0.8857419659430997
GOOGL,lightgbm,3,2023-04-14,-1,0,0.9721558871999301,0.005295124964588285,0.02254898783548173,0.9496068993644483
GOOGL,lightgbm,3,2023-04-17,0,0,0.6062544310686472,0.15544169855845463,0.23830387037289819,0.367950560695749
GOOGL,lightgbm,3,2023-04-18,0,0,0.9894002576310293,0.009853305200749346,0.009853305200749346,0.97954695243028
GOOGL,lightgbm,3,2023-04-19,0,0,0.9869741320726683,0.010030940965130372,0.010030940965130372,0.9769431911075379
GOOGL,lightgbm,3,2023-04-20,1,-1,0.48052470300488487,0.13210772640987306,0.3873675705852421,0.09315713241964274
GOOGL,lightgbm,3,2023-04-21,0,1,0.8534915910356282,0.8534915910356282,0.10769694638331717,0.745794644652311
GOOGL,lightgbm,3,2023-04-24,0,1,0.5031232789274221,0.5031232789274221,0.36233866185828056,0.14078461706914158
GOOGL,lightgbm,3,2023-04-25,0,1,0.7483309493973211,0.7483309493973211,0.24256597140221167,0.5057649779951094
GOOGL,lightgbm,3,2023-04-26,0,1,0.5324211935715698,0.5324211935715698,0.4605211730567619,0.07190002051480793
GOOGL,lightgbm,3,2023-04-27,-1,0,0.8715529151688514,0.013300612136209032,0.11514647269493979,0.7564064424739115
GOOGL,lightgbm,3,2023-04-28,0,0,0.6007323348205831,0.05366724598718503,0.34560041919223206,0.255131915628351
GOOGL,lightgbm,3,2023-05-01,0,-1,0.8415887961390498,0.06775042930916432,0.09066077455178577,0.750928021587264
GOOGL,lightgbm,3,2023-05-02,0,1,0.4988314762527849,0.4988314762527849,0.36672868483165005,0.13210279142113485
GOOGL,lightgbm,3,2023-05-03,1,1,0.6815967055901987,0.6815967055901987,0.2854963294517838,0.39610037613841487
GOOGL,lightgbm,3,2023-05-04,1,0,0.462011413956975,0.43931273572861884,0.43931273572861884,0.02269867822835614
GOOGL,lightgbm,3,2023-05-05,1,1,0.7942819582781628,0.7942819582781628,0.19845826608158104,0.5958236921965818
GOOGL,lightgbm,3,2023-05-08,1,1,0.4958723195736874,0.4958723195736874,0.31740973035068576,0.17846258922300162
GOOGL,lightgbm,3,2023-05-09,1,1,0.594815786516669,0.594815786516669,0.20841380487713765,0.3864019816395313
GOOGL,lightgbm,3,2023-05-10,1,0,0.9901009291311647,0.000598753291410788,0.009300317577424593,0.9808006115537401
GOOGL,lightgbm,3,2023-05-11,1,0,0.9423633827585467,0.0005381907904344142,0.0570984264510189,0.8852649563075278
GOOGL,lightgbm,3,2023-05-12,1,0,0.7341991668986149,0.0032514894292517108,0.26254934367213345,0.4716498232264814
GOOGL,lightgbm,3,2023-05-15,1,-1,0.6544218085967335,0.004286310634174557,0.34129188076909195,0.31312992782764154
GOOGL,lightgbm,3,2023-05-16,1,0,0.9676619092205686,0.0008517819489242688,0.0314863088305071,0.9361756003900615
GOOGL,lightgbm,3,2023-05-17,0,0,0.9258258068356108,0.0009976192832399033,0.07317657388114923,0.8526492329544615
GOOGL,lightgbm,3,2023-05-18,0,0,0.6682025165320213,0.0005656950310542302,0.3312317884369245,0.3369707280950968
GOOGL,lightgbm,3,2023-05-19,0,0,0.9600412249588395,0.0005443579940542891,0.03941441704710621,0.9206268079117332
GOOGL,lightgbm,3,2023-05-22,0,0,0.9399922126313094,0.0003258058777954573,0.05968198149089515,0.8803102311404143
GOOGL,lightgbm,3,2023-05-23,0,0,0.8405814391677289,0.004984335407476261,0.15443422542479465,0.6861472137429342
GOOGL,lightgbm,3,2023-05-24,1,0,0.87101139124362,0.007400962924356902,0.1215876458320231,0.749423745411597
GOOGL,lightgbm,3,2023-05-25,0,0,0.6709101698188075,0.007514219236130515,0.3215756109450621,0.34933455887374537
GOOGL,lightgbm,3,2023-05-26,0,-1,0.9126214978957862,0.003382847115004958,0.08399565498920895,0.8286258429065773
GOOGL,lightgbm,3,2023-05-30,1,0,0.7325037237371393,0.012550791742168674,0.25494548452069193,0.4775582392164474
GOOGL,lightgbm,3,2023-05-31,0,-1,0.6992330034322536,0.03908122831185492,0.26168576825589146,0.4375472351763621
GOOGL,lightgbm,3,2023-06-01,0,-1,0.8709008740887364,0.0026661410161854127,0.12643298489507812,0.7444678891936582
GOOGL,lightgbm,3,2023-06-02,0,-1,0.7770197998730455,0.008926080611876748,0.21405411951507783,0.5629656803579677
GOOGL,lightgbm,3,2023-06-05,0,-1,0.9657989642657214,0.006517612354371991,0.027683423379906542,0.9381155408858148
GOOGL,lightgbm,3,2023-06-06,-1,-1,0.9740635411118109,0.003005029569597402,0.02293142931859165,0.9511321117932193
GOOGL,lightgbm,3,2023-06-07,0,1,0.7538562586438706,0.7538562586438706,0.16705311551721452,0.586803143126656
GOOGL,lightgbm,3,2023-06-08,1,-1,0.5306820370542159,0.12464534497860362,0.3446726179671804,0.1860094190870355
GOOGL,lightgbm,3,2023-06-09,0,-1,0.9305935019216626,0.031075043722107246,0.03833145435623018,0.8922620475654324
GOOGL,lightgbm,3,2023-06-12,0,-1,0.8775311502336243,0.012799000215646504,0.10966984955072909,0.7678613006828952
GOOGL,lightgbm,3,2023-06-13,-1,-1,0.7506340475557908,0.0007084054082325478,0.2486575470359768,0.501976500519814
GOOGL,lightgbm,3,2023-06-14,0,-1,0.9233687763446431,0.0016023931544311334,0.07502883050092572,0.8483399458437174
GOOGL,lightgbm,3,2023-06-15,-1,-1,0.9591809047740218,0.002938200907608109,0.03788089431837015,0.9213000104556517
GOOGL,lightgbm,3,2023-06-16,-1,-1,0.7279379150666622,0.05795462241301723,0.21410746252032067,0.5138304525463415
GOOGL,lightgbm,3,2023-06-20,-1,-1,0.7171078927715996,0.07354770371345538,0.209344403514945,0.5077634892566546
GOOGL,lightgbm,3,2023-06-21,0,0,0.949182396348831,0.016818777284202464,0.033998826366966724,0.9151835699818642
GOOGL,lightgbm,3,2023-06-22,-1,-1,0.46879255960407773,0.35320993234262144,0.35320993234262144,0.1155826272614563
GOOGL,lightgbm,3,2023-06-23,-1,0,0.48895495963874075,0.04582561334525684,0.4652194270160023,0.023735532622738476
GOOGL,lightgbm,3,2023-06-26,0,1,0.8379559747167271,0.8379559747167271,0.14594971546187271,0.6920062592548544
GOOGL,lightgbm,3,2023-06-27,1,0,0.6613692054916505,0.277277141214962,0.277277141214962,0.38409206427668846
GOOGL,lightgbm,3,2023-06-28,0,1,0.5879067710205255,0.5879067710205255,0.2984328621555565,0.289473908864969
GOOGL,lightgbm,3,2023-06-29,0,0,0.7299886623524724,0.07090695541156003,0.19910438223596763,0.5308842801165048
GOOGL,lightgbm,3,2023-06-30,-1,0,0.9391483440354539,0.028155735855846176,0.03269592010869988,0.906452423926754
GOOGL,lightgbm,3,2023-07-03,-1,0,0.7671331939918916,0.20737268925903285,0.20737268925903285,0.5597605047328588
GOOGL,lightgbm,3,2023-07-05,-1,0,0.7988614980064626,0.045549469237073995,0.1555890327564634,0.6432724652499991
GOOGL,lightgbm,3,2023-07-06,1,0,0.6626633546875172,0.30581385596834193,0.30581385596834193,0.3568494987191753
GOOGL,lightgbm,3,2023-07-07,1,1,0.4916177962939016,0.4916177962939016,0.4724524402395626,0.019165356054339
GOOGL,lightgbm,3,2023-07-10,1,1,0.6584653637003908,0.6584653637003908,0.2692930016486378,0.389172362051753
GOOGL,lightgbm,3,2023-07-11,1,-1,0.5310689067369395,0.07537593862496371,0.3935551546380968,0.1375137520988427
GOOGL,lightgbm,3,2023-07-12,1,0,0.9889868822179451,0.009773407908543573,0.009773407908543573,0.9792134743094015
GOOGL,lightgbm,3,2023-07-13,-1,0,0.955641680568527,0.004468108564165665,0.03989021086730717,0.9157514697012199
GOOGL,lightgbm,3,2023-07-14,-1,0,0.9717615723122325,0.007730316023082616,0.02050811166468476,0.9512534606475477
GOOGL,lightgbm,3,2023-07-17,-1,0,0.8587532010678662,0.00891244959804283,0.13233434933409097,0.7264188517337753
GOOGL,lightgbm,3,2023-07-18,0,0,0.849879807387587,0.01996709614663051,0.13015309646578258,0.7197267109218044
GOOGL,lightgbm,3,2023-07-19,1,0,0.9376964677180079,0.02036358911214917,0.04193994316984311,0.8957565245481648
GOOGL,lightgbm,3,2023-07-20,1,-1,0.47523208975764825,0.05580879626747033,0.46895911397488144,0.00627297578276681
GOOGL,lightgbm,3,2023-07-21,1,0,0.42325418183894775,0.3956046899511764,0.3956046899511764,0.027649491887771327
GOOGL,lightgbm,3,2023-07-24,1,-1,0.4620402488371467,0.28801197576797594,0.28801197576797594,0.1740282730691708
GOOGL,lightgbm,3,2023-07-25,1,-1,0.9475171488466837,0.004131560184518714,0.0483512909687976,0.899165857877886
GOOGL,lightgbm,3,2023-07-26,0,0,0.6975242063740085,0.006662673687441543,0.2958131199385501,0.4017110864354584
GOOGL,lightgbm,3,2023-07-27,0,0,0.992925472774534,0.0015569646914245304,0.0055175625340414735,0.9874079102404926
GOOGL,lightgbm,3,2023-07-28,-1,0,0.9781776945710897,0.0003078056869798272,0.02151449974193029,0.9566631948291594
GOOGL,lightgbm,3,2023-07-31,0,0,0.9585862797438683,0.0008053004516634858,0.040608419804468235,0.9179778599394001
GOOGL,lightgbm,3,2023-08-01,0,-1,0.7870423358517743,0.017032904911462914,0.19592475923676278,0.5911175766150115
GOOGL,lightgbm,3,2023-08-02,0,-1,0.6371842867536833,0.3302311120663409,0.3302311120663409,0.3069531746873424
GOOGL,lightgbm,3,2023-08-03,0,-1,0.36810732841834515,0.3142081442467676,0.3176845273348872,0.050422801083457924
GOOGL,lightgbm,3,2023-08-04,0,1,0.6474534386123657,0.6474534386123657,0.2592477441856221,0.38820569442674363
GOOGL,lightgbm,3,2023-08-07,0,-1,0.6389307929218114,0.05115176781772414,0.3099174392604644,0.32901335366134704
GOOGL,lightgbm,3,2023-08-08,0,-1,0.6819956282928603,0.06385577752737805,0.25414859417976166,0.42784703411309866
GOOGL,lightgbm,3,2023-08-09,0,-1,0.6102709910675083,0.028904077965761714,0.3608249309667301,0.2494460601007782
GOOGL,lightgbm,3,2023-08-10,0,-1,0.9174023783505009,0.05099988837927934,0.05099988837927934,0.8664024899712215
GOOGL,lightgbm,3,2023-08-11,0,-1,0.8132169016781245,0.17003377376605447,0.17003377376605447,0.6431831279120701
GOOGL,lightgbm,3,2023-08-14,-1,0,0.8814718956531518,0.0023448309907404554,0.11618327335610784,0.7652886222970439
GOOGL,lightgbm,3,2023-08-15,0,-1,0.4836012844024371,0.07787217351978536,0.4385265420777776,0.04507474232465952
GOOGL,lightgbm,3,2023-08-16,1,-1,0.8274843369960302,0.06094094289942306,0.11157472010454685,0.7159096168914834
GOOGL,lightgbm,3,2023-08-17,0,-1,0.9247933599688231,0.05420815420073141,0.05420815420073141,0.8705852057680916
GOOGL,lightgbm,3,2023-08-18,0,-1,0.8044225388921352,0.06765687895059133,0.12792058215727345,0.6765019567348618
GOOGL,lightgbm,3,2023-08-21,1,-1,0.9378648436427464,0.03010691860917705,0.03202823774807679,0.9058366058946695
GOOGL,lightgbm,3,2023-08-22,1,-1,0.963539915516387,0.019984025322653514,0.019984025322653514,0.9435558901937334
GOOGL,lightgbm,3,2023-08-23,1,-1,0.7144007907392477,0.010844380235653591,0.27475482902509885,0.4396459617141488
GOOGL,lightgbm,3,2023-08-24,1,0,0.47503694228478033,0.1781850920146212,0.3467779657005984,0.12825897658418195
GOOGL,lightgbm,3,2023-08-25,1,-1,0.5657660469274558,0.08689739568731052,0.34733655738523367,0.21842948954222213
GOOGL,lightgbm,3,2023-08-28,1,-1,0.8011509841371596,0.0482271283490675,0.1506218875137729,0.6505290966233866
GOOGL,lightgbm,3,2023-08-29,0,0,0.8058733036548413,0.031006734157243226,0.16311996218791544,0.6427533414669259
GOOGL,lightgbm,3,2023-08-30,0,-1,0.8582953487092884,0.001649729561446589,0.14005492172926495,0.7182404269800234
GOOGL,lightgbm,3,2023-08-31,0,0,0.6092868559538468,0.0008054502628815579,0.3899076937832717,0.21937916217057507
GOOGL,lightgbm,3,2023-09-01,0,0,0.6574697526171317,0.006949924763639159,0.3355803226192292,0.3218894299979025
GOOGL,lightgbm,3,2023-09-05,0,-1,0.8616508956085249,0.003724979877162995,0.13462412451431208,0.7270267710942129
GOOGL,lightgbm,3,2023-09-06,0,-1,0.8168739970601521,0.0436476336022881,0.1394783693375599,0.6773956277225922
GOOGL,lightgbm,3,2023-09-07,1,-1,0.6787884635481043,0.09505411850318168,0.22615741794871405,0.45263104559939027
GOOGL,lightgbm,3,2023-09-08,0,0,0.6625351225468705,0.0007289515492061664,0.33673592590392326,0.32579919664294726
GOOGL,lightgbm,3,2023-09-11,0,-1,0.7233170341751008,0.0019162659817764881,0.27476669984312263,0.4485503343319782
GOOGL,lightgbm,3,2023-09-12,0,-1,0.5482229729676928,0.09207358544917224,0.35970344158313494,0.1885195313845579
GOOGL,lightgbm,3,2023-09-13,-1,0,0.8394291550940334,0.004930731868721131,0.15564011303724554,0.6837890420567878
GOOGL,lightgbm,3,2023-09-14,-1,0,0.7775319618550601,0.002561802616138236,0.2199062355288017,0.5576257263262584
GOOGL,lightgbm,3,2023-09-15,-1,0,0.893280176136803,0.005292433364635698,0.10142739049856135,0.7918527856382417
GOOGL,lightgbm,3,2023-09-18,-1,0,0.8177922060002578,0.001418451200283835,0.18078934279945844,0.6370028632007994
GOOGL,lightgbm,3,2023-09-19,-1,0,0.8627079373179822,0.0017496260845377225,0.13554243659747992,0.7271655007205023
GOOGL,lightgbm,3,2023-09-20,-1,1,0.8403595737105446,0.8403595737105446,0.15296307032933562,0.687396503381209
GOOGL,lightgbm,3,2023-09-21,0,1,0.7526394545634103,0.7526394545634103,0.1731668089219035,0.5794726456415068
GOOGL,lightgbm,3,2023-09-22,0,1,0.5991296396938891,0.5991296396938891,0.2918478717620376,0.3072817679318515
GOOGL,lightgbm,3,2023-09-25,1,-1,0.7933042081339448,0.16357460105840152,0.16357460105840152,0.6297296070755433
GOOGL,lightgbm,3,2023-09-26,1,1,0.9652005899013196,0.9652005899013196,0.022407936702298913,0.9427926531990207
GOOGL,lightgbm,3,2023-09-27,1,0,0.41287578551523385,0.201304726848345,0.3858194876364211,0.02705629787881275
GOOGL,lightgbm,3,2023-09-28,1,0,0.5228316779747728,0.1700246519055605,0.3071436701196667,0.2156880078551061
GOOGL,lightgbm,3,2023-09-29,1,1,0.965761845701615,0.965761845701615,0.0255698932037611,0.9401919524978539
GOOGL,lightgbm,3,2023-10-02,1,0,0.8316130537390684,0.09389681179086393,0.09389681179086393,0.7377162419482044
GOOGL,lightgbm,3,2023-10-03,1,-1,0.9265510691718651,0.016257256913763937,0.0571916739143711,0.8693593952574941
GOOGL,lightgbm,3,2023-10-04,1,-1,0.757843175172394,0.004749209064786316,0.2374076157628197,0.5204355594095742
GOOGL,lightgbm,3,2023-10-05,1,-1,0.8310590275217082,0.018733721202434623,0.15020725127585724,0.680851776245851
GOOGL,lightgbm,3,2023-10-06,0,-1,0.7732320431966493,0.006993938361101049,0.21977401844224967,0.5534580247543996
GOOGL,lightgbm,3,2023-10-09,0,-1,0.912989454849282,0.006216296621830066,0.08079424852888799,0.832195206320394
GOOGL,lightgbm,3,2023-10-10,0,0,0.6705031592607804,0.00045714036924817867,0.3290397003699713,0.3414634588908091
GOOGL,lightgbm,3,2023-10-11,0,-1,0.72491590684802,0.0012709192269533712,0.2738131739250266,0.4511027329229934
GOOGL,lightgbm,3,2023-10-12,0,-1,0.8688491775904338,0.002701049705222291,0.12844977270434393,0.7403994048860898
GOOGL,lightgbm,3,2023-10-13,0,-1,0.7530223341853897,0.1557607846750136,0.1557607846750136,0.597261549510376
GOOGL,lightgbm,3,2023-10-16,0,-1,0.8688896684917584,0.014633796131655144,0.11647653537658645,0.752413133115172
GOOGL,lightgbm,3,2023-10-17,0,-1,0.747421084212402,0.005117575434941023,0.24746134035265696,0.49995974385974506
GOOGL,lightgbm,3,2023-10-18,-1,-1,0.7574964111176302,0.089785843240016,0.15271774564235385,0.6047786654752764
GOOGL,lightgbm,3,2023-10-19,-1,-1,0.5868867012987676,0.09497162160572346,0.31814167709550883,0.2687450242032588
GOOGL,lightgbm,3,2023-10-20,-1,-1,0.40195927051347297,0.20274140847524955,0.39529932101127757,0.006659949502195395
GOOGL,lightgbm,3,2023-10-23,-1,0,0.3953217833405351,0.2614554279178772,0.34322278874158774,0.052098994598947346
GOOGL,lightgbm,3,2023-10-24,-1,-1,0.6899195657865207,0.023354355916255322,0.2867260782972239,0.4031934874892968
GOOGL,lightgbm,3,2023-10-25,0,0,0.4663912292195892,0.12477643983067546,0.4088323309497353,0.057558898269853886
GOOGL,lightgbm,3,2023-10-26,1,0,0.9014629332566422,0.03302292502190926,0.0655141417214486,0.8359487915351935
GOOGL,lightgbm,3,2023-10-27,1,0,0.983574531970453,0.011411260813249408,0.011411260813249408,0.9721632711572036
GOOGL,lightgbm,3,2023-10-30,1,-1,0.8724581853763379,0.009048496301311092,0.1184933183223511,0.7539648670539868
GOOGL,lightgbm,3,2023-10-31,1,-1,0.6717784865676993,0.00086506145174085,0.32735645198055985,0.3444220345871395
GOOGL,lightgbm,3,2023-11-01,1,-1,0.7697506386192722,0.0008299908149912682,0.22941937056573658,0.5403312680535356
GOOGL,lightgbm,3,2023-11-02,1,-1,0.8719409056945826,0.0004980158424653451,0.12756107846295198,0.7443798272316307
GOOGL,lightgbm,3,2023-11-03,1,-1,0.7089274291602098,0.0005455772893345422,0.29052699355045575,0.41840043560975404
GOOGL,lightgbm,3,2023-11-06,0,0,0.8681882415751713,0.0033759515311085745,0.12843580689372003,0.7397524346814512
GOOGL,lightgbm,3,2023-11-07,1,0,0.8599350605386177,0.0018529833408534957,0.1382119561205288,0.7217231044180888
GOOGL,lightgbm,3,2023-11-08,1,-1,0.9773922326835647,0.00828862566256773,0.014319141653867396,0.9630730910296973
GOOGL,lightgbm,3,2023-11-09,1,-1,0.5494834460574929,0.15464675412158949,0.29586979982091766,0.25361364623657523
GOOGL,lightgbm,3,2023-11-10,1,-1,0.82362728983597,0.05251657455129563,0.12385613561273438,0.6997711542232357
GOOGL,lightgbm,3,2023-11-13,1,-1,0.8051410921777373,0.062014765321911004,0.1328441425003517,0.6722969496773856
GOOGL,lightgbm,3,2023-11-14,1,0,0.7187088110456367,0.013951884790076077,0.26733930416428736,0.4513695068813493
GOOGL,lightgbm,3,2023-11-15,1,0,0.5440941051265423,0.01287590332092828,0.4430299915525294,0.1010641135740129
GOOGL,lightgbm,3,2023-11-16,0,0,0.8004616569402941,0.02278513653663193,0.17675320652307389,0.6237084504172202
GOOGL,lightgbm,3,2023-11-17,0,0,0.685616310732315,0.1525103543815313,0.16187333488615388,0.5237429758461611
GOOGL,lightgbm,3,2023-11-20,0,1,0.41429506803614763,0.41429506803614763,0.29591076319006226,0.11838430484608536
GOOGL,lightgbm,3,2023-11-21,0,0,0.7992223837705111,0.07995149536347011,0.12082612086601877,0.6783962629044924
GOOGL,lightgbm,3,2023-11-22,-1,-1,0.8038115271226591,0.009962222467321044,0.18622625041001983,0.6175852767126393
GOOGL,lightgbm,3,2023-11-24,-1,1,0.5590641184267823,0.5590641184267823,0.315199141959512,0.2438649764672703
GOOGL,lightgbm,3,2023-11-27,-1,-1,0.9046528927376252,0.032795121352980856,0.06255198590939383,0.8421009068282314
GOOGL,lightgbm,3,2023-11-28,-1,-1,0.6523421905447633,0.22669856973999603,0.22669856973999603,0.42564362080476725
GOOGL,lightgbm,3,2023-11-29,-1,-1,0.8213746346515489,0.042871427209957,0.135753938138494,0.6856206965130549
GOOGL,lightgbm,3,2023-11-30,1,1,0.6029249366977076,0.6029249366977076,0.33662575779265974,0.2662991789050479
GOOGL,lightgbm,3,2023-12-01,1,-1,0.9700430552982826,0.009582745796586719,0.020374198905130668,0.9496688563931519
GOOGL,lightgbm,3,2023-12-04,1,0,0.7472117233031502,0.015453907100940268,0.23733436959590956,0.5098773537072406
GOOGL,lightgbm,3,2023-12-05,0,-1,0.6405815117559389,0.13030191670633717,0.22911657153772388,0.411464940218215
GOOGL,lightgbm,3,2023-12-06,0,-1,0.815907977534105,0.023404257045201406,0.1606877654206935,0.6552202121134115
GOOGL,lightgbm,3,2023-12-07,-1,0,0.4497456173197369,0.3239204805810064,0.3239204805810064,0.12582513673873047
GOOGL,lightgbm,3,2023-12-08,0,0,0.7240662991544812,0.048509977969413844,0.22742372287610513,0.49664257627837605
GOOGL,lightgbm,3,2023-12-11,0,-1,0.8403299997839184,0.008074635573941233,0.15159536464214038,0.688734635141778
GOOGL,lightgbm,3,2023-12-12,1,-1,0.9562472779183442,0.021427122254233016,0.022325599827422764,0.9339216780909214
GOOGL,lightgbm,3,2023-12-13,1,-1,0.5618951773970023,0.23422940779657103,0.23422940779657103,0.3276657696004313
GOOGL,lightgbm,3,2023-12-14,1,0,0.6342273783501453,0.18379876535083325,0.18379876535083325,0.45042861299931203
GOOGL,lightgbm,3,2023-12-15,1,0,0.5759262916217964,0.14064836613374357,0.28342534224446,0.29250094937733645
GOOGL,lightgbm,3,2023-12-18,1,-1,0.7142784824440569,0.04146564165047848,0.24425587590546455,0.47002260653859235
GOOGL,lightgbm,3,2023-12-19,1,0,0.7544106798001176,0.0029951760442141085,0.24259414415566813,0.5118165356444494
GOOGL,lightgbm,3,2023-12-20,0,0,0.8471131744332835,0.015257944193921295,0.1376288813727953,0.7094842930604882
GOOGL,lightgbm,3,2023-12-21,0,-1,0.788580520912489,0.011157746107784236,0.20026173297972677,0.5883187879327623
GOOGL,lightgbm,3,2023-12-22,-1,-1,0.6738177324754665,0.03642449313929084,0.28975777438524275,0.38405995809022375
GOOGL,lightgbm,3,2023-12-26,0,0,0.7147196030529853,0.058010945739790334,0.2272694512072243,0.487450151845761
GOOGL,lightgbm,3,2023-12-27,-1,0,0.523873364529917,0.02194499497745189,0.45418164049263127,0.06969172403728568
GOOGL,lightgbm,3,2023-12-28,-1,0,0.856924086025406,0.04184084028269935,0.10123507369189463,0.7556890123335114
GOOGL,lightgbm,3,2023-12-29,0,0,0.4930944806311324,0.04206170892309061,0.46484381044577683,0.028250670185355597
GOOGL,lightgbm,3,2024-01-02,1,-1,0.7951831490202914,0.17609360739726607,0.17609360739726607,0.6190895416230253
GOOGL,lightgbm,3,2024-01-03,1,-1,0.6144170136863658,0.02385386138870143,0.3617291249249327,0.2526878887614331
GOOGL,lightgbm,3,2024-01-04,1,-1,0.8703854165115725,0.020195174479755905,0.10941940900867167,0.7609660075029009
GOOGL,lightgbm,3,2024-01-05,1,-1,0.9028885292871803,0.07843714587583962,0.07843714587583962,0.8244513834113407
GOOGL,lightgbm,3,2024-01-08,1,-1,0.5237647171851939,0.11797936591128812,0.358255916903518,0.16550880028167592
GOOGL,lightgbm,3,2024-01-09,0,0,0.7737229359204361,0.03282474622919039,0.19345231785037345,0.5802706180700626
GOOGL,lightgbm,3,2024-01-10,0,-1,0.6894875581059522,0.0077966917042497615,0.30271575018979796,0.38677180791615423
GOOGL,lightgbm,3,2024-01-11,1,0,0.872549993709097,0.04593243365714242,0.08151757263376062,0.7910324210753364
GOOGL,lightgbm,3,2024-01-12,1,0,0.9779654857240778,0.002339596279857916,0.019694917996064223,0.9582705677280136
GOOGL,lightgbm,3,2024-01-16,1,-1,0.5658826988012103,0.007346040127916264,0.4267712610708734,0.13911143773033696
GOOGL,lightgbm,3,2024-01-17,1,-1,0.5477944600259327,0.28033446019576164,0.28033446019576164,0.26745999983017105
GOOGL,lightgbm,3,2024-01-18,1,0,0.653497184970763,0.007320077857443784,0.3391827371717931,0.31431444779896994
GOOGL,lightgbm,3,2024-01-19,1,0,0.7953952196022931,0.01244927626775196,0.19215550412995505,0.603239715472338
GOOGL,lightgbm,3,2024-01-22,1,0,0.8484217929164611,0.01402017610650117,0.13755803097703764,0.7108637619394235
GOOGL,lightgbm,3,2024-01-23,1,0,0.6224633159198024,0.025370724935687143,0.35216595914451054,0.2702973567752919
GOOGL,lightgbm,3,2024-01-24,-1,0,0.9609195462572648,0.004618755449578229,0.03446169829315682,0.926457847964108
GOOGL,lightgbm,3,2024-01-25,-1,0,0.8939567903115966,0.0042922251245295995,0.101750984563874,0.7922058057477226
GOOGL,lightgbm,3,2024-01-26,-1,0,0.8465878010653503,0.005816217440578306,0.1475959814940714,0.6989918195712789
GOOGL,lightgbm,3,2024-01-29,-1,0,0.8254820287056679,0.002733389507859271,0.17178458178647277,0.6536974469191952
GOOGL,lightgbm,3,2024-01-30,-1,0,0.8125867985164712,0.07536533069754003,0.11204787078598866,0.7005389277304825
GOOGL,lightgbm,3,2024-01-31,1,-1,0.5875743081631719,0.19509261259142552,0.2173330792454027,0.3702412289177692
GOOGL,lightgbm,3,2024-02-01,1,-1,0.8809293624140729,0.07968099247379924,0.07968099247379924,0.8012483699402737
GOOGL,lightgbm,3,2024-02-02,1,-1,0.547360358740292,0.049441255188827575,0.4031983860708803,0.14416197266941166
GOOGL,lightgbm,3,2024-02-05,1,-1,0.9247660114823273,0.04680748280546816,0.04680748280546816,0.8779585286768591
GOOGL,lightgbm,3,2024-02-06,0,-1,0.8874575165413497,0.05967526603561398,0.05967526603561398,0.8277822505057357
GOOGL,lightgbm,3,2024-02-07,0,0,0.8227323618312241,0.04957273897274812,0.12769489919602783,0.6950374626351963
GOOGL,lightgbm,3,2024-02-08,-1,0,0.5974919645276714,0.029162961053305632,0.3733450744190229,0.22414689010864847
GOOGL,lightgbm,3,2024-02-09,-1,0,0.8395606278980262,0.04803653096074446,0.11240284114122946,0.7271577867567968
GOOGL,lightgbm,3,2024-02-12,-1,0,0.6616098210402585,0.0274463829057759,0.3109437960539657,0.35066602498629273
GOOGL,lightgbm,3,2024-02-13,0,-1,0.7496160402473228,0.1939730168666213,0.1939730168666213,0.5556430233807015
GOOGL,lightgbm,3,2024-02-14,0,-1,0.908993809332472,0.08226970497922559,0.08226970497922559,0.8267241043532464
GOOGL,lightgbm,3,2024-02-15,0,0,0.7151157992412259,0.07540004301635542,0.2094841577424187,0.5056316414988072
GOOGL,lightgbm,3,2024-02-16,-1,-1,0.3987271921332958,0.20555424444660975,0.3957185634200943,0.003008628713201511
GOOGL,lightgbm,3,2024-02-20,0,-1,0.38344622683160434,0.23825374674218433,0.3783000264262114,0.005146200405392931
GOOGL,lightgbm,3,2024-02-21,-1,0,0.5496807624218488,0.3661904498115793,0.3661904498115793,0.18349031261026955
GOOGL,lightgbm,3,2024-02-22,-1,0,0.8941238964073234,0.004449986714439465,0.10142611687823722,0.7926977795290862
GOOGL,lightgbm,3,2024-02-23,-1,0,0.6123679915087406,0.060074706864631955,0.32755730162662755,0.284810689882113
GOOGL,lightgbm,3,2024-02-26,-1,1,0.7406024607822292,0.7406024607822292,0.23190167198755401,0.5087007887946753
GOOGL,lightgbm,3,2024-02-27,-1,-1,0.9079347409536311,0.025108347017039293,0.06695691202932964,0.8409778289243015
GOOGL,lightgbm,3,2024-02-28,-1,-1,0.9306464041813526,0.02597466842089763,0.04337892739774994,0.8872674767836026
GOOGL,lightgbm,3,2024-02-29,-1,-1,0.5922916839814865,0.011694689204897859,0.39601362681361557,0.1962780571678709
GOOGL,lightgbm,3,2024-03-01,0,-1,0.8014706058305426,0.12905613622603215,0.12905613622603215,0.6724144696045105
GOOGL,lightgbm,3,2024-03-04,1,-1,0.5121861732598423,0.45061670614167787,0.45061670614167787,0.06156946711816441
GOOGL,lightgbm,3,2024-03-05,1,-1,0.8082479788408574,0.020555250347366646,0.17119677081177584,0.6370512080290816
GOOGL,lightgbm,3,2024-03-06,1,-1,0.8160457776733308,0.07393960919674694,0.11001461312992233,0.7060311645434084
GOOGL,lightgbm,3,2024-03-07,1,0,0.7660241631857622,0.02629551751259758,0.20768031930164016,0.558343843884122
GOOGL,lightgbm,3,2024-03-08,1,-1,0.7584714718955525,0.010688270106600872,0.23084025799784658,0.527631213897706
GOOGL,lightgbm,3,2024-03-11,1,-1,0.5167527539743786,0.051905366483363795,0.4313418795422576,0.08541087443212098
GOOGL,lightgbm,3,2024-03-12,1,0,0.5002615124577082,0.029682687570728797,0.47005579997156305,0.030205712486145175
GOOGL,lightgbm,3,2024-03-13,1,-1,0.840145696608201,0.039968087260187864,0.11988621613161105,0.72025948047659
GOOGL,lightgbm,3,2024-03-14,1,-1,0.5143353918279339,0.07678288327936073,0.4088817248927054,0.10545366693522845
GOOGL,lightgbm,3,2024-03-15,1,-1,0.9589601931914753,0.007201282264449421,0.03383852454407535,0.9251216686474
GOOGL,lightgbm,3,2024-03-18,0,0,0.993992177570407,0.0028992355888670914,0.003108586840725865,0.9908835907296811
GOOGL,lightgbm,3,2024-03-19,1,0,0.9912493028934201,0.006194557848959007,0.006194557848959007,0.985054745044461
GOOGL,lightgbm,3,2024-03-20,0,0,0.9840884047287467,0.001424100254477196,0.014487495016775978,0.9696009097119708
GOOGL,lightgbm,3,2024-03-21,1,0,0.9003538910195392,0.03631232111510493,0.06333378786535597,0.8370201031541833
GOOGL,lightgbm,3,2024-03-22,1,0,0.9969075922541352,0.0010106404824590334,0.0020817672634056913,0.9948258249907295
GOOGL,lightgbm,3,2024-03-25,1,0,0.9292945989046676,0.02005444554843908,0.050650955546893334,0.8786436433577742
GOOGL,lightgbm,3,2024-03-26,1,0,0.6651747640748484,0.0010942512966085102,0.333730984628543,0.33144377944630543
GOOGL,lightgbm,3,2024-03-27,0,0,0.8338851632991371,0.0015682270409157234,0.16454660965994727,0.6693385536391898
GOOGL,lightgbm,3,2024-03-28,0,0,0.933917417820843,0.00020178713171234091,0.06588079504744469,0.8680366227733983
GOOGL,lightgbm,3,2024-04-01,0,0,0.9679189924242018,0.0019304311681762364,0.03015057640762208,0.9377684160165797
GOOGL,lightgbm,3,2024-04-02,0,-1,0.970219272849425,0.00216402374076325,0.027616703409811857,0.9426025694396132
GOOGL,lightgbm,3,2024-04-03,0,-1,0.9253568817197825,0.0005500496854657204,0.07409306859475195,0.8512638131250305
GOOGL,lightgbm,3,2024-04-04,1,-1,0.6876555144862474,0.04352104041407156,0.2688234450996811,0.4188320693865663
GOOGL,lightgbm,3,2024-04-05,1,-1,0.9037888381283784,0.08173110635630793,0.08173110635630793,0.8220577317720705
GOOGL,lightgbm,3,2024-04-08,0,-1,0.7063961088667018,0.010488595015575926,0.2831152961177221,0.42328081274897966
GOOGL,lightgbm,3,2024-04-09,0,-1,0.793827081413134,0.01097583833690401,0.19519708024996196,0.598630001163172
GOOGL,lightgbm,3,2024-04-10,0,-1,0.9203769195906769,0.008860221570111156,0.07076285883921198,0.849614060751465
GOOGL,lightgbm,3,2024-04-11,-1,0,0.7979667043463309,0.00023755228066430373,0.20179574337300488,0.596170960973326
GOOGL,lightgbm,3,2024-04-12,-1,-1,0.9065654178468977,0.0013661195664262623,0.09206846258667614,0.8144969552602216
GOOGL,lightgbm,3,2024-04-15,0,-1,0.7426501909073298,0.13795456843250578,0.13795456843250578,0.604695622474824
GOOGL,lightgbm,3,2024-04-16,1,0,0.4318443550825169,0.3032580107324814,0.3032580107324814,0.12858634435003552
GOOGL,lightgbm,3,2024-04-17,1,-1,0.9212427038599053,0.061295978109925896,0.061295978109925896,0.8599467257499793
GOOGL,lightgbm,3,2024-04-18,0,-1,0.9615446539762423,0.0010981704326224156,0.037357175591135244,0.9241874783851071
GOOGL,lightgbm,3,2024-04-19,1,-1,0.8176387542532778,0.03569766148610735,0.14666358426061493,0.6709751699926629
GOOGL,lightgbm,3,2024-04-22,1,-1,0.9924842500351967,0.0012964414611178177,0.00621930850368543,0.9862649415315112
GOOGL,lightgbm,3,2024-04-23,1,-1,0.9403090353213711,0.0010200066952056148,0.05867095798342329,0.8816380773379479
GOOGL,lightgbm,3,2024-04-24,1,-1,0.9501846804139215,0.00025589531806369595,0.04955942426801492,0.9006252561459065
GOOGL,lightgbm,3,2024-04-25,1,0,0.9215793915024575,0.02396911009984267,0.054451498397699666,0.8671278931047578
GOOGL,lightgbm,3,2024-04-26,-1,-1,0.6749811828640114,0.002549893225231156,0.32246892391075754,0.3525122589532539
GOOGL,lightgbm,3,2024-04-29,0,0,0.48694534550639806,0.04504344428159089,0.46801121021201114,0.018934135294386922
GOOGL,lightgbm,3,2024-04-30,1,-1,0.6411567797134815,0.26285224375362376,0.26285224375362376,0.37830453595985775
GOOGL,lightgbm,3,2024-05-01,1,-1,0.5303938360603393,0.06247696593804026,0.40712919800162045,0.12326463805871885
GOOGL,lightgbm,3,2024-05-02,1,0,0.49883824984520214,0.17376422775229838,0.32739752240249936,0.17144072744270278
GOOGL,lightgbm,3,2024-05-03,0,1,0.5124264413718461,0.5124264413718461,0.27562238177728243,0.2368040595945637
GOOGL,lightgbm,3,2024-05-06,0,0,0.7725237092612058,0.07430808081021102,0.15316820992858302,0.6193554993326228
GOOGL,lightgbm,3,2024-05-07,0,0,0.9307815685887558,0.0015631086161228284,0.0676553227951214,0.8631262457936344
GOOGL,lightgbm,3,2024-05-08,0,0,0.887265357651749,0.07894876622448099,0.07894876622448099,0.808316591427268
GOOGL,lightgbm,3,2024-05-09,1,0,0.9725071419002074,0.007799027824874911,0.019693830274917546,0.9528133116252898
GOOGL,lightgbm,3,2024-05-10,1,0,0.5234426073660317,0.06428337963158529,0.41227401300238303,0.11116859436364862
GOOGL,lightgbm,3,2024-05-13,1,0,0.7934551300528407,0.11335779840222902,0.11335779840222902,0.6800973316506117
GOOGL,lightgbm,3,2024-05-14,1,0,0.841194634831881,0.0015772129802984396,0.15722815218782055,0.6839664826440603
GOOGL,lightgbm,3,2024-05-15,1,0,0.8084511746357919,0.006894145137477274,0.18465468022673073,0.6237964944090612
GOOGL,lightgbm,3,2024-05-16,0,0,0.770946628291567,0.000805673113502323,0.22824769859493066,0.5426989296966364
GOOGL,lightgbm,3,2024-05-17,0,0,0.5048113600977334,0.0025111604100568207,0.4926774794922097,0.012133880605523728
GOOGL,lightgbm,3,2024-05-20,0,0,0.7290868089156151,0.0005044213530552484,0.27040876973132955,0.4586780391842855
GOOGL,lightgbm,3,2024-05-21,0,0,0.5236517541021204,0.003010745531254302,0.4733375003666254,0.050314253735494974
GOOGL,lightgbm,3,2024-05-22,-1,-1,0.5496393834410221,0.0030312067094730778,0.4473294098495049,0.10230997359151722
