ticker,model,fold,date,y_true,y_pred,confidence,bullish_probability,second_best_probability,probability_margin
GOOGL,xgboost,1,2019-10-03,0,1,0.43395984172821045,0.43395984172821045,0.378520667552948,0.05543917417526245
GOOGL,xgboost,1,2019-10-04,0,1,0.7960901260375977,0.7960901260375977,0.18749526143074036,0.6085948646068573
GOOGL,xgboost,1,2019-10-07,0,1,0.9740281701087952,0.9740281701087952,0.01959233544766903,0.9544358346611261
GOOGL,xgboost,1,2019-10-08,1,1,0.9168228507041931,0.9168228507041931,0.05822838842868805,0.8585944622755051
GOOGL,xgboost,1,2019-10-09,1,1,0.9651641249656677,0.9651641249656677,0.029276235029101372,0.9358878899365664
GOOGL,xgboost,1,2019-10-10,1,1,0.9771653413772583,0.9771653413772583,0.020621882751584053,0.9565434586256742
GOOGL,xgboost,1,2019-10-11,1,1,0.7834581732749939,0.7834581732749939,0.19569280743598938,0.5877653658390045
GOOGL,xgboost,1,2019-10-14,1,1,0.8780875205993652,0.8780875205993652,0.11476968228816986,0.7633178383111954
GOOGL,xgboost,1,2019-10-15,0,1,0.5454848408699036,0.5454848408699036,0.357749342918396,0.18773549795150757
GOOGL,xgboost,1,2019-10-16,0,-1,0.44152215123176575,0.367835134267807,0.367835134267807,0.07368701696395874
GOOGL,xgboost,1,2019-10-17,0,0,0.4570842683315277,0.12130280584096909,0.4216128885746002,0.03547137975692749
GOOGL,xgboost,1,2019-10-18,0,-1,0.4460388123989105,0.32477161288261414,0.32477161288261414,0.12126719951629639
GOOGL,xgboost,1,2019-10-21,1,1,0.502657949924469,0.502657949924469,0.3913969099521637,0.1112610399723053
GOOGL,xgboost,1,2019-10-22,0,1,0.9065965414047241,0.9065965414047241,0.07096567004919052,0.8356308713555336
GOOGL,xgboost,1,2019-10-23,0,0,0.7778639197349548,0.0617571622133255,0.16037894785404205,0.6174849718809128
GOOGL,xgboost,1,2019-10-24,0,0,0.6385935544967651,0.28799179196357727,0.28799179196357727,0.35060176253318787
GOOGL,xgboost,1,2019-10-25,0,0,0.7863039970397949,0.17342603206634521,0.17342603206634521,0.6128779649734497
GOOGL,xgboost,1,2019-10-28,0,-1,0.8694872856140137,0.06264260411262512,0.06787008792161942,0.8016171976923943
GOOGL,xgboost,1,2019-10-29,1,0,0.8967946171760559,0.09873562306165695,0.09873562306165695,0.798058994114399
GOOGL,xgboost,1,2019-10-30,1,0,0.8181909322738647,0.17554724216461182,0.17554724216461182,0.6426436901092529
GOOGL,xgboost,1,2019-10-31,1,1,0.5842485427856445,0.5842485427856445,0.40480855107307434,0.1794399917125702
GOOGL,xgboost,1,2019-11-01,1,0,0.8445503115653992,0.1324930638074875,0.1324930638074875,0.7120572477579117
GOOGL,xgboost,1,2019-11-04,0,0,0.98116135597229,0.013721081428229809,0.013721081428229809,0.9674402745440602
GOOGL,xgboost,1,2019-11-05,0,0,0.5297879576683044,0.38367703557014465,0.38367703557014465,0.1461109220981598
GOOGL,xgboost,1,2019-11-06,0,0,0.7588388919830322,0.11956900358200073,0.12159214168787003,0.6372467502951622
GOOGL,xgboost,1,2019-11-07,0,0,0.7884395122528076,0.08813989907503128,0.1234206035733223,0.6650189086794853
GOOGL,xgboost,1,2019-11-08,0,0,0.7677720189094543,0.12070149928331375,0.12070149928331375,0.6470705196261406
GOOGL,xgboost,1,2019-11-11,0,0,0.856795072555542,0.08090440183877945,0.08090440183877945,0.7758906707167625
GOOGL,xgboost,1,2019-11-12,0,1,0.5487926006317139,0.5487926006317139,0.37812569737434387,0.17066690325737
GOOGL,xgboost,1,2019-11-13,0,1,0.7930503487586975,0.7930503487586975,0.18741585314273834,0.6056344956159592
GOOGL,xgboost,1,2019-11-14,0,1,0.5240570902824402,0.5240570902824402,0.44647079706192017,0.07758629322052002
GOOGL,xgboost,1,2019-11-15,-1,-1,0.5292137861251831,0.03406719118356705,0.43671903014183044,0.09249475598335266
GOOGL,xgboost,1,2019-11-18,0,0,0.919529378414154,0.009092390537261963,0.07137826085090637,0.8481511175632477
GOOGL,xgboost,1,2019-11-19,0,0,0.7867733836174011,0.16886542737483978,0.16886542737483978,0.6179079562425613
GOOGL,xgboost,1,2019-11-20,0,1,0.5272415280342102,0.5272415280342102,0.4426974952220917,0.08454403281211853
GOOGL,xgboost,1,2019-11-21,0,1,0.9410222172737122,0.9410222172737122,0.05238582566380501,0.8886363916099072
GOOGL,xgboost,1,2019-11-22,0,1,0.8212372660636902,0.8212372660636902,0.1683487892150879,0.6528884768486023
GOOGL,xgboost,1,2019-11-25,0,1,0.8035521507263184,0.8035521507263184,0.18844060599803925,0.6151115447282791
GOOGL,xgboost,1,2019-11-26,0,1,0.5580077767372131,0.5580077767372131,0.43507909774780273,0.1229286789894104
GOOGL,xgboost,1,2019-11-27,0,1,0.601625382900238,0.601625382900238,0.39041751623153687,0.21120786666870117
GOOGL,xgboost,1,2019-11-29,1,1,0.8510059118270874,0.8510059118270874,0.1436770111322403,0.7073289006948471
GOOGL,xgboost,1,2019-12-02,1,1,0.9829095602035522,0.9829095602035522,0.014166252687573433,0.9687433075159788
GOOGL,xgboost,1,2019-12-03,1,1,0.9941442608833313,0.9941442608833313,0.004247348289936781,0.9898969125933945
GOOGL,xgboost,1,2019-12-04,0,0,0.7402839660644531,0.2436468005180359,0.2436468005180359,0.49663716554641724
GOOGL,xgboost,1,2019-12-05,0,1,0.6698430180549622,0.6698430180549622,0.2239331156015396,0.44590990245342255
GOOGL,xgboost,1,2019-12-06,0,1,0.819571316242218,0.819571316242218,0.1381123811006546,0.6814589351415634
GOOGL,xgboost,1,2019-12-09,0,1,0.8322611451148987,0.8322611451148987,0.0937732458114624,0.7384878993034363
GOOGL,xgboost,1,2019-12-10,0,0,0.6505530476570129,0.3263302147388458,0.3263302147388458,0.3242228329181671
GOOGL,xgboost,1,2019-12-11,0,1,0.6334696412086487,0.6334696412086487,0.32577744126319885,0.30769219994544983
GOOGL,xgboost,1,2019-12-12,0,0,0.7014452219009399,0.2544224262237549,0.2544224262237549,0.44702279567718506
GOOGL,xgboost,1,2019-12-13,0,1,0.9177399277687073,0.9177399277687073,0.07178609818220139,0.8459538295865059
GOOGL,xgboost,1,2019-12-16,0,1,0.9316051602363586,0.9316051602363586,0.04438061639666557,0.8872245438396931
GOOGL,xgboost,1,2019-12-17,0,1,0.8429427742958069,0.8429427742958069,0.13595688343048096,0.7069858908653259
GOOGL,xgboost,1,2019-12-18,0,1,0.9302991628646851,0.9302991628646851,0.05448547378182411,0.875813689082861
GOOGL,xgboost,1,2019-12-19,0,1,0.5700863599777222,0.5700863599777222,0.41911157965660095,0.15097478032112122
GOOGL,xgboost,1,2019-12-20,0,0,0.5834680199623108,0.3912365436553955,0.3912365436553955,0.19223147630691528
GOOGL,xgboost,1,2019-12-23,0,1,0.6914758086204529,0.6914758086204529,0.2908082902431488,0.4006675183773041
GOOGL,xgboost,1,2019-12-24,0,1,0.887168824672699,0.887168824672699,0.10611938685178757,0.7810494378209114
GOOGL,xgboost,1,2019-12-26,0,1,0.6336367130279541,0.6336367130279541,0.34209439158439636,0.29154232144355774
GOOGL,xgboost,1,2019-12-27,1,1,0.7097561955451965,0.7097561955451965,0.2733083963394165,0.43644779920578003
GOOGL,xgboost,1,2019-12-30,1,1,0.9909601211547852,0.9909601211547852,0.007049948442727327,0.9839101727120578
GOOGL,xgboost,1,2019-12-31,1,1,0.9827054738998413,0.9827054738998413,0.015269165858626366,0.9674363080412149
GOOGL,xgboost,1,2020-01-02,1,0,0.6945315003395081,0.292025625705719,0.292025625705719,0.40250587463378906
GOOGL,xgboost,1,2020-01-03,1,1,0.9233468770980835,0.9233468770980835,0.058488525450229645,0.8648583516478539
GOOGL,xgboost,1,2020-01-06,1,0,0.5130747556686401,0.4332379996776581,0.4332379996776581,0.07983675599098206
GOOGL,xgboost,1,2020-01-07,1,1,0.8382732272148132,0.8382732272148132,0.13851319253444672,0.6997600346803665
GOOGL,xgboost,1,2020-01-08,1,0,0.5352210998535156,0.42954498529434204,0.42954498529434204,0.10567611455917358
GOOGL,xgboost,1,2020-01-09,1,1,0.5630149245262146,0.5630149245262146,0.3706021308898926,0.19241279363632202
GOOGL,xgboost,1,2020-01-10,1,-1,0.6181080937385559,0.1891881674528122,0.1927037090063095,0.4254043847322464
GOOGL,xgboost,1,2020-01-13,1,-1,0.44404277205467224,0.18042197823524475,0.3755352199077606,0.06850755214691162
GOOGL,xgboost,1,2020-01-14,1,0,0.4408036470413208,0.29495054483413696,0.29495054483413696,0.14585310220718384
GOOGL,xgboost,1,2020-01-15,1,1,0.8324661254882812,0.8324661254882812,0.10939051955938339,0.7230756059288979
GOOGL,xgboost,1,2020-01-16,0,1,0.5024558305740356,0.5024558305740356,0.41125914454460144,0.0911966860294342
GOOGL,xgboost,1,2020-01-17,-1,-1,0.918100893497467,0.01475505530834198,0.067144013941288,0.850956879556179
GOOGL,xgboost,1,2020-01-21,-1,-1,0.961037814617157,0.0070709106512367725,0.03189131245017052,0.9291465021669865
GOOGL,xgboost,1,2020-01-22,0,-1,0.9226306080818176,0.009915433824062347,0.06745394319295883,0.8551766648888588
GOOGL,xgboost,1,2020-01-23,-1,-1,0.855933666229248,0.0342925526201725,0.10977375507354736,0.7461599111557007
GOOGL,xgboost,1,2020-01-24,-1,-1,0.9269934892654419,0.013005777262151241,0.0600007027387619,0.86699278652668
GOOGL,xgboost,1,2020-01-27,1,0,0.8342682123184204,0.15236899256706238,0.15236899256706238,0.681899219751358
GOOGL,xgboost,1,2020-01-28,0,0,0.7948230504989624,0.1932164877653122,0.1932164877653122,0.6016065627336502
GOOGL,xgboost,1,2020-01-29,0,0,0.8051152229309082,0.11609785258769989,0.11609785258769989,0.6890173703432083
GOOGL,xgboost,1,2020-01-30,0,0,0.790293276309967,0.14569322764873505,0.14569322764873505,0.644600048661232
GOOGL,xgboost,1,2020-01-31,1,0,0.495436429977417,0.3783145248889923,0.3783145248889923,0.11712190508842468
GOOGL,xgboost,1,2020-02-03,0,0,0.6981934309005737,0.009866003878414631,0.29194051027297974,0.406252920627594
GOOGL,xgboost,1,2020-02-04,1,0,0.5553529262542725,0.43006882071495056,0.43006882071495056,0.1252841055393219
GOOGL,xgboost,1,2020-02-05,1,0,0.6910242438316345,0.3060239851474762,0.3060239851474762,0.3850002586841583
GOOGL,xgboost,1,2020-02-06,1,0,0.8960898518562317,0.08919457346200943,0.08919457346200943,0.8068952783942223
GOOGL,xgboost,1,2020-02-07,1,1,0.38718080520629883,0.38718080520629883,0.3316698372364044,0.05551096796989441
GOOGL,xgboost,1,2020-02-10,0,0,0.65727698802948,0.02159961499273777,0.3211233913898468,0.3361535966396332
GOOGL,xgboost,1,2020-02-11,0,0,0.42968007922172546,0.2382201999425888,0.33209970593452454,0.09758037328720093
GOOGL,xgboost,1,2020-02-12,0,0,0.47431981563568115,0.2884403169155121,0.2884403169155121,0.18587949872016907
GOOGL,xgboost,1,2020-02-13,0,0,0.740192711353302,0.18681776523590088,0.18681776523590088,0.5533749461174011
GOOGL,xgboost,1,2020-02-14,-1,0,0.6150038838386536,0.28855016827583313,0.28855016827583313,0.32645371556282043
GOOGL,xgboost,1,2020-02-18,-1,1,0.8603954911231995,0.8603954911231995,0.11680658906698227,0.7435889020562172
GOOGL,xgboost,1,2020-02-19,-1,1,0.8987455368041992,0.8987455368041992,0.07441119849681854,0.8243343383073807
GOOGL,xgboost,1,2020-02-20,-1,1,0.9246339201927185,0.9246339201927185,0.041513893753290176,0.8831200264394283
GOOGL,xgboost,1,2020-02-21,-1,1,0.4678494930267334,0.4678494930267334,0.39954274892807007,0.06830674409866333
GOOGL,xgboost,1,2020-02-24,-1,0,0.4206119477748871,0.3080412745475769,0.3080412745475769,0.11257067322731018
GOOGL,xgboost,1,2020-02-25,-1,0,0.8223435878753662,0.057793378829956055,0.11986300349235535,0.7024805843830109
GOOGL,xgboost,1,2020-02-26,0,0,0.8285976052284241,0.04789227247238159,0.12351007759571075,0.7050875276327133
GOOGL,xgboost,1,2020-02-27,0,1,0.8092804551124573,0.8092804551124573,0.17698276042938232,0.632297694683075
GOOGL,xgboost,1,2020-02-28,-1,0,0.7027255892753601,0.20992335677146912,0.20992335677146912,0.492802232503891
GOOGL,xgboost,1,2020-03-02,-1,0,0.6828221678733826,0.02349776215851307,0.2936801314353943,0.3891420364379883
GOOGL,xgboost,1,2020-03-03,-1,0,0.483015239238739,0.45406827330589294,0.45406827330589294,0.02894696593284607
GOOGL,xgboost,1,2020-03-04,-1,0,0.7008473873138428,0.013548689894378185,0.28560391068458557,0.4152434766292572
GOOGL,xgboost,1,2020-03-05,-1,0,0.5198178291320801,0.4473002552986145,0.4473002552986145,0.07251757383346558
GOOGL,xgboost,1,2020-03-06,-1,0,0.6401689648628235,0.29342639446258545,0.29342639446258545,0.34674257040023804
GOOGL,xgboost,1,2020-03-09,-1,0,0.6398023366928101,0.33581089973449707,0.33581089973449707,0.303991436958313
GOOGL,xgboost,1,2020-03-10,-1,0,0.5102897882461548,0.3962675929069519,0.3962675929069519,0.11402219533920288
GOOGL,xgboost,1,2020-03-11,-1,0,0.6790273785591125,0.2979376018047333,0.2979376018047333,0.3810897767543793
GOOGL,xgboost,1,2020-03-12,0,0,0.5914397239685059,0.3535969853401184,0.3535969853401184,0.23784273862838745
GOOGL,xgboost,1,2020-03-13,-1,0,0.6907116174697876,0.22512391209602356,0.22512391209602356,0.46558770537376404
GOOGL,xgboost,1,2020-03-16,0,0,0.4951397478580475,0.4809294044971466,0.4809294044971466,0.014210343360900879
GOOGL,xgboost,1,2020-03-17,0,0,0.575071394443512,0.3831475079059601,0.3831475079059601,0.19192388653755188
GOOGL,xgboost,1,2020-03-18,0,0,0.7094956040382385,0.26196369528770447,0.26196369528770447,0.44753190875053406
GOOGL,xgboost,1,2020-03-19,1,0,0.7526878118515015,0.1526814103126526,0.1526814103126526,0.6000064015388489
GOOGL,xgboost,1,2020-03-20,1,1,0.7000157833099365,0.7000157833099365,0.2670688331127167,0.43294695019721985
GOOGL,xgboost,1,2020-03-23,1,1,0.5569275617599487,0.5569275617599487,0.4182136654853821,0.13871389627456665
GOOGL,xgboost,1,2020-03-24,1,0,0.4359830617904663,0.4130473732948303,0.4130473732948303,0.022935688495635986
GOOGL,xgboost,1,2020-03-25,0,1,0.48460647463798523,0.48460647463798523,0.46814584732055664,0.01646062731742859
GOOGL,xgboost,1,2020-03-26,-1,0,0.6858804225921631,0.19571369886398315,0.19571369886398315,0.49016672372817993
GOOGL,xgboost,1,2020-03-27,0,0,0.7048367857933044,0.27469995617866516,0.27469995617866516,0.4301368296146393
GOOGL,xgboost,1,2020-03-30,1,0,0.6110695600509644,0.25983142852783203,0.25983142852783203,0.3512381315231323
GOOGL,xgboost,1,2020-03-31,0,1,0.5081236362457275,0.5081236362457275,0.33024686574935913,0.1778767704963684
GOOGL,xgboost,1,2020-04-01,1,0,0.5009174942970276,0.4580444395542145,0.4580444395542145,0.04287305474281311
GOOGL,xgboost,1,2020-04-02,1,0,0.6089560389518738,0.2352348119020462,0.2352348119020462,0.3737212270498276
GOOGL,xgboost,1,2020-04-03,1,0,0.4921901822090149,0.3424393832683563,0.3424393832683563,0.14975079894065857
GOOGL,xgboost,1,2020-04-06,1,-1,0.5068912506103516,0.029057087376713753,0.46405163407325745,0.042839616537094116
GOOGL,xgboost,1,2020-04-07,1,-1,0.43078741431236267,0.2336539924144745,0.33555853366851807,0.0952288806438446
GOOGL,xgboost,1,2020-04-08,1,-1,0.7701796293258667,0.02934378944337368,0.20047660171985626,0.5697030276060104
GOOGL,xgboost,1,2020-04-09,1,-1,0.797926127910614,0.008359216153621674,0.1937146782875061,0.6042114496231079
GOOGL,xgboost,1,2020-04-13,1,-1,0.9742518067359924,0.00344919809140265,0.02229904569685459,0.9519527610391378
GOOGL,xgboost,1,2020-04-14,-1,-1,0.8246472477912903,0.0046205366961658,0.17073215544223785,0.6539150923490524
GOOGL,xgboost,1,2020-04-15,0,-1,0.9217755198478699,0.002368789864704013,0.07585569471120834,0.8459198251366615
GOOGL,xgboost,1,2020-04-16,0,-1,0.9587841629981995,0.0018097313586622477,0.039406027644872665,0.9193781353533268
GOOGL,xgboost,1,2020-04-17,0,-1,0.8772987723350525,0.006207956001162529,0.11649329960346222,0.7608054727315903
GOOGL,xgboost,1,2020-04-20,0,-1,0.8178063035011292,0.01137564517557621,0.1708180159330368,0.6469882875680923
GOOGL,xgboost,1,2020-04-21,0,0,0.8465730547904968,0.06875677406787872,0.08467010408639908,0.7619029507040977
GOOGL,xgboost,1,2020-04-22,1,-1,0.602209746837616,0.014163389801979065,0.38362687826156616,0.2185828685760498
GOOGL,xgboost,1,2020-04-23,1,-1,0.8519290685653687,0.007334553636610508,0.1407364159822464,0.7111926525831223
GOOGL,xgboost,1,2020-04-24,1,-1,0.6340919137001038,0.0193453598767519,0.3465627431869507,0.2875291705131531
GOOGL,xgboost,1,2020-04-27,1,0,0.6231814622879028,0.01723797433078289,0.3595805764198303,0.2636008858680725
GOOGL,xgboost,1,2020-04-28,1,0,0.5853215456008911,0.31260985136032104,0.31260985136032104,0.27271169424057007
GOOGL,xgboost,1,2020-04-29,0,-1,0.6910123229026794,0.0066680158488452435,0.3023197054862976,0.38869261741638184
GOOGL,xgboost,1,2020-04-30,0,-1,0.9187964797019958,0.012932589277625084,0.0682709813117981,0.8505254983901978
GOOGL,xgboost,1,2020-05-01,1,-1,0.7933595776557922,0.00899902917444706,0.19764144718647003,0.5957181304693222
GOOGL,xgboost,1,2020-05-04,1,-1,0.6439865827560425,0.007918360643088818,0.34809499979019165,0.29589158296585083
GOOGL,xgboost,1,2020-05-05,0,0,0.6746125221252441,0.006600786000490189,0.3187866508960724,0.35582587122917175
GOOGL,xgboost,1,2020-05-06,0,-1,0.6848761439323425,0.004709320142865181,0.310414582490921,0.3744615614414215
GOOGL,xgboost,1,2020-05-07,0,-1,0.8784047365188599,0.0028514007572084665,0.11874383687973022,0.7596608996391296
GOOGL,xgboost,1,2020-05-08,0,-1,0.9288286566734314,0.0036667906679213047,0.06750454008579254,0.8613241165876389
GOOGL,xgboost,1,2020-05-11,0,-1,0.9413161873817444,0.004690120927989483,0.05399373546242714,0.8873224519193172
GOOGL,xgboost,1,2020-05-12,0,-1,0.5997509360313416,0.014320461079478264,0.38592860102653503,0.21382233500480652
GOOGL,xgboost,1,2020-05-13,1,0,0.8707155585289001,0.08638522773981094,0.08638522773981094,0.7843303307890892
GOOGL,xgboost,1,2020-05-14,1,0,0.8913975358009338,0.08941791206598282,0.08941791206598282,0.801979623734951
GOOGL,xgboost,1,2020-05-15,1,0,0.8731528520584106,0.021410511806607246,0.10543662309646606,0.7677162289619446
GOOGL,xgboost,1,2020-05-18,1,-1,0.6607502698898315,0.023742062970995903,0.3155076801776886,0.34524258971214294
GOOGL,xgboost,1,2020-05-19,1,0,0.8599386811256409,0.024610847234725952,0.11545049399137497,0.7444881871342659
GOOGL,xgboost,1,2020-05-20,0,-1,0.8561974167823792,0.004684836603701115,0.13911773264408112,0.717079684138298
GOOGL,xgboost,1,2020-05-21,0,-1,0.7123427391052246,0.01922091282904148,0.26843637228012085,0.44390636682510376
GOOGL,xgboost,1,2020-05-22,0,-1,0.7447980046272278,0.009102869778871536,0.24609914422035217,0.4986988604068756
GOOGL,xgboost,1,2020-05-26,0,0,0.8660730719566345,0.026096098124980927,0.10783082991838455,0.75824224203825
GOOGL,xgboost,1,2020-05-27,0,0,0.8585785627365112,0.008223666809499264,0.13319770991802216,0.7253808528184891
GOOGL,xgboost,1,2020-05-28,0,1,0.4076303541660309,0.4076303541660309,0.341590940952301,0.06603941321372986
GOOGL,xgboost,1,2020-05-29,0,0,0.8803225755691528,0.06546842306852341,0.06546842306852341,0.8148541525006294
GOOGL,xgboost,1,2020-06-01,0,0,0.8276612162590027,0.09568656235933304,0.09568656235933304,0.7319746538996696
GOOGL,xgboost,1,2020-06-02,0,0,0.5430850982666016,0.09709638357162476,0.3598185181617737,0.18326658010482788
GOOGL,xgboost,1,2020-06-03,0,0,0.8469539284706116,0.07789657264947891,0.07789657264947891,0.7690573558211327
GOOGL,xgboost,1,2020-06-04,0,0,0.5421168208122253,0.3148026466369629,0.3148026466369629,0.22731417417526245
GOOGL,xgboost,1,2020-06-05,0,0,0.6202585697174072,0.24491272866725922,0.24491272866725922,0.375345841050148
GOOGL,xgboost,1,2020-06-08,0,0,0.5032392144203186,0.40622246265411377,0.40622246265411377,0.09701675176620483
GOOGL,xgboost,1,2020-06-09,0,1,0.6151571869850159,0.6151571869850159,0.22054165601730347,0.3946155309677124
GOOGL,xgboost,1,2020-06-10,0,-1,0.40975630283355713,0.19083333015441895,0.3994103968143463,0.010345906019210815
GOOGL,xgboost,1,2020-06-11,1,0,0.6256318092346191,0.3601347804069519,0.3601347804069519,0.26549702882766724
GOOGL,xgboost,1,2020-06-12,0,0,0.5740780234336853,0.4069162905216217,0.4069162905216217,0.1671617329120636
GOOGL,xgboost,1,2020-06-15,1,0,0.6599316000938416,0.33167582750320435,0.33167582750320435,0.3282557725906372
GOOGL,xgboost,1,2020-06-16,0,0,0.5190136432647705,0.29409241676330566,0.29409241676330566,0.22492122650146484
GOOGL,xgboost,1,2020-06-17,0,1,0.6090444326400757,0.6090444326400757,0.31054437160491943,0.29850006103515625
GOOGL,xgboost,1,2020-06-18,0,0,0.7812983393669128,0.2069554328918457,0.2069554328918457,0.5743429064750671
GOOGL,xgboost,1,2020-06-19,-1,1,0.6955589652061462,0.6955589652061462,0.27891823649406433,0.4166407287120819
GOOGL,xgboost,1,2020-06-22,-1,0,0.918292760848999,0.07303086668252945,0.07303086668252945,0.8452618941664696
GOOGL,xgboost,1,2020-06-23,-1,0,0.38131868839263916,0.3438045382499695,0.3438045382499695,0.03751415014266968
GOOGL,xgboost,1,2020-06-24,0,1,0.8808827996253967,0.8808827996253967,0.1124630868434906,0.7684197127819061
GOOGL,xgboost,1,2020-06-25,1,1,0.6447813510894775,0.6447813510894775,0.3282521665096283,0.31652918457984924
GOOGL,xgboost,1,2020-06-26,1,1,0.5011101961135864,0.5011101961135864,0.37357911467552185,0.12753108143806458
GOOGL,xgboost,1,2020-06-29,1,0,0.666506290435791,0.08419625461101532,0.24929742515087128,0.41720886528491974
GOOGL,xgboost,1,2020-06-30,1,1,0.5298266410827637,0.5298266410827637,0.40806248784065247,0.1217641532421112
GOOGL,xgboost,1,2020-07-01,1,0,0.6680506467819214,0.15319429337978363,0.1787550300359726,0.4892956167459488
GOOGL,xgboost,1,2020-07-02,1,0,0.8632708191871643,0.018315747380256653,0.11841339617967606,0.7448574230074883
GOOGL,xgboost,1,2020-07-06,0,0,0.5944139957427979,0.029595520347356796,0.37599050998687744,0.2184234857559204
GOOGL,xgboost,1,2020-07-07,1,-1,0.576759934425354,0.09181918948888779,0.3314208388328552,0.24533909559249878
GOOGL,xgboost,1,2020-07-08,0,0,0.841251790523529,0.03379633650183678,0.1249518096446991,0.71629998087883
GOOGL,xgboost,1,2020-07-09,0,-1,0.5198727250099182,0.15402938425540924,0.32609790563583374,0.19377481937408447
GOOGL,xgboost,1,2020-07-10,0,-1,0.8997048735618591,0.009773805737495422,0.09052128344774246,0.8091835901141167
GOOGL,xgboost,1,2020-07-13,1,0,0.9072442650794983,0.029013322666287422,0.06374239921569824,0.8435018658638
GOOGL,xgboost,1,2020-07-14,1,0,0.8205480575561523,0.05428709834814072,0.12516482174396515,0.6953832358121872
GOOGL,xgboost,1,2020-07-15,1,0,0.924420952796936,0.03822819143533707,0.03822819143533707,0.886192761361599
GOOGL,xgboost,1,2020-07-16,0,0,0.5602240562438965,0.4174068570137024,0.4174068570137024,0.1428171992301941
GOOGL,xgboost,1,2020-07-17,0,0,0.8489319086074829,0.12225022912025452,0.12225022912025452,0.7266816794872284
GOOGL,xgboost,1,2020-07-20,-1,-1,0.7375037670135498,0.006217164918780327,0.2562791109085083,0.4812246561050415
GOOGL,xgboost,1,2020-07-21,-1,-1,0.789409339427948,0.01478226576000452,0.19580833613872528,0.5936010032892227
GOOGL,xgboost,1,2020-07-22,-1,-1,0.8888285160064697,0.01775295101106167,0.09341849386692047,0.7954100221395493
GOOGL,xgboost,1,2020-07-23,0,0,0.8750107288360596,0.11100371181964874,0.11100371181964874,0.7640070170164108
GOOGL,xgboost,1,2020-07-24,0,1,0.7654817700386047,0.7654817700386047,0.22801044583320618,0.5374713242053986
GOOGL,xgboost,1,2020-07-27,-1,0,0.7657382488250732,0.2158598005771637,0.2158598005771637,0.5498784482479095
GOOGL,xgboost,1,2020-07-28,-1,1,0.7982892394065857,0.7982892394065857,0.16694313287734985,0.6313461065292358
GOOGL,xgboost,1,2020-07-29,-1,0,0.715591311454773,0.27680718898773193,0.27680718898773193,0.438784122467041
GOOGL,xgboost,1,2020-07-30,-1,0,0.45876434445381165,0.4387706220149994,0.4387706220149994,0.019993722438812256
GOOGL,xgboost,1,2020-07-31,0,1,0.5712494254112244,0.5712494254112244,0.3517002463340759,0.21954917907714844
GOOGL,xgboost,1,2020-08-03,0,0,0.7275453805923462,0.25137898325920105,0.25137898325920105,0.47616639733314514
GOOGL,xgboost,1,2020-08-04,0,0,0.6032388210296631,0.3549441993236542,0.3549441993236542,0.2482946217060089
GOOGL,xgboost,1,2020-08-05,0,1,0.6458532810211182,0.6458532810211182,0.33656322956085205,0.3092900514602661
GOOGL,xgboost,1,2020-08-06,0,1,0.5140683650970459,0.5140683650970459,0.4510039985179901,0.06306436657905579
GOOGL,xgboost,1,2020-08-07,0,1,0.565183162689209,0.565183162689209,0.4018356502056122,0.1633475124835968
GOOGL,xgboost,1,2020-08-10,0,1,0.8642408847808838,0.8642408847808838,0.1306324601173401,0.7336084246635437
GOOGL,xgboost,1,2020-08-11,1,1,0.45709308981895447,0.45709308981895447,0.4142802357673645,0.042812854051589966
GOOGL,xgboost,1,2020-08-12,1,1,0.713039219379425,0.713039219379425,0.2805679738521576,0.43247124552726746
GOOGL,xgboost,1,2020-08-13,1,1,0.8464311361312866,0.8464311361312866,0.1410682052373886,0.705362930893898
GOOGL,xgboost,1,2020-08-14,1,1,0.7685079574584961,0.7685079574584961,0.18608920276165009,0.582418754696846
GOOGL,xgboost,1,2020-08-17,1,1,0.5743316411972046,0.5743316411972046,0.40336865186691284,0.17096298933029175
GOOGL,xgboost,1,2020-08-18,1,0,0.6205493211746216,0.027055127546191216,0.35239556431770325,0.26815375685691833
GOOGL,xgboost,1,2020-08-19,1,0,0.5686802864074707,0.06138928607106209,0.3699304163455963,0.1987498700618744
GOOGL,xgboost,1,2020-08-20,1,0,0.5327456593513489,0.11470723897218704,0.35254713892936707,0.1801985204219818
GOOGL,xgboost,1,2020-08-21,1,0,0.7402951717376709,0.16659234464168549,0.16659234464168549,0.5737028270959854
GOOGL,xgboost,1,2020-08-24,1,-1,0.6817755103111267,0.09371034055948257,0.22451412677764893,0.4572613835334778
GOOGL,xgboost,1,2020-08-25,1,-1,0.8724848031997681,0.032604485750198364,0.09491069614887238,0.7775741070508957
GOOGL,xgboost,1,2020-08-26,1,-1,0.9399893879890442,0.021045586094260216,0.03896503895521164,0.9010243490338326
GOOGL,xgboost,1,2020-08-27,0,-1,0.8120003938674927,0.03235695883631706,0.15564262866973877,0.6563577651977539
GOOGL,xgboost,1,2020-08-28,-1,-1,0.8844709992408752,0.03695569187402725,0.07857333868741989,0.8058976605534554
GOOGL,xgboost,1,2020-08-31,-1,-1,0.7406390309333801,0.07304989546537399,0.18631106615066528,0.5543279647827148
GOOGL,xgboost,1,2020-09-01,-1,-1,0.8770835995674133,0.0046136570163071156,0.11830272525548935,0.758780874311924
GOOGL,xgboost,1,2020-09-02,-1,-1,0.9023302793502808,0.01751660369336605,0.08015316724777222,0.8221771121025085
GOOGL,xgboost,1,2020-09-03,-1,0,0.9701224565505981,0.016378851607441902,0.016378851607441902,0.9537436049431562
GOOGL,xgboost,1,2020-09-04,-1,0,0.9668675065040588,0.029020819813013077,0.029020819813013077,0.9378466866910458
GOOGL,xgboost,1,2020-09-08,0,0,0.7849075794219971,0.09400041401386261,0.12109202891588211,0.663815550506115
GOOGL,xgboost,1,2020-09-09,-1,0,0.6715975999832153,0.2255062609910965,0.2255062609910965,0.44609133899211884
GOOGL,xgboost,1,2020-09-10,-1,0,0.6640560030937195,0.10104691982269287,0.23489706218242645,0.42915894091129303
GOOGL,xgboost,1,2020-09-11,-1,0,0.8629952669143677,0.03839030861854553,0.09861444681882858,0.7643808200955391
GOOGL,xgboost,1,2020-09-14,-1,0,0.8898923993110657,0.00987047515809536,0.10023708641529083,0.7896553128957748
GOOGL,xgboost,1,2020-09-15,-1,0,0.9146782755851746,0.038905996829271317,0.046415671706199646,0.8682626038789749
GOOGL,xgboost,1,2020-09-16,-1,0,0.9279842376708984,0.01600782573223114,0.056007932871580124,0.8719763047993183
GOOGL,xgboost,1,2020-09-17,-1,0,0.7713839411735535,0.025684941560029984,0.20293118059635162,0.5684527605772018
GOOGL,xgboost,1,2020-09-18,0,1,0.6962836980819702,0.6962836980819702,0.27689531445503235,0.41938838362693787
GOOGL,xgboost,1,2020-09-21,0,1,0.8106633424758911,0.8106633424758911,0.17484810948371887,0.6358152329921722
GOOGL,xgboost,1,2020-09-22,0,0,0.7641814947128296,0.19334837794303894,0.19334837794303894,0.5708331167697906
GOOGL,xgboost,1,2020-09-23,1,1,0.978752613067627,0.978752613067627,0.017200347036123276,0.9615522660315037
GOOGL,xgboost,1,2020-09-24,1,1,0.9546577334403992,0.9546577334403992,0.032641664147377014,0.9220160692930222
GOOGL,xgboost,1,2020-09-25,0,1,0.8237629532814026,0.8237629532814026,0.11330597847700119,0.7104569748044014
GOOGL,xgboost,1,2020-09-28,0,1,0.7627793550491333,0.7627793550491333,0.19981734454631805,0.5629620105028152
GOOGL,xgboost,1,2020-09-29,0,1,0.6876294016838074,0.6876294016838074,0.17368927597999573,0.5139401257038116
GOOGL,xgboost,1,2020-09-30,0,1,0.7727853059768677,0.7727853059768677,0.12667690217494965,0.646108403801918
GOOGL,xgboost,1,2020-10-01,0,1,0.7131694555282593,0.7131694555282593,0.1751563996076584,0.5380130559206009
GOOGL,xgboost,1,2020-10-02,1,1,0.7154383063316345,0.7154383063316345,0.18415410816669464,0.5312841981649399
GOOGL,xgboost,1,2020-10-05,1,1,0.6904851794242859,0.6904851794242859,0.238977313041687,0.4515078663825989
GOOGL,xgboost,1,2020-10-06,1,1,0.3869686424732208,0.3869686424732208,0.348039448261261,0.03892919421195984
GOOGL,xgboost,1,2020-10-07,1,1,0.653867781162262,0.653867781162262,0.24352996051311493,0.41033782064914703
GOOGL,xgboost,1,2020-10-08,1,1,0.5017496943473816,0.5017496943473816,0.3366767466068268,0.1650729477405548
GOOGL,xgboost,1,2020-10-09,1,-1,0.8334254622459412,0.02691183239221573,0.13966266810894012,0.693762794137001
GOOGL,xgboost,1,2020-10-12,-1,0,0.6267067790031433,0.03164784237742424,0.34164535999298096,0.28506141901016235
GOOGL,xgboost,1,2020-10-13,0,-1,0.8324398398399353,0.062271926552057266,0.10528817027807236,0.727151669561863
GOOGL,xgboost,1,2020-10-14,0,-1,0.7322163581848145,0.04336569085717201,0.22441792488098145,0.507798433303833
GOOGL,xgboost,1,2020-10-15,1,0,0.6924638152122498,0.07430083304643631,0.23323529958724976,0.459228515625
GOOGL,xgboost,1,2020-10-16,1,-1,0.5437238216400146,0.020531849935650826,0.4357442855834961,0.10797953605651855
GOOGL,xgboost,1,2020-10-19,1,0,0.7772818207740784,0.09389574080705643,0.1288224160671234,0.648459404706955
GOOGL,xgboost,1,2020-10-20,1,0,0.8785640001296997,0.025159578770399094,0.09627640247344971,0.78228759765625
GOOGL,xgboost,1,2020-10-21,-1,-1,0.6591838598251343,0.005727301351726055,0.3350887894630432,0.32409507036209106
GOOGL,xgboost,1,2020-10-22,-1,-1,0.8663541078567505,0.001853406778536737,0.13179250061511993,0.7345616072416306
GOOGL,xgboost,1,2020-10-23,0,-1,0.8171501159667969,0.001870674779638648,0.18097922205924988,0.636170893907547
GOOGL,xgboost,1,2020-10-26,1,0,0.9724015593528748,0.007560716476291418,0.020037688314914703,0.95236387103796
GOOGL,xgboost,1,2020-10-27,1,0,0.8687744140625,0.008390869945287704,0.12283464521169662,0.7459397688508034
GOOGL,xgboost,1,2020-10-28,1,0,0.789100170135498,0.0837564542889595,0.12714338302612305,0.661956787109375
GOOGL,xgboost,1,2020-10-29,1,0,0.9244741201400757,0.0621596984565258,0.0621596984565258,0.8623144216835499
GOOGL,xgboost,1,2020-10-30,1,0,0.833890974521637,0.019879942759871483,0.1462290734052658,0.6876619011163712
GOOGL,xgboost,1,2020-11-02,1,-1,0.5682653188705444,0.0016555492766201496,0.4300791323184967,0.13818618655204773
GOOGL,xgboost,1,2020-11-03,1,-1,0.7581550478935242,0.004713229835033417,0.237131729722023,0.5210233181715012
GOOGL,xgboost,1,2020-11-04,0,-1,0.8128818869590759,0.009662522934377193,0.17745552957057953,0.6354263573884964
GOOGL,xgboost,1,2020-11-05,0,-1,0.8389140963554382,0.006448164116591215,0.15463775396347046,0.6842763423919678
GOOGL,xgboost,1,2020-11-06,0,-1,0.9552727341651917,0.00438860896974802,0.04033872112631798,0.9149340130388737
GOOGL,xgboost,1,2020-11-09,0,-1,0.6863285303115845,0.016584783792495728,0.2970867156982422,0.3892418146133423
GOOGL,xgboost,1,2020-11-10,0,-1,0.5406908988952637,0.010959030129015446,0.44835007190704346,0.09234082698822021
GOOGL,xgboost,1,2020-11-11,0,0,0.6917813420295715,0.011778408661484718,0.2964402139186859,0.3953411281108856
GOOGL,xgboost,1,2020-11-12,0,-1,0.7549030780792236,0.01850319653749466,0.2265937328338623,0.5283093452453613
GOOGL,xgboost,1,2020-11-13,-1,-1,0.9252790808677673,0.00362761621363461,0.07109326869249344,0.8541858121752739
GOOGL,xgboost,1,2020-11-16,-1,-1,0.8711467385292053,0.009026825428009033,0.11982642114162445,0.7513203173875809
GOOGL,xgboost,1,2020-11-17,0,-1,0.6196079254150391,0.015110230073332787,0.365281879901886,0.2543260455131531
GOOGL,xgboost,1,2020-11-18,0,0,0.45850497484207153,0.14211368560791016,0.3993813693523407,0.059123605489730835
GOOGL,xgboost,1,2020-11-19,0,0,0.6543833613395691,0.02149415761232376,0.32412251830101013,0.33026084303855896
GOOGL,xgboost,1,2020-11-20,0,0,0.5945015549659729,0.1986180990934372,0.20688042044639587,0.387621134519577
GOOGL,xgboost,1,2020-11-23,1,0,0.7014400959014893,0.26023706793785095,0.26023706793785095,0.4412030279636383
GOOGL,xgboost,1,2020-11-24,1,0,0.6783069372177124,0.07821513712406158,0.24347789585590363,0.4348290413618088
GOOGL,xgboost,1,2020-11-25,1,0,0.7012720108032227,0.023098081350326538,0.2756299078464508,0.42564210295677185
GOOGL,xgboost,1,2020-11-27,1,-1,0.658134937286377,0.011251348070800304,0.33061373233795166,0.3275212049484253
GOOGL,xgboost,1,2020-11-30,1,0,0.6424804925918579,0.2869855463504791,0.2869855463504791,0.3554949462413788
GOOGL,xgboost,1,2020-12-01,0,0,0.9232627153396606,0.030318064615130424,0.04641924053430557,0.8768434748053551
GOOGL,xgboost,1,2020-12-02,-1,0,0.7259023785591125,0.024514945223927498,0.24958261847496033,0.4763197600841522
GOOGL,xgboost,1,2020-12-03,-1,-1,0.5645433068275452,0.1697532683610916,0.26570338010787964,0.2988399267196655
GOOGL,xgboost,1,2020-12-04,-1,1,0.42523685097694397,0.42523685097694397,0.39352232217788696,0.03171452879905701
GOOGL,xgboost,1,2020-12-07,-1,1,0.65428227186203,0.65428227186203,0.2538575530052185,0.4004247188568115
GOOGL,xgboost,1,2020-12-08,-1,0,0.48951151967048645,0.44744783639907837,0.44744783639907837,0.04206368327140808
GOOGL,xgboost,1,2020-12-09,0,1,0.5856567621231079,0.5856567621231079,0.3708953261375427,0.21476143598556519
GOOGL,xgboost,1,2020-12-10,0,0,0.612213671207428,0.3754892647266388,0.3754892647266388,0.23672440648078918
GOOGL,xgboost,1,2020-12-11,-1,1,0.6326572299003601,0.6326572299003601,0.360258013010025,0.2723992168903351
GOOGL,xgboost,1,2020-12-14,0,1,0.4500318467617035,0.4500318467617035,0.2806266248226166,0.16940522193908691
GOOGL,xgboost,1,2020-12-15,-1,1,0.774003267288208,0.774003267288208,0.2184371054172516,0.5555661618709564
GOOGL,xgboost,1,2020-12-16,0,1,0.9164445996284485,0.9164445996284485,0.0790371298789978,0.8374074697494507
GOOGL,xgboost,1,2020-12-17,0,1,0.8665213584899902,0.8665213584899902,0.12525591254234314,0.7412654459476471
GOOGL,xgboost,1,2020-12-18,1,1,0.8660581707954407,0.8660581707954407,0.11607759445905685,0.7499805763363838
GOOGL,xgboost,1,2020-12-21,0,1,0.9369889497756958,0.9369889497756958,0.03598625957965851,0.9010026901960373
GOOGL,xgboost,1,2020-12-22,0,1,0.657030463218689,0.657030463218689,0.2875474989414215,0.36948296427726746
GOOGL,xgboost,1,2020-12-23,0,1,0.7728179693222046,0.7728179693222046,0.2138693481683731,0.5589486211538315
GOOGL,xgboost,1,2020-12-24,0,1,0.9386363625526428,0.9386363625526428,0.0449998565018177,0.8936365060508251
GOOGL,xgboost,1,2020-12-28,0,-1,0.36773473024368286,0.350696861743927,0.350696861743927,0.01703786849975586
GOOGL,xgboost,1,2020-12-29,0,1,0.5197814106941223,0.5197814106941223,0.4181048274040222,0.1016765832901001
GOOGL,xgboost,1,2020-12-30,1,0,0.5747350454330444,0.40167078375816345,0.40167078375816345,0.17306426167488098
GOOGL,xgboost,1,2020-12-31,1,1,0.8202822208404541,0.8202822208404541,0.1647389531135559,0.6555432677268982
GOOGL,xgboost,1,2021-01-04,0,1,0.5889607667922974,0.5889607667922974,0.21341808140277863,0.37554268538951874
GOOGL,xgboost,1,2021-01-05,0,1,0.886023223400116,0.886023223400116,0.10631535202264786,0.7797078713774681
GOOGL,xgboost,1,2021-01-06,0,1,0.64079350233078,0.64079350233078,0.32412317395210266,0.31667032837867737
GOOGL,xgboost,1,2021-01-07,-1,0,0.508180558681488,0.2005498707294464,0.29126957058906555,0.21691098809242249
GOOGL,xgboost,1,2021-01-08,-1,0,0.529245913028717,0.03165397047996521,0.43910011649131775,0.09014579653739929
GOOGL,xgboost,1,2021-01-11,0,1,0.4317554533481598,0.4317554533481598,0.4136649966239929,0.01809045672416687
GOOGL,xgboost,1,2021-01-12,1,1,0.6216809749603271,0.6216809749603271,0.3375871181488037,0.28409385681152344
GOOGL,xgboost,1,2021-01-13,1,1,0.6818047761917114,0.6818047761917114,0.28774958848953247,0.39405518770217896
GOOGL,xgboost,1,2021-01-14,1,1,0.45710012316703796,0.45710012316703796,0.27295899391174316,0.1841411292552948
GOOGL,xgboost,1,2021-01-15,1,1,0.41005080938339233,0.41005080938339233,0.37547069787979126,0.034580111503601074
GOOGL,xgboost,1,2021-01-19,1,0,0.8194659948348999,0.04255581647157669,0.1379781812429428,0.6814878135919571
GOOGL,xgboost,1,2021-01-20,-1,0,0.49617549777030945,0.008067959919571877,0.495756596326828,0.0004189014434814453
GOOGL,xgboost,1,2021-01-21,0,-1,0.7853469252586365,0.025442983955144882,0.18921002745628357,0.5961368978023529
GOOGL,xgboost,1,2021-01-22,-1,-1,0.8377864956855774,0.010930875316262245,0.15128257870674133,0.6865039169788361
GOOGL,xgboost,1,2021-01-25,0,-1,0.5733545422554016,0.01622934639453888,0.4104161262512207,0.1629384160041809
GOOGL,xgboost,1,2021-01-26,0,-1,0.8245510458946228,0.01915552094578743,0.15629340708255768,0.6682576388120651
GOOGL,xgboost,1,2021-01-27,1,0,0.8791101574897766,0.10144702345132828,0.10144702345132828,0.7776631340384483
GOOGL,xgboost,1,2021-01-28,1,0,0.9848954677581787,0.008133799768984318,0.008133799768984318,0.9767616679891944
GOOGL,xgboost,1,2021-01-29,1,0,0.85494464635849,0.09831393510103226,0.09831393510103226,0.7566307112574577
GOOGL,xgboost,1,2021-02-01,1,-1,0.7710864543914795,0.004815143998712301,0.22409836947917938,0.5469880849123001
GOOGL,xgboost,1,2021-02-02,1,-1,0.9320924878120422,0.002239304594695568,0.06566821783781052,0.8664242699742317
GOOGL,xgboost,1,2021-02-03,0,-1,0.8762587308883667,0.004928457085043192,0.11881276220083237,0.7574459686875343
GOOGL,xgboost,1,2021-02-04,0,-1,0.8955141305923462,0.0031833790708333254,0.10130249708890915,0.794211633503437
GOOGL,xgboost,1,2021-02-05,0,-1,0.9068851470947266,0.0036093699745833874,0.08950547128915787,0.8173796758055687
GOOGL,xgboost,1,2021-02-08,0,-1,0.9246821403503418,0.008971202187240124,0.06634671241044998,0.8583354279398918
GOOGL,xgboost,1,2021-02-09,1,-1,0.8790618777275085,0.012643915601074696,0.10829422622919083,0.7707676514983177
GOOGL,xgboost,1,2021-02-10,0,-1,0.9237009882926941,0.007817517966032028,0.06848150491714478,0.8552194833755493
GOOGL,xgboost,1,2021-02-11,0,-1,0.7607182860374451,0.009159973822534084,0.23012171685695648,0.5305965691804886
GOOGL,xgboost,1,2021-02-12,0,-1,0.7812122106552124,0.01796618290245533,0.2008216828107834,0.580390527844429
GOOGL,xgboost,1,2021-02-16,-1,-1,0.9653425812721252,0.005719293840229511,0.028938140720129013,0.9364044405519962
GOOGL,xgboost,1,2021-02-17,0,-1,0.8649095296859741,0.01397860050201416,0.1211118996143341,0.74379763007164
GOOGL,xgboost,1,2021-02-18,-1,-1,0.9534339308738708,0.013767207972705364,0.03279891610145569,0.9206350147724152
GOOGL,xgboost,1,2021-02-19,-1,-1,0.8601722717285156,0.017060773447155952,0.12276694923639297,0.7374053224921227
GOOGL,xgboost,1,2021-02-22,0,0,0.5390551686286926,0.12085553258657455,0.3400892913341522,0.1989658772945404
GOOGL,xgboost,1,2021-02-23,0,0,0.5050281286239624,0.33551454544067383,0.33551454544067383,0.16951358318328857
GOOGL,xgboost,1,2021-02-24,-1,0,0.5237154960632324,0.055833421647548676,0.4204510748386383,0.10326442122459412
GOOGL,xgboost,1,2021-02-25,0,0,0.6940024495124817,0.28151795268058777,0.28151795268058777,0.4124844968318939
GOOGL,xgboost,1,2021-02-26,1,0,0.5565445423126221,0.4230560064315796,0.4230560064315796,0.13348853588104248
GOOGL,xgboost,1,2021-03-01,-1,0,0.7361727356910706,0.09148532897233963,0.17234191298484802,0.5638308227062225
GOOGL,xgboost,1,2021-03-02,0,0,0.4723021686077118,0.1318930685520172,0.3958047330379486,0.07649743556976318
GOOGL,xgboost,1,2021-03-03,0,0,0.7339770793914795,0.2404583841562271,0.2404583841562271,0.4935186952352524
GOOGL,xgboost,1,2021-03-04,1,0,0.4998400807380676,0.4638025462627411,0.4638025462627411,0.03603753447532654
GOOGL,xgboost,1,2021-03-05,-1,0,0.7249307036399841,0.12307028472423553,0.15199905633926392,0.5729316473007202
GOOGL,xgboost,1,2021-03-08,1,0,0.6507195234298706,0.3062915802001953,0.3062915802001953,0.3444279432296753
GOOGL,xgboost,1,2021-03-09,1,1,0.5814664363861084,0.5814664363861084,0.38792884349823,0.19353759288787842
GOOGL,xgboost,1,2021-03-10,1,0,0.6485244035720825,0.2954748570919037,0.2954748570919037,0.35304954648017883
GOOGL,xgboost,1,2021-03-11,-1,0,0.6318991184234619,0.16665317118167877,0.20144769549369812,0.4304514229297638
GOOGL,xgboost,1,2021-03-12,0,0,0.8685460686683655,0.10559141635894775,0.10559141635894775,0.7629546523094177
GOOGL,xgboost,1,2021-03-15,0,0,0.5013466477394104,0.4804161489009857,0.4804161489009857,0.020930498838424683
GOOGL,xgboost,1,2021-03-16,-1,0,0.7599573731422424,0.18086078763008118,0.18086078763008118,0.5790965855121613
GOOGL,xgboost,1,2021-03-17,-1,0,0.4321957230567932,0.27598580718040466,0.29181841015815735,0.14037731289863586
GOOGL,xgboost,1,2021-03-18,0,0,0.8858311176300049,0.0845629945397377,0.0845629945397377,0.8012681230902672
GOOGL,xgboost,1,2021-03-19,0,1,0.6030163764953613,0.6030163764953613,0.3909064531326294,0.21210992336273193
GOOGL,xgboost,1,2021-03-22,0,1,0.544503390789032,0.544503390789032,0.4423156976699829,0.10218769311904907
GOOGL,xgboost,1,2021-03-23,0,1,0.8661794662475586,0.8661794662475586,0.12535588443279266,0.7408235818147659
GOOGL,xgboost,1,2021-03-24,0,1,0.7387643456459045,0.7387643456459045,0.246610626578331,0.49215371906757355
GOOGL,xgboost,1,2021-03-25,1,1,0.8236516714096069,0.8236516714096069,0.1473984569311142,0.6762532144784927
GOOGL,xgboost,1,2021-03-26,1,1,0.5631280541419983,0.5631280541419983,0.3755488097667694,0.18757924437522888
GOOGL,xgboost,1,2021-03-29,1,1,0.7074078321456909,0.7074078321456909,0.2601069211959839,0.44730091094970703
GOOGL,xgboost,1,2021-03-30,1,1,0.7809451222419739,0.7809451222419739,0.21180595457553864,0.5691391676664352
GOOGL,xgboost,1,2021-03-31,1,0,0.47049927711486816,0.43741801381111145,0.43741801381111145,0.033081263303756714
GOOGL,xgboost,1,2021-04-01,1,0,0.5160641074180603,0.022574935108423233,0.46136099100112915,0.05470311641693115
GOOGL,xgboost,1,2021-04-05,0,-1,0.7065569162368774,0.06296738982200623,0.2304757535457611,0.47608116269111633
GOOGL,xgboost,1,2021-04-06,1,-1,0.8904216289520264,0.02331346645951271,0.08626489341259003,0.8041567355394363
GOOGL,xgboost,1,2021-04-07,0,-1,0.9072432518005371,0.015171210281550884,0.07758553326129913,0.829657718539238
GOOGL,xgboost,1,2021-04-08,0,-1,0.8809182047843933,0.016037067398428917,0.10304468870162964,0.7778735160827637
GOOGL,xgboost,1,2021-04-09,0,-1,0.9758802652359009,0.00985006894916296,0.014269698411226273,0.9616105668246746
GOOGL,xgboost,1,2021-04-12,1,-1,0.48526477813720703,0.03088597021996975,0.48384931683540344,0.0014154613018035889
GOOGL,xgboost,1,2021-04-13,0,-1,0.584902286529541,0.05708913877606392,0.35800859332084656,0.22689369320869446
GOOGL,xgboost,1,2021-04-14,0,-1,0.7462669014930725,0.06332588195800781,0.1904071718454361,0.5558597296476364
GOOGL,xgboost,1,2021-04-15,0,-1,0.9294902086257935,0.006851437967270613,0.06365840882062912,0.8658317998051643
GOOGL,xgboost,1,2021-04-16,0,-1,0.7936710715293884,0.024993326514959335,0.18133556842803955,0.6123355031013489
GOOGL,xgboost,1,2021-04-19,0,-1,0.9813810586929321,0.006812280509620905,0.01180665846914053,0.9695744002237916
GOOGL,xgboost,1,2021-04-20,0,-1,0.8246955871582031,0.010202085599303246,0.1651022881269455,0.6595932990312576
GOOGL,xgboost,2,2021-04-21,1,-1,0.642479658126831,0.08941822499036789,0.26810210943222046,0.3743775486946106
GOOGL,xgboost,2,2021-04-22,1,0,0.7136328220367432,0.18346872925758362,0.18346872925758362,0.5301640927791595
GOOGL,xgboost,2,2021-04-23,1,0,0.5960496664047241,0.14112380146980286,0.262826532125473,0.3332231342792511
GOOGL,xgboost,2,2021-04-26,0,0,0.537742018699646,0.10837598890066147,0.35388198494911194,0.18386003375053406
GOOGL,xgboost,2,2021-04-27,0,0,0.516128659248352,0.18041886389255524,0.3034524619579315,0.21267619729042053
GOOGL,xgboost,2,2021-04-28,0,-1,0.7137702107429504,0.09337149560451508,0.1928582787513733,0.5209119319915771
GOOGL,xgboost,2,2021-04-29,-1,0,0.4917794167995453,0.135420024394989,0.3728005886077881,0.1189788281917572
GOOGL,xgboost,2,2021-04-30,0,0,0.4830801784992218,0.1243046298623085,0.3926151990890503,0.09046497941017151
GOOGL,xgboost,2,2021-05-03,-1,0,0.6000543236732483,0.13620732724666595,0.26373833417892456,0.33631598949432373
GOOGL,xgboost,2,2021-05-04,0,1,0.43613243103027344,0.43613243103027344,0.42407411336898804,0.0120583176612854
GOOGL,xgboost,2,2021-05-05,-1,0,0.5753076076507568,0.3740392327308655,0.3740392327308655,0.20126837491989136
GOOGL,xgboost,2,2021-05-06,-1,1,0.5949482321739197,0.5949482321739197,0.2335280179977417,0.361420214176178
GOOGL,xgboost,2,2021-05-07,-1,0,0.6635650992393494,0.13798637688159943,0.1984485536813736,0.46511654555797577
GOOGL,xgboost,2,2021-05-10,0,1,0.4539884924888611,0.4539884924888611,0.39215224981307983,0.06183624267578125
GOOGL,xgboost,2,2021-05-11,0,1,0.5264374613761902,0.5264374613761902,0.391276478767395,0.13516098260879517
GOOGL,xgboost,2,2021-05-12,1,0,0.8521035313606262,0.05913162603974342,0.08876486867666245,0.7633386626839638
GOOGL,xgboost,2,2021-05-13,1,0,0.576324462890625,0.12726472318172455,0.29641085863113403,0.27991360425949097
GOOGL,xgboost,2,2021-05-14,0,1,0.8175134062767029,0.8175134062767029,0.10849013924598694,0.7090232670307159
GOOGL,xgboost,2,2021-05-17,1,1,0.8532294631004333,0.8532294631004333,0.09715207666158676,0.7560773864388466
GOOGL,xgboost,2,2021-05-18,1,1,0.5019530653953552,0.5019530653953552,0.38671571016311646,0.11523735523223877
GOOGL,xgboost,2,2021-05-19,1,1,0.7684329152107239,0.7684329152107239,0.13703887164592743,0.6313940435647964
GOOGL,xgboost,2,2021-05-20,1,1,0.6164610385894775,0.6164610385894775,0.31674233078956604,0.2997187077999115
GOOGL,xgboost,2,2021-05-21,1,1,0.6967384219169617,0.6967384219169617,0.2764265537261963,0.4203118681907654
GOOGL,xgboost,2,2021-05-24,0,1,0.6612505316734314,0.6612505316734314,0.17527315020561218,0.4859773814678192
GOOGL,xgboost,2,2021-05-25,0,0,0.5809967517852783,0.35847899317741394,0.35847899317741394,0.22251775860786438
GOOGL,xgboost,2,2021-05-26,0,1,0.6273476481437683,0.6273476481437683,0.22403588891029358,0.40331175923347473
GOOGL,xgboost,2,2021-05-27,0,-1,0.3507254123687744,0.3070063292980194,0.34226828813552856,0.00845712423324585
GOOGL,xgboost,2,2021-05-28,0,0,0.43555670976638794,0.31959420442581177,0.31959420442581177,0.11596250534057617
GOOGL,xgboost,2,2021-06-01,0,1,0.5950474739074707,0.5950474739074707,0.24884921312332153,0.34619826078414917
GOOGL,xgboost,2,2021-06-02,0,1,0.5030762553215027,0.5030762553215027,0.41639092564582825,0.08668532967567444
GOOGL,xgboost,2,2021-06-03,1,1,0.6826081871986389,0.6826081871986389,0.2113897055387497,0.4712184816598892
GOOGL,xgboost,2,2021-06-04,0,1,0.6014129519462585,0.6014129519462585,0.307204931974411,0.29420801997184753
GOOGL,xgboost,2,2021-06-07,0,1,0.5421963930130005,0.5421963930130005,0.23375841975212097,0.3084379732608795
GOOGL,xgboost,2,2021-06-08,0,-1,0.602824866771698,0.04622557759284973,0.35094955563545227,0.2518753111362457
GOOGL,xgboost,2,2021-06-09,0,-1,0.4761400520801544,0.08628779649734497,0.437572181224823,0.03856787085533142
GOOGL,xgboost,2,2021-06-10,0,0,0.6602666974067688,0.021180836483836174,0.31855249404907227,0.34171420335769653
GOOGL,xgboost,2,2021-06-11,0,-1,0.5316652059555054,0.010090156458318233,0.458244651556015,0.07342055439949036
GOOGL,xgboost,2,2021-06-14,0,0,0.5483188033103943,0.009165576659142971,0.44251561164855957,0.10580319166183472
GOOGL,xgboost,2,2021-06-15,0,-1,0.5283920764923096,0.08346783369779587,0.3881400525569916,0.140252023935318
GOOGL,xgboost,2,2021-06-16,0,-1,0.6559708118438721,0.10436476767063141,0.23966440558433533,0.41630640625953674
GOOGL,xgboost,2,2021-06-17,0,-1,0.7370659112930298,0.040217988193035126,0.22271612286567688,0.5143497884273529
GOOGL,xgboost,2,2021-06-18,0,-1,0.6141983270645142,0.09380613267421722,0.2919955551624298,0.32220277190208435
GOOGL,xgboost,2,2021-06-21,0,-1,0.7507373690605164,0.04648056998848915,0.2027820348739624,0.547955334186554
GOOGL,xgboost,2,2021-06-22,0,-1,0.7133775353431702,0.023801196366548538,0.2628212869167328,0.4505562484264374
GOOGL,xgboost,2,2021-06-23,0,-1,0.6722468733787537,0.04593511298298836,0.2818180322647095,0.3904288411140442
GOOGL,xgboost,2,2021-06-24,0,0,0.7524463534355164,0.05408700555562973,0.19346663355827332,0.558979719877243
GOOGL,xgboost,2,2021-06-25,1,0,0.6244148015975952,0.061672065407037735,0.31391310691833496,0.31050169467926025
GOOGL,xgboost,2,2021-06-28,1,0,0.7860655188560486,0.05569881945848465,0.15823568403720856,0.62782983481884
GOOGL,xgboost,2,2021-06-29,1,0,0.5864790678024292,0.07481842488050461,0.3387024998664856,0.2477765679359436
GOOGL,xgboost,2,2021-06-30,1,0,0.6538154482841492,0.10677395761013031,0.2394106090068817,0.41440483927726746
GOOGL,xgboost,2,2021-07-01,1,0,0.4778844118118286,0.14983181655406952,0.3722837567329407,0.10560065507888794
GOOGL,xgboost,2,2021-07-02,0,0,0.5619396567344666,0.07636070251464844,0.3616996705532074,0.20023998618125916
GOOGL,xgboost,2,2021-07-06,0,-1,0.7305307984352112,0.2269301414489746,0.2269301414489746,0.5036006569862366
GOOGL,xgboost,2,2021-07-07,0,-1,0.8111201524734497,0.09891759604215622,0.09891759604215622,0.7122025564312935
GOOGL,xgboost,2,2021-07-08,0,-1,0.39730551838874817,0.3187675476074219,0.3187675476074219,0.0785379707813263
GOOGL,xgboost,2,2021-07-09,0,0,0.4950166642665863,0.09546750783920288,0.4095157980918884,0.08550086617469788
GOOGL,xgboost,2,2021-07-12,0,0,0.503004252910614,0.11154450476169586,0.3854512572288513,0.1175529956817627
GOOGL,xgboost,2,2021-07-13,0,-1,0.8333936333656311,0.09083246439695358,0.09083246439695358,0.7425611689686775
GOOGL,xgboost,2,2021-07-14,0,-1,0.8949456810951233,0.03083382546901703,0.0742204561829567,0.8207252249121666
GOOGL,xgboost,2,2021-07-15,0,0,0.505609929561615,0.15569227933883667,0.3386978209018707,0.16691210865974426
GOOGL,xgboost,2,2021-07-16,1,0,0.5803930163383484,0.19069424271583557,0.22891278564929962,0.35148023068904877
GOOGL,xgboost,2,2021-07-19,1,0,0.705812931060791,0.19064193964004517,0.19064193964004517,0.5151709914207458
GOOGL,xgboost,2,2021-07-20,1,1,0.6508419513702393,0.6508419513702393,0.2056242823600769,0.44521766901016235
GOOGL,xgboost,2,2021-07-21,1,0,0.6624063849449158,0.26743990182876587,0.26743990182876587,0.3949664831161499
GOOGL,xgboost,2,2021-07-22,1,0,0.5744909644126892,0.16524885594844818,0.26026013493537903,0.3142308294773102
GOOGL,xgboost,2,2021-07-23,0,-1,0.8395552635192871,0.06031239777803421,0.10013237595558167,0.7394228875637054
GOOGL,xgboost,2,2021-07-26,0,-1,0.7664883136749268,0.07247286289930344,0.16103887557983398,0.6054494380950928
GOOGL,xgboost,2,2021-07-27,1,0,0.5267267227172852,0.09160816669464111,0.38166511058807373,0.14506161212921143
GOOGL,xgboost,2,2021-07-28,0,-1,0.5784655213356018,0.061175037175416946,0.36035943031311035,0.21810609102249146
GOOGL,xgboost,2,2021-07-29,0,0,0.7411292791366577,0.08647046238183975,0.17240026593208313,0.5687290132045746
GOOGL,xgboost,2,2021-07-30,0,0,0.4097351133823395,0.20794861018657684,0.3823162317276001,0.02741888165473938
GOOGL,xgboost,2,2021-08-02,0,-1,0.5047683119773865,0.15133506059646606,0.34389662742614746,0.160871684551239
GOOGL,xgboost,2,2021-08-03,0,-1,0.5006595849990845,0.1927819550037384,0.3065584897994995,0.19410109519958496
GOOGL,xgboost,2,2021-08-04,0,0,0.40106311440467834,0.3167174160480499,0.3167174160480499,0.08434569835662842
GOOGL,xgboost,2,2021-08-05,0,0,0.45513680577278137,0.22557827830314636,0.31928491592407227,0.1358518898487091
GOOGL,xgboost,2,2021-08-06,0,-1,0.4690896272659302,0.18525685369968414,0.3456535041332245,0.12343612313270569
GOOGL,xgboost,2,2021-08-09,0,0,0.36473795771598816,0.2825261056423187,0.3527359366416931,0.012002021074295044
GOOGL,xgboost,2,2021-08-10,0,-1,0.47661831974983215,0.10226158052682877,0.42112013697624207,0.05549818277359009
GOOGL,xgboost,2,2021-08-11,0,0,0.5288046598434448,0.01921583153307438,0.45197948813438416,0.07682517170906067
GOOGL,xgboost,2,2021-08-12,0,-1,0.6177986860275269,0.026065843179821968,0.35613545775413513,0.2616632282733917
GOOGL,xgboost,2,2021-08-13,0,-1,0.7771972417831421,0.014170405454933643,0.20863234996795654,0.5685648918151855
GOOGL,xgboost,2,2021-08-16,0,-1,0.8940358757972717,0.017195938155055046,0.08876816183328629,0.8052677139639854
GOOGL,xgboost,2,2021-08-17,1,-1,0.6762655973434448,0.18542572855949402,0.18542572855949402,0.4908398687839508
GOOGL,xgboost,2,2021-08-18,1,0,0.5610558986663818,0.2942325174808502,0.2942325174808502,0.2668233811855316
GOOGL,xgboost,2,2021-08-19,1,0,0.43961626291275024,0.33462294936180115,0.33462294936180115,0.1049933135509491
GOOGL,xgboost,2,2021-08-20,1,-1,0.5899427533149719,0.06587975472211838,0.3441774845123291,0.24576526880264282
GOOGL,xgboost,2,2021-08-23,1,-1,0.6418395638465881,0.1110946461558342,0.24706576764583588,0.39477379620075226
GOOGL,xgboost,2,2021-08-24,1,-1,0.5870417356491089,0.1576363742351532,0.2553218603134155,0.33171987533569336
GOOGL,xgboost,2,2021-08-25,1,-1,0.5666033029556274,0.14064092934131622,0.29275578260421753,0.2738475203514099
GOOGL,xgboost,2,2021-08-26,0,-1,0.5320459008216858,0.22655360400676727,0.24140046536922455,0.29064543545246124
GOOGL,xgboost,2,2021-08-27,0,-1,0.6223170161247253,0.20666508376598358,0.20666508376598358,0.41565193235874176
GOOGL,xgboost,2,2021-08-30,0,-1,0.6404340863227844,0.17562498152256012,0.18394091725349426,0.45649316906929016
GOOGL,xgboost,2,2021-08-31,0,-1,0.7180887460708618,0.11886756122112274,0.16304366290569305,0.5550450831651688
GOOGL,xgboost,2,2021-09-01,0,-1,0.8346986770629883,0.021058350801467896,0.1442430317401886,0.6904556453227997
GOOGL,xgboost,2,2021-09-02,0,0,0.47386160492897034,0.1281871795654297,0.3979511857032776,0.07591041922569275
GOOGL,xgboost,2,2021-09-03,0,-1,0.5008536577224731,0.07545264810323715,0.4236936867237091,0.07715997099876404
GOOGL,xgboost,2,2021-09-07,0,-1,0.8048245906829834,0.047391582280397415,0.1477838009595871,0.6570407897233963
GOOGL,xgboost,2,2021-09-08,0,0,0.4947398602962494,0.0494811087846756,0.45577898621559143,0.03896087408065796
GOOGL,xgboost,2,2021-09-09,0,-1,0.48868224024772644,0.05181390792131424,0.45950379967689514,0.0291784405708313
GOOGL,xgboost,2,2021-09-10,0,0,0.40102341771125793,0.36641404032707214,0.36641404032707214,0.03460937738418579
GOOGL,xgboost,2,2021-09-13,-1,0,0.41990095376968384,0.22436484694480896,0.3557342290878296,0.06416672468185425
GOOGL,xgboost,2,2021-09-14,-1,0,0.5092431306838989,0.2333419770002365,0.25741487741470337,0.25182825326919556
GOOGL,xgboost,2,2021-09-15,-1,0,0.5353839993476868,0.09456556290388107,0.37005043029785156,0.1653335690498352
GOOGL,xgboost,2,2021-09-16,0,0,0.4642102122306824,0.253617525100708,0.282172292470932,0.18203791975975037
GOOGL,xgboost,2,2021-09-17,0,1,0.6110026240348816,0.6110026240348816,0.24052771925926208,0.3704749047756195
GOOGL,xgboost,2,2021-09-20,0,1,0.5821336507797241,0.5821336507797241,0.2553449869155884,0.32678866386413574
GOOGL,xgboost,2,2021-09-21,-1,0,0.5585066080093384,0.2835429012775421,0.2835429012775421,0.27496370673179626
GOOGL,xgboost,2,2021-09-22,-1,1,0.9175913333892822,0.9175913333892822,0.06950531154870987,0.8480860218405724
GOOGL,xgboost,2,2021-09-23,-1,1,0.6507382392883301,0.6507382392883301,0.25894299149513245,0.39179524779319763
GOOGL,xgboost,2,2021-09-24,-1,1,0.5434877872467041,0.5434877872467041,0.23966675996780396,0.30382102727890015
GOOGL,xgboost,2,2021-09-27,-1,1,0.6119049787521362,0.6119049787521362,0.3268066346645355,0.2850983440876007
GOOGL,xgboost,2,2021-09-28,0,1,0.5789564251899719,0.5789564251899719,0.2806782126426697,0.29827821254730225
GOOGL,xgboost,2,2021-09-29,1,0,0.9351822137832642,0.024149207398295403,0.04066856950521469,0.8945136442780495
GOOGL,xgboost,2,2021-09-30,1,0,0.7113639712333679,0.05624306946992874,0.23239298164844513,0.4789709895849228
GOOGL,xgboost,2,2021-10-01,1,1,0.36969253420829773,0.36969253420829773,0.3525010049343109,0.017191529273986816
GOOGL,xgboost,2,2021-10-04,1,0,0.5712525844573975,0.09838533401489258,0.33036208152770996,0.2408905029296875
GOOGL,xgboost,2,2021-10-05,0,-1,0.5104443430900574,0.07136666029691696,0.41818901896476746,0.09225532412528992
GOOGL,xgboost,2,2021-10-06,0,1,0.5952469706535339,0.5952469706535339,0.20300477743148804,0.3922421932220459
GOOGL,xgboost,2,2021-10-07,0,1,0.6223479509353638,0.6223479509353638,0.18969444930553436,0.4326535016298294
GOOGL,xgboost,2,2021-10-08,0,1,0.6310623288154602,0.6310623288154602,0.23864755034446716,0.39241477847099304
GOOGL,xgboost,2,2021-10-11,1,1,0.6048204302787781,0.6048204302787781,0.3169759213924408,0.2878445088863373
GOOGL,xgboost,2,2021-10-12,1,0,0.3990820050239563,0.31241825222969055,0.31241825222969055,0.08666375279426575
GOOGL,xgboost,2,2021-10-13,1,-1,0.4215713441371918,0.4213191568851471,0.4213191568851471,0.00025218725204467773
GOOGL,xgboost,2,2021-10-14,0,1,0.5217570662498474,0.5217570662498474,0.3717379868030548,0.1500190794467926
GOOGL,xgboost,2,2021-10-15,-1,1,0.7393614649772644,0.7393614649772644,0.1326509416103363,0.6067105233669281
GOOGL,xgboost,2,2021-10-18,-1,1,0.7497245073318481,0.7497245073318481,0.1828385442495346,0.5668859630823135
GOOGL,xgboost,2,2021-10-19,-1,1,0.5230162143707275,0.5230162143707275,0.3965696692466736,0.12644654512405396
GOOGL,xgboost,2,2021-10-20,1,1,0.5287541747093201,0.5287541747093201,0.378684401512146,0.15006977319717407
GOOGL,xgboost,2,2021-10-21,1,1,0.6815757751464844,0.6815757751464844,0.22293621301651,0.45863956212997437
GOOGL,xgboost,2,2021-10-22,1,1,0.5745375156402588,0.5745375156402588,0.35356831550598145,0.22096920013427734
GOOGL,xgboost,2,2021-10-25,1,1,0.569949746131897,0.569949746131897,0.39722660183906555,0.17272314429283142
GOOGL,xgboost,2,2021-10-26,1,1,0.6224634051322937,0.6224634051322937,0.27860456705093384,0.34385883808135986
GOOGL,xgboost,2,2021-10-27,0,1,0.4491851329803467,0.4491851329803467,0.39523595571517944,0.053949177265167236
GOOGL,xgboost,2,2021-10-28,0,1,0.533078134059906,0.533078134059906,0.40285906195640564,0.13021907210350037
GOOGL,xgboost,2,2021-10-29,0,1,0.4838302433490753,0.4838302433490753,0.39007920026779175,0.09375104308128357
GOOGL,xgboost,2,2021-11-01,1,1,0.552582859992981,0.552582859992981,0.42301860451698303,0.12956425547599792
GOOGL,xgboost,2,2021-11-02,1,1,0.5660614371299744,0.5660614371299744,0.40309226512908936,0.162969172000885
GOOGL,xgboost,2,2021-11-03,0,0,0.47242581844329834,0.45853152871131897,0.45853152871131897,0.01389428973197937
GOOGL,xgboost,2,2021-11-04,0,0,0.485817015171051,0.40376725792884827,0.40376725792884827,0.08204975724220276
GOOGL,xgboost,2,2021-11-05,0,0,0.6450961828231812,0.3030480146408081,0.3030480146408081,0.34204816818237305
GOOGL,xgboost,2,2021-11-08,0,0,0.742996335029602,0.19319899380207062,0.19319899380207062,0.5497973412275314
GOOGL,xgboost,2,2021-11-09,0,0,0.6679183840751648,0.28405025601387024,0.28405025601387024,0.38386812806129456
GOOGL,xgboost,2,2021-11-10,0,0,0.7657011151313782,0.20166733860969543,0.20166733860969543,0.5640337765216827
GOOGL,xgboost,2,2021-11-11,1,0,0.5690211653709412,0.3885478973388672,0.3885478973388672,0.18047326803207397
GOOGL,xgboost,2,2021-11-12,0,1,0.5028499364852905,0.5028499364852905,0.424826055765152,0.07802388072013855
GOOGL,xgboost,2,2021-11-15,0,0,0.5454537272453308,0.3984406590461731,0.3984406590461731,0.14701306819915771
GOOGL,xgboost,2,2021-11-16,0,0,0.5730050206184387,0.3395148813724518,0.3395148813724518,0.23349013924598694
GOOGL,xgboost,2,2021-11-17,0,1,0.6922194957733154,0.6922194957733154,0.20852871239185333,0.4836907833814621
GOOGL,xgboost,2,2021-11-18,-1,0,0.6583461165428162,0.27246761322021484,0.27246761322021484,0.3858785033226013
GOOGL,xgboost,2,2021-11-19,-1,1,0.7277603149414062,0.7277603149414062,0.22612732648849487,0.5016329884529114
GOOGL,xgboost,2,2021-11-22,-1,1,0.5763962268829346,0.5763962268829346,0.38826608657836914,0.18813014030456543
GOOGL,xgboost,2,2021-11-23,-1,0,0.5240249037742615,0.4653904438018799,0.4653904438018799,0.05863445997238159
GOOGL,xgboost,2,2021-11-24,-1,0,0.7056654095649719,0.2793880105018616,0.2793880105018616,0.42627739906311035
GOOGL,xgboost,2,2021-11-26,0,0,0.6586601138114929,0.19910085201263428,0.19910085201263428,0.45955926179885864
GOOGL,xgboost,2,2021-11-29,0,0,0.5266073942184448,0.43097731471061707,0.43097731471061707,0.09563007950782776
GOOGL,xgboost,2,2021-11-30,1,1,0.3841775357723236,0.3841775357723236,0.31339651346206665,0.07078102231025696
GOOGL,xgboost,2,2021-12-01,1,-1,0.5558629631996155,0.16998931765556335,0.27414771914482117,0.2817152440547943
GOOGL,xgboost,2,2021-12-02,1,1,0.4988771378993988,0.4988771378993988,0.28784385323524475,0.21103328466415405
GOOGL,xgboost,2,2021-12-03,1,0,0.36528459191322327,0.3346239924430847,0.3346239924430847,0.03066059947013855
GOOGL,xgboost,2,2021-12-06,0,1,0.6291680335998535,0.6291680335998535,0.3022703528404236,0.32689768075942993
GOOGL,xgboost,2,2021-12-07,-1,-1,0.4950164258480072,0.26099157333374023,0.26099157333374023,0.23402485251426697
GOOGL,xgboost,2,2021-12-08,0,1,0.6400386095046997,0.6400386095046997,0.24970141053199768,0.390337198972702
GOOGL,xgboost,2,2021-12-09,-1,1,0.6596226692199707,0.6596226692199707,0.27839741110801697,0.38122525811195374
GOOGL,xgboost,2,2021-12-10,-1,1,0.5738417506217957,0.5738417506217957,0.34921181201934814,0.2246299386024475
GOOGL,xgboost,2,2021-12-13,-1,1,0.559334397315979,0.559334397315979,0.38399627804756165,0.17533811926841736
GOOGL,xgboost,2,2021-12-14,0,0,0.5397660136222839,0.2542884349822998,0.2542884349822998,0.28547757863998413
GOOGL,xgboost,2,2021-12-15,0,1,0.9202278256416321,0.9202278256416321,0.05693264678120613,0.863295178860426
GOOGL,xgboost,2,2021-12-16,0,1,0.7091372013092041,0.7091372013092041,0.14985032379627228,0.5592868775129318
GOOGL,xgboost,2,2021-12-17,1,0,0.8274601101875305,0.07250375300645828,0.1000361368060112,0.7274239733815193
GOOGL,xgboost,2,2021-12-20,1,0,0.4842568337917328,0.11903728544712067,0.39670586585998535,0.08755096793174744
GOOGL,xgboost,2,2021-12-21,1,1,0.9192904233932495,0.9192904233932495,0.04725469648838043,0.8720357269048691
GOOGL,xgboost,2,2021-12-22,0,1,0.8859639763832092,0.8859639763832092,0.0626336857676506,0.8233302906155586
GOOGL,xgboost,2,2021-12-23,0,1,0.8246811628341675,0.8246811628341675,0.13921406865119934,0.6854670941829681
GOOGL,xgboost,2,2021-12-27,0,1,0.5594480037689209,0.5594480037689209,0.3411608040332794,0.21828719973564148
GOOGL,xgboost,2,2021-12-28,0,1,0.5586366653442383,0.5586366653442383,0.24704769253730774,0.31158897280693054
GOOGL,xgboost,2,2021-12-29,-1,1,0.8467456102371216,0.8467456102371216,0.07775485515594482,0.7689907550811768
GOOGL,xgboost,2,2021-12-30,-1,1,0.5865505933761597,0.5865505933761597,0.3588387966156006,0.22771179676055908
GOOGL,xgboost,2,2021-12-31,-1,1,0.5034037828445435,0.5034037828445435,0.3667205572128296,0.13668322563171387
GOOGL,xgboost,2,2022-01-03,-1,0,0.43909624218940735,0.3866880238056183,0.3866880238056183,0.05240821838378906
GOOGL,xgboost,2,2022-01-04,-1,1,0.47625619173049927,0.47625619173049927,0.33126217126846313,0.14499402046203613
GOOGL,xgboost,2,2022-01-05,1,1,0.7477025389671326,0.7477025389671326,0.2414328157901764,0.5062697231769562
GOOGL,xgboost,2,2022-01-06,0,0,0.8005171418190002,0.1726626306772232,0.1726626306772232,0.627854511141777
GOOGL,xgboost,2,2022-01-07,0,0,0.8057836294174194,0.15944808721542358,0.15944808721542358,0.6463355422019958
GOOGL,xgboost,2,2022-01-10,0,0,0.8436794877052307,0.11427918076515198,0.11427918076515198,0.7294003069400787
GOOGL,xgboost,2,2022-01-11,-1,0,0.6566020250320435,0.275335431098938,0.275335431098938,0.38126659393310547
GOOGL,xgboost,2,2022-01-12,-1,1,0.5764110088348389,0.5764110088348389,0.38808783888816833,0.18832316994667053
GOOGL,xgboost,2,2022-01-13,-1,0,0.6844490170478821,0.2789878249168396,0.2789878249168396,0.4054611921310425
GOOGL,xgboost,2,2022-01-14,-1,1,0.4932269752025604,0.4932269752025604,0.41895341873168945,0.07427355647087097
GOOGL,xgboost,2,2022-01-18,-1,0,0.7715537548065186,0.1490056961774826,0.1490056961774826,0.622548058629036
GOOGL,xgboost,2,2022-01-19,-1,0,0.7341241240501404,0.1683918982744217,0.1683918982744217,0.5657322257757187
GOOGL,xgboost,2,2022-01-20,-1,1,0.49422457814216614,0.49422457814216614,0.4492008686065674,0.045023709535598755
GOOGL,xgboost,2,2022-01-21,1,1,0.8477252721786499,0.8477252721786499,0.1439119279384613,0.7038133442401886
GOOGL,xgboost,2,2022-01-24,1,0,0.6715245842933655,0.3092885911464691,0.3092885911464691,0.36223599314689636
GOOGL,xgboost,2,2022-01-25,1,1,0.5504598021507263,0.5504598021507263,0.43466687202453613,0.11579293012619019
GOOGL,xgboost,2,2022-01-26,1,0,0.5018091797828674,0.3190635144710541,0.3190635144710541,0.18274566531181335
GOOGL,xgboost,2,2022-01-27,1,-1,0.3566228449344635,0.3152916431427002,0.3280854821205139,0.028537362813949585
GOOGL,xgboost,2,2022-01-28,1,0,0.6282058954238892,0.14124414324760437,0.23054997622966766,0.3976559191942215
GOOGL,xgboost,2,2022-01-31,1,1,0.547659158706665,0.547659158706665,0.2359371781349182,0.3117219805717468
GOOGL,xgboost,2,2022-02-01,0,1,0.530140221118927,0.530140221118927,0.2645820081233978,0.2655582129955292
GOOGL,xgboost,2,2022-02-02,-1,0,0.7416817545890808,0.13405737280845642,0.13405737280845642,0.6076243817806244
GOOGL,xgboost,2,2022-02-03,-1,1,0.5440957546234131,0.5440957546234131,0.39863044023513794,0.14546531438827515
GOOGL,xgboost,2,2022-02-04,-1,0,0.6076660752296448,0.3645124137401581,0.3645124137401581,0.2431536614894867
GOOGL,xgboost,2,2022-02-07,-1,1,0.7003012299537659,0.7003012299537659,0.26083827018737793,0.43946295976638794
GOOGL,xgboost,2,2022-02-08,-1,1,0.7971930503845215,0.7971930503845215,0.15612474083900452,0.641068309545517
GOOGL,xgboost,2,2022-02-09,-1,1,0.7981722354888916,0.7981722354888916,0.10180643200874329,0.6963658034801483
GOOGL,xgboost,2,2022-02-10,-1,1,0.5733131766319275,0.5733131766319275,0.2375880479812622,0.3357251286506653
GOOGL,xgboost,2,2022-02-11,-1,1,0.5801743268966675,0.5801743268966675,0.27043280005455017,0.3097415268421173
GOOGL,xgboost,2,2022-02-14,-1,1,0.4201991856098175,0.4201991856098175,0.393614798784256,0.026584386825561523
GOOGL,xgboost,2,2022-02-15,-1,1,0.7071354985237122,0.7071354985237122,0.2169349640607834,0.49020053446292877
GOOGL,xgboost,2,2022-02-16,-1,1,0.648675262928009,0.648675262928009,0.20417740941047668,0.44449785351753235
GOOGL,xgboost,2,2022-02-17,0,1,0.36138302087783813,0.36138302087783813,0.3525993824005127,0.00878363847732544
GOOGL,xgboost,2,2022-02-18,1,-1,0.41792985796928406,0.3483121991157532,0.3483121991157532,0.06961765885353088
GOOGL,xgboost,2,2022-02-22,1,1,0.41029927134513855,0.41029927134513855,0.3938654065132141,0.01643386483192444
GOOGL,xgboost,2,2022-02-23,1,1,0.7486011981964111,0.7486011981964111,0.14541256427764893,0.6031886339187622
GOOGL,xgboost,2,2022-02-24,0,0,0.3923957943916321,0.24744053184986115,0.3601636588573456,0.0322321355342865
GOOGL,xgboost,2,2022-02-25,0,1,0.8321149349212646,0.8321149349212646,0.11098769307136536,0.7211272418498993
GOOGL,xgboost,2,2022-02-28,-1,1,0.5939136743545532,0.5939136743545532,0.2387925088405609,0.3551211655139923
GOOGL,xgboost,2,2022-03-01,-1,1,0.6787253022193909,0.6787253022193909,0.21082356572151184,0.46790173649787903
GOOGL,xgboost,2,2022-03-02,0,1,0.6506770849227905,0.6506770849227905,0.2538391351699829,0.3968379497528076
GOOGL,xgboost,2,2022-03-03,0,1,0.6591135859489441,0.6591135859489441,0.30679216980934143,0.35232141613960266
GOOGL,xgboost,2,2022-03-04,0,0,0.6038558483123779,0.3608856201171875,0.3608856201171875,0.24297022819519043
GOOGL,xgboost,2,2022-03-07,0,1,0.5729329586029053,0.5729329586029053,0.42210716009140015,0.15082579851150513
GOOGL,xgboost,2,2022-03-08,0,0,0.42629051208496094,0.37267208099365234,0.37267208099365234,0.053618431091308594
GOOGL,xgboost,2,2022-03-09,0,1,0.5553671717643738,0.5553671717643738,0.29628345370292664,0.25908371806144714
GOOGL,xgboost,2,2022-03-10,0,0,0.7251745462417603,0.2062908262014389,0.2062908262014389,0.5188837200403214
GOOGL,xgboost,2,2022-03-11,1,1,0.6287711262702942,0.6287711262702942,0.3205360770225525,0.3082350492477417
GOOGL,xgboost,2,2022-03-14,1,0,0.5727564096450806,0.23696841299533844,0.23696841299533844,0.3357879966497421
GOOGL,xgboost,2,2022-03-15,1,1,0.6172601580619812,0.6172601580619812,0.2313290685415268,0.3859310895204544
GOOGL,xgboost,2,2022-03-16,1,1,0.5202993750572205,0.5202993750572205,0.4078511595726013,0.11244821548461914
GOOGL,xgboost,2,2022-03-17,1,1,0.5502327680587769,0.5502327680587769,0.2907438278198242,0.25948894023895264
GOOGL,xgboost,2,2022-03-18,1,1,0.6152965426445007,0.6152965426445007,0.195476233959198,0.41982030868530273
GOOGL,xgboost,2,2022-03-21,1,1,0.48409536480903625,0.48409536480903625,0.412222295999527,0.07187306880950928
GOOGL,xgboost,2,2022-03-22,0,1,0.4783633351325989,0.4783633351325989,0.461331844329834,0.017031490802764893
GOOGL,xgboost,2,2022-03-23,1,1,0.6779146194458008,0.6779146194458008,0.29009535908699036,0.3878192603588104
GOOGL,xgboost,2,2022-03-24,0,1,0.7074052095413208,0.7074052095413208,0.2281409204006195,0.4792642891407013
GOOGL,xgboost,2,2022-03-25,0,1,0.6981356143951416,0.6981356143951416,0.27916663885116577,0.41896897554397583
GOOGL,xgboost,2,2022-03-28,0,0,0.6242713928222656,0.3424595892429352,0.3424595892429352,0.28181180357933044
GOOGL,xgboost,2,2022-03-29,0,1,0.546301007270813,0.546301007270813,0.42367103695869446,0.12262997031211853
GOOGL,xgboost,2,2022-03-30,-1,1,0.6044027209281921,0.6044027209281921,0.3712497651576996,0.23315295577049255
GOOGL,xgboost,2,2022-03-31,-1,1,0.6405175924301147,0.6405175924301147,0.3107694983482361,0.32974809408187866
GOOGL,xgboost,2,2022-04-01,-1,1,0.8157998323440552,0.8157998323440552,0.1651037484407425,0.6506960839033127
GOOGL,xgboost,2,2022-04-04,-1,1,0.7047809362411499,0.7047809362411499,0.15475644171237946,0.5500244945287704
GOOGL,xgboost,2,2022-04-05,-1,1,0.5026147365570068,0.5026147365570068,0.4684848487377167,0.03412988781929016
GOOGL,xgboost,2,2022-04-06,-1,0,0.6719757318496704,0.2815915644168854,0.2815915644168854,0.39038416743278503
GOOGL,xgboost,2,2022-04-07,-1,0,0.47677379846572876,0.47329244017601013,0.47329244017601013,0.003481358289718628
GOOGL,xgboost,2,2022-04-08,-1,0,0.799424946308136,0.12796540558338165,0.12796540558338165,0.6714595407247543
GOOGL,xgboost,2,2022-04-11,0,0,0.7987188696861267,0.16422943770885468,0.16422943770885468,0.634489431977272
GOOGL,xgboost,2,2022-04-12,0,0,0.8457084894180298,0.0894039124250412,0.0894039124250412,0.7563045769929886
GOOGL,xgboost,2,2022-04-13,-1,0,0.8816453814506531,0.06840971112251282,0.06840971112251282,0.8132356703281403
GOOGL,xgboost,2,2022-04-14,-1,0,0.835578978061676,0.14897888898849487,0.14897888898849487,0.6866000890731812
GOOGL,xgboost,2,2022-04-18,-1,0,0.8952025175094604,0.07849063724279404,0.07849063724279404,0.8167118802666664
GOOGL,xgboost,2,2022-04-19,-1,0,0.7098069787025452,0.16021667420864105,0.16021667420864105,0.5495903044939041
GOOGL,xgboost,2,2022-04-20,-1,0,0.8426302075386047,0.1351853460073471,0.1351853460073471,0.7074448615312576
GOOGL,xgboost,2,2022-04-21,-1,1,0.5446316003799438,0.5446316003799438,0.4323805272579193,0.11225107312202454
GOOGL,xgboost,2,2022-04-22,-1,1,0.7774079442024231,0.7774079442024231,0.21575361490249634,0.5616543292999268
GOOGL,xgboost,2,2022-04-25,-1,0,0.48684820532798767,0.47872063517570496,0.47872063517570496,0.008127570152282715
GOOGL,xgboost,2,2022-04-26,0,1,0.7864727973937988,0.7864727973937988,0.20344452559947968,0.5830282717943192
GOOGL,xgboost,2,2022-04-27,1,0,0.5180956721305847,0.4636383652687073,0.4636383652687073,0.05445730686187744
GOOGL,xgboost,2,2022-04-28,0,1,0.5226573944091797,0.5226573944091797,0.3865422010421753,0.1361151933670044
GOOGL,xgboost,2,2022-04-29,0,0,0.4926780164241791,0.46615710854530334,0.46615710854530334,0.026520907878875732
GOOGL,xgboost,2,2022-05-02,-1,0,0.48957088589668274,0.47770532965660095,0.47770532965660095,0.011865556240081787
GOOGL,xgboost,2,2022-05-03,-1,1,0.5651814341545105,0.5651814341545105,0.42225754261016846,0.14292389154434204
GOOGL,xgboost,2,2022-05-04,-1,1,0.472634494304657,0.472634494304657,0.4306562840938568,0.04197821021080017
GOOGL,xgboost,2,2022-05-05,-1,1,0.5985671281814575,0.5985671281814575,0.38365039229393005,0.21491673588752747
GOOGL,xgboost,2,2022-05-06,0,1,0.7090576887130737,0.7090576887130737,0.26698002219200134,0.4420776665210724
GOOGL,xgboost,2,2022-05-09,0,0,0.7936282753944397,0.15575844049453735,0.15575844049453735,0.6378698348999023
GOOGL,xgboost,2,2022-05-10,0,1,0.48375746607780457,0.48375746607780457,0.3658505082130432,0.11790695786476135
GOOGL,xgboost,2,2022-05-11,0,1,0.6789077520370483,0.6789077520370483,0.24894899129867554,0.4299587607383728
GOOGL,xgboost,2,2022-05-12,-1,0,0.6688422560691833,0.15438804030418396,0.17676971852779388,0.49207253754138947
GOOGL,xgboost,2,2022-05-13,-1,1,0.6567917466163635,0.6567917466163635,0.17742423713207245,0.4793675094842911
GOOGL,xgboost,2,2022-05-16,-1,1,0.5786446332931519,0.5786446332931519,0.3065844476222992,0.27206018567085266
GOOGL,xgboost,2,2022-05-17,-1,1,0.6937201023101807,0.6937201023101807,0.190250426530838,0.5034696757793427
GOOGL,xgboost,2,2022-05-18,-1,-1,0.40693923830986023,0.20874379575252533,0.38431695103645325,0.022622287273406982
GOOGL,xgboost,2,2022-05-19,-1,1,0.7286648750305176,0.7286648750305176,0.16784049570560455,0.560824379324913
GOOGL,xgboost,2,2022-05-20,1,0,0.5380907654762268,0.30327314138412476,0.30327314138412476,0.23481762409210205
GOOGL,xgboost,2,2022-05-23,1,1,0.5915364027023315,0.5915364027023315,0.21332690119743347,0.37820950150489807
GOOGL,xgboost,2,2022-05-24,1,1,0.5998619198799133,0.5998619198799133,0.38911667466163635,0.21074524521827698
GOOGL,xgboost,2,2022-05-25,1,0,0.7603884935379028,0.19715014100074768,0.19715014100074768,0.5632383525371552
GOOGL,xgboost,2,2022-05-26,1,0,0.5272418856620789,0.4029604494571686,0.4029604494571686,0.12428143620491028
GOOGL,xgboost,2,2022-05-27,1,1,0.3846164345741272,0.3846164345741272,0.37606778740882874,0.008548647165298462
GOOGL,xgboost,2,2022-05-31,1,1,0.47181153297424316,0.47181153297424316,0.3409438729286194,0.13086766004562378
GOOGL,xgboost,2,2022-06-01,1,1,0.6283842921257019,0.6283842921257019,0.2750833332538605,0.35330095887184143
GOOGL,xgboost,2,2022-06-02,-1,1,0.47991669178009033,0.47991669178009033,0.4025535583496094,0.07736313343048096
GOOGL,xgboost,2,2022-06-03,-1,0,0.5026588439941406,0.351280152797699,0.351280152797699,0.15137869119644165
GOOGL,xgboost,2,2022-06-06,-1,1,0.6015290021896362,0.6015290021896362,0.26463091373443604,0.3368980884552002
GOOGL,xgboost,2,2022-06-07,-1,1,0.7671639323234558,0.7671639323234558,0.1521710455417633,0.6149928867816925
GOOGL,xgboost,2,2022-06-08,-1,0,0.7325968146324158,0.20810957252979279,0.20810957252979279,0.524487242102623
GOOGL,xgboost,2,2022-06-09,-1,1,0.6430301070213318,0.6430301070213318,0.2596173584461212,0.38341274857521057
GOOGL,xgboost,2,2022-06-10,-1,0,0.4753403067588806,0.3701423406600952,0.3701423406600952,0.1051979660987854
GOOGL,xgboost,2,2022-06-13,1,0,0.7093481421470642,0.15431848168373108,0.15431848168373108,0.5550296604633331
GOOGL,xgboost,2,2022-06-14,1,0,0.5379882454872131,0.29817044734954834,0.29817044734954834,0.2398177981376648
GOOGL,xgboost,2,2022-06-15,1,1,0.6706429123878479,0.6706429123878479,0.24362395703792572,0.4270189553499222
GOOGL,xgboost,2,2022-06-16,1,0,0.4368591904640198,0.26475393772125244,0.298386812210083,0.13847237825393677
GOOGL,xgboost,2,2022-06-17,1,1,0.8230494260787964,0.8230494260787964,0.1292102038860321,0.6938392221927643
GOOGL,xgboost,2,2022-06-21,0,1,0.7918107509613037,0.7918107509613037,0.11384092271327972,0.677969828248024
GOOGL,xgboost,2,2022-06-22,0,1,0.9074516892433167,0.9074516892433167,0.057271089404821396,0.8501805998384953
GOOGL,xgboost,2,2022-06-23,-1,1,0.9027243256568909,0.9027243256568909,0.07999799400568008,0.8227263316512108
GOOGL,xgboost,2,2022-06-24,-1,1,0.6219961047172546,0.6219961047172546,0.2802228629589081,0.34177324175834656
GOOGL,xgboost,2,2022-06-27,-1,0,0.5513899326324463,0.4066421687602997,0.4066421687602997,0.1447477638721466
GOOGL,xgboost,2,2022-06-28,1,1,0.7348619699478149,0.7348619699478149,0.21048280596733093,0.524379163980484
GOOGL,xgboost,2,2022-06-29,1,1,0.7227201461791992,0.7227201461791992,0.19329258799552917,0.52942755818367
GOOGL,xgboost,2,2022-06-30,1,0,0.45356228947639465,0.3064292073249817,0.3064292073249817,0.14713308215141296
GOOGL,xgboost,2,2022-07-01,1,0,0.6807947158813477,0.17724813520908356,0.17724813520908356,0.5035465806722641
GOOGL,xgboost,2,2022-07-05,0,1,0.5399797558784485,0.5399797558784485,0.31171196699142456,0.22826778888702393
GOOGL,xgboost,2,2022-07-06,-1,1,0.8689591884613037,0.8689591884613037,0.08056972920894623,0.7883894592523575
GOOGL,xgboost,2,2022-07-07,-1,1,0.6320428252220154,0.6320428252220154,0.27606889605522156,0.3559739291667938
GOOGL,xgboost,2,2022-07-08,-1,1,0.7382990121841431,0.7382990121841431,0.21976806223392487,0.5185309499502182
GOOGL,xgboost,2,2022-07-11,-1,1,0.6006283760070801,0.6006283760070801,0.3865838646888733,0.2140445113182068
GOOGL,xgboost,2,2022-07-12,0,1,0.8892655968666077,0.8892655968666077,0.08871690928936005,0.8005486875772476
GOOGL,xgboost,2,2022-07-13,1,0,0.49171724915504456,0.340634286403656,0.340634286403656,0.15108296275138855
GOOGL,xgboost,2,2022-07-14,1,0,0.5741865038871765,0.2140505462884903,0.2140505462884903,0.3601359575986862
GOOGL,xgboost,2,2022-07-15,-1,1,0.6096095442771912,0.6096095442771912,0.23018550872802734,0.3794240355491638
GOOGL,xgboost,2,2022-07-18,0,0,0.47515109181404114,0.2487739771604538,0.2760748863220215,0.19907620549201965
GOOGL,xgboost,2,2022-07-19,-1,-1,0.4962402582168579,0.40647050738334656,0.40647050738334656,0.08976975083351135
GOOGL,xgboost,2,2022-07-20,0,1,0.7444049715995789,0.7444049715995789,0.17096863687038422,0.5734363347291946
GOOGL,xgboost,2,2022-07-21,0,1,0.800344705581665,0.800344705581665,0.17241612076759338,0.6279285848140717
GOOGL,xgboost,2,2022-07-22,1,0,0.8523013591766357,0.08451784402132034,0.08451784402132034,0.7677835151553154
GOOGL,xgboost,2,2022-07-25,1,0,0.9414840936660767,0.028996195644140244,0.029519733041524887,0.9119643606245518
GOOGL,xgboost,2,2022-07-26,1,0,0.9118167161941528,0.07344010472297668,0.07344010472297668,0.8383766114711761
GOOGL,xgboost,2,2022-07-27,1,1,0.6728881001472473,0.6728881001472473,0.2011081576347351,0.4717799425125122
GOOGL,xgboost,2,2022-07-28,1,1,0.7792273759841919,0.7792273759841919,0.17280533909797668,0.6064220368862152
GOOGL,xgboost,2,2022-07-29,0,1,0.5129278898239136,0.5129278898239136,0.28020039200782776,0.23272749781608582
GOOGL,xgboost,2,2022-08-01,1,0,0.5703838467597961,0.29663681983947754,0.29663681983947754,0.2737470269203186
GOOGL,xgboost,2,2022-08-02,0,0,0.5557384490966797,0.4329833388328552,0.4329833388328552,0.12275511026382446
GOOGL,xgboost,2,2022-08-03,0,1,0.5014992356300354,0.5014992356300354,0.39006277918815613,0.11143645644187927
GOOGL,xgboost,2,2022-08-04,0,0,0.562181293964386,0.38603219389915466,0.38603219389915466,0.17614910006523132
GOOGL,xgboost,2,2022-08-05,1,0,0.6718151569366455,0.29788485169410706,0.29788485169410706,0.37393030524253845
GOOGL,xgboost,2,2022-08-08,1,1,0.5563310980796814,0.5563310980796814,0.4031016230583191,0.1532294750213623
GOOGL,xgboost,2,2022-08-09,1,1,0.4947921931743622,0.4947921931743622,0.47064825892448425,0.02414393424987793
GOOGL,xgboost,2,2022-08-10,0,1,0.6999290585517883,0.6999290585517883,0.1542414426803589,0.5456876158714294
GOOGL,xgboost,2,2022-08-11,0,1,0.7277697920799255,0.7277697920799255,0.2391015887260437,0.48866820335388184
GOOGL,xgboost,2,2022-08-12,-1,0,0.4737808406352997,0.34115269780158997,0.34115269780158997,0.13262814283370972
GOOGL,xgboost,2,2022-08-15,-1,0,0.591175377368927,0.3379502296447754,0.3379502296447754,0.2532251477241516
GOOGL,xgboost,2,2022-08-16,-1,0,0.5020462274551392,0.42628735303878784,0.42628735303878784,0.07575887441635132
GOOGL,xgboost,2,2022-08-17,-1,0,0.5721173882484436,0.40416157245635986,0.40416157245635986,0.16795581579208374
GOOGL,xgboost,2,2022-08-18,-1,1,0.6705315113067627,0.6705315113067627,0.26024341583251953,0.41028809547424316
GOOGL,xgboost,2,2022-08-19,-1,0,0.5880799889564514,0.3871491551399231,0.3871491551399231,0.20093083381652832
GOOGL,xgboost,2,2022-08-22,-1,0,0.6497930288314819,0.3024861216545105,0.3024861216545105,0.34730690717697144
GOOGL,xgboost,2,2022-08-23,-1,0,0.5191007852554321,0.32195860147476196,0.32195860147476196,0.19714218378067017
GOOGL,xgboost,2,2022-08-24,-1,0,0.8739852905273438,0.05991588532924652,0.06609876453876495,0.8078865259885788
GOOGL,xgboost,2,2022-08-25,-1,1,0.6405227184295654,0.6405227184295654,0.18676114082336426,0.45376157760620117
GOOGL,xgboost,2,2022-08-26,-1,0,0.4850008189678192,0.4197564125061035,0.4197564125061035,0.0652444064617157
GOOGL,xgboost,2,2022-08-29,-1,0,0.6809086799621582,0.04589594155550003,0.2731953263282776,0.4077133536338806
GOOGL,xgboost,2,2022-08-30,0,0,0.791949987411499,0.05184325948357582,0.15620683133602142,0.6357431560754776
GOOGL,xgboost,2,2022-08-31,0,0,0.7990090250968933,0.11672408878803253,0.11672408878803253,0.6822849363088608
GOOGL,xgboost,2,2022-09-01,0,0,0.5796619653701782,0.038773272186517715,0.381564736366272,0.19809722900390625
GOOGL,xgboost,2,2022-09-02,1,0,0.6709647178649902,0.08804868906736374,0.240986630320549,0.4299780875444412
GOOGL,xgboost,2,2022-09-06,-1,0,0.5956094861030579,0.25452592968940735,0.25452592968940735,0.3410835564136505
GOOGL,xgboost,2,2022-09-07,-1,-1,0.42483261227607727,0.16457846760749817,0.41058892011642456,0.01424369215965271
GOOGL,xgboost,2,2022-09-08,-1,0,0.9272513389587402,0.06157046556472778,0.06157046556472778,0.8656808733940125
GOOGL,xgboost,2,2022-09-09,-1,0,0.5631062388420105,0.22294312715530396,0.22294312715530396,0.34016311168670654
GOOGL,xgboost,2,2022-09-12,-1,1,0.5020591616630554,0.5020591616630554,0.43833523988723755,0.06372392177581787
GOOGL,xgboost,2,2022-09-13,-1,0,0.6649078726768494,0.319073349237442,0.319073349237442,0.34583452343940735
GOOGL,xgboost,2,2022-09-14,-1,0,0.5108687877655029,0.43752068281173706,0.43752068281173706,0.07334810495376587
GOOGL,xgboost,2,2022-09-15,-1,0,0.6257450580596924,0.3633004426956177,0.3633004426956177,0.2624446153640747
GOOGL,xgboost,2,2022-09-16,-1,1,0.5644629597663879,0.5644629597663879,0.40527546405792236,0.15918749570846558
GOOGL,xgboost,2,2022-09-19,-1,0,0.7748180627822876,0.21329565346240997,0.21329565346240997,0.5615224093198776
GOOGL,xgboost,2,2022-09-20,-1,1,0.5534563064575195,0.5534563064575195,0.43455469608306885,0.11890161037445068
GOOGL,xgboost,2,2022-09-21,0,1,0.7456424832344055,0.7456424832344055,0.21607261896133423,0.5295698642730713
GOOGL,xgboost,2,2022-09-22,-1,0,0.6251622438430786,0.1804213672876358,0.19441640377044678,0.43074584007263184
GOOGL,xgboost,2,2022-09-23,-1,1,0.6542297601699829,0.6542297601699829,0.2799312472343445,0.3742985129356384
GOOGL,xgboost,2,2022-09-26,0,-1,0.52458256483078,0.19382141530513763,0.28159597516059875,0.24298658967018127
GOOGL,xgboost,2,2022-09-27,1,0,0.5409638285636902,0.2788408398628235,0.2788408398628235,0.2621229887008667
GOOGL,xgboost,2,2022-09-28,0,1,0.4230612814426422,0.4230612814426422,0.3623022437095642,0.060759037733078
GOOGL,xgboost,2,2022-09-29,1,1,0.6432884931564331,0.6432884931564331,0.24169564247131348,0.40159285068511963
GOOGL,xgboost,2,2022-09-30,1,1,0.661392092704773,0.661392092704773,0.2680123746395111,0.39337971806526184
GOOGL,xgboost,2,2022-10-03,0,-1,0.41517174243927,0.3086436688899994,0.3086436688899994,0.10652807354927063
GOOGL,xgboost,2,2022-10-04,-1,-1,0.40742865204811096,0.3570890724658966,0.3570890724658966,0.050339579582214355
GOOGL,xgboost,2,2022-10-05,-1,1,0.5980241298675537,0.5980241298675537,0.24402518570423126,0.35399894416332245
GOOGL,xgboost,2,2022-10-06,-1,1,0.5603553056716919,0.5603553056716919,0.3623630404472351,0.1979922652244568
GOOGL,xgboost,2,2022-10-07,-1,1,0.4913335144519806,0.4913335144519806,0.3284534513950348,0.1628800630569458
GOOGL,xgboost,2,2022-10-10,1,1,0.6061689853668213,0.6061689853668213,0.211199089884758,0.3949698954820633
GOOGL,xgboost,2,2022-10-11,1,1,0.6144899129867554,0.6144899129867554,0.20101884007453918,0.4134710729122162
GOOGL,xgboost,2,2022-10-12,1,1,0.8665352463722229,0.8665352463722229,0.0776214525103569,0.788913793861866
GOOGL,xgboost,2,2022-10-13,0,1,0.6790087819099426,0.6790087819099426,0.2137237787246704,0.4652850031852722
GOOGL,xgboost,2,2022-10-14,1,1,0.9239163398742676,0.9239163398742676,0.045576464384794235,0.8783398754894733
GOOGL,xgboost,2,2022-10-17,1,1,0.6960409283638,0.6960409283638,0.19839373230934143,0.4976471960544586
GOOGL,xgboost,2,2022-10-18,1,1,0.7016746997833252,0.7016746997833252,0.17747607827186584,0.5241986215114594
GOOGL,xgboost,2,2022-10-19,-1,1,0.8951208591461182,0.8951208591461182,0.06752363592386246,0.8275972232222557
GOOGL,xgboost,2,2022-10-20,-1,1,0.8476595282554626,0.8476595282554626,0.08071491867303848,0.7669446095824242
GOOGL,xgboost,2,2022-10-21,-1,1,0.6567139029502869,0.6567139029502869,0.25700974464416504,0.3997041583061218
GOOGL,xgboost,2,2022-10-24,-1,1,0.34516340494155884,0.34516340494155884,0.3395301103591919,0.005633294582366943
GOOGL,xgboost,2,2022-10-25,-1,1,0.6642119288444519,0.6642119288444519,0.2061138153076172,0.4580981135368347
GOOGL,xgboost,2,2022-10-26,-1,1,0.5209642052650452,0.5209642052650452,0.46858030557632446,0.0523838996887207
GOOGL,xgboost,2,2022-10-27,-1,1,0.6651610136032104,0.6651610136032104,0.3221365809440613,0.34302443265914917
GOOGL,xgboost,2,2022-10-28,-1,0,0.4697222411632538,0.3270425498485565,0.3270425498485565,0.14267969131469727
GOOGL,xgboost,2,2022-10-31,-1,1,0.5929188132286072,0.5929188132286072,0.3936517536640167,0.19926705956459045
GOOGL,xgboost,2,2022-11-01,0,1,0.8718505501747131,0.8718505501747131,0.12085612863302231,0.7509944215416908
GOOGL,xgboost,2,2022-11-02,0,1,0.7644700407981873,0.7644700407981873,0.2237866073846817,0.5406834334135056
GOOGL,xgboost,3,2022-11-03,1,1,0.710813045501709,0.710813045501709,0.14732977747917175,0.5634832680225372
GOOGL,xgboost,3,2022-11-04,1,0,0.45599186420440674,0.15820056200027466,0.3858075737953186,0.07018429040908813
GOOGL,xgboost,3,2022-11-07,1,0,0.5552115440368652,0.07502473890781403,0.36976367235183716,0.18544787168502808
GOOGL,xgboost,3,2022-11-08,1,-1,0.47230780124664307,0.30647942423820496,0.30647942423820496,0.1658283770084381
GOOGL,xgboost,3,2022-11-09,1,-1,0.6322561502456665,0.07730317860841751,0.2904406785964966,0.3418154716491699
GOOGL,xgboost,3,2022-11-10,1,1,0.5662968754768372,0.5662968754768372,0.3095293939113617,0.25676748156547546
GOOGL,xgboost,3,2022-11-11,0,0,0.5976330637931824,0.29019835591316223,0.29019835591316223,0.30743470788002014
GOOGL,xgboost,3,2022-11-14,0,1,0.542992889881134,0.542992889881134,0.3645309507846832,0.1784619390964508
GOOGL,xgboost,3,2022-11-15,0,1,0.4184139370918274,0.4184139370918274,0.38295960426330566,0.03545433282852173
GOOGL,xgboost,3,2022-11-16,0,0,0.5514267683029175,0.259634792804718,0.259634792804718,0.29179197549819946
GOOGL,xgboost,3,2022-11-17,0,1,0.5277302861213684,0.5277302861213684,0.2833711802959442,0.2443591058254242
GOOGL,xgboost,3,2022-11-18,0,1,0.8141672611236572,0.8141672611236572,0.1416449248790741,0.6725223362445831
GOOGL,xgboost,3,2022-11-21,0,1,0.7210045456886292,0.7210045456886292,0.1678563803434372,0.553148165345192
GOOGL,xgboost,3,2022-11-22,1,1,0.8374531865119934,0.8374531865119934,0.08795454353094101,0.7494986429810524
GOOGL,xgboost,3,2022-11-23,1,0,0.4535837173461914,0.35264500975608826,0.35264500975608826,0.10093870759010315
GOOGL,xgboost,3,2022-11-25,1,-1,0.5288509726524353,0.1984236240386963,0.2727254033088684,0.2561255693435669
GOOGL,xgboost,3,2022-11-28,1,-1,0.5415318012237549,0.2931760549545288,0.2931760549545288,0.24835574626922607
GOOGL,xgboost,3,2022-11-29,0,-1,0.5340946912765503,0.21355578303337097,0.25234952569007874,0.28174516558647156
GOOGL,xgboost,3,2022-11-30,-1,-1,0.5323584079742432,0.07594000548124313,0.3917015790939331,0.14065682888031006
GOOGL,xgboost,3,2022-12-01,-1,-1,0.3904793858528137,0.2921677529811859,0.317352831363678,0.07312655448913574
GOOGL,xgboost,3,2022-12-02,-1,-1,0.4291011393070221,0.33571386337280273,0.33571386337280273,0.09338727593421936
GOOGL,xgboost,3,2022-12-05,-1,-1,0.44893619418144226,0.36294180154800415,0.36294180154800415,0.08599439263343811
GOOGL,xgboost,3,2022-12-06,0,-1,0.5014081001281738,0.32824787497520447,0.32824787497520447,0.17316022515296936
GOOGL,xgboost,3,2022-12-07,0,-1,0.5519135594367981,0.40522444248199463,0.40522444248199463,0.14668911695480347
GOOGL,xgboost,3,2022-12-08,-1,-1,0.5446040630340576,0.20664583146572113,0.24875012040138245,0.29585394263267517
GOOGL,xgboost,3,2022-12-09,-1,-1,0.5592971444129944,0.13155560195446014,0.3091472387313843,0.2501499056816101
GOOGL,xgboost,3,2022-12-12,-1,-1,0.44507139921188354,0.24597641825675964,0.3089521527290344,0.13611924648284912
GOOGL,xgboost,3,2022-12-13,-1,-1,0.38946568965911865,0.25271061062812805,0.3578236997127533,0.031641989946365356
GOOGL,xgboost,3,2022-12-14,-1,0,0.5224372148513794,0.24649670720100403,0.24649670720100403,0.27594050765037537
GOOGL,xgboost,3,2022-12-15,-1,-1,0.6347164511680603,0.17056164145469666,0.19472189247608185,0.43999455869197845
GOOGL,xgboost,3,2022-12-16,0,-1,0.6783843636512756,0.10319583863019943,0.21841977536678314,0.4599645882844925
GOOGL,xgboost,3,2022-12-19,0,0,0.5174624919891357,0.19422771036624908,0.28830984234809875,0.229152649641037
GOOGL,xgboost,3,2022-12-20,-1,-1,0.7762307524681091,0.0825006514787674,0.1412685513496399,0.6349622011184692
GOOGL,xgboost,3,2022-12-21,0,0,0.42925944924354553,0.2664949297904968,0.30424562096595764,0.1250138282775879
GOOGL,xgboost,3,2022-12-22,0,-1,0.5086559653282166,0.268563449382782,0.268563449382782,0.24009251594543457
GOOGL,xgboost,3,2022-12-23,0,0,0.5922706723213196,0.10761352628469467,0.30011579394340515,0.29215487837791443
GOOGL,xgboost,3,2022-12-27,0,0,0.40918081998825073,0.27189257740974426,0.31892654299736023,0.0902542769908905
GOOGL,xgboost,3,2022-12-28,0,1,0.38583433628082275,0.38583433628082275,0.36297178268432617,0.022862553596496582
GOOGL,xgboost,3,2022-12-29,0,0,0.7444250583648682,0.09183236956596375,0.16374258697032928,0.5806824713945389
GOOGL,xgboost,3,2022-12-30,0,0,0.49638473987579346,0.18517045676708221,0.3184448480606079,0.17793989181518555
GOOGL,xgboost,3,2023-01-03,0,0,0.6659582257270813,0.18351072072982788,0.18351072072982788,0.4824475049972534
GOOGL,xgboost,3,2023-01-04,1,1,0.7830225825309753,0.7830225825309753,0.15531602501869202,0.6277065575122833
GOOGL,xgboost,3,2023-01-05,1,0,0.38080814480781555,0.3219396770000458,0.3219396770000458,0.058868467807769775
GOOGL,xgboost,3,2023-01-06,1,1,0.5402911901473999,0.5402911901473999,0.28789839148521423,0.25239279866218567
GOOGL,xgboost,3,2023-01-09,1,1,0.46202895045280457,0.46202895045280457,0.3320844769477844,0.12994447350502014
GOOGL,xgboost,3,2023-01-10,1,0,0.49664998054504395,0.28981301188468933,0.28981301188468933,0.20683696866035461
GOOGL,xgboost,3,2023-01-11,0,-1,0.5398479700088501,0.15563155710697174,0.3045204281806946,0.23532754182815552
GOOGL,xgboost,3,2023-01-12,1,-1,0.5663460493087769,0.16399258375167847,0.26966139674186707,0.2966846525669098
GOOGL,xgboost,3,2023-01-13,1,-1,0.7639910578727722,0.10370106995105743,0.13230785727500916,0.6316832005977631
GOOGL,xgboost,3,2023-01-17,1,1,0.5317150354385376,0.5317150354385376,0.37847867608070374,0.15323635935783386
GOOGL,xgboost,3,2023-01-18,1,1,0.6893517374992371,0.6893517374992371,0.24641208350658417,0.4429396539926529
GOOGL,xgboost,3,2023-01-19,1,1,0.5660285949707031,0.5660285949707031,0.25507766008377075,0.3109509348869324
GOOGL,xgboost,3,2023-01-20,0,0,0.8034936785697937,0.010789887048304081,0.18571648001670837,0.6177771985530853
GOOGL,xgboost,3,2023-01-23,-1,0,0.9030947685241699,0.010794052854180336,0.0861111581325531,0.8169836103916168
GOOGL,xgboost,3,2023-01-24,0,0,0.8322015404701233,0.06039237231016159,0.10740610212087631,0.724795438349247
GOOGL,xgboost,3,2023-01-25,1,1,0.8527100682258606,0.8527100682258606,0.08128511905670166,0.7714249491691589
GOOGL,xgboost,3,2023-01-26,1,0,0.5429744124412537,0.3037026822566986,0.3037026822566986,0.23927173018455505
GOOGL,xgboost,3,2023-01-27,1,0,0.5885820388793945,0.12024125456809998,0.2911767065525055,0.29740533232688904
GOOGL,xgboost,3,2023-01-30,1,1,0.4111955463886261,0.4111955463886261,0.33669528365135193,0.07450026273727417
GOOGL,xgboost,3,2023-01-31,1,0,0.4777242839336395,0.2074788510799408,0.31479689478874207,0.16292738914489746
GOOGL,xgboost,3,2023-02-01,0,0,0.8152142763137817,0.0676930844783783,0.11709262430667877,0.698121652007103
GOOGL,xgboost,3,2023-02-02,-1,0,0.96368408203125,0.00684213126078248,0.02947375178337097,0.934210330247879
GOOGL,xgboost,3,2023-02-03,-1,0,0.6816864013671875,0.05439089238643646,0.26392272114753723,0.41776368021965027
GOOGL,xgboost,3,2023-02-06,-1,0,0.5551373958587646,0.2048194706439972,0.24004310369491577,0.3150942921638489
GOOGL,xgboost,3,2023-02-07,-1,0,0.8804263472557068,0.012387154623866081,0.1071864515542984,0.7732398957014084
GOOGL,xgboost,3,2023-02-08,-1,1,0.458568274974823,0.458568274974823,0.3641091585159302,0.09445911645889282
GOOGL,xgboost,3,2023-02-09,0,1,0.6305292248725891,0.6305292248725891,0.2490389049053192,0.3814903199672699
GOOGL,xgboost,3,2023-02-10,0,0,0.4279468357563019,0.3842117190361023,0.3842117190361023,0.043735116720199585
GOOGL,xgboost,3,2023-02-13,-1,-1,0.5685226321220398,0.2704493999481201,0.2704493999481201,0.2980732321739197
GOOGL,xgboost,3,2023-02-14,-1,0,0.36654946208000183,0.32693031430244446,0.32693031430244446,0.03961914777755737
GOOGL,xgboost,3,2023-02-15,-1,0,0.49398043751716614,0.2885103225708008,0.2885103225708008,0.20547011494636536
GOOGL,xgboost,3,2023-02-16,-1,0,0.6689463257789612,0.05274132639169693,0.27831241488456726,0.3906339108943939
GOOGL,xgboost,3,2023-02-17,-1,0,0.5146687626838684,0.15545472502708435,0.32987651228904724,0.18479225039482117
GOOGL,xgboost,3,2023-02-21,0,-1,0.8283347487449646,0.03528610244393349,0.1363791823387146,0.69195556640625
GOOGL,xgboost,3,2023-02-22,0,-1,0.7674462199211121,0.07548840343952179,0.15706531703472137,0.6103809028863907
GOOGL,xgboost,3,2023-02-23,0,-1,0.48770081996917725,0.08707214146852493,0.42522701621055603,0.062473803758621216
GOOGL,xgboost,3,2023-02-24,1,-1,0.44035375118255615,0.1240987777709961,0.43554750084877014,0.004806250333786011
GOOGL,xgboost,3,2023-02-27,1,-1,0.4454708397388458,0.2121778428554535,0.3423512876033783,0.10311955213546753
GOOGL,xgboost,3,2023-02-28,1,-1,0.4960881173610687,0.28303879499435425,0.28303879499435425,0.21304932236671448
GOOGL,xgboost,3,2023-03-01,1,0,0.6018604040145874,0.12752343714237213,0.27061617374420166,0.33124423027038574
GOOGL,xgboost,3,2023-03-02,0,0,0.6881979703903198,0.20595815777778625,0.20595815777778625,0.48223981261253357
GOOGL,xgboost,3,2023-03-03,-1,0,0.6035069227218628,0.3050001561641693,0.3050001561641693,0.2985067665576935
GOOGL,xgboost,3,2023-03-06,-1,0,0.7197956442832947,0.16142824292182922,0.16142824292182922,0.5583674013614655
GOOGL,xgboost,3,2023-03-07,0,1,0.6227282881736755,0.6227282881736755,0.26119282841682434,0.3615354597568512
GOOGL,xgboost,3,2023-03-08,0,1,0.8971767425537109,0.8971767425537109,0.07820145785808563,0.8189752846956253
GOOGL,xgboost,3,2023-03-09,1,1,0.5980169773101807,0.5980169773101807,0.2323256880044937,0.36569128930568695
GOOGL,xgboost,3,2023-03-10,1,1,0.4671386778354645,0.4671386778354645,0.3771645724773407,0.08997410535812378
GOOGL,xgboost,3,2023-03-13,1,1,0.42826342582702637,0.42826342582702637,0.3339637815952301,0.09429964423179626
GOOGL,xgboost,3,2023-03-14,1,0,0.47543346881866455,0.13136997818946838,0.39319658279418945,0.0822368860244751
GOOGL,xgboost,3,2023-03-15,1,0,0.44721484184265137,0.25601357221603394,0.2967716455459595,0.1504431962966919
GOOGL,xgboost,3,2023-03-16,1,-1,0.5853167176246643,0.023193174973130226,0.39149010181427,0.1938266158103943
GOOGL,xgboost,3,2023-03-17,1,-1,0.684317409992218,0.027666885405778885,0.2880157232284546,0.3963016867637634
GOOGL,xgboost,3,2023-03-20,0,0,0.6686840653419495,0.05032064765691757,0.28099530935287476,0.3876887559890747
GOOGL,xgboost,3,2023-03-21,-1,0,0.7916339039802551,0.012787830084562302,0.19557826220989227,0.5960556417703629
GOOGL,xgboost,3,2023-03-22,0,-1,0.579180896282196,0.09668105095624924,0.3241380453109741,0.2550428509712219
GOOGL,xgboost,3,2023-03-23,-1,0,0.9250785112380981,0.005012646317481995,0.06990884244441986,0.8551696687936783
GOOGL,xgboost,3,2023-03-24,0,0,0.9122273325920105,0.020181244239211082,0.06759148836135864,0.8446358442306519
GOOGL,xgboost,3,2023-03-27,0,0,0.5649370551109314,0.3293258249759674,0.3293258249759674,0.235611230134964
GOOGL,xgboost,3,2023-03-28,1,-1,0.4655334949493408,0.4372642934322357,0.4372642934322357,0.028269201517105103
GOOGL,xgboost,3,2023-03-29,1,-1,0.3800998330116272,0.3611694872379303,0.3611694872379303,0.0189303457736969
GOOGL,xgboost,3,2023-03-30,1,0,0.5384909510612488,0.2579246759414673,0.2579246759414673,0.2805662751197815
GOOGL,xgboost,3,2023-03-31,1,0,0.6347844004631042,0.08816415816545486,0.2770514488220215,0.35773295164108276
GOOGL,xgboost,3,2023-04-03,0,0,0.5215402245521545,0.13134536147117615,0.3471144139766693,0.17442581057548523
GOOGL,xgboost,3,2023-04-04,0,0,0.6098597049713135,0.0666256844997406,0.32351458072662354,0.28634512424468994
GOOGL,xgboost,3,2023-04-05,1,0,0.5812502503395081,0.16290514171123505,0.2558445930480957,0.32540565729141235
GOOGL,xgboost,3,2023-04-06,0,0,0.7760620713233948,0.03513791784644127,0.18880002200603485,0.5872620493173599
GOOGL,xgboost,3,2023-04-10,0,0,0.6628697514533997,0.08471645414829254,0.2524137794971466,0.41045597195625305
GOOGL,xgboost,3,2023-04-11,0,0,0.5808534622192383,0.09250413626432419,0.3266424238681793,0.25421103835105896
GOOGL,xgboost,3,2023-04-12,0,0,0.443208247423172,0.34074851870536804,0.34074851870536804,0.10245972871780396
GOOGL,xgboost,3,2023-04-13,0,0,0.8126314282417297,0.022473834455013275,0.16489477455615997,0.6477366536855698
GOOGL,xgboost,3,2023-04-14,-1,0,0.7827864289283752,0.040336973965168,0.17687658965587616,0.6059098392724991
GOOGL,xgboost,3,2023-04-17,0,0,0.4944842457771301,0.30756625533103943,0.30756625533103943,0.1869179904460907
GOOGL,xgboost,3,2023-04-18,0,0,0.8327156901359558,0.11866734176874161,0.11866734176874161,0.7140483483672142
GOOGL,xgboost,3,2023-04-19,0,0,0.7430246472358704,0.17798763513565063,0.17798763513565063,0.5650370121002197
GOOGL,xgboost,3,2023-04-20,1,0,0.3612293303012848,0.284115731716156,0.3546549677848816,0.006574362516403198
GOOGL,xgboost,3,2023-04-21,0,1,0.4561336040496826,0.4561336040496826,0.4322444498538971,0.023889154195785522
GOOGL,xgboost,3,2023-04-24,0,1,0.4794536232948303,0.4794536232948303,0.2611181139945984,0.21833550930023193
GOOGL,xgboost,3,2023-04-25,0,1,0.6566817164421082,0.6566817164421082,0.26062822341918945,0.3960534930229187
GOOGL,xgboost,3,2023-04-26,0,1,0.5021480321884155,0.5021480321884155,0.42257046699523926,0.07957756519317627
GOOGL,xgboost,3,2023-04-27,-1,0,0.5511270761489868,0.1292680948972702,0.3196047842502594,0.23152229189872742
GOOGL,xgboost,3,2023-04-28,0,0,0.5751223564147949,0.18271489441394806,0.24216274917125702,0.3329596072435379
GOOGL,xgboost,3,2023-05-01,0,-1,0.5547828078269958,0.18456138670444489,0.26065585017204285,0.294126957654953
GOOGL,xgboost,3,2023-05-02,0,0,0.4122634530067444,0.351324200630188,0.351324200630188,0.060939252376556396
GOOGL,xgboost,3,2023-05-03,1,0,0.44386282563209534,0.3468424379825592,0.3468424379825592,0.09702038764953613
GOOGL,xgboost,3,2023-05-04,1,0,0.44457927346229553,0.37715834379196167,0.37715834379196167,0.06742092967033386
GOOGL,xgboost,3,2023-05-05,1,1,0.6404369473457336,0.6404369473457336,0.2948579788208008,0.34557896852493286
GOOGL,xgboost,3,2023-05-08,1,1,0.5974236130714417,0.5974236130714417,0.24498994648456573,0.3524336665868759
GOOGL,xgboost,3,2023-05-09,1,1,0.4801405668258667,0.4801405668258667,0.30454376339912415,0.17559680342674255
GOOGL,xgboost,3,2023-05-10,1,0,0.9126532673835754,0.012854023836553097,0.0744926929473877,0.8381605744361877
GOOGL,xgboost,3,2023-05-11,1,0,0.8163019418716431,0.012342005968093872,0.17135603725910187,0.6449459046125412
GOOGL,xgboost,3,2023-05-12,1,0,0.7947409749031067,0.021365683525800705,0.1838933378458023,0.6108476370573044
GOOGL,xgboost,3,2023-05-15,1,0,0.7094980478286743,0.0405714176595211,0.24993057548999786,0.45956747233867645
GOOGL,xgboost,3,2023-05-16,1,0,0.856431782245636,0.015558815561234951,0.1280093789100647,0.7284224033355713
GOOGL,xgboost,3,2023-05-17,0,0,0.9010629653930664,0.009830143302679062,0.08910692483186722,0.8119560405611992
GOOGL,xgboost,3,2023-05-18,0,0,0.7373852729797363,0.00806020200252533,0.25455451011657715,0.4828307628631592
GOOGL,xgboost,3,2023-05-19,0,0,0.9228621125221252,0.012315974570810795,0.06482196599245071,0.8580401465296745
GOOGL,xgboost,3,2023-05-22,0,0,0.8794836401939392,0.008986945264041424,0.11152941733598709,0.7679542228579521
GOOGL,xgboost,3,2023-05-23,0,0,0.795225977897644,0.04678524658083916,0.15798884630203247,0.6372371315956116
GOOGL,xgboost,3,2023-05-24,1,0,0.634455680847168,0.07759714126586914,0.2879472076892853,0.3465084731578827
GOOGL,xgboost,3,2023-05-25,0,0,0.560644805431366,0.06517647206783295,0.3741787374019623,0.1864660680294037
GOOGL,xgboost,3,2023-05-26,0,-1,0.7276500463485718,0.041026707738637924,0.23132328689098358,0.4963267594575882
GOOGL,xgboost,3,2023-05-30,1,0,0.506862223148346,0.09520761668682098,0.39793017506599426,0.10893204808235168
GOOGL,xgboost,3,2023-05-31,0,0,0.47968465089797974,0.07574204355478287,0.444573312997818,0.03511133790016174
GOOGL,xgboost,3,2023-06-01,0,-1,0.615602970123291,0.054411936551332474,0.3299850523471832,0.2856179177761078
GOOGL,xgboost,3,2023-06-02,0,-1,0.6852911114692688,0.04064341261982918,0.27406543493270874,0.41122567653656006
GOOGL,xgboost,3,2023-06-05,0,-1,0.71901535987854,0.026950031518936157,0.2540345788002014,0.4649807810783386
GOOGL,xgboost,3,2023-06-06,-1,-1,0.8477522730827332,0.02205621637403965,0.13019154965877533,0.7175607234239578
GOOGL,xgboost,3,2023-06-07,0,1,0.42476406693458557,0.42476406693458557,0.3477749526500702,0.07698911428451538
GOOGL,xgboost,3,2023-06-08,1,0,0.49498653411865234,0.1968042552471161,0.30820927023887634,0.186777263879776
GOOGL,xgboost,3,2023-06-09,0,-1,0.6012284159660339,0.12156476825475693,0.27720680832862854,0.3240216076374054
GOOGL,xgboost,3,2023-06-12,0,-1,0.459696501493454,0.09198860824108124,0.448314905166626,0.011381596326828003
GOOGL,xgboost,3,2023-06-13,-1,0,0.5009846687316895,0.028075415641069412,0.47093990445137024,0.030044764280319214
GOOGL,xgboost,3,2023-06-14,0,-1,0.7363402247428894,0.05598173290491104,0.20767800509929657,0.5286622196435928
GOOGL,xgboost,3,2023-06-15,-1,-1,0.7746992707252502,0.06358487159013748,0.16171585023403168,0.6129834204912186
GOOGL,xgboost,3,2023-06-16,-1,-1,0.528486430644989,0.18935008347034454,0.28216344118118286,0.24632298946380615
GOOGL,xgboost,3,2023-06-20,-1,-1,0.4546077251434326,0.24182911217212677,0.3035631775856018,0.1510445475578308
GOOGL,xgboost,3,2023-06-21,0,0,0.7344786524772644,0.09569450467824936,0.16982683539390564,0.5646518170833588
GOOGL,xgboost,3,2023-06-22,-1,1,0.44288182258605957,0.44288182258605957,0.4314521253108978,0.011429697275161743
GOOGL,xgboost,3,2023-06-23,-1,0,0.46745458245277405,0.13313327729701996,0.3994121551513672,0.06804242730140686
GOOGL,xgboost,3,2023-06-26,0,1,0.665648877620697,0.665648877620697,0.24509641528129578,0.42055246233940125
GOOGL,xgboost,3,2023-06-27,1,0,0.4944298267364502,0.3945710361003876,0.3945710361003876,0.09985879063606262
GOOGL,xgboost,3,2023-06-28,0,0,0.47358882427215576,0.3863263428211212,0.3863263428211212,0.08726248145103455
GOOGL,xgboost,3,2023-06-29,0,0,0.5894590616226196,0.13434600830078125,0.2761949896812439,0.31326407194137573
GOOGL,xgboost,3,2023-06-30,-1,0,0.609565019607544,0.18572475016117096,0.2047102451324463,0.40485477447509766
GOOGL,xgboost,3,2023-07-03,-1,0,0.5102614164352417,0.355887770652771,0.355887770652771,0.1543736457824707
GOOGL,xgboost,3,2023-07-05,-1,0,0.6377423405647278,0.1528555154800415,0.2094021439552307,0.42834019660949707
GOOGL,xgboost,3,2023-07-06,1,1,0.4791453778743744,0.4791453778743744,0.44009608030319214,0.03904929757118225
GOOGL,xgboost,3,2023-07-07,1,1,0.5706323981285095,0.5706323981285095,0.34108445048332214,0.22954794764518738
GOOGL,xgboost,3,2023-07-10,1,0,0.47557568550109863,0.30961865186691284,0.30961865186691284,0.1659570336341858
GOOGL,xgboost,3,2023-07-11,1,-1,0.4803418219089508,0.1777907907962799,0.3418673574924469,0.1384744644165039
GOOGL,xgboost,3,2023-07-12,1,0,0.8028962016105652,0.14138785004615784,0.14138785004615784,0.6615083515644073
GOOGL,xgboost,3,2023-07-13,-1,0,0.7724631428718567,0.06385289132595062,0.1636839509010315,0.6087791919708252
GOOGL,xgboost,3,2023-07-14,-1,0,0.6838459968566895,0.08134432137012482,0.2348097264766693,0.44903627038002014
GOOGL,xgboost,3,2023-07-17,-1,0,0.5494073033332825,0.08977202326059341,0.3608207106590271,0.18858659267425537
GOOGL,xgboost,3,2023-07-18,0,0,0.6561517715454102,0.08106885105371475,0.2627793252468109,0.39337244629859924
GOOGL,xgboost,3,2023-07-19,1,0,0.6935859322547913,0.12370998412370682,0.1827041357755661,0.5108817964792252
GOOGL,xgboost,3,2023-07-20,1,-1,0.6341758966445923,0.18806417286396027,0.18806417286396027,0.446111723780632
GOOGL,xgboost,3,2023-07-21,1,-1,0.41275060176849365,0.3316115736961365,0.3316115736961365,0.08113902807235718
GOOGL,xgboost,3,2023-07-24,1,-1,0.4175468385219574,0.27902281284332275,0.30343037843704224,0.11411646008491516
GOOGL,xgboost,3,2023-07-25,1,-1,0.6624919772148132,0.08402400463819504,0.25348398089408875,0.4090079963207245
GOOGL,xgboost,3,2023-07-26,0,0,0.6034902334213257,0.0638822391629219,0.332627534866333,0.2708626985549927
GOOGL,xgboost,3,2023-07-27,0,0,0.8370771408081055,0.03816508874297142,0.1247577890753746,0.7123193517327309
GOOGL,xgboost,3,2023-07-28,-1,0,0.8796828985214233,0.010209541767835617,0.11010755598545074,0.7695753425359726
GOOGL,xgboost,3,2023-07-31,0,0,0.8649734854698181,0.026159154251217842,0.10886741429567337,0.7561060711741447
GOOGL,xgboost,3,2023-08-01,0,0,0.49951809644699097,0.06917919218540192,0.4313026964664459,0.06821539998054504
GOOGL,xgboost,3,2023-08-02,0,-1,0.4345813989639282,0.3882298767566681,0.3882298767566681,0.04635152220726013
GOOGL,xgboost,3,2023-08-03,0,0,0.46472305059432983,0.2889859974384308,0.2889859974384308,0.17573705315589905
GOOGL,xgboost,3,2023-08-04,0,0,0.43738651275634766,0.24336308240890503,0.3192504644393921,0.11813604831695557
GOOGL,xgboost,3,2023-08-07,0,-1,0.5068178176879883,0.07355020195245743,0.4196319878101349,0.0871858298778534
GOOGL,xgboost,3,2023-08-08,0,0,0.5015003681182861,0.10700622946023941,0.39149338006973267,0.11000698804855347
GOOGL,xgboost,3,2023-08-09,0,-1,0.43965524435043335,0.12336425483226776,0.4369805157184601,0.0026747286319732666
GOOGL,xgboost,3,2023-08-10,0,-1,0.595569908618927,0.20100417733192444,0.20342594385147095,0.39214396476745605
GOOGL,xgboost,3,2023-08-11,0,-1,0.6831280589103699,0.18125085532665253,0.18125085532665253,0.5018772035837173
GOOGL,xgboost,3,2023-08-14,-1,0,0.6594297885894775,0.04555262252688408,0.29501762986183167,0.3644121587276459
GOOGL,xgboost,3,2023-08-15,0,-1,0.40581047534942627,0.2606638967990875,0.3335256278514862,0.07228484749794006
GOOGL,xgboost,3,2023-08-16,1,-1,0.673236072063446,0.1928471326828003,0.1928471326828003,0.48038893938064575
GOOGL,xgboost,3,2023-08-17,0,-1,0.6365037560462952,0.22726254165172577,0.22726254165172577,0.4092412143945694
GOOGL,xgboost,3,2023-08-18,0,-1,0.4585390090942383,0.17815642058849335,0.3633045554161072,0.0952344536781311
GOOGL,xgboost,3,2023-08-21,1,-1,0.7022664546966553,0.18301476538181305,0.18301476538181305,0.5192516893148422
GOOGL,xgboost,3,2023-08-22,1,-1,0.6314207315444946,0.21069443225860596,0.21069443225860596,0.42072629928588867
GOOGL,xgboost,3,2023-08-23,1,-1,0.5432973504066467,0.08084693551063538,0.3758556842803955,0.16744166612625122
GOOGL,xgboost,3,2023-08-24,1,-1,0.37280693650245667,0.329387366771698,0.329387366771698,0.04341956973075867
GOOGL,xgboost,3,2023-08-25,1,0,0.3775693476200104,0.3149087429046631,0.3149087429046631,0.06266060471534729
GOOGL,xgboost,3,2023-08-28,1,-1,0.5609380602836609,0.22646592557430267,0.22646592557430267,0.3344721347093582
GOOGL,xgboost,3,2023-08-29,0,0,0.5751354098320007,0.0916343703866005,0.333230197429657,0.24190521240234375
GOOGL,xgboost,3,2023-08-30,0,-1,0.5426045060157776,0.03521522879600525,0.42218026518821716,0.12042424082756042
GOOGL,xgboost,3,2023-08-31,0,0,0.5809028744697571,0.021493416279554367,0.39760372042655945,0.18329915404319763
GOOGL,xgboost,3,2023-09-01,0,0,0.6569948196411133,0.05486869066953659,0.28813648223876953,0.36885833740234375
GOOGL,xgboost,3,2023-09-05,0,-1,0.5128504037857056,0.06738308817148209,0.41976654529571533,0.09308385848999023
GOOGL,xgboost,3,2023-09-06,0,-1,0.5720042586326599,0.18022391200065613,0.24777182936668396,0.32423242926597595
GOOGL,xgboost,3,2023-09-07,1,-1,0.517426609992981,0.22294285893440247,0.25963056087493896,0.257796049118042
GOOGL,xgboost,3,2023-09-08,0,0,0.49524304270744324,0.03566456213593483,0.469092458486557,0.02615058422088623
GOOGL,xgboost,3,2023-09-11,0,0,0.528487503528595,0.04453624412417412,0.4269762635231018,0.10151124000549316
GOOGL,xgboost,3,2023-09-12,0,-1,0.3996092975139618,0.22524712979793549,0.37514352798461914,0.02446576952934265
GOOGL,xgboost,3,2023-09-13,-1,0,0.6058028340339661,0.08042136579751968,0.31377583742141724,0.29202699661254883
GOOGL,xgboost,3,2023-09-14,-1,0,0.6503509283065796,0.04026998579502106,0.30937907099723816,0.34097185730934143
GOOGL,xgboost,3,2023-09-15,-1,0,0.5688855051994324,0.06228214502334595,0.3688323199748993,0.20005318522453308
GOOGL,xgboost,3,2023-09-18,-1,0,0.5231157541275024,0.06393667310476303,0.41294756531715393,0.11016818881034851
GOOGL,xgboost,3,2023-09-19,-1,0,0.6060106158256531,0.10408089309930801,0.2899084687232971,0.31610214710235596
GOOGL,xgboost,3,2023-09-20,-1,1,0.6689501404762268,0.6689501404762268,0.16624344885349274,0.5027066916227341
GOOGL,xgboost,3,2023-09-21,0,1,0.415065735578537,0.415065735578537,0.3612678050994873,0.05379793047904968
GOOGL,xgboost,3,2023-09-22,0,1,0.4449672996997833,0.4449672996997833,0.32795917987823486,0.11700811982154846
GOOGL,xgboost,3,2023-09-25,1,-1,0.4668870270252228,0.30353307723999023,0.30353307723999023,0.16335394978523254
GOOGL,xgboost,3,2023-09-26,1,1,0.5195907354354858,0.5195907354354858,0.2679559290409088,0.251634806394577
GOOGL,xgboost,3,2023-09-27,1,0,0.4170152544975281,0.2600978910923004,0.3228868842124939,0.09412837028503418
GOOGL,xgboost,3,2023-09-28,1,0,0.45224642753601074,0.3002946674823761,0.3002946674823761,0.15195176005363464
GOOGL,xgboost,3,2023-09-29,1,1,0.6819654703140259,0.6819654703140259,0.1811620146036148,0.5008034557104111
GOOGL,xgboost,3,2023-10-02,1,0,0.76549232006073,0.11930807679891586,0.11930807679891586,0.6461842432618141
GOOGL,xgboost,3,2023-10-03,1,-1,0.6247654557228088,0.20743446052074432,0.20743446052074432,0.4173309952020645
GOOGL,xgboost,3,2023-10-04,1,-1,0.5532053112983704,0.05749420449137688,0.38930049538612366,0.1639048159122467
GOOGL,xgboost,3,2023-10-05,1,-1,0.4822878837585449,0.22244437038898468,0.2952677011489868,0.1870201826095581
GOOGL,xgboost,3,2023-10-06,0,-1,0.6433189511299133,0.05151837691664696,0.3051626980304718,0.33815625309944153
GOOGL,xgboost,3,2023-10-09,0,-1,0.6056758761405945,0.09689014405012131,0.2974339723587036,0.30824190378189087
GOOGL,xgboost,3,2023-10-10,0,0,0.5121489763259888,0.026430806145071983,0.4614202380180359,0.05072873830795288
GOOGL,xgboost,3,2023-10-11,0,0,0.5253884196281433,0.024978894740343094,0.4496327042579651,0.07575571537017822
GOOGL,xgboost,3,2023-10-12,0,-1,0.6036076545715332,0.06366301327943802,0.3327292799949646,0.2708783745765686
GOOGL,xgboost,3,2023-10-13,0,-1,0.5051798224449158,0.24679847061634064,0.24802175164222717,0.2571580708026886
GOOGL,xgboost,3,2023-10-16,0,-1,0.5162009596824646,0.12237720936536789,0.3614218533039093,0.1547791063785553
GOOGL,xgboost,3,2023-10-17,0,-1,0.6943983435630798,0.0739990621805191,0.23160256445407867,0.46279577910900116
GOOGL,xgboost,3,2023-10-18,-1,-1,0.6361256837844849,0.15439338982105255,0.20948092639446259,0.4266447573900223
GOOGL,xgboost,3,2023-10-19,-1,-1,0.5926965475082397,0.21811263263225555,0.21811263263225555,0.3745839148759842
GOOGL,xgboost,3,2023-10-20,-1,-1,0.5218886733055115,0.23076076805591583,0.2473505586385727,0.2745381146669388
GOOGL,xgboost,3,2023-10-23,-1,-1,0.5404689311981201,0.2904687523841858,0.2904687523841858,0.2500001788139343
GOOGL,xgboost,3,2023-10-24,-1,0,0.46925976872444153,0.13548091053962708,0.3952593207359314,0.07400044798851013
GOOGL,xgboost,3,2023-10-25,0,0,0.5196717381477356,0.18764245510101318,0.2926858067512512,0.22698593139648438
GOOGL,xgboost,3,2023-10-26,1,0,0.6587218642234802,0.16768689453601837,0.17359121143817902,0.4851306527853012
GOOGL,xgboost,3,2023-10-27,1,0,0.6979044675827026,0.15757505595684052,0.15757505595684052,0.5403294116258621
GOOGL,xgboost,3,2023-10-30,1,-1,0.6861469745635986,0.08543255180120468,0.2284204512834549,0.45772652328014374
GOOGL,xgboost,3,2023-10-31,1,-1,0.4890232980251312,0.042055029422044754,0.4689216911792755,0.020101606845855713
GOOGL,xgboost,3,2023-11-01,1,-1,0.7057346701622009,0.029676252976059914,0.2645890414714813,0.4411456286907196
GOOGL,xgboost,3,2023-11-02,1,-1,0.6958650350570679,0.03410752862691879,0.27002742886543274,0.42583760619163513
GOOGL,xgboost,3,2023-11-03,1,-1,0.5673989057540894,0.05459338799118996,0.3780077397823334,0.18939116597175598
GOOGL,xgboost,3,2023-11-06,0,0,0.48821189999580383,0.13028065860271454,0.38150742650032043,0.1067044734954834
GOOGL,xgboost,3,2023-11-07,1,0,0.5399548411369324,0.0822119489312172,0.37783318758010864,0.16212165355682373
GOOGL,xgboost,3,2023-11-08,1,-1,0.7997919321060181,0.10817698389291763,0.10817698389291763,0.6916149482131004
GOOGL,xgboost,3,2023-11-09,1,-1,0.5985333919525146,0.270016074180603,0.270016074180603,0.3285173177719116
GOOGL,xgboost,3,2023-11-10,1,-1,0.4959992468357086,0.31911274790763855,0.31911274790763855,0.17688649892807007
GOOGL,xgboost,3,2023-11-13,1,-1,0.577568769454956,0.22711583971977234,0.22711583971977234,0.3504529297351837
GOOGL,xgboost,3,2023-11-14,1,-1,0.6435179710388184,0.16260293126106262,0.1938791424036026,0.44963882863521576
GOOGL,xgboost,3,2023-11-15,1,0,0.5150343179702759,0.16663533449172974,0.3183303475379944,0.1967039704322815
GOOGL,xgboost,3,2023-11-16,0,0,0.5536926984786987,0.11212152242660522,0.33418574929237366,0.21950694918632507
GOOGL,xgboost,3,2023-11-17,0,1,0.35058480501174927,0.35058480501174927,0.34751206636428833,0.0030727386474609375
GOOGL,xgboost,3,2023-11-20,0,-1,0.49549761414527893,0.28776270151138306,0.28776270151138306,0.20773491263389587
GOOGL,xgboost,3,2023-11-21,0,0,0.44608741998672485,0.1705191731452942,0.38339340686798096,0.0626940131187439
GOOGL,xgboost,3,2023-11-22,-1,0,0.5215526819229126,0.0642881914973259,0.4141591489315033,0.1073935329914093
GOOGL,xgboost,3,2023-11-24,-1,1,0.5462024807929993,0.5462024807929993,0.23939448595046997,0.3068079948425293
GOOGL,xgboost,3,2023-11-27,-1,-1,0.5549948811531067,0.17294900119304657,0.27205613255500793,0.28293874859809875
GOOGL,xgboost,3,2023-11-28,-1,1,0.3497900068759918,0.3497900068759918,0.3319496810436249,0.017840325832366943
GOOGL,xgboost,3,2023-11-29,-1,-1,0.4556090235710144,0.1585576832294464,0.3858333230018616,0.06977570056915283
GOOGL,xgboost,3,2023-11-30,1,-1,0.5950609445571899,0.17313513159751892,0.23180390894412994,0.36325703561306
GOOGL,xgboost,3,2023-12-01,1,-1,0.8077976107597351,0.10867787897586823,0.10867787897586823,0.6991197317838669
GOOGL,xgboost,3,2023-12-04,1,0,0.5982381701469421,0.03966418281197548,0.3620976209640503,0.23614054918289185
GOOGL,xgboost,3,2023-12-05,0,-1,0.5727407336235046,0.1905534714460373,0.23670579493045807,0.33603493869304657
GOOGL,xgboost,3,2023-12-06,0,-1,0.6098273396492004,0.10603202134370804,0.2841406464576721,0.3256866931915283
GOOGL,xgboost,3,2023-12-07,-1,0,0.5798646211624146,0.27364030480384827,0.27364030480384827,0.3062243163585663
GOOGL,xgboost,3,2023-12-08,0,0,0.7092453837394714,0.06354542821645737,0.2272091805934906,0.48203620314598083
GOOGL,xgboost,3,2023-12-11,0,-1,0.44102686643600464,0.1309003084897995,0.42807283997535706,0.012954026460647583
GOOGL,xgboost,3,2023-12-12,1,-1,0.6086984276771545,0.1658923625946045,0.22540922462940216,0.3832892030477524
GOOGL,xgboost,3,2023-12-13,1,1,0.4090990126132965,0.4090990126132965,0.317465603351593,0.09163340926170349
GOOGL,xgboost,3,2023-12-14,1,1,0.39742377400398254,0.39742377400398254,0.32122787833213806,0.07619589567184448
GOOGL,xgboost,3,2023-12-15,1,-1,0.39286208152770996,0.3426584005355835,0.3426584005355835,0.050203680992126465
GOOGL,xgboost,3,2023-12-18,1,-1,0.6375106573104858,0.11337996274232864,0.24910937249660492,0.3884012848138809
GOOGL,xgboost,3,2023-12-19,1,-1,0.4953514337539673,0.06898757815361023,0.4356609880924225,0.0596904456615448
GOOGL,xgboost,3,2023-12-20,0,0,0.6952284574508667,0.08198465406894684,0.22278690338134766,0.47244155406951904
GOOGL,xgboost,3,2023-12-21,0,-1,0.7148072719573975,0.07787882536649704,0.2073138952255249,0.5074933767318726
GOOGL,xgboost,3,2023-12-22,-1,-1,0.6729726195335388,0.10731831938028336,0.21970905363559723,0.4532635658979416
GOOGL,xgboost,3,2023-12-26,0,-1,0.4505811929702759,0.10929960757493973,0.4401191771030426,0.010462015867233276
GOOGL,xgboost,3,2023-12-27,-1,-1,0.5988775491714478,0.10958842188119888,0.29153403639793396,0.3073435127735138
GOOGL,xgboost,3,2023-12-28,-1,0,0.5866603255271912,0.14689674973487854,0.2664428949356079,0.32021743059158325
GOOGL,xgboost,3,2023-12-29,0,0,0.42699578404426575,0.16477032005786896,0.4082338809967041,0.018761903047561646
GOOGL,xgboost,3,2024-01-02,1,-1,0.5444172024726868,0.2988819181919098,0.2988819181919098,0.24553528428077698
GOOGL,xgboost,3,2024-01-03,1,-1,0.5790837407112122,0.13081571459770203,0.29010048508644104,0.2889832556247711
GOOGL,xgboost,3,2024-01-04,1,-1,0.4892376661300659,0.12933437526226044,0.38142797350883484,0.10780969262123108
GOOGL,xgboost,3,2024-01-05,1,-1,0.5389527678489685,0.21597634255886078,0.2450709193944931,0.2938818484544754
GOOGL,xgboost,3,2024-01-08,1,0,0.4147772490978241,0.2802898585796356,0.30493292212486267,0.10984432697296143
GOOGL,xgboost,3,2024-01-09,0,0,0.625239372253418,0.14172984659671783,0.233030766248703,0.39220860600471497
GOOGL,xgboost,3,2024-01-10,0,0,0.46663928031921387,0.0799710601568222,0.45338964462280273,0.013249635696411133
GOOGL,xgboost,3,2024-01-11,1,0,0.6324569582939148,0.1142088994383812,0.2533341944217682,0.3791227638721466
GOOGL,xgboost,3,2024-01-12,1,0,0.8327759504318237,0.03571268916130066,0.13151133060455322,0.7012646198272705
GOOGL,xgboost,3,2024-01-16,1,-1,0.5656940937042236,0.07498438656330109,0.3593214750289917,0.20637261867523193
GOOGL,xgboost,3,2024-01-17,1,-1,0.4965076446533203,0.29579412937164307,0.29579412937164307,0.20071351528167725
GOOGL,xgboost,3,2024-01-18,1,0,0.6217060685157776,0.0735122412443161,0.3047817051410675,0.3169243633747101
GOOGL,xgboost,3,2024-01-19,1,0,0.5506272912025452,0.05744701996445656,0.3919256925582886,0.1587015986442566
GOOGL,xgboost,3,2024-01-22,1,0,0.5862337946891785,0.07086683064699173,0.3428994119167328,0.24333438277244568
GOOGL,xgboost,3,2024-01-23,1,0,0.6099165678024292,0.10944684594869614,0.28063660860061646,0.32927995920181274
GOOGL,xgboost,3,2024-01-24,-1,0,0.7864696979522705,0.06749819219112396,0.14603209495544434,0.6404376029968262
GOOGL,xgboost,3,2024-01-25,-1,0,0.7231178283691406,0.05263973027467728,0.22424238920211792,0.4988754391670227
GOOGL,xgboost,3,2024-01-26,-1,0,0.6245103478431702,0.038958486169576645,0.3365311622619629,0.2879791855812073
GOOGL,xgboost,3,2024-01-29,-1,0,0.5585162043571472,0.02662949077785015,0.4148543179035187,0.14366188645362854
GOOGL,xgboost,3,2024-01-30,-1,0,0.6386065483093262,0.14502942562103271,0.21636398136615753,0.42224256694316864
GOOGL,xgboost,3,2024-01-31,1,0,0.36537402868270874,0.32281678915023804,0.32281678915023804,0.0425572395324707
GOOGL,xgboost,3,2024-02-01,1,-1,0.46486902236938477,0.27127060294151306,0.27127060294151306,0.1935984194278717
GOOGL,xgboost,3,2024-02-02,1,0,0.39936113357543945,0.33353734016418457,0.33353734016418457,0.06582379341125488
GOOGL,xgboost,3,2024-02-05,1,-1,0.5516014695167542,0.16751717031002045,0.2808813452720642,0.27072012424468994
GOOGL,xgboost,3,2024-02-06,0,-1,0.45591530203819275,0.24894621968269348,0.295138418674469,0.16077688336372375
GOOGL,xgboost,3,2024-02-07,0,0,0.5527662634849548,0.20444580912590027,0.24278797209262848,0.30997829139232635
GOOGL,xgboost,3,2024-02-08,-1,0,0.5364704132080078,0.13323533535003662,0.33029425144195557,0.20617616176605225
GOOGL,xgboost,3,2024-02-09,-1,0,0.7539865970611572,0.1015615314245224,0.14445188641548157,0.6095347106456757
GOOGL,xgboost,3,2024-02-12,-1,0,0.556308388710022,0.12056497484445572,0.32312658429145813,0.23318180441856384
GOOGL,xgboost,3,2024-02-13,0,-1,0.5269051194190979,0.2586301863193512,0.2586301863193512,0.2682749330997467
GOOGL,xgboost,3,2024-02-14,0,-1,0.6307912468910217,0.23830437660217285,0.23830437660217285,0.3924868702888489
GOOGL,xgboost,3,2024-02-15,0,0,0.5795944929122925,0.12182100117206573,0.2985844612121582,0.2810100317001343
GOOGL,xgboost,3,2024-02-16,-1,-1,0.4986317753791809,0.14129965007305145,0.3600686490535736,0.1385631263256073
GOOGL,xgboost,3,2024-02-20,0,0,0.492153525352478,0.20917074382305145,0.29867568612098694,0.1934778392314911
GOOGL,xgboost,3,2024-02-21,-1,0,0.6477007865905762,0.19857002794742584,0.19857002794742584,0.44913075864315033
GOOGL,xgboost,3,2024-02-22,-1,0,0.5858650803565979,0.10287445783615112,0.311260461807251,0.2746046185493469
GOOGL,xgboost,3,2024-02-23,-1,0,0.49450308084487915,0.3178558051586151,0.3178558051586151,0.17664727568626404
GOOGL,xgboost,3,2024-02-26,-1,1,0.4144614636898041,0.4144614636898041,0.3849194645881653,0.029541999101638794
GOOGL,xgboost,3,2024-02-27,-1,-1,0.7507110238075256,0.09451655298471451,0.15477244555950165,0.595938578248024
GOOGL,xgboost,3,2024-02-28,-1,-1,0.6406943798065186,0.12143771350383759,0.23786792159080505,0.4028264582157135
GOOGL,xgboost,3,2024-02-29,-1,0,0.4911443591117859,0.047742780297994614,0.4611128866672516,0.030031472444534302
GOOGL,xgboost,3,2024-03-01,0,-1,0.684358537197113,0.09912455081939697,0.2165168970823288,0.46784164011478424
GOOGL,xgboost,3,2024-03-04,1,-1,0.5289395451545715,0.25979065895080566,0.25979065895080566,0.26914888620376587
GOOGL,xgboost,3,2024-03-05,1,-1,0.4661456048488617,0.14599797129631042,0.3878564238548279,0.07828918099403381
GOOGL,xgboost,3,2024-03-06,1,-1,0.6416844129562378,0.15308567881584167,0.20522992312908173,0.43645448982715607
GOOGL,xgboost,3,2024-03-07,1,0,0.7282096743583679,0.07140558958053589,0.200384721159935,0.5278249531984329
GOOGL,xgboost,3,2024-03-08,1,0,0.5374369621276855,0.0943535640835762,0.36820945143699646,0.1692275106906891
GOOGL,xgboost,3,2024-03-11,1,0,0.43997475504875183,0.17982958257198334,0.3801957070827484,0.05977904796600342
GOOGL,xgboost,3,2024-03-12,1,0,0.4253273606300354,0.18540404736995697,0.3892686069011688,0.03605875372886658
GOOGL,xgboost,3,2024-03-13,1,-1,0.5155149698257446,0.16469493508338928,0.3197900950908661,0.19572487473487854
GOOGL,xgboost,3,2024-03-14,1,0,0.47734370827674866,0.17190887033939362,0.35074740648269653,0.12659630179405212
GOOGL,xgboost,3,2024-03-15,1,-1,0.7298911213874817,0.13970521092414856,0.13970521092414856,0.5901859104633331
GOOGL,xgboost,3,2024-03-18,0,0,0.8331819772720337,0.050944216549396515,0.11587373912334442,0.7173082381486893
GOOGL,xgboost,3,2024-03-19,1,0,0.8453667163848877,0.05528402328491211,0.0993492603302002,0.7460174560546875
GOOGL,xgboost,3,2024-03-20,0,0,0.8933473825454712,0.01882205344736576,0.08783049881458282,0.8055168837308884
GOOGL,xgboost,3,2024-03-21,1,0,0.5049712657928467,0.19007918238639832,0.304949551820755,0.20002171397209167
GOOGL,xgboost,3,2024-03-22,1,0,0.879331111907959,0.03258313611149788,0.08808576315641403,0.791245348751545
GOOGL,xgboost,3,2024-03-25,1,0,0.6047763824462891,0.07682880759239197,0.31839480996131897,0.2863815724849701
GOOGL,xgboost,3,2024-03-26,1,0,0.6024762392044067,0.023686744272708893,0.3738369941711426,0.22863924503326416
GOOGL,xgboost,3,2024-03-27,0,0,0.49591901898384094,0.05167272686958313,0.4524082839488983,0.04351073503494263
GOOGL,xgboost,3,2024-03-28,0,0,0.7771942615509033,0.01878107152879238,0.20402468740940094,0.5731695741415024
GOOGL,xgboost,3,2024-04-01,0,0,0.5739011764526367,0.032372403889894485,0.3937264084815979,0.18017476797103882
GOOGL,xgboost,3,2024-04-02,0,-1,0.8519595861434937,0.03023897483944893,0.11780139803886414,0.7341581881046295
GOOGL,xgboost,3,2024-04-03,0,-1,0.7899757027626038,0.027113985270261765,0.18291032314300537,0.6070653796195984
GOOGL,xgboost,3,2024-04-04,1,0,0.5161181092262268,0.16034115850925446,0.32354071736335754,0.19257739186286926
GOOGL,xgboost,3,2024-04-05,1,-1,0.6223827600479126,0.25178611278533936,0.25178611278533936,0.37059664726257324
GOOGL,xgboost,3,2024-04-08,0,-1,0.6799510717391968,0.060247279703617096,0.2598016858100891,0.42014938592910767
GOOGL,xgboost,3,2024-04-09,0,-1,0.6121408939361572,0.06912477314472198,0.3187343180179596,0.29340657591819763
GOOGL,xgboost,3,2024-04-10,0,-1,0.5818038582801819,0.09432441741228104,0.32387176156044006,0.2579320967197418
GOOGL,xgboost,3,2024-04-11,-1,0,0.5451328158378601,0.011980095878243446,0.4428870677947998,0.1022457480430603
GOOGL,xgboost,3,2024-04-12,-1,-1,0.6775606870651245,0.1040341779589653,0.2184051126241684,0.4591555744409561
GOOGL,xgboost,3,2024-04-15,0,1,0.4140661656856537,0.4140661656856537,0.4056970179080963,0.008369147777557373
GOOGL,xgboost,3,2024-04-16,1,0,0.34677329659461975,0.33953529596328735,0.33953529596328735,0.0072380006313323975
GOOGL,xgboost,3,2024-04-17,1,-1,0.5400516390800476,0.2055184692144394,0.2544298768043518,0.2856217622756958
GOOGL,xgboost,3,2024-04-18,0,-1,0.6416078805923462,0.05329401046037674,0.3050980865955353,0.3365097939968109
GOOGL,xgboost,3,2024-04-19,1,-1,0.5713179111480713,0.1588772088289261,0.2698048949241638,0.30151301622390747
GOOGL,xgboost,3,2024-04-22,1,-1,0.8017951250076294,0.06994199007749557,0.1282629519701004,0.673532173037529
GOOGL,xgboost,3,2024-04-23,1,-1,0.533696174621582,0.04586275666952133,0.42044106125831604,0.11325511336326599
GOOGL,xgboost,3,2024-04-24,1,-1,0.6596948504447937,0.027963288128376007,0.3123418688774109,0.3473529815673828
GOOGL,xgboost,3,2024-04-25,1,0,0.451285719871521,0.17555029690265656,0.37316396832466125,0.07812175154685974
GOOGL,xgboost,3,2024-04-26,-1,0,0.6241859793663025,0.013997222296893597,0.36181676387786865,0.26236921548843384
GOOGL,xgboost,3,2024-04-29,0,0,0.5343809127807617,0.1354442685842514,0.33017483353614807,0.20420607924461365
GOOGL,xgboost,3,2024-04-30,1,-1,0.5882465243339539,0.24084806442260742,0.24084806442260742,0.34739845991134644
GOOGL,xgboost,3,2024-05-01,1,-1,0.5245978832244873,0.19579942524433136,0.27960270643234253,0.24499517679214478
GOOGL,xgboost,3,2024-05-02,1,0,0.4384223222732544,0.1601516157388687,0.4014260470867157,0.036996275186538696
GOOGL,xgboost,3,2024-05-03,0,-1,0.5599751472473145,0.20844632387161255,0.2315784990787506,0.32839664816856384
GOOGL,xgboost,3,2024-05-06,0,0,0.6680567264556885,0.14787685871124268,0.18406642973423004,0.48399029672145844
GOOGL,xgboost,3,2024-05-07,0,0,0.8055636882781982,0.0373711958527565,0.15706510841846466,0.6484985798597336
GOOGL,xgboost,3,2024-05-08,0,0,0.6185189485549927,0.2536567747592926,0.2536567747592926,0.3648621737957001
GOOGL,xgboost,3,2024-05-09,1,0,0.8063623905181885,0.07356340438127518,0.12007418274879456,0.6862882077693939
GOOGL,xgboost,3,2024-05-10,1,0,0.45629575848579407,0.12488894164562225,0.4188152849674225,0.03748047351837158
GOOGL,xgboost,3,2024-05-13,1,0,0.49217867851257324,0.17007477581501007,0.3377465605735779,0.15443211793899536
GOOGL,xgboost,3,2024-05-14,1,0,0.7465713620185852,0.030045928433537483,0.22338274121284485,0.5231886208057404
GOOGL,xgboost,3,2024-05-15,1,0,0.5869036316871643,0.03231640160083771,0.3807799518108368,0.20612367987632751
GOOGL,xgboost,3,2024-05-16,0,0,0.6924120783805847,0.008895733393728733,0.29869216680526733,0.3937199115753174
GOOGL,xgboost,3,2024-05-17,0,0,0.6713539958000183,0.025040162727236748,0.3036058247089386,0.3677481710910797
GOOGL,xgboost,3,2024-05-20,0,0,0.6522175073623657,0.015340265817940235,0.33244219422340393,0.3197753131389618
GOOGL,xgboost,3,2024-05-21,0,0,0.6564885973930359,0.023199057206511497,0.3203123211860657,0.3361762762069702
GOOGL,xgboost,3,2024-05-22,-1,-1,0.530506432056427,0.02944859117269516,0.44004499912261963,0.09046143293380737
