signal_date,trade_date,trade_price,market_close,predicted_signal,confidence,bullish_probability,trend_filter_passed,target_allocation,action,cash,shares,position_value,portfolio_value,explanation
2024-05-31,2024-06-03,191.41956102246726,192.5408935546875,NEUTRAL_SIGNAL,0.60091632604599,0.338642954826355,True,0.0,HOLD,10000.0,0,0.0,10000.0,"Aggressive trader saw NEUTRAL_SIGNAL with bullish_probability=0.34, confidence=0.60, probability_margin=0.26, trend_filter_passed=True, rule=neutral_hold, target_allocation=0.00%."
2024-06-03,2024-06-04,193.14619663099631,192.85842895507812,NEUTRAL_SIGNAL,0.7409663796424866,0.09063328057527542,True,0.0,HOLD,10000.0,0,0.0,10000.0,"Aggressive trader saw NEUTRAL_SIGNAL with bullish_probability=0.09, confidence=0.74, probability_margin=0.57, trend_filter_passed=True, rule=neutral_hold, target_allocation=0.00%."
2024-06-04,2024-06-05,193.9003813531384,194.3667755126953,NEUTRAL_SIGNAL,0.5686367154121399,0.19111381471157074,True,0.0,HOLD,10000.0,0,0.0,10000.0,"Aggressive trader saw NEUTRAL_SIGNAL with bullish_probability=0.19, confidence=0.57, probability_margin=0.33, trend_filter_passed=True, rule=neutral_hold, target_allocation=0.00%."
2024-06-05,2024-06-06,194.1881470745491,192.9874267578125,NEUTRAL_SIGNAL,0.49590933322906494,0.23941145837306976,True,0.0,HOLD,10000.0,0,0.0,10000.0,"Aggressive trader saw NEUTRAL_SIGNAL with bullish_probability=0.24, confidence=0.50, probability_margin=0.23, trend_filter_passed=True, rule=neutral_hold, target_allocation=0.00%."
2024-06-06,2024-06-07,193.15610745634936,195.37892150878906,NEUTRAL_SIGNAL,0.7161443829536438,0.15197817981243134,True,0.0,HOLD,10000.0,0,0.0,10000.0,"Aggressive trader saw NEUTRAL_SIGNAL with bullish_probability=0.15, confidence=0.72, probability_margin=0.56, trend_filter_passed=True, rule=neutral_hold, target_allocation=0.00%."
2024-06-07,2024-06-10,195.3888517006261,191.6378631591797,NEUTRAL_SIGNAL,0.6066881418228149,0.18490470945835114,True,0.0,HOLD,10000.0,0,0.0,10000.0,"Aggressive trader saw NEUTRAL_SIGNAL with bullish_probability=0.18, confidence=0.61, probability_margin=0.40, trend_filter_passed=True, rule=neutral_hold, target_allocation=0.00%."
2024-06-10,2024-06-11,192.1638033246204,205.56019592285156,NEUTRAL_SIGNAL,0.7280714511871338,0.11814025789499283,True,0.0,HOLD,10000.0,0,0.0,10000.0,"Aggressive trader saw NEUTRAL_SIGNAL with bullish_probability=0.12, confidence=0.73, probability_margin=0.57, trend_filter_passed=True, rule=neutral_hold, target_allocation=0.00%."
2024-06-11,2024-06-12,205.77850209290926,211.4347686767578,BEARISH_SIGNAL,0.36514177918434143,0.34615638852119446,True,0.0,HOLD,10000.0,0,0.0,10000.0,"Aggressive trader saw BEARISH_SIGNAL with bullish_probability=0.35, confidence=0.37, probability_margin=0.02, trend_filter_passed=True, rule=bearish_exit, target_allocation=0.00%."
2024-06-12,2024-06-13,213.09194207290335,212.5957794189453,NEUTRAL_SIGNAL,0.5861350297927856,0.06183777377009392,True,0.0,HOLD,10000.0,0,0.0,10000.0,"Aggressive trader saw NEUTRAL_SIGNAL with bullish_probability=0.06, confidence=0.59, probability_margin=0.23, trend_filter_passed=True, rule=neutral_hold, target_allocation=0.00%."
2024-06-13,2024-06-14,212.2087548022513,210.85919189453125,NEUTRAL_SIGNAL,0.5021969676017761,0.31546634435653687,True,0.0,HOLD,10000.0,0,0.0,10000.0,"Aggressive trader saw NEUTRAL_SIGNAL with bullish_probability=0.32, confidence=0.50, probability_margin=0.19, trend_filter_passed=True, rule=neutral_hold, target_allocation=0.00%."
2024-06-14,2024-06-17,211.7324793139925,215.0071563720703,NEUTRAL_SIGNAL,0.5022134184837341,0.2610146999359131,True,0.0,HOLD,10000.0,0,0.0,10000.0,"Aggressive trader saw NEUTRAL_SIGNAL with bullish_probability=0.26, confidence=0.50, probability_margin=0.24, trend_filter_passed=True, rule=neutral_hold, target_allocation=0.00%."
2024-06-17,2024-06-18,215.9200623200828,212.6453857421875,NEUTRAL_SIGNAL,0.4609972834587097,0.15050987899303436,True,0.0,HOLD,10000.0,0,0.0,10000.0,"Aggressive trader saw NEUTRAL_SIGNAL with bullish_probability=0.15, confidence=0.46, probability_margin=0.07, trend_filter_passed=True, rule=neutral_hold, target_allocation=0.00%."
2024-06-18,2024-06-20,212.28813739547695,208.0707550048828,BEARISH_SIGNAL,0.4676894545555115,0.3354710042476654,True,0.0,HOLD,10000.0,0,0.0,10000.0,"Aggressive trader saw BEARISH_SIGNAL with bullish_probability=0.34, confidence=0.47, probability_margin=0.13, trend_filter_passed=True, rule=bearish_exit, target_allocation=0.00%."
2024-06-20,2024-06-21,208.77533580800622,205.89759826660156,BEARISH_SIGNAL,0.6533695459365845,0.18392404913902283,True,0.0,HOLD,10000.0,0,0.0,10000.0,"Aggressive trader saw BEARISH_SIGNAL with bullish_probability=0.18, confidence=0.65, probability_margin=0.47, trend_filter_passed=True, rule=bearish_exit, target_allocation=0.00%."
2024-06-21,2024-06-24,206.12582769938734,206.5426025390625,BEARISH_SIGNAL,0.6880378723144531,0.1379791498184204,True,0.0,HOLD,10000.0,0,0.0,10000.0,"Aggressive trader saw BEARISH_SIGNAL with bullish_probability=0.14, confidence=0.69, probability_margin=0.51, trend_filter_passed=True, rule=bearish_exit, target_allocation=0.00%."
2024-06-24,2024-06-25,207.54485732874397,207.46548461914062,NEUTRAL_SIGNAL,0.37542226910591125,0.34600529074668884,True,0.0,HOLD,10000.0,0,0.0,10000.0,"Aggressive trader saw NEUTRAL_SIGNAL with bullish_probability=0.35, confidence=0.38, probability_margin=0.03, trend_filter_passed=True, rule=neutral_hold, target_allocation=0.00%."
2024-06-25,2024-06-26,209.87681864015101,211.61338806152344,NEUTRAL_SIGNAL,0.5404452681541443,0.18174096941947937,True,0.0,HOLD,10000.0,0,0.0,10000.0,"Aggressive trader saw NEUTRAL_SIGNAL with bullish_probability=0.18, confidence=0.54, probability_margin=0.26, trend_filter_passed=True, rule=neutral_hold, target_allocation=0.00%."
2024-06-26,2024-06-27,213.04233172557286,212.4568634033203,BEARISH_SIGNAL,0.6064156889915466,0.10282982140779495,True,0.0,HOLD,10000.0,0,0.0,10000.0,"Aggressive trader saw BEARISH_SIGNAL with bullish_probability=0.10, confidence=0.61, probability_margin=0.32, trend_filter_passed=True, rule=bearish_exit, target_allocation=0.00%."
2024-06-27,2024-06-28,214.11402417940656,209.0035400390625,BEARISH_SIGNAL,0.46535518765449524,0.07851900905370712,True,0.0,HOLD,10000.0,0,0.0,10000.0,"Aggressive trader saw BEARISH_SIGNAL with bullish_probability=0.08, confidence=0.47, probability_margin=0.01, trend_filter_passed=True, rule=bearish_exit, target_allocation=0.00%."
2024-06-28,2024-07-01,210.46229254870087,215.08653259277344,BEARISH_SIGNAL,0.8654507398605347,0.06616614758968353,True,0.0,HOLD,10000.0,0,0.0,10000.0,"Aggressive trader saw BEARISH_SIGNAL with bullish_probability=0.07, confidence=0.87, probability_margin=0.80, trend_filter_passed=True, rule=bearish_exit, target_allocation=0.00%."
2024-07-01,2024-07-02,214.49110775455017,218.57949829101562,NEUTRAL_SIGNAL,0.5720027685165405,0.15271824598312378,True,0.0,HOLD,10000.0,0,0.0,10000.0,"Aggressive trader saw NEUTRAL_SIGNAL with bullish_probability=0.15, confidence=0.57, probability_margin=0.30, trend_filter_passed=True, rule=neutral_hold, target_allocation=0.00%."
2024-07-02,2024-07-03,218.31159349071294,219.84970092773438,NEUTRAL_SIGNAL,0.5944982767105103,0.0970168262720108,True,0.0,HOLD,10000.0,0,0.0,10000.0,"Aggressive trader saw NEUTRAL_SIGNAL with bullish_probability=0.10, confidence=0.59, probability_margin=0.29, trend_filter_passed=True, rule=neutral_hold, target_allocation=0.00%."
2024-07-03,2024-07-05,219.94891212590596,224.60292053222656,NEUTRAL_SIGNAL,0.5889620184898376,0.12575417757034302,True,0.0,HOLD,10000.0,0,0.0,10000.0,"Aggressive trader saw NEUTRAL_SIGNAL with bullish_probability=0.13, confidence=0.59, probability_margin=0.30, trend_filter_passed=True, rule=neutral_hold, target_allocation=0.00%."
2024-07-05,2024-07-08,225.3471401186269,226.07154846191406,NEUTRAL_SIGNAL,0.551365852355957,0.12198775261640549,True,0.0,HOLD,10000.0,0,0.0,10000.0,"Aggressive trader saw NEUTRAL_SIGNAL with bullish_probability=0.12, confidence=0.55, probability_margin=0.22, trend_filter_passed=True, rule=neutral_hold, target_allocation=0.00%."
2024-07-08,2024-07-09,226.18072846013894,226.9249725341797,BEARISH_SIGNAL,0.5418908596038818,0.1719532310962677,True,0.0,HOLD,10000.0,0,0.0,10000.0,"Aggressive trader saw BEARISH_SIGNAL with bullish_probability=0.17, confidence=0.54, probability_margin=0.26, trend_filter_passed=True, rule=bearish_exit, target_allocation=0.00%."
2024-07-09,2024-07-10,227.54020555015646,231.19195556640625,NEUTRAL_SIGNAL,0.5312992334365845,0.14051982760429382,True,0.0,HOLD,10000.0,0,0.0,10000.0,"Aggressive trader saw NEUTRAL_SIGNAL with bullish_probability=0.14, confidence=0.53, probability_margin=0.20, trend_filter_passed=True, rule=neutral_hold, target_allocation=0.00%."
2024-07-10,2024-07-11,229.61414576243664,225.82347106933594,BEARISH_SIGNAL,0.7507769465446472,0.1011958196759224,True,0.0,HOLD,10000.0,0,0.0,10000.0,"Aggressive trader saw BEARISH_SIGNAL with bullish_probability=0.10, confidence=0.75, probability_margin=0.60, trend_filter_passed=True, rule=bearish_exit, target_allocation=0.00%."
2024-07-11,2024-07-12,227.16311346469493,228.7706756591797,BEARISH_SIGNAL,0.6722423434257507,0.15631034970283508,True,0.0,HOLD,10000.0,0,0.0,10000.0,"Aggressive trader saw BEARISH_SIGNAL with bullish_probability=0.16, confidence=0.67, probability_margin=0.50, trend_filter_passed=True, rule=bearish_exit, target_allocation=0.00%."
2024-07-12,2024-07-15,234.66511292556817,232.60107421875,BEARISH_SIGNAL,0.7781722545623779,0.09713264554738998,True,0.0,HOLD,10000.0,0,0.0,10000.0,"Aggressive trader saw BEARISH_SIGNAL with bullish_probability=0.10, confidence=0.78, probability_margin=0.65, trend_filter_passed=True, rule=bearish_exit, target_allocation=0.00%."
2024-07-15,2024-07-16,233.19646408342908,233.01785278320312,BEARISH_SIGNAL,0.8049861788749695,0.05059681087732315,True,0.0,HOLD,10000.0,0,0.0,10000.0,"Aggressive trader saw BEARISH_SIGNAL with bullish_probability=0.05, confidence=0.80, probability_margin=0.66, trend_filter_passed=True, rule=bearish_exit, target_allocation=0.00%."
2024-07-16,2024-07-17,227.68901532047727,227.12339782714844,BEARISH_SIGNAL,0.7531507611274719,0.062125932425260544,True,0.0,HOLD,10000.0,0,0.0,10000.0,"Aggressive trader saw BEARISH_SIGNAL with bullish_probability=0.06, confidence=0.75, probability_margin=0.57, trend_filter_passed=True, rule=bearish_exit, target_allocation=0.00%."
2024-07-17,2024-07-18,228.51269423226466,222.45950317382812,BEARISH_SIGNAL,0.7289490699768066,0.05788641795516014,True,0.0,HOLD,10000.0,0,0.0,10000.0,"Aggressive trader saw BEARISH_SIGNAL with bullish_probability=0.06, confidence=0.73, probability_margin=0.52, trend_filter_passed=True, rule=bearish_exit, target_allocation=0.00%."
2024-07-18,2024-07-19,223.09458131167176,222.58848571777344,BEARISH_SIGNAL,0.7495372295379639,0.03642601519823074,True,0.0,HOLD,10000.0,0,0.0,10000.0,"Aggressive trader saw BEARISH_SIGNAL with bullish_probability=0.04, confidence=0.75, probability_margin=0.54, trend_filter_passed=True, rule=bearish_exit, target_allocation=0.00%."
2024-07-19,2024-07-22,225.26777593230437,222.24119567871094,BEARISH_SIGNAL,0.6906442046165466,0.04729267582297325,True,0.0,HOLD,10000.0,0,0.0,10000.0,"Aggressive trader saw BEARISH_SIGNAL with bullish_probability=0.05, confidence=0.69, probability_margin=0.43, trend_filter_passed=True, rule=bearish_exit, target_allocation=0.00%."
2024-07-22,2024-07-23,222.64802398231987,223.28311157226562,BEARISH_SIGNAL,0.5930497646331787,0.11192954331636429,True,0.0,HOLD,10000.0,0,0.0,10000.0,"Aggressive trader saw BEARISH_SIGNAL with bullish_probability=0.11, confidence=0.59, probability_margin=0.30, trend_filter_passed=True, rule=bearish_exit, target_allocation=0.00%."
2024-07-23,2024-07-24,222.280880842846,216.86277770996094,BEARISH_SIGNAL,0.8183192014694214,0.03711967542767525,True,0.0,HOLD,10000.0,0,0.0,10000.0,"Aggressive trader saw BEARISH_SIGNAL with bullish_probability=0.04, confidence=0.82, probability_margin=0.67, trend_filter_passed=True, rule=bearish_exit, target_allocation=0.00%."
2024-07-24,2024-07-25,217.24978234747041,215.8208465576172,BEARISH_SIGNAL,0.6575120091438293,0.21256959438323975,True,0.0,HOLD,10000.0,0,0.0,10000.0,"Aggressive trader saw BEARISH_SIGNAL with bullish_probability=0.21, confidence=0.66, probability_margin=0.44, trend_filter_passed=True, rule=bearish_exit, target_allocation=0.00%."
2024-07-25,2024-07-26,217.02154248476683,216.2872314453125,BEARISH_SIGNAL,0.8560174703598022,0.062424372881650925,True,0.0,HOLD,10000.0,0,0.0,10000.0,"Aggressive trader saw BEARISH_SIGNAL with bullish_probability=0.06, confidence=0.86, probability_margin=0.77, trend_filter_passed=True, rule=bearish_exit, target_allocation=0.00%."
2024-07-26,2024-07-29,215.29490356378676,216.56507873535156,BEARISH_SIGNAL,0.8095688223838806,0.07296539098024368,True,0.0,HOLD,10000.0,0,0.0,10000.0,"Aggressive trader saw BEARISH_SIGNAL with bullish_probability=0.07, confidence=0.81, probability_margin=0.69, trend_filter_passed=True, rule=bearish_exit, target_allocation=0.00%."
2024-07-29,2024-07-30,217.50779485320817,217.12078857421875,BEARISH_SIGNAL,0.7827916145324707,0.1202208399772644,True,0.0,HOLD,10000.0,0,0.0,10000.0,"Aggressive trader saw BEARISH_SIGNAL with bullish_probability=0.12, confidence=0.78, probability_margin=0.66, trend_filter_passed=True, rule=bearish_exit, target_allocation=0.00%."
2024-07-30,2024-07-31,219.7405531778278,220.37564086914062,BEARISH_SIGNAL,0.706925630569458,0.1771577000617981,True,0.0,HOLD,10000.0,0,0.0,10000.0,"Aggressive trader saw BEARISH_SIGNAL with bullish_probability=0.18, confidence=0.71, probability_margin=0.53, trend_filter_passed=True, rule=bearish_exit, target_allocation=0.00%."
2024-07-31,2024-08-01,222.64804374939,216.68417358398438,BEARISH_SIGNAL,0.5252118706703186,0.22428181767463684,True,0.0,HOLD,10000.0,0,0.0,10000.0,"Aggressive trader saw BEARISH_SIGNAL with bullish_probability=0.22, confidence=0.53, probability_margin=0.27, trend_filter_passed=True, rule=bearish_exit, target_allocation=0.00%."
2024-08-01,2024-08-02,217.46808032420208,218.17263793945312,BEARISH_SIGNAL,0.8176238536834717,0.13673968613147736,True,0.0,HOLD,10000.0,0,0.0,10000.0,"Aggressive trader saw BEARISH_SIGNAL with bullish_probability=0.14, confidence=0.82, probability_margin=0.68, trend_filter_passed=True, rule=bearish_exit, target_allocation=0.00%."
2024-08-02,2024-08-05,197.56204548052773,207.66392517089844,BEARISH_SIGNAL,0.7627589702606201,0.18074573576450348,True,0.0,HOLD,10000.0,0,0.0,10000.0,"Aggressive trader saw BEARISH_SIGNAL with bullish_probability=0.18, confidence=0.76, probability_margin=0.58, trend_filter_passed=True, rule=bearish_exit, target_allocation=0.00%."
2024-08-05,2024-08-06,203.72439154098564,205.6395721435547,BEARISH_SIGNAL,0.5602524876594543,0.07633065432310104,True,0.0,HOLD,10000.0,0,0.0,10000.0,"Aggressive trader saw BEARISH_SIGNAL with bullish_probability=0.08, confidence=0.56, probability_margin=0.20, trend_filter_passed=True, rule=bearish_exit, target_allocation=0.00%."
2024-08-06,2024-08-07,205.31212843272615,208.20973205566406,BULLISH_SIGNAL,0.40552181005477905,0.40552181005477905,True,0.0,HOLD,10000.0,0,0.0,10000.0,"Aggressive trader saw BULLISH_SIGNAL with bullish_probability=0.41, confidence=0.41, probability_margin=0.05, trend_filter_passed=True, rule=neutral_hold, target_allocation=0.00%."
2024-08-07,2024-08-08,211.47445056104476,211.67291259765625,BEARISH_SIGNAL,0.5948966145515442,0.18999266624450684,True,0.0,HOLD,10000.0,0,0.0,10000.0,"Aggressive trader saw BEARISH_SIGNAL with bullish_probability=0.19, confidence=0.59, probability_margin=0.38, trend_filter_passed=True, rule=bearish_exit, target_allocation=0.00%."
2024-08-08,2024-08-09,210.47221789303094,214.5804443359375,BEARISH_SIGNAL,0.8605392575263977,0.06909294426441193,True,0.0,HOLD,10000.0,0,0.0,10000.0,"Aggressive trader saw BEARISH_SIGNAL with bullish_probability=0.07, confidence=0.86, probability_margin=0.79, trend_filter_passed=True, rule=bearish_exit, target_allocation=0.00%."
2024-08-09,2024-08-12,214.65991863613397,216.11038208007812,BEARISH_SIGNAL,0.611832857131958,0.08757434040307999,True,0.0,HOLD,10000.0,0,0.0,10000.0,"Aggressive trader saw BEARISH_SIGNAL with bullish_probability=0.09, confidence=0.61, probability_margin=0.31, trend_filter_passed=True, rule=bearish_exit, target_allocation=0.00%."
2024-08-12,2024-08-13,217.58071280084246,219.8259735107422,BEARISH_SIGNAL,0.5657405853271484,0.1076982319355011,True,0.0,HOLD,10000.0,0,0.0,10000.0,"Aggressive trader saw BEARISH_SIGNAL with bullish_probability=0.11, confidence=0.57, probability_margin=0.24, trend_filter_passed=True, rule=bearish_exit, target_allocation=0.00%."
2024-08-13,2024-08-14,219.13056699635618,220.27305603027344,NEUTRAL_SIGNAL,0.49784964323043823,0.10826623439788818,True,0.0,HOLD,10000.0,0,0.0,10000.0,"Aggressive trader saw NEUTRAL_SIGNAL with bullish_probability=0.11, confidence=0.50, probability_margin=0.10, trend_filter_passed=True, rule=neutral_hold, target_allocation=0.00%."
2024-08-14,2024-08-15,223.13425172393934,223.2534637451172,BEARISH_SIGNAL,0.5236777067184448,0.047088705003261566,True,0.0,HOLD,10000.0,0,0.0,10000.0,"Aggressive trader saw BEARISH_SIGNAL with bullish_probability=0.05, confidence=0.52, probability_margin=0.09, trend_filter_passed=True, rule=bearish_exit, target_allocation=0.00%."
2024-08-15,2024-08-16,222.45869413327577,224.57479858398438,NEUTRAL_SIGNAL,0.5719135403633118,0.09992674738168716,True,0.0,HOLD,10000.0,0,0.0,10000.0,"Aggressive trader saw NEUTRAL_SIGNAL with bullish_probability=0.10, confidence=0.57, probability_margin=0.24, trend_filter_passed=True, rule=neutral_hold, target_allocation=0.00%."
2024-08-16,2024-08-19,224.2469437652095,224.41583251953125,BEARISH_SIGNAL,0.5108387470245361,0.0619044154882431,True,0.0,HOLD,10000.0,0,0.0,10000.0,"Aggressive trader saw BEARISH_SIGNAL with bullish_probability=0.06, confidence=0.51, probability_margin=0.08, trend_filter_passed=True, rule=bearish_exit, target_allocation=0.00%."
2024-08-19,2024-08-20,224.2965926019689,225.03175354003906,BEARISH_SIGNAL,0.7063679099082947,0.06332182139158249,True,0.0,HOLD,10000.0,0,0.0,10000.0,"Aggressive trader saw BEARISH_SIGNAL with bullish_probability=0.06, confidence=0.71, probability_margin=0.48, trend_filter_passed=True, rule=bearish_exit, target_allocation=0.00%."
2024-08-20,2024-08-21,225.04171252806572,224.9224853515625,BEARISH_SIGNAL,0.8085167407989502,0.011512740515172482,True,0.0,HOLD,10000.0,0,0.0,10000.0,"Aggressive trader saw BEARISH_SIGNAL with bullish_probability=0.01, confidence=0.81, probability_margin=0.63, trend_filter_passed=True, rule=bearish_exit, target_allocation=0.00%."
2024-08-21,2024-08-22,226.3034477368646,223.06472778320312,BEARISH_SIGNAL,0.47725027799606323,0.09197762608528137,True,0.0,HOLD,10000.0,0,0.0,10000.0,"Aggressive trader saw BEARISH_SIGNAL with bullish_probability=0.09, confidence=0.48, probability_margin=0.05, trend_filter_passed=True, rule=bearish_exit, target_allocation=0.00%."
2024-08-22,2024-08-23,224.187342377279,225.35963439941406,BEARISH_SIGNAL,0.549212634563446,0.2261558473110199,True,0.0,HOLD,10000.0,0,0.0,10000.0,"Aggressive trader saw BEARISH_SIGNAL with bullish_probability=0.23, confidence=0.55, probability_margin=0.32, trend_filter_passed=True, rule=bearish_exit, target_allocation=0.00%."
2024-08-23,2024-08-26,225.2801304868265,225.6973876953125,BEARISH_SIGNAL,0.41469892859458923,0.2207920253276825,True,0.0,HOLD,10000.0,0,0.0,10000.0,"Aggressive trader saw BEARISH_SIGNAL with bullish_probability=0.22, confidence=0.41, probability_margin=0.05, trend_filter_passed=True, rule=bearish_exit, target_allocation=0.00%."
2024-08-26,2024-08-27,224.5250889075569,226.54183959960938,BEARISH_SIGNAL,0.6761662364006042,0.10502792149782181,True,0.0,HOLD,10000.0,0,0.0,10000.0,"Aggressive trader saw BEARISH_SIGNAL with bullish_probability=0.11, confidence=0.68, probability_margin=0.46, trend_filter_passed=True, rule=bearish_exit, target_allocation=0.00%."
2024-08-27,2024-08-28,226.43259292076607,225.01193237304688,NEUTRAL_SIGNAL,0.648990273475647,0.059749167412519455,True,0.0,HOLD,10000.0,0,0.0,10000.0,"Aggressive trader saw NEUTRAL_SIGNAL with bullish_probability=0.06, confidence=0.65, probability_margin=0.36, trend_filter_passed=True, rule=neutral_hold, target_allocation=0.00%."
2024-08-28,2024-08-29,228.59836441740794,228.29037475585938,BEARISH_SIGNAL,0.5914420485496521,0.12690913677215576,True,0.0,HOLD,10000.0,0,0.0,10000.0,"Aggressive trader saw BEARISH_SIGNAL with bullish_probability=0.13, confidence=0.59, probability_margin=0.31, trend_filter_passed=True, rule=bearish_exit, target_allocation=0.00%."
2024-08-29,2024-08-30,228.68779072729976,227.50555419921875,NEUTRAL_SIGNAL,0.5383111238479614,0.09620293974876404,True,0.0,HOLD,10000.0,0,0.0,10000.0,"Aggressive trader saw NEUTRAL_SIGNAL with bullish_probability=0.10, confidence=0.54, probability_margin=0.17, trend_filter_passed=True, rule=neutral_hold, target_allocation=0.00%."
2024-08-30,2024-09-03,227.05847075546578,221.31619262695312,NEUTRAL_SIGNAL,0.566201388835907,0.16821140050888062,True,0.0,HOLD,10000.0,0,0.0,10000.0,"Aggressive trader saw NEUTRAL_SIGNAL with bullish_probability=0.17, confidence=0.57, probability_margin=0.30, trend_filter_passed=True, rule=neutral_hold, target_allocation=0.00%."
2024-09-03,2024-09-04,220.2134333758585,219.40872192382812,BEARISH_SIGNAL,0.42844340205192566,0.22077155113220215,True,0.0,HOLD,10000.0,0,0.0,10000.0,"Aggressive trader saw BEARISH_SIGNAL with bullish_probability=0.22, confidence=0.43, probability_margin=0.08, trend_filter_passed=True, rule=bearish_exit, target_allocation=0.00%."
2024-09-04,2024-09-05,220.1836359939166,220.92874145507812,BEARISH_SIGNAL,0.745797872543335,0.08143879473209381,True,0.0,HOLD,10000.0,0,0.0,10000.0,"Aggressive trader saw BEARISH_SIGNAL with bullish_probability=0.08, confidence=0.75, probability_margin=0.57, trend_filter_passed=True, rule=bearish_exit, target_allocation=0.00%."
2024-09-05,2024-09-06,222.48850009081283,219.37893676757812,BEARISH_SIGNAL,0.5329058766365051,0.11695596575737,True,0.0,HOLD,10000.0,0,0.0,10000.0,"Aggressive trader saw BEARISH_SIGNAL with bullish_probability=0.12, confidence=0.53, probability_margin=0.18, trend_filter_passed=True, rule=bearish_exit, target_allocation=0.00%."
2024-09-06,2024-09-09,219.37892899374344,219.4683380126953,NEUTRAL_SIGNAL,0.3940335214138031,0.2298431396484375,True,0.0,HOLD,10000.0,0,0.0,10000.0,"Aggressive trader saw NEUTRAL_SIGNAL with bullish_probability=0.23, confidence=0.39, probability_margin=0.02, trend_filter_passed=True, rule=neutral_hold, target_allocation=0.00%."
2024-09-09,2024-09-10,217.49130185519834,218.6735382080078,BEARISH_SIGNAL,0.5802767872810364,0.29508325457572937,True,0.0,HOLD,10000.0,0,0.0,10000.0,"Aggressive trader saw BEARISH_SIGNAL with bullish_probability=0.30, confidence=0.58, probability_margin=0.29, trend_filter_passed=True, rule=bearish_exit, target_allocation=0.00%."
2024-09-10,2024-09-11,220.01474349397893,221.2069091796875,BEARISH_SIGNAL,0.5292356014251709,0.2717871367931366,True,0.0,HOLD,10000.0,0,0.0,10000.0,"Aggressive trader saw BEARISH_SIGNAL with bullish_probability=0.27, confidence=0.53, probability_margin=0.26, trend_filter_passed=True, rule=bearish_exit, target_allocation=0.00%."
2024-09-11,2024-09-12,221.04795042006705,221.31619262695312,BEARISH_SIGNAL,0.5630951523780823,0.3012470304965973,True,0.0,HOLD,10000.0,0,0.0,10000.0,"Aggressive trader saw BEARISH_SIGNAL with bullish_probability=0.30, confidence=0.56, probability_margin=0.26, trend_filter_passed=True, rule=bearish_exit, target_allocation=0.00%."
2024-09-12,2024-09-13,222.12089674811224,221.04794311523438,BEARISH_SIGNAL,0.6357108950614929,0.19123198091983795,True,0.0,HOLD,10000.0,0,0.0,10000.0,"Aggressive trader saw BEARISH_SIGNAL with bullish_probability=0.19, confidence=0.64, probability_margin=0.44, trend_filter_passed=True, rule=bearish_exit, target_allocation=0.00%."
2024-09-13,2024-09-16,215.126845002842,214.90829467773438,BEARISH_SIGNAL,0.64699387550354,0.1162075474858284,True,0.0,HOLD,10000.0,0,0.0,10000.0,"Aggressive trader saw BEARISH_SIGNAL with bullish_probability=0.12, confidence=0.65, probability_margin=0.41, trend_filter_passed=True, rule=bearish_exit, target_allocation=0.00%."
2024-09-16,2024-09-17,214.3419921866889,215.3751983642578,NEUTRAL_SIGNAL,0.5830990076065063,0.058823470026254654,True,0.0,HOLD,10000.0,0,0.0,10000.0,"Aggressive trader saw NEUTRAL_SIGNAL with bullish_probability=0.06, confidence=0.58, probability_margin=0.23, trend_filter_passed=True, rule=neutral_hold, target_allocation=0.00%."
2024-09-17,2024-09-18,216.13026348358338,219.24977111816406,NEUTRAL_SIGNAL,0.6678279042243958,0.06670363247394562,True,0.0,HOLD,10000.0,0,0.0,10000.0,"Aggressive trader saw NEUTRAL_SIGNAL with bullish_probability=0.07, confidence=0.67, probability_margin=0.40, trend_filter_passed=True, rule=neutral_hold, target_allocation=0.00%."
2024-09-18,2024-09-19,223.52171975466862,227.3763885498047,BEARISH_SIGNAL,0.5408881902694702,0.19243568181991577,True,0.0,HOLD,10000.0,0,0.0,10000.0,"Aggressive trader saw BEARISH_SIGNAL with bullish_probability=0.19, confidence=0.54, probability_margin=0.27, trend_filter_passed=True, rule=bearish_exit, target_allocation=0.00%."
2024-09-19,2024-09-20,228.46919216926284,226.7107391357422,NEUTRAL_SIGNAL,0.6435450911521912,0.12321653962135315,True,0.0,HOLD,10000.0,0,0.0,10000.0,"Aggressive trader saw NEUTRAL_SIGNAL with bullish_probability=0.12, confidence=0.64, probability_margin=0.41, trend_filter_passed=True, rule=neutral_hold, target_allocation=0.00%."
2024-09-20,2024-09-23,225.8563676699032,224.99205017089844,BEARISH_SIGNAL,0.46591418981552124,0.15422286093235016,True,0.0,HOLD,10000.0,0,0.0,10000.0,"Aggressive trader saw BEARISH_SIGNAL with bullish_probability=0.15, confidence=0.47, probability_margin=0.09, trend_filter_passed=True, rule=bearish_exit, target_allocation=0.00%."
2024-09-23,2024-09-24,227.15783023434298,225.8861846923828,BEARISH_SIGNAL,0.5795650482177734,0.10391410440206528,True,0.0,HOLD,10000.0,0,0.0,10000.0,"Aggressive trader saw BEARISH_SIGNAL with bullish_probability=0.10, confidence=0.58, probability_margin=0.26, trend_filter_passed=True, rule=bearish_exit, target_allocation=0.00%."
2024-09-24,2024-09-25,223.46208007568333,224.89268493652344,BEARISH_SIGNAL,0.5178112983703613,0.09672188013792038,True,0.0,HOLD,10000.0,0,0.0,10000.0,"Aggressive trader saw BEARISH_SIGNAL with bullish_probability=0.10, confidence=0.52, probability_margin=0.13, trend_filter_passed=True, rule=bearish_exit, target_allocation=0.00%."
2024-09-25,2024-09-26,225.81663654010723,226.0352020263672,BEARISH_SIGNAL,0.5836596488952637,0.13952428102493286,True,0.0,HOLD,10000.0,0,0.0,10000.0,"Aggressive trader saw BEARISH_SIGNAL with bullish_probability=0.14, confidence=0.58, probability_margin=0.31, trend_filter_passed=True, rule=bearish_exit, target_allocation=0.00%."
2024-09-26,2024-09-27,226.9690772008412,226.30343627929688,BEARISH_SIGNAL,0.5289855003356934,0.04724922776222229,True,0.0,HOLD,10000.0,0,0.0,10000.0,"Aggressive trader saw BEARISH_SIGNAL with bullish_probability=0.05, confidence=0.53, probability_margin=0.11, trend_filter_passed=True, rule=bearish_exit, target_allocation=0.00%."
2024-09-27,2024-09-30,228.5387415800987,231.47943115234375,BEARISH_SIGNAL,0.5661214590072632,0.05438436567783356,True,0.0,HOLD,10000.0,0,0.0,10000.0,"Aggressive trader saw BEARISH_SIGNAL with bullish_probability=0.05, confidence=0.57, probability_margin=0.19, trend_filter_passed=True, rule=bearish_exit, target_allocation=0.00%."
2024-09-30,2024-10-01,228.02214574584622,224.73374938964844,BEARISH_SIGNAL,0.4094446897506714,0.22209815680980682,True,0.0,HOLD,10000.0,0,0.0,10000.0,"Aggressive trader saw BEARISH_SIGNAL with bullish_probability=0.22, confidence=0.41, probability_margin=0.04, trend_filter_passed=True, rule=bearish_exit, target_allocation=0.00%."
2024-10-01,2024-10-02,224.41582711263038,225.30001831054688,NEUTRAL_SIGNAL,0.4732205867767334,0.18704678118228912,True,0.0,HOLD,10000.0,0,0.0,10000.0,"Aggressive trader saw NEUTRAL_SIGNAL with bullish_probability=0.19, confidence=0.47, probability_margin=0.13, trend_filter_passed=True, rule=neutral_hold, target_allocation=0.00%."
2024-10-02,2024-10-03,223.67072564154154,224.197265625,BEARISH_SIGNAL,0.39783775806427,0.2224380075931549,True,0.0,HOLD,10000.0,0,0.0,10000.0,"Aggressive trader saw BEARISH_SIGNAL with bullish_probability=0.22, confidence=0.40, probability_margin=0.02, trend_filter_passed=True, rule=bearish_exit, target_allocation=0.00%."
2024-10-03,2024-10-04,226.41271278943105,225.3199005126953,BEARISH_SIGNAL,0.6296536326408386,0.09582508355379105,True,0.0,HOLD,10000.0,0,0.0,10000.0,"Aggressive trader saw BEARISH_SIGNAL with bullish_probability=0.10, confidence=0.63, probability_margin=0.36, trend_filter_passed=True, rule=bearish_exit, target_allocation=0.00%."
2024-10-04,2024-10-07,223.0348997045567,220.2432403564453,BEARISH_SIGNAL,0.406193345785141,0.30188730359077454,True,0.0,HOLD,10000.0,0,0.0,10000.0,"Aggressive trader saw BEARISH_SIGNAL with bullish_probability=0.30, confidence=0.41, probability_margin=0.10, trend_filter_passed=True, rule=bearish_exit, target_allocation=0.00%."
2024-10-07,2024-10-08,222.83622285599392,224.296630859375,NEUTRAL_SIGNAL,0.6032179594039917,0.17408950626850128,True,0.0,HOLD,10000.0,0,0.0,10000.0,"Aggressive trader saw NEUTRAL_SIGNAL with bullish_probability=0.17, confidence=0.60, probability_margin=0.38, trend_filter_passed=True, rule=neutral_hold, target_allocation=0.00%."
2024-10-08,2024-10-09,223.7601370790405,228.04200744628906,BEARISH_SIGNAL,0.4244050085544586,0.20169204473495483,True,0.0,HOLD,10000.0,0,0.0,10000.0,"Aggressive trader saw BEARISH_SIGNAL with bullish_probability=0.20, confidence=0.42, probability_margin=0.05, trend_filter_passed=True, rule=bearish_exit, target_allocation=0.00%."
2024-10-09,2024-10-10,226.29350107451606,227.54527282714844,NEUTRAL_SIGNAL,0.4887892007827759,0.21748577058315277,True,0.0,HOLD,10000.0,0,0.0,10000.0,"Aggressive trader saw NEUTRAL_SIGNAL with bullish_probability=0.22, confidence=0.49, probability_margin=0.20, trend_filter_passed=True, rule=neutral_hold, target_allocation=0.00%."
2024-10-10,2024-10-11,227.80359724609562,226.0650177001953,NEUTRAL_SIGNAL,0.4476727843284607,0.12655097246170044,True,0.0,HOLD,10000.0,0,0.0,10000.0,"Aggressive trader saw NEUTRAL_SIGNAL with bullish_probability=0.13, confidence=0.45, probability_margin=0.02, trend_filter_passed=True, rule=neutral_hold, target_allocation=0.00%."
2024-10-11,2024-10-14,227.20748901369805,229.79052734375,BEARISH_SIGNAL,0.5585864186286926,0.12058957666158676,True,0.0,HOLD,10000.0,0,0.0,10000.0,"Aggressive trader saw BEARISH_SIGNAL with bullish_probability=0.12, confidence=0.56, probability_margin=0.24, trend_filter_passed=True, rule=bearish_exit, target_allocation=0.00%."
2024-10-14,2024-10-15,232.08545910083197,232.3238983154297,BEARISH_SIGNAL,0.5249150395393372,0.059604234993457794,True,0.0,HOLD,10000.0,0,0.0,10000.0,"Aggressive trader saw BEARISH_SIGNAL with bullish_probability=0.06, confidence=0.52, probability_margin=0.11, trend_filter_passed=True, rule=bearish_exit, target_allocation=0.00%."
2024-10-15,2024-10-16,230.0885769817669,230.26739501953125,BEARISH_SIGNAL,0.5435046553611755,0.1357293277978897,True,0.0,HOLD,10000.0,0,0.0,10000.0,"Aggressive trader saw BEARISH_SIGNAL with bullish_probability=0.14, confidence=0.54, probability_margin=0.22, trend_filter_passed=True, rule=bearish_exit, target_allocation=0.00%."
2024-10-16,2024-10-17,231.90659404858079,230.63494873046875,BEARISH_SIGNAL,0.5095735192298889,0.07586611807346344,True,0.0,HOLD,10000.0,0,0.0,10000.0,"Aggressive trader saw BEARISH_SIGNAL with bullish_probability=0.08, confidence=0.51, probability_margin=0.10, trend_filter_passed=True, rule=bearish_exit, target_allocation=0.00%."
2024-10-17,2024-10-18,234.63867690560429,233.4663848876953,BEARISH_SIGNAL,0.6254321336746216,0.18292692303657532,True,0.0,HOLD,10000.0,0,0.0,10000.0,"Aggressive trader saw BEARISH_SIGNAL with bullish_probability=0.18, confidence=0.63, probability_margin=0.43, trend_filter_passed=True, rule=bearish_exit, target_allocation=0.00%."
2024-10-18,2024-10-21,232.91995571367772,234.93670654296875,BEARISH_SIGNAL,0.43601036071777344,0.20397700369358063,True,0.0,HOLD,10000.0,0,0.0,10000.0,"Aggressive trader saw BEARISH_SIGNAL with bullish_probability=0.20, confidence=0.44, probability_margin=0.08, trend_filter_passed=True, rule=bearish_exit, target_allocation=0.00%."
2024-10-21,2024-10-22,232.3636102062686,234.3207550048828,NEUTRAL_SIGNAL,0.42355695366859436,0.17684581875801086,True,0.0,HOLD,10000.0,0,0.0,10000.0,"Aggressive trader saw NEUTRAL_SIGNAL with bullish_probability=0.18, confidence=0.42, probability_margin=0.02, trend_filter_passed=True, rule=neutral_hold, target_allocation=0.00%."
2024-10-22,2024-10-23,232.552368896012,229.2540283203125,BEARISH_SIGNAL,0.49495604634284973,0.21500656008720398,True,0.0,HOLD,10000.0,0,0.0,10000.0,"Aggressive trader saw BEARISH_SIGNAL with bullish_probability=0.22, confidence=0.49, probability_margin=0.20, trend_filter_passed=True, rule=bearish_exit, target_allocation=0.00%."
2024-10-23,2024-10-24,228.4791312160334,229.06529235839844,NEUTRAL_SIGNAL,0.44348740577697754,0.14219042658805847,True,0.0,HOLD,10000.0,0,0.0,10000.0,"Aggressive trader saw NEUTRAL_SIGNAL with bullish_probability=0.14, confidence=0.44, probability_margin=0.03, trend_filter_passed=True, rule=neutral_hold, target_allocation=0.00%."
2024-10-24,2024-10-25,228.24072625952675,229.8998260498047,BEARISH_SIGNAL,0.5091941952705383,0.12475380301475525,True,0.0,HOLD,10000.0,0,0.0,10000.0,"Aggressive trader saw BEARISH_SIGNAL with bullish_probability=0.12, confidence=0.51, probability_margin=0.14, trend_filter_passed=True, rule=bearish_exit, target_allocation=0.00%."
2024-10-25,2024-10-28,231.7973512193415,231.87681579589844,BEARISH_SIGNAL,0.6202775835990906,0.1514456868171692,True,0.0,HOLD,10000.0,0,0.0,10000.0,"Aggressive trader saw BEARISH_SIGNAL with bullish_probability=0.15, confidence=0.62, probability_margin=0.39, trend_filter_passed=True, rule=bearish_exit, target_allocation=0.00%."
2024-10-28,2024-10-29,231.57877779482254,232.14505004882812,NEUTRAL_SIGNAL,0.44021835923194885,0.16966839134693146,True,0.0,HOLD,10000.0,0,0.0,10000.0,"Aggressive trader saw NEUTRAL_SIGNAL with bullish_probability=0.17, confidence=0.44, probability_margin=0.05, trend_filter_passed=True, rule=neutral_hold, target_allocation=0.00%."
2024-10-29,2024-10-30,231.0919876952183,228.59837341308594,NEUTRAL_SIGNAL,0.43113014101982117,0.23907306790351868,True,0.0,HOLD,10000.0,0,0.0,10000.0,"Aggressive trader saw NEUTRAL_SIGNAL with bullish_probability=0.24, confidence=0.43, probability_margin=0.10, trend_filter_passed=True, rule=neutral_hold, target_allocation=0.00%."
2024-10-30,2024-10-31,227.84330777090054,224.43569946289062,BEARISH_SIGNAL,0.5936937928199768,0.23166805505752563,True,0.0,HOLD,10000.0,0,0.0,10000.0,"Aggressive trader saw BEARISH_SIGNAL with bullish_probability=0.23, confidence=0.59, probability_margin=0.36, trend_filter_passed=True, rule=bearish_exit, target_allocation=0.00%."
2024-10-31,2024-11-01,219.5279346472888,221.4552764892578,NEUTRAL_SIGNAL,0.5132090449333191,0.05688858777284622,True,0.0,HOLD,10000.0,0,0.0,10000.0,"Aggressive trader saw NEUTRAL_SIGNAL with bullish_probability=0.06, confidence=0.51, probability_margin=0.08, trend_filter_passed=True, rule=neutral_hold, target_allocation=0.00%."
2024-11-01,2024-11-04,219.54780947276666,220.56114196777344,NEUTRAL_SIGNAL,0.7118566632270813,0.04905713349580765,True,0.0,HOLD,10000.0,0,0.0,10000.0,"Aggressive trader saw NEUTRAL_SIGNAL with bullish_probability=0.05, confidence=0.71, probability_margin=0.47, trend_filter_passed=True, rule=neutral_hold, target_allocation=0.00%."
2024-11-04,2024-11-05,220.35251908634842,221.9917449951172,BEARISH_SIGNAL,0.4361850619316101,0.19459065794944763,True,0.0,HOLD,10000.0,0,0.0,10000.0,"Aggressive trader saw BEARISH_SIGNAL with bullish_probability=0.19, confidence=0.44, probability_margin=0.07, trend_filter_passed=True, rule=bearish_exit, target_allocation=0.00%."
2024-11-05,2024-11-06,221.15721202226086,221.26649475097656,NEUTRAL_SIGNAL,0.4485783576965332,0.31628963351249695,True,0.0,HOLD,10000.0,0,0.0,10000.0,"Aggressive trader saw NEUTRAL_SIGNAL with bullish_probability=0.32, confidence=0.45, probability_margin=0.13, trend_filter_passed=True, rule=neutral_hold, target_allocation=0.00%."
2024-11-06,2024-11-07,223.16406118155706,225.99545288085938,NEUTRAL_SIGNAL,0.6433334350585938,0.15827465057373047,True,0.0,HOLD,10000.0,0,0.0,10000.0,"Aggressive trader saw NEUTRAL_SIGNAL with bullish_probability=0.16, confidence=0.64, probability_margin=0.44, trend_filter_passed=True, rule=neutral_hold, target_allocation=0.00%."
2024-11-07,2024-11-08,225.9357792784742,225.7269287109375,BEARISH_SIGNAL,0.4916115701198578,0.1507086604833603,True,0.0,HOLD,10000.0,0,0.0,10000.0,"Aggressive trader saw BEARISH_SIGNAL with bullish_probability=0.15, confidence=0.49, probability_margin=0.13, trend_filter_passed=True, rule=bearish_exit, target_allocation=0.00%."
2024-11-08,2024-11-11,223.77757009002366,223.01174926757812,BEARISH_SIGNAL,0.7731661200523376,0.07470191270112991,True,0.0,HOLD,10000.0,0,0.0,10000.0,"Aggressive trader saw BEARISH_SIGNAL with bullish_probability=0.07, confidence=0.77, probability_margin=0.62, trend_filter_passed=True, rule=bearish_exit, target_allocation=0.00%."
2024-11-11,2024-11-12,223.33001798502116,223.01174926757812,BEARISH_SIGNAL,0.5452731847763062,0.07595255970954895,True,0.0,HOLD,10000.0,0,0.0,10000.0,"Aggressive trader saw BEARISH_SIGNAL with bullish_probability=0.08, confidence=0.55, probability_margin=0.17, trend_filter_passed=True, rule=bearish_exit, target_allocation=0.00%."
2024-11-12,2024-11-13,222.79294167641658,223.89691162109375,BEARISH_SIGNAL,0.4945383071899414,0.10953538864850998,True,0.0,HOLD,10000.0,0,0.0,10000.0,"Aggressive trader saw BEARISH_SIGNAL with bullish_probability=0.11, confidence=0.49, probability_margin=0.10, trend_filter_passed=True, rule=bearish_exit, target_allocation=0.00%."
2024-11-13,2024-11-14,223.79747584076947,226.98008728027344,BEARISH_SIGNAL,0.617783784866333,0.10520881414413452,True,0.0,HOLD,10000.0,0,0.0,10000.0,"Aggressive trader saw BEARISH_SIGNAL with bullish_probability=0.11, confidence=0.62, probability_margin=0.34, trend_filter_passed=True, rule=bearish_exit, target_allocation=0.00%."
2024-11-14,2024-11-15,225.16996034674554,223.77757263183594,BEARISH_SIGNAL,0.5070953965187073,0.17983989417552948,True,0.0,HOLD,10000.0,0,0.0,10000.0,"Aggressive trader saw BEARISH_SIGNAL with bullish_probability=0.18, confidence=0.51, probability_margin=0.19, trend_filter_passed=True, rule=bearish_exit, target_allocation=0.00%."
2024-11-15,2024-11-18,224.0262188410909,226.7811737060547,NEUTRAL_SIGNAL,0.4343400001525879,0.23455797135829926,True,0.0,HOLD,10000.0,0,0.0,10000.0,"Aggressive trader saw NEUTRAL_SIGNAL with bullish_probability=0.23, confidence=0.43, probability_margin=0.10, trend_filter_passed=True, rule=neutral_hold, target_allocation=0.00%."
2024-11-18,2024-11-19,225.7467938634959,227.03973388671875,BEARISH_SIGNAL,0.4657036066055298,0.1764320284128189,True,0.0,HOLD,10000.0,0,0.0,10000.0,"Aggressive trader saw BEARISH_SIGNAL with bullish_probability=0.18, confidence=0.47, probability_margin=0.11, trend_filter_passed=True, rule=bearish_exit, target_allocation=0.00%."
2024-11-19,2024-11-20,226.82094870348703,227.75584411621094,BEARISH_SIGNAL,0.5229453444480896,0.22044909000396729,True,0.0,HOLD,10000.0,0,0.0,10000.0,"Aggressive trader saw BEARISH_SIGNAL with bullish_probability=0.22, confidence=0.52, probability_margin=0.27, trend_filter_passed=True, rule=bearish_exit, target_allocation=0.00%."
2024-11-20,2024-11-21,227.63648708983084,227.2784423828125,BEARISH_SIGNAL,0.49463534355163574,0.23318082094192505,True,0.0,HOLD,10000.0,0,0.0,10000.0,"Aggressive trader saw BEARISH_SIGNAL with bullish_probability=0.23, confidence=0.49, probability_margin=0.22, trend_filter_passed=True, rule=bearish_exit, target_allocation=0.00%."
2024-11-21,2024-11-22,226.82096032466632,228.62112426757812,BEARISH_SIGNAL,0.4788442850112915,0.2847515344619751,True,0.0,HOLD,10000.0,0,0.0,10000.0,"Aggressive trader saw BEARISH_SIGNAL with bullish_probability=0.28, confidence=0.48, probability_margin=0.19, trend_filter_passed=True, rule=bearish_exit, target_allocation=0.00%."
2024-11-22,2024-11-25,230.20248468460477,231.6048126220703,BEARISH_SIGNAL,0.4445190131664276,0.17533743381500244,True,0.0,HOLD,10000.0,0,0.0,10000.0,"Aggressive trader saw BEARISH_SIGNAL with bullish_probability=0.18, confidence=0.44, probability_margin=0.06, trend_filter_passed=True, rule=bearish_exit, target_allocation=0.00%."
2024-11-25,2024-11-26,232.06231657216094,233.7829132080078,BEARISH_SIGNAL,0.4731314778327942,0.13941192626953125,True,0.0,HOLD,10000.0,0,0.0,10000.0,"Aggressive trader saw BEARISH_SIGNAL with bullish_probability=0.14, confidence=0.47, probability_margin=0.09, trend_filter_passed=True, rule=bearish_exit, target_allocation=0.00%."
2024-11-26,2024-11-27,233.19611792325418,233.6536102294922,NEUTRAL_SIGNAL,0.43315011262893677,0.18342721462249756,True,0.0,HOLD,10000.0,0,0.0,10000.0,"Aggressive trader saw NEUTRAL_SIGNAL with bullish_probability=0.18, confidence=0.43, probability_margin=0.05, trend_filter_passed=True, rule=neutral_hold, target_allocation=0.00%."
2024-11-27,2024-11-29,233.53426018813377,236.0405731201172,NEUTRAL_SIGNAL,0.35344550013542175,0.2950628399848938,True,0.0,HOLD,10000.0,0,0.0,10000.0,"Aggressive trader saw NEUTRAL_SIGNAL with bullish_probability=0.30, confidence=0.35, probability_margin=0.00, trend_filter_passed=True, rule=neutral_hold, target_allocation=0.00%."
2024-11-29,2024-12-02,235.9809120539101,238.28829956054688,BULLISH_SIGNAL,0.4341667890548706,0.4341667890548706,True,0.0,HOLD,10000.0,0,0.0,10000.0,"Aggressive trader saw BULLISH_SIGNAL with bullish_probability=0.43, confidence=0.43, probability_margin=0.12, trend_filter_passed=True, rule=neutral_hold, target_allocation=0.00%."
2024-12-02,2024-12-03,238.50711361537608,241.33168029785156,NEUTRAL_SIGNAL,0.4447311460971832,0.3200497329235077,True,0.0,HOLD,10000.0,0,0.0,10000.0,"Aggressive trader saw NEUTRAL_SIGNAL with bullish_probability=0.32, confidence=0.44, probability_margin=0.12, trend_filter_passed=True, rule=neutral_hold, target_allocation=0.00%."
2024-12-03,2024-12-04,241.55047375645148,241.68971252441406,NEUTRAL_SIGNAL,0.564290463924408,0.2578788697719574,True,0.0,HOLD,10000.0,0,0.0,10000.0,"Aggressive trader saw NEUTRAL_SIGNAL with bullish_probability=0.26, confidence=0.56, probability_margin=0.31, trend_filter_passed=True, rule=neutral_hold, target_allocation=0.00%."
2024-12-04,2024-12-05,242.6644095132275,241.7195587158203,NEUTRAL_SIGNAL,0.5314622521400452,0.34290724992752075,True,0.0,HOLD,10000.0,0,0.0,10000.0,"Aggressive trader saw NEUTRAL_SIGNAL with bullish_probability=0.34, confidence=0.53, probability_margin=0.19, trend_filter_passed=True, rule=neutral_hold, target_allocation=0.00%."
2024-12-05,2024-12-06,241.5902721155965,241.52064514160156,NEUTRAL_SIGNAL,0.48896995186805725,0.16529378294944763,True,0.0,HOLD,10000.0,0,0.0,10000.0,"Aggressive trader saw NEUTRAL_SIGNAL with bullish_probability=0.17, confidence=0.49, probability_margin=0.14, trend_filter_passed=True, rule=neutral_hold, target_allocation=0.00%."
2024-12-06,2024-12-09,240.51612576959502,245.40939331054688,NEUTRAL_SIGNAL,0.35924631357192993,0.34105294942855835,True,0.0,HOLD,10000.0,0,0.0,10000.0,"Aggressive trader saw NEUTRAL_SIGNAL with bullish_probability=0.34, confidence=0.36, probability_margin=0.02, trend_filter_passed=True, rule=neutral_hold, target_allocation=0.00%."
2024-12-09,2024-12-10,245.54863486606115,246.42385864257812,NEUTRAL_SIGNAL,0.7505064606666565,0.17540965974330902,True,0.0,HOLD,10000.0,0,0.0,10000.0,"Aggressive trader saw NEUTRAL_SIGNAL with bullish_probability=0.18, confidence=0.75, probability_margin=0.58, trend_filter_passed=True, rule=neutral_hold, target_allocation=0.00%."
2024-12-10,2024-12-11,246.61283253090062,245.15081787109375,NEUTRAL_SIGNAL,0.7496877908706665,0.1815265715122223,True,0.0,HOLD,10000.0,0,0.0,10000.0,"Aggressive trader saw NEUTRAL_SIGNAL with bullish_probability=0.18, confidence=0.75, probability_margin=0.57, trend_filter_passed=True, rule=neutral_hold, target_allocation=0.00%."
2024-12-11,2024-12-12,245.54864477609476,246.6128387451172,NEUTRAL_SIGNAL,0.5942004323005676,0.30964580178260803,True,0.0,HOLD,10000.0,0,0.0,10000.0,"Aggressive trader saw NEUTRAL_SIGNAL with bullish_probability=0.31, confidence=0.59, probability_margin=0.28, trend_filter_passed=True, rule=neutral_hold, target_allocation=0.00%."
2024-12-12,2024-12-13,246.47359279661413,246.7819061279297,NEUTRAL_SIGNAL,0.7270248532295227,0.1679389774799347,True,0.0,HOLD,10000.0,0,0.0,10000.0,"Aggressive trader saw NEUTRAL_SIGNAL with bullish_probability=0.17, confidence=0.73, probability_margin=0.56, trend_filter_passed=True, rule=neutral_hold, target_allocation=0.00%."
2024-12-13,2024-12-16,246.6426542229925,249.6760711669922,NEUTRAL_SIGNAL,0.7505401372909546,0.1976235955953598,True,0.0,HOLD,10000.0,0,0.0,10000.0,"Aggressive trader saw NEUTRAL_SIGNAL with bullish_probability=0.20, confidence=0.75, probability_margin=0.55, trend_filter_passed=True, rule=neutral_hold, target_allocation=0.00%."
2024-12-16,2024-12-17,248.72130738305802,252.1028289794922,NEUTRAL_SIGNAL,0.5954665541648865,0.29089468717575073,True,0.0,HOLD,10000.0,0,0.0,10000.0,"Aggressive trader saw NEUTRAL_SIGNAL with bullish_probability=0.29, confidence=0.60, probability_margin=0.30, trend_filter_passed=True, rule=neutral_hold, target_allocation=0.00%."
2024-12-17,2024-12-18,250.7900177691265,246.7023468017578,NEUTRAL_SIGNAL,0.6846460103988647,0.21885204315185547,True,0.0,HOLD,10000.0,0,0.0,10000.0,"Aggressive trader saw NEUTRAL_SIGNAL with bullish_probability=0.22, confidence=0.68, probability_margin=0.47, trend_filter_passed=True, rule=neutral_hold, target_allocation=0.00%."
2024-12-18,2024-12-19,246.15532490458142,248.43287658691406,BULLISH_SIGNAL,0.8064128160476685,0.8064128160476685,True,0.3575150081089565,BUY,6548.65446642559,14,3478.060272216797,10026.714738642386,"Aggressive trader saw BULLISH_SIGNAL with bullish_probability=0.81, confidence=0.81, probability_margin=0.66, trend_filter_passed=True, rule=bullish_signal, target_allocation=35.75%."
2024-12-19,2024-12-20,246.6923766885693,253.1073455810547,BULLISH_SIGNAL,0.7413249015808105,0.7413249015808105,True,0.2087426321847098,REDUCE,8026.589235243939,8,2024.8587646484375,10051.447999892376,"Aggressive trader saw BULLISH_SIGNAL with bullish_probability=0.74, confidence=0.74, probability_margin=0.54, trend_filter_passed=True, rule=bullish_signal, target_allocation=20.87%."
2024-12-20,2024-12-23,253.38581895601413,253.8831024169922,BULLISH_SIGNAL,0.7572537660598755,0.7572537660598755,True,0.24515146527971537,HOLD,8026.589235243939,8,2031.0648193359375,10057.654054579876,"Aggressive trader saw BULLISH_SIGNAL with bullish_probability=0.76, confidence=0.76, probability_margin=0.58, trend_filter_passed=True, rule=bullish_signal, target_allocation=24.52%."
2024-12-23,2024-12-24,254.10192745486222,256.7972106933594,BULLISH_SIGNAL,0.7163702249526978,0.7163702249526978,True,0.15170337132045197,REDUCE,8534.031038473226,6,1540.7832641601562,10074.814302633382,"Aggressive trader saw BULLISH_SIGNAL with bullish_probability=0.72, confidence=0.72, probability_margin=0.50, trend_filter_passed=True, rule=bullish_signal, target_allocation=15.17%."
2024-12-24,2024-12-26,256.7872242633273,257.6127014160156,NEUTRAL_SIGNAL,0.6434621810913086,0.3068693280220032,True,0.1529291223236862,HOLD,8534.031038473226,6,1545.6762084960938,10079.70724696932,"Aggressive trader saw NEUTRAL_SIGNAL with bullish_probability=0.31, confidence=0.64, probability_margin=0.34, trend_filter_passed=True, rule=neutral_hold, target_allocation=15.29%."
2024-12-26,2024-12-27,256.42919055718573,254.2013702392578,NEUTRAL_SIGNAL,0.600394606590271,0.3149540424346924,True,0.15274846604453182,HOLD,8534.031038473226,6,1525.2082214355469,10059.239259908773,"Aggressive trader saw NEUTRAL_SIGNAL with bullish_probability=0.31, confidence=0.60, probability_margin=0.29, trend_filter_passed=True, rule=neutral_hold, target_allocation=15.27%."
2024-12-27,2024-12-30,250.85960874260036,250.82977294921875,BULLISH_SIGNAL,0.6150600910186768,0.6150600910186768,True,0.14992821619297053,HOLD,8534.031038473226,6,1504.9786376953125,10039.009676168538,"Aggressive trader saw BULLISH_SIGNAL with bullish_probability=0.62, confidence=0.62, probability_margin=0.32, trend_filter_passed=True, rule=neutral_hold, target_allocation=14.99%."
2024-12-30,2024-12-31,251.0684930674946,249.05946350097656,BULLISH_SIGNAL,0.6671426892280579,0.6671426892280579,True,0.039183289664132204,REDUCE,9787.491117783926,1,249.05946350097656,10036.550581284902,"Aggressive trader saw BULLISH_SIGNAL with bullish_probability=0.67, confidence=0.67, probability_margin=0.39, trend_filter_passed=True, rule=bullish_signal, target_allocation=3.92%."
2024-12-31,2025-01-02,247.57754859678104,242.52516174316406,BULLISH_SIGNAL,0.6282117366790771,0.6282117366790771,True,0.024671236124792106,HOLD,9787.491117783926,1,242.52516174316406,10030.01627952709,"Aggressive trader saw BULLISH_SIGNAL with bullish_probability=0.63, confidence=0.63, probability_margin=0.40, trend_filter_passed=True, rule=neutral_hold, target_allocation=2.47%."
2025-01-02,2025-01-03,242.03781127929688,242.03781127929688,NEUTRAL_SIGNAL,0.46911120414733887,0.14554771780967712,True,0.024132520379688827,HOLD,9787.491117783926,1,242.03781127929688,10029.528929063223,"Aggressive trader saw NEUTRAL_SIGNAL with bullish_probability=0.15, confidence=0.47, probability_margin=0.08, trend_filter_passed=True, rule=neutral_hold, target_allocation=2.41%."
2025-01-03,2025-01-06,242.9826459215422,243.6688995361328,BEARISH_SIGNAL,0.6239632368087769,0.18275631964206696,True,0.0,HOLD,9787.491117783926,1,243.6688995361328,10031.160017320059,"Aggressive trader saw BEARISH_SIGNAL with bullish_probability=0.18, confidence=0.62, probability_margin=0.43, trend_filter_passed=True, rule=bearish_exit, target_allocation=0.00%."
2025-01-06,2025-01-07,241.6598791297847,240.89407348632812,BEARISH_SIGNAL,0.7904451489448547,0.10281988233327866,True,0.0,HOLD,9787.491117783926,1,240.89407348632812,10028.385191270254,"Aggressive trader saw BEARISH_SIGNAL with bullish_probability=0.10, confidence=0.79, probability_margin=0.68, trend_filter_passed=True, rule=bearish_exit, target_allocation=0.00%."
2025-01-07,2025-01-08,240.6056476428208,241.38140869140625,BEARISH_SIGNAL,0.4587078094482422,0.14118711650371552,True,0.0,HOLD,9787.491117783926,1,241.38140869140625,10028.872526475332,"Aggressive trader saw BEARISH_SIGNAL with bullish_probability=0.14, confidence=0.46, probability_margin=0.06, trend_filter_passed=True, rule=bearish_exit, target_allocation=0.00%."
2025-01-08,2025-01-10,238.70602211575698,235.56320190429688,BEARISH_SIGNAL,0.6482943296432495,0.1687689572572708,True,0.0,HOLD,9787.491117783926,1,235.56320190429688,10023.054319688223,"Aggressive trader saw BEARISH_SIGNAL with bullish_probability=0.17, confidence=0.65, probability_margin=0.47, trend_filter_passed=True, rule=bearish_exit, target_allocation=0.00%."
2025-01-10,2025-01-13,232.26124214226888,233.1265106201172,NEUTRAL_SIGNAL,0.5598414540290833,0.09131265431642532,True,0.023180337577123483,HOLD,9787.491117783926,1,233.1265106201172,10020.617628404043,"Aggressive trader saw NEUTRAL_SIGNAL with bullish_probability=0.09, confidence=0.56, probability_margin=0.21, trend_filter_passed=True, rule=neutral_hold, target_allocation=2.32%."
2025-01-13,2025-01-14,233.47460320476435,232.01258850097656,BEARISH_SIGNAL,0.37790536880493164,0.27681320905685425,True,0.0,HOLD,9787.491117783926,1,232.01258850097656,10019.503706284902,"Aggressive trader saw BEARISH_SIGNAL with bullish_probability=0.28, confidence=0.38, probability_margin=0.03, trend_filter_passed=True, rule=bearish_exit, target_allocation=0.00%."
2025-01-14,2025-01-15,233.36518970349533,236.57763671875,NEUTRAL_SIGNAL,0.37498748302459717,0.29250967502593994,True,0.023287948908031805,HOLD,9787.491117783926,1,236.57763671875,10024.068754502676,"Aggressive trader saw NEUTRAL_SIGNAL with bullish_probability=0.29, confidence=0.37, probability_margin=0.04, trend_filter_passed=True, rule=neutral_hold, target_allocation=2.33%."
2025-01-15,2025-01-16,236.06047699847062,227.0198516845703,BEARISH_SIGNAL,0.43506601452827454,0.1822994500398636,True,0.0,HOLD,9787.491117783926,1,227.0198516845703,10014.510969468496,"Aggressive trader saw BEARISH_SIGNAL with bullish_probability=0.18, confidence=0.44, probability_margin=0.05, trend_filter_passed=True, rule=bearish_exit, target_allocation=0.00%."
2025-01-16,2025-01-17,230.85888730040747,228.7305145263672,BEARISH_SIGNAL,0.5701193809509277,0.2918402850627899,True,0.0,HOLD,9787.491117783926,1,228.7305145263672,10016.221632310293,"Aggressive trader saw BEARISH_SIGNAL with bullish_probability=0.29, confidence=0.57, probability_margin=0.28, trend_filter_passed=True, rule=bearish_exit, target_allocation=0.00%."
2025-01-17,2025-01-21,222.783001089375,221.43038940429688,NEUTRAL_SIGNAL,0.5273193120956421,0.24439547955989838,True,0.022255434610860603,HOLD,9787.491117783926,1,221.43038940429688,10008.921507188223,"Aggressive trader saw NEUTRAL_SIGNAL with bullish_probability=0.24, confidence=0.53, probability_margin=0.28, trend_filter_passed=True, rule=neutral_hold, target_allocation=2.23%."
2025-01-21,2025-01-22,218.59584816144178,222.61390686035156,NEUTRAL_SIGNAL,0.7972500920295715,0.1414768546819687,True,0.021846287055610154,HOLD,9787.491117783926,1,222.61390686035156,10010.105024644277,"Aggressive trader saw NEUTRAL_SIGNAL with bullish_probability=0.14, confidence=0.80, probability_margin=0.66, trend_filter_passed=True, rule=neutral_hold, target_allocation=2.18%."
2025-01-22,2025-01-23,223.51900422998196,222.4448699951172,NEUTRAL_SIGNAL,0.46520400047302246,0.09746553748846054,True,0.02232731777370502,HOLD,9787.491117783926,1,222.4448699951172,10009.935987779043,"Aggressive trader saw NEUTRAL_SIGNAL with bullish_probability=0.10, confidence=0.47, probability_margin=0.03, trend_filter_passed=True, rule=neutral_hold, target_allocation=2.23%."
2025-01-23,2025-01-24,223.5587751677507,221.56964111328125,BEARISH_SIGNAL,0.4528324007987976,0.1356949359178543,True,0.0,HOLD,9787.491117783926,1,221.56964111328125,10009.060758897207,"Aggressive trader saw BEARISH_SIGNAL with bullish_probability=0.14, confidence=0.45, probability_margin=0.04, trend_filter_passed=True, rule=bearish_exit, target_allocation=0.00%."
2025-01-24,2025-01-27,222.80287804759197,228.61114501953125,BEARISH_SIGNAL,0.3728446662425995,0.26508793234825134,True,0.0,HOLD,9787.491117783926,1,228.61114501953125,10016.102262803457,"Aggressive trader saw BEARISH_SIGNAL with bullish_probability=0.27, confidence=0.37, probability_margin=0.01, trend_filter_passed=True, rule=bearish_exit, target_allocation=0.00%."
2025-01-27,2025-01-28,229.5957855991,236.96551513671875,NEUTRAL_SIGNAL,0.38453900814056396,0.2948363125324249,True,0.022920414668815507,HOLD,9787.491117783926,1,236.96551513671875,10024.456632920645,"Aggressive trader saw NEUTRAL_SIGNAL with bullish_probability=0.29, confidence=0.38, probability_margin=0.06, trend_filter_passed=True, rule=neutral_hold, target_allocation=2.29%."
2025-01-28,2025-01-29,232.84801856891494,238.05955505371094,NEUTRAL_SIGNAL,0.5486511588096619,0.11792468279600143,True,0.023237538710058663,HOLD,9787.491117783926,1,238.05955505371094,10025.550672837637,"Aggressive trader saw NEUTRAL_SIGNAL with bullish_probability=0.12, confidence=0.55, probability_margin=0.22, trend_filter_passed=True, rule=neutral_hold, target_allocation=2.32%."
2025-01-29,2025-01-30,237.37329797187644,236.29916381835938,NEUTRAL_SIGNAL,0.42228299379348755,0.20286621153354645,True,0.02367845470296869,HOLD,9787.491117783926,1,236.29916381835938,10023.790281602285,"Aggressive trader saw NEUTRAL_SIGNAL with bullish_probability=0.20, confidence=0.42, probability_margin=0.05, trend_filter_passed=True, rule=neutral_hold, target_allocation=2.37%."
2025-01-30,2025-01-31,245.8470107317681,234.71780395507812,NEUTRAL_SIGNAL,0.531401515007019,0.1115645095705986,True,0.02450301261481936,HOLD,9787.491117783926,1,234.71780395507812,10022.208921739004,"Aggressive trader saw NEUTRAL_SIGNAL with bullish_probability=0.11, confidence=0.53, probability_margin=0.17, trend_filter_passed=True, rule=neutral_hold, target_allocation=2.45%."
2025-01-31,2025-02-03,228.7404632470789,226.77120971679688,BEARISH_SIGNAL,0.6460647583007812,0.23010244965553284,True,0.0,HOLD,9787.491117783926,1,226.77120971679688,10014.262327500723,"Aggressive trader saw BEARISH_SIGNAL with bullish_probability=0.23, confidence=0.65, probability_margin=0.42, trend_filter_passed=True, rule=bearish_exit, target_allocation=0.00%."
2025-02-03,2025-02-04,226.0153670030395,231.53521728515625,NEUTRAL_SIGNAL,0.5815895199775696,0.17456935346126556,True,0.022571051144413167,HOLD,9787.491117783926,1,231.53521728515625,10019.026335069082,"Aggressive trader saw NEUTRAL_SIGNAL with bullish_probability=0.17, confidence=0.58, probability_margin=0.34, trend_filter_passed=True, rule=neutral_hold, target_allocation=2.26%."
2025-02-04,2025-02-05,227.2883891710869,231.2069854736328,BEARISH_SIGNAL,0.6642129421234131,0.1695178598165512,True,0.0,HOLD,9787.491117783926,1,231.2069854736328,10018.698103257559,"Aggressive trader saw BEARISH_SIGNAL with bullish_probability=0.17, confidence=0.66, probability_margin=0.49, trend_filter_passed=True, rule=bearish_exit, target_allocation=0.00%."
2025-02-05,2025-02-06,230.03337408912944,231.95289611816406,BEARISH_SIGNAL,0.8255636096000671,0.08345044404268265,True,0.0,HOLD,9787.491117783926,1,231.95289611816406,10019.44401390209,"Aggressive trader saw BEARISH_SIGNAL with bullish_probability=0.08, confidence=0.83, probability_margin=0.73, trend_filter_passed=True, rule=bearish_exit, target_allocation=0.00%."
2025-02-06,2025-02-07,231.33627899238985,226.39328002929688,BEARISH_SIGNAL,0.7676459550857544,0.12963922321796417,True,0.0,HOLD,9787.491117783926,1,226.39328002929688,10013.884397813223,"Aggressive trader saw BEARISH_SIGNAL with bullish_probability=0.13, confidence=0.77, probability_margin=0.64, trend_filter_passed=True, rule=bearish_exit, target_allocation=0.00%."
2025-02-07,2025-02-10,228.57379092662126,226.662109375,BEARISH_SIGNAL,0.43537554144859314,0.1323091983795166,True,0.0,HOLD,9787.491117783926,1,226.662109375,10014.153227158926,"Aggressive trader saw BEARISH_SIGNAL with bullish_probability=0.13, confidence=0.44, probability_margin=0.00, trend_filter_passed=True, rule=bearish_exit, target_allocation=0.00%."
2025-02-10,2025-02-11,227.20971719471092,231.61053466796875,NEUTRAL_SIGNAL,0.4322989881038666,0.236770898103714,True,0.02268761902513642,HOLD,9787.491117783926,1,231.61053466796875,10019.101652451895,"Aggressive trader saw NEUTRAL_SIGNAL with bullish_probability=0.24, confidence=0.43, probability_margin=0.10, trend_filter_passed=True, rule=neutral_hold, target_allocation=2.27%."
2025-02-11,2025-02-12,230.19669384296432,235.8420867919922,BEARISH_SIGNAL,0.4974786937236786,0.4266336262226105,True,0.0,HOLD,9787.491117783926,1,235.8420867919922,10023.333204575918,"Aggressive trader saw BEARISH_SIGNAL with bullish_probability=0.43, confidence=0.50, probability_margin=0.07, trend_filter_passed=True, rule=bearish_exit, target_allocation=0.00%."
2025-02-12,2025-02-13,235.8819260401158,240.48187255859375,BEARISH_SIGNAL,0.6496396064758301,0.18651506304740906,True,0.0,HOLD,9787.491117783926,1,240.48187255859375,10027.97299034252,"Aggressive trader saw BEARISH_SIGNAL with bullish_probability=0.19, confidence=0.65, probability_margin=0.46, trend_filter_passed=True, rule=bearish_exit, target_allocation=0.00%."
2025-02-13,2025-02-14,240.2030902821229,243.53855895996094,NEUTRAL_SIGNAL,0.5669022798538208,0.122468501329422,True,0.023953970404174175,HOLD,9787.491117783926,1,243.53855895996094,10031.029676743887,"Aggressive trader saw NEUTRAL_SIGNAL with bullish_probability=0.12, confidence=0.57, probability_margin=0.26, trend_filter_passed=True, rule=neutral_hold, target_allocation=2.40%."
2025-02-14,2025-02-18,243.0905000064508,243.40911865234375,NEUTRAL_SIGNAL,0.589806854724884,0.11194464564323425,True,0.024234935646732805,HOLD,9787.491117783926,1,243.40911865234375,10030.90023643627,"Aggressive trader saw NEUTRAL_SIGNAL with bullish_probability=0.11, confidence=0.59, probability_margin=0.29, trend_filter_passed=True, rule=neutral_hold, target_allocation=2.42%."
2025-02-18,2025-02-19,243.59830810290342,243.80738830566406,BEARISH_SIGNAL,0.4931955337524414,0.11295732110738754,True,0.0,HOLD,9787.491117783926,1,243.80738830566406,10031.29850608959,"Aggressive trader saw BEARISH_SIGNAL with bullish_probability=0.11, confidence=0.49, probability_margin=0.10, trend_filter_passed=True, rule=bearish_exit, target_allocation=0.00%."
2025-02-19,2025-02-20,243.87709210808563,244.7632293701172,NEUTRAL_SIGNAL,0.5822980403900146,0.14133648574352264,True,0.024311448548723046,HOLD,9787.491117783926,1,244.7632293701172,10032.254347154043,"Aggressive trader saw NEUTRAL_SIGNAL with bullish_probability=0.14, confidence=0.58, probability_margin=0.31, trend_filter_passed=True, rule=neutral_hold, target_allocation=2.43%."
2025-02-20,2025-02-21,244.88267886995578,244.4844207763672,NEUTRAL_SIGNAL,0.5421298146247864,0.2084633857011795,True,0.024409245890701564,HOLD,9787.491117783926,1,244.4844207763672,10031.975538560293,"Aggressive trader saw NEUTRAL_SIGNAL with bullish_probability=0.21, confidence=0.54, probability_margin=0.29, trend_filter_passed=True, rule=neutral_hold, target_allocation=2.44%."
2025-02-21,2025-02-24,243.8670982314444,246.02769470214844,BULLISH_SIGNAL,0.6078665256500244,0.6078665256500244,True,0.024310476505773972,HOLD,9787.491117783926,1,246.02769470214844,10033.518812486074,"Aggressive trader saw BULLISH_SIGNAL with bullish_probability=0.61, confidence=0.61, probability_margin=0.37, trend_filter_passed=True, rule=neutral_hold, target_allocation=2.43%."
2025-02-24,2025-02-25,246.92379728169456,245.96795654296875,BULLISH_SIGNAL,0.6781792044639587,0.6781792044639587,True,0.06440961020333423,HOLD,9787.491117783926,1,245.96795654296875,10033.459074326895,"Aggressive trader saw BULLISH_SIGNAL with bullish_probability=0.68, confidence=0.68, probability_margin=0.47, trend_filter_passed=True, rule=bullish_signal, target_allocation=6.44%."
2025-02-25,2025-02-26,243.26972892021308,239.31695556640625,BULLISH_SIGNAL,0.5186601281166077,0.5186601281166077,True,0.02425237054676122,HOLD,9787.491117783926,1,239.31695556640625,10026.808073350332,"Aggressive trader saw BULLISH_SIGNAL with bullish_probability=0.52, confidence=0.52, probability_margin=0.21, trend_filter_passed=True, rule=neutral_hold, target_allocation=2.43%."
2025-02-26,2025-02-27,238.3710773588995,236.27023315429688,BEARISH_SIGNAL,0.8058706521987915,0.04713473841547966,True,0.0,HOLD,9787.491117783926,1,236.27023315429688,10023.761350938223,"Aggressive trader saw BEARISH_SIGNAL with bullish_probability=0.05, confidence=0.81, probability_margin=0.66, trend_filter_passed=True, rule=bearish_exit, target_allocation=0.00%."
2025-02-27,2025-02-28,235.92173324374943,240.79051208496094,BEARISH_SIGNAL,0.6910192370414734,0.07816430181264877,True,0.0,HOLD,9787.491117783926,1,240.79051208496094,10028.281629868887,"Aggressive trader saw BEARISH_SIGNAL with bullish_probability=0.08, confidence=0.69, probability_margin=0.46, trend_filter_passed=True, rule=bearish_exit, target_allocation=0.00%."
2025-02-28,2025-03-03,240.74073286620586,236.99705505371094,BEARISH_SIGNAL,0.6910365223884583,0.19126424193382263,True,0.0,HOLD,9787.491117783926,1,236.99705505371094,10024.488172837637,"Aggressive trader saw BEARISH_SIGNAL with bullish_probability=0.19, confidence=0.69, probability_margin=0.50, trend_filter_passed=True, rule=bearish_exit, target_allocation=0.00%."
2025-03-03,2025-03-04,236.6784633674393,234.9061737060547,BEARISH_SIGNAL,0.7170714139938354,0.14888069033622742,True,0.0,HOLD,9787.491117783926,1,234.9061737060547,10022.39729148998,"Aggressive trader saw BEARISH_SIGNAL with bullish_probability=0.15, confidence=0.72, probability_margin=0.57, trend_filter_passed=True, rule=bearish_exit, target_allocation=0.00%."
2025-03-04,2025-03-05,234.39839184729655,234.71701049804688,NEUTRAL_SIGNAL,0.4491084814071655,0.24432672560214996,True,0.023388642592999585,HOLD,9787.491117783926,1,234.71701049804688,10022.208128281973,"Aggressive trader saw NEUTRAL_SIGNAL with bullish_probability=0.24, confidence=0.45, probability_margin=0.14, trend_filter_passed=True, rule=neutral_hold, target_allocation=2.34%."
2025-03-05,2025-03-06,233.42265485870865,234.3087921142578,BEARISH_SIGNAL,0.8150263428688049,0.10447076708078384,True,0.0,HOLD,9787.491117783926,1,234.3087921142578,10021.799909898184,"Aggressive trader saw BEARISH_SIGNAL with bullish_probability=0.10, confidence=0.82, probability_margin=0.71, trend_filter_passed=True, rule=bearish_exit, target_allocation=0.00%."
2025-03-06,2025-03-07,234.08974000390756,238.03256225585938,BEARISH_SIGNAL,0.6800098419189453,0.13488838076591492,True,0.0,HOLD,9787.491117783926,1,238.03256225585938,10025.523680039785,"Aggressive trader saw BEARISH_SIGNAL with bullish_probability=0.13, confidence=0.68, probability_margin=0.49, trend_filter_passed=True, rule=bearish_exit, target_allocation=0.00%."
2025-03-07,2025-03-10,234.5178647329352,226.4928436279297,BEARISH_SIGNAL,0.43188604712486267,0.28924980759620667,True,0.0,HOLD,9787.491117783926,1,226.4928436279297,10013.983961411855,"Aggressive trader saw BEARISH_SIGNAL with bullish_probability=0.29, confidence=0.43, probability_margin=0.14, trend_filter_passed=True, rule=bearish_exit, target_allocation=0.00%."
2025-03-10,2025-03-11,222.8387656202518,219.88165283203125,BULLISH_SIGNAL,0.4806005656719208,0.4806005656719208,True,0.022260881331162663,HOLD,9787.491117783926,1,219.88165283203125,10007.372770615957,"Aggressive trader saw BULLISH_SIGNAL with bullish_probability=0.48, confidence=0.48, probability_margin=0.13, trend_filter_passed=True, rule=neutral_hold, target_allocation=2.23%."
2025-03-11,2025-03-12,219.18471261137486,216.03842163085938,BEARISH_SIGNAL,0.460529625415802,0.3435248136520386,True,0.0,HOLD,9787.491117783926,1,216.03842163085938,10003.529539414785,"Aggressive trader saw BEARISH_SIGNAL with bullish_probability=0.34, confidence=0.46, probability_margin=0.12, trend_filter_passed=True, rule=bearish_exit, target_allocation=0.00%."
2025-03-12,2025-03-13,215.01286026738592,208.7700653076172,BULLISH_SIGNAL,0.3950195014476776,0.3950195014476776,True,0.02149590349968296,HOLD,9787.491117783926,1,208.7700653076172,9996.261183091543,"Aggressive trader saw BULLISH_SIGNAL with bullish_probability=0.40, confidence=0.40, probability_margin=0.01, trend_filter_passed=True, rule=neutral_hold, target_allocation=2.15%."
2025-03-13,2025-03-14,210.3332680009786,212.5635528564453,BULLISH_SIGNAL,0.4912710189819336,0.4912710189819336,True,0.02103790383636208,HOLD,9787.491117783926,1,212.5635528564453,10000.054670640371,"Aggressive trader saw BULLISH_SIGNAL with bullish_probability=0.49, confidence=0.49, probability_margin=0.09, trend_filter_passed=True, rule=neutral_hold, target_allocation=2.10%."
2025-03-14,2025-03-17,212.3843419118567,213.07135009765625,BULLISH_SIGNAL,0.4556606709957123,0.4556606709957123,True,0.02123869869858538,HOLD,9787.491117783926,1,213.07135009765625,10000.562467881582,"Aggressive trader saw BULLISH_SIGNAL with bullish_probability=0.46, confidence=0.46, probability_margin=0.18, trend_filter_passed=True, rule=neutral_hold, target_allocation=2.12%."
2025-03-17,2025-03-18,213.23066628615402,211.7670440673828,BULLISH_SIGNAL,0.6502096056938171,0.6502096056938171,True,0.0004790987287248377,HOLD,9787.491117783926,1,211.7670440673828,9999.258161851309,"Aggressive trader saw BULLISH_SIGNAL with bullish_probability=0.65, confidence=0.65, probability_margin=0.46, trend_filter_passed=True, rule=bullish_signal, target_allocation=0.05%."
2025-03-18,2025-03-19,213.29037609854922,214.3059539794922,BULLISH_SIGNAL,0.5011452436447144,0.5011452436447144,True,0.021327370888867027,HOLD,9787.491117783926,1,214.3059539794922,10001.797071763418,"Aggressive trader saw BULLISH_SIGNAL with bullish_probability=0.50, confidence=0.50, probability_margin=0.23, trend_filter_passed=True, rule=neutral_hold, target_allocation=2.13%."
2025-03-19,2025-03-20,213.0613904363763,213.17091369628906,BULLISH_SIGNAL,0.4446813762187958,0.4446813762187958,True,0.021304961926977842,HOLD,9787.491117783926,1,213.17091369628906,10000.662031480215,"Aggressive trader saw BULLISH_SIGNAL with bullish_probability=0.44, confidence=0.44, probability_margin=0.15, trend_filter_passed=True, rule=neutral_hold, target_allocation=2.13%."
2025-03-20,2025-03-21,210.64192650603025,217.32281494140625,BEARISH_SIGNAL,0.4323805570602417,0.3551206588745117,True,0.0,HOLD,9787.491117783926,1,217.32281494140625,10004.813932725332,"Aggressive trader saw BEARISH_SIGNAL with bullish_probability=0.36, confidence=0.43, probability_margin=0.08, trend_filter_passed=True, rule=bearish_exit, target_allocation=0.00%."
2025-03-21,2025-03-24,220.04097309502072,219.7721405029297,BEARISH_SIGNAL,0.41463109850883484,0.4059680998325348,True,0.0,HOLD,9787.491117783926,1,219.7721405029297,10007.263258286855,"Aggressive trader saw BEARISH_SIGNAL with bullish_probability=0.41, confidence=0.41, probability_margin=0.01, trend_filter_passed=True, rule=bearish_exit, target_allocation=0.00%."
2025-03-24,2025-03-25,219.81195837594151,222.77902221679688,NEUTRAL_SIGNAL,0.4811764657497406,0.22156865894794464,True,0.021965154517963357,HOLD,9787.491117783926,1,222.77902221679688,10010.270140000723,"Aggressive trader saw NEUTRAL_SIGNAL with bullish_probability=0.22, confidence=0.48, probability_margin=0.18, trend_filter_passed=True, rule=neutral_hold, target_allocation=2.20%."
2025-03-25,2025-03-26,222.5400680439697,220.56866455078125,BEARISH_SIGNAL,0.4891192317008972,0.17620491981506348,True,0.0,HOLD,9787.491117783926,1,220.56866455078125,10008.059782334707,"Aggressive trader saw BEARISH_SIGNAL with bullish_probability=0.18, confidence=0.49, probability_margin=0.15, trend_filter_passed=True, rule=bearish_exit, target_allocation=0.00%."
2025-03-26,2025-03-27,220.42928473771144,222.8786163330078,BEARISH_SIGNAL,0.505150318145752,0.21247521042823792,True,0.0,HOLD,9787.491117783926,1,222.8786163330078,10010.369734116934,"Aggressive trader saw BEARISH_SIGNAL with bullish_probability=0.21, confidence=0.51, probability_margin=0.22, trend_filter_passed=True, rule=bearish_exit, target_allocation=0.00%."
2025-03-27,2025-03-28,220.7080664246457,216.9544219970703,BEARISH_SIGNAL,0.6942496299743652,0.19020164012908936,True,0.0,HOLD,9787.491117783926,1,216.9544219970703,10004.445539780996,"Aggressive trader saw BEARISH_SIGNAL with bullish_probability=0.19, confidence=0.69, probability_margin=0.50, trend_filter_passed=True, rule=bearish_exit, target_allocation=0.00%."
2025-03-28,2025-03-31,216.0682695484103,221.1660614013672,BEARISH_SIGNAL,0.3466956317424774,0.32863649725914,True,0.0,HOLD,9787.491117783926,1,221.1660614013672,10008.657179185293,"Aggressive trader saw BEARISH_SIGNAL with bullish_probability=0.33, confidence=0.35, probability_margin=0.02, trend_filter_passed=True, rule=bearish_exit, target_allocation=0.00%."
2025-03-31,2025-04-01,218.85614379144315,222.2214813232422,BEARISH_SIGNAL,0.7540243864059448,0.1675301045179367,True,0.0,HOLD,9787.491117783926,1,222.2214813232422,10009.712599107168,"Aggressive trader saw BEARISH_SIGNAL with bullish_probability=0.17, confidence=0.75, probability_margin=0.59, trend_filter_passed=True, rule=bearish_exit, target_allocation=0.00%."
2025-04-01,2025-04-02,220.3595869543347,222.91842651367188,BEARISH_SIGNAL,0.691224992275238,0.1487601399421692,True,0.0,HOLD,9787.491117783926,1,222.91842651367188,10010.409544297598,"Aggressive trader saw BEARISH_SIGNAL with bullish_probability=0.15, confidence=0.69, probability_margin=0.53, trend_filter_passed=True, rule=bearish_exit, target_allocation=0.00%."
2025-04-02,2025-04-03,204.64803566499702,202.30824279785156,BEARISH_SIGNAL,0.7805002927780151,0.15236620604991913,True,0.0,HOLD,9787.491117783926,1,202.30824279785156,9989.799360581777,"Aggressive trader saw BEARISH_SIGNAL with bullish_probability=0.15, confidence=0.78, probability_margin=0.63, trend_filter_passed=True, rule=bearish_exit, target_allocation=0.00%."
2025-04-03,2025-04-04,193.0486144227304,187.56253051757812,BULLISH_SIGNAL,0.5069546699523926,0.5069546699523926,True,0.019342502470059114,HOLD,9787.491117783926,1,187.56253051757812,9975.053648301504,"Aggressive trader saw BULLISH_SIGNAL with bullish_probability=0.51, confidence=0.51, probability_margin=0.26, trend_filter_passed=True, rule=neutral_hold, target_allocation=1.93%."
2025-04-04,2025-04-07,176.43103817745248,180.6725616455078,BULLISH_SIGNAL,0.6299747228622437,0.6299747228622437,True,0.017706986808592683,HOLD,9787.491117783926,1,180.6725616455078,9968.163679429434,"Aggressive trader saw BULLISH_SIGNAL with bullish_probability=0.63, confidence=0.63, probability_margin=0.31, trend_filter_passed=True, rule=neutral_hold, target_allocation=1.77%."
2025-04-07,2025-04-08,185.88979780340043,171.67176818847656,BULLISH_SIGNAL,0.7947949171066284,0.7947949171066284,True,0.3309598105294364,BUY,6808.791510663856,17,2918.4200592041016,9727.211569867957,"Aggressive trader saw BULLISH_SIGNAL with bullish_probability=0.79, confidence=0.79, probability_margin=0.66, trend_filter_passed=True, rule=bullish_signal, target_allocation=33.10%."
2025-04-08,2025-04-09,171.20381523449285,197.98709106445312,BULLISH_SIGNAL,0.9459123611450195,0.9459123611450195,True,0.6763711111886161,BUY,3208.1166729195593,38,7523.509460449219,10731.626133368778,"Aggressive trader saw BULLISH_SIGNAL with bullish_probability=0.95, confidence=0.95, probability_margin=0.91, trend_filter_passed=True, rule=bullish_signal, target_allocation=67.64%."
2025-04-09,2025-04-10,188.24952597387417,189.59365844726562,BULLISH_SIGNAL,0.47776100039482117,0.47776100039482117,True,0.6903840055756194,HOLD,3208.1166729195593,38,7204.559020996094,10412.675693915653,"Aggressive trader saw BULLISH_SIGNAL with bullish_probability=0.48, confidence=0.48, probability_margin=0.09, trend_filter_passed=True, rule=neutral_hold, target_allocation=69.04%."
2025-04-10,2025-04-11,185.29243322025624,197.29013061523438,BULLISH_SIGNAL,0.5211195349693298,0.5211195349693298,True,0.6869894671518624,HOLD,3208.1166729195593,38,7497.024963378906,10705.141636298466,"Aggressive trader saw BULLISH_SIGNAL with bullish_probability=0.52, confidence=0.52, probability_margin=0.25, trend_filter_passed=True, rule=neutral_hold, target_allocation=68.70%."
2025-04-11,2025-04-14,210.52246440005902,201.64117431640625,BEARISH_SIGNAL,0.7726266980171204,0.11011409759521484,True,0.0,EXIT TO CASH,11195.974539577823,0,0.0,11195.974539577823,"Aggressive trader saw BEARISH_SIGNAL with bullish_probability=0.11, confidence=0.77, probability_margin=0.66, trend_filter_passed=True, rule=bearish_exit, target_allocation=0.00%."
2025-04-14,2025-04-15,200.98401841430368,201.26280212402344,BEARISH_SIGNAL,0.7793453335762024,0.0855058953166008,True,0.0,HOLD,11195.974539577823,0,0.0,11195.974539577823,"Aggressive trader saw BEARISH_SIGNAL with bullish_probability=0.09, confidence=0.78, probability_margin=0.64, trend_filter_passed=True, rule=bearish_exit, target_allocation=0.00%."
2025-04-15,2025-04-16,197.49920369317184,193.4269561767578,BEARISH_SIGNAL,0.5961558818817139,0.05718807503581047,True,0.0,HOLD,11195.974539577823,0,0.0,11195.974539577823,"Aggressive trader saw BEARISH_SIGNAL with bullish_probability=0.06, confidence=0.60, probability_margin=0.25, trend_filter_passed=True, rule=bearish_exit, target_allocation=0.00%."
2025-04-16,2025-04-17,196.34426016251078,196.12521362304688,BEARISH_SIGNAL,0.6096687316894531,0.22349654138088226,True,0.0,HOLD,11195.974539577823,0,0.0,11195.974539577823,"Aggressive trader saw BEARISH_SIGNAL with bullish_probability=0.22, confidence=0.61, probability_margin=0.39, trend_filter_passed=True, rule=bearish_exit, target_allocation=0.00%."
2025-04-17,2025-04-21,192.43131586910098,192.32179260253906,BEARISH_SIGNAL,0.6759605407714844,0.1604127138853073,True,0.0,HOLD,11195.974539577823,0,0.0,11195.974539577823,"Aggressive trader saw BEARISH_SIGNAL with bullish_probability=0.16, confidence=0.68, probability_margin=0.51, trend_filter_passed=True, rule=bearish_exit, target_allocation=0.00%."
2025-04-21,2025-04-22,195.26894368988752,198.8732452392578,BEARISH_SIGNAL,0.6385887861251831,0.12829546630382538,True,0.0,HOLD,11195.974539577823,0,0.0,11195.974539577823,"Aggressive trader saw BEARISH_SIGNAL with bullish_probability=0.13, confidence=0.64, probability_margin=0.41, trend_filter_passed=True, rule=bearish_exit, target_allocation=0.00%."
2025-04-22,2025-04-23,205.10606155750318,203.71214294433594,BEARISH_SIGNAL,0.681076169013977,0.21493282914161682,True,0.0,HOLD,11195.974539577823,0,0.0,11195.974539577823,"Aggressive trader saw BEARISH_SIGNAL with bullish_probability=0.21, confidence=0.68, probability_margin=0.47, trend_filter_passed=True, rule=bearish_exit, target_allocation=0.00%."
2025-04-23,2025-04-24,204.00088023313933,207.4657745361328,BEARISH_SIGNAL,0.5572434663772583,0.20073376595973969,True,0.0,HOLD,11195.974539577823,0,0.0,11195.974539577823,"Aggressive trader saw BEARISH_SIGNAL with bullish_probability=0.20, confidence=0.56, probability_margin=0.32, trend_filter_passed=True, rule=bearish_exit, target_allocation=0.00%."
2025-04-24,2025-04-25,205.47445049920006,208.371826171875,BEARISH_SIGNAL,0.43309372663497925,0.1597658395767212,True,0.0,HOLD,11195.974539577823,0,0.0,11195.974539577823,"Aggressive trader saw BEARISH_SIGNAL with bullish_probability=0.16, confidence=0.43, probability_margin=0.03, trend_filter_passed=True, rule=bearish_exit, target_allocation=0.00%."
2025-04-25,2025-04-28,209.088696522261,209.22808837890625,NEUTRAL_SIGNAL,0.4052158296108246,0.24569690227508545,True,0.0,HOLD,11195.974539577823,0,0.0,11195.974539577823,"Aggressive trader saw NEUTRAL_SIGNAL with bullish_probability=0.25, confidence=0.41, probability_margin=0.06, trend_filter_passed=True, rule=neutral_hold, target_allocation=0.00%."
2025-04-28,2025-04-29,207.78438836336602,210.29345703125,BEARISH_SIGNAL,0.5393240451812744,0.1496199071407318,True,0.0,HOLD,11195.974539577823,0,0.0,11195.974539577823,"Aggressive trader saw BEARISH_SIGNAL with bullish_probability=0.15, confidence=0.54, probability_margin=0.23, trend_filter_passed=True, rule=bearish_exit, target_allocation=0.00%."
2025-04-29,2025-04-30,208.39175489829196,211.57786560058594,BEARISH_SIGNAL,0.6283222436904907,0.21255595982074738,True,0.0,HOLD,11195.974539577823,0,0.0,11195.974539577823,"Aggressive trader saw BEARISH_SIGNAL with bullish_probability=0.21, confidence=0.63, probability_margin=0.42, trend_filter_passed=True, rule=bearish_exit, target_allocation=0.00%."
2025-04-30,2025-05-01,208.17271138967982,212.39431762695312,BEARISH_SIGNAL,0.6269590854644775,0.231484517455101,True,0.0,HOLD,11195.974539577823,0,0.0,11195.974539577823,"Aggressive trader saw BEARISH_SIGNAL with bullish_probability=0.23, confidence=0.63, probability_margin=0.40, trend_filter_passed=True, rule=bearish_exit, target_allocation=0.00%."
2025-05-01,2025-05-02,205.19567188008233,204.45889282226562,BEARISH_SIGNAL,0.5264769792556763,0.29629236459732056,True,0.0,HOLD,11195.974539577823,0,0.0,11195.974539577823,"Aggressive trader saw BEARISH_SIGNAL with bullish_probability=0.30, confidence=0.53, probability_margin=0.23, trend_filter_passed=True, rule=bearish_exit, target_allocation=0.00%."
2025-05-02,2025-05-05,202.21865389928206,198.02691650390625,BEARISH_SIGNAL,0.5627119541168213,0.25196194648742676,True,0.0,HOLD,11195.974539577823,0,0.0,11195.974539577823,"Aggressive trader saw BEARISH_SIGNAL with bullish_probability=0.25, confidence=0.56, probability_margin=0.31, trend_filter_passed=True, rule=bearish_exit, target_allocation=0.00%."
2025-05-05,2025-05-06,197.3498735756035,197.6485595703125,BEARISH_SIGNAL,0.40551498532295227,0.31793132424354553,True,0.0,HOLD,11195.974539577823,0,0.0,11195.974539577823,"Aggressive trader saw BEARISH_SIGNAL with bullish_probability=0.32, confidence=0.41, probability_margin=0.09, trend_filter_passed=True, rule=bearish_exit, target_allocation=0.00%."
2025-05-06,2025-05-07,198.30568786560423,195.3983612060547,NEUTRAL_SIGNAL,0.61374431848526,0.1523982137441635,True,0.0,HOLD,11195.974539577823,0,0.0,11195.974539577823,"Aggressive trader saw NEUTRAL_SIGNAL with bullish_probability=0.15, confidence=0.61, probability_margin=0.38, trend_filter_passed=True, rule=neutral_hold, target_allocation=0.00%."
2025-05-07,2025-05-08,196.8619779876493,196.6329803466797,NEUTRAL_SIGNAL,0.4720483422279358,0.2080707997083664,True,0.0,HOLD,11195.974539577823,0,0.0,11195.974539577823,"Aggressive trader saw NEUTRAL_SIGNAL with bullish_probability=0.21, confidence=0.47, probability_margin=0.15, trend_filter_passed=True, rule=neutral_hold, target_allocation=0.00%."
2025-05-08,2025-05-09,198.13644922219603,197.66848754882812,NEUTRAL_SIGNAL,0.39032918214797974,0.2731592357158661,True,0.0,HOLD,11195.974539577823,0,0.0,11195.974539577823,"Aggressive trader saw NEUTRAL_SIGNAL with bullish_probability=0.27, confidence=0.39, probability_margin=0.05, trend_filter_passed=True, rule=neutral_hold, target_allocation=0.00%."
2025-05-09,2025-05-12,210.32994399020487,210.15048217773438,BEARISH_SIGNAL,0.45852130651474,0.1053241491317749,True,0.0,HOLD,11195.974539577823,0,0.0,11195.974539577823,"Aggressive trader saw BEARISH_SIGNAL with bullish_probability=0.11, confidence=0.46, probability_margin=0.02, trend_filter_passed=True, rule=bearish_exit, target_allocation=0.00%."
2025-05-12,2025-05-13,209.79158118866218,212.28399658203125,NEUTRAL_SIGNAL,0.5136424899101257,0.23299649357795715,True,0.0,HOLD,11195.974539577823,0,0.0,11195.974539577823,"Aggressive trader saw NEUTRAL_SIGNAL with bullish_probability=0.23, confidence=0.51, probability_margin=0.26, trend_filter_passed=True, rule=neutral_hold, target_allocation=0.00%."
2025-05-13,2025-05-14,211.78550901932945,211.68582153320312,NEUTRAL_SIGNAL,0.8142361640930176,0.0663309395313263,True,0.0,HOLD,11195.974539577823,0,0.0,11195.974539577823,"Aggressive trader saw NEUTRAL_SIGNAL with bullish_probability=0.07, confidence=0.81, probability_margin=0.69, trend_filter_passed=True, rule=neutral_hold, target_allocation=0.00%."
2025-05-14,2025-05-15,210.31000386923802,210.80848693847656,NEUTRAL_SIGNAL,0.8425757884979248,0.04701142758131027,True,0.0,HOLD,11195.974539577823,0,0.0,11195.974539577823,"Aggressive trader saw NEUTRAL_SIGNAL with bullish_probability=0.05, confidence=0.84, probability_margin=0.73, trend_filter_passed=True, rule=neutral_hold, target_allocation=0.00%."
2025-05-15,2025-05-16,211.71573318604425,210.6190643310547,BEARISH_SIGNAL,0.6177902817726135,0.027402279898524284,True,0.0,HOLD,11195.974539577823,0,0.0,11195.974539577823,"Aggressive trader saw BEARISH_SIGNAL with bullish_probability=0.03, confidence=0.62, probability_margin=0.26, trend_filter_passed=True, rule=bearish_exit, target_allocation=0.00%."
2025-05-16,2025-05-19,207.27922031045682,208.14657592773438,BEARISH_SIGNAL,0.5190487504005432,0.03230566531419754,True,0.0,HOLD,11195.974539577823,0,0.0,11195.974539577823,"Aggressive trader saw BEARISH_SIGNAL with bullish_probability=0.03, confidence=0.52, probability_margin=0.07, trend_filter_passed=True, rule=bearish_exit, target_allocation=0.00%."
2025-05-19,2025-05-20,207.03996203611737,206.232421875,BEARISH_SIGNAL,0.7568243145942688,0.12437954545021057,True,0.0,HOLD,11195.974539577823,0,0.0,11195.974539577823,"Aggressive trader saw BEARISH_SIGNAL with bullish_probability=0.12, confidence=0.76, probability_margin=0.63, trend_filter_passed=True, rule=bearish_exit, target_allocation=0.00%."
2025-05-20,2025-05-21,204.5475404614086,201.4768829345703,BEARISH_SIGNAL,0.7369546294212341,0.11301442980766296,True,0.0,HOLD,11195.974539577823,0,0.0,11195.974539577823,"Aggressive trader saw BEARISH_SIGNAL with bullish_probability=0.11, confidence=0.74, probability_margin=0.59, trend_filter_passed=True, rule=bearish_exit, target_allocation=0.00%."
2025-05-21,2025-05-22,200.1010778345708,200.7490997314453,BEARISH_SIGNAL,0.40062621235847473,0.20134690403938293,True,0.0,HOLD,11195.974539577823,0,0.0,11195.974539577823,"Aggressive trader saw BEARISH_SIGNAL with bullish_probability=0.20, confidence=0.40, probability_margin=0.00, trend_filter_passed=True, rule=bearish_exit, target_allocation=0.00%."
2025-05-22,2025-05-23,193.0824298832746,194.67758178710938,BEARISH_SIGNAL,0.660165011882782,0.04533233121037483,True,0.0,HOLD,11195.974539577823,0,0.0,11195.974539577823,"Aggressive trader saw BEARISH_SIGNAL with bullish_probability=0.05, confidence=0.66, probability_margin=0.37, trend_filter_passed=True, rule=bearish_exit, target_allocation=0.00%."
2025-05-23,2025-05-27,197.6983910952664,199.60260009765625,NEUTRAL_SIGNAL,0.8360989093780518,0.07471035420894623,True,0.0,HOLD,11195.974539577823,0,0.0,11195.974539577823,"Aggressive trader saw NEUTRAL_SIGNAL with bullish_probability=0.07, confidence=0.84, probability_margin=0.75, trend_filter_passed=True, rule=neutral_hold, target_allocation=0.00%."
2025-05-27,2025-05-28,199.98143310081724,199.81195068359375,NEUTRAL_SIGNAL,0.4834900200366974,0.08110117167234421,True,0.0,HOLD,11195.974539577823,0,0.0,11195.974539577823,"Aggressive trader saw NEUTRAL_SIGNAL with bullish_probability=0.08, confidence=0.48, probability_margin=0.05, trend_filter_passed=True, rule=neutral_hold, target_allocation=0.00%."
2025-05-28,2025-05-29,202.9623758748587,199.3433837890625,BEARISH_SIGNAL,0.565802276134491,0.08342879265546799,True,0.0,HOLD,11195.974539577823,0,0.0,11195.974539577823,"Aggressive trader saw BEARISH_SIGNAL with bullish_probability=0.08, confidence=0.57, probability_margin=0.22, trend_filter_passed=True, rule=bearish_exit, target_allocation=0.00%."
2025-05-29,2025-05-30,198.7651407343476,200.24066162109375,BEARISH_SIGNAL,0.501757800579071,0.08617042005062103,True,0.0,HOLD,11195.974539577823,0,0.0,11195.974539577823,"Aggressive trader saw BEARISH_SIGNAL with bullish_probability=0.09, confidence=0.50, probability_margin=0.09, trend_filter_passed=True, rule=bearish_exit, target_allocation=0.00%."
2025-05-30,2025-06-02,199.67238359256916,201.08807373046875,BEARISH_SIGNAL,0.5739660263061523,0.0456344373524189,True,0.0,HOLD,11195.974539577823,0,0.0,11195.974539577823,"Aggressive trader saw BEARISH_SIGNAL with bullish_probability=0.05, confidence=0.57, probability_margin=0.19, trend_filter_passed=True, rule=bearish_exit, target_allocation=0.00%."
2025-06-02,2025-06-03,200.73913195165156,202.65330505371094,BEARISH_SIGNAL,0.6917923092842102,0.03079192340373993,True,0.0,HOLD,11195.974539577823,0,0.0,11195.974539577823,"Aggressive trader saw BEARISH_SIGNAL with bullish_probability=0.03, confidence=0.69, probability_margin=0.41, trend_filter_passed=True, rule=bearish_exit, target_allocation=0.00%."
2025-06-03,2025-06-04,202.29440469878628,202.20468139648438,BEARISH_SIGNAL,0.8899101614952087,0.0324811190366745,True,0.0,HOLD,11195.974539577823,0,0.0,11195.974539577823,"Aggressive trader saw BEARISH_SIGNAL with bullish_probability=0.03, confidence=0.89, probability_margin=0.81, trend_filter_passed=True, rule=bearish_exit, target_allocation=0.00%."
2025-06-04,2025-06-05,202.88261988754903,200.02133178710938,BEARISH_SIGNAL,0.8683563470840454,0.04341890290379524,True,0.0,HOLD,11195.974539577823,0,0.0,11195.974539577823,"Aggressive trader saw BEARISH_SIGNAL with bullish_probability=0.04, confidence=0.87, probability_margin=0.78, trend_filter_passed=True, rule=bearish_exit, target_allocation=0.00%."
2025-06-05,2025-06-06,202.3841235560851,203.30133056640625,BEARISH_SIGNAL,0.7956128716468811,0.059924524277448654,True,0.0,HOLD,11195.974539577823,0,0.0,11195.974539577823,"Aggressive trader saw BEARISH_SIGNAL with bullish_probability=0.06, confidence=0.80, probability_margin=0.65, trend_filter_passed=True, rule=bearish_exit, target_allocation=0.00%."
2025-06-06,2025-06-09,203.76991971327615,200.83883666992188,BEARISH_SIGNAL,0.7488890886306763,0.08741986751556396,True,0.0,HOLD,11195.974539577823,0,0.0,11195.974539577823,"Aggressive trader saw BEARISH_SIGNAL with bullish_probability=0.09, confidence=0.75, probability_margin=0.59, trend_filter_passed=True, rule=bearish_exit, target_allocation=0.00%."
2025-06-09,2025-06-10,199.9914028593682,202.05511474609375,BEARISH_SIGNAL,0.9055767059326172,0.03269842267036438,True,0.0,HOLD,11195.974539577823,0,0.0,11195.974539577823,"Aggressive trader saw BEARISH_SIGNAL with bullish_probability=0.03, confidence=0.91, probability_margin=0.84, trend_filter_passed=True, rule=bearish_exit, target_allocation=0.00%."
2025-06-10,2025-06-11,202.88260699920767,198.1769256591797,BEARISH_SIGNAL,0.9343947172164917,0.015750281512737274,True,0.0,HOLD,11195.974539577823,0,0.0,11195.974539577823,"Aggressive trader saw BEARISH_SIGNAL with bullish_probability=0.02, confidence=0.93, probability_margin=0.88, trend_filter_passed=True, rule=bearish_exit, target_allocation=0.00%."
2025-06-11,2025-06-12,198.47602627663701,198.5956573486328,NEUTRAL_SIGNAL,0.6103183031082153,0.06405669450759888,True,0.0,HOLD,11195.974539577823,0,0.0,11195.974539577823,"Aggressive trader saw NEUTRAL_SIGNAL with bullish_probability=0.06, confidence=0.61, probability_margin=0.28, trend_filter_passed=True, rule=neutral_hold, target_allocation=0.00%."
2025-06-12,2025-06-13,199.12403626091725,195.85398864746094,BEARISH_SIGNAL,0.5966582298278809,0.033352602273225784,True,0.0,HOLD,11195.974539577823,0,0.0,11195.974539577823,"Aggressive trader saw BEARISH_SIGNAL with bullish_probability=0.03, confidence=0.60, probability_margin=0.23, trend_filter_passed=True, rule=bearish_exit, target_allocation=0.00%."
2025-06-13,2025-06-16,196.701426450214,197.81802368164062,NEUTRAL_SIGNAL,0.7811641693115234,0.10482775419950485,True,0.0,HOLD,11195.974539577823,0,0.0,11195.974539577823,"Aggressive trader saw NEUTRAL_SIGNAL with bullish_probability=0.10, confidence=0.78, probability_margin=0.67, trend_filter_passed=True, rule=neutral_hold, target_allocation=0.00%."
2025-06-16,2025-06-17,196.60172782081946,195.0464630126953,NEUTRAL_SIGNAL,0.6109068393707275,0.062433406710624695,True,0.0,HOLD,11195.974539577823,0,0.0,11195.974539577823,"Aggressive trader saw NEUTRAL_SIGNAL with bullish_probability=0.06, confidence=0.61, probability_margin=0.28, trend_filter_passed=True, rule=neutral_hold, target_allocation=0.00%."
2025-06-17,2025-06-18,195.34553910938874,195.9835968017578,NEUTRAL_SIGNAL,0.6910650730133057,0.042407456785440445,True,0.0,HOLD,11195.974539577823,0,0.0,11195.974539577823,"Aggressive trader saw NEUTRAL_SIGNAL with bullish_probability=0.04, confidence=0.69, probability_margin=0.42, trend_filter_passed=True, rule=neutral_hold, target_allocation=0.00%."
2025-06-18,2025-06-20,197.63857663438114,200.39019775390625,NEUTRAL_SIGNAL,0.6802409887313843,0.026743773370981216,True,0.0,HOLD,11195.974539577823,0,0.0,11195.974539577823,"Aggressive trader saw NEUTRAL_SIGNAL with bullish_probability=0.03, confidence=0.68, probability_margin=0.39, trend_filter_passed=True, rule=neutral_hold, target_allocation=0.00%."
2025-06-20,2025-06-23,201.01828233775666,200.888671875,BEARISH_SIGNAL,0.47538480162620544,0.3085680603981018,True,0.0,HOLD,11195.974539577823,0,0.0,11195.974539577823,"Aggressive trader saw BEARISH_SIGNAL with bullish_probability=0.31, confidence=0.48, probability_margin=0.17, trend_filter_passed=True, rule=bearish_exit, target_allocation=0.00%."
2025-06-23,2025-06-24,201.9753521214132,199.6923065185547,BEARISH_SIGNAL,0.6867294311523438,0.05976882949471474,True,0.0,HOLD,11195.974539577823,0,0.0,11195.974539577823,"Aggressive trader saw BEARISH_SIGNAL with bullish_probability=0.06, confidence=0.69, probability_margin=0.43, trend_filter_passed=True, rule=bearish_exit, target_allocation=0.00%."
2025-06-24,2025-06-25,200.83883469818846,200.94850158691406,BEARISH_SIGNAL,0.6837592124938965,0.13612252473831177,True,0.0,HOLD,11195.974539577823,0,0.0,11195.974539577823,"Aggressive trader saw BEARISH_SIGNAL with bullish_probability=0.14, confidence=0.68, probability_margin=0.50, trend_filter_passed=True, rule=bearish_exit, target_allocation=0.00%."
2025-06-25,2025-06-26,200.81888589983927,200.39019775390625,BEARISH_SIGNAL,0.724843442440033,0.10845480859279633,True,0.0,HOLD,11195.974539577823,0,0.0,11195.974539577823,"Aggressive trader saw BEARISH_SIGNAL with bullish_probability=0.11, confidence=0.72, probability_margin=0.56, trend_filter_passed=True, rule=bearish_exit, target_allocation=0.00%."
2025-06-26,2025-06-27,201.2774955925489,200.46995544433594,BEARISH_SIGNAL,0.7215831875801086,0.15566232800483704,True,0.0,HOLD,11195.974539577823,0,0.0,11195.974539577823,"Aggressive trader saw BEARISH_SIGNAL with bullish_probability=0.16, confidence=0.72, probability_margin=0.57, trend_filter_passed=True, rule=bearish_exit, target_allocation=0.00%."
2025-06-27,2025-06-30,201.39711462840114,204.5475311279297,BEARISH_SIGNAL,0.7913515567779541,0.10202101618051529,True,0.0,HOLD,11195.974539577823,0,0.0,11195.974539577823,"Aggressive trader saw BEARISH_SIGNAL with bullish_probability=0.10, confidence=0.79, probability_margin=0.68, trend_filter_passed=True, rule=bearish_exit, target_allocation=0.00%."
2025-06-30,2025-07-01,206.04297877714563,207.1894989013672,BEARISH_SIGNAL,0.6338539719581604,0.06068437919020653,True,0.0,HOLD,11195.974539577823,0,0.0,11195.974539577823,"Aggressive trader saw BEARISH_SIGNAL with bullish_probability=0.06, confidence=0.63, probability_margin=0.33, trend_filter_passed=True, rule=bearish_exit, target_allocation=0.00%."
2025-07-01,2025-07-02,208.2761972389462,211.7954864501953,NEUTRAL_SIGNAL,0.5308729410171509,0.09772872179746628,True,0.0,HOLD,11195.974539577823,0,0.0,11195.974539577823,"Aggressive trader saw NEUTRAL_SIGNAL with bullish_probability=0.10, confidence=0.53, probability_margin=0.16, trend_filter_passed=True, rule=neutral_hold, target_allocation=0.00%."
2025-07-02,2025-07-03,211.5063683517463,212.90213012695312,NEUTRAL_SIGNAL,0.7815483808517456,0.07395616173744202,True,0.0,HOLD,11195.974539577823,0,0.0,11195.974539577823,"Aggressive trader saw NEUTRAL_SIGNAL with bullish_probability=0.07, confidence=0.78, probability_margin=0.64, trend_filter_passed=True, rule=neutral_hold, target_allocation=0.00%."
2025-07-03,2025-07-07,212.03474730839852,209.3130340576172,BEARISH_SIGNAL,0.391192764043808,0.21997353434562683,True,0.0,HOLD,11195.974539577823,0,0.0,11195.974539577823,"Aggressive trader saw BEARISH_SIGNAL with bullish_probability=0.22, confidence=0.39, probability_margin=0.00, trend_filter_passed=True, rule=bearish_exit, target_allocation=0.00%."
2025-07-07,2025-07-08,209.46258702266434,209.3728485107422,BEARISH_SIGNAL,0.489956259727478,0.0745304599404335,True,0.0,HOLD,11195.974539577823,0,0.0,11195.974539577823,"Aggressive trader saw BEARISH_SIGNAL with bullish_probability=0.07, confidence=0.49, probability_margin=0.05, trend_filter_passed=True, rule=bearish_exit, target_allocation=0.00%."
2025-07-08,2025-07-09,208.8943192909964,210.4994354248047,BEARISH_SIGNAL,0.6929605603218079,0.06463486701250076,True,0.0,HOLD,11195.974539577823,0,0.0,11195.974539577823,"Aggressive trader saw BEARISH_SIGNAL with bullish_probability=0.06, confidence=0.69, probability_margin=0.45, trend_filter_passed=True, rule=bearish_exit, target_allocation=0.00%."
2025-07-09,2025-07-10,209.87131932773667,211.76556396484375,NEUTRAL_SIGNAL,0.5155797600746155,0.105301134288311,True,0.0,HOLD,11195.974539577823,0,0.0,11195.974539577823,"Aggressive trader saw NEUTRAL_SIGNAL with bullish_probability=0.11, confidence=0.52, probability_margin=0.14, trend_filter_passed=True, rule=neutral_hold, target_allocation=0.00%."
2025-07-10,2025-07-11,209.931172276849,210.51937866210938,BEARISH_SIGNAL,0.5322486758232117,0.060532860457897186,True,0.0,HOLD,11195.974539577823,0,0.0,11195.974539577823,"Aggressive trader saw BEARISH_SIGNAL with bullish_probability=0.06, confidence=0.53, probability_margin=0.13, trend_filter_passed=True, rule=bearish_exit, target_allocation=0.00%."
2025-07-11,2025-07-14,209.29309904361602,207.98707580566406,BEARISH_SIGNAL,0.6773967146873474,0.03675646334886551,True,0.0,HOLD,11195.974539577823,0,0.0,11195.974539577823,"Aggressive trader saw BEARISH_SIGNAL with bullish_probability=0.04, confidence=0.68, probability_margin=0.39, trend_filter_passed=True, rule=bearish_exit, target_allocation=0.00%."
2025-07-14,2025-07-15,208.5852528191871,208.4755859375,BEARISH_SIGNAL,0.543313205242157,0.04761478677392006,True,0.0,HOLD,11195.974539577823,0,0.0,11195.974539577823,"Aggressive trader saw BEARISH_SIGNAL with bullish_probability=0.05, confidence=0.54, probability_margin=0.13, trend_filter_passed=True, rule=bearish_exit, target_allocation=0.00%."
2025-07-15,2025-07-16,209.66198981724762,209.5224151611328,BEARISH_SIGNAL,0.6501801609992981,0.11080240458250046,True,0.0,HOLD,11195.974539577823,0,0.0,11195.974539577823,"Aggressive trader saw BEARISH_SIGNAL with bullish_probability=0.11, confidence=0.65, probability_margin=0.41, trend_filter_passed=True, rule=bearish_exit, target_allocation=0.00%."
2025-07-16,2025-07-17,209.93117746335784,209.38284301757812,BEARISH_SIGNAL,0.5932541489601135,0.11776018142700195,True,0.0,HOLD,11195.974539577823,0,0.0,11195.974539577823,"Aggressive trader saw BEARISH_SIGNAL with bullish_probability=0.12, confidence=0.59, probability_margin=0.30, trend_filter_passed=True, rule=bearish_exit, target_allocation=0.00%."
2025-07-17,2025-07-18,210.23024956462245,210.539306640625,BEARISH_SIGNAL,0.7044582366943359,0.06166918948292732,True,0.0,HOLD,11195.974539577823,0,0.0,11195.974539577823,"Aggressive trader saw BEARISH_SIGNAL with bullish_probability=0.06, confidence=0.70, probability_margin=0.47, trend_filter_passed=True, rule=bearish_exit, target_allocation=0.00%."
2025-07-18,2025-07-21,211.45652088357517,211.83535766601562,BEARISH_SIGNAL,0.6885030269622803,0.0533657968044281,True,0.0,HOLD,11195.974539577823,0,0.0,11195.974539577823,"Aggressive trader saw BEARISH_SIGNAL with bullish_probability=0.05, confidence=0.69, probability_margin=0.43, trend_filter_passed=True, rule=bearish_exit, target_allocation=0.00%."
2025-07-21,2025-07-22,212.49337032996837,213.74954223632812,BEARISH_SIGNAL,0.5688127279281616,0.07540404051542282,True,0.0,HOLD,11195.974539577823,0,0.0,11195.974539577823,"Aggressive trader saw BEARISH_SIGNAL with bullish_probability=0.08, confidence=0.57, probability_margin=0.21, trend_filter_passed=True, rule=bearish_exit, target_allocation=0.00%."
2025-07-22,2025-07-23,214.3477172095632,213.5002899169922,NEUTRAL_SIGNAL,0.5898926854133606,0.09263220429420471,True,0.0,HOLD,11195.974539577823,0,0.0,11195.974539577823,"Aggressive trader saw NEUTRAL_SIGNAL with bullish_probability=0.09, confidence=0.59, probability_margin=0.27, trend_filter_passed=True, rule=neutral_hold, target_allocation=0.00%."
2025-07-23,2025-07-24,213.25105536667797,213.11148071289062,NEUTRAL_SIGNAL,0.4988783299922943,0.13538867235183716,True,0.0,HOLD,11195.974539577823,0,0.0,11195.974539577823,"Aggressive trader saw NEUTRAL_SIGNAL with bullish_probability=0.14, confidence=0.50, probability_margin=0.13, trend_filter_passed=True, rule=neutral_hold, target_allocation=0.00%."
2025-07-24,2025-07-25,214.0486138925591,213.23110961914062,BEARISH_SIGNAL,0.5470606684684753,0.12720529735088348,True,0.0,HOLD,11195.974539577823,0,0.0,11195.974539577823,"Aggressive trader saw BEARISH_SIGNAL with bullish_probability=0.13, confidence=0.55, probability_margin=0.22, trend_filter_passed=True, rule=bearish_exit, target_allocation=0.00%."
2025-07-25,2025-07-28,213.38067592321022,213.40061950683594,NEUTRAL_SIGNAL,0.4833276569843292,0.0651036947965622,True,0.0,HOLD,11195.974539577823,0,0.0,11195.974539577823,"Aggressive trader saw NEUTRAL_SIGNAL with bullish_probability=0.07, confidence=0.48, probability_margin=0.03, trend_filter_passed=True, rule=neutral_hold, target_allocation=0.00%."
2025-07-28,2025-07-29,213.53020352524888,210.62904357910156,BEARISH_SIGNAL,0.3997233211994171,0.22007952630519867,True,0.0,HOLD,11195.974539577823,0,0.0,11195.974539577823,"Aggressive trader saw BEARISH_SIGNAL with bullish_probability=0.22, confidence=0.40, probability_margin=0.02, trend_filter_passed=True, rule=bearish_exit, target_allocation=0.00%."
2025-07-29,2025-07-30,211.25711581327238,208.415771484375,BEARISH_SIGNAL,0.581265389919281,0.2835610806941986,True,0.0,HOLD,11195.974539577823,0,0.0,11195.974539577823,"Aggressive trader saw BEARISH_SIGNAL with bullish_probability=0.28, confidence=0.58, probability_margin=0.30, trend_filter_passed=True, rule=bearish_exit, target_allocation=0.00%."
2025-07-30,2025-07-31,207.85748415888986,206.94027709960938,BEARISH_SIGNAL,0.6464586853981018,0.0753108412027359,True,0.0,HOLD,11195.974539577823,0,0.0,11195.974539577823,"Aggressive trader saw BEARISH_SIGNAL with bullish_probability=0.08, confidence=0.65, probability_margin=0.37, trend_filter_passed=True, rule=bearish_exit, target_allocation=0.00%."
2025-07-31,2025-08-01,210.23025491744008,201.76602172851562,BEARISH_SIGNAL,0.49032142758369446,0.10153020918369293,True,0.0,HOLD,11195.974539577823,0,0.0,11195.974539577823,"Aggressive trader saw BEARISH_SIGNAL with bullish_probability=0.10, confidence=0.49, probability_margin=0.08, trend_filter_passed=True, rule=bearish_exit, target_allocation=0.00%."
2025-08-01,2025-08-04,203.8895472057539,202.7330780029297,NEUTRAL_SIGNAL,0.8096460700035095,0.11345130205154419,True,0.0,HOLD,11195.974539577823,0,0.0,11195.974539577823,"Aggressive trader saw NEUTRAL_SIGNAL with bullish_probability=0.11, confidence=0.81, probability_margin=0.70, trend_filter_passed=True, rule=neutral_hold, target_allocation=0.00%."
2025-08-04,2025-08-05,202.78290655256814,202.3043670654297,NEUTRAL_SIGNAL,0.5168763995170593,0.2252712845802307,True,0.0,HOLD,11195.974539577823,0,0.0,11195.974539577823,"Aggressive trader saw NEUTRAL_SIGNAL with bullish_probability=0.23, confidence=0.52, probability_margin=0.26, trend_filter_passed=True, rule=neutral_hold, target_allocation=0.00%."
2025-08-05,2025-08-06,205.00615029681612,212.60302734375,NEUTRAL_SIGNAL,0.6149677634239197,0.10006929188966751,True,0.0,HOLD,11195.974539577823,0,0.0,11195.974539577823,"Aggressive trader saw NEUTRAL_SIGNAL with bullish_probability=0.10, confidence=0.61, probability_margin=0.33, trend_filter_passed=True, rule=neutral_hold, target_allocation=0.00%."
2025-08-06,2025-08-07,218.2159523061407,219.36245727539062,BEARISH_SIGNAL,0.5930387377738953,0.23380564153194427,True,0.0,HOLD,11195.974539577823,0,0.0,11195.974539577823,"Aggressive trader saw BEARISH_SIGNAL with bullish_probability=0.23, confidence=0.59, probability_margin=0.36, trend_filter_passed=True, rule=bearish_exit, target_allocation=0.00%."
2025-08-07,2025-08-08,220.16004899168945,228.65420532226562,NEUTRAL_SIGNAL,0.7262271642684937,0.09722088277339935,True,0.0,HOLD,11195.974539577823,0,0.0,11195.974539577823,"Aggressive trader saw NEUTRAL_SIGNAL with bullish_probability=0.10, confidence=0.73, probability_margin=0.55, trend_filter_passed=True, rule=neutral_hold, target_allocation=0.00%."
2025-08-08,2025-08-11,227.4864157407103,226.74781799316406,BEARISH_SIGNAL,0.7402791976928711,0.08281205594539642,True,0.0,HOLD,11195.974539577823,0,0.0,11195.974539577823,"Aggressive trader saw BEARISH_SIGNAL with bullish_probability=0.08, confidence=0.74, probability_margin=0.56, trend_filter_passed=True, rule=bearish_exit, target_allocation=0.00%."
2025-08-11,2025-08-12,227.57622481823222,229.21310424804688,NEUTRAL_SIGNAL,0.7666930556297302,0.151683047413826,True,0.0,HOLD,11195.974539577823,0,0.0,11195.974539577823,"Aggressive trader saw NEUTRAL_SIGNAL with bullish_probability=0.15, confidence=0.77, probability_margin=0.62, trend_filter_passed=True, rule=neutral_hold, target_allocation=0.00%."
2025-08-12,2025-08-13,230.6304284784954,232.88612365722656,NEUTRAL_SIGNAL,0.7998746037483215,0.12291794270277023,True,0.0,HOLD,11195.974539577823,0,0.0,11195.974539577823,"Aggressive trader saw NEUTRAL_SIGNAL with bullish_probability=0.12, confidence=0.80, probability_margin=0.68, trend_filter_passed=True, rule=neutral_hold, target_allocation=0.00%."
2025-08-13,2025-08-14,233.61473725595164,232.33717346191406,NEUTRAL_SIGNAL,0.5877376794815063,0.1535450667142868,True,0.0,HOLD,11195.974539577823,0,0.0,11195.974539577823,"Aggressive trader saw NEUTRAL_SIGNAL with bullish_probability=0.15, confidence=0.59, probability_margin=0.33, trend_filter_passed=True, rule=neutral_hold, target_allocation=0.00%."
2025-08-14,2025-08-15,233.5548328767578,231.1494140625,NEUTRAL_SIGNAL,0.5913490653038025,0.17534998059272766,True,0.0,HOLD,11195.974539577823,0,0.0,11195.974539577823,"Aggressive trader saw NEUTRAL_SIGNAL with bullish_probability=0.18, confidence=0.59, probability_margin=0.36, trend_filter_passed=True, rule=neutral_hold, target_allocation=0.00%."
2025-08-15,2025-08-18,231.2592012143754,230.45074462890625,BEARISH_SIGNAL,0.5243869423866272,0.24349641799926758,True,0.0,HOLD,11195.974539577823,0,0.0,11195.974539577823,"Aggressive trader saw BEARISH_SIGNAL with bullish_probability=0.24, confidence=0.52, probability_margin=0.28, trend_filter_passed=True, rule=bearish_exit, target_allocation=0.00%."
2025-08-18,2025-08-19,230.84001516813981,230.1213836669922,BEARISH_SIGNAL,0.47004708647727966,0.14806276559829712,True,0.0,HOLD,11195.974539577823,0,0.0,11195.974539577823,"Aggressive trader saw BEARISH_SIGNAL with bullish_probability=0.15, confidence=0.47, probability_margin=0.09, trend_filter_passed=True, rule=bearish_exit, target_allocation=0.00%."
2025-08-19,2025-08-20,229.54248102593337,225.5800323486328,NEUTRAL_SIGNAL,0.44410619139671326,0.14129891991615295,True,0.0,HOLD,11195.974539577823,0,0.0,11195.974539577823,"Aggressive trader saw NEUTRAL_SIGNAL with bullish_probability=0.14, confidence=0.44, probability_margin=0.03, trend_filter_passed=True, rule=neutral_hold, target_allocation=0.00%."
2025-08-20,2025-08-21,225.8395414786139,224.47213745117188,NEUTRAL_SIGNAL,0.5901399254798889,0.08773984014987946,True,0.0,HOLD,11195.974539577823,0,0.0,11195.974539577823,"Aggressive trader saw NEUTRAL_SIGNAL with bullish_probability=0.09, confidence=0.59, probability_margin=0.27, trend_filter_passed=True, rule=neutral_hold, target_allocation=0.00%."
2025-08-21,2025-08-22,225.73973438952316,227.3267059326172,NEUTRAL_SIGNAL,0.6077897548675537,0.09782309830188751,True,0.0,HOLD,11195.974539577823,0,0.0,11195.974539577823,"Aggressive trader saw NEUTRAL_SIGNAL with bullish_probability=0.10, confidence=0.61, probability_margin=0.31, trend_filter_passed=True, rule=neutral_hold, target_allocation=0.00%."
2025-08-22,2025-08-25,226.0491451945495,226.7278594970703,NEUTRAL_SIGNAL,0.5478286147117615,0.18439769744873047,True,0.0,HOLD,11195.974539577823,0,0.0,11195.974539577823,"Aggressive trader saw NEUTRAL_SIGNAL with bullish_probability=0.18, confidence=0.55, probability_margin=0.28, trend_filter_passed=True, rule=neutral_hold, target_allocation=0.00%."
2025-08-25,2025-08-26,226.43840339540802,228.87376403808594,NEUTRAL_SIGNAL,0.6292529106140137,0.03078717552125454,True,0.0,HOLD,11195.974539577823,0,0.0,11195.974539577823,"Aggressive trader saw NEUTRAL_SIGNAL with bullish_probability=0.03, confidence=0.63, probability_margin=0.29, trend_filter_passed=True, rule=neutral_hold, target_allocation=0.00%."
2025-08-26,2025-08-27,228.17510050695543,230.05152893066406,NEUTRAL_SIGNAL,0.719292163848877,0.06059889867901802,True,0.0,HOLD,11195.974539577823,0,0.0,11195.974539577823,"Aggressive trader saw NEUTRAL_SIGNAL with bullish_probability=0.06, confidence=0.72, probability_margin=0.50, trend_filter_passed=True, rule=neutral_hold, target_allocation=0.00%."
2025-08-27,2025-08-28,230.3809040856524,232.11758422851562,NEUTRAL_SIGNAL,0.8231682777404785,0.04240280017256737,True,0.0,HOLD,11195.974539577823,0,0.0,11195.974539577823,"Aggressive trader saw NEUTRAL_SIGNAL with bullish_probability=0.04, confidence=0.82, probability_margin=0.69, trend_filter_passed=True, rule=neutral_hold, target_allocation=0.00%."
2025-08-28,2025-08-29,232.0676707602769,231.69837951660156,NEUTRAL_SIGNAL,0.791804850101471,0.044941194355487823,True,0.0,HOLD,11195.974539577823,0,0.0,11195.974539577823,"Aggressive trader saw NEUTRAL_SIGNAL with bullish_probability=0.04, confidence=0.79, probability_margin=0.63, trend_filter_passed=True, rule=neutral_hold, target_allocation=0.00%."
2025-08-29,2025-09-02,228.81388239599917,229.28298950195312,NEUTRAL_SIGNAL,0.8659858107566833,0.07815227657556534,True,0.0,HOLD,11195.974539577823,0,0.0,11195.974539577823,"Aggressive trader saw NEUTRAL_SIGNAL with bullish_probability=0.08, confidence=0.87, probability_margin=0.79, trend_filter_passed=True, rule=neutral_hold, target_allocation=0.00%."
2025-09-02,2025-09-03,236.75874463665696,238.01634216308594,BULLISH_SIGNAL,0.46082618832588196,0.46082618832588196,True,0.0,HOLD,11195.974539577823,0,0.0,11195.974539577823,"Aggressive trader saw BULLISH_SIGNAL with bullish_probability=0.46, confidence=0.46, probability_margin=0.06, trend_filter_passed=True, rule=neutral_hold, target_allocation=0.00%."
2025-09-03,2025-09-04,237.9963808412042,239.3238525390625,NEUTRAL_SIGNAL,0.6232379078865051,0.11032216250896454,True,0.0,HOLD,11195.974539577823,0,0.0,11195.974539577823,"Aggressive trader saw NEUTRAL_SIGNAL with bullish_probability=0.11, confidence=0.62, probability_margin=0.36, trend_filter_passed=True, rule=neutral_hold, target_allocation=0.00%."
2025-09-04,2025-09-05,239.54341659874092,239.2340087890625,NEUTRAL_SIGNAL,0.540908694267273,0.2723817229270935,True,0.0,HOLD,11195.974539577823,0,0.0,11195.974539577823,"Aggressive trader saw NEUTRAL_SIGNAL with bullish_probability=0.27, confidence=0.54, probability_margin=0.27, trend_filter_passed=True, rule=neutral_hold, target_allocation=0.00%."
2025-09-05,2025-09-08,238.84475646782593,237.42745971679688,NEUTRAL_SIGNAL,0.6152808666229248,0.083136186003685,True,0.0,HOLD,11195.974539577823,0,0.0,11195.974539577823,"Aggressive trader saw NEUTRAL_SIGNAL with bullish_probability=0.08, confidence=0.62, probability_margin=0.31, trend_filter_passed=True, rule=neutral_hold, target_allocation=0.00%."
2025-09-08,2025-09-09,236.54912730927947,233.9041748046875,BEARISH_SIGNAL,0.6391288042068481,0.08355293422937393,True,0.0,HOLD,11195.974539577823,0,0.0,11195.974539577823,"Aggressive trader saw BEARISH_SIGNAL with bullish_probability=0.08, confidence=0.64, probability_margin=0.36, trend_filter_passed=True, rule=bearish_exit, target_allocation=0.00%."
2025-09-09,2025-09-10,231.7482872752143,226.35855102539062,NEUTRAL_SIGNAL,0.6179283261299133,0.08224644511938095,True,0.0,HOLD,11195.974539577823,0,0.0,11195.974539577823,"Aggressive trader saw NEUTRAL_SIGNAL with bullish_probability=0.08, confidence=0.62, probability_margin=0.32, trend_filter_passed=True, rule=neutral_hold, target_allocation=0.00%."
2025-09-10,2025-09-11,226.44839058875493,229.59239196777344,NEUTRAL_SIGNAL,0.4090319573879242,0.21674703061580658,True,0.0,HOLD,11195.974539577823,0,0.0,11195.974539577823,"Aggressive trader saw NEUTRAL_SIGNAL with bullish_probability=0.22, confidence=0.41, probability_margin=0.03, trend_filter_passed=True, rule=neutral_hold, target_allocation=0.00%."
2025-09-11,2025-09-12,228.78394562468256,233.62472534179688,NEUTRAL_SIGNAL,0.5363849401473999,0.09044326096773148,True,0.0,HOLD,11195.974539577823,0,0.0,11195.974539577823,"Aggressive trader saw NEUTRAL_SIGNAL with bullish_probability=0.09, confidence=0.54, probability_margin=0.16, trend_filter_passed=True, rule=neutral_hold, target_allocation=0.00%."
2025-09-12,2025-09-15,236.54912714503797,236.24969482421875,NEUTRAL_SIGNAL,0.4156514108181,0.2337975800037384,True,0.0,HOLD,11195.974539577823,0,0.0,11195.974539577823,"Aggressive trader saw NEUTRAL_SIGNAL with bullish_probability=0.23, confidence=0.42, probability_margin=0.07, trend_filter_passed=True, rule=neutral_hold, target_allocation=0.00%."
2025-09-15,2025-09-16,236.72878926810645,237.6969451904297,NEUTRAL_SIGNAL,0.5743128657341003,0.0736769437789917,True,0.0,HOLD,11195.974539577823,0,0.0,11195.974539577823,"Aggressive trader saw NEUTRAL_SIGNAL with bullish_probability=0.07, confidence=0.57, probability_margin=0.22, trend_filter_passed=True, rule=neutral_hold, target_allocation=0.00%."
2025-09-16,2025-09-17,238.5153883976145,238.5353546142578,NEUTRAL_SIGNAL,0.4723481833934784,0.2231959104537964,True,0.0,HOLD,11195.974539577823,0,0.0,11195.974539577823,"Aggressive trader saw NEUTRAL_SIGNAL with bullish_probability=0.22, confidence=0.47, probability_margin=0.17, trend_filter_passed=True, rule=neutral_hold, target_allocation=0.00%."
2025-09-17,2025-09-18,239.5134800259323,237.42745971679688,NEUTRAL_SIGNAL,0.5857295393943787,0.04011738300323486,True,0.0,HOLD,11195.974539577823,0,0.0,11195.974539577823,"Aggressive trader saw NEUTRAL_SIGNAL with bullish_probability=0.04, confidence=0.59, probability_margin=0.21, trend_filter_passed=True, rule=neutral_hold, target_allocation=0.00%."
2025-09-18,2025-09-19,240.77107799962133,245.032958984375,BEARISH_SIGNAL,0.6663603782653809,0.04778141900897026,True,0.0,HOLD,11195.974539577823,0,0.0,11195.974539577823,"Aggressive trader saw BEARISH_SIGNAL with bullish_probability=0.05, confidence=0.67, probability_margin=0.38, trend_filter_passed=True, rule=bearish_exit, target_allocation=0.00%."
2025-09-19,2025-09-22,247.82763635806887,255.5928192138672,BEARISH_SIGNAL,0.5032361149787903,0.16955479979515076,True,0.0,HOLD,11195.974539577823,0,0.0,11195.974539577823,"Aggressive trader saw BEARISH_SIGNAL with bullish_probability=0.17, confidence=0.50, probability_margin=0.18, trend_filter_passed=True, rule=bearish_exit, target_allocation=0.00%."
2025-09-22,2025-09-23,255.39322235208516,253.9459686279297,NEUTRAL_SIGNAL,0.49161380529403687,0.21051625907421112,True,0.0,HOLD,11195.974539577823,0,0.0,11195.974539577823,"Aggressive trader saw NEUTRAL_SIGNAL with bullish_probability=0.21, confidence=0.49, probability_margin=0.19, trend_filter_passed=True, rule=neutral_hold, target_allocation=0.00%."
2025-09-23,2025-09-24,254.73446948849343,251.8300018310547,NEUTRAL_SIGNAL,0.7746832966804504,0.1417691856622696,True,0.0,HOLD,11195.974539577823,0,0.0,11195.974539577823,"Aggressive trader saw NEUTRAL_SIGNAL with bullish_probability=0.14, confidence=0.77, probability_margin=0.63, trend_filter_passed=True, rule=neutral_hold, target_allocation=0.00%."
2025-09-24,2025-09-25,252.72829161839874,256.3813171386719,NEUTRAL_SIGNAL,0.5155981183052063,0.12958991527557373,True,0.0,HOLD,11195.974539577823,0,0.0,11195.974539577823,"Aggressive trader saw NEUTRAL_SIGNAL with bullish_probability=0.13, confidence=0.52, probability_margin=0.16, trend_filter_passed=True, rule=neutral_hold, target_allocation=0.00%."
2025-09-25,2025-09-26,253.61660096533106,254.97401428222656,NEUTRAL_SIGNAL,0.4640449285507202,0.08655355125665665,True,0.0,HOLD,11195.974539577823,0,0.0,11195.974539577823,"Aggressive trader saw NEUTRAL_SIGNAL with bullish_probability=0.09, confidence=0.46, probability_margin=0.01, trend_filter_passed=True, rule=neutral_hold, target_allocation=0.00%."
2025-09-26,2025-09-29,254.0757261912774,253.9459686279297,BEARISH_SIGNAL,0.39051103591918945,0.2519928812980652,True,0.0,HOLD,11195.974539577823,0,0.0,11195.974539577823,"Aggressive trader saw BEARISH_SIGNAL with bullish_probability=0.25, confidence=0.39, probability_margin=0.03, trend_filter_passed=True, rule=bearish_exit, target_allocation=0.00%."
2025-09-29,2025-09-30,254.37515755125318,254.14559936523438,BEARISH_SIGNAL,0.7245123982429504,0.059917151927948,True,0.0,HOLD,11195.974539577823,0,0.0,11195.974539577823,"Aggressive trader saw BEARISH_SIGNAL with bullish_probability=0.06, confidence=0.72, probability_margin=0.51, trend_filter_passed=True, rule=bearish_exit, target_allocation=0.00%."
2025-09-30,2025-10-01,254.55481135314994,254.9640350341797,BEARISH_SIGNAL,0.5241442322731018,0.19476763904094696,True,0.0,HOLD,11195.974539577823,0,0.0,11195.974539577823,"Aggressive trader saw BEARISH_SIGNAL with bullish_probability=0.19, confidence=0.52, probability_margin=0.24, trend_filter_passed=True, rule=bearish_exit, target_allocation=0.00%."
2025-10-01,2025-10-02,256.09186667190835,256.6408386230469,BEARISH_SIGNAL,0.7533680200576782,0.08771055936813354,True,0.0,HOLD,11195.974539577823,0,0.0,11195.974539577823,"Aggressive trader saw BEARISH_SIGNAL with bullish_probability=0.09, confidence=0.75, probability_margin=0.59, trend_filter_passed=True, rule=bearish_exit, target_allocation=0.00%."
2025-10-02,2025-10-03,254.18552630266564,257.5291442871094,BEARISH_SIGNAL,0.8476955890655518,0.05969519913196564,True,0.0,HOLD,11195.974539577823,0,0.0,11195.974539577823,"Aggressive trader saw BEARISH_SIGNAL with bullish_probability=0.06, confidence=0.85, probability_margin=0.76, trend_filter_passed=True, rule=bearish_exit, target_allocation=0.00%."
2025-10-03,2025-10-06,257.49920544747016,256.2016906738281,BEARISH_SIGNAL,0.8273282051086426,0.05854563042521477,True,0.0,HOLD,11195.974539577823,0,0.0,11195.974539577823,"Aggressive trader saw BEARISH_SIGNAL with bullish_probability=0.06, confidence=0.83, probability_margin=0.71, trend_filter_passed=True, rule=bearish_exit, target_allocation=0.00%."
2025-10-06,2025-10-07,256.3214394907812,255.99208068847656,BEARISH_SIGNAL,0.7893248200416565,0.04522811993956566,True,0.0,HOLD,11195.974539577823,0,0.0,11195.974539577823,"Aggressive trader saw BEARISH_SIGNAL with bullish_probability=0.05, confidence=0.79, probability_margin=0.62, trend_filter_passed=True, rule=bearish_exit, target_allocation=0.00%."
2025-10-07,2025-10-08,256.03198246417537,257.5690612792969,BEARISH_SIGNAL,0.5348954200744629,0.024823209270834923,True,0.0,HOLD,11195.974539577823,0,0.0,11195.974539577823,"Aggressive trader saw BEARISH_SIGNAL with bullish_probability=0.02, confidence=0.53, probability_margin=0.09, trend_filter_passed=True, rule=bearish_exit, target_allocation=0.00%."
2025-10-08,2025-10-09,257.3195337882977,253.55670166015625,NEUTRAL_SIGNAL,0.7087298631668091,0.14054164290428162,True,0.0,HOLD,11195.974539577823,0,0.0,11195.974539577823,"Aggressive trader saw NEUTRAL_SIGNAL with bullish_probability=0.14, confidence=0.71, probability_margin=0.56, trend_filter_passed=True, rule=neutral_hold, target_allocation=0.00%."
2025-10-09,2025-10-10,254.45500785015722,244.80340576171875,NEUTRAL_SIGNAL,0.673061192035675,0.07445132732391357,True,0.0,HOLD,11195.974539577823,0,0.0,11195.974539577823,"Aggressive trader saw NEUTRAL_SIGNAL with bullish_probability=0.07, confidence=0.67, probability_margin=0.42, trend_filter_passed=True, rule=neutral_hold, target_allocation=0.00%."
2025-10-10,2025-10-13,248.90558714178317,247.18885803222656,BULLISH_SIGNAL,0.3844741880893707,0.3844741880893707,True,0.0,HOLD,11195.974539577823,0,0.0,11195.974539577823,"Aggressive trader saw BULLISH_SIGNAL with bullish_probability=0.38, confidence=0.38, probability_margin=0.07, trend_filter_passed=True, rule=neutral_hold, target_allocation=0.00%."
2025-10-13,2025-10-14,246.13087266264282,247.29864501953125,BEARISH_SIGNAL,0.6182210445404053,0.11065197736024857,True,0.0,HOLD,11195.974539577823,0,0.0,11195.974539577823,"Aggressive trader saw BEARISH_SIGNAL with bullish_probability=0.11, confidence=0.62, probability_margin=0.35, trend_filter_passed=True, rule=bearish_exit, target_allocation=0.00%."
2025-10-14,2025-10-15,249.01537013681215,248.8656463623047,BEARISH_SIGNAL,0.6494462490081787,0.10847753286361694,True,0.0,HOLD,11195.974539577823,0,0.0,11195.974539577823,"Aggressive trader saw BEARISH_SIGNAL with bullish_probability=0.11, confidence=0.65, probability_margin=0.41, trend_filter_passed=True, rule=bearish_exit, target_allocation=0.00%."
2025-10-15,2025-10-16,247.7777291727393,246.979248046875,BEARISH_SIGNAL,0.7161455154418945,0.10396292805671692,True,0.0,HOLD,11195.974539577823,0,0.0,11195.974539577823,"Aggressive trader saw BEARISH_SIGNAL with bullish_probability=0.10, confidence=0.72, probability_margin=0.54, trend_filter_passed=True, rule=bearish_exit, target_allocation=0.00%."
2025-10-16,2025-10-17,247.5481624372989,251.81002807617188,BEARISH_SIGNAL,0.5345647931098938,0.20271731913089752,True,0.0,HOLD,11195.974539577823,0,0.0,11195.974539577823,"Aggressive trader saw BEARISH_SIGNAL with bullish_probability=0.20, confidence=0.53, probability_margin=0.27, trend_filter_passed=True, rule=bearish_exit, target_allocation=0.00%."
2025-10-17,2025-10-20,255.4032084113237,261.7411193847656,NEUTRAL_SIGNAL,0.403736412525177,0.22956432402133942,True,0.0,HOLD,11195.974539577823,0,0.0,11195.974539577823,"Aggressive trader saw NEUTRAL_SIGNAL with bullish_probability=0.23, confidence=0.40, probability_margin=0.04, trend_filter_passed=True, rule=neutral_hold, target_allocation=0.00%."
2025-10-20,2025-10-21,261.38182000576944,262.2701110839844,BEARISH_SIGNAL,0.7933163642883301,0.06762143969535828,True,0.0,HOLD,11195.974539577823,0,0.0,11195.974539577823,"Aggressive trader saw BEARISH_SIGNAL with bullish_probability=0.07, confidence=0.79, probability_margin=0.65, trend_filter_passed=True, rule=bearish_exit, target_allocation=0.00%."
2025-10-21,2025-10-22,262.15033525743416,257.9583435058594,NEUTRAL_SIGNAL,0.5377576947212219,0.09582974761724472,True,0.0,HOLD,11195.974539577823,0,0.0,11195.974539577823,"Aggressive trader saw NEUTRAL_SIGNAL with bullish_probability=0.10, confidence=0.54, probability_margin=0.17, trend_filter_passed=True, rule=neutral_hold, target_allocation=0.00%."
2025-10-22,2025-10-23,259.4454820834593,259.0861511230469,BEARISH_SIGNAL,0.7361522316932678,0.0581597164273262,True,0.0,HOLD,11195.974539577823,0,0.0,11195.974539577823,"Aggressive trader saw BEARISH_SIGNAL with bullish_probability=0.06, confidence=0.74, probability_margin=0.53, trend_filter_passed=True, rule=bearish_exit, target_allocation=0.00%."
2025-10-23,2025-10-24,260.69310343226954,262.32000732421875,BEARISH_SIGNAL,0.48938506841659546,0.07082778215408325,True,0.0,HOLD,11195.974539577823,0,0.0,11195.974539577823,"Aggressive trader saw BEARISH_SIGNAL with bullish_probability=0.07, confidence=0.49, probability_margin=0.05, trend_filter_passed=True, rule=bearish_exit, target_allocation=0.00%."
2025-10-24,2025-10-27,264.37609822840903,268.2986145019531,BEARISH_SIGNAL,0.4451919198036194,0.1925511211156845,True,0.0,HOLD,11195.974539577823,0,0.0,11195.974539577823,"Aggressive trader saw BEARISH_SIGNAL with bullish_probability=0.19, confidence=0.45, probability_margin=0.08, trend_filter_passed=True, rule=bearish_exit, target_allocation=0.00%."
2025-10-27,2025-10-28,268.4782600095115,268.4882507324219,NEUTRAL_SIGNAL,0.5027716159820557,0.08006196469068527,True,0.0,HOLD,11195.974539577823,0,0.0,11195.974539577823,"Aggressive trader saw NEUTRAL_SIGNAL with bullish_probability=0.08, confidence=0.50, probability_margin=0.09, trend_filter_passed=True, rule=neutral_hold, target_allocation=0.00%."
2025-10-28,2025-10-29,268.76770579477784,269.1869201660156,BEARISH_SIGNAL,0.5263460278511047,0.03746669739484787,True,0.0,HOLD,11195.974539577823,0,0.0,11195.974539577823,"Aggressive trader saw BEARISH_SIGNAL with bullish_probability=0.04, confidence=0.53, probability_margin=0.09, trend_filter_passed=True, rule=bearish_exit, target_allocation=0.00%."
2025-10-29,2025-10-30,271.4725408872279,270.8836669921875,BEARISH_SIGNAL,0.4670303165912628,0.07596147805452347,True,0.0,HOLD,11195.974539577823,0,0.0,11195.974539577823,"Aggressive trader saw BEARISH_SIGNAL with bullish_probability=0.08, confidence=0.47, probability_margin=0.01, trend_filter_passed=True, rule=bearish_exit, target_allocation=0.00%."
2025-10-30,2025-10-31,276.4630533049319,269.85565185546875,BEARISH_SIGNAL,0.642301082611084,0.12016391009092331,True,0.0,HOLD,11195.974539577823,0,0.0,11195.974539577823,"Aggressive trader saw BEARISH_SIGNAL with bullish_probability=0.12, confidence=0.64, probability_margin=0.40, trend_filter_passed=True, rule=bearish_exit, target_allocation=0.00%."
2025-10-31,2025-11-03,269.90556627002525,268.53814697265625,BEARISH_SIGNAL,0.5597012639045715,0.22446052730083466,True,0.0,HOLD,11195.974539577823,0,0.0,11195.974539577823,"Aggressive trader saw BEARISH_SIGNAL with bullish_probability=0.22, confidence=0.56, probability_margin=0.34, trend_filter_passed=True, rule=bearish_exit, target_allocation=0.00%."
2025-11-03,2025-11-04,267.8195068636227,269.5262756347656,BEARISH_SIGNAL,0.5378443598747253,0.12695999443531036,True,0.0,HOLD,11195.974539577823,0,0.0,11195.974539577823,"Aggressive trader saw BEARISH_SIGNAL with bullish_probability=0.13, confidence=0.54, probability_margin=0.20, trend_filter_passed=True, rule=bearish_exit, target_allocation=0.00%."
2025-11-04,2025-11-05,268.0989800730272,269.6260986328125,BEARISH_SIGNAL,0.7647783756256104,0.06624794006347656,True,0.0,HOLD,11195.974539577823,0,0.0,11195.974539577823,"Aggressive trader saw BEARISH_SIGNAL with bullish_probability=0.07, confidence=0.76, probability_margin=0.60, trend_filter_passed=True, rule=bearish_exit, target_allocation=0.00%."
2025-11-05,2025-11-06,267.38037702601645,269.25677490234375,NEUTRAL_SIGNAL,0.4540041387081146,0.0969294011592865,True,0.0,HOLD,11195.974539577823,0,0.0,11195.974539577823,"Aggressive trader saw NEUTRAL_SIGNAL with bullish_probability=0.10, confidence=0.45, probability_margin=0.00, trend_filter_passed=True, rule=neutral_hold, target_allocation=0.00%."
2025-11-06,2025-11-07,269.28671541495146,267.9592590332031,BEARISH_SIGNAL,0.5292413830757141,0.128201425075531,True,0.0,HOLD,11195.974539577823,0,0.0,11195.974539577823,"Aggressive trader saw BEARISH_SIGNAL with bullish_probability=0.13, confidence=0.53, probability_margin=0.19, trend_filter_passed=True, rule=bearish_exit, target_allocation=0.00%."
2025-11-07,2025-11-10,268.7085692371889,269.1781311035156,NEUTRAL_SIGNAL,0.3944539427757263,0.25450751185417175,True,0.0,HOLD,11195.974539577823,0,0.0,11195.974539577823,"Aggressive trader saw NEUTRAL_SIGNAL with bullish_probability=0.25, confidence=0.39, probability_margin=0.04, trend_filter_passed=True, rule=neutral_hold, target_allocation=0.00%."
2025-11-10,2025-11-11,269.55775905965567,274.99267578125,BEARISH_SIGNAL,0.4523555040359497,0.23615074157714844,True,0.0,HOLD,11195.974539577823,0,0.0,11195.974539577823,"Aggressive trader saw BEARISH_SIGNAL with bullish_probability=0.24, confidence=0.45, probability_margin=0.14, trend_filter_passed=True, rule=bearish_exit, target_allocation=0.00%."
2025-11-11,2025-11-12,274.74292397164845,273.21435546875,NEUTRAL_SIGNAL,0.7861665487289429,0.05147358402609825,True,0.0,HOLD,11195.974539577823,0,0.0,11195.974539577823,"Aggressive trader saw NEUTRAL_SIGNAL with bullish_probability=0.05, confidence=0.79, probability_margin=0.62, trend_filter_passed=True, rule=neutral_hold, target_allocation=0.00%."
2025-11-12,2025-11-13,273.85374352181776,272.6948547363281,NEUTRAL_SIGNAL,0.6647948026657104,0.08689776062965393,True,0.0,HOLD,11195.974539577823,0,0.0,11195.974539577823,"Aggressive trader saw NEUTRAL_SIGNAL with bullish_probability=0.09, confidence=0.66, probability_margin=0.42, trend_filter_passed=True, rule=neutral_hold, target_allocation=0.00%."
2025-11-13,2025-11-14,270.7965900477885,272.15533447265625,NEUTRAL_SIGNAL,0.5515103936195374,0.21205058693885803,True,0.0,HOLD,11195.974539577823,0,0.0,11195.974539577823,"Aggressive trader saw NEUTRAL_SIGNAL with bullish_probability=0.21, confidence=0.55, probability_margin=0.32, trend_filter_passed=True, rule=neutral_hold, target_allocation=0.00%."
2025-11-14,2025-11-17,268.5687054184609,267.2099609375,NEUTRAL_SIGNAL,0.3741181790828705,0.3357800841331482,True,0.0,HOLD,11195.974539577823,0,0.0,11195.974539577823,"Aggressive trader saw NEUTRAL_SIGNAL with bullish_probability=0.34, confidence=0.37, probability_margin=0.04, trend_filter_passed=True, rule=neutral_hold, target_allocation=0.00%."
2025-11-17,2025-11-18,269.7376065335732,267.19000244140625,BEARISH_SIGNAL,0.7250868678092957,0.13045713305473328,True,0.0,HOLD,11195.974539577823,0,0.0,11195.974539577823,"Aggressive trader saw BEARISH_SIGNAL with bullish_probability=0.13, confidence=0.73, probability_margin=0.58, trend_filter_passed=True, rule=bearish_exit, target_allocation=0.00%."
2025-11-18,2025-11-19,265.2817633125939,268.3089294433594,BEARISH_SIGNAL,0.5677144527435303,0.18820072710514069,True,0.0,HOLD,11195.974539577823,0,0.0,11195.974539577823,"Aggressive trader saw BEARISH_SIGNAL with bullish_probability=0.19, confidence=0.57, probability_margin=0.32, trend_filter_passed=True, rule=bearish_exit, target_allocation=0.00%."
2025-11-19,2025-11-20,270.5768036466949,266.0010986328125,BEARISH_SIGNAL,0.6799473166465759,0.19457820057868958,True,0.0,HOLD,11195.974539577823,0,0.0,11195.974539577823,"Aggressive trader saw BEARISH_SIGNAL with bullish_probability=0.19, confidence=0.68, probability_margin=0.49, trend_filter_passed=True, rule=bearish_exit, target_allocation=0.00%."
2025-11-20,2025-11-21,265.70137680880595,271.2361755371094,BEARISH_SIGNAL,0.695098876953125,0.22062897682189941,True,0.0,HOLD,11195.974539577823,0,0.0,11195.974539577823,"Aggressive trader saw BEARISH_SIGNAL with bullish_probability=0.22, confidence=0.70, probability_margin=0.47, trend_filter_passed=True, rule=bearish_exit, target_allocation=0.00%."
2025-11-21,2025-11-24,270.64675212306133,275.6620788574219,BEARISH_SIGNAL,0.5694153308868408,0.19291967153549194,True,0.0,HOLD,11195.974539577823,0,0.0,11195.974539577823,"Aggressive trader saw BEARISH_SIGNAL with bullish_probability=0.19, confidence=0.57, probability_margin=0.33, trend_filter_passed=True, rule=bearish_exit, target_allocation=0.00%."
2025-11-24,2025-11-25,275.012667049666,276.7110900878906,NEUTRAL_SIGNAL,0.49412640929222107,0.16549791395664215,True,0.0,HOLD,11195.974539577823,0,0.0,11195.974539577823,"Aggressive trader saw NEUTRAL_SIGNAL with bullish_probability=0.17, confidence=0.49, probability_margin=0.15, trend_filter_passed=True, rule=neutral_hold, target_allocation=0.00%."
2025-11-25,2025-11-26,276.70108254872224,277.29052734375,NEUTRAL_SIGNAL,0.4629932641983032,0.134010910987854,True,0.0,HOLD,11195.974539577823,0,0.0,11195.974539577823,"Aggressive trader saw NEUTRAL_SIGNAL with bullish_probability=0.13, confidence=0.46, probability_margin=0.06, trend_filter_passed=True, rule=neutral_hold, target_allocation=0.00%."
2025-11-26,2025-11-28,277.0008150112318,278.5893249511719,NEUTRAL_SIGNAL,0.4794045388698578,0.1203986406326294,True,0.0,HOLD,11195.974539577823,0,0.0,11195.974539577823,"Aggressive trader saw NEUTRAL_SIGNAL with bullish_probability=0.12, confidence=0.48, probability_margin=0.08, trend_filter_passed=True, rule=neutral_hold, target_allocation=0.00%."
2025-11-28,2025-12-01,277.75011957449965,282.8353576660156,BEARISH_SIGNAL,0.6640772223472595,0.060135748237371445,True,0.0,HOLD,11195.974539577823,0,0.0,11195.974539577823,"Aggressive trader saw BEARISH_SIGNAL with bullish_probability=0.06, confidence=0.66, probability_margin=0.39, trend_filter_passed=True, rule=bearish_exit, target_allocation=0.00%."
2025-12-01,2025-12-02,282.7354345985028,285.9224548339844,BEARISH_SIGNAL,0.5799196362495422,0.05023592710494995,True,0.0,HOLD,11195.974539577823,0,0.0,11195.974539577823,"Aggressive trader saw BEARISH_SIGNAL with bullish_probability=0.05, confidence=0.58, probability_margin=0.21, trend_filter_passed=True, rule=bearish_exit, target_allocation=0.00%."
2025-12-02,2025-12-03,285.9324708384744,283.8843688964844,NEUTRAL_SIGNAL,0.6772236227989197,0.1656990498304367,True,0.0,HOLD,11195.974539577823,0,0.0,11195.974539577823,"Aggressive trader saw NEUTRAL_SIGNAL with bullish_probability=0.17, confidence=0.68, probability_margin=0.51, trend_filter_passed=True, rule=neutral_hold, target_allocation=0.00%."
2025-12-03,2025-12-04,283.83440686502166,280.4375915527344,BEARISH_SIGNAL,0.5504937767982483,0.06132490187883377,True,0.0,HOLD,11195.974539577823,0,0.0,11195.974539577823,"Aggressive trader saw BEARISH_SIGNAL with bullish_probability=0.06, confidence=0.55, probability_margin=0.16, trend_filter_passed=True, rule=bearish_exit, target_allocation=0.00%."
2025-12-04,2025-12-05,280.27774306596746,278.5193786621094,BEARISH_SIGNAL,0.6352781057357788,0.10093226283788681,True,0.0,HOLD,11195.974539577823,0,0.0,11195.974539577823,"Aggressive trader saw BEARISH_SIGNAL with bullish_probability=0.10, confidence=0.64, probability_margin=0.37, trend_filter_passed=True, rule=bearish_exit, target_allocation=0.00%."
2025-12-05,2025-12-08,277.86998437615557,277.6302185058594,BEARISH_SIGNAL,0.5672898292541504,0.11045306921005249,True,0.0,HOLD,11195.974539577823,0,0.0,11195.974539577823,"Aggressive trader saw BEARISH_SIGNAL with bullish_probability=0.11, confidence=0.57, probability_margin=0.25, trend_filter_passed=True, rule=bearish_exit, target_allocation=0.00%."
2025-12-08,2025-12-09,277.8999627322321,276.9208679199219,BEARISH_SIGNAL,0.6438787579536438,0.1259206086397171,True,0.0,HOLD,11195.974539577823,0,0.0,11195.974539577823,"Aggressive trader saw BEARISH_SIGNAL with bullish_probability=0.13, confidence=0.64, probability_margin=0.41, trend_filter_passed=True, rule=bearish_exit, target_allocation=0.00%."
2025-12-09,2025-12-10,277.490342786908,278.5193786621094,BEARISH_SIGNAL,0.7973156571388245,0.11988011747598648,True,0.0,HOLD,11195.974539577823,0,0.0,11195.974539577823,"Aggressive trader saw BEARISH_SIGNAL with bullish_probability=0.12, confidence=0.80, probability_margin=0.68, trend_filter_passed=True, rule=bearish_exit, target_allocation=0.00%."
2025-12-10,2025-12-11,278.83908758708685,277.77008056640625,BEARISH_SIGNAL,0.4499157965183258,0.16290128231048584,True,0.0,HOLD,11195.974539577823,0,0.0,11195.974539577823,"Aggressive trader saw BEARISH_SIGNAL with bullish_probability=0.16, confidence=0.45, probability_margin=0.06, trend_filter_passed=True, rule=bearish_exit, target_allocation=0.00%."
2025-12-11,2025-12-12,277.64021728323,278.0198669433594,BEARISH_SIGNAL,0.6454663872718811,0.17564484477043152,True,0.0,HOLD,11195.974539577823,0,0.0,11195.974539577823,"Aggressive trader saw BEARISH_SIGNAL with bullish_probability=0.18, confidence=0.65, probability_margin=0.47, trend_filter_passed=True, rule=bearish_exit, target_allocation=0.00%."
2025-12-12,2025-12-15,279.8880911943856,273.8537292480469,BEARISH_SIGNAL,0.627643346786499,0.20647914707660675,True,0.0,HOLD,11195.974539577823,0,0.0,11195.974539577823,"Aggressive trader saw BEARISH_SIGNAL with bullish_probability=0.21, confidence=0.63, probability_margin=0.42, trend_filter_passed=True, rule=bearish_exit, target_allocation=0.00%."
2025-12-15,2025-12-16,272.5649667835892,274.353271484375,BEARISH_SIGNAL,0.67015141248703,0.16320320963859558,True,0.0,HOLD,11195.974539577823,0,0.0,11195.974539577823,"Aggressive trader saw BEARISH_SIGNAL with bullish_probability=0.16, confidence=0.67, probability_margin=0.50, trend_filter_passed=True, rule=bearish_exit, target_allocation=0.00%."
2025-12-16,2025-12-17,274.75292651919426,271.58587646484375,BEARISH_SIGNAL,0.7330827116966248,0.08376394957304001,True,0.0,HOLD,11195.974539577823,0,0.0,11195.974539577823,"Aggressive trader saw BEARISH_SIGNAL with bullish_probability=0.08, confidence=0.73, probability_margin=0.55, trend_filter_passed=True, rule=bearish_exit, target_allocation=0.00%."
2025-12-17,2025-12-18,273.35420232069225,271.935546875,BEARISH_SIGNAL,0.568894624710083,0.08927525579929352,True,0.0,HOLD,11195.974539577823,0,0.0,11195.974539577823,"Aggressive trader saw BEARISH_SIGNAL with bullish_probability=0.09, confidence=0.57, probability_margin=0.23, trend_filter_passed=True, rule=bearish_exit, target_allocation=0.00%."
2025-12-18,2025-12-19,271.8955859651445,273.4141845703125,BEARISH_SIGNAL,0.6392771601676941,0.1512235850095749,True,0.0,HOLD,11195.974539577823,0,0.0,11195.974539577823,"Aggressive trader saw BEARISH_SIGNAL with bullish_probability=0.15, confidence=0.64, probability_margin=0.43, trend_filter_passed=True, rule=bearish_exit, target_allocation=0.00%."
2025-12-19,2025-12-22,272.6048920133635,270.7166748046875,BEARISH_SIGNAL,0.7118892073631287,0.16784311830997467,True,0.0,HOLD,11195.974539577823,0,0.0,11195.974539577823,"Aggressive trader saw BEARISH_SIGNAL with bullish_probability=0.17, confidence=0.71, probability_margin=0.54, trend_filter_passed=True, rule=bearish_exit, target_allocation=0.00%."
