ticker,model,fold,date,y_true,y_pred,confidence,bullish_probability,second_best_probability,probability_margin
XOM,calibrated_random_forest,1,2019-10-03,0,0,0.40380577497867787,0.3451337564834324,0.3451337564834324,0.05867201849524545
XOM,calibrated_random_forest,1,2019-10-04,0,0,0.43223104463793094,0.334589801627273,0.334589801627273,0.09764124301065796
XOM,calibrated_random_forest,1,2019-10-07,0,0,0.40709819556324933,0.33436540334045145,0.33436540334045145,0.07273279222279788
XOM,calibrated_random_forest,1,2019-10-08,1,0,0.35306549543059,0.3136963948220242,0.3332381097473858,0.01982738568320419
XOM,calibrated_random_forest,1,2019-10-09,0,0,0.3879634034235168,0.2958346207843584,0.3162019757921248,0.07176142763139204
XOM,calibrated_random_forest,1,2019-10-10,0,0,0.40709526624796605,0.2999904374310627,0.2999904374310627,0.10710482881690336
XOM,calibrated_random_forest,1,2019-10-11,0,0,0.37811855173924896,0.29853083567926264,0.32335061258148834,0.054767939157760626
XOM,calibrated_random_forest,1,2019-10-14,0,0,0.3825282069167457,0.2981646656359771,0.31930712744727724,0.06322107946946848
XOM,calibrated_random_forest,1,2019-10-15,0,0,0.4240977767954033,0.3199637199797702,0.3199637199797702,0.10413405681563309
XOM,calibrated_random_forest,1,2019-10-16,1,0,0.4246506167130166,0.3252765742448074,0.3252765742448074,0.09937404246820924
XOM,calibrated_random_forest,1,2019-10-17,0,0,0.41639147183527975,0.2744188276461021,0.30918970051861816,0.10720177131666159
XOM,calibrated_random_forest,1,2019-10-18,1,0,0.400776776940293,0.30504591230168066,0.30504591230168066,0.09573086463861236
XOM,calibrated_random_forest,1,2019-10-21,0,0,0.44467036042625524,0.3209464564855035,0.3209464564855035,0.12372390394075172
XOM,calibrated_random_forest,1,2019-10-22,0,0,0.42841436916765474,0.3223741118802946,0.3223741118802946,0.10604025728736016
XOM,calibrated_random_forest,1,2019-10-23,-1,0,0.4339173115836881,0.35596553286464444,0.35596553286464444,0.07795177871904369
XOM,calibrated_random_forest,1,2019-10-24,-1,0,0.3979729729674877,0.2953519675755118,0.3066750594570005,0.09129791351048716
XOM,calibrated_random_forest,1,2019-10-25,0,0,0.3976379950929834,0.23994748735661794,0.36241451755039855,0.03522347754258487
XOM,calibrated_random_forest,1,2019-10-28,1,0,0.42006911327886254,0.25953155236242553,0.32039933435871193,0.09966977892015061
XOM,calibrated_random_forest,1,2019-10-29,1,0,0.4113243164057931,0.23425996614385905,0.3544157174503478,0.05690859895544531
XOM,calibrated_random_forest,1,2019-10-30,1,0,0.38425514188958293,0.24743510781584002,0.3683097502945771,0.015945391595005853
XOM,calibrated_random_forest,1,2019-10-31,1,0,0.39773441564302375,0.24705971741229818,0.35520586694467804,0.042528548698345714
XOM,calibrated_random_forest,1,2019-11-01,1,0,0.4354901885219655,0.3188761963490611,0.3188761963490611,0.11661399217290441
XOM,calibrated_random_forest,1,2019-11-04,0,0,0.4178957430103347,0.306012744943302,0.306012744943302,0.11188299806703272
XOM,calibrated_random_forest,1,2019-11-05,-1,0,0.39359093918906923,0.30990054033088604,0.30990054033088604,0.08369039885818319
XOM,calibrated_random_forest,1,2019-11-06,-1,0,0.34418620774361325,0.3385357539789591,0.3385357539789591,0.005650453764654173
XOM,calibrated_random_forest,1,2019-11-07,-1,0,0.3854898507510505,0.30252928529252526,0.31198086395642416,0.07350898679462636
XOM,calibrated_random_forest,1,2019-11-08,-1,0,0.38249549253529086,0.34155081696493755,0.34155081696493755,0.040944675570353306
XOM,calibrated_random_forest,1,2019-11-11,-1,0,0.3761730653484014,0.2868527703657078,0.33697416428589083,0.03919890106251056
XOM,calibrated_random_forest,1,2019-11-12,-1,0,0.3991462214015063,0.3125948677020489,0.3125948677020489,0.08655135369945738
XOM,calibrated_random_forest,1,2019-11-13,0,0,0.3709210170448188,0.29244578095009954,0.33663320200508173,0.034287815039737046
XOM,calibrated_random_forest,1,2019-11-14,0,0,0.3825025608945098,0.29401810254736443,0.3234793365581257,0.05902322433638407
XOM,calibrated_random_forest,1,2019-11-15,0,0,0.38906694453306234,0.28708331387145763,0.32384974159547997,0.06521720293758237
XOM,calibrated_random_forest,1,2019-11-18,0,0,0.3840734921378044,0.2901171503201426,0.3258093575420529,0.05826413459575147
XOM,calibrated_random_forest,1,2019-11-19,0,0,0.4468576169453366,0.31798549977483365,0.31798549977483365,0.12887211717050295
XOM,calibrated_random_forest,1,2019-11-20,0,0,0.4257587143968829,0.3477909964191546,0.3477909964191546,0.07796771797772828
XOM,calibrated_random_forest,1,2019-11-21,-1,0,0.43572204302749307,0.3445525148797466,0.3445525148797466,0.09116952814774648
XOM,calibrated_random_forest,1,2019-11-22,0,0,0.41757972322717013,0.2991361865502391,0.2991361865502391,0.11844353667693103
XOM,calibrated_random_forest,1,2019-11-25,0,0,0.4211587888301925,0.29470518233792936,0.29470518233792936,0.12645360649226312
XOM,calibrated_random_forest,1,2019-11-26,0,0,0.41476874639508843,0.2601172787935018,0.32511397481140974,0.08965477158367868
XOM,calibrated_random_forest,1,2019-11-27,0,0,0.39928919039629207,0.26183672683274445,0.3388740827709636,0.06041510762532848
XOM,calibrated_random_forest,1,2019-11-29,1,0,0.38820884620744756,0.2699117108383262,0.34187944295422623,0.046329403253221324
XOM,calibrated_random_forest,1,2019-12-02,0,0,0.432599030117869,0.30893377530256516,0.30893377530256516,0.12366525481530383
XOM,calibrated_random_forest,1,2019-12-03,0,0,0.3826509905550906,0.2578048769696757,0.35954413247523376,0.02310685807985685
XOM,calibrated_random_forest,1,2019-12-04,0,0,0.4040686888198733,0.29039324415031725,0.30553806702980935,0.09853062179006394
XOM,calibrated_random_forest,1,2019-12-05,1,0,0.39978695393300234,0.25061809044515726,0.34959495562184045,0.05019199831116189
XOM,calibrated_random_forest,1,2019-12-06,0,0,0.42816517005456695,0.31296832065575636,0.31296832065575636,0.11519684939881059
XOM,calibrated_random_forest,1,2019-12-09,0,0,0.3947677298007613,0.3023269597637505,0.3029053104354882,0.09186241936527312
XOM,calibrated_random_forest,1,2019-12-10,0,0,0.39751235740317714,0.2608418202942106,0.34164582230261237,0.055866535100564774
XOM,calibrated_random_forest,1,2019-12-11,0,0,0.39829736493065804,0.24560001429601377,0.3561026207733282,0.04219474415732982
XOM,calibrated_random_forest,1,2019-12-12,0,0,0.42422031114442316,0.3760649223073839,0.3760649223073839,0.04815538883703924
XOM,calibrated_random_forest,1,2019-12-13,0,0,0.40918268927440754,0.30903981466576275,0.30903981466576275,0.1001428746086448
XOM,calibrated_random_forest,1,2019-12-16,0,0,0.41630787778832823,0.3230239350117318,0.3230239350117318,0.0932839427765964
XOM,calibrated_random_forest,1,2019-12-17,0,0,0.3870889458351991,0.32519527388250463,0.32519527388250463,0.06189367195269446
XOM,calibrated_random_forest,1,2019-12-18,0,0,0.35697928000518186,0.35452815737750326,0.35452815737750326,0.0024511226276786036
XOM,calibrated_random_forest,1,2019-12-19,0,0,0.39904568349999886,0.27596594391900836,0.3249883725809929,0.07405731091900597
XOM,calibrated_random_forest,1,2019-12-20,0,0,0.4279869105154735,0.3095090170331175,0.3095090170331175,0.11847789348235599
XOM,calibrated_random_forest,1,2019-12-23,0,0,0.41153304073360625,0.34768669236351973,0.34768669236351973,0.06384634837008651
XOM,calibrated_random_forest,1,2019-12-24,0,0,0.3899056151417679,0.28329031374838015,0.32680407110985193,0.06310154403191598
XOM,calibrated_random_forest,1,2019-12-26,0,0,0.39218914343774647,0.2763257944286293,0.33148506213362416,0.060704081304122304
XOM,calibrated_random_forest,1,2019-12-27,0,0,0.3905196129228817,0.24866212342808922,0.36081826364902914,0.02970134927385254
XOM,calibrated_random_forest,1,2019-12-30,0,-1,0.374026413706503,0.2807415893617054,0.34523199693179146,0.028794416774711562
XOM,calibrated_random_forest,1,2019-12-31,0,0,0.3892183232449918,0.25914838809132845,0.35163328866367977,0.037585034581312016
XOM,calibrated_random_forest,1,2020-01-02,0,0,0.42832276649453255,0.3640907773955595,0.3640907773955595,0.06423198909897304
XOM,calibrated_random_forest,1,2020-01-03,0,0,0.3820386261234338,0.27663443111628555,0.3413269427602807,0.04071168336315312
XOM,calibrated_random_forest,1,2020-01-06,0,0,0.40496138294196404,0.36951577301285726,0.36951577301285726,0.03544560992910678
XOM,calibrated_random_forest,1,2020-01-07,0,0,0.37649609598349937,0.25719685851627255,0.36630704550022813,0.010189050483271234
XOM,calibrated_random_forest,1,2020-01-08,0,0,0.40994805521460204,0.23799223381505122,0.3520597109703468,0.05788834424425526
XOM,calibrated_random_forest,1,2020-01-09,0,0,0.4043300423267697,0.25675490858981825,0.3389150490834121,0.06541499324335764
XOM,calibrated_random_forest,1,2020-01-10,0,0,0.40055934645057967,0.22608803329816932,0.373352620251251,0.02720672619932868
XOM,calibrated_random_forest,1,2020-01-13,-1,0,0.41566897384242457,0.28386064535112815,0.3004703808064473,0.11519859303597729
XOM,calibrated_random_forest,1,2020-01-14,-1,0,0.42393206067177996,0.26338816051070985,0.31267977881751013,0.11125228185426983
XOM,calibrated_random_forest,1,2020-01-15,-1,0,0.4225339442274163,0.25864851303942565,0.3188175427331581,0.1037164014942582
XOM,calibrated_random_forest,1,2020-01-16,-1,0,0.39900604460221084,0.24373830550298667,0.35725564989480246,0.04175039470740838
XOM,calibrated_random_forest,1,2020-01-17,-1,0,0.39548197597889456,0.23840778805156637,0.36611023596953896,0.029371740009355607
XOM,calibrated_random_forest,1,2020-01-21,-1,0,0.37555899666500103,0.27558115604593425,0.3488598472890648,0.02669914937593626
XOM,calibrated_random_forest,1,2020-01-22,-1,-1,0.37252025070639955,0.257745231965627,0.3697345173279734,0.0027857333784261362
XOM,calibrated_random_forest,1,2020-01-23,-1,-1,0.38347959154634625,0.2729054038062216,0.34361500464743217,0.03986458689891409
XOM,calibrated_random_forest,1,2020-01-24,-1,0,0.35808060989193496,0.2900049834413004,0.3519144066667647,0.0061662032251702525
XOM,calibrated_random_forest,1,2020-01-27,-1,-1,0.3716929109939224,0.2986398669446741,0.3296672220614036,0.04202568893251879
XOM,calibrated_random_forest,1,2020-01-28,-1,-1,0.3649216596928617,0.2853299508495554,0.34974838945758274,0.01517327023527898
XOM,calibrated_random_forest,1,2020-01-29,-1,-1,0.36147365687240024,0.2887268640809793,0.3497994790466204,0.011674177825779841
XOM,calibrated_random_forest,1,2020-01-30,-1,0,0.3546739249959811,0.30626859693948255,0.3390574780645364,0.015616446931444705
XOM,calibrated_random_forest,1,2020-01-31,0,0,0.3643153022973382,0.3255953462731245,0.3255953462731245,0.03871995602421374
XOM,calibrated_random_forest,1,2020-02-03,0,0,0.3515304445259008,0.3122399731631684,0.33622958231093086,0.015300862214969957
XOM,calibrated_random_forest,1,2020-02-04,1,0,0.3809066081636476,0.3191282293216972,0.3191282293216972,0.061778378841950365
XOM,calibrated_random_forest,1,2020-02-05,0,-1,0.3649812052646821,0.2792046769809418,0.35581411775437627,0.009167087510305816
XOM,calibrated_random_forest,1,2020-02-06,0,-1,0.3833883120225561,0.28245725565670865,0.3341544323207352,0.04923387970182086
XOM,calibrated_random_forest,1,2020-02-07,0,-1,0.39593963974929897,0.27303409057432004,0.3310262696763809,0.06491337007291809
XOM,calibrated_random_forest,1,2020-02-10,0,0,0.3653873194777814,0.28682901432704866,0.3477836661951699,0.017603653282611487
XOM,calibrated_random_forest,1,2020-02-11,0,0,0.37583487481759165,0.2757603957550743,0.348404729427334,0.02743014539025762
XOM,calibrated_random_forest,1,2020-02-12,-1,0,0.37237419482328477,0.28271340391851485,0.34491240125820033,0.027461793565084436
XOM,calibrated_random_forest,1,2020-02-13,-1,0,0.3682831323986701,0.29319405317842856,0.33852281442290133,0.02976031797576878
XOM,calibrated_random_forest,1,2020-02-14,-1,0,0.37954190612205707,0.26786075329192927,0.3525973405860136,0.026944565536043463
XOM,calibrated_random_forest,1,2020-02-18,-1,0,0.3836077521613017,0.2906842132085085,0.3257080346301899,0.05789971753111184
XOM,calibrated_random_forest,1,2020-02-19,-1,0,0.3900326325801429,0.2862575583544407,0.3237098090654164,0.06632282351472651
XOM,calibrated_random_forest,1,2020-02-20,-1,-1,0.3821127966650062,0.27419853358463336,0.3436886697503605,0.038424126914645695
XOM,calibrated_random_forest,1,2020-02-21,-1,-1,0.3945492930034376,0.2824946994291493,0.322956007567413,0.07159328543602461
XOM,calibrated_random_forest,1,2020-02-24,-1,-1,0.36245398043729793,0.29933137749291067,0.33821464206979135,0.02423933836750658
XOM,calibrated_random_forest,1,2020-02-25,-1,-1,0.3520117186353287,0.30044607615955954,0.3475422052051118,0.004469513430216898
XOM,calibrated_random_forest,1,2020-02-26,0,-1,0.36346272963147536,0.3003423834698077,0.336194886898717,0.02726784273275834
XOM,calibrated_random_forest,1,2020-02-27,0,-1,0.36750882816538577,0.3009871616865389,0.3315040101480753,0.03600481801731048
XOM,calibrated_random_forest,1,2020-02-28,-1,-1,0.35321196922177567,0.30614699165021847,0.34064103912800586,0.012570930093769805
XOM,calibrated_random_forest,1,2020-03-02,-1,-1,0.39083803885748686,0.28842173580374947,0.32074022533876373,0.07009781351872313
XOM,calibrated_random_forest,1,2020-03-03,-1,-1,0.35936058774096374,0.2974914250840616,0.3431479871749746,0.016212600565989166
XOM,calibrated_random_forest,1,2020-03-04,-1,-1,0.3982234470591532,0.27664972970735896,0.3251268232334879,0.07309662382566529
XOM,calibrated_random_forest,1,2020-03-05,-1,-1,0.3672884892583084,0.2943489474814763,0.33836256326021524,0.028925925998093183
XOM,calibrated_random_forest,1,2020-03-06,-1,-1,0.3574298385923127,0.3025250672560813,0.34004509415160605,0.017384744440706645
XOM,calibrated_random_forest,1,2020-03-09,-1,-1,0.366337095588724,0.2985374872877046,0.33512541712357136,0.03121167846515266
XOM,calibrated_random_forest,1,2020-03-10,-1,-1,0.378240170711186,0.2916236963722734,0.33013613291654065,0.04810403779464534
XOM,calibrated_random_forest,1,2020-03-11,-1,-1,0.377903714234588,0.29193136844690665,0.33016491731850534,0.04773879691608268
XOM,calibrated_random_forest,1,2020-03-12,-1,-1,0.36623200545384654,0.2985496328120001,0.33521836173415337,0.031013643719693174
XOM,calibrated_random_forest,1,2020-03-13,-1,-1,0.361448834214907,0.29962222354196694,0.3389289422431261,0.022519891971780892
XOM,calibrated_random_forest,1,2020-03-16,-1,-1,0.3729708273381766,0.2921836400342089,0.3348455326276145,0.038125294710562085
XOM,calibrated_random_forest,1,2020-03-17,-1,-1,0.3791248267197873,0.2895012005459497,0.331373972734263,0.04775085398552431
XOM,calibrated_random_forest,1,2020-03-18,1,-1,0.366337095588724,0.2985374872877046,0.33512541712357136,0.03121167846515266
XOM,calibrated_random_forest,1,2020-03-19,1,-1,0.3744921579668683,0.2894728207912511,0.3360350212418806,0.038457136724987684
XOM,calibrated_random_forest,1,2020-03-20,1,0,0.35007659939797403,0.3031299103583329,0.3467934902436931,0.0032831091542809276
XOM,calibrated_random_forest,1,2020-03-23,1,-1,0.3848661390351076,0.28914628596926045,0.32598757499563197,0.05887856403947561
XOM,calibrated_random_forest,1,2020-03-24,1,-1,0.3902326572754813,0.2887228203905326,0.3210445223339861,0.06918813494149517
XOM,calibrated_random_forest,1,2020-03-25,0,-1,0.38647887869284575,0.2797416075170351,0.33377951379011916,0.052699364902726586
XOM,calibrated_random_forest,1,2020-03-26,1,-1,0.39028552409275524,0.2738206452357182,0.3358938306715265,0.05439169342122874
XOM,calibrated_random_forest,1,2020-03-27,1,-1,0.40228420104885104,0.27947211870685756,0.31824368024429134,0.0840405208045597
XOM,calibrated_random_forest,1,2020-03-30,1,-1,0.3993746077825538,0.26768759315700774,0.33293779906043836,0.06643680872211544
XOM,calibrated_random_forest,1,2020-03-31,1,0,0.39489979667372094,0.2697105034866527,0.3353896998396264,0.05951009683409453
XOM,calibrated_random_forest,1,2020-04-01,1,-1,0.3790701893687269,0.2641002450921849,0.35682956553908823,0.02224062382963865
XOM,calibrated_random_forest,1,2020-04-02,1,0,0.3810999146413859,0.2762731975023746,0.34262688785623946,0.038473026785146414
XOM,calibrated_random_forest,1,2020-04-03,1,0,0.3676061306550194,0.28252946808827206,0.34986440125670865,0.017741729398310757
XOM,calibrated_random_forest,1,2020-04-06,1,0,0.3526568343887791,0.3094507591244811,0.33789240648673985,0.014764427902039245
XOM,calibrated_random_forest,1,2020-04-07,0,0,0.37466215006264453,0.29391612115889504,0.3314217287784605,0.04324042128418404
XOM,calibrated_random_forest,1,2020-04-08,-1,-1,0.36399416593549455,0.29338323055866095,0.34262260350584456,0.021371562429649993
XOM,calibrated_random_forest,1,2020-04-09,0,-1,0.3521376434642541,0.29772192241317424,0.3501404341225716,0.00199720934168246
XOM,calibrated_random_forest,1,2020-04-13,-1,-1,0.37211235768644135,0.28992510851907516,0.33796253379448343,0.03414982389195792
XOM,calibrated_random_forest,1,2020-04-14,-1,-1,0.36738705206985184,0.29158221619968866,0.34103073173045956,0.02635632033939228
XOM,calibrated_random_forest,1,2020-04-15,1,0,0.3740145838090935,0.28397091260781604,0.34201450358309043,0.03200008022600309
XOM,calibrated_random_forest,1,2020-04-16,1,0,0.3603167045430025,0.31389161299419316,0.3257916824628044,0.03452502208019814
XOM,calibrated_random_forest,1,2020-04-17,0,0,0.36245001356443113,0.2826049843472483,0.35494500208832064,0.00750501147611049
XOM,calibrated_random_forest,1,2020-04-20,1,-1,0.35917594938244973,0.30072225071262376,0.3401017999049265,0.019074149477523228
XOM,calibrated_random_forest,1,2020-04-21,1,0,0.3600526430264169,0.3038838600263676,0.3360634969472156,0.023989146079201273
XOM,calibrated_random_forest,1,2020-04-22,1,-1,0.37328494082195185,0.293415577543465,0.3332994816345832,0.03998545918736868
XOM,calibrated_random_forest,1,2020-04-23,1,0,0.3615923014431471,0.2823291357917908,0.35607856276506206,0.005513738678085023
XOM,calibrated_random_forest,1,2020-04-24,0,-1,0.38811877868917444,0.2936598638780022,0.3182213574328234,0.06989742125635101
XOM,calibrated_random_forest,1,2020-04-27,1,-1,0.35624994429769097,0.3077102971206332,0.33603975858167584,0.020210185716015128
XOM,calibrated_random_forest,1,2020-04-28,0,0,0.3685334932322934,0.2882269632357454,0.3432395435319611,0.025293949700332274
XOM,calibrated_random_forest,1,2020-04-29,-1,0,0.38335986956715007,0.27734285093316813,0.33929727949968186,0.04406259006746821
XOM,calibrated_random_forest,1,2020-04-30,-1,0,0.37979951427697145,0.292382352144767,0.32781813357826156,0.05198138069870989
XOM,calibrated_random_forest,1,2020-05-01,1,0,0.368051084550244,0.28391033347324385,0.34803858197651216,0.020012502573731827
XOM,calibrated_random_forest,1,2020-05-04,0,0,0.38969596315252764,0.3022776844546397,0.3080263523928326,0.08166961075969503
XOM,calibrated_random_forest,1,2020-05-05,0,0,0.3659256951261351,0.28864545753969845,0.3454288473341664,0.020496847791968698
XOM,calibrated_random_forest,1,2020-05-06,-1,0,0.37145266262265575,0.30648762647357586,0.32205971090376845,0.0493929517188873
XOM,calibrated_random_forest,1,2020-05-07,-1,0,0.3814137821885086,0.30305476195681685,0.31553145585467457,0.06588232633383401
XOM,calibrated_random_forest,1,2020-05-08,-1,-1,0.3671205045140717,0.2796460616612582,0.3532334338246701,0.013887070689401593
XOM,calibrated_random_forest,1,2020-05-11,0,-1,0.3652599583689819,0.2916869600275055,0.3430530816035126,0.022206876765469286
XOM,calibrated_random_forest,1,2020-05-12,0,-1,0.3608374262532259,0.28982933147882856,0.34933324226794554,0.011504183985280358
XOM,calibrated_random_forest,1,2020-05-13,1,-1,0.3660008242946164,0.3058289955634195,0.32817018014196403,0.03783064415265236
XOM,calibrated_random_forest,1,2020-05-14,1,-1,0.39045129603799106,0.2966771547689142,0.31287154919309473,0.07757974684489632
XOM,calibrated_random_forest,1,2020-05-15,1,0,0.4275343254833828,0.2995419527110088,0.2995419527110088,0.12799237277237402
XOM,calibrated_random_forest,1,2020-05-18,0,0,0.35927567936134636,0.28876678228767844,0.35195753835097515,0.007318141010371204
XOM,calibrated_random_forest,1,2020-05-19,1,-1,0.369524153138484,0.3004299487931204,0.3300458980683955,0.03947825507008851
XOM,calibrated_random_forest,1,2020-05-20,0,-1,0.36572968905492487,0.2880582130741752,0.3462120978709,0.01951759118402485
XOM,calibrated_random_forest,1,2020-05-21,1,0,0.3941264545763168,0.2981841936627791,0.3076893517609041,0.08643710281541267
XOM,calibrated_random_forest,1,2020-05-22,1,-1,0.3638647010052791,0.29285050724583267,0.3432847917488882,0.020579909256390916
XOM,calibrated_random_forest,1,2020-05-26,1,-1,0.3673601022085679,0.2803881915657631,0.352251706225669,0.015108395982898926
XOM,calibrated_random_forest,1,2020-05-27,1,0,0.3797624067056801,0.2848239977682214,0.33541359552609845,0.04434881117958167
XOM,calibrated_random_forest,1,2020-05-28,1,0,0.4160628637622541,0.3108986913098986,0.3108986913098986,0.10516417245235549
XOM,calibrated_random_forest,1,2020-05-29,1,0,0.4130091949029688,0.3144238439002827,0.3144238439002827,0.09858535100268606
XOM,calibrated_random_forest,1,2020-06-01,1,0,0.36804542028651516,0.28184951351678694,0.35010506619669785,0.017940354089817312
XOM,calibrated_random_forest,1,2020-06-02,1,0,0.3895891132321112,0.28005277043859694,0.33035811632929185,0.059230996902819355
XOM,calibrated_random_forest,1,2020-06-03,1,0,0.3816233599287517,0.28122487304402105,0.33715176702722727,0.044471592901524415
XOM,calibrated_random_forest,1,2020-06-04,-1,0,0.36739045557058336,0.2800696573437205,0.35253988708569595,0.014850568484887416
XOM,calibrated_random_forest,1,2020-06-05,-1,0,0.3821042957774012,0.27725519466217535,0.3406405095604235,0.04146378621697766
XOM,calibrated_random_forest,1,2020-06-08,-1,0,0.3718895048084047,0.27955251327516534,0.34855798191642995,0.023331522891974765
XOM,calibrated_random_forest,1,2020-06-09,-1,0,0.3718035744635719,0.2846590567372301,0.3435373687991981,0.028266205664373767
XOM,calibrated_random_forest,1,2020-06-10,-1,0,0.39260843806079243,0.30326520094625514,0.3041263609929524,0.08848207706784
XOM,calibrated_random_forest,1,2020-06-11,0,0,0.36760197933088773,0.3090088477401338,0.3233891729289785,0.04421280640190922
XOM,calibrated_random_forest,1,2020-06-12,-1,-1,0.35201613313981056,0.3002065852713751,0.34777728158881427,0.004238851550996292
XOM,calibrated_random_forest,1,2020-06-15,0,-1,0.35289478639528465,0.30282379280441224,0.3442814208003031,0.008613365594981548
XOM,calibrated_random_forest,1,2020-06-16,-1,-1,0.35285513809397395,0.3106456550102374,0.3364992068957886,0.016355931198185347
XOM,calibrated_random_forest,1,2020-06-17,-1,-1,0.35450538850489927,0.30325256739119694,0.3422420441039038,0.012263344400995468
XOM,calibrated_random_forest,1,2020-06-18,-1,-1,0.35985221315491955,0.29447911641792435,0.34566867042715615,0.014183542727763399
XOM,calibrated_random_forest,1,2020-06-19,-1,0,0.37964119127696194,0.3086694321433243,0.3116893765797136,0.06795181469724837
XOM,calibrated_random_forest,1,2020-06-22,-1,-1,0.38443146830837166,0.28410265663787865,0.33146587505374975,0.05296559325462191
XOM,calibrated_random_forest,1,2020-06-23,-1,-1,0.3729645302666927,0.28722779161504913,0.3398076781182581,0.03315685214843456
XOM,calibrated_random_forest,1,2020-06-24,0,0,0.3910383053737519,0.3151678795415926,0.3151678795415926,0.0758704258321593
XOM,calibrated_random_forest,1,2020-06-25,-1,0,0.3715734598991814,0.2798671424666794,0.34855939763413923,0.023014062265042157
XOM,calibrated_random_forest,1,2020-06-26,0,0,0.38611541824055573,0.3140910065416224,0.3140910065416224,0.07202441169893331
XOM,calibrated_random_forest,1,2020-06-29,-1,0,0.38055711301173156,0.28516836673854146,0.33427452024972687,0.04628259276200469
XOM,calibrated_random_forest,1,2020-06-30,-1,0,0.36494009429314533,0.2965733490290288,0.33848655667782584,0.02645353761531949
XOM,calibrated_random_forest,1,2020-07-01,-1,0,0.3669345820624572,0.27724073629943063,0.35582468163811215,0.011109900424345065
XOM,calibrated_random_forest,1,2020-07-02,-1,0,0.36456634041429375,0.27221404878778555,0.3632196107979207,0.0013467296163730547
XOM,calibrated_random_forest,1,2020-07-06,-1,-1,0.35815936719421676,0.28527378915106966,0.3565668436547134,0.0015925235395033432
XOM,calibrated_random_forest,1,2020-07-07,0,-1,0.37593768187283844,0.2865251422322404,0.3375371758949211,0.03840050597791733
XOM,calibrated_random_forest,1,2020-07-08,1,0,0.3595097932073455,0.2860036550602953,0.35448655173235927,0.005023241474986229
XOM,calibrated_random_forest,1,2020-07-09,1,0,0.3647556435805716,0.31010411190958137,0.3251402445098471,0.03961539907072453
XOM,calibrated_random_forest,1,2020-07-10,1,0,0.3581826163482748,0.29645679189529933,0.3453605917564259,0.01282202459184889
XOM,calibrated_random_forest,1,2020-07-13,0,0,0.3671017840556127,0.2776140808852047,0.35528413505918266,0.011817648996430064
XOM,calibrated_random_forest,1,2020-07-14,0,0,0.3872050562129082,0.31429062481685704,0.31429062481685704,0.07291443139605114
XOM,calibrated_random_forest,1,2020-07-15,-1,0,0.3796322436960526,0.28028213186006945,0.3400856244438781,0.03954661925217451
XOM,calibrated_random_forest,1,2020-07-16,0,0,0.3634168240703741,0.299214069729073,0.337369106200553,0.02604771786982113
XOM,calibrated_random_forest,1,2020-07-17,0,0,0.40163917615459016,0.2936208301043466,0.30473999374106336,0.0968991824135268
XOM,calibrated_random_forest,1,2020-07-20,1,0,0.3607789032359661,0.3092756761625743,0.32994542060145965,0.03083348263450647
XOM,calibrated_random_forest,1,2020-07-21,-1,0,0.4253054115699319,0.30853050933702947,0.30853050933702947,0.11677490223290243
XOM,calibrated_random_forest,1,2020-07-22,0,0,0.3633116332959399,0.292620478140944,0.3440678885631161,0.01924374473282381
XOM,calibrated_random_forest,1,2020-07-23,-1,0,0.3901652467904433,0.300566230440443,0.3092685227691137,0.08089672402132958
XOM,calibrated_random_forest,1,2020-07-24,-1,0,0.40222780665685226,0.2998951775505284,0.2998951775505284,0.10233262910632385
XOM,calibrated_random_forest,1,2020-07-27,-1,0,0.3809422282406038,0.30297545209128246,0.31608231966811373,0.06485990857249008
XOM,calibrated_random_forest,1,2020-07-28,0,-1,0.37574514560952404,0.2710429543803072,0.3532119000101687,0.022533245599355323
XOM,calibrated_random_forest,1,2020-07-29,0,0,0.37283701410277037,0.2792539892353841,0.3479089966618456,0.024928017440924766
XOM,calibrated_random_forest,1,2020-07-30,1,0,0.36132152098252224,0.3181155514112088,0.320562927606269,0.04075859337625326
XOM,calibrated_random_forest,1,2020-07-31,1,-1,0.357185991928427,0.29882429692171647,0.3439897111498566,0.01319628077857038
XOM,calibrated_random_forest,1,2020-08-03,1,0,0.36469526150822906,0.2869025758824542,0.3484021626093166,0.01629309889891245
XOM,calibrated_random_forest,1,2020-08-04,1,0,0.36124773586332043,0.2869041080567759,0.3518481560799036,0.009399579783416823
XOM,calibrated_random_forest,1,2020-08-05,1,-1,0.36983675944145206,0.2762153728386341,0.3539478677199139,0.01588889172153818
XOM,calibrated_random_forest,1,2020-08-06,0,-1,0.39149665807563466,0.27774696962555967,0.3307563722988056,0.06074028577682905
XOM,calibrated_random_forest,1,2020-08-07,0,-1,0.3737530171708941,0.2727041456627261,0.35354283716637974,0.020210180004514355
XOM,calibrated_random_forest,1,2020-08-10,-1,0,0.41079024871845154,0.28734125903647634,0.3018684922450721,0.10892175647337943
XOM,calibrated_random_forest,1,2020-08-11,-1,0,0.4071322125478485,0.2937507183213004,0.29911706913085107,0.10801514341699742
XOM,calibrated_random_forest,1,2020-08-12,-1,0,0.3700312715291438,0.2962146120107653,0.33375411646009095,0.036277155069052824
XOM,calibrated_random_forest,1,2020-08-13,-1,0,0.4209389754571466,0.294305868386072,0.294305868386072,0.1266331070710746
XOM,calibrated_random_forest,1,2020-08-14,-1,0,0.3953914586000156,0.2912022002204365,0.31340634117954785,0.08198511742046777
XOM,calibrated_random_forest,1,2020-08-17,0,0,0.3827153733131887,0.29746189199337303,0.3198227346934382,0.06289263861975053
XOM,calibrated_random_forest,1,2020-08-18,-1,0,0.4379778464617619,0.29420266319613275,0.29420266319613275,0.14377518326562916
XOM,calibrated_random_forest,1,2020-08-19,-1,0,0.41005933383662657,0.3482768222537258,0.3482768222537258,0.06178251158290077
XOM,calibrated_random_forest,1,2020-08-20,-1,0,0.4078465810158705,0.33908300139654696,0.33908300139654696,0.06876357961932356
XOM,calibrated_random_forest,1,2020-08-21,0,0,0.4067579625048399,0.33901016116717586,0.33901016116717586,0.06774780133766406
XOM,calibrated_random_forest,1,2020-08-24,-1,0,0.4210560211393908,0.3038621677234033,0.3038621677234033,0.11719385341598748
XOM,calibrated_random_forest,1,2020-08-25,-1,0,0.3895194591267363,0.3182010682284289,0.3182010682284289,0.07131839089830738
XOM,calibrated_random_forest,1,2020-08-26,-1,0,0.3523670795691232,0.30344457422358034,0.3441883462072965,0.008178733361826729
XOM,calibrated_random_forest,1,2020-08-27,0,0,0.3750620866421452,0.30724230096384436,0.3176956123940104,0.05736647424813479
XOM,calibrated_random_forest,1,2020-08-28,-1,0,0.4147148860733127,0.2889247483024999,0.29636036562418744,0.11835452044912526
XOM,calibrated_random_forest,1,2020-08-31,-1,0,0.3747917952977666,0.30586593645508214,0.3193422682471514,0.05544952705061518
XOM,calibrated_random_forest,1,2020-09-01,-1,-1,0.3620361962111114,0.2900180178582774,0.34794578593061126,0.01409041028050012
XOM,calibrated_random_forest,1,2020-09-02,-1,-1,0.35324364306229655,0.29410748473413345,0.35264887220357005,0.000594770858726501
XOM,calibrated_random_forest,1,2020-09-03,-1,0,0.3765198095256345,0.28766281035796193,0.33581738011640355,0.04070242940923097
XOM,calibrated_random_forest,1,2020-09-04,-1,0,0.363531070934947,0.2847745820115754,0.3516943470534775,0.011836723881469502
XOM,calibrated_random_forest,1,2020-09-08,-1,-1,0.3500361235444589,0.30322776734512674,0.34673610911041425,0.0033000144340446513
XOM,calibrated_random_forest,1,2020-09-09,0,0,0.37556368359675285,0.3027247696405674,0.32171154676267977,0.05385213683407308
XOM,calibrated_random_forest,1,2020-09-10,1,0,0.38076919678024135,0.3227443728143254,0.3227443728143254,0.05802482396591596
XOM,calibrated_random_forest,1,2020-09-11,0,0,0.3780178202627679,0.3039075644250366,0.31807461531219544,0.05994320495057248
XOM,calibrated_random_forest,1,2020-09-14,0,-1,0.36486774701822416,0.2837341327520841,0.3513981202296917,0.013469626788532474
XOM,calibrated_random_forest,1,2020-09-15,-1,-1,0.36111431291924934,0.2844129030692111,0.3544727840115396,0.006641528907709748
XOM,calibrated_random_forest,1,2020-09-16,-1,0,0.3758010113498917,0.29276681069799854,0.33143217795210983,0.04436883339778186
XOM,calibrated_random_forest,1,2020-09-17,-1,0,0.3556530742210285,0.29007898946595817,0.3542679363130133,0.0013851379080151993
XOM,calibrated_random_forest,1,2020-09-18,-1,-1,0.36397681829653794,0.2911433490668783,0.34487983263658384,0.019096985659954102
XOM,calibrated_random_forest,1,2020-09-21,-1,-1,0.38302414879253294,0.2781070016832044,0.3388688495242626,0.04415529926827033
XOM,calibrated_random_forest,1,2020-09-22,-1,0,0.35873058201511226,0.2895290700868644,0.3517403478980234,0.006990234117088878
XOM,calibrated_random_forest,1,2020-09-23,0,0,0.3577860936035376,0.3010646745710947,0.3411492318253677,0.016636861778169865
XOM,calibrated_random_forest,1,2020-09-24,-1,-1,0.3587256971057249,0.2919194337478773,0.34935486914639785,0.009370827959327033
XOM,calibrated_random_forest,1,2020-09-25,-1,-1,0.38470548381831166,0.28491357122535227,0.330380944956336,0.054324538861975635
XOM,calibrated_random_forest,1,2020-09-28,-1,-1,0.38280699055025735,0.2843817098361473,0.3328112996135954,0.04999569093666195
XOM,calibrated_random_forest,1,2020-09-29,-1,-1,0.3859085296126646,0.2849576999791111,0.32913377040822434,0.05677475920444025
XOM,calibrated_random_forest,1,2020-09-30,-1,-1,0.3807153890140939,0.27253454398054594,0.3467500670053601,0.03396532200873381
XOM,calibrated_random_forest,1,2020-10-01,1,-1,0.35708549879038026,0.2976357211857722,0.34527878002384743,0.011806718766532831
XOM,calibrated_random_forest,1,2020-10-02,1,-1,0.38149125988040994,0.290079717586979,0.3284290225326111,0.05306223734779886
XOM,calibrated_random_forest,1,2020-10-05,1,-1,0.3808916005311314,0.27788044367907333,0.34122795578979526,0.03966364474133616
XOM,calibrated_random_forest,1,2020-10-06,1,-1,0.3641524760207955,0.2816456179168959,0.35420190606230867,0.00995056995848681
XOM,calibrated_random_forest,1,2020-10-07,0,-1,0.3854648080994523,0.2744737315406894,0.3400614603598581,0.0454033477395942
XOM,calibrated_random_forest,1,2020-10-08,-1,0,0.4190641112361229,0.3126247238918008,0.3126247238918008,0.10643938734432212
XOM,calibrated_random_forest,1,2020-10-09,0,0,0.38121406908728,0.29728072981330395,0.3215052010994161,0.0597088679878639
XOM,calibrated_random_forest,1,2020-10-12,-1,-1,0.36070773199002026,0.2906921630495492,0.34860010496043053,0.01210762702958973
XOM,calibrated_random_forest,1,2020-10-13,0,0,0.39863518971341483,0.29292696763065856,0.30843784265592655,0.09019734705748828
XOM,calibrated_random_forest,1,2020-10-14,-1,0,0.37086097116899447,0.27483388379296264,0.35430514503804283,0.016555826130951634
XOM,calibrated_random_forest,1,2020-10-15,0,0,0.40536935599612284,0.3069849241388859,0.3069849241388859,0.09838443185723694
XOM,calibrated_random_forest,1,2020-10-16,0,0,0.37393619763943703,0.28825400915752464,0.3378097932030384,0.03612640443639864
XOM,calibrated_random_forest,1,2020-10-19,0,0,0.3804535904072696,0.2900147393393749,0.3295316702533555,0.05092192015391411
XOM,calibrated_random_forest,1,2020-10-20,-1,0,0.39174114590646125,0.27637152119657404,0.33188733289696476,0.05985381300949649
XOM,calibrated_random_forest,1,2020-10-21,-1,0,0.35897304632209565,0.2894992681123501,0.35152768556555425,0.007445360756541397
XOM,calibrated_random_forest,1,2020-10-22,-1,0,0.39203895634420266,0.3044979726776402,0.3044979726776402,0.08754098366656243
XOM,calibrated_random_forest,1,2020-10-23,-1,0,0.37466306374510383,0.28596682435300774,0.33937011190188837,0.03529295184321546
XOM,calibrated_random_forest,1,2020-10-26,0,-1,0.3563345604388952,0.289342172348882,0.35432326721222274,0.0020112932266724837
XOM,calibrated_random_forest,1,2020-10-27,0,-1,0.36602870367900214,0.2914394883299882,0.34253180799100963,0.023496895687992514
XOM,calibrated_random_forest,1,2020-10-28,1,-1,0.36226724131434535,0.2981138281604689,0.3396189305251858,0.02264831078915952
XOM,calibrated_random_forest,1,2020-10-29,0,0,0.35493024890126273,0.3113620616084534,0.3337076894902839,0.021222559410978836
XOM,calibrated_random_forest,1,2020-10-30,0,0,0.3483698291664466,0.3117717382161846,0.3398584326173688,0.008511396549077788
XOM,calibrated_random_forest,1,2020-11-02,1,-1,0.3555529797318304,0.3083161820564183,0.3361308382117513,0.019422141520079095
XOM,calibrated_random_forest,1,2020-11-03,1,0,0.36078692330429113,0.3155588085743208,0.3236542681213881,0.03713265518290304
XOM,calibrated_random_forest,1,2020-11-04,1,0,0.38298805027234456,0.2997198025062932,0.3172921472213621,0.06569590305098244
XOM,calibrated_random_forest,1,2020-11-05,1,0,0.368309382363703,0.29035070541064195,0.341339912225655,0.026969470138047957
XOM,calibrated_random_forest,1,2020-11-06,1,0,0.38721231953326024,0.3229205054913054,0.3229205054913054,0.06429181404195483
XOM,calibrated_random_forest,1,2020-11-09,1,0,0.37488825120461455,0.27969090997065765,0.34542083882472774,0.029467412379886815
XOM,calibrated_random_forest,1,2020-11-10,1,0,0.3704263191184278,0.28053270785288736,0.34904097302868475,0.021385346089743074
XOM,calibrated_random_forest,1,2020-11-11,1,-1,0.36646703214862547,0.2863153432757048,0.3472176245756697,0.01924940757295579
XOM,calibrated_random_forest,1,2020-11-12,1,-1,0.36076870505903375,0.2981185265894162,0.3411127683515502,0.019655936707483557
XOM,calibrated_random_forest,1,2020-11-13,1,-1,0.3630064787388543,0.27836640337384383,0.3586271178873019,0.004379360851552383
XOM,calibrated_random_forest,1,2020-11-16,1,0,0.3769617779168592,0.27601817097292514,0.3470200511102157,0.029941726806643476
XOM,calibrated_random_forest,1,2020-11-17,1,0,0.37060642183749287,0.2872408661198353,0.3421527120426719,0.02845370979482098
XOM,calibrated_random_forest,1,2020-11-18,1,0,0.3689381707947,0.29195099154910786,0.3391108376561922,0.029827333138507772
XOM,calibrated_random_forest,1,2020-11-19,1,-1,0.3618766777721585,0.28150410550396265,0.3566192167238789,0.005257461048279566
XOM,calibrated_random_forest,1,2020-11-20,1,-1,0.38357575065242017,0.27216954368513013,0.3442547056624498,0.039321044989970355
XOM,calibrated_random_forest,1,2020-11-23,-1,0,0.3792716136379725,0.279266153092085,0.34146223326994246,0.037809380368030054
XOM,calibrated_random_forest,1,2020-11-24,-1,0,0.38115425583929335,0.2799538157898052,0.3388919283709014,0.04226232746839198
XOM,calibrated_random_forest,1,2020-11-25,0,0,0.36351751980232,0.28786331744602944,0.34861916275165045,0.014898357050669553
XOM,calibrated_random_forest,1,2020-11-27,1,0,0.35967131360981774,0.28847753964064515,0.35185114674953705,0.007820166860280697
XOM,calibrated_random_forest,1,2020-11-30,1,0,0.37393393038938655,0.30026335265749315,0.3258027169531203,0.04813121343626625
XOM,calibrated_random_forest,1,2020-12-01,1,-1,0.356741430614904,0.2969632372944249,0.34629533209067104,0.01044609852423295
XOM,calibrated_random_forest,1,2020-12-02,1,0,0.37382011573295154,0.3118869625368162,0.3142929217302322,0.05952719400271933
XOM,calibrated_random_forest,1,2020-12-03,1,0,0.3587030020131068,0.2988071327270055,0.3424898652598878,0.016213136753219004
XOM,calibrated_random_forest,1,2020-12-04,1,0,0.3792605961263651,0.2757209673198238,0.3450184365538111,0.034242159572554
XOM,calibrated_random_forest,1,2020-12-07,1,0,0.35924921033101315,0.29090306873531946,0.34984772093366745,0.009401489397345697
XOM,calibrated_random_forest,1,2020-12-08,0,0,0.3958700502778467,0.30020044017336417,0.30392950954878906,0.09194054072905766
XOM,calibrated_random_forest,1,2020-12-09,1,0,0.3859477705059898,0.28309037875071064,0.3309618507432996,0.05498591976269018
XOM,calibrated_random_forest,1,2020-12-10,0,0,0.3841927885207912,0.2792464787427359,0.33656073273647297,0.04763205578431823
XOM,calibrated_random_forest,1,2020-12-11,-1,-1,0.36588348403919646,0.2746489641668138,0.3594675517939896,0.006415932245206868
XOM,calibrated_random_forest,1,2020-12-14,0,0,0.39443133505368766,0.2954037432108326,0.31016492173547966,0.084266413318208
XOM,calibrated_random_forest,1,2020-12-15,-1,0,0.3633847582684528,0.290806891215133,0.34580835051641423,0.01757640775203856
XOM,calibrated_random_forest,1,2020-12-16,-1,0,0.3812171707107288,0.27826091069615627,0.3405219185931149,0.04069525211761388
XOM,calibrated_random_forest,1,2020-12-17,-1,-1,0.3783611352732916,0.28858212430223723,0.3330567404244711,0.04530439484882054
XOM,calibrated_random_forest,1,2020-12-18,-1,-1,0.35098773736525213,0.3013664771272861,0.3476457855074617,0.003341951857790404
XOM,calibrated_random_forest,1,2020-12-21,0,-1,0.3522257540080012,0.302316618707684,0.34545762728431484,0.006768126723686374
XOM,calibrated_random_forest,1,2020-12-22,0,-1,0.41687310485841533,0.2862139469201093,0.29691294822147535,0.11996015663693999
XOM,calibrated_random_forest,1,2020-12-23,0,0,0.41016555655596987,0.29611232337896287,0.29611232337896287,0.114053233177007
XOM,calibrated_random_forest,1,2020-12-24,0,-1,0.3978675152399669,0.29473391351570183,0.30739857124433123,0.09046894399563565
XOM,calibrated_random_forest,1,2020-12-28,1,-1,0.4084139284125861,0.29875058179309827,0.29875058179309827,0.10966334661948784
XOM,calibrated_random_forest,1,2020-12-29,1,-1,0.3962774704441565,0.2822539737530449,0.3214685558027987,0.0748089146413578
XOM,calibrated_random_forest,1,2020-12-30,1,0,0.36444070417088353,0.30647733213078615,0.32908196369833037,0.03535874047255316
XOM,calibrated_random_forest,1,2020-12-31,1,0,0.3572926505265943,0.2947394675149891,0.34796788195841666,0.009324768568177655
XOM,calibrated_random_forest,1,2021-01-04,1,0,0.38548623705626417,0.32295152533716975,0.32295152533716975,0.06253471171909442
XOM,calibrated_random_forest,1,2021-01-05,1,0,0.3639366543274811,0.30562173769730566,0.3304416079752132,0.03349504635226791
XOM,calibrated_random_forest,1,2021-01-06,1,0,0.3648703383553882,0.27824904596669225,0.35688061567791957,0.007989722677468614
XOM,calibrated_random_forest,1,2021-01-07,1,-1,0.3697196298379077,0.285034918412638,0.34524545174945437,0.024474178088453313
XOM,calibrated_random_forest,1,2021-01-08,1,-1,0.36605709457201413,0.2735776877464736,0.36036521768151214,0.00569187689050199
XOM,calibrated_random_forest,1,2021-01-11,1,0,0.369469175598432,0.2886449811913754,0.34188584321019255,0.027583332388239457
XOM,calibrated_random_forest,1,2021-01-12,1,0,0.36586607038467883,0.27010393777764746,0.3640299918376737,0.0018360785470051266
XOM,calibrated_random_forest,1,2021-01-13,0,0,0.370740578294897,0.26936427801075724,0.3598951436943458,0.010845434600551207
XOM,calibrated_random_forest,1,2021-01-14,-1,0,0.3908118818340853,0.2858997687104044,0.3232883494555104,0.06752353237857489
XOM,calibrated_random_forest,1,2021-01-15,-1,0,0.38117600853382566,0.2894867400412758,0.3293372514248985,0.05183875710892716
XOM,calibrated_random_forest,1,2021-01-19,-1,0,0.37479838948045124,0.27858260384463723,0.3466190066749115,0.02817938280553972
XOM,calibrated_random_forest,1,2021-01-20,-1,0,0.37104177741664907,0.27597028360224,0.35298793898111097,0.018053838435538094
XOM,calibrated_random_forest,1,2021-01-21,-1,0,0.3841503588410713,0.3014614558532666,0.3143881853056622,0.06976217353540909
XOM,calibrated_random_forest,1,2021-01-22,-1,-1,0.3604037882627172,0.29186333484400584,0.347732876893277,0.012670911369440208
XOM,calibrated_random_forest,1,2021-01-25,-1,-1,0.36561747943257245,0.2912008951905075,0.34318162537692,0.02243585405565246
XOM,calibrated_random_forest,1,2021-01-26,0,-1,0.3479707441733539,0.3051010555646218,0.34692820026202437,0.0010425439113295187
XOM,calibrated_random_forest,1,2021-01-27,1,-1,0.3613438004221174,0.30362657715989355,0.3350296224179891,0.026314178004128275
XOM,calibrated_random_forest,1,2021-01-28,1,-1,0.3957533505840818,0.2957693446369679,0.30847730477895036,0.08727604580513143
XOM,calibrated_random_forest,1,2021-01-29,1,-1,0.36367131609397374,0.3075434848442004,0.3287851990618258,0.034886117032147945
XOM,calibrated_random_forest,1,2021-02-01,1,-1,0.40439183575135534,0.28968486552454725,0.30592329872409746,0.09846853702725789
XOM,calibrated_random_forest,1,2021-02-02,1,-1,0.38428909240020176,0.3002476507389367,0.31546325686086163,0.06882583553934013
XOM,calibrated_random_forest,1,2021-02-03,1,0,0.3472048667832699,0.3146526124404576,0.3381425207762725,0.009062346006997402
XOM,calibrated_random_forest,1,2021-02-04,1,0,0.34865649359757644,0.303910544199924,0.3474329622024996,0.00122353139507686
XOM,calibrated_random_forest,1,2021-02-05,1,0,0.38336726248422703,0.28371796109577396,0.33291477641999895,0.050452486064228086
XOM,calibrated_random_forest,1,2021-02-08,0,0,0.38516743828942035,0.2785156730989744,0.33631688861160525,0.0488505496778151
XOM,calibrated_random_forest,1,2021-02-09,1,0,0.36073132238209493,0.2874002512450771,0.35186842637282795,0.008862896009266985
XOM,calibrated_random_forest,1,2021-02-10,0,0,0.3784325971935755,0.28841462698359854,0.33315277582282593,0.045279821370749596
XOM,calibrated_random_forest,1,2021-02-11,1,0,0.39543807203455555,0.30257486316324084,0.30257486316324084,0.09286320887131472
XOM,calibrated_random_forest,1,2021-02-12,1,0,0.4049067193252767,0.2980012659325236,0.2980012659325236,0.10690545339275315
XOM,calibrated_random_forest,1,2021-02-16,1,0,0.3797366942081905,0.27856222286833543,0.34170108292347406,0.03803561128471644
XOM,calibrated_random_forest,1,2021-02-17,1,0,0.38513638053970495,0.28146893753055774,0.33339468192973737,0.05174169860996758
XOM,calibrated_random_forest,1,2021-02-18,1,-1,0.358587908441834,0.2870082128356062,0.3544038787225598,0.004184029719274229
XOM,calibrated_random_forest,1,2021-02-19,1,0,0.3918287073764917,0.2859776006259222,0.3221936919975861,0.06963501537890565
XOM,calibrated_random_forest,1,2021-02-22,1,0,0.3890626470717746,0.2834006944695961,0.3275366584586293,0.061525988613145344
XOM,calibrated_random_forest,1,2021-02-23,0,0,0.38448334332599776,0.28308260075436775,0.33243405591963454,0.05204928740636322
XOM,calibrated_random_forest,1,2021-02-24,0,0,0.37917329185821097,0.2977849311665239,0.3230417769752651,0.05613151488294588
XOM,calibrated_random_forest,1,2021-02-25,1,0,0.3963476150026744,0.28081079400326847,0.32284159099405707,0.07350602400861733
XOM,calibrated_random_forest,1,2021-02-26,1,0,0.39693536428319076,0.2942796290620431,0.3087850066547661,0.08815035762842466
XOM,calibrated_random_forest,1,2021-03-01,1,0,0.37674441985475343,0.2730537430193025,0.35020183712594405,0.026542582728809383
XOM,calibrated_random_forest,1,2021-03-02,1,0,0.3664474773186252,0.27488246093204866,0.35867006174932614,0.007777415569299062
XOM,calibrated_random_forest,1,2021-03-03,1,0,0.39002407553161783,0.28238583656965505,0.32759008789872707,0.062433987632890764
XOM,calibrated_random_forest,1,2021-03-04,1,0,0.38828729316723876,0.2838405529259953,0.327872153906766,0.06041513926047276
XOM,calibrated_random_forest,1,2021-03-05,0,0,0.3798142635021078,0.2866838123063737,0.3335019241915185,0.04631233931058931
XOM,calibrated_random_forest,1,2021-03-08,0,0,0.3727249173132801,0.2747666024100222,0.3525084802766976,0.02021643703658249
XOM,calibrated_random_forest,1,2021-03-09,0,0,0.36649659684729063,0.2882195243274807,0.34528387882522865,0.021212718022061983
XOM,calibrated_random_forest,1,2021-03-10,-1,0,0.38203395211262375,0.2771630136531425,0.3408030342342337,0.04123091787839006
XOM,calibrated_random_forest,1,2021-03-11,-1,0,0.3592428484266675,0.28727322416563555,0.353483927407697,0.005758921018970464
XOM,calibrated_random_forest,1,2021-03-12,-1,0,0.3701720688839059,0.27944546733425285,0.3503824637818412,0.019789605102064733
XOM,calibrated_random_forest,1,2021-03-15,-1,0,0.3895845064824222,0.3045341958355507,0.30588129768202704,0.08370320880039517
XOM,calibrated_random_forest,1,2021-03-16,-1,0,0.36654193070495067,0.3075180356626453,0.32594003363240404,0.04060189707254663
XOM,calibrated_random_forest,1,2021-03-17,-1,0,0.3558162565373435,0.30850458353599086,0.3356791599266657,0.020137096610677807
XOM,calibrated_random_forest,1,2021-03-18,0,-1,0.355186529771835,0.31396382119792127,0.3308496490302437,0.024336880741591294
XOM,calibrated_random_forest,1,2021-03-19,1,-1,0.35160596853513054,0.31133964100683126,0.3370543904580381,0.014551578077092453
XOM,calibrated_random_forest,1,2021-03-22,1,-1,0.3781463619888457,0.3020724929366928,0.3197811450744614,0.05836521691438429
XOM,calibrated_random_forest,1,2021-03-23,1,0,0.3478561612368914,0.30932582713381157,0.34281801162929715,0.0050381496075942445
XOM,calibrated_random_forest,1,2021-03-24,0,0,0.37455187155661873,0.31356281998103674,0.31356281998103674,0.06098905157558199
XOM,calibrated_random_forest,1,2021-03-25,1,-1,0.3799971190671962,0.28407291949971886,0.3359299614330849,0.04406715763411129
XOM,calibrated_random_forest,1,2021-03-26,-1,-1,0.38498283066352884,0.300959571947146,0.31405759738932515,0.07092523327420369
XOM,calibrated_random_forest,1,2021-03-29,0,-1,0.3904542275761303,0.30092542500060415,0.30862034742326555,0.08183388015286475
XOM,calibrated_random_forest,1,2021-03-30,0,-1,0.3776992377458817,0.28717312368171866,0.3351276385723996,0.04257159917348213
XOM,calibrated_random_forest,1,2021-03-31,0,0,0.36512542508428486,0.30184006269461694,0.3330345122210981,0.03209091286318677
XOM,calibrated_random_forest,1,2021-04-01,-1,0,0.41077536987567576,0.3223383183630125,0.3223383183630125,0.08843705151266323
XOM,calibrated_random_forest,1,2021-04-05,0,0,0.38018960904433596,0.296209628606985,0.3236007623486791,0.056588846695656836
XOM,calibrated_random_forest,1,2021-04-06,0,0,0.38038534798397533,0.27474100824502573,0.344873643770999,0.035511704212976336
XOM,calibrated_random_forest,1,2021-04-07,0,0,0.4002006131970575,0.3031436714794605,0.3031436714794605,0.09705694171759705
XOM,calibrated_random_forest,1,2021-04-08,0,0,0.36906953223153466,0.2770086541801882,0.3539218135882771,0.015147718643257535
XOM,calibrated_random_forest,1,2021-04-09,0,0,0.371989076867928,0.26894073999900153,0.35907018313307054,0.01291889373485744
XOM,calibrated_random_forest,1,2021-04-12,0,0,0.4180483763439464,0.3052701544210998,0.3052701544210998,0.11277822192284664
XOM,calibrated_random_forest,1,2021-04-13,0,0,0.406654076784118,0.2981216353692578,0.2981216353692578,0.10853244141486024
XOM,calibrated_random_forest,1,2021-04-14,-1,0,0.42672113587179306,0.31527997070878094,0.31527997070878094,0.11144116516301211
XOM,calibrated_random_forest,1,2021-04-15,-1,0,0.4003880457463042,0.3070386293478549,0.3070386293478549,0.09334941639844929
XOM,calibrated_random_forest,1,2021-04-16,0,0,0.4335753516797012,0.29633498438123523,0.29633498438123523,0.13724036729846595
XOM,calibrated_random_forest,1,2021-04-19,0,0,0.41892257585627735,0.27611302750200917,0.3049643966417135,0.11395817921456386
XOM,calibrated_random_forest,1,2021-04-20,1,0,0.4302260952977663,0.33049916782028926,0.33049916782028926,0.09972692747747702
XOM,calibrated_random_forest,2,2021-04-21,1,1,0.4055740605295233,0.4055740605295233,0.3154190183091212,0.09015504222040205
XOM,calibrated_random_forest,2,2021-04-22,1,-1,0.38877890717911073,0.3422503277744599,0.3422503277744599,0.04652857940465083
XOM,calibrated_random_forest,2,2021-04-23,1,1,0.3746627026077228,0.3746627026077228,0.350011630084742,0.024651072522980766
XOM,calibrated_random_forest,2,2021-04-26,1,1,0.37496831483846904,0.37496831483846904,0.3363897363172416,0.038578578521227425
XOM,calibrated_random_forest,2,2021-04-27,1,1,0.3874455057820823,0.3874455057820823,0.3115888740074391,0.07585663177464319
XOM,calibrated_random_forest,2,2021-04-28,1,1,0.4179107109159205,0.4179107109159205,0.3010084934413252,0.11690221747459534
XOM,calibrated_random_forest,2,2021-04-29,1,1,0.4061374435107085,0.4061374435107085,0.3186327546997623,0.0875046888109462
XOM,calibrated_random_forest,2,2021-04-30,1,1,0.4256116570329422,0.4256116570329422,0.3075473635587063,0.11806429347423586
XOM,calibrated_random_forest,2,2021-05-03,1,1,0.40542549639866543,0.40542549639866543,0.34652031433858027,0.05890518206008516
XOM,calibrated_random_forest,2,2021-05-04,1,1,0.41557231171659453,0.41557231171659453,0.33249583832613694,0.0830764733904576
XOM,calibrated_random_forest,2,2021-05-05,0,1,0.36389034645593316,0.36389034645593316,0.34178184267962836,0.0221085037763048
XOM,calibrated_random_forest,2,2021-05-06,-1,1,0.37134320102339924,0.37134320102339924,0.3417672321110523,0.029575968912346928
XOM,calibrated_random_forest,2,2021-05-07,0,-1,0.372805530947327,0.3321417436915661,0.3321417436915661,0.040663787255760864
XOM,calibrated_random_forest,2,2021-05-10,0,-1,0.369045888052586,0.3389563938212424,0.3389563938212424,0.030089494231343605
XOM,calibrated_random_forest,2,2021-05-11,0,1,0.4161478807878409,0.4161478807878409,0.34137674857174694,0.07477113221609394
XOM,calibrated_random_forest,2,2021-05-12,0,1,0.41147688085185186,0.41147688085185186,0.3206937543742631,0.09078312647758874
XOM,calibrated_random_forest,2,2021-05-13,0,1,0.44816071805546387,0.44816071805546387,0.33322952175675796,0.1149311962987059
XOM,calibrated_random_forest,2,2021-05-14,-1,1,0.41035394157927013,0.41035394157927013,0.33429293465449456,0.07606100692477558
XOM,calibrated_random_forest,2,2021-05-17,-1,1,0.3786166118630514,0.3786166118630514,0.33888166436584943,0.03973494749720197
XOM,calibrated_random_forest,2,2021-05-18,-1,1,0.44710632005957346,0.44710632005957346,0.32632129739392796,0.1207850226656455
XOM,calibrated_random_forest,2,2021-05-19,0,1,0.4567356744765931,0.4567356744765931,0.3445483361744078,0.1121873383021853
XOM,calibrated_random_forest,2,2021-05-20,0,1,0.47584747274524286,0.47584747274524286,0.3381324717966205,0.13771500094862238
XOM,calibrated_random_forest,2,2021-05-21,0,1,0.4700386470514293,0.4700386470514293,0.3437980049022515,0.1262406421491778
XOM,calibrated_random_forest,2,2021-05-24,0,1,0.4634140020204471,0.4634140020204471,0.34346800156630136,0.11994600045414572
XOM,calibrated_random_forest,2,2021-05-25,1,1,0.444975864236127,0.444975864236127,0.36584624674395255,0.07912961749217445
XOM,calibrated_random_forest,2,2021-05-26,1,1,0.4671605981064289,0.4671605981064289,0.33272787054062164,0.13443272756580726
XOM,calibrated_random_forest,2,2021-05-27,1,1,0.44763962798984364,0.44763962798984364,0.3497961892039035,0.09784343878594015
XOM,calibrated_random_forest,2,2021-05-28,1,1,0.47714146601022284,0.47714146601022284,0.34949649956218964,0.1276449664480332
XOM,calibrated_random_forest,2,2021-06-01,1,1,0.4349011834145875,0.4349011834145875,0.3349684328397083,0.09993275057487921
XOM,calibrated_random_forest,2,2021-06-02,1,1,0.4365752701492826,0.4365752701492826,0.3152467461949654,0.1213285239543172
XOM,calibrated_random_forest,2,2021-06-03,1,1,0.43507792088872993,0.43507792088872993,0.305686758209434,0.12939116267929596
XOM,calibrated_random_forest,2,2021-06-04,0,1,0.41604379708978795,0.41604379708978795,0.3093061037163693,0.10673769337341865
XOM,calibrated_random_forest,2,2021-06-07,0,1,0.4299752813991617,0.4299752813991617,0.2907122182720543,0.1392630631271074
XOM,calibrated_random_forest,2,2021-06-08,1,1,0.4022586073875441,0.4022586073875441,0.3156394545666587,0.08661915282088539
XOM,calibrated_random_forest,2,2021-06-09,1,1,0.3472852613372412,0.3472852613372412,0.3437234815783463,0.0035617797588948785
XOM,calibrated_random_forest,2,2021-06-10,0,1,0.389630773022324,0.389630773022324,0.3326431312725145,0.056987641749809526
XOM,calibrated_random_forest,2,2021-06-11,-1,1,0.41945008278762846,0.41945008278762846,0.31922712196927744,0.10022296081835103
XOM,calibrated_random_forest,2,2021-06-14,0,1,0.4271701800670806,0.4271701800670806,0.300819505174233,0.12635067489284757
XOM,calibrated_random_forest,2,2021-06-15,0,1,0.353901273395393,0.353901273395393,0.34855536903625844,0.005345904359134568
XOM,calibrated_random_forest,2,2021-06-16,0,1,0.38178041294766696,0.38178041294766696,0.32656521890364965,0.05521519404401731
XOM,calibrated_random_forest,2,2021-06-17,1,1,0.44366865938306904,0.44366865938306904,0.3239766304986318,0.11969202888443725
XOM,calibrated_random_forest,2,2021-06-18,1,1,0.47064615984609137,0.47064615984609137,0.3305352617221801,0.14011089812391125
XOM,calibrated_random_forest,2,2021-06-21,0,1,0.43308438139517286,0.43308438139517286,0.3145451038363854,0.11853927755878746
XOM,calibrated_random_forest,2,2021-06-22,0,1,0.4080865987965698,0.4080865987965698,0.3148904485901896,0.09319615020638017
XOM,calibrated_random_forest,2,2021-06-23,0,1,0.4015105368800418,0.4015105368800418,0.32450411097843507,0.07700642590160672
XOM,calibrated_random_forest,2,2021-06-24,0,1,0.41256878536920283,0.41256878536920283,0.3186733501810752,0.09389543518812765
XOM,calibrated_random_forest,2,2021-06-25,-1,1,0.373499276554812,0.373499276554812,0.34865431630291127,0.02484496025190075
XOM,calibrated_random_forest,2,2021-06-28,-1,1,0.4390492616561172,0.4390492616561172,0.3348005128623803,0.10424874879373691
XOM,calibrated_random_forest,2,2021-06-29,-1,1,0.47012461889275853,0.47012461889275853,0.3443349990785847,0.1257896198141738
XOM,calibrated_random_forest,2,2021-06-30,-1,1,0.4536116393908422,0.4536116393908422,0.3314498576681525,0.12216178172268971
XOM,calibrated_random_forest,2,2021-07-01,-1,1,0.45397238569686893,0.45397238569686893,0.3419291180432979,0.11204326765357103
XOM,calibrated_random_forest,2,2021-07-02,-1,1,0.46492845917492615,0.46492845917492615,0.3281288736795907,0.13679958549533544
XOM,calibrated_random_forest,2,2021-07-06,0,1,0.40571125890106674,0.40571125890106674,0.3542781786739264,0.051433080227140326
XOM,calibrated_random_forest,2,2021-07-07,0,1,0.3826645833754565,0.3826645833754565,0.3714725567421295,0.011192026633327024
XOM,calibrated_random_forest,2,2021-07-08,0,-1,0.3820822917247994,0.36293697186235474,0.36293697186235474,0.019145319862444665
XOM,calibrated_random_forest,2,2021-07-09,-1,1,0.3960572178256925,0.3960572178256925,0.35367792616320987,0.04237929166248261
XOM,calibrated_random_forest,2,2021-07-12,-1,1,0.416922338628404,0.416922338628404,0.3351671064492668,0.08175523217913722
XOM,calibrated_random_forest,2,2021-07-13,-1,1,0.3847202966107946,0.3847202966107946,0.3548080410647762,0.029912255546018396
XOM,calibrated_random_forest,2,2021-07-14,-1,-1,0.4094911771145462,0.35333727397733133,0.35333727397733133,0.056153903137214856
XOM,calibrated_random_forest,2,2021-07-15,-1,-1,0.4024032315369621,0.3467442831357148,0.3467442831357148,0.0556589484012473
XOM,calibrated_random_forest,2,2021-07-16,0,-1,0.4220027060461573,0.3702177320253601,0.3702177320253601,0.05178497402079718
XOM,calibrated_random_forest,2,2021-07-19,1,-1,0.42927057008036157,0.3713643043052645,0.3713643043052645,0.057906265775097054
XOM,calibrated_random_forest,2,2021-07-20,1,1,0.40363523022024167,0.40363523022024167,0.40126050895535564,0.002374721264886026
XOM,calibrated_random_forest,2,2021-07-21,0,-1,0.3982239088957013,0.38662242162508087,0.38662242162508087,0.011601487270620436
XOM,calibrated_random_forest,2,2021-07-22,1,1,0.4054870424837152,0.4054870424837152,0.39517275483474706,0.010314287648968135
XOM,calibrated_random_forest,2,2021-07-23,0,-1,0.39912944867303807,0.3889983255437683,0.3889983255437683,0.010131123129269781
XOM,calibrated_random_forest,2,2021-07-26,0,1,0.39721235558620777,0.39721235558620777,0.35278499262763824,0.04442736295856953
XOM,calibrated_random_forest,2,2021-07-27,0,-1,0.37913544792535053,0.37453325720505726,0.37453325720505726,0.0046021907202932755
XOM,calibrated_random_forest,2,2021-07-28,-1,1,0.3892401515548343,0.3892401515548343,0.36454588408061056,0.024694267474223763
XOM,calibrated_random_forest,2,2021-07-29,-1,1,0.36873842415902125,0.36873842415902125,0.33364730416502425,0.035091119993997
XOM,calibrated_random_forest,2,2021-07-30,0,1,0.3912763754118728,0.3912763754118728,0.3593520333515878,0.03192434206028505
XOM,calibrated_random_forest,2,2021-08-02,0,-1,0.36957469847087604,0.36907299184042824,0.36907299184042824,0.0005017066304477957
XOM,calibrated_random_forest,2,2021-08-03,0,1,0.3929690681294977,0.3929690681294977,0.32763499879196306,0.06533406933753466
XOM,calibrated_random_forest,2,2021-08-04,1,1,0.3756994517068059,0.3756994517068059,0.3743560429688723,0.0013434087379335935
XOM,calibrated_random_forest,2,2021-08-05,0,1,0.37302137675407926,0.37302137675407926,0.3625813182647652,0.010440058489314064
XOM,calibrated_random_forest,2,2021-08-06,0,1,0.38009945453834115,0.38009945453834115,0.3316342540896462,0.048465200448694956
XOM,calibrated_random_forest,2,2021-08-09,0,1,0.3688709837683908,0.3688709837683908,0.3523427833502204,0.01652820041817038
XOM,calibrated_random_forest,2,2021-08-10,-1,1,0.4116816895635828,0.4116816895635828,0.3146929547628137,0.09698873480076908
XOM,calibrated_random_forest,2,2021-08-11,-1,1,0.4519988010159202,0.4519988010159202,0.2853161045496356,0.16668269646628464
XOM,calibrated_random_forest,2,2021-08-12,-1,1,0.45111638478446653,0.45111638478446653,0.29043014658546257,0.16068623819900396
XOM,calibrated_random_forest,2,2021-08-13,-1,1,0.44704023941669435,0.44704023941669435,0.3252289347590225,0.12181130465767187
XOM,calibrated_random_forest,2,2021-08-16,0,1,0.44463411375821266,0.44463411375821266,0.33814102707243143,0.10649308668578122
XOM,calibrated_random_forest,2,2021-08-17,0,1,0.4580293741578632,0.4580293741578632,0.355551539844805,0.10247783431305824
XOM,calibrated_random_forest,2,2021-08-18,0,1,0.4013533977537021,0.4013533977537021,0.38412296354479203,0.017230434208910073
XOM,calibrated_random_forest,2,2021-08-19,1,-1,0.4083911811573349,0.389910570526425,0.389910570526425,0.01848061063090989
XOM,calibrated_random_forest,2,2021-08-20,1,1,0.40277066597159844,0.40277066597159844,0.3922650767496991,0.010505589221899314
XOM,calibrated_random_forest,2,2021-08-23,0,1,0.4074672560493144,0.4074672560493144,0.35831539956396585,0.04915185648534853
XOM,calibrated_random_forest,2,2021-08-24,0,1,0.4211254330144662,0.4211254330144662,0.3414923753118284,0.07963305770263779
XOM,calibrated_random_forest,2,2021-08-25,-1,1,0.43443441745928796,0.43443441745928796,0.330179286249814,0.10425513120947394
XOM,calibrated_random_forest,2,2021-08-26,0,1,0.41452830692741416,0.41452830692741416,0.35199604615270846,0.0625322607747057
XOM,calibrated_random_forest,2,2021-08-27,0,1,0.40311796659418403,0.40311796659418403,0.31875690234903337,0.08436106424515066
XOM,calibrated_random_forest,2,2021-08-30,0,1,0.4171750675638557,0.4171750675638557,0.33604615258895626,0.08112891497489944
XOM,calibrated_random_forest,2,2021-08-31,0,-1,0.39091979587359954,0.37193227991059,0.37193227991059,0.018987515963009516
XOM,calibrated_random_forest,2,2021-09-01,0,-1,0.39208218026663294,0.3828647140483854,0.3828647140483854,0.009217466218247539
XOM,calibrated_random_forest,2,2021-09-02,0,1,0.41924539558907065,0.41924539558907065,0.3181497094808274,0.10109568610824327
XOM,calibrated_random_forest,2,2021-09-03,0,1,0.4112730582433119,0.4112730582433119,0.33654041832084375,0.07473263992246815
XOM,calibrated_random_forest,2,2021-09-07,0,1,0.41558726419476516,0.41558726419476516,0.32504990455858046,0.0905373596361847
XOM,calibrated_random_forest,2,2021-09-08,1,1,0.36821026305580123,0.36821026305580123,0.3644754831145147,0.0037347799412865146
XOM,calibrated_random_forest,2,2021-09-09,1,1,0.38178043310805493,0.38178043310805493,0.35929616828667826,0.022484264821376665
XOM,calibrated_random_forest,2,2021-09-10,1,1,0.371695565154088,0.371695565154088,0.3441112695342772,0.02758429561981085
XOM,calibrated_random_forest,2,2021-09-13,-1,1,0.4340115010394554,0.4340115010394554,0.298583910184448,0.13542759085500738
XOM,calibrated_random_forest,2,2021-09-14,0,1,0.4401725831473941,0.4401725831473941,0.3038282307911162,0.1363443523562779
XOM,calibrated_random_forest,2,2021-09-15,-1,1,0.426690914098733,0.426690914098733,0.3296660656758294,0.0970248484229036
XOM,calibrated_random_forest,2,2021-09-16,1,1,0.4757307724332971,0.4757307724332971,0.3368009742615792,0.1389297981717179
XOM,calibrated_random_forest,2,2021-09-17,1,1,0.4666350066862215,0.4666350066862215,0.3411456835218263,0.1254893231643952
XOM,calibrated_random_forest,2,2021-09-20,1,1,0.47847376702567246,0.47847376702567246,0.33541982313557184,0.14305394389010062
XOM,calibrated_random_forest,2,2021-09-21,1,1,0.4092709137374102,0.4092709137374102,0.36167600651430093,0.04759490722310927
XOM,calibrated_random_forest,2,2021-09-22,1,1,0.4239262344608199,0.4239262344608199,0.33409767618369185,0.08982855827712805
XOM,calibrated_random_forest,2,2021-09-23,1,1,0.4300846848193314,0.4300846848193314,0.33212056466006307,0.09796412015926831
XOM,calibrated_random_forest,2,2021-09-24,1,1,0.4134176059995743,0.4134176059995743,0.33410903206449505,0.07930857393507923
XOM,calibrated_random_forest,2,2021-09-27,1,-1,0.3694854350791485,0.3345052627931913,0.3345052627931913,0.03498017228595718
XOM,calibrated_random_forest,2,2021-09-28,1,-1,0.3696243390229079,0.33161696892628023,0.33161696892628023,0.03800737009662769
XOM,calibrated_random_forest,2,2021-09-29,0,1,0.36288830053735627,0.36288830053735627,0.36040595579879064,0.0024823447385656228
XOM,calibrated_random_forest,2,2021-09-30,1,1,0.40990546352094287,0.40990546352094287,0.3473125518507989,0.06259291167014397
XOM,calibrated_random_forest,2,2021-10-01,1,-1,0.3567689590709908,0.3526277167224117,0.3526277167224117,0.0041412423485790995
XOM,calibrated_random_forest,2,2021-10-04,0,-1,0.3632714911097325,0.3470460885894471,0.3470460885894471,0.016225402520285426
XOM,calibrated_random_forest,2,2021-10-05,0,1,0.3793118559605156,0.3793118559605156,0.36801761933254334,0.011294236627972243
XOM,calibrated_random_forest,2,2021-10-06,0,1,0.41899008401868193,0.41899008401868193,0.32913990520154596,0.08985017881713597
XOM,calibrated_random_forest,2,2021-10-07,1,1,0.42012243563788787,0.42012243563788787,0.3286802731030111,0.09144216253487675
XOM,calibrated_random_forest,2,2021-10-08,0,1,0.3750810675820202,0.3750810675820202,0.34606991642665913,0.02901115115536107
XOM,calibrated_random_forest,2,2021-10-11,0,1,0.41143906593101826,0.41143906593101826,0.3327954849618271,0.07864358096919116
XOM,calibrated_random_forest,2,2021-10-12,1,1,0.4262211874692288,0.4262211874692288,0.3185851086107801,0.10763607885844872
XOM,calibrated_random_forest,2,2021-10-13,1,1,0.42688478616525627,0.42688478616525627,0.3169979450686123,0.10988684109664398
XOM,calibrated_random_forest,2,2021-10-14,0,1,0.40969013068897603,0.40969013068897603,0.32949193036475943,0.0801982003242166
XOM,calibrated_random_forest,2,2021-10-15,0,1,0.380505141510493,0.380505141510493,0.320377279874502,0.06012786163599099
XOM,calibrated_random_forest,2,2021-10-18,1,1,0.366763731522862,0.366763731522862,0.34071548683622127,0.026048244686640742
XOM,calibrated_random_forest,2,2021-10-19,1,1,0.36619670799287585,0.36619670799287585,0.3290909483355934,0.03710575965728247
XOM,calibrated_random_forest,2,2021-10-20,0,1,0.35153115977266075,0.35153115977266075,0.3290676465627778,0.022463513209882935
XOM,calibrated_random_forest,2,2021-10-21,1,1,0.4079654778170463,0.4079654778170463,0.30937103585578973,0.09859444196125655
XOM,calibrated_random_forest,2,2021-10-22,1,1,0.4163620659007512,0.4163620659007512,0.296577449119477,0.11978461678127422
XOM,calibrated_random_forest,2,2021-10-25,0,1,0.3523734105610883,0.3523734105610883,0.3269547971110267,0.025418613450061578
XOM,calibrated_random_forest,2,2021-10-26,0,-1,0.3459669812276999,0.3422551316028044,0.3422551316028044,0.0037118496248955135
XOM,calibrated_random_forest,2,2021-10-27,0,1,0.433746243365444,0.433746243365444,0.3108965144310138,0.12284972893443019
XOM,calibrated_random_forest,2,2021-10-28,0,1,0.45574991813834625,0.45574991813834625,0.30152617581801033,0.15422374232033592
XOM,calibrated_random_forest,2,2021-10-29,0,1,0.43670191451796914,0.43670191451796914,0.31276782212687115,0.12393409239109798
XOM,calibrated_random_forest,2,2021-11-01,0,1,0.41959921450819726,0.41959921450819726,0.29337508906120346,0.1262241254469938
XOM,calibrated_random_forest,2,2021-11-02,1,1,0.44322257912629404,0.44322257912629404,0.2948417338256587,0.14838084530063533
XOM,calibrated_random_forest,2,2021-11-03,0,1,0.4474297238519502,0.4474297238519502,0.30900947798140793,0.13842024587054225
XOM,calibrated_random_forest,2,2021-11-04,0,1,0.4618068894619118,0.4618068894619118,0.2981845181567558,0.163622371305156
XOM,calibrated_random_forest,2,2021-11-05,0,1,0.4448032916179221,0.4448032916179221,0.27763790204019734,0.16716538957772475
XOM,calibrated_random_forest,2,2021-11-08,0,1,0.4355288087774312,0.4355288087774312,0.2847186910487867,0.1508101177286445
XOM,calibrated_random_forest,2,2021-11-09,0,1,0.4096298966395566,0.4096298966395566,0.29863592648318116,0.11099397015637547
XOM,calibrated_random_forest,2,2021-11-10,0,1,0.4311450735442505,0.4311450735442505,0.3014482204662147,0.1296968530780358
XOM,calibrated_random_forest,2,2021-11-11,0,1,0.44054331307174194,0.44054331307174194,0.28523744843181037,0.15530586463993157
XOM,calibrated_random_forest,2,2021-11-12,-1,1,0.4266551266717151,0.4266551266717151,0.3087188396346747,0.1179362870370404
XOM,calibrated_random_forest,2,2021-11-15,-1,1,0.4363707924125562,0.4363707924125562,0.28525015725383573,0.15112063515872048
XOM,calibrated_random_forest,2,2021-11-16,-1,1,0.4057533368133169,0.4057533368133169,0.3134143223577241,0.09233901445559278
XOM,calibrated_random_forest,2,2021-11-17,0,1,0.4262562985346779,0.4262562985346779,0.28752825768192397,0.13872804085275392
XOM,calibrated_random_forest,2,2021-11-18,-1,1,0.4483064594097617,0.4483064594097617,0.31220297347932235,0.13610348593043936
XOM,calibrated_random_forest,2,2021-11-19,0,1,0.41011352578228166,0.41011352578228166,0.368413517623519,0.04170000815876268
XOM,calibrated_random_forest,2,2021-11-22,-1,1,0.3882177450169311,0.3882177450169311,0.3769809423993052,0.01123680261762594
XOM,calibrated_random_forest,2,2021-11-23,-1,1,0.39687173016820704,0.39687173016820704,0.3561319477418244,0.040739782426382654
XOM,calibrated_random_forest,2,2021-11-24,-1,1,0.43649969305788866,0.43649969305788866,0.3210680928453204,0.11543160021256826
XOM,calibrated_random_forest,2,2021-11-26,0,1,0.40729781790919056,0.40729781790919056,0.37116572997802244,0.03613208793116812
XOM,calibrated_random_forest,2,2021-11-29,0,1,0.38639300023006,0.38639300023006,0.3711854927365749,0.015207507493485095
XOM,calibrated_random_forest,2,2021-11-30,1,-1,0.39726562947825267,0.38886017825207747,0.38886017825207747,0.008405451226175198
XOM,calibrated_random_forest,2,2021-12-01,1,1,0.3913396822470923,0.3913396822470923,0.3759413979798505,0.015398284267241824
XOM,calibrated_random_forest,2,2021-12-02,1,1,0.4186979355329938,0.4186979355329938,0.35480874666580026,0.06388918886719352
XOM,calibrated_random_forest,2,2021-12-03,1,1,0.4173947906482793,0.4173947906482793,0.3500263164852306,0.0673684741630487
XOM,calibrated_random_forest,2,2021-12-06,0,1,0.42020463224512206,0.42020463224512206,0.3263237987941438,0.09388083345097825
XOM,calibrated_random_forest,2,2021-12-07,0,1,0.4050567066816608,0.4050567066816608,0.30987257835088017,0.09518412833078066
XOM,calibrated_random_forest,2,2021-12-08,0,1,0.387523070183391,0.387523070183391,0.3240919779263152,0.06343109225707577
XOM,calibrated_random_forest,2,2021-12-09,0,1,0.4199764688877406,0.4199764688877406,0.3272325462701526,0.09274392261758801
XOM,calibrated_random_forest,2,2021-12-10,-1,1,0.40789712389994115,0.40789712389994115,0.30541783657735705,0.1024792873225841
XOM,calibrated_random_forest,2,2021-12-13,-1,1,0.3989675421231585,0.3989675421231585,0.3432697259853675,0.05569781613779101
XOM,calibrated_random_forest,2,2021-12-14,0,1,0.3947975558121448,0.3947975558121448,0.3289450134828176,0.06585254232932719
XOM,calibrated_random_forest,2,2021-12-15,0,1,0.37444483948629087,0.37444483948629087,0.33298414551288785,0.04146069397340302
XOM,calibrated_random_forest,2,2021-12-16,0,1,0.38128283092484067,0.38128283092484067,0.32736205736463336,0.0539207735602073
XOM,calibrated_random_forest,2,2021-12-17,1,-1,0.38916695834463216,0.3616006059573578,0.3616006059573578,0.02756635238727434
XOM,calibrated_random_forest,2,2021-12-20,1,1,0.42880639863352815,0.42880639863352815,0.36588073488968753,0.06292566374384062
XOM,calibrated_random_forest,2,2021-12-21,0,1,0.4120190948776912,0.4120190948776912,0.34971695329836683,0.0623021415793244
XOM,calibrated_random_forest,2,2021-12-22,0,1,0.40642024420633466,0.40642024420633466,0.3223788023039235,0.08404144190241114
XOM,calibrated_random_forest,2,2021-12-23,0,1,0.4054573337101819,0.4054573337101819,0.30496129737516775,0.10049603633501414
XOM,calibrated_random_forest,2,2021-12-27,1,1,0.42705521779608624,0.42705521779608624,0.3009128466406239,0.12614237115546234
XOM,calibrated_random_forest,2,2021-12-28,1,1,0.40970685037856214,0.40970685037856214,0.29768565461708213,0.11202119576148001
XOM,calibrated_random_forest,2,2021-12-29,1,1,0.4447361101189542,0.4447361101189542,0.3084513313875196,0.13628477873143457
XOM,calibrated_random_forest,2,2021-12-30,1,1,0.42693735752000483,0.42693735752000483,0.31761377152053366,0.10932358599947117
XOM,calibrated_random_forest,2,2021-12-31,1,1,0.4256553001904689,0.4256553001904689,0.28804764962118007,0.1376076505692888
XOM,calibrated_random_forest,2,2022-01-03,1,1,0.4317427074095314,0.4317427074095314,0.29043051174418305,0.14131219566534836
XOM,calibrated_random_forest,2,2022-01-04,1,-1,0.373289681660947,0.3390731316863169,0.3390731316863169,0.034216549974630084
XOM,calibrated_random_forest,2,2022-01-05,1,-1,0.38223174637756213,0.3161249133859844,0.3161249133859844,0.06610683299157771
XOM,calibrated_random_forest,2,2022-01-06,1,-1,0.40214211704329766,0.2949947766735888,0.3028631062831135,0.09927901076018414
XOM,calibrated_random_forest,2,2022-01-07,1,-1,0.38244603649752085,0.31290636827011303,0.31290636827011303,0.06953966822740781
XOM,calibrated_random_forest,2,2022-01-10,1,-1,0.3880133595374333,0.33242892711337046,0.33242892711337046,0.05558443242406286
XOM,calibrated_random_forest,2,2022-01-11,1,-1,0.3967433703341203,0.29745313085221164,0.3058034988136681,0.09093987152045224
XOM,calibrated_random_forest,2,2022-01-12,1,-1,0.3888590787573241,0.3292890542883635,0.3292890542883635,0.05957002446896059
XOM,calibrated_random_forest,2,2022-01-13,1,-1,0.37046669033487456,0.36123653605137007,0.36123653605137007,0.009230154283504488
XOM,calibrated_random_forest,2,2022-01-14,0,-1,0.3637214810114801,0.33887142877221427,0.33887142877221427,0.02485005223926584
XOM,calibrated_random_forest,2,2022-01-18,1,-1,0.38708226977972743,0.31685793799471224,0.31685793799471224,0.07022433178501519
XOM,calibrated_random_forest,2,2022-01-19,0,-1,0.37608536105137363,0.34278081832564283,0.34278081832564283,0.0333045427257308
XOM,calibrated_random_forest,2,2022-01-20,1,-1,0.36372466130999065,0.35676276729147466,0.35676276729147466,0.0069618940185159905
XOM,calibrated_random_forest,2,2022-01-21,1,1,0.39916466210342927,0.39916466210342927,0.33999420236981415,0.05917045973361512
XOM,calibrated_random_forest,2,2022-01-24,1,1,0.43168304728545276,0.43168304728545276,0.31654550222853356,0.1151375450569192
XOM,calibrated_random_forest,2,2022-01-25,1,1,0.3774217956469937,0.3774217956469937,0.35813831600318924,0.019283479643804446
XOM,calibrated_random_forest,2,2022-01-26,1,1,0.3930461056613139,0.3930461056613139,0.35226685154061227,0.04077925412070166
XOM,calibrated_random_forest,2,2022-01-27,1,1,0.3737968309201391,0.3737968309201391,0.35762992334188654,0.016166907578252565
XOM,calibrated_random_forest,2,2022-01-28,1,1,0.3643258711852601,0.3643258711852601,0.3383129267318827,0.02601294445337743
XOM,calibrated_random_forest,2,2022-01-31,1,1,0.36004618369070746,0.36004618369070746,0.3294433053028287,0.03060287838787873
XOM,calibrated_random_forest,2,2022-02-01,0,-1,0.3869320621111088,0.31179256756752344,0.31179256756752344,0.07513949454358537
XOM,calibrated_random_forest,2,2022-02-02,0,-1,0.4017641728574575,0.31639274587862487,0.31639274587862487,0.08537142697883265
XOM,calibrated_random_forest,2,2022-02-03,0,1,0.3631825750278897,0.3631825750278897,0.36127126636470847,0.0019113086631812326
XOM,calibrated_random_forest,2,2022-02-04,0,-1,0.38684769953936327,0.31045832580037613,0.31045832580037613,0.07638937373898713
XOM,calibrated_random_forest,2,2022-02-07,-1,-1,0.381073816127427,0.322028098857826,0.322028098857826,0.059045717269601006
XOM,calibrated_random_forest,2,2022-02-08,0,1,0.39774023046790635,0.39774023046790635,0.3399577565978907,0.05778247387001567
XOM,calibrated_random_forest,2,2022-02-09,0,1,0.40016456696272346,0.40016456696272346,0.33664031731464,0.06352424964808345
XOM,calibrated_random_forest,2,2022-02-10,0,1,0.4064175347222012,0.4064175347222012,0.32576073783580844,0.08065679688639277
XOM,calibrated_random_forest,2,2022-02-11,-1,1,0.4014110857271947,0.4014110857271947,0.3192485812204687,0.08216250450672602
XOM,calibrated_random_forest,2,2022-02-14,-1,1,0.4392064823725296,0.4392064823725296,0.3133056346439694,0.12590084772856025
XOM,calibrated_random_forest,2,2022-02-15,0,1,0.4373095797019218,0.4373095797019218,0.3302865184802765,0.10702306122164529
XOM,calibrated_random_forest,2,2022-02-16,-1,1,0.429298186251557,0.429298186251557,0.32205204727299996,0.10724613897855706
XOM,calibrated_random_forest,2,2022-02-17,0,1,0.4264732457440051,0.4264732457440051,0.3203375843831779,0.1061356613608272
XOM,calibrated_random_forest,2,2022-02-18,0,1,0.4648435176715406,0.4648435176715406,0.32748155523031336,0.13736196244122723
XOM,calibrated_random_forest,2,2022-02-22,1,1,0.4120545048164554,0.4120545048164554,0.3655093115321686,0.0465451932842868
XOM,calibrated_random_forest,2,2022-02-23,1,1,0.43061112834302256,0.43061112834302256,0.3373358941853919,0.09327523415763067
XOM,calibrated_random_forest,2,2022-02-24,1,1,0.42214233440090904,0.42214233440090904,0.35660110120335964,0.0655412331975494
XOM,calibrated_random_forest,2,2022-02-25,1,1,0.4406530749071423,0.4406530749071423,0.32725824567687434,0.11339482923026795
XOM,calibrated_random_forest,2,2022-02-28,1,1,0.4309287327167997,0.4309287327167997,0.3094371791811985,0.1214915535356012
XOM,calibrated_random_forest,2,2022-03-01,1,1,0.3853317126094633,0.3853317126094633,0.34185054965980166,0.043481162949661645
XOM,calibrated_random_forest,2,2022-03-02,1,1,0.38296174171159514,0.38296174171159514,0.3261997666194487,0.05676197509214642
XOM,calibrated_random_forest,2,2022-03-03,1,1,0.37299244665888037,0.37299244665888037,0.33154611373567816,0.04144633292320221
XOM,calibrated_random_forest,2,2022-03-04,0,1,0.3727541202529186,0.3727541202529186,0.33913326201828076,0.03362085823463784
XOM,calibrated_random_forest,2,2022-03-07,-1,-1,0.3724692324848366,0.34980508558806184,0.34980508558806184,0.02266414689677476
XOM,calibrated_random_forest,2,2022-03-08,-1,-1,0.36294332758739073,0.3585676041464672,0.3585676041464672,0.004375723440923518
XOM,calibrated_random_forest,2,2022-03-09,-1,1,0.44448422994406095,0.44448422994406095,0.3147224275968315,0.12976180234722945
XOM,calibrated_random_forest,2,2022-03-10,-1,1,0.40577632866420127,0.40577632866420127,0.32347040774553726,0.08230592091866401
XOM,calibrated_random_forest,2,2022-03-11,-1,1,0.44387193032320366,0.44387193032320366,0.3080476498197104,0.13582428050349327
XOM,calibrated_random_forest,2,2022-03-14,0,1,0.464667518870651,0.464667518870651,0.30728134059400386,0.15738617827664714
XOM,calibrated_random_forest,2,2022-03-15,1,1,0.4619574241675755,0.4619574241675755,0.33616302518588587,0.12579439898168965
XOM,calibrated_random_forest,2,2022-03-16,1,1,0.4526035415353726,0.4526035415353726,0.34362805934264123,0.10897548219273134
XOM,calibrated_random_forest,2,2022-03-17,1,1,0.4489658277082447,0.4489658277082447,0.3424517544898457,0.10651407321839901
XOM,calibrated_random_forest,2,2022-03-18,1,1,0.47468815552891647,0.47468815552891647,0.3280350067752117,0.14665314875370478
XOM,calibrated_random_forest,2,2022-03-21,0,1,0.4492742128789713,0.4492742128789713,0.3230574341708727,0.1262167787080986
XOM,calibrated_random_forest,2,2022-03-22,0,1,0.4700152132483659,0.4700152132483659,0.3230616758717826,0.14695353737658334
XOM,calibrated_random_forest,2,2022-03-23,0,1,0.4137576812788272,0.4137576812788272,0.3193918892535384,0.09436579202528883
XOM,calibrated_random_forest,2,2022-03-24,0,1,0.45195489040242,0.45195489040242,0.32086175235866704,0.13109313804375294
XOM,calibrated_random_forest,2,2022-03-25,-1,1,0.40419466722687164,0.40419466722687164,0.3118371693758141,0.09235749785105751
XOM,calibrated_random_forest,2,2022-03-28,0,1,0.47131033378331466,0.47131033378331466,0.31537503620590873,0.15593529757740593
XOM,calibrated_random_forest,2,2022-03-29,0,1,0.4531281251346903,0.4531281251346903,0.30170332765412294,0.15142479748056736
XOM,calibrated_random_forest,2,2022-03-30,0,1,0.4494489669305988,0.4494489669305988,0.28429121552283704,0.1651577514077618
XOM,calibrated_random_forest,2,2022-03-31,1,1,0.45603609847193827,0.45603609847193827,0.30862466859499954,0.14741142987693873
XOM,calibrated_random_forest,2,2022-04-01,1,1,0.4306504817284275,0.4306504817284275,0.2923879892082209,0.13826249252020661
XOM,calibrated_random_forest,2,2022-04-04,0,1,0.40088323714268886,0.40088323714268886,0.30546751971998926,0.09541571742269961
XOM,calibrated_random_forest,2,2022-04-05,1,1,0.40549294487690374,0.40549294487690374,0.29767834327826065,0.10781460159864309
XOM,calibrated_random_forest,2,2022-04-06,1,1,0.4372342093267576,0.4372342093267576,0.2956746541185582,0.1415595552081994
XOM,calibrated_random_forest,2,2022-04-07,1,1,0.421672261833326,0.421672261833326,0.29922680240615174,0.12244545942717427
XOM,calibrated_random_forest,2,2022-04-08,0,1,0.3952739850740515,0.3952739850740515,0.30862070843336004,0.08665327664069145
XOM,calibrated_random_forest,2,2022-04-11,1,1,0.45839653182396,0.45839653182396,0.29828890615073533,0.16010762567322467
XOM,calibrated_random_forest,2,2022-04-12,1,1,0.426287161286681,0.426287161286681,0.3215044179229952,0.10478274336368576
XOM,calibrated_random_forest,2,2022-04-13,0,1,0.42382957804609606,0.42382957804609606,0.31827962947216504,0.10554994857393102
XOM,calibrated_random_forest,2,2022-04-14,-1,1,0.41301628710336374,0.41301628710336374,0.3105152166808401,0.10250107042252365
XOM,calibrated_random_forest,2,2022-04-18,-1,1,0.4046590866486326,0.4046590866486326,0.32578095000317536,0.07887813664545723
XOM,calibrated_random_forest,2,2022-04-19,-1,1,0.41518236386024715,0.41518236386024715,0.3205494063571132,0.09463295750313394
XOM,calibrated_random_forest,2,2022-04-20,-1,1,0.41870592340099755,0.41870592340099755,0.32786614286601923,0.09083978053497832
XOM,calibrated_random_forest,2,2022-04-21,0,1,0.43904845730917214,0.43904845730917214,0.3089900069618378,0.13005845034733432
XOM,calibrated_random_forest,2,2022-04-22,0,1,0.4563934879084132,0.4563934879084132,0.33105713706789935,0.12533635084051387
XOM,calibrated_random_forest,2,2022-04-25,1,1,0.4550473883542947,0.4550473883542947,0.33848272566657917,0.11656466268771554
XOM,calibrated_random_forest,2,2022-04-26,1,1,0.45609805546332377,0.45609805546332377,0.32009284482366684,0.13600521063965693
XOM,calibrated_random_forest,2,2022-04-27,1,1,0.44842488486934684,0.44842488486934684,0.33828917333219694,0.1101357115371499
XOM,calibrated_random_forest,2,2022-04-28,1,1,0.446900104296571,0.446900104296571,0.3166913882759359,0.1302087160206351
XOM,calibrated_random_forest,2,2022-04-29,1,1,0.468800777596406,0.468800777596406,0.33006763924417143,0.13873313835223455
XOM,calibrated_random_forest,2,2022-05-02,-1,1,0.4672284145960945,0.4672284145960945,0.32811450278018667,0.13911391181590782
XOM,calibrated_random_forest,2,2022-05-03,-1,1,0.43272844312069897,0.43272844312069897,0.3185064954268327,0.11422194769386629
XOM,calibrated_random_forest,2,2022-05-04,-1,1,0.37084742423644784,0.37084742423644784,0.3360474900445374,0.034799934191910464
XOM,calibrated_random_forest,2,2022-05-05,-1,1,0.4269045975186114,0.4269045975186114,0.31667718063929023,0.11022741687932114
XOM,calibrated_random_forest,2,2022-05-06,-1,1,0.3935067748616927,0.3935067748616927,0.3399056738403605,0.0536011010213322
XOM,calibrated_random_forest,2,2022-05-09,1,1,0.47115007593990965,0.47115007593990965,0.30959462874688587,0.16155544719302378
XOM,calibrated_random_forest,2,2022-05-10,1,1,0.4616146373268378,0.4616146373268378,0.3281041273211815,0.13351051000565628
XOM,calibrated_random_forest,2,2022-05-11,1,1,0.4421943016069401,0.4421943016069401,0.326368644099726,0.11582565750721413
XOM,calibrated_random_forest,2,2022-05-12,1,1,0.4794786853800632,0.4794786853800632,0.31923745196813363,0.16024123341192958
XOM,calibrated_random_forest,2,2022-05-13,1,1,0.4504265344295802,0.4504265344295802,0.32194432585083826,0.12848220857874193
XOM,calibrated_random_forest,2,2022-05-16,1,1,0.41077201853295503,0.41077201853295503,0.3307146808893212,0.08005733764363382
XOM,calibrated_random_forest,2,2022-05-17,1,1,0.39844166615351023,0.39844166615351023,0.3453686953067055,0.053072970846804735
XOM,calibrated_random_forest,2,2022-05-18,1,1,0.43612968457112467,0.43612968457112467,0.32293294850103377,0.1131967360700909
XOM,calibrated_random_forest,2,2022-05-19,1,1,0.4468493160332168,0.4468493160332168,0.3010086471473485,0.14584066888586833
XOM,calibrated_random_forest,2,2022-05-20,1,1,0.43581523083418294,0.43581523083418294,0.3173604983738749,0.11845473246030802
XOM,calibrated_random_forest,2,2022-05-23,1,1,0.4081208814923885,0.4081208814923885,0.334096581969797,0.07402429952259149
XOM,calibrated_random_forest,2,2022-05-24,1,1,0.4079730577824445,0.4079730577824445,0.32464962846150885,0.08332342932093567
XOM,calibrated_random_forest,2,2022-05-25,0,1,0.38419773353557723,0.38419773353557723,0.33144040734906605,0.05275732618651119
XOM,calibrated_random_forest,2,2022-05-26,1,1,0.38018234662234995,0.38018234662234995,0.3388444060813589,0.04133794054099105
XOM,calibrated_random_forest,2,2022-05-27,0,1,0.3797427440960999,0.3797427440960999,0.31561409959811604,0.06412864449798389
XOM,calibrated_random_forest,2,2022-05-31,1,1,0.39833468489946733,0.39833468489946733,0.3173968559951272,0.08093782890434015
XOM,calibrated_random_forest,2,2022-06-01,1,1,0.3786926355017231,0.3786926355017231,0.324701430260156,0.053991205241567086
XOM,calibrated_random_forest,2,2022-06-02,1,1,0.40330467502699424,0.40330467502699424,0.30730075963735604,0.0960039153896382
XOM,calibrated_random_forest,2,2022-06-03,0,1,0.37575760777283795,0.37575760777283795,0.3220370500620518,0.053720557710786154
XOM,calibrated_random_forest,2,2022-06-06,-1,1,0.3804050253381445,0.3804050253381445,0.3133042047829018,0.06710082055524275
XOM,calibrated_random_forest,2,2022-06-07,-1,-1,0.35775943163291685,0.34810796370241553,0.34810796370241553,0.009651467930501312
XOM,calibrated_random_forest,2,2022-06-08,-1,-1,0.3607736855527181,0.34740004461414337,0.34740004461414337,0.013373640938574738
XOM,calibrated_random_forest,2,2022-06-09,-1,1,0.4147021092106527,0.4147021092106527,0.3299575522828118,0.08474455692784089
XOM,calibrated_random_forest,2,2022-06-10,-1,1,0.4326728246751463,0.4326728246751463,0.3034480551291255,0.1292247695460208
XOM,calibrated_random_forest,2,2022-06-13,-1,1,0.46888009779094153,0.46888009779094153,0.31369007582147895,0.15519002196946258
XOM,calibrated_random_forest,2,2022-06-14,-1,1,0.44872704218871357,0.44872704218871357,0.3219402530661952,0.12678678912251834
XOM,calibrated_random_forest,2,2022-06-15,-1,1,0.4691736646312917,0.4691736646312917,0.34132769643821154,0.12784596819308014
XOM,calibrated_random_forest,2,2022-06-16,-1,1,0.4803978057407101,0.4803978057407101,0.34310393250409366,0.13729387323661646
XOM,calibrated_random_forest,2,2022-06-17,1,1,0.4556699114405654,0.4556699114405654,0.36456984817640253,0.09110006326416287
XOM,calibrated_random_forest,2,2022-06-21,0,1,0.4516353148632412,0.4516353148632412,0.3429249385593001,0.10871037630394109
XOM,calibrated_random_forest,2,2022-06-22,0,1,0.46388721160211405,0.46388721160211405,0.3471966045392118,0.11669060706290224
XOM,calibrated_random_forest,2,2022-06-23,0,1,0.4567059977504931,0.4567059977504931,0.35903794377585485,0.09766805397463824
XOM,calibrated_random_forest,2,2022-06-24,0,1,0.42288890984712973,0.42288890984712973,0.36441711480891287,0.05847179503821687
XOM,calibrated_random_forest,2,2022-06-27,-1,1,0.46549671541366927,0.46549671541366927,0.30725203765736936,0.1582446777562999
XOM,calibrated_random_forest,2,2022-06-28,-1,1,0.4651252596226428,0.4651252596226428,0.32584445948951773,0.13928080013312505
XOM,calibrated_random_forest,2,2022-06-29,-1,1,0.49069565928543196,0.49069565928543196,0.31570641853930986,0.1749892407461221
XOM,calibrated_random_forest,2,2022-06-30,0,1,0.47689605631221976,0.47689605631221976,0.33563974493741333,0.14125631137480643
XOM,calibrated_random_forest,2,2022-07-01,-1,1,0.46925133003579167,0.46925133003579167,0.31878647954046957,0.1504648504953221
XOM,calibrated_random_forest,2,2022-07-05,0,1,0.44613712826277013,0.44613712826277013,0.3472232600439358,0.09891386821883436
XOM,calibrated_random_forest,2,2022-07-06,0,1,0.45199784511474306,0.45199784511474306,0.3617073424159991,0.09029050269874395
XOM,calibrated_random_forest,2,2022-07-07,-1,1,0.43670226839710197,0.43670226839710197,0.33839920689187136,0.0983030615052306
XOM,calibrated_random_forest,2,2022-07-08,0,1,0.4466203622067905,0.4466203622067905,0.3148092327334106,0.13181112947337992
XOM,calibrated_random_forest,2,2022-07-11,0,1,0.4479661231888417,0.4479661231888417,0.33071575658333946,0.11725036660550225
XOM,calibrated_random_forest,2,2022-07-12,1,1,0.45099638820881066,0.45099638820881066,0.34828021103482554,0.10271617717398512
XOM,calibrated_random_forest,2,2022-07-13,1,1,0.4572344752547812,0.4572344752547812,0.32937290418314974,0.12786157107163149
XOM,calibrated_random_forest,2,2022-07-14,1,1,0.4560279342885692,0.4560279342885692,0.3575742173813092,0.09845371690726001
XOM,calibrated_random_forest,2,2022-07-15,1,1,0.42372168902965884,0.42372168902965884,0.3467378487414523,0.07698384028820654
XOM,calibrated_random_forest,2,2022-07-18,1,1,0.41967941587900376,0.41967941587900376,0.29871258823554503,0.12096682764345873
XOM,calibrated_random_forest,2,2022-07-19,0,1,0.4366801052934064,0.4366801052934064,0.28910907558188054,0.14757102971152586
XOM,calibrated_random_forest,2,2022-07-20,1,1,0.42623070687375614,0.42623070687375614,0.30298618225954166,0.12324452461421448
XOM,calibrated_random_forest,2,2022-07-21,1,1,0.4422751699386773,0.4422751699386773,0.2914055261345392,0.15086964380413814
XOM,calibrated_random_forest,2,2022-07-22,1,1,0.4651243585661815,0.4651243585661815,0.29771658578965904,0.16740777277652247
XOM,calibrated_random_forest,2,2022-07-25,1,1,0.4338950210257598,0.4338950210257598,0.3140243865266786,0.1198706344990812
XOM,calibrated_random_forest,2,2022-07-26,1,1,0.4639445807906708,0.4639445807906708,0.3188739390345519,0.1450706417561189
XOM,calibrated_random_forest,2,2022-07-27,0,1,0.43403634985957845,0.43403634985957845,0.2868063297484162,0.14723002011116226
XOM,calibrated_random_forest,2,2022-07-28,-1,1,0.44307458659915183,0.44307458659915183,0.282705276369885,0.16036931022926681
XOM,calibrated_random_forest,2,2022-07-29,-1,-1,0.3646267403937297,0.35291365098232014,0.35291365098232014,0.011713089411409583
XOM,calibrated_random_forest,2,2022-08-01,-1,1,0.43662526200064794,0.43662526200064794,0.3261532215523742,0.11047204044827375
XOM,calibrated_random_forest,2,2022-08-02,-1,1,0.4512497963966819,0.4512497963966819,0.32426357321771054,0.12698622317897135
XOM,calibrated_random_forest,2,2022-08-03,0,1,0.4524862993497944,0.4524862993497944,0.32333369471742185,0.12915260463237255
XOM,calibrated_random_forest,2,2022-08-04,1,1,0.4518361329164704,0.4518361329164704,0.3298836893608739,0.12195244355559648
XOM,calibrated_random_forest,2,2022-08-05,1,1,0.44380508020582776,0.44380508020582776,0.30923020255863093,0.13457487764719683
XOM,calibrated_random_forest,2,2022-08-08,1,1,0.44869720533887053,0.44869720533887053,0.3235078488954605,0.12518935644341
XOM,calibrated_random_forest,2,2022-08-09,0,1,0.4490057113269206,0.4490057113269206,0.3012256739579499,0.14778003736897066
XOM,calibrated_random_forest,2,2022-08-10,0,1,0.4560628472738742,0.4560628472738742,0.2991067770754515,0.15695607019842267
XOM,calibrated_random_forest,2,2022-08-11,0,1,0.41532287649693583,0.41532287649693583,0.3291664223452667,0.08615645415166912
XOM,calibrated_random_forest,2,2022-08-12,0,1,0.4355332578887799,0.4355332578887799,0.3296887069362573,0.1058445509525226
XOM,calibrated_random_forest,2,2022-08-15,0,1,0.46294921295436225,0.46294921295436225,0.28474159862400433,0.17820761433035792
XOM,calibrated_random_forest,2,2022-08-16,1,1,0.4455490038496143,0.4455490038496143,0.310053032200914,0.1354959716487003
XOM,calibrated_random_forest,2,2022-08-17,1,1,0.4530008343721142,0.4530008343721142,0.28449301115496334,0.16850782321715085
XOM,calibrated_random_forest,2,2022-08-18,1,1,0.4359961961521733,0.4359961961521733,0.28995888329847985,0.14603731285369342
XOM,calibrated_random_forest,2,2022-08-19,1,1,0.46748244219799884,0.46748244219799884,0.2794608036613253,0.18802163853667353
XOM,calibrated_random_forest,2,2022-08-22,1,1,0.4562737361784468,0.4562737361784468,0.2896078125273041,0.1666659236511427
XOM,calibrated_random_forest,2,2022-08-23,0,1,0.3702377316984595,0.3702377316984595,0.3352790677889394,0.03495866390952013
XOM,calibrated_random_forest,2,2022-08-24,-1,1,0.38851479637128916,0.38851479637128916,0.3311661806296958,0.057348615741593334
XOM,calibrated_random_forest,2,2022-08-25,-1,1,0.4142023204189444,0.4142023204189444,0.31777144891422787,0.09643087150471652
XOM,calibrated_random_forest,2,2022-08-26,-1,1,0.4310976605682393,0.4310976605682393,0.30777500295203414,0.12332265761620514
XOM,calibrated_random_forest,2,2022-08-29,-1,1,0.38778846543599194,0.38778846543599194,0.3245748861152617,0.06321357932073024
XOM,calibrated_random_forest,2,2022-08-30,-1,1,0.45450879690112894,0.45450879690112894,0.3001082270078926,0.15440056989323636
XOM,calibrated_random_forest,2,2022-08-31,0,1,0.4586097645712805,0.4586097645712805,0.3046044256749847,0.1540053388962958
XOM,calibrated_random_forest,2,2022-09-01,1,1,0.4699193164130106,0.4699193164130106,0.32246864879714193,0.14745066761586867
XOM,calibrated_random_forest,2,2022-09-02,1,1,0.431404942850006,0.431404942850006,0.31009419240679487,0.12131075044321116
XOM,calibrated_random_forest,2,2022-09-06,0,1,0.46561358697367955,0.46561358697367955,0.3278585332249922,0.13775505374868735
XOM,calibrated_random_forest,2,2022-09-07,1,1,0.4819677767411414,0.4819677767411414,0.33813051855707627,0.14383725818406512
XOM,calibrated_random_forest,2,2022-09-08,0,1,0.4763715411056643,0.4763715411056643,0.32871698993596493,0.1476545511696994
XOM,calibrated_random_forest,2,2022-09-09,-1,1,0.4623090664426095,0.4623090664426095,0.33049881088808014,0.13181025555452935
XOM,calibrated_random_forest,2,2022-09-12,-1,1,0.45706144638728646,0.45706144638728646,0.3165697626258437,0.14049168376144278
XOM,calibrated_random_forest,2,2022-09-13,-1,1,0.4628463983905216,0.4628463983905216,0.32503767762403285,0.13780872076648876
XOM,calibrated_random_forest,2,2022-09-14,-1,1,0.4242580404738354,0.4242580404738354,0.31728152173467006,0.10697651873916536
XOM,calibrated_random_forest,2,2022-09-15,-1,1,0.46780900175268386,0.46780900175268386,0.33127823100547865,0.1365307707472052
XOM,calibrated_random_forest,2,2022-09-16,-1,1,0.44759043294769957,0.44759043294769957,0.33346045683921094,0.11412997610848863
XOM,calibrated_random_forest,2,2022-09-19,-1,1,0.46434433890638677,0.46434433890638677,0.3368940394393007,0.12745029946708608
XOM,calibrated_random_forest,2,2022-09-20,-1,1,0.4762792152464696,0.4762792152464696,0.3411537792959351,0.1351254359505345
XOM,calibrated_random_forest,2,2022-09-21,-1,1,0.45717736206945264,0.45717736206945264,0.3529458506855711,0.10423151138388154
XOM,calibrated_random_forest,2,2022-09-22,-1,1,0.47034353928127665,0.47034353928127665,0.34987899882284196,0.12046454045843469
XOM,calibrated_random_forest,2,2022-09-23,0,1,0.48207989779911764,0.48207989779911764,0.3476736986376592,0.13440619916145846
XOM,calibrated_random_forest,2,2022-09-26,1,1,0.4852774171488325,0.4852774171488325,0.34617025136931234,0.13910716577952015
XOM,calibrated_random_forest,2,2022-09-27,1,1,0.4845208528905216,0.4845208528905216,0.33774259529899187,0.14677825759152974
XOM,calibrated_random_forest,2,2022-09-28,1,1,0.47859558258756785,0.47859558258756785,0.31898686907344737,0.15960871351412048
XOM,calibrated_random_forest,2,2022-09-29,1,1,0.4821082946643888,0.4821082946643888,0.3238095823378632,0.1582987123265256
XOM,calibrated_random_forest,2,2022-09-30,1,1,0.4880337993735586,0.4880337993735586,0.3346700447509079,0.15336375462265073
XOM,calibrated_random_forest,2,2022-10-03,1,1,0.4391969398604875,0.4391969398604875,0.3310213420414679,0.10817559781901964
XOM,calibrated_random_forest,2,2022-10-04,1,1,0.42783864373778463,0.42783864373778463,0.34148232943342177,0.08635631430436286
XOM,calibrated_random_forest,2,2022-10-05,0,1,0.38670619365873554,0.38670619365873554,0.3442409211669097,0.042465272491825856
XOM,calibrated_random_forest,2,2022-10-06,0,1,0.37117391273132,0.37117391273132,0.3601022766698187,0.0110716360615013
XOM,calibrated_random_forest,2,2022-10-07,0,1,0.37233340441055995,0.37233340441055995,0.3597513375093531,0.012582066901206834
XOM,calibrated_random_forest,2,2022-10-10,0,1,0.43209417283697144,0.43209417283697144,0.3358243777905037,0.09626979504646771
XOM,calibrated_random_forest,2,2022-10-11,1,1,0.45517636377600174,0.45517636377600174,0.3277636545403942,0.12741270923560755
XOM,calibrated_random_forest,2,2022-10-12,1,1,0.45843911246503194,0.45843911246503194,0.31265191719951746,0.14578719526551448
XOM,calibrated_random_forest,2,2022-10-13,1,1,0.42035744515624635,0.42035744515624635,0.32009497186533514,0.1002624732909112
XOM,calibrated_random_forest,2,2022-10-14,1,1,0.4612592544471929,0.4612592544471929,0.3203804870822247,0.14087876736496818
XOM,calibrated_random_forest,2,2022-10-17,1,1,0.43783630612904995,0.43783630612904995,0.3392152290550676,0.09862107707398232
XOM,calibrated_random_forest,2,2022-10-18,1,1,0.4373949953955128,0.4373949953955128,0.33052948701015117,0.10686550838536163
XOM,calibrated_random_forest,2,2022-10-19,1,1,0.3907694724381412,0.3907694724381412,0.3381406756848709,0.05262879675327031
XOM,calibrated_random_forest,2,2022-10-20,1,1,0.41566203358164994,0.41566203358164994,0.3378693155178181,0.07779271806383181
XOM,calibrated_random_forest,2,2022-10-21,1,1,0.37903767461945587,0.37903767461945587,0.3452399831482034,0.033797691471252445
XOM,calibrated_random_forest,2,2022-10-24,1,1,0.38204693446631494,0.38204693446631494,0.33988816776716724,0.0421587666991477
XOM,calibrated_random_forest,2,2022-10-25,1,1,0.4087970597805987,0.4087970597805987,0.32640915934070863,0.08238790043989008
XOM,calibrated_random_forest,2,2022-10-26,1,1,0.39468308469354785,0.39468308469354785,0.3282716915776553,0.06641139311589256
XOM,calibrated_random_forest,2,2022-10-27,1,1,0.3869749486727525,0.3869749486727525,0.32988405657790093,0.057090892094851575
XOM,calibrated_random_forest,2,2022-10-28,0,1,0.35956659769291704,0.35956659769291704,0.34272117651956774,0.016845421173349306
XOM,calibrated_random_forest,2,2022-10-31,1,1,0.3730002014068434,0.3730002014068434,0.33201620400594484,0.040983997400898586
XOM,calibrated_random_forest,2,2022-11-01,0,1,0.356139432181703,0.356139432181703,0.33518109879986385,0.020958333381839167
XOM,calibrated_random_forest,2,2022-11-02,0,1,0.40750100994484084,0.40750100994484084,0.30617394701234213,0.10132706293249871
XOM,calibrated_random_forest,3,2022-11-03,0,1,0.48816416002932206,0.48816416002932206,0.2931739987645136,0.19499016126480845
XOM,calibrated_random_forest,3,2022-11-04,0,1,0.47529491612403535,0.47529491612403535,0.3007370125220674,0.17455790360196793
XOM,calibrated_random_forest,3,2022-11-07,0,1,0.46720579730947337,0.46720579730947337,0.2918796390310572,0.1753261582784162
XOM,calibrated_random_forest,3,2022-11-08,0,1,0.44779551002624346,0.44779551002624346,0.3102102536142388,0.13758525641200464
XOM,calibrated_random_forest,3,2022-11-09,1,1,0.5177239835655197,0.5177239835655197,0.3001111069326954,0.21761287663282436
XOM,calibrated_random_forest,3,2022-11-10,1,1,0.5062193271297102,0.5062193271297102,0.316127919374348,0.1900914077553622
XOM,calibrated_random_forest,3,2022-11-11,0,1,0.4847750763817979,0.4847750763817979,0.3316375261611993,0.1531375502205986
XOM,calibrated_random_forest,3,2022-11-14,-1,1,0.48431281003665977,0.48431281003665977,0.31977367196909506,0.1645391380675647
XOM,calibrated_random_forest,3,2022-11-15,0,1,0.4680102101431461,0.4680102101431461,0.33643014415089234,0.13158006599225375
XOM,calibrated_random_forest,3,2022-11-16,0,1,0.4901487013566153,0.4901487013566153,0.33841866834681783,0.15173003300979748
XOM,calibrated_random_forest,3,2022-11-17,0,1,0.5010379716403793,0.5010379716403793,0.3388313625774287,0.16220660906295065
XOM,calibrated_random_forest,3,2022-11-18,-1,1,0.4939109890197891,0.4939109890197891,0.33005647751801936,0.16385451150176972
XOM,calibrated_random_forest,3,2022-11-21,0,1,0.502725160731103,0.502725160731103,0.33710175762946437,0.1656234031016386
XOM,calibrated_random_forest,3,2022-11-22,-1,1,0.480091783330644,0.480091783330644,0.3428126999561671,0.13727908337447692
XOM,calibrated_random_forest,3,2022-11-23,-1,1,0.4850526007262977,0.4850526007262977,0.3353131264256001,0.14973947430069756
XOM,calibrated_random_forest,3,2022-11-25,-1,1,0.4809585311307525,0.4809585311307525,0.3377912572595902,0.1431672738711623
XOM,calibrated_random_forest,3,2022-11-28,-1,1,0.5318235126982757,0.5318235126982757,0.26505195036408796,0.2667715623341877
XOM,calibrated_random_forest,3,2022-11-29,-1,1,0.49823183055851583,0.49823183055851583,0.3062998024519204,0.19193202810659543
XOM,calibrated_random_forest,3,2022-11-30,-1,1,0.501151473338548,0.501151473338548,0.3130533367093704,0.18809813662917763
XOM,calibrated_random_forest,3,2022-12-01,-1,1,0.4918145881175026,0.4918145881175026,0.3292528351046146,0.162561753012888
XOM,calibrated_random_forest,3,2022-12-02,-1,1,0.5067842778305028,0.5067842778305028,0.31501675124398537,0.19176752658651747
XOM,calibrated_random_forest,3,2022-12-05,0,1,0.5340342209891514,0.5340342209891514,0.288188808232813,0.24584541275633842
XOM,calibrated_random_forest,3,2022-12-06,1,1,0.5092653919662468,0.5092653919662468,0.32438676258339944,0.18487862938284733
XOM,calibrated_random_forest,3,2022-12-07,1,1,0.5244041646109583,0.5244041646109583,0.2829192931438473,0.241484871467111
XOM,calibrated_random_forest,3,2022-12-08,0,1,0.5398191253803885,0.5398191253803885,0.2757226751156363,0.26409645026475215
XOM,calibrated_random_forest,3,2022-12-09,0,1,0.5250979702477744,0.5250979702477744,0.2837859964688721,0.2413119737789023
XOM,calibrated_random_forest,3,2022-12-12,0,1,0.5196682461352666,0.5196682461352666,0.3037408364546412,0.2159274096806254
XOM,calibrated_random_forest,3,2022-12-13,0,1,0.49708836935983597,0.49708836935983597,0.2959389250434267,0.20114944431640924
XOM,calibrated_random_forest,3,2022-12-14,0,1,0.5104720518414192,0.5104720518414192,0.3082237171904502,0.20224833465096898
XOM,calibrated_random_forest,3,2022-12-15,0,1,0.5056341993334694,0.5056341993334694,0.3151392866355092,0.1904949126979602
XOM,calibrated_random_forest,3,2022-12-16,1,1,0.5115578994435886,0.5115578994435886,0.3040697222634536,0.20748817718013507
XOM,calibrated_random_forest,3,2022-12-19,1,1,0.5343395841352029,0.5343395841352029,0.2334544131633475,0.3008851709718554
XOM,calibrated_random_forest,3,2022-12-20,0,1,0.5644670341958474,0.5644670341958474,0.22920469900957116,0.33526233518627624
XOM,calibrated_random_forest,3,2022-12-21,0,1,0.49793035509690187,0.49793035509690187,0.2652944080476935,0.23263594704920837
XOM,calibrated_random_forest,3,2022-12-22,1,1,0.5640263809285335,0.5640263809285335,0.22664043483353305,0.3373859460950005
XOM,calibrated_random_forest,3,2022-12-23,0,1,0.5154404648581951,0.5154404648581951,0.24388858552209017,0.2715518793361049
XOM,calibrated_random_forest,3,2022-12-27,-1,1,0.4928166525946067,0.4928166525946067,0.2547884968434145,0.23802815575119224
XOM,calibrated_random_forest,3,2022-12-28,0,1,0.5430940343398344,0.5430940343398344,0.26077727619425856,0.28231675814557583
XOM,calibrated_random_forest,3,2022-12-29,0,1,0.5239131923776444,0.5239131923776444,0.26187168431963287,0.2620415080580116
XOM,calibrated_random_forest,3,2022-12-30,0,1,0.5428355966422544,0.5428355966422544,0.23021085627348278,0.31262474036877164
XOM,calibrated_random_forest,3,2023-01-03,1,1,0.549348301418887,0.549348301418887,0.2573489440074443,0.29199935741144273
XOM,calibrated_random_forest,3,2023-01-04,1,1,0.5232374956221063,0.5232374956221063,0.29339436091235144,0.22984313470975487
XOM,calibrated_random_forest,3,2023-01-05,1,1,0.5061873709275934,0.5061873709275934,0.3245526211025323,0.18163474982506106
XOM,calibrated_random_forest,3,2023-01-06,1,1,0.4760288150695244,0.4760288150695244,0.34065992744811835,0.13536888762140603
XOM,calibrated_random_forest,3,2023-01-09,1,1,0.5172871751697364,0.5172871751697364,0.31926366736294426,0.19802350780679218
XOM,calibrated_random_forest,3,2023-01-10,0,1,0.4752728317652393,0.4752728317652393,0.336589652331287,0.1386831794339523
XOM,calibrated_random_forest,3,2023-01-11,0,1,0.47637379954715725,0.47637379954715725,0.33569168493918305,0.1406821146079742
XOM,calibrated_random_forest,3,2023-01-12,0,1,0.46235832205186456,0.46235832205186456,0.3202015724172596,0.14215674963460495
XOM,calibrated_random_forest,3,2023-01-13,0,1,0.4649521540990927,0.4649521540990927,0.34199881511745844,0.12295333898163424
XOM,calibrated_random_forest,3,2023-01-17,0,1,0.45320469503390876,0.45320469503390876,0.33504027934015185,0.11816441569375691
XOM,calibrated_random_forest,3,2023-01-18,1,1,0.5278319456680607,0.5278319456680607,0.27719524013033636,0.2506367055377243
XOM,calibrated_random_forest,3,2023-01-19,1,1,0.5113483198280178,0.5113483198280178,0.30377482899828195,0.2075734908297358
XOM,calibrated_random_forest,3,2023-01-20,0,1,0.5002524013983277,0.5002524013983277,0.30183420089262597,0.19841820050570175
XOM,calibrated_random_forest,3,2023-01-23,0,1,0.5009717431875883,0.5009717431875883,0.3031694651002505,0.1978022780873378
XOM,calibrated_random_forest,3,2023-01-24,0,1,0.49532651190401217,0.49532651190401217,0.29349181264449403,0.20183469925951814
XOM,calibrated_random_forest,3,2023-01-25,0,1,0.4977664719569354,0.4977664719569354,0.286577327877994,0.2111891440789414
XOM,calibrated_random_forest,3,2023-01-26,-1,1,0.46988986623950885,0.46988986623950885,0.31400634098554475,0.1558835252539641
XOM,calibrated_random_forest,3,2023-01-27,-1,1,0.5001635260773258,0.5001635260773258,0.31945488036105624,0.1807086457162696
XOM,calibrated_random_forest,3,2023-01-30,0,1,0.508728305595314,0.508728305595314,0.31237320810823327,0.19635509748708074
XOM,calibrated_random_forest,3,2023-01-31,0,1,0.5361515385150097,0.5361515385150097,0.2795700586515591,0.25658147986345065
XOM,calibrated_random_forest,3,2023-02-01,0,1,0.5090780885213603,0.5090780885213603,0.3331411410222704,0.1759369474990899
XOM,calibrated_random_forest,3,2023-02-02,1,1,0.5361052367984127,0.5361052367984127,0.30150167547398926,0.23460356132442345
XOM,calibrated_random_forest,3,2023-02-03,1,1,0.5120587180964101,0.5120587180964101,0.32926650802260427,0.18279221007380586
XOM,calibrated_random_forest,3,2023-02-06,1,1,0.4961482188648383,0.4961482188648383,0.34822651075722244,0.14792170810761585
XOM,calibrated_random_forest,3,2023-02-07,1,1,0.5110856032218742,0.5110856032218742,0.3099559456769109,0.20112965754496331
XOM,calibrated_random_forest,3,2023-02-08,1,1,0.5136473607929958,0.5136473607929958,0.31342074238904194,0.20022661840395384
XOM,calibrated_random_forest,3,2023-02-09,0,1,0.5082794978953398,0.5082794978953398,0.32817096817965824,0.18010852971568153
XOM,calibrated_random_forest,3,2023-02-10,-1,1,0.4665338267319002,0.4665338267319002,0.31123942440666247,0.15529440232523772
XOM,calibrated_random_forest,3,2023-02-13,-1,1,0.48087312584133385,0.48087312584133385,0.3248715164729838,0.15600160936835006
XOM,calibrated_random_forest,3,2023-02-14,-1,1,0.513419332655567,0.513419332655567,0.31353138571361533,0.19988794694195172
XOM,calibrated_random_forest,3,2023-02-15,-1,1,0.5046146374989866,0.5046146374989866,0.3204811110853975,0.1841335264135891
XOM,calibrated_random_forest,3,2023-02-16,-1,1,0.5171665190029077,0.5171665190029077,0.311364798513219,0.20580172048968864
XOM,calibrated_random_forest,3,2023-02-17,0,1,0.537413488535019,0.537413488535019,0.26083761431612623,0.2765758742188928
XOM,calibrated_random_forest,3,2023-02-21,0,1,0.5402161788958852,0.5402161788958852,0.27021198617370384,0.2700041927221814
XOM,calibrated_random_forest,3,2023-02-22,0,1,0.5114993080562876,0.5114993080562876,0.3043181090233191,0.2071811990329685
XOM,calibrated_random_forest,3,2023-02-23,0,1,0.5186305259492068,0.5186305259492068,0.3076319794477996,0.2109985465014072
XOM,calibrated_random_forest,3,2023-02-24,0,1,0.5311792859885553,0.5311792859885553,0.2912087076864199,0.23997057830213547
XOM,calibrated_random_forest,3,2023-02-27,1,1,0.5151396852421818,0.5151396852421818,0.24467149962425308,0.27046818561792874
XOM,calibrated_random_forest,3,2023-02-28,0,1,0.5369952072499421,0.5369952072499421,0.24245674078962678,0.29453846646031534
XOM,calibrated_random_forest,3,2023-03-01,0,1,0.5898235926846294,0.5898235926846294,0.20966565169074936,0.38015794099388
XOM,calibrated_random_forest,3,2023-03-02,-1,1,0.5468828042937508,0.5468828042937508,0.2280796404155374,0.3188031638782134
XOM,calibrated_random_forest,3,2023-03-03,-1,1,0.5087619931438218,0.5087619931438218,0.33127368156268516,0.1774883115811366
XOM,calibrated_random_forest,3,2023-03-06,-1,1,0.4951771847582462,0.4951771847582462,0.25872123498539873,0.23645594977284745
XOM,calibrated_random_forest,3,2023-03-07,-1,1,0.5004355487682636,0.5004355487682636,0.3102341254606918,0.19020142330757178
XOM,calibrated_random_forest,3,2023-03-08,-1,1,0.5434225648514343,0.5434225648514343,0.2333553020480845,0.31006726280334973
XOM,calibrated_random_forest,3,2023-03-09,-1,1,0.561319798447835,0.561319798447835,0.22531715185561915,0.3360026465922158
XOM,calibrated_random_forest,3,2023-03-10,-1,1,0.5642946339784859,0.5642946339784859,0.21966217708537314,0.3446324568931127
XOM,calibrated_random_forest,3,2023-03-13,-1,1,0.5331253587338138,0.5331253587338138,0.275185702546352,0.25793965618746184
XOM,calibrated_random_forest,3,2023-03-14,0,1,0.5428311464849461,0.5428311464849461,0.25917478868150895,0.2836563578034372
XOM,calibrated_random_forest,3,2023-03-15,1,1,0.5149412622315278,0.5149412622315278,0.35176650673296983,0.16317475549855798
XOM,calibrated_random_forest,3,2023-03-16,1,1,0.4985885279675377,0.4985885279675377,0.3709850644366473,0.12760346353089042
XOM,calibrated_random_forest,3,2023-03-17,1,1,0.4951028533886818,0.4951028533886818,0.3708443479579941,0.12425850543068773
XOM,calibrated_random_forest,3,2023-03-20,1,1,0.5045064161352774,0.5045064161352774,0.35604841373376034,0.14845800240151702
XOM,calibrated_random_forest,3,2023-03-21,0,1,0.5009497162134947,0.5009497162134947,0.30488945650660626,0.19606025970688845
XOM,calibrated_random_forest,3,2023-03-22,1,1,0.5135469608784072,0.5135469608784072,0.323517972261768,0.19002898861663925
XOM,calibrated_random_forest,3,2023-03-23,1,1,0.5248863420595454,0.5248863420595454,0.3238168278241262,0.20106951423541924
XOM,calibrated_random_forest,3,2023-03-24,1,1,0.5039415800871614,0.5039415800871614,0.34049285677579033,0.16344872331137106
XOM,calibrated_random_forest,3,2023-03-27,1,1,0.5244998007952933,0.5244998007952933,0.26452874486186123,0.2599710559334321
XOM,calibrated_random_forest,3,2023-03-28,1,1,0.5397739960318733,0.5397739960318733,0.2543280862602874,0.28544590977158585
XOM,calibrated_random_forest,3,2023-03-29,1,1,0.5202667883592481,0.5202667883592481,0.2510071754733218,0.2692596128859263
XOM,calibrated_random_forest,3,2023-03-30,1,1,0.4784899196170523,0.4784899196170523,0.2650250128689979,0.2134649067480544
XOM,calibrated_random_forest,3,2023-03-31,1,1,0.48143999820452804,0.48143999820452804,0.26609282798396056,0.21534717022056749
XOM,calibrated_random_forest,3,2023-04-03,0,1,0.48592617500296037,0.48592617500296037,0.3096602224541791,0.17626595254878125
XOM,calibrated_random_forest,3,2023-04-04,0,1,0.48744390724544234,0.48744390724544234,0.3185150029395024,0.16892890430593993
XOM,calibrated_random_forest,3,2023-04-05,0,1,0.44941900124520623,0.44941900124520623,0.3507327446588388,0.09868625658636743
XOM,calibrated_random_forest,3,2023-04-06,0,1,0.49451625798314564,0.49451625798314564,0.3213776453512069,0.17313861263193875
XOM,calibrated_random_forest,3,2023-04-10,0,1,0.4795858449760417,0.4795858449760417,0.3442845639625281,0.13530128101351357
XOM,calibrated_random_forest,3,2023-04-11,0,1,0.4902566767400494,0.4902566767400494,0.32833714012606147,0.16191953661398795
XOM,calibrated_random_forest,3,2023-04-12,0,1,0.47210484794023166,0.47210484794023166,0.34676543438371826,0.1253394135565134
XOM,calibrated_random_forest,3,2023-04-13,0,1,0.48613361159663154,0.48613361159663154,0.3307438865429552,0.15538972505367632
XOM,calibrated_random_forest,3,2023-04-14,0,1,0.48514193925151616,0.48514193925151616,0.3341439811376097,0.15099795811390648
XOM,calibrated_random_forest,3,2023-04-17,1,1,0.4989123016112984,0.4989123016112984,0.3351093299132984,0.163802971698
XOM,calibrated_random_forest,3,2023-04-18,0,1,0.49903704252396414,0.49903704252396414,0.2546171575923628,0.24441988493160133
XOM,calibrated_random_forest,3,2023-04-19,0,1,0.4486057750502672,0.4486057750502672,0.3151828978311093,0.1334228772191579
XOM,calibrated_random_forest,3,2023-04-20,0,1,0.48002144302102673,0.48002144302102673,0.3031275603416433,0.17689388267938344
XOM,calibrated_random_forest,3,2023-04-21,1,1,0.44318403436974174,0.44318403436974174,0.32003073839961976,0.12315329597012198
XOM,calibrated_random_forest,3,2023-04-24,-1,1,0.46801270669211154,0.46801270669211154,0.2780117753299622,0.19000093136214935
XOM,calibrated_random_forest,3,2023-04-25,-1,1,0.4971793566154954,0.4971793566154954,0.28111288212543967,0.21606647449005573
XOM,calibrated_random_forest,3,2023-04-26,-1,1,0.49480947527919117,0.49480947527919117,0.29535586371075767,0.1994536115684335
XOM,calibrated_random_forest,3,2023-04-27,-1,1,0.4743300893074857,0.4743300893074857,0.29544773444805317,0.17888235485943255
XOM,calibrated_random_forest,3,2023-04-28,-1,1,0.47525636371847835,0.47525636371847835,0.2721739507366205,0.20308241298185786
XOM,calibrated_random_forest,3,2023-05-01,-1,1,0.5034597589483575,0.5034597589483575,0.34954110793372956,0.15391865101462793
XOM,calibrated_random_forest,3,2023-05-02,0,1,0.5322572601297287,0.5322572601297287,0.2723424861281974,0.25991477400153135
XOM,calibrated_random_forest,3,2023-05-03,0,1,0.49293762064278396,0.49293762064278396,0.33240445999182433,0.16053316065095963
XOM,calibrated_random_forest,3,2023-05-04,0,1,0.4883014387562789,0.4883014387562789,0.3618311778170607,0.1264702609392182
XOM,calibrated_random_forest,3,2023-05-05,-1,1,0.48004978761034883,0.48004978761034883,0.3381794360952471,0.14187035151510174
XOM,calibrated_random_forest,3,2023-05-08,-1,1,0.4903353428478099,0.4903353428478099,0.3211007083242073,0.1692346345236026
XOM,calibrated_random_forest,3,2023-05-09,-1,1,0.4807944247676496,0.4807944247676496,0.32590566889102507,0.15488875587662454
XOM,calibrated_random_forest,3,2023-05-10,0,1,0.5029138729251189,0.5029138729251189,0.32859244636525714,0.17432142655986177
XOM,calibrated_random_forest,3,2023-05-11,0,1,0.47161319412311525,0.47161319412311525,0.3583824100057003,0.11323078411741494
XOM,calibrated_random_forest,3,2023-05-12,0,1,0.47633327886810567,0.47633327886810567,0.3703357845390994,0.10599749432900629
XOM,calibrated_random_forest,3,2023-05-15,0,1,0.4506909392384162,0.4506909392384162,0.36659664495771055,0.08409429428070564
XOM,calibrated_random_forest,3,2023-05-16,1,1,0.5141819819599872,0.5141819819599872,0.3359360033730187,0.1782459785869685
XOM,calibrated_random_forest,3,2023-05-17,1,1,0.4901351170650023,0.4901351170650023,0.33914490473574893,0.15099021232925336
XOM,calibrated_random_forest,3,2023-05-18,0,1,0.49083463364689583,0.49083463364689583,0.31952724842263,0.17130738522426586
XOM,calibrated_random_forest,3,2023-05-19,0,1,0.49487455233018457,0.49487455233018457,0.2649507606759271,0.22992379165425747
XOM,calibrated_random_forest,3,2023-05-22,0,1,0.4910603589260381,0.4910603589260381,0.27367948561044786,0.21738087331559025
XOM,calibrated_random_forest,3,2023-05-23,-1,1,0.5160951493479464,0.5160951493479464,0.2661770035839888,0.2499181457639576
XOM,calibrated_random_forest,3,2023-05-24,-1,1,0.5112975207303115,0.5112975207303115,0.2582325749279822,0.25306494580232936
XOM,calibrated_random_forest,3,2023-05-25,0,1,0.4682437658165282,0.4682437658165282,0.30232901784128224,0.16591474797524597
XOM,calibrated_random_forest,3,2023-05-26,0,1,0.4643829155099733,0.4643829155099733,0.31703998960516316,0.14734292590481013
XOM,calibrated_random_forest,3,2023-05-30,1,1,0.4309179329420713,0.4309179329420713,0.32921501266254605,0.10170292027952527
XOM,calibrated_random_forest,3,2023-05-31,1,1,0.47387393698123575,0.47387393698123575,0.3021668383102907,0.17170709867094508
XOM,calibrated_random_forest,3,2023-06-01,1,1,0.5080432268458401,0.5080432268458401,0.26850144407205634,0.2395417827737838
XOM,calibrated_random_forest,3,2023-06-02,0,1,0.5280100131872506,0.5280100131872506,0.27850648748623424,0.24950352570101636
XOM,calibrated_random_forest,3,2023-06-05,0,1,0.5244722837293714,0.5244722837293714,0.25748527385205305,0.2669870098773183
XOM,calibrated_random_forest,3,2023-06-06,0,1,0.5465903818475493,0.5465903818475493,0.2302446924549367,0.31634568939261254
XOM,calibrated_random_forest,3,2023-06-07,-1,1,0.5409362794787795,0.5409362794787795,0.23620274982570597,0.30473352965307354
XOM,calibrated_random_forest,3,2023-06-08,-1,1,0.5306859703529873,0.5306859703529873,0.2826155317728294,0.24807043858015787
XOM,calibrated_random_forest,3,2023-06-09,-1,1,0.49819216734572497,0.49819216734572497,0.28410934251031755,0.21408282483540741
XOM,calibrated_random_forest,3,2023-06-12,-1,1,0.4861225659451432,0.4861225659451432,0.29081234077228424,0.19531022517285895
XOM,calibrated_random_forest,3,2023-06-13,-1,1,0.48597500930246756,0.48597500930246756,0.2972256918799743,0.1887493174224933
XOM,calibrated_random_forest,3,2023-06-14,0,1,0.537807677622474,0.537807677622474,0.2690146109592881,0.26879306666318586
XOM,calibrated_random_forest,3,2023-06-15,-1,1,0.4777514628174952,0.4777514628174952,0.3178866052014191,0.1598648576160761
XOM,calibrated_random_forest,3,2023-06-16,0,1,0.4846943243366823,0.4846943243366823,0.281276355438348,0.2034179688983343
XOM,calibrated_random_forest,3,2023-06-20,0,1,0.5260711488980413,0.5260711488980413,0.26196171576426464,0.26410943313377666
XOM,calibrated_random_forest,3,2023-06-21,0,1,0.5428192070466528,0.5428192070466528,0.23018146727046815,0.3126377397761846
XOM,calibrated_random_forest,3,2023-06-22,1,1,0.4289004868485809,0.4289004868485809,0.3369298769218585,0.0919706099267224
XOM,calibrated_random_forest,3,2023-06-23,1,1,0.4290209583945355,0.4290209583945355,0.36574681691864547,0.06327414147589006
XOM,calibrated_random_forest,3,2023-06-26,1,1,0.5371194673026866,0.5371194673026866,0.23252105178321258,0.304598415519474
XOM,calibrated_random_forest,3,2023-06-27,1,1,0.48655421330852117,0.48655421330852117,0.27077843704168564,0.21577577626683553
XOM,calibrated_random_forest,3,2023-06-28,-1,1,0.54618127842431,0.54618127842431,0.24093950980440496,0.30524176861990504
XOM,calibrated_random_forest,3,2023-06-29,-1,1,0.5095588232997051,0.5095588232997051,0.2520743717315081,0.25748445156819705
XOM,calibrated_random_forest,3,2023-06-30,-1,1,0.45999072400322993,0.45999072400322993,0.2719951656816271,0.1879955583216028
XOM,calibrated_random_forest,3,2023-07-03,0,1,0.45893108854307485,0.45893108854307485,0.29108136843551563,0.16784972010755922
XOM,calibrated_random_forest,3,2023-07-05,0,1,0.404249474438575,0.404249474438575,0.3148391145729299,0.0894103598656451
XOM,calibrated_random_forest,3,2023-07-06,0,1,0.5212765832445244,0.5212765832445244,0.2585214222096719,0.2627551610348525
XOM,calibrated_random_forest,3,2023-07-07,-1,1,0.4907960404504819,0.4907960404504819,0.2942532085896942,0.1965428318607877
XOM,calibrated_random_forest,3,2023-07-10,-1,1,0.4952780574442497,0.4952780574442497,0.2629100503096997,0.23236800713454997
XOM,calibrated_random_forest,3,2023-07-11,-1,1,0.49100322711936695,0.49100322711936695,0.25795408451438445,0.2330491426049825
XOM,calibrated_random_forest,3,2023-07-12,-1,1,0.500276222901079,0.500276222901079,0.2546712140879434,0.24560500881313557
XOM,calibrated_random_forest,3,2023-07-13,0,1,0.5160586723703285,0.5160586723703285,0.27649748249092115,0.2395611898794074
XOM,calibrated_random_forest,3,2023-07-14,1,1,0.49792787317028236,0.49792787317028236,0.3189962049797043,0.17893166819057804
XOM,calibrated_random_forest,3,2023-07-17,1,1,0.4586363904726909,0.4586363904726909,0.34554007924477803,0.11309631122791286
XOM,calibrated_random_forest,3,2023-07-18,1,1,0.46025563213826165,0.46025563213826165,0.3467190190379427,0.11353661310031893
XOM,calibrated_random_forest,3,2023-07-19,1,1,0.48789365551002,0.48789365551002,0.33211734569889323,0.15577630981112678
XOM,calibrated_random_forest,3,2023-07-20,0,1,0.5041647916351913,0.5041647916351913,0.2593329624741067,0.24483182916108465
XOM,calibrated_random_forest,3,2023-07-21,0,1,0.47284482054553667,0.47284482054553667,0.31040042692214936,0.1624443936233873
XOM,calibrated_random_forest,3,2023-07-24,0,1,0.4886635553654502,0.4886635553654502,0.30492617864926547,0.18373737671618473
XOM,calibrated_random_forest,3,2023-07-25,0,1,0.48636974984864006,0.48636974984864006,0.2970575673273127,0.18931218252132737
XOM,calibrated_random_forest,3,2023-07-26,0,1,0.45278829278452387,0.45278829278452387,0.32619949449163027,0.1265887982928936
XOM,calibrated_random_forest,3,2023-07-27,0,1,0.5232717507244294,0.5232717507244294,0.23844341190516713,0.2848283388192623
XOM,calibrated_random_forest,3,2023-07-28,1,1,0.4543354910992283,0.4543354910992283,0.29561358938915183,0.15872190171007644
XOM,calibrated_random_forest,3,2023-07-31,0,1,0.5292561740722136,0.5292561740722136,0.24637958985298217,0.28287658421923145
XOM,calibrated_random_forest,3,2023-08-01,0,1,0.47681732921838743,0.47681732921838743,0.26905966898688743,0.2077576602315
XOM,calibrated_random_forest,3,2023-08-02,1,1,0.506575952573602,0.506575952573602,0.2622989387353449,0.24427701383825712
XOM,calibrated_random_forest,3,2023-08-03,1,1,0.48323831503358966,0.48323831503358966,0.29194754181437016,0.1912907732192195
XOM,calibrated_random_forest,3,2023-08-04,1,1,0.4785169839252105,0.4785169839252105,0.3096266994993809,0.16889028442582965
XOM,calibrated_random_forest,3,2023-08-07,1,1,0.4552654438495927,0.4552654438495927,0.32281506353498673,0.132450380314606
XOM,calibrated_random_forest,3,2023-08-08,0,1,0.5183826599702247,0.5183826599702247,0.2608014665157608,0.2575811934544639
XOM,calibrated_random_forest,3,2023-08-09,-1,1,0.4507889762673054,0.4507889762673054,0.28269649823496995,0.16809247803233546
XOM,calibrated_random_forest,3,2023-08-10,0,1,0.41957421204867007,0.41957421204867007,0.30395578617202257,0.1156184258766475
XOM,calibrated_random_forest,3,2023-08-11,0,1,0.421515131326875,0.421515131326875,0.2981817949469971,0.12333333637987792
XOM,calibrated_random_forest,3,2023-08-14,-1,1,0.3844219467518392,0.3844219467518392,0.3197745050958663,0.06464744165597291
XOM,calibrated_random_forest,3,2023-08-15,0,1,0.5013322032267968,0.5013322032267968,0.28263677881208826,0.21869542441470857
XOM,calibrated_random_forest,3,2023-08-16,0,1,0.5129614705069069,0.5129614705069069,0.2766946260662925,0.23626684444061435
XOM,calibrated_random_forest,3,2023-08-17,0,1,0.4946185763628483,0.4946185763628483,0.27825761552530826,0.21636096083754003
XOM,calibrated_random_forest,3,2023-08-18,0,1,0.517760471441766,0.517760471441766,0.27256320293563896,0.245197268506127
XOM,calibrated_random_forest,3,2023-08-21,0,1,0.5028665757354682,0.5028665757354682,0.3147306238283085,0.1881359519071597
XOM,calibrated_random_forest,3,2023-08-22,0,1,0.48816990080702666,0.48816990080702666,0.3343389114740165,0.15383098933301015
XOM,calibrated_random_forest,3,2023-08-23,1,1,0.4901890888645428,0.4901890888645428,0.3246342451594693,0.1655548437050735
XOM,calibrated_random_forest,3,2023-08-24,1,1,0.5119289200668065,0.5119289200668065,0.32686287732351976,0.1850660427432867
XOM,calibrated_random_forest,3,2023-08-25,1,1,0.48216989441671193,0.48216989441671193,0.33622264349583214,0.1459472509208798
XOM,calibrated_random_forest,3,2023-08-28,1,1,0.48913942311104447,0.48913942311104447,0.325129363053334,0.16401006005771046
XOM,calibrated_random_forest,3,2023-08-29,1,1,0.4780139553709879,0.4780139553709879,0.2882178468338817,0.1897961085371062
XOM,calibrated_random_forest,3,2023-08-30,1,1,0.4042624246916339,0.4042624246916339,0.31186204134213674,0.09240038334949718
XOM,calibrated_random_forest,3,2023-08-31,1,1,0.381924908069714,0.381924908069714,0.3205050812439305,0.06141982682578351
XOM,calibrated_random_forest,3,2023-09-01,0,1,0.36482591935060915,0.36482591935060915,0.33492584335323006,0.029900075997379094
XOM,calibrated_random_forest,3,2023-09-05,1,1,0.3689486483032877,0.3689486483032877,0.3337583215250228,0.03519032677826489
XOM,calibrated_random_forest,3,2023-09-06,0,1,0.3580670691842884,0.3580670691842884,0.34472101502881997,0.013346054155468412
XOM,calibrated_random_forest,3,2023-09-07,1,1,0.38917672209548143,0.38917672209548143,0.31076651427114316,0.07841020782433827
XOM,calibrated_random_forest,3,2023-09-08,0,1,0.3602141127866727,0.3602141127866727,0.34675352978391044,0.01346058300276226
XOM,calibrated_random_forest,3,2023-09-11,1,1,0.45226928085062196,0.45226928085062196,0.2842152504751304,0.16805403037549155
XOM,calibrated_random_forest,3,2023-09-12,0,1,0.40713711331263697,0.40713711331263697,0.3063717809884939,0.10076533232414309
XOM,calibrated_random_forest,3,2023-09-13,0,1,0.43152337539767904,0.43152337539767904,0.2961911779451171,0.13533219745256192
XOM,calibrated_random_forest,3,2023-09-14,-1,1,0.41575342536011073,0.41575342536011073,0.30714800473049436,0.10860542062961637
XOM,calibrated_random_forest,3,2023-09-15,0,1,0.4571462960569505,0.4571462960569505,0.3235156224785953,0.13363067357835523
XOM,calibrated_random_forest,3,2023-09-18,0,1,0.42636348418742226,0.42636348418742226,0.3067546904087793,0.11960879377864297
XOM,calibrated_random_forest,3,2023-09-19,0,1,0.46006299686353763,0.46006299686353763,0.2935955795448893,0.16646741731864834
XOM,calibrated_random_forest,3,2023-09-20,1,1,0.47588257270197304,0.47588257270197304,0.30103729927260875,0.1748452734293643
XOM,calibrated_random_forest,3,2023-09-21,1,1,0.5165288742519887,0.5165288742519887,0.2776727916160387,0.23885608263594998
XOM,calibrated_random_forest,3,2023-09-22,1,1,0.498809220762971,0.498809220762971,0.29049413395176765,0.20831508681120336
XOM,calibrated_random_forest,3,2023-09-25,0,1,0.5099450547395932,0.5099450547395932,0.28227488533438955,0.22767016940520363
XOM,calibrated_random_forest,3,2023-09-26,0,1,0.5143355425738375,0.5143355425738375,0.2483611243209182,0.26597441825291934
XOM,calibrated_random_forest,3,2023-09-27,-1,1,0.44992979492634877,0.44992979492634877,0.3053162045048298,0.14461359042151894
XOM,calibrated_random_forest,3,2023-09-28,-1,1,0.4738954576915248,0.4738954576915248,0.28014780804657197,0.19374764964495284
XOM,calibrated_random_forest,3,2023-09-29,-1,1,0.5177556847242187,0.5177556847242187,0.2654285992805918,0.2523270854436269
XOM,calibrated_random_forest,3,2023-10-02,-1,1,0.5281470493879219,0.5281470493879219,0.27560832413513486,0.25253872525278703
XOM,calibrated_random_forest,3,2023-10-03,-1,1,0.5122164859819952,0.5122164859819952,0.28282431060134144,0.22939217538065376
XOM,calibrated_random_forest,3,2023-10-04,-1,1,0.5410007962642275,0.5410007962642275,0.2775278126160621,0.2634729836481654
XOM,calibrated_random_forest,3,2023-10-05,-1,1,0.5234592535201561,0.5234592535201561,0.30584207642172695,0.21761717709842915
XOM,calibrated_random_forest,3,2023-10-06,1,1,0.5202886117221115,0.5202886117221115,0.3166942675520601,0.2035943441700514
XOM,calibrated_random_forest,3,2023-10-09,0,1,0.5328662362395651,0.5328662362395651,0.3023656379584387,0.2305005982811264
XOM,calibrated_random_forest,3,2023-10-10,0,1,0.4750127230849032,0.4750127230849032,0.3276082807752007,0.1474044423097025
XOM,calibrated_random_forest,3,2023-10-11,1,1,0.49284835611360056,0.49284835611360056,0.3545539896651461,0.13829436644845444
XOM,calibrated_random_forest,3,2023-10-12,1,1,0.47181657181124753,0.47181657181124753,0.3704202831727062,0.10139628863854133
XOM,calibrated_random_forest,3,2023-10-13,0,1,0.5166139841432901,0.5166139841432901,0.30058921514850473,0.21602476899478534
XOM,calibrated_random_forest,3,2023-10-16,0,1,0.4648525497947884,0.4648525497947884,0.3449720703000652,0.11988047949472319
XOM,calibrated_random_forest,3,2023-10-17,-1,1,0.5178632495977872,0.5178632495977872,0.275966681141449,0.24189656845633817
XOM,calibrated_random_forest,3,2023-10-18,-1,1,0.5282428549867805,0.5282428549867805,0.24357046101872795,0.28467239396805255
XOM,calibrated_random_forest,3,2023-10-19,-1,1,0.5532670030799749,0.5532670030799749,0.2453748021600466,0.3078922009199283
XOM,calibrated_random_forest,3,2023-10-20,-1,1,0.5268851544666863,0.5268851544666863,0.2699422742846269,0.25694288018205935
XOM,calibrated_random_forest,3,2023-10-23,-1,1,0.5070689338084179,0.5070689338084179,0.2888873765713928,0.2181815572370251
XOM,calibrated_random_forest,3,2023-10-24,-1,1,0.49812255918706977,0.49812255918706977,0.2998782348211075,0.1982443243659623
XOM,calibrated_random_forest,3,2023-10-25,-1,1,0.5113959068731427,0.5113959068731427,0.2664058062277393,0.24499010064540344
XOM,calibrated_random_forest,3,2023-10-26,0,1,0.4944050354526195,0.4944050354526195,0.33151109175375965,0.16289394369885984
XOM,calibrated_random_forest,3,2023-10-27,1,1,0.5552324032642152,0.5552324032642152,0.2729154115540879,0.2823169917101273
XOM,calibrated_random_forest,3,2023-10-30,0,1,0.4952716044248106,0.4952716044248106,0.2963315043853197,0.19894010003949092
XOM,calibrated_random_forest,3,2023-10-31,0,1,0.4642740290885969,0.4642740290885969,0.32990982440081645,0.13436420468778043
XOM,calibrated_random_forest,3,2023-11-01,-1,1,0.46844734984804975,0.46844734984804975,0.3102862686346501,0.15816108121339967
XOM,calibrated_random_forest,3,2023-11-02,-1,1,0.5464870602435301,0.5464870602435301,0.2618075639158826,0.2846794963276475
XOM,calibrated_random_forest,3,2023-11-03,-1,1,0.5181401606425261,0.5181401606425261,0.2936796531848634,0.22446050745766272
XOM,calibrated_random_forest,3,2023-11-06,0,1,0.5175054940682391,0.5175054940682391,0.2760728000274333,0.2414326940408058
XOM,calibrated_random_forest,3,2023-11-07,0,1,0.4769349579646051,0.4769349579646051,0.32132690253473245,0.15560805542987266
XOM,calibrated_random_forest,3,2023-11-08,0,1,0.5080244066323171,0.5080244066323171,0.3192937583926229,0.18873064823969415
XOM,calibrated_random_forest,3,2023-11-09,0,1,0.4807467969565318,0.4807467969565318,0.31037519085392584,0.17037160610260593
XOM,calibrated_random_forest,3,2023-11-10,1,1,0.4214607632128678,0.4214607632128678,0.34430468968428546,0.07715607352858234
XOM,calibrated_random_forest,3,2023-11-13,0,1,0.456984418337452,0.456984418337452,0.28990699772834566,0.16707742060910635
XOM,calibrated_random_forest,3,2023-11-14,0,1,0.420157837452747,0.420157837452747,0.3308655266938991,0.08929231075884786
XOM,calibrated_random_forest,3,2023-11-15,0,1,0.4222499279288569,0.4222499279288569,0.33951992606618586,0.08273000186267104
XOM,calibrated_random_forest,3,2023-11-16,1,1,0.42391131761665096,0.42391131761665096,0.34783294692784383,0.07607837068880713
XOM,calibrated_random_forest,3,2023-11-17,0,1,0.49922187864611406,0.49922187864611406,0.25943944540706904,0.23978243323904502
XOM,calibrated_random_forest,3,2023-11-20,0,1,0.43158451546090415,0.43158451546090415,0.2866713149982461,0.14491320046265804
XOM,calibrated_random_forest,3,2023-11-21,-1,1,0.45047141432691973,0.45047141432691973,0.2867035629259748,0.1637678514009449
XOM,calibrated_random_forest,3,2023-11-22,0,1,0.4191905642837475,0.4191905642837475,0.30981845678902714,0.10937210749472037
XOM,calibrated_random_forest,3,2023-11-24,0,1,0.4377500212329521,0.4377500212329521,0.2994211148007062,0.13832890643224588
XOM,calibrated_random_forest,3,2023-11-27,0,1,0.437099287222426,0.437099287222426,0.3104752123849877,0.12662407483743832
XOM,calibrated_random_forest,3,2023-11-28,-1,1,0.4323123695003928,0.4323123695003928,0.3121983990911288,0.12011397040926403
XOM,calibrated_random_forest,3,2023-11-29,-1,1,0.47339725666514926,0.47339725666514926,0.2862015227204409,0.18719573394470834
XOM,calibrated_random_forest,3,2023-11-30,-1,1,0.46424339577447055,0.46424339577447055,0.301234590415102,0.16300880535936857
XOM,calibrated_random_forest,3,2023-12-01,-1,1,0.4159064739334554,0.4159064739334554,0.3245859147543117,0.09132055917914372
XOM,calibrated_random_forest,3,2023-12-04,-1,1,0.4201218879973374,0.4201218879973374,0.3609560295538099,0.05916585844352751
XOM,calibrated_random_forest,3,2023-12-05,-1,1,0.4609216774159202,0.4609216774159202,0.34191134522310884,0.11901033219281137
XOM,calibrated_random_forest,3,2023-12-06,0,1,0.4486699185007448,0.4486699185007448,0.3613690674447143,0.08730085105603047
XOM,calibrated_random_forest,3,2023-12-07,1,1,0.4564142563670788,0.4564142563670788,0.3522031822168757,0.10421107415020309
XOM,calibrated_random_forest,3,2023-12-08,0,1,0.4180193909269112,0.4180193909269112,0.3666287458011181,0.05139064512579311
XOM,calibrated_random_forest,3,2023-12-11,1,1,0.41370269867012555,0.41370269867012555,0.3632359710547928,0.050466727615332774
XOM,calibrated_random_forest,3,2023-12-12,1,1,0.4196813742529342,0.4196813742529342,0.3724399934603874,0.047241380792546805
XOM,calibrated_random_forest,3,2023-12-13,1,1,0.40474080873101537,0.40474080873101537,0.36093103850447056,0.04380977022654481
XOM,calibrated_random_forest,3,2023-12-14,0,1,0.5314728082140464,0.5314728082140464,0.23523909182953825,0.29623371638450813
XOM,calibrated_random_forest,3,2023-12-15,0,1,0.46635553666510204,0.46635553666510204,0.2691034937931914,0.19725204287191067
XOM,calibrated_random_forest,3,2023-12-18,0,1,0.48522321731119983,0.48522321731119983,0.2816318544235631,0.20359136288763674
XOM,calibrated_random_forest,3,2023-12-19,0,1,0.47441910855089614,0.47441910855089614,0.2796584174383383,0.19476069111255784
XOM,calibrated_random_forest,3,2023-12-20,0,1,0.49584482631651666,0.49584482631651666,0.2622414062940274,0.23360342002248924
XOM,calibrated_random_forest,3,2023-12-21,0,1,0.4329540890956259,0.4329540890956259,0.29009457597485605,0.14285951312076983
XOM,calibrated_random_forest,3,2023-12-22,0,1,0.43378843636631315,0.43378843636631315,0.29943314315914377,0.13435529320716938
XOM,calibrated_random_forest,3,2023-12-26,0,1,0.4387204882583915,0.4387204882583915,0.287288218859542,0.15143226939884952
XOM,calibrated_random_forest,3,2023-12-27,0,1,0.4278391473570835,0.4278391473570835,0.3083025737122603,0.11953657364482323
XOM,calibrated_random_forest,3,2023-12-28,1,1,0.4589748803039703,0.4589748803039703,0.27286522629527865,0.18610965400869167
XOM,calibrated_random_forest,3,2023-12-29,0,1,0.42648170093705096,0.42648170093705096,0.32701475017452636,0.0994669507625246
XOM,calibrated_random_forest,3,2024-01-02,-1,1,0.5258878230416578,0.5258878230416578,0.2660693458354704,0.2598184772061874
XOM,calibrated_random_forest,3,2024-01-03,-1,1,0.5135487562428175,0.5135487562428175,0.2547891140938575,0.25875964214895997
XOM,calibrated_random_forest,3,2024-01-04,-1,1,0.48985924763306404,0.48985924763306404,0.2880009922213231,0.20185825541174096
XOM,calibrated_random_forest,3,2024-01-05,-1,1,0.4448660576964651,0.4448660576964651,0.3167771963501138,0.12808886134635128
XOM,calibrated_random_forest,3,2024-01-08,-1,1,0.5071183367425477,0.5071183367425477,0.28063249732102374,0.22648583942152395
XOM,calibrated_random_forest,3,2024-01-09,-1,1,0.5106828269516775,0.5106828269516775,0.25041151876600826,0.2602713081856693
XOM,calibrated_random_forest,3,2024-01-10,0,1,0.5052743089655224,0.5052743089655224,0.24883039621924719,0.2564439127462752
XOM,calibrated_random_forest,3,2024-01-11,0,1,0.48094414051360107,0.48094414051360107,0.3049848802309815,0.17595926028261955
XOM,calibrated_random_forest,3,2024-01-12,-1,1,0.5224572909051308,0.5224572909051308,0.26762622841037637,0.25483106249475446
XOM,calibrated_random_forest,3,2024-01-16,0,1,0.5030633918467414,0.5030633918467414,0.26481552913415946,0.23824786271258197
XOM,calibrated_random_forest,3,2024-01-17,1,1,0.44457037381342873,0.44457037381342873,0.2962499604209346,0.14832041339249413
XOM,calibrated_random_forest,3,2024-01-18,1,1,0.43127921167179323,0.43127921167179323,0.3181296550521149,0.11314955661967835
XOM,calibrated_random_forest,3,2024-01-19,1,1,0.40630326302713654,0.40630326302713654,0.3405408329348216,0.06576243009231492
XOM,calibrated_random_forest,3,2024-01-22,1,1,0.42791051753625603,0.42791051753625603,0.343997332436087,0.08391318510016904
XOM,calibrated_random_forest,3,2024-01-23,1,1,0.4736048259084997,0.4736048259084997,0.27284713513326064,0.20075769077523908
XOM,calibrated_random_forest,3,2024-01-24,1,1,0.5193430356016265,0.5193430356016265,0.2630488830248037,0.2562941525768228
XOM,calibrated_random_forest,3,2024-01-25,0,1,0.529861922881686,0.529861922881686,0.2402813491709719,0.2895805737107141
XOM,calibrated_random_forest,3,2024-01-26,0,1,0.4942793907627033,0.4942793907627033,0.2621837271631364,0.23209566359956685
XOM,calibrated_random_forest,3,2024-01-29,0,1,0.46805223422442394,0.46805223422442394,0.29932841756543993,0.168723816658984
XOM,calibrated_random_forest,3,2024-01-30,-1,1,0.4307612616128453,0.4307612616128453,0.3119377429352377,0.1188235186776076
XOM,calibrated_random_forest,3,2024-01-31,0,1,0.49749360512564006,0.49749360512564006,0.2547217072081674,0.24277189791747267
XOM,calibrated_random_forest,3,2024-02-01,0,1,0.4929264204684765,0.4929264204684765,0.26921855518037185,0.22370786528810466
XOM,calibrated_random_forest,3,2024-02-02,0,1,0.5049822778178102,0.5049822778178102,0.2493523632619469,0.25562991455586337
XOM,calibrated_random_forest,3,2024-02-05,0,1,0.4661915722153825,0.4661915722153825,0.2909371027786688,0.1752544694367137
XOM,calibrated_random_forest,3,2024-02-06,0,1,0.47313023557505857,0.47313023557505857,0.31820571965073713,0.15492451592432144
XOM,calibrated_random_forest,3,2024-02-07,0,1,0.43935304406212444,0.43935304406212444,0.30822801555516127,0.13112502850696317
XOM,calibrated_random_forest,3,2024-02-08,0,1,0.45674660121633215,0.45674660121633215,0.29164438972905793,0.16510221148727422
XOM,calibrated_random_forest,3,2024-02-09,1,1,0.5101718614846908,0.5101718614846908,0.2865925127130137,0.22357934877167712
XOM,calibrated_random_forest,3,2024-02-12,0,1,0.49911734238549527,0.49911734238549527,0.26545197952840843,0.23366536285708683
XOM,calibrated_random_forest,3,2024-02-13,1,1,0.4728326820098249,0.4728326820098249,0.3290367443819653,0.14379593762785964
XOM,calibrated_random_forest,3,2024-02-14,1,1,0.4557165958679706,0.4557165958679706,0.3414095876455862,0.11430700822238438
XOM,calibrated_random_forest,3,2024-02-15,0,1,0.4830080473894367,0.4830080473894367,0.3105812297184891,0.17242681767094759
XOM,calibrated_random_forest,3,2024-02-16,0,1,0.4590277208518281,0.4590277208518281,0.3373572151417082,0.12167050571011989
XOM,calibrated_random_forest,3,2024-02-20,0,1,0.46515595760144207,0.46515595760144207,0.3423581938833309,0.12279776371811119
XOM,calibrated_random_forest,3,2024-02-21,0,1,0.47157105489269807,0.47157105489269807,0.2919588894542777,0.17961216543842035
XOM,calibrated_random_forest,3,2024-02-22,0,1,0.471741422659645,0.471741422659645,0.3405938250824329,0.13114759757721212
XOM,calibrated_random_forest,3,2024-02-23,0,1,0.47049168537792946,0.47049168537792946,0.32728497885889796,0.1432067065190315
XOM,calibrated_random_forest,3,2024-02-26,0,1,0.5097131242634271,0.5097131242634271,0.2769376480226186,0.23277547624080847
XOM,calibrated_random_forest,3,2024-02-27,0,1,0.434919907850094,0.434919907850094,0.30230559444835114,0.13261431340174284
XOM,calibrated_random_forest,3,2024-02-28,1,1,0.45154372076495647,0.45154372076495647,0.27610015190387777,0.1754435688610787
XOM,calibrated_random_forest,3,2024-02-29,1,1,0.4239927995792288,0.4239927995792288,0.2885695279967571,0.1354232715824717
XOM,calibrated_random_forest,3,2024-03-01,1,1,0.43538846279520665,0.43538846279520665,0.29142542928975407,0.1439630335054526
XOM,calibrated_random_forest,3,2024-03-04,1,1,0.45168560296890053,0.45168560296890053,0.2999611657537317,0.15172443721516882
XOM,calibrated_random_forest,3,2024-03-05,1,1,0.43602890417906764,0.43602890417906764,0.28353057541303794,0.1524983287660297
XOM,calibrated_random_forest,3,2024-03-06,1,1,0.38626563692653254,0.38626563692653254,0.31848864343835565,0.0677769934881769
XOM,calibrated_random_forest,3,2024-03-07,1,1,0.3912989669301688,0.3912989669301688,0.3079502335006647,0.08334873342950411
XOM,calibrated_random_forest,3,2024-03-08,1,1,0.36056117605404636,0.36056117605404636,0.3438741587169771,0.016687017337069288
XOM,calibrated_random_forest,3,2024-03-11,1,0,0.36900946182863725,0.34015632826992,0.34015632826992,0.02885313355871727
XOM,calibrated_random_forest,3,2024-03-12,1,1,0.38744631140919855,0.38744631140919855,0.3149095590910998,0.07253675231809875
XOM,calibrated_random_forest,3,2024-03-13,1,0,0.36028196560046694,0.3368203387170137,0.3368203387170137,0.023461626883453213
XOM,calibrated_random_forest,3,2024-03-14,0,1,0.38190633395425894,0.38190633395425894,0.31229952655429805,0.06960680739996089
XOM,calibrated_random_forest,3,2024-03-15,0,1,0.35133907179772406,0.35133907179772406,0.3407768831488443,0.010562188648879756
XOM,calibrated_random_forest,3,2024-03-18,1,1,0.37654070083949903,0.37654070083949903,0.32304221239278,0.053498488446719006
XOM,calibrated_random_forest,3,2024-03-19,0,1,0.3606302124695067,0.3606302124695067,0.3235351460524023,0.037095066417104416
XOM,calibrated_random_forest,3,2024-03-20,0,1,0.3630519011267295,0.3630519011267295,0.32267015763922835,0.040381743487501176
XOM,calibrated_random_forest,3,2024-03-21,1,1,0.3573369804911202,0.3573369804911202,0.3311698758647919,0.02616710462632832
XOM,calibrated_random_forest,3,2024-03-22,1,1,0.358526125244419,0.358526125244419,0.3215594569807179,0.0369666682637011
XOM,calibrated_random_forest,3,2024-03-25,1,1,0.35248866553711955,0.35248866553711955,0.3399637240472159,0.01252494148990363
XOM,calibrated_random_forest,3,2024-03-26,1,1,0.35816013309017974,0.35816013309017974,0.3290470141141544,0.029113118976025365
XOM,calibrated_random_forest,3,2024-03-27,1,1,0.36156875694089247,0.36156875694089247,0.32916219410661474,0.03240656283427773
XOM,calibrated_random_forest,3,2024-03-28,1,0,0.3530675949091435,0.34410988390026587,0.34410988390026587,0.008957711008877656
XOM,calibrated_random_forest,3,2024-04-01,1,1,0.37299888202100595,0.37299888202100595,0.3146826912304454,0.05831619079056055
XOM,calibrated_random_forest,3,2024-04-02,0,1,0.3917635192006785,0.3917635192006785,0.31746727320139995,0.07429624599927853
XOM,calibrated_random_forest,3,2024-04-03,1,1,0.36664993564724613,0.36664993564724613,0.3175928835199649,0.04905705212728123
XOM,calibrated_random_forest,3,2024-04-04,0,1,0.372558543624065,0.372558543624065,0.32076708261799486,0.05179146100607013
XOM,calibrated_random_forest,3,2024-04-05,0,1,0.3949626678505613,0.3949626678505613,0.3121476972077104,0.08281497064285087
XOM,calibrated_random_forest,3,2024-04-08,0,1,0.37961642180613014,0.37961642180613014,0.3181877978931267,0.061428623913003466
XOM,calibrated_random_forest,3,2024-04-09,-1,1,0.3679912281752385,0.3679912281752385,0.31975375771632136,0.04823747045891713
XOM,calibrated_random_forest,3,2024-04-10,-1,1,0.38728715135579206,0.38728715135579206,0.3090980297249444,0.07818912163084768
XOM,calibrated_random_forest,3,2024-04-11,-1,1,0.3964635951683979,0.3964635951683979,0.315522685795629,0.08094090937276893
XOM,calibrated_random_forest,3,2024-04-12,0,1,0.4185418226106689,0.4185418226106689,0.30565475188264707,0.11288707072802184
XOM,calibrated_random_forest,3,2024-04-15,0,1,0.41761274750961136,0.41761274750961136,0.29244556794705295,0.1251671795625584
XOM,calibrated_random_forest,3,2024-04-16,0,1,0.445264642531028,0.445264642531028,0.27873589519052894,0.16652874734049905
XOM,calibrated_random_forest,3,2024-04-17,1,1,0.4772559740244149,0.4772559740244149,0.27492918691592483,0.20232678710849006
XOM,calibrated_random_forest,3,2024-04-18,1,1,0.47404492445302554,0.47404492445302554,0.28405726665291825,0.1899876578001073
XOM,calibrated_random_forest,3,2024-04-19,0,1,0.44932498665113174,0.44932498665113174,0.28087299569196894,0.1684519909591628
XOM,calibrated_random_forest,3,2024-04-22,0,1,0.43706528218884433,0.43706528218884433,0.29787449708408076,0.13919078510476357
XOM,calibrated_random_forest,3,2024-04-23,-1,1,0.39584417181838094,0.39584417181838094,0.30589462376603943,0.08994954805234151
XOM,calibrated_random_forest,3,2024-04-24,-1,1,0.41038929717148515,0.41038929717148515,0.29988043975594064,0.1105088574155445
XOM,calibrated_random_forest,3,2024-04-25,-1,1,0.420446183199598,0.420446183199598,0.2996403862247415,0.1208057969748565
XOM,calibrated_random_forest,3,2024-04-26,0,1,0.52239561800189,0.52239561800189,0.2739881438759267,0.24840747412596337
XOM,calibrated_random_forest,3,2024-04-29,-1,1,0.4934216934648128,0.4934216934648128,0.26275746743274636,0.23066422603206643
XOM,calibrated_random_forest,3,2024-04-30,0,1,0.5508469215564301,0.5508469215564301,0.23145494742006048,0.31939197413636966
XOM,calibrated_random_forest,3,2024-05-01,0,1,0.5500582114124982,0.5500582114124982,0.22551949906796012,0.3245387123445381
XOM,calibrated_random_forest,3,2024-05-02,0,1,0.5042031041760104,0.5042031041760104,0.26167594689825485,0.2425271572777556
XOM,calibrated_random_forest,3,2024-05-03,0,1,0.4979435794200103,0.4979435794200103,0.25178935403154085,0.24615422538846943
XOM,calibrated_random_forest,3,2024-05-06,0,1,0.5036260717773097,0.5036260717773097,0.24917842766807752,0.25444764410923215
XOM,calibrated_random_forest,3,2024-05-07,1,1,0.4661793082748284,0.4661793082748284,0.2688920633987991,0.19728724487602928
XOM,calibrated_random_forest,3,2024-05-08,1,1,0.4399829293268958,0.4399829293268958,0.29565827067668765,0.14432465865020816
XOM,calibrated_random_forest,3,2024-05-09,0,1,0.5282033451289186,0.5282033451289186,0.240123858513457,0.2880794866154617
XOM,calibrated_random_forest,3,2024-05-10,1,1,0.4365121076502861,0.4365121076502861,0.3062199417666441,0.130292165883642
XOM,calibrated_random_forest,3,2024-05-13,0,1,0.4589797156333968,0.4589797156333968,0.2935755306591279,0.1654041849742689
XOM,calibrated_random_forest,3,2024-05-14,0,1,0.43940126989162165,0.43940126989162165,0.2967945044461276,0.14260676544549405
XOM,calibrated_random_forest,3,2024-05-15,-1,1,0.4725425097164644,0.4725425097164644,0.2653726676732078,0.2071698420432566
XOM,calibrated_random_forest,3,2024-05-16,-1,1,0.40341774747875947,0.40341774747875947,0.3082992684631374,0.09511847901562209
XOM,calibrated_random_forest,3,2024-05-17,-1,1,0.464771842971236,0.464771842971236,0.2936653902391763,0.1711064527320597
XOM,calibrated_random_forest,3,2024-05-20,-1,1,0.387587986582969,0.387587986582969,0.3121298496849594,0.07545813689800962
XOM,calibrated_random_forest,3,2024-05-21,-1,1,0.3983665525088025,0.3983665525088025,0.31477314907347975,0.08359340343532273
XOM,calibrated_random_forest,3,2024-05-22,0,1,0.4927587392129266,0.4927587392129266,0.2705682303070889,0.22219050890583775
