signal_date,trade_date,trade_price,market_close,predicted_signal,confidence,bullish_probability,trend_filter_passed,target_allocation,action,cash,shares,position_value,portfolio_value,explanation
2024-05-31,2024-06-03,109.64893810836958,107.90473175048828,BEARISH_SIGNAL,0.42635510034236895,0.3763890437370153,True,0.0,HOLD,10000.0,0,0.0,10000.0,"Conservative trader saw BEARISH_SIGNAL with bullish_probability=0.38, confidence=0.43, probability_margin=0.05, trend_filter_passed=True, rule=bearish_exit, target_allocation=0.00%."
2024-06-03,2024-06-04,106.5376460889923,106.22651672363281,BEARISH_SIGNAL,0.41192212415374696,0.3790466956544321,False,0.0,HOLD,10000.0,0,0.0,10000.0,"Conservative trader saw BEARISH_SIGNAL with bullish_probability=0.38, confidence=0.41, probability_margin=0.03, trend_filter_passed=False, rule=bearish_exit, target_allocation=0.00%."
2024-06-04,2024-06-05,106.43394526340778,106.65079498291016,NEUTRAL_SIGNAL,0.8596016117683334,0.12035749546197833,False,0.0,HOLD,10000.0,0,0.0,10000.0,"Conservative trader saw NEUTRAL_SIGNAL with bullish_probability=0.12, confidence=0.86, probability_margin=0.74, trend_filter_passed=False, rule=neutral_hold, target_allocation=0.00%."
2024-06-05,2024-06-06,106.30195584483778,107.45218658447266,NEUTRAL_SIGNAL,0.5800796189238663,0.374200031605719,False,0.0,HOLD,10000.0,0,0.0,10000.0,"Conservative trader saw NEUTRAL_SIGNAL with bullish_probability=0.37, confidence=0.58, probability_margin=0.21, trend_filter_passed=False, rule=neutral_hold, target_allocation=0.00%."
2024-06-06,2024-06-07,107.28248062683475,106.30195617675781,BULLISH_SIGNAL,0.3857086282817235,0.3857086282817235,False,0.0,HOLD,10000.0,0,0.0,10000.0,"Conservative trader saw BULLISH_SIGNAL with bullish_probability=0.39, confidence=0.39, probability_margin=0.07, trend_filter_passed=False, rule=neutral_hold, target_allocation=0.00%."
2024-06-07,2024-06-10,106.59423026331471,106.61309051513672,NEUTRAL_SIGNAL,0.665008763256908,0.2350758943696476,False,0.0,HOLD,10000.0,0,0.0,10000.0,"Conservative trader saw NEUTRAL_SIGNAL with bullish_probability=0.24, confidence=0.67, probability_margin=0.43, trend_filter_passed=False, rule=neutral_hold, target_allocation=0.00%."
2024-06-10,2024-06-11,106.05682623906173,105.755126953125,NEUTRAL_SIGNAL,0.6749021028446325,0.15789335273260668,False,0.0,HOLD,10000.0,0,0.0,10000.0,"Conservative trader saw NEUTRAL_SIGNAL with bullish_probability=0.16, confidence=0.67, probability_margin=0.51, trend_filter_passed=False, rule=neutral_hold, target_allocation=0.00%."
2024-06-11,2024-06-12,106.82051718631816,104.58605194091797,NEUTRAL_SIGNAL,0.7183996706737941,0.19424567843931861,False,0.0,HOLD,10000.0,0,0.0,10000.0,"Conservative trader saw NEUTRAL_SIGNAL with bullish_probability=0.19, confidence=0.72, probability_margin=0.52, trend_filter_passed=False, rule=neutral_hold, target_allocation=0.00%."
2024-06-12,2024-06-13,104.50116985306731,103.7469253540039,NEUTRAL_SIGNAL,0.739480179045504,0.2084903692510434,False,0.0,HOLD,10000.0,0,0.0,10000.0,"Conservative trader saw NEUTRAL_SIGNAL with bullish_probability=0.21, confidence=0.74, probability_margin=0.53, trend_filter_passed=False, rule=neutral_hold, target_allocation=0.00%."
2024-06-13,2024-06-14,103.72807922019946,102.87012481689453,BULLISH_SIGNAL,0.6582745221963912,0.6582745221963912,False,0.0,HOLD,10000.0,0,0.0,10000.0,"Conservative trader saw BULLISH_SIGNAL with bullish_probability=0.66, confidence=0.66, probability_margin=0.42, trend_filter_passed=False, rule=neutral_hold, target_allocation=0.00%."
2024-06-14,2024-06-17,102.9266920062784,102.16301727294922,BULLISH_SIGNAL,0.8102420985203933,0.8102420985203933,False,0.0,HOLD,10000.0,0,0.0,10000.0,"Conservative trader saw BULLISH_SIGNAL with bullish_probability=0.81, confidence=0.81, probability_margin=0.68, trend_filter_passed=False, rule=neutral_hold, target_allocation=0.00%."
2024-06-17,2024-06-18,102.7946971061277,103.12467956542969,BULLISH_SIGNAL,0.7790342020719851,0.7790342020719851,False,0.0,HOLD,10000.0,0,0.0,10000.0,"Conservative trader saw BULLISH_SIGNAL with bullish_probability=0.78, confidence=0.78, probability_margin=0.57, trend_filter_passed=False, rule=neutral_hold, target_allocation=0.00%."
2024-06-18,2024-06-20,103.62437724385651,105.34971618652344,BEARISH_SIGNAL,0.5004423152623854,0.38058133500286057,False,0.0,HOLD,10000.0,0,0.0,10000.0,"Conservative trader saw BEARISH_SIGNAL with bullish_probability=0.38, confidence=0.50, probability_margin=0.12, trend_filter_passed=False, rule=bearish_exit, target_allocation=0.00%."
2024-06-20,2024-06-21,105.50057013708961,104.42576599121094,BEARISH_SIGNAL,0.4399918995275282,0.20179750893644194,False,0.0,HOLD,10000.0,0,0.0,10000.0,"Conservative trader saw BEARISH_SIGNAL with bullish_probability=0.20, confidence=0.44, probability_margin=0.08, trend_filter_passed=False, rule=bearish_exit, target_allocation=0.00%."
2024-06-21,2024-06-24,105.25543253399788,107.5276107788086,NEUTRAL_SIGNAL,0.8760978393552346,0.08687793618146224,False,0.0,HOLD,10000.0,0,0.0,10000.0,"Conservative trader saw NEUTRAL_SIGNAL with bullish_probability=0.09, confidence=0.88, probability_margin=0.79, trend_filter_passed=False, rule=neutral_hold, target_allocation=0.00%."
2024-06-24,2024-06-25,107.58418226936926,107.82931518554688,BEARISH_SIGNAL,0.7168231540568873,0.061930871544695974,False,0.0,HOLD,10000.0,0,0.0,10000.0,"Conservative trader saw BEARISH_SIGNAL with bullish_probability=0.06, confidence=0.72, probability_margin=0.50, trend_filter_passed=False, rule=bearish_exit, target_allocation=0.00%."
2024-06-25,2024-06-26,107.8481670315633,107.86702728271484,NEUTRAL_SIGNAL,0.706864525812035,0.022682242376985913,False,0.0,HOLD,10000.0,0,0.0,10000.0,"Conservative trader saw NEUTRAL_SIGNAL with bullish_probability=0.02, confidence=0.71, probability_margin=0.44, trend_filter_passed=False, rule=neutral_hold, target_allocation=0.00%."
2024-06-26,2024-06-27,108.41385193104219,108.3290023803711,BEARISH_SIGNAL,0.8865663362366085,0.052636592424542605,False,0.0,HOLD,10000.0,0,0.0,10000.0,"Conservative trader saw BEARISH_SIGNAL with bullish_probability=0.05, confidence=0.89, probability_margin=0.83, trend_filter_passed=False, rule=bearish_exit, target_allocation=0.00%."
2024-06-27,2024-06-28,109.23410096997847,108.53642272949219,NEUTRAL_SIGNAL,0.8780666329999929,0.06660275489978919,False,0.0,HOLD,10000.0,0,0.0,10000.0,"Conservative trader saw NEUTRAL_SIGNAL with bullish_probability=0.07, confidence=0.88, probability_margin=0.81, trend_filter_passed=False, rule=neutral_hold, target_allocation=0.00%."
2024-06-28,2024-07-01,109.09267505938112,108.38556671142578,NEUTRAL_SIGNAL,0.9275358546761201,0.041504241913275626,False,0.0,HOLD,10000.0,0,0.0,10000.0,"Conservative trader saw NEUTRAL_SIGNAL with bullish_probability=0.04, confidence=0.93, probability_margin=0.89, trend_filter_passed=False, rule=neutral_hold, target_allocation=0.00%."
2024-07-01,2024-07-02,109.27180558060567,107.6501693725586,NEUTRAL_SIGNAL,0.660669365717348,0.03696072640182613,False,0.0,HOLD,10000.0,0,0.0,10000.0,"Conservative trader saw NEUTRAL_SIGNAL with bullish_probability=0.04, confidence=0.66, probability_margin=0.36, trend_filter_passed=False, rule=neutral_hold, target_allocation=0.00%."
2024-07-02,2024-07-03,107.73503119424512,108.19701385498047,BEARISH_SIGNAL,0.691533325544435,0.06761715674359273,False,0.0,HOLD,10000.0,0,0.0,10000.0,"Conservative trader saw BEARISH_SIGNAL with bullish_probability=0.07, confidence=0.69, probability_margin=0.45, trend_filter_passed=False, rule=bearish_exit, target_allocation=0.00%."
2024-07-03,2024-07-05,108.0555812529771,106.8864974975586,NEUTRAL_SIGNAL,0.9209337908914971,0.04053718596895594,False,0.0,HOLD,10000.0,0,0.0,10000.0,"Conservative trader saw NEUTRAL_SIGNAL with bullish_probability=0.04, confidence=0.92, probability_margin=0.88, trend_filter_passed=False, rule=neutral_hold, target_allocation=0.00%."
2024-07-05,2024-07-08,105.96253872277053,105.7645492553711,BEARISH_SIGNAL,0.7642319256811089,0.10419375465423654,False,0.0,HOLD,10000.0,0,0.0,10000.0,"Conservative trader saw BEARISH_SIGNAL with bullish_probability=0.10, confidence=0.76, probability_margin=0.63, trend_filter_passed=False, rule=bearish_exit, target_allocation=0.00%."
2024-07-08,2024-07-09,104.75574277577621,104.59546661376953,BEARISH_SIGNAL,0.7752636320110549,0.07178377782292156,False,0.0,HOLD,10000.0,0,0.0,10000.0,"Conservative trader saw BEARISH_SIGNAL with bullish_probability=0.07, confidence=0.78, probability_margin=0.62, trend_filter_passed=False, rule=bearish_exit, target_allocation=0.00%."
2024-07-09,2024-07-10,104.57661326831202,105.51942443847656,BEARISH_SIGNAL,0.9191558620478699,0.017898981589077188,False,0.0,HOLD,10000.0,0,0.0,10000.0,"Conservative trader saw BEARISH_SIGNAL with bullish_probability=0.02, confidence=0.92, probability_margin=0.86, trend_filter_passed=False, rule=bearish_exit, target_allocation=0.00%."
2024-07-10,2024-07-11,105.05743771860382,106.77335357666016,BULLISH_SIGNAL,0.606230684269486,0.606230684269486,False,0.0,HOLD,10000.0,0,0.0,10000.0,"Conservative trader saw BULLISH_SIGNAL with bullish_probability=0.61, confidence=0.61, probability_margin=0.41, trend_filter_passed=False, rule=neutral_hold, target_allocation=0.00%."
2024-07-11,2024-07-12,107.47104628175133,106.79222106933594,BULLISH_SIGNAL,0.43771056647248735,0.43771056647248735,False,0.0,HOLD,10000.0,0,0.0,10000.0,"Conservative trader saw BULLISH_SIGNAL with bullish_probability=0.44, confidence=0.44, probability_margin=0.00, trend_filter_passed=False, rule=neutral_hold, target_allocation=0.00%."
2024-07-12,2024-07-15,107.73503203085122,108.62127685546875,BULLISH_SIGNAL,0.7359620899095031,0.7359620899095031,False,0.0,HOLD,10000.0,0,0.0,10000.0,"Conservative trader saw BULLISH_SIGNAL with bullish_probability=0.74, confidence=0.74, probability_margin=0.56, trend_filter_passed=False, rule=neutral_hold, target_allocation=0.00%."
2024-07-15,2024-07-16,107.810455421018,109.40380859375,NEUTRAL_SIGNAL,0.4888024914209989,0.10511510528635082,True,0.0,HOLD,10000.0,0,0.0,10000.0,"Conservative trader saw NEUTRAL_SIGNAL with bullish_probability=0.11, confidence=0.49, probability_margin=0.08, trend_filter_passed=True, rule=neutral_hold, target_allocation=0.00%."
2024-07-16,2024-07-17,110.06376108817828,110.91229248046875,NEUTRAL_SIGNAL,0.4084747472548145,0.34722395049140403,True,0.0,HOLD,10000.0,0,0.0,10000.0,"Conservative trader saw NEUTRAL_SIGNAL with bullish_probability=0.35, confidence=0.41, probability_margin=0.06, trend_filter_passed=True, rule=neutral_hold, target_allocation=0.00%."
2024-07-17,2024-07-18,111.20457853874561,112.00597381591797,NEUTRAL_SIGNAL,0.931246650752364,0.0524324878780715,True,0.0,HOLD,10000.0,0,0.0,10000.0,"Conservative trader saw NEUTRAL_SIGNAL with bullish_probability=0.05, confidence=0.93, probability_margin=0.88, trend_filter_passed=True, rule=neutral_hold, target_allocation=0.00%."
2024-07-18,2024-07-19,111.80796391609914,109.43208312988281,NEUTRAL_SIGNAL,0.9299038562467763,0.016823415630601107,True,0.0,HOLD,10000.0,0,0.0,10000.0,"Conservative trader saw NEUTRAL_SIGNAL with bullish_probability=0.02, confidence=0.93, probability_margin=0.88, trend_filter_passed=True, rule=neutral_hold, target_allocation=0.00%."
2024-07-19,2024-07-22,108.5929840098498,108.6778335571289,BULLISH_SIGNAL,0.5185344763223045,0.5185344763223045,True,0.0311520346919566,HOLD,10000.0,0,0.0,10000.0,"Conservative trader saw BULLISH_SIGNAL with bullish_probability=0.52, confidence=0.52, probability_margin=0.22, trend_filter_passed=True, rule=bullish_signal, target_allocation=3.12%."
2024-07-22,2024-07-23,108.24414709508848,106.9242172241211,BULLISH_SIGNAL,0.7876654440661522,0.7876654440661522,True,0.1534842927573419,BUY,8482.308055870735,14,1496.9390411376953,9979.24709700843,"Conservative trader saw BULLISH_SIGNAL with bullish_probability=0.79, confidence=0.79, probability_margin=0.59, trend_filter_passed=True, rule=bullish_signal, target_allocation=15.35%."
2024-07-23,2024-07-24,107.26361777441313,108.43270874023438,NEUTRAL_SIGNAL,0.9164556524465057,0.054139062775715965,False,0.15040973995048448,HOLD,8482.308055870735,14,1518.0579223632812,10000.365978234016,"Conservative trader saw NEUTRAL_SIGNAL with bullish_probability=0.05, confidence=0.92, probability_margin=0.86, trend_filter_passed=False, rule=neutral_hold, target_allocation=15.04%."
2024-07-24,2024-07-25,108.58356203770802,110.71431732177734,NEUTRAL_SIGNAL,0.6687899123902009,0.27091617003460267,True,0.15197932752441495,HOLD,8482.308055870735,14,1550.0004425048828,10032.308498375618,"Conservative trader saw NEUTRAL_SIGNAL with bullish_probability=0.27, confidence=0.67, probability_margin=0.40, trend_filter_passed=True, rule=neutral_hold, target_allocation=15.20%."
2024-07-25,2024-07-26,110.09205413216827,110.62003326416016,BULLISH_SIGNAL,0.8779484196883671,0.8779484196883671,True,0.19452200894925775,HOLD,8482.308055870735,14,1548.6804656982422,10030.988521568977,"Conservative trader saw BULLISH_SIGNAL with bullish_probability=0.88, confidence=0.88, probability_margin=0.78, trend_filter_passed=True, rule=bullish_signal, target_allocation=19.45%."
2024-07-26,2024-07-29,110.61059596753869,109.46036529541016,BULLISH_SIGNAL,0.8117471165356916,0.8117471165356916,True,0.16443050751622346,HOLD,8482.308055870735,14,1532.4451141357422,10014.753170006477,"Conservative trader saw BULLISH_SIGNAL with bullish_probability=0.81, confidence=0.81, probability_margin=0.71, trend_filter_passed=True, rule=bullish_signal, target_allocation=16.44%."
2024-07-29,2024-07-30,109.70550149488611,111.4119873046875,NEUTRAL_SIGNAL,0.5189275400551162,0.23440992976387193,True,0.15330890866503394,HOLD,8482.308055870735,14,1559.767822265625,10042.07587813636,"Conservative trader saw NEUTRAL_SIGNAL with bullish_probability=0.23, confidence=0.52, probability_margin=0.27, trend_filter_passed=True, rule=neutral_hold, target_allocation=15.33%."
2024-07-30,2024-07-31,112.79791500365053,111.8079605102539,BULLISH_SIGNAL,0.49044274113119135,0.49044274113119135,True,0.018383064150541518,REDUCE,9946.48212476207,1,111.8079605102539,10058.290085272323,"Conservative trader saw BULLISH_SIGNAL with bullish_probability=0.49, confidence=0.49, probability_margin=0.15, trend_filter_passed=True, rule=bullish_signal, target_allocation=1.84%."
2024-07-31,2024-08-01,111.58170161581688,110.26176452636719,BULLISH_SIGNAL,0.8970251300404527,0.8970251300404527,True,0.20319324092747848,BUY,8046.746915457516,18,1984.7117614746094,10031.458676932125,"Conservative trader saw BULLISH_SIGNAL with bullish_probability=0.90, confidence=0.90, probability_margin=0.84, trend_filter_passed=True, rule=bullish_signal, target_allocation=20.32%."
2024-08-01,2024-08-02,109.33781581365184,110.19577026367188,BULLISH_SIGNAL,0.861972090391435,0.861972090391435,True,0.18726004108701588,HOLD,8046.746915457516,18,1983.5238647460938,10030.27078020361,"Conservative trader saw BULLISH_SIGNAL with bullish_probability=0.86, confidence=0.86, probability_margin=0.76, trend_filter_passed=True, rule=bullish_signal, target_allocation=18.73%."
2024-08-02,2024-08-05,108.93240479524925,108.20643615722656,BULLISH_SIGNAL,0.6460033555489743,0.6460033555489743,True,0.08909243434044282,REDUCE,9134.437522000104,8,865.6514892578125,10000.089011257916,"Conservative trader saw BULLISH_SIGNAL with bullish_probability=0.65, confidence=0.65, probability_margin=0.31, trend_filter_passed=True, rule=bullish_signal, target_allocation=8.91%."
2024-08-05,2024-08-06,107.9047336727534,107.6313247680664,BEARISH_SIGNAL,0.8401035838316734,0.091228958215287,True,0.0,EXIT TO CASH,9996.380966196994,0,0.0,9996.380966196994,"Conservative trader saw BEARISH_SIGNAL with bullish_probability=0.09, confidence=0.84, probability_margin=0.75, trend_filter_passed=True, rule=bearish_exit, target_allocation=0.00%."
2024-08-06,2024-08-07,108.84754236442528,109.06439208984375,BEARISH_SIGNAL,0.9324422793454544,0.03555272290778756,True,0.0,HOLD,9996.380966196994,0,0.0,9996.380966196994,"Conservative trader saw BEARISH_SIGNAL with bullish_probability=0.04, confidence=0.93, probability_margin=0.90, trend_filter_passed=True, rule=bearish_exit, target_allocation=0.00%."
2024-08-07,2024-08-08,109.44151679505634,111.14800262451172,BULLISH_SIGNAL,0.634929732801481,0.634929732801481,True,0.08405896945521864,BUY,9229.140829659942,7,778.036018371582,10007.176848031524,"Conservative trader saw BULLISH_SIGNAL with bullish_probability=0.63, confidence=0.63, probability_margin=0.38, trend_filter_passed=True, rule=bullish_signal, target_allocation=8.41%."
2024-08-08,2024-08-09,111.14800277057451,112.0531005859375,NEUTRAL_SIGNAL,0.40031812622077007,0.27135071122434967,True,0.07774780351439216,HOLD,9229.140829659942,7,784.3717041015625,10013.512533761505,"Conservative trader saw NEUTRAL_SIGNAL with bullish_probability=0.27, confidence=0.40, probability_margin=0.07, trend_filter_passed=True, rule=neutral_hold, target_allocation=7.77%."
2024-08-09,2024-08-12,112.71307568127355,112.19452667236328,NEUTRAL_SIGNAL,0.5113716960379674,0.43588762450482077,True,0.07875634913391143,HOLD,9229.140829659942,7,785.361686706543,10014.502516366485,"Conservative trader saw NEUTRAL_SIGNAL with bullish_probability=0.44, confidence=0.51, probability_margin=0.08, trend_filter_passed=True, rule=neutral_hold, target_allocation=7.88%."
2024-08-12,2024-08-13,111.51569940760818,111.11972045898438,BULLISH_SIGNAL,0.42021117854637247,0.42021117854637247,True,0.07798494860252732,HOLD,9229.140829659942,7,777.8380432128906,10006.978872872833,"Conservative trader saw BULLISH_SIGNAL with bullish_probability=0.42, confidence=0.42, probability_margin=0.02, trend_filter_passed=True, rule=neutral_hold, target_allocation=7.80%."
2024-08-13,2024-08-14,111.3459965958932,112.14738464355469,BULLISH_SIGNAL,0.7368157280412722,0.7368157280412722,True,0.13037078547330552,BUY,8783.088544604801,11,1233.6212310791016,10016.709775683903,"Conservative trader saw BULLISH_SIGNAL with bullish_probability=0.74, confidence=0.74, probability_margin=0.54, trend_filter_passed=True, rule=bullish_signal, target_allocation=13.04%."
2024-08-14,2024-08-15,112.38499055948398,112.8411865234375,BEARISH_SIGNAL,0.44375804546570174,0.3583706910242035,True,0.0,EXIT TO CASH,10017.469706532342,0,0.0,10017.469706532342,"Conservative trader saw BEARISH_SIGNAL with bullish_probability=0.36, confidence=0.44, probability_margin=0.09, trend_filter_passed=True, rule=bearish_exit, target_allocation=0.00%."
2024-08-15,2024-08-16,112.13787975807344,112.30895233154297,NEUTRAL_SIGNAL,0.5193814655350333,0.44504652279235984,True,0.0,HOLD,10017.469706532342,0,0.0,10017.469706532342,"Conservative trader saw NEUTRAL_SIGNAL with bullish_probability=0.45, confidence=0.52, probability_margin=0.07, trend_filter_passed=True, rule=neutral_hold, target_allocation=0.00%."
2024-08-16,2024-08-19,112.52754294038132,112.65109252929688,NEUTRAL_SIGNAL,0.4483330195435201,0.4102896088866263,True,0.0,HOLD,10017.469706532342,0,0.0,10017.469706532342,"Conservative trader saw NEUTRAL_SIGNAL with bullish_probability=0.41, confidence=0.45, probability_margin=0.04, trend_filter_passed=True, rule=neutral_hold, target_allocation=0.00%."
2024-08-19,2024-08-20,112.76513690224485,108.89700317382812,BULLISH_SIGNAL,0.7274215130491446,0.7274215130491446,True,0.12610068774961117,BUY,8775.191955640508,11,1197.8670349121094,9973.058990552618,"Conservative trader saw BULLISH_SIGNAL with bullish_probability=0.73, confidence=0.73, probability_margin=0.52, trend_filter_passed=True, rule=bullish_signal, target_allocation=12.61%."
2024-08-20,2024-08-21,109.30567813972364,108.20320892333984,NEUTRAL_SIGNAL,0.7465657227139773,0.18723466830049432,True,0.12050673035748849,HOLD,8775.191955640508,11,1190.2352981567383,9965.427253797247,"Conservative trader saw NEUTRAL_SIGNAL with bullish_probability=0.19, confidence=0.75, probability_margin=0.56, trend_filter_passed=True, rule=neutral_hold, target_allocation=12.05%."
2024-08-21,2024-08-22,108.13668027475856,109.03956604003906,NEUTRAL_SIGNAL,0.8377591117208157,0.09496783549536192,False,0.11937178515332143,HOLD,8775.191955640508,11,1199.4352264404297,9974.627182080938,"Conservative trader saw NEUTRAL_SIGNAL with bullish_probability=0.09, confidence=0.84, probability_margin=0.74, trend_filter_passed=False, rule=neutral_hold, target_allocation=11.94%."
2024-08-22,2024-08-23,109.32468612025986,110.55070495605469,NEUTRAL_SIGNAL,0.6199018854018415,0.3362191094138565,True,0.12052516046964813,HOLD,8775.191955640508,11,1216.0577545166016,9991.24971015711,"Conservative trader saw NEUTRAL_SIGNAL with bullish_probability=0.34, confidence=0.62, probability_margin=0.28, trend_filter_passed=True, rule=neutral_hold, target_allocation=12.05%."
2024-08-23,2024-08-26,111.91928097188865,112.91719818115234,NEUTRAL_SIGNAL,0.5060815703564874,0.4229470907217654,True,0.12303364808729261,HOLD,8775.191955640508,11,1242.0891799926758,10017.281135633184,"Conservative trader saw NEUTRAL_SIGNAL with bullish_probability=0.42, confidence=0.51, probability_margin=0.08, trend_filter_passed=True, rule=neutral_hold, target_allocation=12.30%."
2024-08-26,2024-08-27,113.05976690662021,111.84325408935547,NEUTRAL_SIGNAL,0.41742160252096944,0.31459765659427263,True,0.1241317627764596,HOLD,8775.191955640508,11,1230.2757949829102,10005.467750623418,"Conservative trader saw NEUTRAL_SIGNAL with bullish_probability=0.31, confidence=0.42, probability_margin=0.10, trend_filter_passed=True, rule=neutral_hold, target_allocation=12.41%."
2024-08-27,2024-08-28,111.19697961873848,110.74078369140625,BEARISH_SIGNAL,0.435429298686977,0.1435551317367596,True,0.0,EXIT TO CASH,9996.52459286631,0,0.0,9996.52459286631,"Conservative trader saw BEARISH_SIGNAL with bullish_probability=0.14, confidence=0.44, probability_margin=0.01, trend_filter_passed=True, rule=bearish_exit, target_allocation=0.00%."
2024-08-28,2024-08-29,111.38706130684149,112.27093505859375,NEUTRAL_SIGNAL,0.9606322213814488,0.034935782958177515,True,0.0,HOLD,9996.52459286631,0,0.0,9996.52459286631,"Conservative trader saw NEUTRAL_SIGNAL with bullish_probability=0.03, confidence=0.96, probability_margin=0.93, trend_filter_passed=True, rule=neutral_hold, target_allocation=0.00%."
2024-08-29,2024-08-30,110.99739930226967,112.09036254882812,NEUTRAL_SIGNAL,0.8236181631129166,0.09208820446325704,True,0.0,HOLD,9996.52459286631,0,0.0,9996.52459286631,"Conservative trader saw NEUTRAL_SIGNAL with bullish_probability=0.09, confidence=0.82, probability_margin=0.73, trend_filter_passed=True, rule=neutral_hold, target_allocation=0.00%."
2024-08-30,2024-09-03,110.09451809762271,109.74287414550781,NEUTRAL_SIGNAL,0.7768435536871858,0.1944187950905519,True,0.0,HOLD,9996.52459286631,0,0.0,9996.52459286631,"Conservative trader saw NEUTRAL_SIGNAL with bullish_probability=0.19, confidence=0.78, probability_margin=0.58, trend_filter_passed=True, rule=neutral_hold, target_allocation=0.00%."
2024-09-03,2024-09-04,109.57180635506886,108.4028091430664,BULLISH_SIGNAL,0.8838359067820596,0.8838359067820596,True,0.1971981394463907,BUY,8131.008872407731,17,1842.847755432129,9973.856627839861,"Conservative trader saw BULLISH_SIGNAL with bullish_probability=0.88, confidence=0.88, probability_margin=0.79, trend_filter_passed=True, rule=bullish_signal, target_allocation=19.72%."
2024-09-04,2024-09-05,109.3627025077917,107.55693817138672,NEUTRAL_SIGNAL,0.44922663837161475,0.3876587819814355,False,0.18609944040553603,HOLD,8131.008872407731,17,1828.4679489135742,9959.476821321306,"Conservative trader saw NEUTRAL_SIGNAL with bullish_probability=0.39, confidence=0.45, probability_margin=0.06, trend_filter_passed=False, rule=neutral_hold, target_allocation=18.61%."
2024-09-05,2024-09-06,107.9561011663175,107.05322265625,NEUTRAL_SIGNAL,0.5651099831019306,0.25317722058648695,False,0.18414663499407213,HOLD,8131.008872407731,17,1819.90478515625,9950.913657563982,"Conservative trader saw NEUTRAL_SIGNAL with bullish_probability=0.25, confidence=0.57, probability_margin=0.31, trend_filter_passed=False, rule=neutral_hold, target_allocation=18.41%."
2024-09-06,2024-09-09,107.27182816436262,109.3056869506836,NEUTRAL_SIGNAL,0.8162560436304584,0.12142236927258687,False,0.1831932565784613,HOLD,8131.008872407731,17,1858.196678161621,9989.205550569353,"Conservative trader saw NEUTRAL_SIGNAL with bullish_probability=0.12, confidence=0.82, probability_margin=0.69, trend_filter_passed=False, rule=neutral_hold, target_allocation=18.32%."
2024-09-09,2024-09-10,109.39122706614104,105.3235092163086,BULLISH_SIGNAL,0.6045548845800419,0.6045548845800419,False,0.18613894476546944,HOLD,8131.008872407731,17,1790.499656677246,9921.508529084978,"Conservative trader saw BULLISH_SIGNAL with bullish_probability=0.60, confidence=0.60, probability_margin=0.38, trend_filter_passed=False, rule=neutral_hold, target_allocation=18.61%."
2024-09-10,2024-09-11,105.28548425206695,104.27806091308594,BULLISH_SIGNAL,0.8424164120300269,0.8424164120300269,False,0.1804130743273292,HOLD,8131.008872407731,17,1772.727035522461,9903.735907930193,"Conservative trader saw BULLISH_SIGNAL with bullish_probability=0.84, confidence=0.84, probability_margin=0.72, trend_filter_passed=False, rule=neutral_hold, target_allocation=18.04%."
2024-09-11,2024-09-12,104.44912197096355,105.7131576538086,BULLISH_SIGNAL,0.797121862665582,0.797121862665582,False,0.17923679130900044,HOLD,8131.008872407731,17,1797.123680114746,9928.132552522478,"Conservative trader saw BULLISH_SIGNAL with bullish_probability=0.80, confidence=0.80, probability_margin=0.60, trend_filter_passed=False, rule=neutral_hold, target_allocation=17.92%."
2024-09-12,2024-09-13,105.94126658600094,105.63713836669922,NEUTRAL_SIGNAL,0.7020812555964362,0.2315932942598596,False,0.18133302912868843,HOLD,8131.008872407731,17,1795.8313522338867,9926.840224641619,"Conservative trader saw NEUTRAL_SIGNAL with bullish_probability=0.23, confidence=0.70, probability_margin=0.47, trend_filter_passed=False, rule=neutral_hold, target_allocation=18.13%."
2024-09-13,2024-09-16,106.49249734892946,107.11975860595703,BULLISH_SIGNAL,0.5409002104632302,0.5409002104632302,False,0.18210471918556662,HOLD,8131.008872407731,17,1821.0358963012695,9952.044768709002,"Conservative trader saw BULLISH_SIGNAL with bullish_probability=0.54, confidence=0.54, probability_margin=0.12, trend_filter_passed=False, rule=neutral_hold, target_allocation=18.21%."
2024-09-16,2024-09-17,106.7490907930238,108.51683807373047,NEUTRAL_SIGNAL,0.9467575818257241,0.006524245984401175,False,0.1824634386387063,HOLD,8131.008872407731,17,1844.786247253418,9975.79511966115,"Conservative trader saw NEUTRAL_SIGNAL with bullish_probability=0.01, confidence=0.95, probability_margin=0.90, trend_filter_passed=False, rule=neutral_hold, target_allocation=18.25%."
2024-09-17,2024-09-18,108.45031331866407,108.89700317382812,BEARISH_SIGNAL,0.7005916680686048,0.022055457489632054,False,0.0,EXIT TO CASH,9971.899637663058,0,0.0,9971.899637663058,"Conservative trader saw BEARISH_SIGNAL with bullish_probability=0.02, confidence=0.70, probability_margin=0.42, trend_filter_passed=False, rule=bearish_exit, target_allocation=0.00%."
2024-09-18,2024-09-19,110.39864212288401,110.24657440185547,NEUTRAL_SIGNAL,0.6460577082919331,0.053627015967897006,False,0.0,HOLD,9971.899637663058,0,0.0,9971.899637663058,"Conservative trader saw NEUTRAL_SIGNAL with bullish_probability=0.05, confidence=0.65, probability_margin=0.35, trend_filter_passed=False, rule=neutral_hold, target_allocation=0.00%."
2024-09-19,2024-09-20,109.73335876069999,109.55278015136719,BEARISH_SIGNAL,0.8324459587176568,0.009706929177861487,True,0.0,HOLD,9971.899637663058,0,0.0,9971.899637663058,"Conservative trader saw BEARISH_SIGNAL with bullish_probability=0.01, confidence=0.83, probability_margin=0.67, trend_filter_passed=True, rule=bearish_exit, target_allocation=0.00%."
2024-09-20,2024-09-23,109.60981709731908,111.53913116455078,NEUTRAL_SIGNAL,0.8263368608474344,0.017335219756135393,False,0.0,HOLD,9971.899637663058,0,0.0,9971.899637663058,"Conservative trader saw NEUTRAL_SIGNAL with bullish_probability=0.02, confidence=0.83, probability_margin=0.67, trend_filter_passed=False, rule=neutral_hold, target_allocation=0.00%."
2024-09-23,2024-09-24,111.99532537738179,111.24451446533203,BEARISH_SIGNAL,0.8221127252347104,0.034117118777073,True,0.0,HOLD,9971.899637663058,0,0.0,9971.899637663058,"Conservative trader saw BEARISH_SIGNAL with bullish_probability=0.03, confidence=0.82, probability_margin=0.68, trend_filter_passed=True, rule=bearish_exit, target_allocation=0.00%."
2024-09-24,2024-09-25,110.71228289201954,109.07759094238281,BEARISH_SIGNAL,0.4750157242208967,0.10728213736097443,True,0.0,HOLD,9971.899637663058,0,0.0,9971.899637663058,"Conservative trader saw BEARISH_SIGNAL with bullish_probability=0.11, confidence=0.48, probability_margin=0.06, trend_filter_passed=True, rule=bearish_exit, target_allocation=0.00%."
2024-09-25,2024-09-26,105.62762929987565,107.2052993774414,BEARISH_SIGNAL,0.6991228348637283,0.1707182517314356,False,0.0,HOLD,9971.899637663058,0,0.0,9971.899637663058,"Conservative trader saw BEARISH_SIGNAL with bullish_probability=0.17, confidence=0.70, probability_margin=0.53, trend_filter_passed=False, rule=bearish_exit, target_allocation=0.00%."
2024-09-26,2024-09-27,108.11769072291737,110.07551574707031,BEARISH_SIGNAL,0.8273146442842845,0.04871545907184477,False,0.0,HOLD,9971.899637663058,0,0.0,9971.899637663058,"Conservative trader saw BEARISH_SIGNAL with bullish_probability=0.05, confidence=0.83, probability_margin=0.70, trend_filter_passed=False, rule=bearish_exit, target_allocation=0.00%."
2024-09-27,2024-09-30,109.73335819566137,111.40606689453125,NEUTRAL_SIGNAL,0.537220810110465,0.23759482192972783,True,0.0,HOLD,9971.899637663058,0,0.0,9971.899637663058,"Conservative trader saw NEUTRAL_SIGNAL with bullish_probability=0.24, confidence=0.54, probability_margin=0.30, trend_filter_passed=True, rule=neutral_hold, target_allocation=0.00%."
2024-09-30,2024-10-01,110.28460484359996,113.9816665649414,NEUTRAL_SIGNAL,0.6818303444769136,0.02110195110935086,True,0.0,HOLD,9971.899637663058,0,0.0,9971.899637663058,"Conservative trader saw NEUTRAL_SIGNAL with bullish_probability=0.02, confidence=0.68, probability_margin=0.38, trend_filter_passed=True, rule=neutral_hold, target_allocation=0.00%."
2024-10-01,2024-10-02,115.8824583282115,115.49279022216797,NEUTRAL_SIGNAL,0.8735945224805631,0.03642180866093631,True,0.0,HOLD,9971.899637663058,0,0.0,9971.899637663058,"Conservative trader saw NEUTRAL_SIGNAL with bullish_probability=0.04, confidence=0.87, probability_margin=0.78, trend_filter_passed=True, rule=neutral_hold, target_allocation=0.00%."
2024-10-02,2024-10-03,115.85395550926835,116.50022888183594,BEARISH_SIGNAL,0.6119108570682364,0.010615268133576279,True,0.0,HOLD,9971.899637663058,0,0.0,9971.899637663058,"Conservative trader saw BEARISH_SIGNAL with bullish_probability=0.01, confidence=0.61, probability_margin=0.23, trend_filter_passed=True, rule=bearish_exit, target_allocation=0.00%."
2024-10-03,2024-10-04,117.08947447600225,118.63863372802734,BEARISH_SIGNAL,0.7414905498418694,0.0053740206903997965,True,0.0,HOLD,9971.899637663058,0,0.0,9971.899637663058,"Conservative trader saw BEARISH_SIGNAL with bullish_probability=0.01, confidence=0.74, probability_margin=0.49, trend_filter_passed=True, rule=bearish_exit, target_allocation=0.00%."
2024-10-04,2024-10-07,119.03778941812678,119.15184020996094,BEARISH_SIGNAL,0.611690711275876,0.0017811927345587845,True,0.0,HOLD,9971.899637663058,0,0.0,9971.899637663058,"Conservative trader saw BEARISH_SIGNAL with bullish_probability=0.00, confidence=0.61, probability_margin=0.23, trend_filter_passed=True, rule=bearish_exit, target_allocation=0.00%."
2024-10-07,2024-10-08,117.73574252935917,115.98700714111328,BEARISH_SIGNAL,0.5105420885939859,0.009906952933745281,True,0.0,HOLD,9971.899637663058,0,0.0,9971.899637663058,"Conservative trader saw BEARISH_SIGNAL with bullish_probability=0.01, confidence=0.51, probability_margin=0.03, trend_filter_passed=True, rule=bearish_exit, target_allocation=0.00%."
2024-10-08,2024-10-09,114.90355008423046,116.0345230102539,NEUTRAL_SIGNAL,0.8975414380212856,0.024107104617441793,True,0.0,HOLD,9971.899637663058,0,0.0,9971.899637663058,"Conservative trader saw NEUTRAL_SIGNAL with bullish_probability=0.02, confidence=0.90, probability_margin=0.82, trend_filter_passed=True, rule=neutral_hold, target_allocation=0.00%."
2024-10-09,2024-10-10,117.05145990674313,117.0324478149414,NEUTRAL_SIGNAL,0.4734831343027474,0.23612015221543706,True,0.0,HOLD,9971.899637663058,0,0.0,9971.899637663058,"Conservative trader saw NEUTRAL_SIGNAL with bullish_probability=0.24, confidence=0.47, probability_margin=0.18, trend_filter_passed=True, rule=neutral_hold, target_allocation=0.00%."
2024-10-10,2024-10-11,116.99443439369871,117.47914123535156,NEUTRAL_SIGNAL,0.6938958403965125,0.2352793405158267,True,0.0,HOLD,9971.899637663058,0,0.0,9971.899637663058,"Conservative trader saw NEUTRAL_SIGNAL with bullish_probability=0.24, confidence=0.69, probability_margin=0.46, trend_filter_passed=True, rule=neutral_hold, target_allocation=0.00%."
2024-10-11,2024-10-14,117.12748594733975,117.92582702636719,BEARISH_SIGNAL,0.8483094504038705,0.0544653610669438,True,0.0,HOLD,9971.899637663058,0,0.0,9971.899637663058,"Conservative trader saw BEARISH_SIGNAL with bullish_probability=0.05, confidence=0.85, probability_margin=0.75, trend_filter_passed=True, rule=bearish_exit, target_allocation=0.00%."
2024-10-14,2024-10-15,114.82751110159438,114.38082122802734,NEUTRAL_SIGNAL,0.6874480675941261,0.035662982849765636,True,0.0,HOLD,9971.899637663058,0,0.0,9971.899637663058,"Conservative trader saw NEUTRAL_SIGNAL with bullish_probability=0.04, confidence=0.69, probability_margin=0.41, trend_filter_passed=True, rule=neutral_hold, target_allocation=0.00%."
2024-10-15,2024-10-16,114.89404147947043,114.67545318603516,NEUTRAL_SIGNAL,0.5229956598286687,0.013003638962147436,True,0.0,HOLD,9971.899637663058,0,0.0,9971.899637663058,"Conservative trader saw NEUTRAL_SIGNAL with bullish_probability=0.01, confidence=0.52, probability_margin=0.06, trend_filter_passed=True, rule=neutral_hold, target_allocation=0.00%."
2024-10-16,2024-10-17,114.77048933083711,114.38082122802734,NEUTRAL_SIGNAL,0.4452974511532113,0.33649623905783893,True,0.0,HOLD,9971.899637663058,0,0.0,9971.899637663058,"Conservative trader saw NEUTRAL_SIGNAL with bullish_probability=0.34, confidence=0.45, probability_margin=0.11, trend_filter_passed=True, rule=neutral_hold, target_allocation=0.00%."
2024-10-17,2024-10-18,114.4663664431289,114.05769348144531,BEARISH_SIGNAL,0.5489531551728815,0.17115005863127547,True,0.0,HOLD,9971.899637663058,0,0.0,9971.899637663058,"Conservative trader saw BEARISH_SIGNAL with bullish_probability=0.17, confidence=0.55, probability_margin=0.27, trend_filter_passed=True, rule=bearish_exit, target_allocation=0.00%."
2024-10-18,2024-10-21,114.97957697490028,114.12421417236328,BULLISH_SIGNAL,0.7273485034649944,0.7273485034649944,True,0.1260675015749974,BUY,8820.378599361547,10,1141.2421417236328,9961.62074108518,"Conservative trader saw BULLISH_SIGNAL with bullish_probability=0.73, confidence=0.73, probability_margin=0.53, trend_filter_passed=True, rule=bullish_signal, target_allocation=12.61%."
2024-10-21,2024-10-22,114.29529108320146,114.71346282958984,BULLISH_SIGNAL,0.6056983615747363,0.6056983615747363,True,0.07077198253397105,HOLD,8820.378599361547,10,1147.1346282958984,9967.513227657446,"Conservative trader saw BULLISH_SIGNAL with bullish_probability=0.61, confidence=0.61, probability_margin=0.40, trend_filter_passed=True, rule=bullish_signal, target_allocation=7.08%."
2024-10-22,2024-10-23,114.0196857997894,114.30480194091797,BULLISH_SIGNAL,0.45698403512043684,0.45698403512043684,True,0.0031745614183803757,EXIT TO CASH,9958.865732170874,0,0.0,9958.865732170874,"Conservative trader saw BULLISH_SIGNAL with bullish_probability=0.46, confidence=0.46, probability_margin=0.11, trend_filter_passed=True, rule=bullish_signal, target_allocation=0.32%."
2024-10-23,2024-10-24,114.04819169500283,113.65852355957031,BULLISH_SIGNAL,0.9541315900266266,0.9541315900266266,True,0.2291507227393757,BUY,7674.479312038051,20,2273.1704711914062,9947.649783229457,"Conservative trader saw BULLISH_SIGNAL with bullish_probability=0.95, confidence=0.95, probability_margin=0.93, trend_filter_passed=True, rule=bullish_signal, target_allocation=22.92%."
2024-10-24,2024-10-25,114.23826845206078,113.56348419189453,BULLISH_SIGNAL,0.8733594898801402,0.8733594898801402,True,0.19243613176370009,HOLD,7674.479312038051,20,2271.2696838378906,9945.748995875942,"Conservative trader saw BULLISH_SIGNAL with bullish_probability=0.87, confidence=0.87, probability_margin=0.78, trend_filter_passed=True, rule=bullish_signal, target_allocation=19.24%."
2024-10-25,2024-10-28,110.99740621060495,113.00275421142578,BULLISH_SIGNAL,0.5923381186623579,0.5923381186623579,True,0.0646991448465263,REDUCE,9336.943796037933,5,565.0137710571289,9901.957567095062,"Conservative trader saw BULLISH_SIGNAL with bullish_probability=0.59, confidence=0.59, probability_margin=0.24, trend_filter_passed=True, rule=bullish_signal, target_allocation=6.47%."
2024-10-28,2024-10-29,112.69862157832861,111.46309661865234,BULLISH_SIGNAL,0.8521000298326732,0.8521000298326732,True,0.18277274083303324,BUY,8095.3988115778575,16,1783.4095458984375,9878.808357476295,"Conservative trader saw BULLISH_SIGNAL with bullish_probability=0.85, confidence=0.85, probability_margin=0.72, trend_filter_passed=True, rule=bullish_signal, target_allocation=18.28%."
2024-10-29,2024-10-30,111.8242419781275,110.90235137939453,BEARISH_SIGNAL,0.9106259504710785,0.03373208218188736,False,0.0,EXIT TO CASH,9881.903796014358,0,0.0,9881.903796014358,"Conservative trader saw BEARISH_SIGNAL with bullish_probability=0.03, confidence=0.91, probability_margin=0.85, trend_filter_passed=False, rule=bearish_exit, target_allocation=0.00%."
2024-10-30,2024-10-31,111.33954333569169,110.9878921508789,BEARISH_SIGNAL,0.8562134092511384,0.024929268253263217,False,0.0,HOLD,9881.903796014358,0,0.0,9881.903796014358,"Conservative trader saw BEARISH_SIGNAL with bullish_probability=0.02, confidence=0.86, probability_margin=0.74, trend_filter_passed=False, rule=bearish_exit, target_allocation=0.00%."
2024-10-31,2024-11-01,113.98165226074637,109.24864959716797,BEARISH_SIGNAL,0.9191932164142611,0.0036733792192525285,False,0.0,HOLD,9881.903796014358,0,0.0,9881.903796014358,"Conservative trader saw BEARISH_SIGNAL with bullish_probability=0.00, confidence=0.92, probability_margin=0.84, trend_filter_passed=False, rule=bearish_exit, target_allocation=0.00%."
2024-11-01,2024-11-04,110.31311376300792,112.72713470458984,BEARISH_SIGNAL,0.9797957299985782,0.01275275002375688,False,0.0,HOLD,9881.903796014358,0,0.0,9881.903796014358,"Conservative trader saw BEARISH_SIGNAL with bullish_probability=0.01, confidence=0.98, probability_margin=0.97, trend_filter_passed=False, rule=bearish_exit, target_allocation=0.00%."
2024-11-04,2024-11-05,113.17381947428267,113.05976867675781,NEUTRAL_SIGNAL,0.914049232539351,0.05182046061907454,True,0.0,HOLD,9881.903796014358,0,0.0,9881.903796014358,"Conservative trader saw NEUTRAL_SIGNAL with bullish_probability=0.05, confidence=0.91, probability_margin=0.86, trend_filter_passed=True, rule=neutral_hold, target_allocation=0.00%."
2024-11-05,2024-11-06,115.14115024596397,114.99858856201172,BULLISH_SIGNAL,0.5322169950310149,0.5322169950310149,True,0.03737136137773406,HOLD,9881.903796014358,0,0.0,9881.903796014358,"Conservative trader saw BULLISH_SIGNAL with bullish_probability=0.53, confidence=0.53, probability_margin=0.11, trend_filter_passed=True, rule=bullish_signal, target_allocation=3.74%."
2024-11-06,2024-11-07,115.28371311363871,115.14115142822266,NEUTRAL_SIGNAL,0.7990910372058322,0.01784828418238344,True,0.0,HOLD,9881.903796014358,0,0.0,9881.903796014358,"Conservative trader saw NEUTRAL_SIGNAL with bullish_probability=0.02, confidence=0.80, probability_margin=0.62, trend_filter_passed=True, rule=neutral_hold, target_allocation=0.00%."
2024-11-07,2024-11-08,114.97959218334374,115.10314178466797,BEARISH_SIGNAL,0.5265055630954661,0.05191726179614276,True,0.0,HOLD,9881.903796014358,0,0.0,9881.903796014358,"Conservative trader saw BEARISH_SIGNAL with bullish_probability=0.05, confidence=0.53, probability_margin=0.10, trend_filter_passed=True, rule=bearish_exit, target_allocation=0.00%."
2024-11-08,2024-11-11,114.99858469571464,114.494873046875,NEUTRAL_SIGNAL,0.6541451083656298,0.05875801770491671,True,0.0,HOLD,9881.903796014358,0,0.0,9881.903796014358,"Conservative trader saw NEUTRAL_SIGNAL with bullish_probability=0.06, confidence=0.65, probability_margin=0.37, trend_filter_passed=True, rule=neutral_hold, target_allocation=0.00%."
2024-11-11,2024-11-12,115.1221332518245,114.38082122802734,NEUTRAL_SIGNAL,0.7482802726400539,0.07030938882536471,True,0.0,HOLD,9881.903796014358,0,0.0,9881.903796014358,"Conservative trader saw NEUTRAL_SIGNAL with bullish_probability=0.07, confidence=0.75, probability_margin=0.57, trend_filter_passed=True, rule=neutral_hold, target_allocation=0.00%."
2024-11-12,2024-11-13,114.58991910355832,115.44528198242188,NEUTRAL_SIGNAL,0.9418729564517092,0.04184947113882435,True,0.0,HOLD,9881.903796014358,0,0.0,9881.903796014358,"Conservative trader saw NEUTRAL_SIGNAL with bullish_probability=0.04, confidence=0.94, probability_margin=0.90, trend_filter_passed=True, rule=neutral_hold, target_allocation=0.00%."
2024-11-13,2024-11-14,116.57597262825108,115.52193450927734,NEUTRAL_SIGNAL,0.5106740708518313,0.18627395290346355,True,0.0,HOLD,9881.903796014358,0,0.0,9881.903796014358,"Conservative trader saw NEUTRAL_SIGNAL with bullish_probability=0.19, confidence=0.51, probability_margin=0.21, trend_filter_passed=True, rule=neutral_hold, target_allocation=0.00%."
2024-11-14,2024-11-15,115.368619257001,114.32416534423828,NEUTRAL_SIGNAL,0.7206330525566731,0.22425816144476587,True,0.0,HOLD,9881.903796014358,0,0.0,9881.903796014358,"Conservative trader saw NEUTRAL_SIGNAL with bullish_probability=0.22, confidence=0.72, probability_margin=0.50, trend_filter_passed=True, rule=neutral_hold, target_allocation=0.00%."
2024-11-15,2024-11-18,114.7841125775423,115.28237915039062,NEUTRAL_SIGNAL,0.7938605765726624,0.17226903167953483,True,0.0,HOLD,9881.903796014358,0,0.0,9881.903796014358,"Conservative trader saw NEUTRAL_SIGNAL with bullish_probability=0.17, confidence=0.79, probability_margin=0.62, trend_filter_passed=True, rule=neutral_hold, target_allocation=0.00%."
2024-11-18,2024-11-19,114.74577593735343,113.67257690429688,NEUTRAL_SIGNAL,0.8234968548898611,0.1227106770055129,True,0.0,HOLD,9881.903796014358,0,0.0,9881.903796014358,"Conservative trader saw NEUTRAL_SIGNAL with bullish_probability=0.12, confidence=0.82, probability_margin=0.70, trend_filter_passed=True, rule=neutral_hold, target_allocation=0.00%."
2024-11-19,2024-11-20,114.1900249762439,115.2919692993164,NEUTRAL_SIGNAL,0.6885382025481455,0.2631111489527559,True,0.0,HOLD,9881.903796014358,0,0.0,9881.903796014358,"Conservative trader saw NEUTRAL_SIGNAL with bullish_probability=0.26, confidence=0.69, probability_margin=0.43, trend_filter_passed=True, rule=neutral_hold, target_allocation=0.00%."
2024-11-20,2024-11-21,116.0202082606529,116.83468627929688,NEUTRAL_SIGNAL,0.548369244610444,0.32879598205246297,True,0.0,HOLD,9881.903796014358,0,0.0,9881.903796014358,"Conservative trader saw NEUTRAL_SIGNAL with bullish_probability=0.33, confidence=0.55, probability_margin=0.22, trend_filter_passed=True, rule=neutral_hold, target_allocation=0.00%."
2024-11-21,2024-11-22,116.72927616923202,116.70053100585938,NEUTRAL_SIGNAL,0.5058727884328524,0.4059624301433188,True,0.0,HOLD,9881.903796014358,0,0.0,9881.903796014358,"Conservative trader saw NEUTRAL_SIGNAL with bullish_probability=0.41, confidence=0.51, probability_margin=0.10, trend_filter_passed=True, rule=neutral_hold, target_allocation=0.00%."
2024-11-22,2024-11-25,116.35558381931568,114.95659637451172,BULLISH_SIGNAL,0.4460897582693029,0.4460897582693029,True,0.0,HOLD,9881.903796014358,0,0.0,9881.903796014358,"Conservative trader saw BULLISH_SIGNAL with bullish_probability=0.45, confidence=0.45, probability_margin=0.10, trend_filter_passed=True, rule=neutral_hold, target_allocation=0.00%."
2024-11-25,2024-11-26,114.53498352366216,113.04017639160156,BEARISH_SIGNAL,0.3672911413817776,0.2939166172898689,True,0.0,HOLD,9881.903796014358,0,0.0,9881.903796014358,"Conservative trader saw BEARISH_SIGNAL with bullish_probability=0.29, confidence=0.37, probability_margin=0.03, trend_filter_passed=True, rule=bearish_exit, target_allocation=0.00%."
2024-11-26,2024-11-27,113.15514202911173,112.74311828613281,BEARISH_SIGNAL,0.5448301821159792,0.049369937859212856,False,0.0,HOLD,9881.903796014358,0,0.0,9881.903796014358,"Conservative trader saw BEARISH_SIGNAL with bullish_probability=0.05, confidence=0.54, probability_margin=0.14, trend_filter_passed=False, rule=bearish_exit, target_allocation=0.00%."
2024-11-27,2024-11-29,112.53231966191792,113.03058624267578,NEUTRAL_SIGNAL,0.603602837406161,0.2871360892138757,False,0.0,HOLD,9881.903796014358,0,0.0,9881.903796014358,"Conservative trader saw NEUTRAL_SIGNAL with bullish_probability=0.29, confidence=0.60, probability_margin=0.32, trend_filter_passed=False, rule=neutral_hold, target_allocation=0.00%."
2024-11-29,2024-12-02,113.11683277966486,112.92518615722656,BULLISH_SIGNAL,0.5528015537260388,0.5528015537260388,False,0.0,HOLD,9881.903796014358,0,0.0,9881.903796014358,"Conservative trader saw BULLISH_SIGNAL with bullish_probability=0.55, confidence=0.55, probability_margin=0.22, trend_filter_passed=False, rule=neutral_hold, target_allocation=0.00%."
2024-12-02,2024-12-03,113.75883310398899,112.7527084350586,BULLISH_SIGNAL,0.6254450871525865,0.6254450871525865,False,0.0,HOLD,9881.903796014358,0,0.0,9881.903796014358,"Conservative trader saw BULLISH_SIGNAL with bullish_probability=0.63, confidence=0.63, probability_margin=0.39, trend_filter_passed=False, rule=neutral_hold, target_allocation=0.00%."
2024-12-03,2024-12-04,112.58981278875603,109.5043716430664,NEUTRAL_SIGNAL,0.5461179031566145,0.3006432919355844,False,0.0,HOLD,9881.903796014358,0,0.0,9881.903796014358,"Conservative trader saw NEUTRAL_SIGNAL with bullish_probability=0.30, confidence=0.55, probability_margin=0.25, trend_filter_passed=False, rule=neutral_hold, target_allocation=0.00%."
2024-12-04,2024-12-05,109.91639261856298,109.98346710205078,NEUTRAL_SIGNAL,0.9444774549291267,0.029676966259161774,False,0.0,HOLD,9881.903796014358,0,0.0,9881.903796014358,"Conservative trader saw NEUTRAL_SIGNAL with bullish_probability=0.03, confidence=0.94, probability_margin=0.91, trend_filter_passed=False, rule=neutral_hold, target_allocation=0.00%."
2024-12-05,2024-12-06,109.75351698152521,108.82405090332031,NEUTRAL_SIGNAL,0.5662570788722648,0.20788096286154129,False,0.0,HOLD,9881.903796014358,0,0.0,9881.903796014358,"Conservative trader saw NEUTRAL_SIGNAL with bullish_probability=0.21, confidence=0.57, probability_margin=0.34, trend_filter_passed=False, rule=neutral_hold, target_allocation=0.00%."
2024-12-06,2024-12-09,109.84931491521186,108.1820297241211,NEUTRAL_SIGNAL,0.48803534189128595,0.4648430773178825,False,0.0,HOLD,9881.903796014358,0,0.0,9881.903796014358,"Conservative trader saw NEUTRAL_SIGNAL with bullish_probability=0.46, confidence=0.49, probability_margin=0.02, trend_filter_passed=False, rule=neutral_hold, target_allocation=0.00%."
2024-12-09,2024-12-10,108.843199525051,107.9616470336914,BULLISH_SIGNAL,0.6939592816639284,0.6939592816639284,False,0.0,HOLD,9881.903796014358,0,0.0,9881.903796014358,"Conservative trader saw BULLISH_SIGNAL with bullish_probability=0.69, confidence=0.69, probability_margin=0.47, trend_filter_passed=False, rule=neutral_hold, target_allocation=0.00%."
2024-12-10,2024-12-11,107.31964723184267,107.24298858642578,BULLISH_SIGNAL,0.7634022703237017,0.7634022703237017,False,0.0,HOLD,9881.903796014358,0,0.0,9881.903796014358,"Conservative trader saw BULLISH_SIGNAL with bullish_probability=0.76, confidence=0.76, probability_margin=0.56, trend_filter_passed=False, rule=neutral_hold, target_allocation=0.00%."
2024-12-11,2024-12-12,106.9267716245856,107.14716339111328,BULLISH_SIGNAL,0.9224814094398527,0.9224814094398527,False,0.0,HOLD,9881.903796014358,0,0.0,9881.903796014358,"Conservative trader saw BULLISH_SIGNAL with bullish_probability=0.92, confidence=0.92, probability_margin=0.88, trend_filter_passed=False, rule=neutral_hold, target_allocation=0.00%."
2024-12-12,2024-12-13,107.22382335938572,106.20811462402344,BULLISH_SIGNAL,0.9425598183288567,0.9425598183288567,False,0.0,HOLD,9881.903796014358,0,0.0,9881.903796014358,"Conservative trader saw BULLISH_SIGNAL with bullish_probability=0.94, confidence=0.94, probability_margin=0.91, trend_filter_passed=False, rule=neutral_hold, target_allocation=0.00%."
2024-12-13,2024-12-16,105.59486549737957,103.93716430664062,BULLISH_SIGNAL,0.8424328380921903,0.8424328380921903,False,0.0,HOLD,9881.903796014358,0,0.0,9881.903796014358,"Conservative trader saw BULLISH_SIGNAL with bullish_probability=0.84, confidence=0.84, probability_margin=0.74, trend_filter_passed=False, rule=neutral_hold, target_allocation=0.00%."
2024-12-16,2024-12-17,102.75856459602251,103.49639129638672,BULLISH_SIGNAL,0.5321473511629626,0.5321473511629626,False,0.0,HOLD,9881.903796014358,0,0.0,9881.903796014358,"Conservative trader saw BULLISH_SIGNAL with bullish_probability=0.53, confidence=0.53, probability_margin=0.23, trend_filter_passed=False, rule=neutral_hold, target_allocation=0.00%."
2024-12-17,2024-12-18,103.07476833016102,101.97282409667969,BULLISH_SIGNAL,0.8040876353308293,0.8040876353308293,False,0.0,HOLD,9881.903796014358,0,0.0,9881.903796014358,"Conservative trader saw BULLISH_SIGNAL with bullish_probability=0.80, confidence=0.80, probability_margin=0.61, trend_filter_passed=False, rule=neutral_hold, target_allocation=0.00%."
2024-12-18,2024-12-19,102.90229492789757,101.10086059570312,BEARISH_SIGNAL,0.9870793094281075,0.007994297808964261,False,0.0,HOLD,9881.903796014358,0,0.0,9881.903796014358,"Conservative trader saw BEARISH_SIGNAL with bullish_probability=0.01, confidence=0.99, probability_margin=0.98, trend_filter_passed=False, rule=bearish_exit, target_allocation=0.00%."
2024-12-19,2024-12-20,101.04336940426735,101.4458236694336,BEARISH_SIGNAL,0.9902190407152329,0.004430715161333737,False,0.0,HOLD,9881.903796014358,0,0.0,9881.903796014358,"Conservative trader saw BEARISH_SIGNAL with bullish_probability=0.00, confidence=0.99, probability_margin=0.98, trend_filter_passed=False, rule=bearish_exit, target_allocation=0.00%."
2024-12-20,2024-12-23,100.90921481011767,101.85784912109375,BEARISH_SIGNAL,0.4670719404756113,0.42430440389452095,False,0.0,HOLD,9881.903796014358,0,0.0,9881.903796014358,"Conservative trader saw BEARISH_SIGNAL with bullish_probability=0.42, confidence=0.47, probability_margin=0.04, trend_filter_passed=False, rule=bearish_exit, target_allocation=0.00%."
2024-12-23,2024-12-24,102.06864734496621,101.95366668701172,BULLISH_SIGNAL,0.9573457222906268,0.9573457222906268,False,0.0,HOLD,9881.903796014358,0,0.0,9881.903796014358,"Conservative trader saw BULLISH_SIGNAL with bullish_probability=0.96, confidence=0.96, probability_margin=0.93, trend_filter_passed=False, rule=neutral_hold, target_allocation=0.00%."
2024-12-24,2024-12-26,102.06864689776111,102.03990173339844,BULLISH_SIGNAL,0.6929209448592407,0.6929209448592407,False,0.0,HOLD,9881.903796014358,0,0.0,9881.903796014358,"Conservative trader saw BULLISH_SIGNAL with bullish_probability=0.69, confidence=0.69, probability_margin=0.44, trend_filter_passed=False, rule=neutral_hold, target_allocation=0.00%."
2024-12-26,2024-12-27,101.85784092670829,102.03031921386719,BEARISH_SIGNAL,0.5364616711126876,0.3255509667101773,False,0.0,HOLD,9881.903796014358,0,0.0,9881.903796014358,"Conservative trader saw BEARISH_SIGNAL with bullish_probability=0.33, confidence=0.54, probability_margin=0.21, trend_filter_passed=False, rule=bearish_exit, target_allocation=0.00%."
2024-12-27,2024-12-30,101.85783552986167,101.34040069580078,BEARISH_SIGNAL,0.7994739175783601,0.1611319906487581,False,0.0,HOLD,9881.903796014358,0,0.0,9881.903796014358,"Conservative trader saw BEARISH_SIGNAL with bullish_probability=0.16, confidence=0.80, probability_margin=0.64, trend_filter_passed=False, rule=bearish_exit, target_allocation=0.00%."
2024-12-30,2024-12-31,101.73327105997346,103.07476806640625,BEARISH_SIGNAL,0.4552019011491991,0.43777070638232646,False,0.0,HOLD,9881.903796014358,0,0.0,9881.903796014358,"Conservative trader saw BEARISH_SIGNAL with bullish_probability=0.44, confidence=0.46, probability_margin=0.02, trend_filter_passed=False, rule=bearish_exit, target_allocation=0.00%."
2024-12-31,2025-01-02,103.75509611913283,102.82563018798828,BEARISH_SIGNAL,0.6056013845407524,0.2855783105266772,False,0.0,HOLD,9881.903796014358,0,0.0,9881.903796014358,"Conservative trader saw BEARISH_SIGNAL with bullish_probability=0.29, confidence=0.61, probability_margin=0.32, trend_filter_passed=False, rule=bearish_exit, target_allocation=0.00%."
2025-01-02,2025-01-03,103.48680247733922,103.35265350341797,BULLISH_SIGNAL,0.40987931956232143,0.40987931956232143,False,0.0,HOLD,9881.903796014358,0,0.0,9881.903796014358,"Conservative trader saw BULLISH_SIGNAL with bullish_probability=0.41, confidence=0.41, probability_margin=0.04, trend_filter_passed=False, rule=neutral_hold, target_allocation=0.00%."
2025-01-03,2025-01-06,103.7167688255494,103.23766326904297,BEARISH_SIGNAL,0.9658944334352563,0.01743583028092422,False,0.0,HOLD,9881.903796014358,0,0.0,9881.903796014358,"Conservative trader saw BEARISH_SIGNAL with bullish_probability=0.02, confidence=0.97, probability_margin=0.95, trend_filter_passed=False, rule=bearish_exit, target_allocation=0.00%."
2025-01-06,2025-01-07,104.3875144046999,104.20545196533203,BEARISH_SIGNAL,0.9700042954330717,0.0032551044178436655,False,0.0,HOLD,9881.903796014358,0,0.0,9881.903796014358,"Conservative trader saw BEARISH_SIGNAL with bullish_probability=0.00, confidence=0.97, probability_margin=0.94, trend_filter_passed=False, rule=bearish_exit, target_allocation=0.00%."
2025-01-07,2025-01-08,102.82563493481513,102.46151733398438,BEARISH_SIGNAL,0.7991483561846684,0.11400196876092322,False,0.0,HOLD,9881.903796014358,0,0.0,9881.903796014358,"Conservative trader saw BEARISH_SIGNAL with bullish_probability=0.11, confidence=0.80, probability_margin=0.69, trend_filter_passed=False, rule=bearish_exit, target_allocation=0.00%."
2025-01-08,2025-01-10,104.15754656353744,102.08781433105469,NEUTRAL_SIGNAL,0.4580957005300017,0.21671702110970611,False,0.0,HOLD,9881.903796014358,0,0.0,9881.903796014358,"Conservative trader saw NEUTRAL_SIGNAL with bullish_probability=0.22, confidence=0.46, probability_margin=0.13, trend_filter_passed=False, rule=neutral_hold, target_allocation=0.00%."
2025-01-10,2025-01-13,102.65315326103794,104.72289276123047,BULLISH_SIGNAL,0.5251753405870774,0.5251753405870774,False,0.0,HOLD,9881.903796014358,0,0.0,9881.903796014358,"Conservative trader saw BULLISH_SIGNAL with bullish_probability=0.53, confidence=0.53, probability_margin=0.17, trend_filter_passed=False, rule=neutral_hold, target_allocation=0.00%."
2025-01-13,2025-01-14,104.24378920329367,105.13492584228516,NEUTRAL_SIGNAL,0.6574433126293081,0.19032355835862622,False,0.0,HOLD,9881.903796014358,0,0.0,9881.903796014358,"Conservative trader saw NEUTRAL_SIGNAL with bullish_probability=0.19, confidence=0.66, probability_margin=0.47, trend_filter_passed=False, rule=neutral_hold, target_allocation=0.00%."
2025-01-14,2025-01-15,105.45114076174835,106.85012817382812,BULLISH_SIGNAL,0.4160814045359971,0.4160814045359971,False,0.0,HOLD,9881.903796014358,0,0.0,9881.903796014358,"Conservative trader saw BULLISH_SIGNAL with bullish_probability=0.42, confidence=0.42, probability_margin=0.06, trend_filter_passed=False, rule=neutral_hold, target_allocation=0.00%."
2025-01-15,2025-01-16,106.54349549043836,106.66806030273438,BEARISH_SIGNAL,0.47049231858750995,0.23271794728454692,False,0.0,HOLD,9881.903796014358,0,0.0,9881.903796014358,"Conservative trader saw BEARISH_SIGNAL with bullish_probability=0.23, confidence=0.47, probability_margin=0.17, trend_filter_passed=False, rule=bearish_exit, target_allocation=0.00%."
2025-01-16,2025-01-17,106.39018087070575,107.62627410888672,BULLISH_SIGNAL,0.7364244412972782,0.7364244412972782,False,0.0,HOLD,9881.903796014358,0,0.0,9881.903796014358,"Conservative trader saw BULLISH_SIGNAL with bullish_probability=0.74, confidence=0.74, probability_margin=0.58, trend_filter_passed=False, rule=neutral_hold, target_allocation=0.00%."
2025-01-17,2025-01-21,107.36756231742493,106.81179809570312,NEUTRAL_SIGNAL,0.7598359611469799,0.09145699101191669,False,0.0,HOLD,9881.903796014358,0,0.0,9881.903796014358,"Conservative trader saw NEUTRAL_SIGNAL with bullish_probability=0.09, confidence=0.76, probability_margin=0.61, trend_filter_passed=False, rule=neutral_hold, target_allocation=0.00%."
2025-01-21,2025-01-22,106.55307645908977,104.95286560058594,BULLISH_SIGNAL,0.42864145918546287,0.42864145918546287,False,0.0,HOLD,9881.903796014358,0,0.0,9881.903796014358,"Conservative trader saw BULLISH_SIGNAL with bullish_probability=0.43, confidence=0.43, probability_margin=0.08, trend_filter_passed=False, rule=neutral_hold, target_allocation=0.00%."
2025-01-22,2025-01-23,105.70026890480983,105.54695892333984,NEUTRAL_SIGNAL,0.8005890898925628,0.13427825671338092,False,0.0,HOLD,9881.903796014358,0,0.0,9881.903796014358,"Conservative trader saw NEUTRAL_SIGNAL with bullish_probability=0.13, confidence=0.80, probability_margin=0.67, trend_filter_passed=False, rule=neutral_hold, target_allocation=0.00%."
2025-01-23,2025-01-24,105.63319257266721,104.11922454833984,BULLISH_SIGNAL,0.5501537015542453,0.5501537015542453,False,0.0,HOLD,9881.903796014358,0,0.0,9881.903796014358,"Conservative trader saw BULLISH_SIGNAL with bullish_probability=0.55, confidence=0.55, probability_margin=0.25, trend_filter_passed=False, rule=neutral_hold, target_allocation=0.00%."
2025-01-24,2025-01-27,104.45458769680025,105.56610870361328,NEUTRAL_SIGNAL,0.6858005851865993,0.21914658525847788,False,0.0,HOLD,9881.903796014358,0,0.0,9881.903796014358,"Conservative trader saw NEUTRAL_SIGNAL with bullish_probability=0.22, confidence=0.69, probability_margin=0.47, trend_filter_passed=False, rule=neutral_hold, target_allocation=0.00%."
2025-01-27,2025-01-28,105.7960942324887,103.52513122558594,BULLISH_SIGNAL,0.8665886861394785,0.8665886861394785,False,0.0,HOLD,9881.903796014358,0,0.0,9881.903796014358,"Conservative trader saw BULLISH_SIGNAL with bullish_probability=0.87, confidence=0.87, probability_margin=0.78, trend_filter_passed=False, rule=neutral_hold, target_allocation=0.00%."
2025-01-28,2025-01-29,103.20891765129953,104.12879943847656,BULLISH_SIGNAL,0.772419974248948,0.772419974248948,False,0.0,HOLD,9881.903796014358,0,0.0,9881.903796014358,"Conservative trader saw BULLISH_SIGNAL with bullish_probability=0.77, confidence=0.77, probability_margin=0.60, trend_filter_passed=False, rule=neutral_hold, target_allocation=0.00%."
2025-01-29,2025-01-30,104.67497663745749,104.9911880493164,BULLISH_SIGNAL,0.9115374049923377,0.9115374049923377,False,0.0,HOLD,9881.903796014358,0,0.0,9881.903796014358,"Conservative trader saw BULLISH_SIGNAL with bullish_probability=0.91, confidence=0.91, probability_margin=0.84, trend_filter_passed=False, rule=neutral_hold, target_allocation=0.00%."
2025-01-30,2025-01-31,105.93023855060767,102.36569213867188,BULLISH_SIGNAL,0.8102493347604218,0.8102493347604218,False,0.0,HOLD,9881.903796014358,0,0.0,9881.903796014358,"Conservative trader saw BULLISH_SIGNAL with bullish_probability=0.81, confidence=0.81, probability_margin=0.65, trend_filter_passed=False, rule=neutral_hold, target_allocation=0.00%."
2025-01-31,2025-02-03,102.18363032029454,102.61482238769531,BULLISH_SIGNAL,0.5292166585767267,0.5292166585767267,False,0.0,HOLD,9881.903796014358,0,0.0,9881.903796014358,"Conservative trader saw BULLISH_SIGNAL with bullish_probability=0.53, confidence=0.53, probability_margin=0.08, trend_filter_passed=False, rule=neutral_hold, target_allocation=0.00%."
2025-02-03,2025-02-04,102.25071239966123,105.36489868164062,BULLISH_SIGNAL,0.6815322568745019,0.6815322568745019,False,0.0,HOLD,9881.903796014358,0,0.0,9881.903796014358,"Conservative trader saw BULLISH_SIGNAL with bullish_probability=0.68, confidence=0.68, probability_margin=0.38, trend_filter_passed=False, rule=neutral_hold, target_allocation=0.00%."
2025-02-04,2025-02-05,105.15408954924241,105.28823852539062,BULLISH_SIGNAL,0.8403721117818012,0.8403721117818012,False,0.0,HOLD,9881.903796014358,0,0.0,9881.903796014358,"Conservative trader saw BULLISH_SIGNAL with bullish_probability=0.84, confidence=0.84, probability_margin=0.72, trend_filter_passed=False, rule=neutral_hold, target_allocation=0.00%."
2025-02-05,2025-02-06,106.1410525816427,103.89884185791016,NEUTRAL_SIGNAL,0.5836560120233287,0.3543787585775674,False,0.0,HOLD,9881.903796014358,0,0.0,9881.903796014358,"Conservative trader saw NEUTRAL_SIGNAL with bullish_probability=0.35, confidence=0.58, probability_margin=0.23, trend_filter_passed=False, rule=neutral_hold, target_allocation=0.00%."
2025-02-06,2025-02-07,104.2342034317676,104.33960723876953,BULLISH_SIGNAL,0.7849235297072719,0.7849235297072719,False,0.0,HOLD,9881.903796014358,0,0.0,9881.903796014358,"Conservative trader saw BULLISH_SIGNAL with bullish_probability=0.78, confidence=0.78, probability_margin=0.62, trend_filter_passed=False, rule=neutral_hold, target_allocation=0.00%."
2025-02-07,2025-02-10,105.4128131587738,106.33269500732422,NEUTRAL_SIGNAL,0.6809151210623409,0.22577449498112492,False,0.0,HOLD,9881.903796014358,0,0.0,9881.903796014358,"Conservative trader saw NEUTRAL_SIGNAL with bullish_probability=0.23, confidence=0.68, probability_margin=0.46, trend_filter_passed=False, rule=neutral_hold, target_allocation=0.00%."
2025-02-10,2025-02-11,106.93636636666814,107.0034408569336,NEUTRAL_SIGNAL,0.5278109375401167,0.13896541522011938,True,0.0,HOLD,9881.903796014358,0,0.0,9881.903796014358,"Conservative trader saw NEUTRAL_SIGNAL with bullish_probability=0.14, confidence=0.53, probability_margin=0.19, trend_filter_passed=True, rule=neutral_hold, target_allocation=0.00%."
2025-02-11,2025-02-12,106.39436590801415,103.78404998779297,NEUTRAL_SIGNAL,0.46048963244186053,0.37886662769358137,True,0.0,HOLD,9881.903796014358,0,0.0,9881.903796014358,"Conservative trader saw NEUTRAL_SIGNAL with bullish_probability=0.38, confidence=0.46, probability_margin=0.08, trend_filter_passed=True, rule=neutral_hold, target_allocation=0.00%."
2025-02-12,2025-02-13,103.59070463472708,104.53814697265625,NEUTRAL_SIGNAL,0.48722977674899764,0.41847750162946507,False,0.0,HOLD,9881.903796014358,0,0.0,9881.903796014358,"Conservative trader saw NEUTRAL_SIGNAL with bullish_probability=0.42, confidence=0.49, probability_margin=0.07, trend_filter_passed=False, rule=neutral_hold, target_allocation=0.00%."
2025-02-13,2025-02-14,104.91519091259184,104.64449310302734,NEUTRAL_SIGNAL,0.6500539609322155,0.2704142987248822,False,0.0,HOLD,9881.903796014358,0,0.0,9881.903796014358,"Conservative trader saw NEUTRAL_SIGNAL with bullish_probability=0.27, confidence=0.65, probability_margin=0.38, trend_filter_passed=False, rule=neutral_hold, target_allocation=0.00%."
2025-02-14,2025-02-18,105.02153365631874,106.48137664794922,NEUTRAL_SIGNAL,0.7142234059586676,0.20950307477415736,False,0.0,HOLD,9881.903796014358,0,0.0,9881.903796014358,"Conservative trader saw NEUTRAL_SIGNAL with bullish_probability=0.21, confidence=0.71, probability_margin=0.50, trend_filter_passed=False, rule=neutral_hold, target_allocation=0.00%."
2025-02-18,2025-02-19,107.0807814781061,106.63606262207031,BULLISH_SIGNAL,0.45193967357041603,0.45193967357041603,True,0.0008816698047345558,HOLD,9881.903796014358,0,0.0,9881.903796014358,"Conservative trader saw BULLISH_SIGNAL with bullish_probability=0.45, confidence=0.45, probability_margin=0.13, trend_filter_passed=True, rule=bullish_signal, target_allocation=0.09%."
2025-02-19,2025-02-20,106.89709573328946,108.27959442138672,NEUTRAL_SIGNAL,0.6294802920399697,0.28539058942561557,True,0.0,HOLD,9881.903796014358,0,0.0,9881.903796014358,"Conservative trader saw NEUTRAL_SIGNAL with bullish_probability=0.29, confidence=0.63, probability_margin=0.34, trend_filter_passed=True, rule=neutral_hold, target_allocation=0.00%."
2025-02-20,2025-02-21,107.62217733496244,107.01310729980469,BEARISH_SIGNAL,0.4955280442517509,0.2842346868525545,True,0.0,HOLD,9881.903796014358,0,0.0,9881.903796014358,"Conservative trader saw BEARISH_SIGNAL with bullish_probability=0.28, confidence=0.50, probability_margin=0.21, trend_filter_passed=True, rule=bearish_exit, target_allocation=0.00%."
2025-02-21,2025-02-24,107.24513491816715,107.57383728027344,NEUTRAL_SIGNAL,0.5590074792009632,0.41801436530263614,True,0.0,HOLD,9881.903796014358,0,0.0,9881.903796014358,"Conservative trader saw NEUTRAL_SIGNAL with bullish_probability=0.42, confidence=0.56, probability_margin=0.14, trend_filter_passed=True, rule=neutral_hold, target_allocation=0.00%."
2025-02-24,2025-02-25,107.60284662928936,106.08499908447266,BULLISH_SIGNAL,0.6677372230602119,0.6677372230602119,True,0.09897146502736902,BUY,8912.025053708448,9,954.7649917602539,9866.790045468702,"Conservative trader saw BULLISH_SIGNAL with bullish_probability=0.67, confidence=0.67, probability_margin=0.39, trend_filter_passed=True, rule=bullish_signal, target_allocation=9.90%."
2025-02-25,2025-02-26,106.0946571368673,105.82395935058594,BULLISH_SIGNAL,0.6300194798098611,0.6300194798098611,True,0.08182703627720957,HOLD,8912.025053708448,9,952.4156341552734,9864.440687863722,"Conservative trader saw BULLISH_SIGNAL with bullish_probability=0.63, confidence=0.63, probability_margin=0.30, trend_filter_passed=True, rule=bullish_signal, target_allocation=8.18%."
2025-02-26,2025-02-27,106.3556941954121,106.49104309082031,BULLISH_SIGNAL,0.8237051694208769,0.8237051694208769,True,0.16986598610039857,BUY,8272.933368221135,15,1597.3656463623047,9870.29901458344,"Conservative trader saw BULLISH_SIGNAL with bullish_probability=0.82, confidence=0.82, probability_margin=0.66, trend_filter_passed=True, rule=bullish_signal, target_allocation=16.99%."
2025-02-27,2025-02-28,106.45237587349803,107.63185119628906,BULLISH_SIGNAL,0.7222169558137538,0.7222169558137538,True,0.12373497991534262,HOLD,8272.933368221135,15,1614.477767944336,9887.41113616547,"Conservative trader saw BULLISH_SIGNAL with bullish_probability=0.72, confidence=0.72, probability_margin=0.55, trend_filter_passed=True, rule=bullish_signal, target_allocation=12.37%."
2025-02-28,2025-03-03,107.98955932868854,104.1804428100586,BEARISH_SIGNAL,0.43875143741962563,0.15474230403987863,True,0.0,EXIT TO CASH,9890.347802988263,0,0.0,9890.347802988263,"Conservative trader saw BEARISH_SIGNAL with bullish_probability=0.15, confidence=0.44, probability_margin=0.03, trend_filter_passed=True, rule=bearish_exit, target_allocation=0.00%."
2025-03-03,2025-03-04,102.82693980173786,103.96774291992188,BULLISH_SIGNAL,0.9370414374409102,0.9370414374409102,False,0.0,HOLD,9890.347802988263,0,0.0,9890.347802988263,"Conservative trader saw BULLISH_SIGNAL with bullish_probability=0.94, confidence=0.94, probability_margin=0.89, trend_filter_passed=False, rule=neutral_hold, target_allocation=0.00%."
2025-03-04,2025-03-05,102.32421457107206,101.93750762939453,BEARISH_SIGNAL,0.7996520123529544,0.1947680017945413,False,0.0,HOLD,9890.347802988263,0,0.0,9890.347802988263,"Conservative trader saw BEARISH_SIGNAL with bullish_probability=0.19, confidence=0.80, probability_margin=0.60, trend_filter_passed=False, rule=bearish_exit, target_allocation=0.00%."
2025-03-05,2025-03-06,101.92783461397111,104.04508972167969,NEUTRAL_SIGNAL,0.7151377178870707,0.15255409315646706,False,0.0,HOLD,9890.347802988263,0,0.0,9890.347802988263,"Conservative trader saw NEUTRAL_SIGNAL with bullish_probability=0.15, confidence=0.72, probability_margin=0.56, trend_filter_passed=False, rule=neutral_hold, target_allocation=0.00%."
2025-03-06,2025-03-07,104.80884457017373,105.39857482910156,BULLISH_SIGNAL,0.5600786961116756,0.5600786961116756,False,0.0,HOLD,9890.347802988263,0,0.0,9890.347802988263,"Conservative trader saw BULLISH_SIGNAL with bullish_probability=0.56, confidence=0.56, probability_margin=0.13, trend_filter_passed=False, rule=neutral_hold, target_allocation=0.00%."
2025-03-07,2025-03-10,105.64994017450721,108.08623504638672,BULLISH_SIGNAL,0.7846965443230302,0.7846965443230302,True,0.15213479287410459,BUY,8409.029252251916,14,1513.207290649414,9922.23654290133,"Conservative trader saw BULLISH_SIGNAL with bullish_probability=0.78, confidence=0.78, probability_margin=0.67, trend_filter_passed=True, rule=bullish_signal, target_allocation=15.21%."
2025-03-10,2025-03-11,108.20224095857073,105.53392791748047,BULLISH_SIGNAL,0.7138982964821314,0.7138982964821314,True,0.11995377112824154,HOLD,8409.029252251916,14,1477.4749908447266,9886.504243096642,"Conservative trader saw BULLISH_SIGNAL with bullish_probability=0.71, confidence=0.71, probability_margin=0.50, trend_filter_passed=True, rule=bullish_signal, target_allocation=12.00%."
2025-03-11,2025-03-12,105.42759162610635,105.50492858886719,BULLISH_SIGNAL,0.9414407477025633,0.9414407477025633,True,0.22338215804661965,BUY,7775.514537887868,20,2110.0985717773438,9885.613109665212,"Conservative trader saw BULLISH_SIGNAL with bullish_probability=0.94, confidence=0.94, probability_margin=0.89, trend_filter_passed=True, rule=bullish_signal, target_allocation=22.34%."
2025-03-12,2025-03-13,104.73150119586734,105.0602035522461,BULLISH_SIGNAL,0.8243716926811053,0.8243716926811053,True,0.17016895121868422,HOLD,7775.514537887868,20,2101.204071044922,9876.71860893279,"Conservative trader saw BULLISH_SIGNAL with bullish_probability=0.82, confidence=0.82, probability_margin=0.69, trend_filter_passed=True, rule=bullish_signal, target_allocation=17.02%."
2025-03-13,2025-03-14,105.32124812928375,108.18292236328125,BULLISH_SIGNAL,0.5913832337660452,0.5913832337660452,True,0.06426510625729326,REDUCE,9247.801002735861,6,649.0975341796875,9896.898536915549,"Conservative trader saw BULLISH_SIGNAL with bullish_probability=0.59, confidence=0.59, probability_margin=0.19, trend_filter_passed=True, rule=bullish_signal, target_allocation=6.43%."
2025-03-14,2025-03-17,108.0862404980442,109.98113250732422,BULLISH_SIGNAL,0.9414301930397116,0.9414301930397116,True,0.22337736047259618,BUY,7732.3230681091,20,2199.6226501464844,9931.945718255585,"Conservative trader saw BULLISH_SIGNAL with bullish_probability=0.94, confidence=0.94, probability_margin=0.89, trend_filter_passed=True, rule=bullish_signal, target_allocation=22.34%."
2025-03-17,2025-03-18,110.30016127970447,109.8651123046875,BULLISH_SIGNAL,0.6095512052410963,0.6095512052410963,True,0.07252327510958921,REDUCE,9274.209794739218,6,659.190673828125,9933.400468567343,"Conservative trader saw BULLISH_SIGNAL with bullish_probability=0.61, confidence=0.61, probability_margin=0.40, trend_filter_passed=True, rule=bullish_signal, target_allocation=7.25%."
2025-03-18,2025-03-19,110.40650409462492,111.5763168334961,BULLISH_SIGNAL,0.9325567900700374,0.9325567900700374,True,0.21934399548638064,BUY,7836.771597036972,19,2119.950019836426,9956.721616873398,"Conservative trader saw BULLISH_SIGNAL with bullish_probability=0.93, confidence=0.93, probability_margin=0.88, trend_filter_passed=True, rule=bullish_signal, target_allocation=21.93%."
2025-03-19,2025-03-20,110.90923053166514,112.05003356933594,BULLISH_SIGNAL,0.5386087828394568,0.5386087828394568,True,0.04027671947248035,REDUCE,9608.6583512847,3,336.1501007080078,9944.808451992707,"Conservative trader saw BULLISH_SIGNAL with bullish_probability=0.54, confidence=0.54, probability_margin=0.26, trend_filter_passed=True, rule=bullish_signal, target_allocation=4.03%."
2025-03-20,2025-03-21,111.66332244873047,111.66332244873047,BEARISH_SIGNAL,0.4506733331792806,0.3340404471184089,True,0.0,HOLD,9608.6583512847,3,334.9899673461914,9943.64831863089,"Conservative trader saw BEARISH_SIGNAL with bullish_probability=0.33, confidence=0.45, probability_margin=0.12, trend_filter_passed=True, rule=bearish_exit, target_allocation=0.00%."
2025-03-21,2025-03-24,111.83734501281609,111.95336151123047,BEARISH_SIGNAL,0.5816309157417499,0.20407188373251078,True,0.0,HOLD,9608.6583512847,3,335.8600845336914,9944.51843581839,"Conservative trader saw BEARISH_SIGNAL with bullish_probability=0.20, confidence=0.58, probability_margin=0.37, trend_filter_passed=True, rule=bearish_exit, target_allocation=0.00%."
2025-03-24,2025-03-25,112.56242839589436,112.71710968017578,BULLISH_SIGNAL,0.6448932556869492,0.6448932556869492,True,0.08858784349406781,BUY,9157.73303800589,7,789.0197677612305,9946.75280576712,"Conservative trader saw BULLISH_SIGNAL with bullish_probability=0.64, confidence=0.64, probability_margin=0.36, trend_filter_passed=True, rule=bullish_signal, target_allocation=8.86%."
2025-03-25,2025-03-26,113.77091073076934,114.34130859375,NEUTRAL_SIGNAL,0.446200659248156,0.1398891654041464,True,0.08000663263083523,HOLD,9157.73303800589,7,800.38916015625,9958.12219816214,"Conservative trader saw NEUTRAL_SIGNAL with bullish_probability=0.14, confidence=0.45, probability_margin=0.03, trend_filter_passed=True, rule=neutral_hold, target_allocation=8.00%."
2025-03-26,2025-03-27,114.17696133848227,113.97393798828125,NEUTRAL_SIGNAL,0.4886917311074757,0.06219746497913023,True,0.08026925736478828,HOLD,9157.73303800589,7,797.8175659179688,9955.550603923859,"Conservative trader saw NEUTRAL_SIGNAL with bullish_probability=0.06, confidence=0.49, probability_margin=0.04, trend_filter_passed=True, rule=neutral_hold, target_allocation=8.03%."
2025-03-27,2025-03-28,114.17696429920083,113.81925964355469,BEARISH_SIGNAL,0.6863317273264008,0.14320416193841193,True,0.0,EXIT TO CASH,9955.773329594529,0,0.0,9955.773329594529,"Conservative trader saw BEARISH_SIGNAL with bullish_probability=0.14, confidence=0.69, probability_margin=0.52, trend_filter_passed=True, rule=bearish_exit, target_allocation=0.00%."
2025-03-28,2025-03-31,113.87725446859893,114.97938537597656,BULLISH_SIGNAL,0.5071469970421167,0.5071469970421167,True,0.025975907746416695,HOLD,9955.773329594529,0,0.0,9955.773329594529,"Conservative trader saw BULLISH_SIGNAL with bullish_probability=0.51, confidence=0.51, probability_margin=0.18, trend_filter_passed=True, rule=bullish_signal, target_allocation=2.60%."
2025-03-31,2025-04-01,115.25976020434511,115.08573913574219,BEARISH_SIGNAL,0.8162603591687664,0.14193267862119097,True,0.0,HOLD,9955.773329594529,0,0.0,9955.773329594529,"Conservative trader saw BEARISH_SIGNAL with bullish_probability=0.14, confidence=0.82, probability_margin=0.67, trend_filter_passed=True, rule=bearish_exit, target_allocation=0.00%."
2025-04-01,2025-04-02,114.45732954225804,114.72802734375,BEARISH_SIGNAL,0.9207995776127247,0.0691770432842832,True,0.0,HOLD,9955.773329594529,0,0.0,9955.773329594529,"Conservative trader saw BEARISH_SIGNAL with bullish_probability=0.07, confidence=0.92, probability_margin=0.85, trend_filter_passed=True, rule=bearish_exit, target_allocation=0.00%."
2025-04-02,2025-04-03,110.57086438537907,108.69530487060547,BEARISH_SIGNAL,0.9746682692616532,0.015554260844432953,True,0.0,HOLD,9955.773329594529,0,0.0,9955.773329594529,"Conservative trader saw BEARISH_SIGNAL with bullish_probability=0.02, confidence=0.97, probability_margin=0.96, trend_filter_passed=True, rule=bearish_exit, target_allocation=0.00%."
2025-04-03,2025-04-04,106.2203417612518,100.87403106689453,BEARISH_SIGNAL,0.8114652664986514,0.04659203954884985,True,0.0,HOLD,9955.773329594529,0,0.0,9955.773329594529,"Conservative trader saw BEARISH_SIGNAL with bullish_probability=0.05, confidence=0.81, probability_margin=0.67, trend_filter_passed=True, rule=bearish_exit, target_allocation=0.00%."
2025-04-04,2025-04-07,97.0552413567394,99.52053833007812,BULLISH_SIGNAL,0.8878679766297274,0.8878679766297274,False,0.0,HOLD,9955.773329594529,0,0.0,9955.773329594529,"Conservative trader saw BULLISH_SIGNAL with bullish_probability=0.89, confidence=0.89, probability_margin=0.81, trend_filter_passed=False, rule=neutral_hold, target_allocation=0.00%."
2025-04-07,2025-04-08,101.95684078166163,97.4226303100586,BULLISH_SIGNAL,0.7385570744889931,0.7385570744889931,False,0.0,HOLD,9955.773329594529,0,0.0,9955.773329594529,"Conservative trader saw BULLISH_SIGNAL with bullish_probability=0.74, confidence=0.74, probability_margin=0.55, trend_filter_passed=False, rule=neutral_hold, target_allocation=0.00%."
2025-04-08,2025-04-09,96.0691363808891,102.2855453491211,BULLISH_SIGNAL,0.6216826324499571,0.6216826324499571,False,0.0,HOLD,9955.773329594529,0,0.0,9955.773329594529,"Conservative trader saw BULLISH_SIGNAL with bullish_probability=0.62, confidence=0.62, probability_margin=0.29, trend_filter_passed=False, rule=neutral_hold, target_allocation=0.00%."
2025-04-09,2025-04-10,100.26496979252488,96.61053466796875,NEUTRAL_SIGNAL,0.6179524295568356,0.14263947300122998,False,0.0,HOLD,9955.773329594529,0,0.0,9955.773329594529,"Conservative trader saw NEUTRAL_SIGNAL with bullish_probability=0.14, confidence=0.62, probability_margin=0.38, trend_filter_passed=False, rule=neutral_hold, target_allocation=0.00%."
2025-04-10,2025-04-11,96.96824770733971,99.71390533447266,NEUTRAL_SIGNAL,0.8396750192359572,0.06528965411733738,False,0.0,HOLD,9955.773329594529,0,0.0,9955.773329594529,"Conservative trader saw NEUTRAL_SIGNAL with bullish_probability=0.07, confidence=0.84, probability_margin=0.74, trend_filter_passed=False, rule=neutral_hold, target_allocation=0.00%."
2025-04-11,2025-04-14,101.54111891739375,99.95559692382812,NEUTRAL_SIGNAL,0.624512518326441,0.2739817552943691,False,0.0,HOLD,9955.773329594529,0,0.0,9955.773329594529,"Conservative trader saw NEUTRAL_SIGNAL with bullish_probability=0.27, confidence=0.62, probability_margin=0.35, trend_filter_passed=False, rule=neutral_hold, target_allocation=0.00%."
2025-04-14,2025-04-15,100.19729514694143,99.67523193359375,BULLISH_SIGNAL,0.356365174316604,0.356365174316604,False,0.0,HOLD,9955.773329594529,0,0.0,9955.773329594529,"Conservative trader saw BULLISH_SIGNAL with bullish_probability=0.36, confidence=0.36, probability_margin=0.03, trend_filter_passed=False, rule=neutral_hold, target_allocation=0.00%."
2025-04-15,2025-04-16,100.49699378564918,100.7290267944336,NEUTRAL_SIGNAL,0.45001946421480055,0.40941753217371596,False,0.0,HOLD,9955.773329594529,0,0.0,9955.773329594529,"Conservative trader saw NEUTRAL_SIGNAL with bullish_probability=0.41, confidence=0.45, probability_margin=0.04, trend_filter_passed=False, rule=neutral_hold, target_allocation=0.00%."
2025-04-16,2025-04-17,101.21241960328209,103.36833953857422,BULLISH_SIGNAL,0.5696411522053526,0.5696411522053526,False,0.0,HOLD,9955.773329594529,0,0.0,9955.773329594529,"Conservative trader saw BULLISH_SIGNAL with bullish_probability=0.57, confidence=0.57, probability_margin=0.19, trend_filter_passed=False, rule=neutral_hold, target_allocation=0.00%."
2025-04-17,2025-04-21,102.10185215182162,101.8504867553711,BEARISH_SIGNAL,0.45816260329286945,0.3793110061982331,False,0.0,HOLD,9955.773329594529,0,0.0,9955.773329594529,"Conservative trader saw BEARISH_SIGNAL with bullish_probability=0.38, confidence=0.46, probability_margin=0.08, trend_filter_passed=False, rule=bearish_exit, target_allocation=0.00%."
2025-04-21,2025-04-22,102.61424661272504,104.70249938964844,BULLISH_SIGNAL,0.7619106798214546,0.7619106798214546,False,0.0,HOLD,9955.773329594529,0,0.0,9955.773329594529,"Conservative trader saw BULLISH_SIGNAL with bullish_probability=0.76, confidence=0.76, probability_margin=0.54, trend_filter_passed=False, rule=neutral_hold, target_allocation=0.00%."
2025-04-22,2025-04-23,105.19555162772954,103.80339050292969,BULLISH_SIGNAL,0.8448478777978816,0.8448478777978816,False,0.0,HOLD,9955.773329594529,0,0.0,9955.773329594529,"Conservative trader saw BULLISH_SIGNAL with bullish_probability=0.84, confidence=0.84, probability_margin=0.71, trend_filter_passed=False, rule=neutral_hold, target_allocation=0.00%."
2025-04-23,2025-04-24,104.38345784167315,105.02153015136719,BULLISH_SIGNAL,0.8165881436681685,0.8165881436681685,False,0.0,HOLD,9955.773329594529,0,0.0,9955.773329594529,"Conservative trader saw BULLISH_SIGNAL with bullish_probability=0.82, confidence=0.82, probability_margin=0.70, trend_filter_passed=False, rule=neutral_hold, target_allocation=0.00%."
2025-04-24,2025-04-25,104.54780730012389,104.9635238647461,NEUTRAL_SIGNAL,0.8971526599806969,0.07983251482993574,False,0.0,HOLD,9955.773329594529,0,0.0,9955.773329594529,"Conservative trader saw NEUTRAL_SIGNAL with bullish_probability=0.08, confidence=0.90, probability_margin=0.82, trend_filter_passed=False, rule=neutral_hold, target_allocation=0.00%."
2025-04-25,2025-04-28,105.1375466512941,105.02153015136719,NEUTRAL_SIGNAL,0.8354411285279733,0.15912099757258585,False,0.0,HOLD,9955.773329594529,0,0.0,9955.773329594529,"Conservative trader saw NEUTRAL_SIGNAL with bullish_probability=0.16, confidence=0.84, probability_margin=0.68, trend_filter_passed=False, rule=neutral_hold, target_allocation=0.00%."
2025-04-28,2025-04-29,104.16109813763202,104.76050567626953,NEUTRAL_SIGNAL,0.5701216421145404,0.3801862790455412,False,0.0,HOLD,9955.773329594529,0,0.0,9955.773329594529,"Conservative trader saw NEUTRAL_SIGNAL with bullish_probability=0.38, confidence=0.57, probability_margin=0.19, trend_filter_passed=False, rule=neutral_hold, target_allocation=0.00%."
2025-04-29,2025-04-30,103.85172605763076,102.12118530273438,BULLISH_SIGNAL,0.6767138794326246,0.6767138794326246,False,0.0,HOLD,9955.773329594529,0,0.0,9955.773329594529,"Conservative trader saw BULLISH_SIGNAL with bullish_probability=0.68, confidence=0.68, probability_margin=0.36, trend_filter_passed=False, rule=neutral_hold, target_allocation=0.00%."
2025-04-30,2025-05-01,101.60879274002727,102.26620483398438,BULLISH_SIGNAL,0.5818183780350293,0.5818183780350293,False,0.0,HOLD,9955.773329594529,0,0.0,9955.773329594529,"Conservative trader saw BULLISH_SIGNAL with bullish_probability=0.58, confidence=0.58, probability_margin=0.20, trend_filter_passed=False, rule=neutral_hold, target_allocation=0.00%."
2025-05-01,2025-05-02,104.14176590560021,102.68192291259766,BULLISH_SIGNAL,0.5813125024415721,0.5813125024415721,False,0.0,HOLD,9955.773329594529,0,0.0,9955.773329594529,"Conservative trader saw BULLISH_SIGNAL with bullish_probability=0.58, confidence=0.58, probability_margin=0.18, trend_filter_passed=False, rule=neutral_hold, target_allocation=0.00%."
2025-05-02,2025-05-05,101.1737406395789,99.8395767211914,BULLISH_SIGNAL,0.5900956735434607,0.5900956735434607,False,0.0,HOLD,9955.773329594529,0,0.0,9955.773329594529,"Conservative trader saw BULLISH_SIGNAL with bullish_probability=0.59, confidence=0.59, probability_margin=0.20, trend_filter_passed=False, rule=neutral_hold, target_allocation=0.00%."
2025-05-05,2025-05-06,100.43898190982163,101.23174285888672,NEUTRAL_SIGNAL,0.7475373987919092,0.2501702098437565,False,0.0,HOLD,9955.773329594529,0,0.0,9955.773329594529,"Conservative trader saw NEUTRAL_SIGNAL with bullish_probability=0.25, confidence=0.75, probability_margin=0.50, trend_filter_passed=False, rule=neutral_hold, target_allocation=0.00%."
2025-05-06,2025-05-07,101.50243766718206,101.13506317138672,BULLISH_SIGNAL,0.7766319178146512,0.7766319178146512,False,0.0,HOLD,9955.773329594529,0,0.0,9955.773329594529,"Conservative trader saw BULLISH_SIGNAL with bullish_probability=0.78, confidence=0.78, probability_margin=0.56, trend_filter_passed=False, rule=neutral_hold, target_allocation=0.00%."
2025-05-07,2025-05-08,101.84081569553878,102.54656982421875,BULLISH_SIGNAL,0.8628159953892828,0.8628159953892828,False,0.0,HOLD,9955.773329594529,0,0.0,9955.773329594529,"Conservative trader saw BULLISH_SIGNAL with bullish_probability=0.86, confidence=0.86, probability_margin=0.73, trend_filter_passed=False, rule=neutral_hold, target_allocation=0.00%."
2025-05-08,2025-05-09,103.5810254131412,103.74537658691406,BULLISH_SIGNAL,0.7382631180167704,0.7382631180167704,False,0.0,HOLD,9955.773329594529,0,0.0,9955.773329594529,"Conservative trader saw BULLISH_SIGNAL with bullish_probability=0.74, confidence=0.74, probability_margin=0.50, trend_filter_passed=False, rule=neutral_hold, target_allocation=0.00%."
2025-05-09,2025-05-12,106.60704916437807,105.53392791748047,BULLISH_SIGNAL,0.546331918309519,0.546331918309519,False,0.0,HOLD,9955.773329594529,0,0.0,9955.773329594529,"Conservative trader saw BULLISH_SIGNAL with bullish_probability=0.55, confidence=0.55, probability_margin=0.10, trend_filter_passed=False, rule=neutral_hold, target_allocation=0.00%."
2025-05-12,2025-05-13,105.68861045744525,105.82395935058594,BULLISH_SIGNAL,0.4549054165466631,0.4549054165466631,False,0.0,HOLD,9955.773329594529,0,0.0,9955.773329594529,"Conservative trader saw BULLISH_SIGNAL with bullish_probability=0.45, confidence=0.45, probability_margin=0.10, trend_filter_passed=False, rule=neutral_hold, target_allocation=0.00%."
2025-05-13,2025-05-14,105.24390042305033,104.87652587890625,NEUTRAL_SIGNAL,0.9429872670120188,0.014362296897485662,True,0.0,HOLD,9955.773329594529,0,0.0,9955.773329594529,"Conservative trader saw NEUTRAL_SIGNAL with bullish_probability=0.01, confidence=0.94, probability_margin=0.90, trend_filter_passed=True, rule=neutral_hold, target_allocation=0.00%."
2025-05-14,2025-05-15,103.9008369938073,105.94002532958984,NEUTRAL_SIGNAL,0.8442011085189521,0.10385198623424023,False,0.0,HOLD,9955.773329594529,0,0.0,9955.773329594529,"Conservative trader saw NEUTRAL_SIGNAL with bullish_probability=0.10, confidence=0.84, probability_margin=0.74, trend_filter_passed=False, rule=neutral_hold, target_allocation=0.00%."
2025-05-15,2025-05-16,106.00831644617186,105.55950164794922,NEUTRAL_SIGNAL,0.7466786916784338,0.23335098246419003,True,0.0,HOLD,9955.773329594529,0,0.0,9955.773329594529,"Conservative trader saw NEUTRAL_SIGNAL with bullish_probability=0.23, confidence=0.75, probability_margin=0.51, trend_filter_passed=True, rule=neutral_hold, target_allocation=0.00%."
2025-05-16,2025-05-19,104.95457053429604,103.88131713867188,NEUTRAL_SIGNAL,0.8049628641353479,0.11060567600061895,False,0.0,HOLD,9955.773329594529,0,0.0,9955.773329594529,"Conservative trader saw NEUTRAL_SIGNAL with bullish_probability=0.11, confidence=0.80, probability_margin=0.69, trend_filter_passed=False, rule=neutral_hold, target_allocation=0.00%."
2025-05-19,2025-05-20,103.80326024488056,102.39826965332031,NEUTRAL_SIGNAL,0.6911158599540704,0.25650526922301325,False,0.0,HOLD,9955.773329594529,0,0.0,9955.773329594529,"Conservative trader saw NEUTRAL_SIGNAL with bullish_probability=0.26, confidence=0.69, probability_margin=0.43, trend_filter_passed=False, rule=neutral_hold, target_allocation=0.00%."
2025-05-20,2025-05-21,101.9884830862127,101.13964080810547,NEUTRAL_SIGNAL,0.8492898191688485,0.03720339419287368,False,0.0,HOLD,9955.773329594529,0,0.0,9955.773329594529,"Conservative trader saw NEUTRAL_SIGNAL with bullish_probability=0.04, confidence=0.85, probability_margin=0.74, trend_filter_passed=False, rule=neutral_hold, target_allocation=0.00%."
2025-05-21,2025-05-22,100.55422359562291,100.46641540527344,NEUTRAL_SIGNAL,0.7484047197425888,0.08228992813963265,False,0.0,HOLD,9955.773329594529,0,0.0,9955.773329594529,"Conservative trader saw NEUTRAL_SIGNAL with bullish_probability=0.08, confidence=0.75, probability_margin=0.58, trend_filter_passed=False, rule=neutral_hold, target_allocation=0.00%."
2025-05-22,2025-05-23,100.10541035339202,100.52495574951172,NEUTRAL_SIGNAL,0.4659307474559127,0.12414327673302421,False,0.0,HOLD,9955.773329594529,0,0.0,9955.773329594529,"Conservative trader saw NEUTRAL_SIGNAL with bullish_probability=0.12, confidence=0.47, probability_margin=0.06, trend_filter_passed=False, rule=neutral_hold, target_allocation=0.00%."
2025-05-23,2025-05-27,100.97376710278596,101.00303649902344,NEUTRAL_SIGNAL,0.3939461712326945,0.21697415975216192,False,0.0,HOLD,9955.773329594529,0,0.0,9955.773329594529,"Conservative trader saw NEUTRAL_SIGNAL with bullish_probability=0.22, confidence=0.39, probability_margin=0.00, trend_filter_passed=False, rule=neutral_hold, target_allocation=0.00%."
2025-05-27,2025-05-28,101.75432336029878,99.62732696533203,BULLISH_SIGNAL,0.46094929123771267,0.46094929123771267,False,0.0,HOLD,9955.773329594529,0,0.0,9955.773329594529,"Conservative trader saw BULLISH_SIGNAL with bullish_probability=0.46, confidence=0.46, probability_margin=0.16, trend_filter_passed=False, rule=neutral_hold, target_allocation=0.00%."
2025-05-28,2025-05-29,99.79318711571334,100.19322204589844,BEARISH_SIGNAL,0.4620263805555941,0.33744332186820736,False,0.0,HOLD,9955.773329594529,0,0.0,9955.773329594529,"Conservative trader saw BEARISH_SIGNAL with bullish_probability=0.34, confidence=0.46, probability_margin=0.12, trend_filter_passed=False, rule=bearish_exit, target_allocation=0.00%."
2025-05-29,2025-05-30,99.6761181336087,99.81271362304688,BULLISH_SIGNAL,0.723500368057915,0.723500368057915,False,0.0,HOLD,9955.773329594529,0,0.0,9955.773329594529,"Conservative trader saw BULLISH_SIGNAL with bullish_probability=0.72, confidence=0.72, probability_margin=0.48, trend_filter_passed=False, rule=neutral_hold, target_allocation=0.00%."
2025-05-30,2025-06-02,101.22745682414339,100.54447937011719,BULLISH_SIGNAL,0.8469153581137231,0.8469153581137231,False,0.0,HOLD,9955.773329594529,0,0.0,9955.773329594529,"Conservative trader saw BULLISH_SIGNAL with bullish_probability=0.85, confidence=0.85, probability_margin=0.71, trend_filter_passed=False, rule=neutral_hold, target_allocation=0.00%."
2025-06-02,2025-06-03,100.39812592199532,101.2762451171875,BULLISH_SIGNAL,0.42845380558352847,0.42845380558352847,False,0.0,HOLD,9955.773329594529,0,0.0,9955.773329594529,"Conservative trader saw BULLISH_SIGNAL with bullish_probability=0.43, confidence=0.43, probability_margin=0.10, trend_filter_passed=False, rule=neutral_hold, target_allocation=0.00%."
2025-06-03,2025-06-04,101.39332069908734,99.81271362304688,BULLISH_SIGNAL,0.6350073344947774,0.6350073344947774,False,0.0,HOLD,9955.773329594529,0,0.0,9955.773329594529,"Conservative trader saw BULLISH_SIGNAL with bullish_probability=0.64, confidence=0.64, probability_margin=0.35, trend_filter_passed=False, rule=neutral_hold, target_allocation=0.00%."
2025-06-04,2025-06-05,100.47618200888121,99.35414123535156,BULLISH_SIGNAL,0.6186463611316533,0.6186463611316533,False,0.0,HOLD,9955.773329594529,0,0.0,9955.773329594529,"Conservative trader saw BULLISH_SIGNAL with bullish_probability=0.62, confidence=0.62, probability_margin=0.38, trend_filter_passed=False, rule=neutral_hold, target_allocation=0.00%."
2025-06-05,2025-06-06,100.26152888371986,101.73480987548828,NEUTRAL_SIGNAL,0.6528266831005124,0.3076794966008161,False,0.0,HOLD,9955.773329594529,0,0.0,9955.773329594529,"Conservative trader saw NEUTRAL_SIGNAL with bullish_probability=0.31, confidence=0.65, probability_margin=0.35, trend_filter_passed=False, rule=neutral_hold, target_allocation=0.00%."
2025-06-06,2025-06-09,101.79335463029238,102.41779327392578,BEARISH_SIGNAL,0.6503759585932576,0.09827164105435386,False,0.0,HOLD,9955.773329594529,0,0.0,9955.773329594529,"Conservative trader saw BEARISH_SIGNAL with bullish_probability=0.10, confidence=0.65, probability_margin=0.40, trend_filter_passed=False, rule=bearish_exit, target_allocation=0.00%."
2025-06-09,2025-06-10,103.5008011353111,104.61308288574219,BEARISH_SIGNAL,0.5387878809280169,0.08442365020821475,False,0.0,HOLD,9955.773329594529,0,0.0,9955.773329594529,"Conservative trader saw BEARISH_SIGNAL with bullish_probability=0.08, confidence=0.54, probability_margin=0.16, trend_filter_passed=False, rule=bearish_exit, target_allocation=0.00%."
2025-06-10,2025-06-11,105.13995815193145,106.65226745605469,NEUTRAL_SIGNAL,0.8771861028388048,0.08166935083079634,True,0.0,HOLD,9955.773329594529,0,0.0,9955.773329594529,"Conservative trader saw NEUTRAL_SIGNAL with bullish_probability=0.08, confidence=0.88, probability_margin=0.80, trend_filter_passed=True, rule=neutral_hold, target_allocation=0.00%."
2025-06-11,2025-06-12,106.27175412902669,107.06206512451172,NEUTRAL_SIGNAL,0.4617982977842596,0.1784070580085393,True,0.0,HOLD,9955.773329594529,0,0.0,9955.773329594529,"Conservative trader saw NEUTRAL_SIGNAL with bullish_probability=0.18, confidence=0.46, probability_margin=0.10, trend_filter_passed=True, rule=neutral_hold, target_allocation=0.00%."
2025-06-12,2025-06-13,109.6183550980345,109.39395141601562,BEARISH_SIGNAL,0.6820884449311545,0.01836423144606176,True,0.0,HOLD,9955.773329594529,0,0.0,9955.773329594529,"Conservative trader saw BEARISH_SIGNAL with bullish_probability=0.02, confidence=0.68, probability_margin=0.38, trend_filter_passed=True, rule=bearish_exit, target_allocation=0.00%."
2025-06-13,2025-06-16,109.1012445632726,109.74520111083984,BEARISH_SIGNAL,0.5361799893362297,0.02485887810743753,True,0.0,HOLD,9955.773329594529,0,0.0,9955.773329594529,"Conservative trader saw BEARISH_SIGNAL with bullish_probability=0.02, confidence=0.54, probability_margin=0.10, trend_filter_passed=True, rule=bearish_exit, target_allocation=0.00%."
2025-06-16,2025-06-17,111.1794460469769,111.22823333740234,NEUTRAL_SIGNAL,0.5069471688972582,0.037577655735305845,True,0.0,HOLD,9955.773329594529,0,0.0,9955.773329594529,"Conservative trader saw NEUTRAL_SIGNAL with bullish_probability=0.04, confidence=0.51, probability_margin=0.05, trend_filter_passed=True, rule=neutral_hold, target_allocation=0.00%."
2025-06-17,2025-06-18,111.82340763741772,110.43793487548828,NEUTRAL_SIGNAL,0.9837566467490304,0.01064998109336616,True,0.0,HOLD,9955.773329594529,0,0.0,9955.773329594529,"Conservative trader saw NEUTRAL_SIGNAL with bullish_probability=0.01, confidence=0.98, probability_margin=0.97, trend_filter_passed=True, rule=neutral_hold, target_allocation=0.00%."
2025-06-18,2025-06-20,110.69160130256559,111.91120910644531,NEUTRAL_SIGNAL,0.5018815637442439,0.18211114408046994,True,0.0,HOLD,9955.773329594529,0,0.0,9955.773329594529,"Conservative trader saw NEUTRAL_SIGNAL with bullish_probability=0.18, confidence=0.50, probability_margin=0.19, trend_filter_passed=True, rule=neutral_hold, target_allocation=0.00%."
2025-06-20,2025-06-23,113.86258094561266,109.02317810058594,NEUTRAL_SIGNAL,0.9464974666909906,0.02190345541588754,True,0.0,HOLD,9955.773329594529,0,0.0,9955.773329594529,"Conservative trader saw NEUTRAL_SIGNAL with bullish_probability=0.02, confidence=0.95, probability_margin=0.91, trend_filter_passed=True, rule=neutral_hold, target_allocation=0.00%."
2025-06-23,2025-06-24,106.59372678752763,105.70584869384766,NEUTRAL_SIGNAL,0.719219532439951,0.21458522207146435,True,0.0,HOLD,9955.773329594529,0,0.0,9955.773329594529,"Conservative trader saw NEUTRAL_SIGNAL with bullish_probability=0.21, confidence=0.72, probability_margin=0.50, trend_filter_passed=True, rule=neutral_hold, target_allocation=0.00%."
2025-06-24,2025-06-25,105.48144216876216,105.73512268066406,BULLISH_SIGNAL,0.6046429592021719,0.6046429592021719,True,0.07029225418280541,BUY,9321.935027158112,6,634.4107360839844,9956.345763242096,"Conservative trader saw BULLISH_SIGNAL with bullish_probability=0.60, confidence=0.60, probability_margin=0.26, trend_filter_passed=True, rule=bullish_signal, target_allocation=7.03%."
2025-06-25,2025-06-26,106.29126870688073,107.31573486328125,BEARISH_SIGNAL,0.4158915019829906,0.36068800829268066,True,0.0,EXIT TO CASH,9958.726336854841,0,0.0,9958.726336854841,"Conservative trader saw BEARISH_SIGNAL with bullish_probability=0.36, confidence=0.42, probability_margin=0.06, trend_filter_passed=True, rule=bearish_exit, target_allocation=0.00%."
2025-06-26,2025-06-27,107.26695519077366,106.72056579589844,BEARISH_SIGNAL,0.48023224657647273,0.1878017925046077,True,0.0,HOLD,9958.726336854841,0,0.0,9958.726336854841,"Conservative trader saw BEARISH_SIGNAL with bullish_probability=0.19, confidence=0.48, probability_margin=0.15, trend_filter_passed=True, rule=bearish_exit, target_allocation=0.00%."
2025-06-27,2025-06-30,105.99855082172269,105.1789779663086,NEUTRAL_SIGNAL,0.5962378877914495,0.09324327368331965,True,0.0,HOLD,9958.726336854841,0,0.0,9958.726336854841,"Conservative trader saw NEUTRAL_SIGNAL with bullish_probability=0.09, confidence=0.60, probability_margin=0.29, trend_filter_passed=True, rule=neutral_hold, target_allocation=0.00%."
2025-06-30,2025-07-01,105.50095672984834,106.58396911621094,NEUTRAL_SIGNAL,0.48180035480230393,0.2655678649759712,True,0.0,HOLD,9958.726336854841,0,0.0,9958.726336854841,"Conservative trader saw NEUTRAL_SIGNAL with bullish_probability=0.27, confidence=0.48, probability_margin=0.22, trend_filter_passed=True, rule=neutral_hold, target_allocation=0.00%."
2025-07-01,2025-07-02,107.3254943510879,108.34996795654297,BEARISH_SIGNAL,0.6984761285676083,0.1346256876010483,True,0.0,HOLD,9958.726336854841,0,0.0,9958.726336854841,"Conservative trader saw BEARISH_SIGNAL with bullish_probability=0.13, confidence=0.70, probability_margin=0.53, trend_filter_passed=True, rule=bearish_exit, target_allocation=0.00%."
2025-07-02,2025-07-03,108.16458405027839,109.47200012207031,BEARISH_SIGNAL,0.6206527511257143,0.07762068802276231,True,0.0,HOLD,9958.726336854841,0,0.0,9958.726336854841,"Conservative trader saw BEARISH_SIGNAL with bullish_probability=0.08, confidence=0.62, probability_margin=0.32, trend_filter_passed=True, rule=bearish_exit, target_allocation=0.00%."
2025-07-03,2025-07-07,108.82804605988709,108.40850067138672,NEUTRAL_SIGNAL,0.9118192693153357,0.028988718420808034,True,0.0,HOLD,9958.726336854841,0,0.0,9958.726336854841,"Conservative trader saw NEUTRAL_SIGNAL with bullish_probability=0.03, confidence=0.91, probability_margin=0.85, trend_filter_passed=True, rule=neutral_hold, target_allocation=0.00%."
2025-07-07,2025-07-08,108.1938522559937,111.41361999511719,NEUTRAL_SIGNAL,0.9242447911441257,0.015159106505208806,True,0.0,HOLD,9958.726336854841,0,0.0,9958.726336854841,"Conservative trader saw NEUTRAL_SIGNAL with bullish_probability=0.02, confidence=0.92, probability_margin=0.86, trend_filter_passed=True, rule=neutral_hold, target_allocation=0.00%."
2025-07-08,2025-07-09,111.15018153480453,111.0331039428711,BEARISH_SIGNAL,0.8883204335540424,0.04330404242584286,True,0.0,HOLD,9958.726336854841,0,0.0,9958.726336854841,"Conservative trader saw BEARISH_SIGNAL with bullish_probability=0.04, confidence=0.89, probability_margin=0.82, trend_filter_passed=True, rule=bearish_exit, target_allocation=0.00%."
2025-07-09,2025-07-10,110.94528925905155,112.13562774658203,NEUTRAL_SIGNAL,0.5036124612522015,0.03756283737975774,True,0.0,HOLD,9958.726336854841,0,0.0,9958.726336854841,"Conservative trader saw NEUTRAL_SIGNAL with bullish_probability=0.04, confidence=0.50, probability_margin=0.04, trend_filter_passed=True, rule=neutral_hold, target_allocation=0.00%."
2025-07-10,2025-07-11,112.05757425938297,112.62347412109375,BEARISH_SIGNAL,0.7452257751708883,0.06746982815400683,True,0.0,HOLD,9958.726336854841,0,0.0,9958.726336854841,"Conservative trader saw BEARISH_SIGNAL with bullish_probability=0.07, confidence=0.75, probability_margin=0.56, trend_filter_passed=True, rule=bearish_exit, target_allocation=0.00%."
2025-07-11,2025-07-14,112.42833878209635,111.15018463134766,NEUTRAL_SIGNAL,0.6671609365254556,0.20400826535318836,True,0.0,HOLD,9958.726336854841,0,0.0,9958.726336854841,"Conservative trader saw NEUTRAL_SIGNAL with bullish_probability=0.20, confidence=0.67, probability_margin=0.46, trend_filter_passed=True, rule=neutral_hold, target_allocation=0.00%."
2025-07-14,2025-07-15,110.89650622656659,110.16474151611328,BEARISH_SIGNAL,0.7644799517274722,0.057287680472577054,True,0.0,HOLD,9958.726336854841,0,0.0,9958.726336854841,"Conservative trader saw BEARISH_SIGNAL with bullish_probability=0.06, confidence=0.76, probability_margin=0.59, trend_filter_passed=True, rule=bearish_exit, target_allocation=0.00%."
2025-07-15,2025-07-16,110.13546423362257,109.50127410888672,NEUTRAL_SIGNAL,0.6261487005819327,0.23108992378654938,True,0.0,HOLD,9958.726336854841,0,0.0,9958.726336854841,"Conservative trader saw NEUTRAL_SIGNAL with bullish_probability=0.23, confidence=0.63, probability_margin=0.40, trend_filter_passed=True, rule=neutral_hold, target_allocation=0.00%."
2025-07-16,2025-07-17,108.77926469374889,108.94513702392578,NEUTRAL_SIGNAL,0.6087145189263752,0.05020194857954759,True,0.0,HOLD,9958.726336854841,0,0.0,9958.726336854841,"Conservative trader saw NEUTRAL_SIGNAL with bullish_probability=0.05, confidence=0.61, probability_margin=0.27, trend_filter_passed=True, rule=neutral_hold, target_allocation=0.00%."
2025-07-17,2025-07-18,108.40850779402297,105.14971160888672,BEARISH_SIGNAL,0.46706752324437595,0.2101387139118887,True,0.0,HOLD,9958.726336854841,0,0.0,9958.726336854841,"Conservative trader saw BEARISH_SIGNAL with bullish_probability=0.21, confidence=0.47, probability_margin=0.14, trend_filter_passed=True, rule=bearish_exit, target_allocation=0.00%."
2025-07-18,2025-07-21,104.9838416782704,105.42290496826172,NEUTRAL_SIGNAL,0.6537284227090494,0.23084980192761,False,0.0,HOLD,9958.726336854841,0,0.0,9958.726336854841,"Conservative trader saw NEUTRAL_SIGNAL with bullish_probability=0.23, confidence=0.65, probability_margin=0.42, trend_filter_passed=False, rule=neutral_hold, target_allocation=0.00%."
2025-07-21,2025-07-22,105.35461139372372,105.90099334716797,NEUTRAL_SIGNAL,0.8157501324537522,0.05968222996254545,False,0.0,HOLD,9958.726336854841,0,0.0,9958.726336854841,"Conservative trader saw NEUTRAL_SIGNAL with bullish_probability=0.06, confidence=0.82, probability_margin=0.69, trend_filter_passed=False, rule=neutral_hold, target_allocation=0.00%."
2025-07-22,2025-07-23,106.28150822575371,107.25719451904297,BEARISH_SIGNAL,0.6306602610144832,0.23788034397442434,True,0.0,HOLD,9958.726336854841,0,0.0,9958.726336854841,"Conservative trader saw BEARISH_SIGNAL with bullish_probability=0.24, confidence=0.63, probability_margin=0.39, trend_filter_passed=True, rule=bearish_exit, target_allocation=0.00%."
2025-07-23,2025-07-24,106.99376015152022,108.09628295898438,NEUTRAL_SIGNAL,0.40686447232311374,0.27551247167155113,True,0.0,HOLD,9958.726336854841,0,0.0,9958.726336854841,"Conservative trader saw NEUTRAL_SIGNAL with bullish_probability=0.28, confidence=0.41, probability_margin=0.09, trend_filter_passed=True, rule=neutral_hold, target_allocation=0.00%."
2025-07-24,2025-07-25,108.03774516598995,107.71576690673828,BEARISH_SIGNAL,0.6366417297023076,0.11015453744513932,True,0.0,HOLD,9958.726336854841,0,0.0,9958.726336854841,"Conservative trader saw BEARISH_SIGNAL with bullish_probability=0.11, confidence=0.64, probability_margin=0.38, trend_filter_passed=True, rule=bearish_exit, target_allocation=0.00%."
2025-07-25,2025-07-28,108.30117965334179,108.73048400878906,BULLISH_SIGNAL,0.5880594074370216,0.5880594074370216,True,0.06275427610773707,BUY,9416.407908987783,5,543.6524200439453,9960.060329031729,"Conservative trader saw BULLISH_SIGNAL with bullish_probability=0.59, confidence=0.59, probability_margin=0.23, trend_filter_passed=True, rule=bullish_signal, target_allocation=6.28%."
2025-07-28,2025-07-29,109.1792915549462,110.13545989990234,NEUTRAL_SIGNAL,0.9281309887219596,0.03417599113847176,True,0.05479620353660536,HOLD,9416.407908987783,5,550.6772994995117,9967.085208487295,"Conservative trader saw NEUTRAL_SIGNAL with bullish_probability=0.03, confidence=0.93, probability_margin=0.89, trend_filter_passed=True, rule=neutral_hold, target_allocation=5.48%."
2025-07-29,2025-07-30,109.67690049790582,109.1792984008789,NEUTRAL_SIGNAL,0.4680457744133915,0.1944682530920394,True,0.055032205373180404,HOLD,9416.407908987783,5,545.8964920043945,9962.304400992178,"Conservative trader saw NEUTRAL_SIGNAL with bullish_probability=0.19, confidence=0.47, probability_margin=0.13, trend_filter_passed=True, rule=neutral_hold, target_allocation=5.50%."
2025-07-30,2025-07-31,107.67673618231827,108.92561340332031,NEUTRAL_SIGNAL,0.5986202008864872,0.022033973152785852,True,0.054082868139385475,HOLD,9416.407908987783,5,544.6280670166016,9961.035976004385,"Conservative trader saw NEUTRAL_SIGNAL with bullish_probability=0.02, confidence=0.60, probability_margin=0.22, trend_filter_passed=True, rule=neutral_hold, target_allocation=5.41%."
2025-07-31,2025-08-01,109.2768633808127,106.9742431640625,NEUTRAL_SIGNAL,0.9283703687360612,0.01405789039586801,True,0.054842488382332244,HOLD,9416.407908987783,5,534.8712158203125,9951.279124808096,"Conservative trader saw NEUTRAL_SIGNAL with bullish_probability=0.01, confidence=0.93, probability_margin=0.87, trend_filter_passed=True, rule=neutral_hold, target_allocation=5.48%."
2025-08-01,2025-08-04,106.56445567298512,104.75943756103516,NEUTRAL_SIGNAL,0.6319658808618815,0.18612776952126311,True,0.05355412110599674,HOLD,9416.407908987783,5,523.7971878051758,9940.205096792959,"Conservative trader saw NEUTRAL_SIGNAL with bullish_probability=0.19, confidence=0.63, probability_margin=0.45, trend_filter_passed=True, rule=neutral_hold, target_allocation=5.36%."
2025-08-04,2025-08-05,104.61308842586648,104.63259887695312,NEUTRAL_SIGNAL,0.7629835917472013,0.10179236191698948,False,0.052625066102777375,HOLD,9416.407908987783,5,523.1629943847656,9939.570903372549,"Conservative trader saw NEUTRAL_SIGNAL with bullish_probability=0.10, confidence=0.76, probability_margin=0.63, trend_filter_passed=False, rule=neutral_hold, target_allocation=5.26%."
2025-08-05,2025-08-06,105.67657998163877,103.92034912109375,NEUTRAL_SIGNAL,0.6013180118087313,0.35150646109825145,False,0.05313162539683953,HOLD,9416.407908987783,5,519.6017456054688,9936.009654593252,"Conservative trader saw NEUTRAL_SIGNAL with bullish_probability=0.35, confidence=0.60, probability_margin=0.25, trend_filter_passed=False, rule=neutral_hold, target_allocation=5.31%."
2025-08-06,2025-08-07,104.53503150267342,103.37396240234375,NEUTRAL_SIGNAL,0.5798660981889414,0.05281436101076674,False,0.052587864898221856,HOLD,9416.407908987783,5,516.8698120117188,9933.277720999502,"Conservative trader saw NEUTRAL_SIGNAL with bullish_probability=0.05, confidence=0.58, probability_margin=0.21, trend_filter_passed=False, rule=neutral_hold, target_allocation=5.26%."
2025-08-07,2025-08-08,103.91059160666616,104.20330047607422,NEUTRAL_SIGNAL,0.6282247923756196,0.20314487290269803,False,0.052290157437898326,HOLD,9416.407908987783,5,521.0165023803711,9937.424411368154,"Conservative trader saw NEUTRAL_SIGNAL with bullish_probability=0.20, confidence=0.63, probability_margin=0.43, trend_filter_passed=False, rule=neutral_hold, target_allocation=5.23%."
2025-08-08,2025-08-11,104.50575897230986,103.25688171386719,BEARISH_SIGNAL,0.49749726313904935,0.33866331911751046,False,0.0,EXIT TO CASH,9938.153171921438,0,0.0,9938.153171921438,"Conservative trader saw BEARISH_SIGNAL with bullish_probability=0.34, confidence=0.50, probability_margin=0.16, trend_filter_passed=False, rule=bearish_exit, target_allocation=0.00%."
2025-08-11,2025-08-12,103.7544690185113,103.54957580566406,BEARISH_SIGNAL,0.46674019467887157,0.36677600279652667,False,0.0,HOLD,9938.153171921438,0,0.0,9938.153171921438,"Conservative trader saw BEARISH_SIGNAL with bullish_probability=0.37, confidence=0.47, probability_margin=0.10, trend_filter_passed=False, rule=bearish_exit, target_allocation=0.00%."
2025-08-12,2025-08-13,103.42274440244574,104.98384094238281,BULLISH_SIGNAL,0.8179122295670826,0.8179122295670826,False,0.0,HOLD,9938.153171921438,0,0.0,9938.153171921438,"Conservative trader saw BULLISH_SIGNAL with bullish_probability=0.82, confidence=0.82, probability_margin=0.69, trend_filter_passed=False, rule=neutral_hold, target_allocation=0.00%."
2025-08-13,2025-08-14,104.93506024881967,104.7691879272461,BEARISH_SIGNAL,0.583635794636901,0.10027971750617579,False,0.0,HOLD,9938.153171921438,0,0.0,9938.153171921438,"Conservative trader saw BEARISH_SIGNAL with bullish_probability=0.10, confidence=0.58, probability_margin=0.27, trend_filter_passed=False, rule=bearish_exit, target_allocation=0.00%."
2025-08-14,2025-08-15,104.5722430318389,104.86766815185547,NEUTRAL_SIGNAL,0.4584817823605785,0.12325717987759562,False,0.0,HOLD,9938.153171921438,0,0.0,9938.153171921438,"Conservative trader saw NEUTRAL_SIGNAL with bullish_probability=0.12, confidence=0.46, probability_margin=0.04, trend_filter_passed=False, rule=neutral_hold, target_allocation=0.00%."
2025-08-15,2025-08-18,104.48361233533863,105.09416961669922,BEARISH_SIGNAL,0.4690478995929306,0.09766944258564343,False,0.0,HOLD,9938.153171921438,0,0.0,9938.153171921438,"Conservative trader saw BEARISH_SIGNAL with bullish_probability=0.10, confidence=0.47, probability_margin=0.04, trend_filter_passed=False, rule=bearish_exit, target_allocation=0.00%."
2025-08-18,2025-08-19,104.58208564486281,105.78350067138672,BEARISH_SIGNAL,0.9098862024808432,0.05234915456159296,False,0.0,HOLD,9938.153171921438,0,0.0,9938.153171921438,"Conservative trader saw BEARISH_SIGNAL with bullish_probability=0.05, confidence=0.91, probability_margin=0.86, trend_filter_passed=False, rule=bearish_exit, target_allocation=0.00%."
2025-08-19,2025-08-20,106.23648790589664,106.8765869140625,NEUTRAL_SIGNAL,0.432683387566896,0.20882451374360564,False,0.0,HOLD,9938.153171921438,0,0.0,9938.153171921438,"Conservative trader saw NEUTRAL_SIGNAL with bullish_probability=0.21, confidence=0.43, probability_margin=0.07, trend_filter_passed=False, rule=neutral_hold, target_allocation=0.00%."
2025-08-20,2025-08-21,106.76826810543525,107.56593322753906,BEARISH_SIGNAL,0.4607647581255178,0.2919878483291124,False,0.0,HOLD,9938.153171921438,0,0.0,9938.153171921438,"Conservative trader saw BEARISH_SIGNAL with bullish_probability=0.29, confidence=0.46, probability_margin=0.17, trend_filter_passed=False, rule=bearish_exit, target_allocation=0.00%."
2025-08-21,2025-08-22,107.93029522926028,109.58470153808594,BEARISH_SIGNAL,0.7651837439766426,0.0441647628935122,True,0.0,HOLD,9938.153171921438,0,0.0,9938.153171921438,"Conservative trader saw BEARISH_SIGNAL with bullish_probability=0.04, confidence=0.77, probability_margin=0.57, trend_filter_passed=True, rule=bearish_exit, target_allocation=0.00%."
2025-08-22,2025-08-25,109.21048226579067,110.03768157958984,BEARISH_SIGNAL,0.5875625621876587,0.07527654738315133,True,0.0,HOLD,9938.153171921438,0,0.0,9938.153171921438,"Conservative trader saw BEARISH_SIGNAL with bullish_probability=0.08, confidence=0.59, probability_margin=0.25, trend_filter_passed=True, rule=bearish_exit, target_allocation=0.00%."
2025-08-25,2025-08-26,109.67332161186246,109.79148864746094,NEUTRAL_SIGNAL,0.4946540680174959,0.14104309714208332,True,0.0,HOLD,9938.153171921438,0,0.0,9938.153171921438,"Conservative trader saw NEUTRAL_SIGNAL with bullish_probability=0.14, confidence=0.49, probability_margin=0.13, trend_filter_passed=True, rule=neutral_hold, target_allocation=0.00%."
2025-08-26,2025-08-27,109.72256302402589,111.03230285644531,NEUTRAL_SIGNAL,0.7160051757903275,0.06866625002850368,True,0.0,HOLD,9938.153171921438,0,0.0,9938.153171921438,"Conservative trader saw NEUTRAL_SIGNAL with bullish_probability=0.07, confidence=0.72, probability_margin=0.50, trend_filter_passed=True, rule=neutral_hold, target_allocation=0.00%."
2025-08-27,2025-08-28,111.150478111266,111.62316131591797,NEUTRAL_SIGNAL,0.567502101327133,0.0586032148234704,True,0.0,HOLD,9938.153171921438,0,0.0,9938.153171921438,"Conservative trader saw NEUTRAL_SIGNAL with bullish_probability=0.06, confidence=0.57, probability_margin=0.19, trend_filter_passed=True, rule=neutral_hold, target_allocation=0.00%."
2025-08-28,2025-08-29,111.98751979045258,112.54883575439453,NEUTRAL_SIGNAL,0.5212001171702039,0.08921501877970514,True,0.0,HOLD,9938.153171921438,0,0.0,9938.153171921438,"Conservative trader saw NEUTRAL_SIGNAL with bullish_probability=0.09, confidence=0.52, probability_margin=0.13, trend_filter_passed=True, rule=neutral_hold, target_allocation=0.00%."
2025-08-29,2025-09-02,112.44051655288608,112.9427490234375,NEUTRAL_SIGNAL,0.7033967649162803,0.2203720239806529,True,0.0,HOLD,9938.153171921438,0,0.0,9938.153171921438,"Conservative trader saw NEUTRAL_SIGNAL with bullish_probability=0.22, confidence=0.70, probability_margin=0.48, trend_filter_passed=True, rule=neutral_hold, target_allocation=0.00%."
2025-09-02,2025-09-03,112.23371536045128,110.2051010131836,NEUTRAL_SIGNAL,0.6477858660242544,0.06750392623399505,True,0.0,HOLD,9938.153171921438,0,0.0,9938.153171921438,"Conservative trader saw NEUTRAL_SIGNAL with bullish_probability=0.07, confidence=0.65, probability_margin=0.36, trend_filter_passed=True, rule=neutral_hold, target_allocation=0.00%."
2025-09-03,2025-09-04,110.40205444896604,110.68763732910156,NEUTRAL_SIGNAL,0.49950439752467646,0.34790206934532625,True,0.0,HOLD,9938.153171921438,0,0.0,9938.153171921438,"Conservative trader saw NEUTRAL_SIGNAL with bullish_probability=0.35, confidence=0.50, probability_margin=0.15, trend_filter_passed=True, rule=neutral_hold, target_allocation=0.00%."
2025-09-04,2025-09-05,109.89982253167047,107.56593322753906,NEUTRAL_SIGNAL,0.8169434066329077,0.17770369881733186,True,0.0,HOLD,9938.153171921438,0,0.0,9938.153171921438,"Conservative trader saw NEUTRAL_SIGNAL with bullish_probability=0.18, confidence=0.82, probability_margin=0.64, trend_filter_passed=True, rule=neutral_hold, target_allocation=0.00%."
2025-09-05,2025-09-08,108.05831610874986,108.17648315429688,BULLISH_SIGNAL,0.518977762127463,0.518977762127463,False,0.0,HOLD,9938.153171921438,0,0.0,9938.153171921438,"Conservative trader saw BULLISH_SIGNAL with bullish_probability=0.52, confidence=0.52, probability_margin=0.06, trend_filter_passed=False, rule=neutral_hold, target_allocation=0.00%."
2025-09-08,2025-09-09,108.84611987931373,108.96429443359375,BULLISH_SIGNAL,0.6967695007347309,0.6967695007347309,True,0.1121679548794231,BUY,8848.058737099513,10,1089.6429443359375,9937.70168143545,"Conservative trader saw BULLISH_SIGNAL with bullish_probability=0.70, confidence=0.70, probability_margin=0.52, trend_filter_passed=True, rule=bullish_signal, target_allocation=11.22%."
2025-09-09,2025-09-10,109.46652786575879,110.7861099243164,BULLISH_SIGNAL,0.5655617816764522,0.5655617816764522,True,0.05252808258020554,REDUCE,9503.873033942857,4,443.1444396972656,9947.017473640122,"Conservative trader saw BULLISH_SIGNAL with bullish_probability=0.57, confidence=0.57, probability_margin=0.14, trend_filter_passed=True, rule=bullish_signal, target_allocation=5.25%."
2025-09-10,2025-09-11,109.70287053326427,110.43159484863281,NEUTRAL_SIGNAL,0.8178202467539004,0.13408672371911692,True,0.044134104971706695,HOLD,9503.873033942857,4,441.72637939453125,9945.599413337388,"Conservative trader saw NEUTRAL_SIGNAL with bullish_probability=0.13, confidence=0.82, probability_margin=0.68, trend_filter_passed=True, rule=neutral_hold, target_allocation=4.41%."
2025-09-11,2025-09-12,111.1406267392382,110.4512939453125,NEUTRAL_SIGNAL,0.6813232632122326,0.178861261216116,True,0.044686675118844194,HOLD,9503.873033942857,4,441.80517578125,9945.678209724107,"Conservative trader saw NEUTRAL_SIGNAL with bullish_probability=0.18, confidence=0.68, probability_margin=0.50, trend_filter_passed=True, rule=neutral_hold, target_allocation=4.47%."
2025-09-12,2025-09-15,110.47098889283298,110.63839721679688,NEUTRAL_SIGNAL,0.9018437853358882,0.08775810239696744,True,0.04442939396540758,HOLD,9503.873033942857,4,442.5535888671875,9946.426622810044,"Conservative trader saw NEUTRAL_SIGNAL with bullish_probability=0.09, confidence=0.90, probability_margin=0.81, trend_filter_passed=True, rule=neutral_hold, target_allocation=4.44%."
2025-09-15,2025-09-16,111.23910173845827,112.93289947509766,NEUTRAL_SIGNAL,0.8923691931024541,0.08446777835272762,True,0.04472449845453669,HOLD,9503.873033942857,4,451.7315979003906,9955.604631843247,"Conservative trader saw NEUTRAL_SIGNAL with bullish_probability=0.08, confidence=0.89, probability_margin=0.81, trend_filter_passed=True, rule=neutral_hold, target_allocation=4.47%."
2025-09-16,2025-09-17,112.78517607229085,113.53359985351562,NEUTRAL_SIGNAL,0.9701937218849344,0.010862985096697005,True,0.045317938895108406,HOLD,9503.873033942857,4,454.1343994140625,9958.00743335692,"Conservative trader saw NEUTRAL_SIGNAL with bullish_probability=0.01, confidence=0.97, probability_margin=0.95, trend_filter_passed=True, rule=neutral_hold, target_allocation=4.53%."
2025-09-17,2025-09-18,113.4154353655658,112.19432830810547,NEUTRAL_SIGNAL,0.6971513191014067,0.08144704529055186,True,0.045559644198561795,HOLD,9503.873033942857,4,448.7773132324219,9952.650347175279,"Conservative trader saw NEUTRAL_SIGNAL with bullish_probability=0.08, confidence=0.70, probability_margin=0.48, trend_filter_passed=True, rule=neutral_hold, target_allocation=4.56%."
2025-09-18,2025-09-19,112.16478289329383,111.10123443603516,BEARISH_SIGNAL,0.5130008483581208,0.1150124120527775,True,0.0,HOLD,9503.873033942857,4,444.4049377441406,9948.277971686997,"Conservative trader saw BEARISH_SIGNAL with bullish_probability=0.12, confidence=0.51, probability_margin=0.14, trend_filter_passed=True, rule=bearish_exit, target_allocation=0.00%."
2025-09-19,2025-09-22,110.7368649449766,110.31341552734375,NEUTRAL_SIGNAL,0.6663828266505284,0.13805087229263754,True,0.04453156262942933,HOLD,9503.873033942857,4,441.253662109375,9945.126696052232,"Conservative trader saw NEUTRAL_SIGNAL with bullish_probability=0.14, confidence=0.67, probability_margin=0.47, trend_filter_passed=True, rule=neutral_hold, target_allocation=4.45%."
2025-09-22,2025-09-23,111.00275493488547,112.2140121459961,BEARISH_SIGNAL,0.4903407873843016,0.04003509021800542,True,0.0,HOLD,9503.873033942857,4,448.8560485839844,9952.729082526841,"Conservative trader saw BEARISH_SIGNAL with bullish_probability=0.04, confidence=0.49, probability_margin=0.02, trend_filter_passed=True, rule=bearish_exit, target_allocation=0.00%."
2025-09-23,2025-09-24,112.82457754140964,112.81472778320312,NEUTRAL_SIGNAL,0.688222815967591,0.06898091980838858,True,0.04533305299990828,HOLD,9503.873033942857,4,451.2589111328125,9955.13194507567,"Conservative trader saw NEUTRAL_SIGNAL with bullish_probability=0.07, confidence=0.69, probability_margin=0.45, trend_filter_passed=True, rule=neutral_hold, target_allocation=4.53%."
2025-09-24,2025-09-25,112.89350874101174,113.82903289794922,NEUTRAL_SIGNAL,0.44962198591654895,0.38049206457625134,True,0.04535949333449967,HOLD,9503.873033942857,4,455.3161315917969,9959.189165534654,"Conservative trader saw NEUTRAL_SIGNAL with bullish_probability=0.38, confidence=0.45, probability_margin=0.07, trend_filter_passed=True, rule=neutral_hold, target_allocation=4.54%."
2025-09-25,2025-09-26,114.1933975647311,115.4342041015625,NEUTRAL_SIGNAL,0.680458848742831,0.22703631230443733,True,0.04585782504813325,HOLD,9503.873033942857,4,461.73681640625,9965.609850349107,"Conservative trader saw NEUTRAL_SIGNAL with bullish_probability=0.23, confidence=0.68, probability_margin=0.45, trend_filter_passed=True, rule=neutral_hold, target_allocation=4.59%."
2025-09-26,2025-09-29,114.29186888813037,112.47990417480469,BEARISH_SIGNAL,0.8072716325391986,0.0674570913075286,True,0.0,HOLD,9503.873033942857,4,449.91961669921875,9953.792650642075,"Conservative trader saw BEARISH_SIGNAL with bullish_probability=0.07, confidence=0.81, probability_margin=0.68, trend_filter_passed=True, rule=bearish_exit, target_allocation=0.00%."
2025-09-29,2025-09-30,111.62316061513285,111.03230285644531,BEARISH_SIGNAL,0.43199964563641696,0.18452983831383749,True,0.0,HOLD,9503.873033942857,4,444.12921142578125,9948.002245368638,"Conservative trader saw BEARISH_SIGNAL with bullish_probability=0.18, confidence=0.43, probability_margin=0.05, trend_filter_passed=True, rule=bearish_exit, target_allocation=0.00%."
2025-09-30,2025-10-01,110.8451904864916,110.28387451171875,NEUTRAL_SIGNAL,0.4984354195467648,0.284517028992746,True,0.04457318281445827,HOLD,9503.873033942857,4,441.135498046875,9945.008531989732,"Conservative trader saw NEUTRAL_SIGNAL with bullish_probability=0.28, confidence=0.50, probability_margin=0.21, trend_filter_passed=True, rule=neutral_hold, target_allocation=4.46%."
2025-10-01,2025-10-02,110.26418423682554,109.59454345703125,NEUTRAL_SIGNAL,0.7642142018468299,0.0707548001892388,True,0.044349909663346336,HOLD,9503.873033942857,4,438.378173828125,9942.251207770982,"Conservative trader saw NEUTRAL_SIGNAL with bullish_probability=0.07, confidence=0.76, probability_margin=0.60, trend_filter_passed=True, rule=neutral_hold, target_allocation=4.43%."
2025-10-02,2025-10-03,110.19524910261698,111.53453063964844,NEUTRAL_SIGNAL,0.5156639106620482,0.03500120070655459,True,0.04432341186180083,HOLD,9503.873033942857,4,446.13812255859375,9950.01115650145,"Conservative trader saw NEUTRAL_SIGNAL with bullish_probability=0.04, confidence=0.52, probability_margin=0.07, trend_filter_passed=True, rule=neutral_hold, target_allocation=4.43%."
2025-10-03,2025-10-06,111.5640724757242,112.460205078125,BEARISH_SIGNAL,0.6322104083410932,0.18876047559698178,True,0.0,HOLD,9503.873033942857,4,449.8408203125,9953.713854255357,"Conservative trader saw BEARISH_SIGNAL with bullish_probability=0.19, confidence=0.63, probability_margin=0.44, trend_filter_passed=True, rule=bearish_exit, target_allocation=0.00%."
2025-10-06,2025-10-07,112.33218691183123,112.51929473876953,BEARISH_SIGNAL,0.7606127943030027,0.12006063592574966,True,0.0,HOLD,9503.873033942857,4,450.0771789550781,9953.950212897935,"Conservative trader saw BEARISH_SIGNAL with bullish_probability=0.12, confidence=0.76, probability_margin=0.64, trend_filter_passed=True, rule=bearish_exit, target_allocation=0.00%."
2025-10-07,2025-10-08,112.63746751188236,112.28295135498047,BEARISH_SIGNAL,0.5016216520889768,0.29867966753937863,True,0.0,HOLD,9503.873033942857,4,449.1318054199219,9953.004839362779,"Conservative trader saw BEARISH_SIGNAL with bullish_probability=0.30, confidence=0.50, probability_margin=0.20, trend_filter_passed=True, rule=bearish_exit, target_allocation=0.00%."
2025-10-08,2025-10-09,112.68670521709716,111.18986511230469,NEUTRAL_SIGNAL,0.5768716558480311,0.1926294138341736,True,0.04528016412907366,HOLD,9503.873033942857,4,444.75946044921875,9948.632494392075,"Conservative trader saw NEUTRAL_SIGNAL with bullish_probability=0.19, confidence=0.58, probability_margin=0.35, trend_filter_passed=True, rule=neutral_hold, target_allocation=4.53%."
2025-10-09,2025-10-10,110.54976541469829,109.04307556152344,NEUTRAL_SIGNAL,0.6582072132869774,0.19195951466457667,True,0.044459667837551904,HOLD,9503.873033942857,4,436.17230224609375,9940.04533618895,"Conservative trader saw NEUTRAL_SIGNAL with bullish_probability=0.19, confidence=0.66, probability_margin=0.47, trend_filter_passed=True, rule=neutral_hold, target_allocation=4.45%."
2025-10-10,2025-10-13,109.84073466255515,110.53006744384766,NEUTRAL_SIGNAL,0.7624044068524158,0.19610208689282807,False,0.04418711774127191,HOLD,9503.873033942857,4,442.1202697753906,9945.993303718247,"Conservative trader saw NEUTRAL_SIGNAL with bullish_probability=0.20, confidence=0.76, probability_margin=0.57, trend_filter_passed=False, rule=neutral_hold, target_allocation=4.42%."
2025-10-13,2025-10-14,109.07261769777679,110.57930755615234,NEUTRAL_SIGNAL,0.5921280005213717,0.3976969352319364,True,0.04389167950641109,HOLD,9503.873033942857,4,442.3172302246094,9946.190264167466,"Conservative trader saw NEUTRAL_SIGNAL with bullish_probability=0.40, confidence=0.59, probability_margin=0.19, trend_filter_passed=True, rule=neutral_hold, target_allocation=4.39%."
2025-10-14,2025-10-15,111.08154121041032,109.90966796875,NEUTRAL_SIGNAL,0.8585492364677847,0.10198868401806249,True,0.04466397947639915,HOLD,9503.873033942857,4,439.638671875,9943.511705817857,"Conservative trader saw NEUTRAL_SIGNAL with bullish_probability=0.10, confidence=0.86, probability_margin=0.76, trend_filter_passed=True, rule=neutral_hold, target_allocation=4.47%."
2025-10-15,2025-10-16,110.17555189583973,108.9544448852539,NEUTRAL_SIGNAL,0.6581509560383879,0.23736334598320516,True,0.0443158402324807,HOLD,9503.873033942857,4,435.8177795410156,9939.690813483872,"Conservative trader saw NEUTRAL_SIGNAL with bullish_probability=0.24, confidence=0.66, probability_margin=0.42, trend_filter_passed=True, rule=neutral_hold, target_allocation=4.43%."
2025-10-16,2025-10-17,109.92935994307969,110.53006744384766,NEUTRAL_SIGNAL,0.7328540898663202,0.23757321237917664,False,0.04422119363570584,HOLD,9503.873033942857,4,442.1202697753906,9945.993303718247,"Conservative trader saw NEUTRAL_SIGNAL with bullish_probability=0.24, confidence=0.73, probability_margin=0.50, trend_filter_passed=False, rule=neutral_hold, target_allocation=4.42%."
2025-10-17,2025-10-20,110.29372235529097,110.9830551147461,NEUTRAL_SIGNAL,0.6032586333469815,0.06525118763496798,True,0.04436126329614827,HOLD,9503.873033942857,4,443.9322204589844,9947.805254401841,"Conservative trader saw NEUTRAL_SIGNAL with bullish_probability=0.07, confidence=0.60, probability_margin=0.27, trend_filter_passed=True, rule=neutral_hold, target_allocation=4.44%."
2025-10-20,2025-10-21,111.17017037292834,110.99291229248047,BULLISH_SIGNAL,0.7049089306245632,0.7049089306245632,True,0.11586769573843779,BUY,8835.851146661418,10,1109.9291229248047,9945.780269586223,"Conservative trader saw BULLISH_SIGNAL with bullish_probability=0.70, confidence=0.70, probability_margin=0.43, trend_filter_passed=True, rule=bullish_signal, target_allocation=11.59%."
2025-10-21,2025-10-22,111.72163395713265,112.96244049072266,NEUTRAL_SIGNAL,0.5940189125443658,0.39344474064672924,True,0.11224844412204373,HOLD,8835.851146661418,10,1129.6244049072266,9965.475551568645,"Conservative trader saw NEUTRAL_SIGNAL with bullish_probability=0.39, confidence=0.59, probability_margin=0.20, trend_filter_passed=True, rule=neutral_hold, target_allocation=11.22%."
2025-10-22,2025-10-23,114.85318813056784,114.21309661865234,NEUTRAL_SIGNAL,0.760648761307838,0.04932719172158369,True,0.11503283458662833,HOLD,8835.851146661418,10,1142.1309661865234,9977.982112847942,"Conservative trader saw NEUTRAL_SIGNAL with bullish_probability=0.05, confidence=0.76, probability_margin=0.57, trend_filter_passed=True, rule=neutral_hold, target_allocation=11.50%."
2025-10-23,2025-10-24,114.57745397030573,113.632080078125,NEUTRAL_SIGNAL,0.4626655778789892,0.2975836631771992,True,0.11478836972100213,HOLD,8835.851146661418,10,1136.32080078125,9972.171947442668,"Conservative trader saw NEUTRAL_SIGNAL with bullish_probability=0.30, confidence=0.46, probability_margin=0.17, trend_filter_passed=True, rule=neutral_hold, target_allocation=11.48%."
2025-10-24,2025-10-27,113.93735694263816,114.1737060546875,BEARISH_SIGNAL,0.725900346631135,0.16241230972811022,True,0.0,EXIT TO CASH,9973.516225420444,0,0.0,9973.516225420444,"Conservative trader saw BEARISH_SIGNAL with bullish_probability=0.16, confidence=0.73, probability_margin=0.56, trend_filter_passed=True, rule=bearish_exit, target_allocation=0.00%."
2025-10-27,2025-10-28,113.73055619382959,113.2775650024414,NEUTRAL_SIGNAL,0.5942850283063342,0.3717530217998825,True,0.0,HOLD,9973.516225420444,0,0.0,9973.516225420444,"Conservative trader saw NEUTRAL_SIGNAL with bullish_probability=0.37, confidence=0.59, probability_margin=0.22, trend_filter_passed=True, rule=neutral_hold, target_allocation=0.00%."
2025-10-28,2025-10-29,113.16924389899191,114.67593383789062,NEUTRAL_SIGNAL,0.8539542394198717,0.027327503187628666,True,0.0,HOLD,9973.516225420444,0,0.0,9973.516225420444,"Conservative trader saw NEUTRAL_SIGNAL with bullish_probability=0.03, confidence=0.85, probability_margin=0.74, trend_filter_passed=True, rule=neutral_hold, target_allocation=0.00%."
2025-10-29,2025-10-30,114.65623875964566,112.9427490234375,BEARISH_SIGNAL,0.4595102962800257,0.17338936764287058,True,0.0,HOLD,9973.516225420444,0,0.0,9973.516225420444,"Conservative trader saw BEARISH_SIGNAL with bullish_probability=0.17, confidence=0.46, probability_margin=0.09, trend_filter_passed=True, rule=bearish_exit, target_allocation=0.00%."
2025-10-30,2025-10-31,112.24356680542397,112.6177749633789,NEUTRAL_SIGNAL,0.5799401423092249,0.3520765035468098,True,0.0,HOLD,9973.516225420444,0,0.0,9973.516225420444,"Conservative trader saw NEUTRAL_SIGNAL with bullish_probability=0.35, confidence=0.58, probability_margin=0.23, trend_filter_passed=True, rule=neutral_hold, target_allocation=0.00%."
2025-10-31,2025-11-03,112.75564081245807,112.02691650390625,BEARISH_SIGNAL,0.7356941460824749,0.1749418078395607,True,0.0,HOLD,9973.516225420444,0,0.0,9973.516225420444,"Conservative trader saw BEARISH_SIGNAL with bullish_probability=0.17, confidence=0.74, probability_margin=0.56, trend_filter_passed=True, rule=bearish_exit, target_allocation=0.00%."
2025-11-03,2025-11-04,111.65270681184438,112.40113067626953,NEUTRAL_SIGNAL,0.5567625361566529,0.03590698057476305,True,0.0,HOLD,9973.516225420444,0,0.0,9973.516225420444,"Conservative trader saw NEUTRAL_SIGNAL with bullish_probability=0.04, confidence=0.56, probability_margin=0.15, trend_filter_passed=True, rule=neutral_hold, target_allocation=0.00%."
2025-11-04,2025-11-05,112.3518852990128,111.94813537597656,NEUTRAL_SIGNAL,0.7883036688659393,0.10234789774865051,True,0.0,HOLD,9973.516225420444,0,0.0,9973.516225420444,"Conservative trader saw NEUTRAL_SIGNAL with bullish_probability=0.10, confidence=0.79, probability_margin=0.68, trend_filter_passed=True, rule=neutral_hold, target_allocation=0.00%."
2025-11-05,2025-11-06,111.90873927883824,112.7556381225586,BULLISH_SIGNAL,0.569299660305303,0.569299660305303,True,0.05422711832059226,BUY,9525.20959205194,4,451.0225524902344,9976.232144542175,"Conservative trader saw BULLISH_SIGNAL with bullish_probability=0.57, confidence=0.57, probability_margin=0.25, trend_filter_passed=True, rule=bullish_signal, target_allocation=5.42%."
2025-11-06,2025-11-07,113.45482349738259,115.4342041015625,BULLISH_SIGNAL,0.4176710099950435,0.4176710099950435,True,0.04547730036379858,HOLD,9525.20959205194,4,461.73681640625,9986.94640845819,"Conservative trader saw BULLISH_SIGNAL with bullish_probability=0.42, confidence=0.42, probability_margin=0.07, trend_filter_passed=True, rule=neutral_hold, target_allocation=4.55%."
2025-11-07,2025-11-10,115.650852381483,116.4189682006836,NEUTRAL_SIGNAL,0.7085912888132967,0.1887877786830279,True,0.04631678721386254,HOLD,9525.20959205194,4,465.6758728027344,9990.885464854675,"Conservative trader saw NEUTRAL_SIGNAL with bullish_probability=0.19, confidence=0.71, probability_margin=0.52, trend_filter_passed=True, rule=neutral_hold, target_allocation=4.63%."
2025-11-10,2025-11-11,117.01967605641752,117.9552001953125,NEUTRAL_SIGNAL,0.6322163325307109,0.3090679281135787,True,0.046839307578069596,HOLD,9525.20959205194,4,471.82080078125,9997.03039283319,"Conservative trader saw NEUTRAL_SIGNAL with bullish_probability=0.31, confidence=0.63, probability_margin=0.32, trend_filter_passed=True, rule=neutral_hold, target_allocation=4.68%."
2025-11-11,2025-11-12,117.285553829369,116.32048797607422,NEUTRAL_SIGNAL,0.7110282010952427,0.15708545894282455,True,0.046940734562850805,HOLD,9525.20959205194,4,465.2819519042969,9990.491543956237,"Conservative trader saw NEUTRAL_SIGNAL with bullish_probability=0.16, confidence=0.71, probability_margin=0.55, trend_filter_passed=True, rule=neutral_hold, target_allocation=4.69%."
2025-11-12,2025-11-13,116.82271957033755,116.98028564453125,BULLISH_SIGNAL,0.5356229636819099,0.5356229636819099,True,0.03891952894632266,HOLD,9525.20959205194,4,467.921142578125,9993.130734630065,"Conservative trader saw BULLISH_SIGNAL with bullish_probability=0.54, confidence=0.54, probability_margin=0.11, trend_filter_passed=True, rule=bullish_signal, target_allocation=3.89%."
2025-11-13,2025-11-14,117.66571049271275,118.50015258789062,NEUTRAL_SIGNAL,0.6567004424954742,0.3339336446545815,True,0.047085719138317876,HOLD,9525.20959205194,4,474.0006103515625,9999.210202403503,"Conservative trader saw NEUTRAL_SIGNAL with bullish_probability=0.33, confidence=0.66, probability_margin=0.32, trend_filter_passed=True, rule=neutral_hold, target_allocation=4.71%."
2025-11-14,2025-11-17,118.18226972374043,116.90081024169922,NEUTRAL_SIGNAL,0.5721293905616421,0.3665819418091203,True,0.04728265440041849,HOLD,9525.20959205194,4,467.6032409667969,9992.812833018737,"Conservative trader saw NEUTRAL_SIGNAL with bullish_probability=0.37, confidence=0.57, probability_margin=0.21, trend_filter_passed=True, rule=neutral_hold, target_allocation=4.73%."
2025-11-17,2025-11-18,116.48359759303432,118.24187469482422,NEUTRAL_SIGNAL,0.6856977503615247,0.25842618954096475,True,0.046634738843898745,HOLD,9525.20959205194,4,472.9674987792969,9998.177090831237,"Conservative trader saw NEUTRAL_SIGNAL with bullish_probability=0.26, confidence=0.69, probability_margin=0.43, trend_filter_passed=True, rule=neutral_hold, target_allocation=4.66%."
2025-11-18,2025-11-19,116.07630865802689,116.572998046875,NEUTRAL_SIGNAL,0.5215522051023563,0.36047177740687375,True,0.04647925777054285,HOLD,9525.20959205194,4,466.2919921875,9991.50158423944,"Conservative trader saw NEUTRAL_SIGNAL with bullish_probability=0.36, confidence=0.52, probability_margin=0.16, trend_filter_passed=True, rule=neutral_hold, target_allocation=4.65%."
2025-11-19,2025-11-20,117.1988284939755,116.24517822265625,BULLISH_SIGNAL,0.5097063405800617,0.5097063405800617,True,0.046907652976350855,HOLD,9525.20959205194,4,464.980712890625,9990.190304942565,"Conservative trader saw BULLISH_SIGNAL with bullish_probability=0.51, confidence=0.51, probability_margin=0.05, trend_filter_passed=True, rule=neutral_hold, target_allocation=4.69%."
2025-11-20,2025-11-21,116.215378652987,116.3047866821289,NEUTRAL_SIGNAL,0.5803371106957679,0.3849933342141624,True,0.046532352938094865,HOLD,9525.20959205194,4,465.2191467285156,9990.428738780456,"Conservative trader saw NEUTRAL_SIGNAL with bullish_probability=0.38, confidence=0.58, probability_margin=0.20, trend_filter_passed=True, rule=neutral_hold, target_allocation=4.65%."
2025-11-21,2025-11-24,116.42398477931181,115.20213317871094,BULLISH_SIGNAL,0.43032213338593206,0.43032213338593206,True,0.04661198503623015,HOLD,9525.20959205194,4,460.80853271484375,9986.018124766784,"Conservative trader saw BULLISH_SIGNAL with bullish_probability=0.43, confidence=0.43, probability_margin=0.00, trend_filter_passed=True, rule=neutral_hold, target_allocation=4.66%."
2025-11-24,2025-11-25,114.41736246752856,113.75180053710938,BULLISH_SIGNAL,0.6332503103219801,0.6332503103219801,True,0.08329559560090002,HOLD,9525.20959205194,4,455.0072021484375,9980.216794200378,"Conservative trader saw BULLISH_SIGNAL with bullish_probability=0.63, confidence=0.63, probability_margin=0.34, trend_filter_passed=True, rule=bullish_signal, target_allocation=8.33%."
2025-11-25,2025-11-26,113.65246904450274,114.01007843017578,NEUTRAL_SIGNAL,0.4671869954521785,0.2996818882953305,True,0.04555291582430217,HOLD,9525.20959205194,4,456.0403137207031,9981.249905772644,"Conservative trader saw NEUTRAL_SIGNAL with bullish_probability=0.30, confidence=0.47, probability_margin=0.17, trend_filter_passed=True, rule=neutral_hold, target_allocation=4.56%."
2025-11-26,2025-11-28,114.1888871955968,115.1524658203125,BULLISH_SIGNAL,0.48000613105890005,0.48000613105890005,True,0.045758078929156634,HOLD,9525.20959205194,4,460.60986328125,9985.81945533319,"Conservative trader saw BULLISH_SIGNAL with bullish_probability=0.48, confidence=0.48, probability_margin=0.04, trend_filter_passed=True, rule=neutral_hold, target_allocation=4.58%."
2025-11-28,2025-12-01,115.33127565327204,115.8577651977539,BULLISH_SIGNAL,0.8633533531863726,0.8633533531863726,True,0.18788788781198754,BUY,8139.1576292632635,16,1853.7242431640625,9992.881872427326,"Conservative trader saw BULLISH_SIGNAL with bullish_probability=0.86, confidence=0.86, probability_margin=0.78, trend_filter_passed=True, rule=bullish_signal, target_allocation=18.79%."
2025-12-01,2025-12-02,115.66902207182511,114.61603546142578,BULLISH_SIGNAL,0.6287785858256807,0.6287785858256807,True,0.08126299355712757,REDUCE,9178.61781662232,7,802.3122482299805,9980.9300648523,"Conservative trader saw BULLISH_SIGNAL with bullish_probability=0.63, confidence=0.63, probability_margin=0.31, trend_filter_passed=True, rule=bullish_signal, target_allocation=8.13%."
2025-12-02,2025-12-03,115.18226278457817,117.02001953125,BULLISH_SIGNAL,0.6040723274582822,0.6040723274582822,True,0.070032876117401,HOLD,9178.61781662232,7,819.14013671875,9997.75795334107,"Conservative trader saw BULLISH_SIGNAL with bullish_probability=0.60, confidence=0.60, probability_margin=0.31, trend_filter_passed=True, rule=bullish_signal, target_allocation=7.00%."
2025-12-03,2025-12-04,116.72200447264626,116.36438751220703,BULLISH_SIGNAL,0.4754962462139657,0.4754962462139657,True,0.011589202824529852,EXIT TO CASH,9994.446675410896,0,0.0,9994.446675410896,"Conservative trader saw BULLISH_SIGNAL with bullish_probability=0.48, confidence=0.48, probability_margin=0.13, trend_filter_passed=True, rule=bullish_signal, target_allocation=1.16%."
2025-12-04,2025-12-05,115.97697258701088,115.76836395263672,BEARISH_SIGNAL,0.6603378038721307,0.2231518644134368,True,0.0,HOLD,9994.446675410896,0,0.0,9994.446675410896,"Conservative trader saw BEARISH_SIGNAL with bullish_probability=0.22, confidence=0.66, probability_margin=0.44, trend_filter_passed=True, rule=bearish_exit, target_allocation=0.00%."
2025-12-05,2025-12-08,115.06306594695681,115.21207427978516,BEARISH_SIGNAL,0.4894462668034548,0.14688615428594398,True,0.0,HOLD,9994.446675410896,0,0.0,9994.446675410896,"Conservative trader saw BEARISH_SIGNAL with bullish_probability=0.15, confidence=0.49, probability_margin=0.13, trend_filter_passed=True, rule=bearish_exit, target_allocation=0.00%."
2025-12-08,2025-12-09,116.12598117519698,117.467041015625,NEUTRAL_SIGNAL,0.8533148337255029,0.12687734606022474,True,0.0,HOLD,9994.446675410896,0,0.0,9994.446675410896,"Conservative trader saw NEUTRAL_SIGNAL with bullish_probability=0.13, confidence=0.85, probability_margin=0.73, trend_filter_passed=True, rule=neutral_hold, target_allocation=0.00%."
2025-12-09,2025-12-10,117.94386264481753,118.74849700927734,BEARISH_SIGNAL,0.5444331102605384,0.29657496121128213,True,0.0,HOLD,9994.446675410896,0,0.0,9994.446675410896,"Conservative trader saw BEARISH_SIGNAL with bullish_probability=0.30, confidence=0.54, probability_margin=0.25, trend_filter_passed=True, rule=bearish_exit, target_allocation=0.00%."
2025-12-10,2025-12-11,118.32134384245383,118.74849700927734,NEUTRAL_SIGNAL,0.5203932370348755,0.21752615620365373,True,0.0,HOLD,9994.446675410896,0,0.0,9994.446675410896,"Conservative trader saw NEUTRAL_SIGNAL with bullish_probability=0.22, confidence=0.52, probability_margin=0.26, trend_filter_passed=True, rule=neutral_hold, target_allocation=0.00%."
2025-12-11,2025-12-12,118.64916172079668,118.03326416015625,BEARISH_SIGNAL,0.6110102349222908,0.1440578526101737,True,0.0,HOLD,9994.446675410896,0,0.0,9994.446675410896,"Conservative trader saw BEARISH_SIGNAL with bullish_probability=0.14, confidence=0.61, probability_margin=0.37, trend_filter_passed=True, rule=bearish_exit, target_allocation=0.00%."
2025-12-12,2025-12-15,118.22200910243764,116.98028564453125,BULLISH_SIGNAL,0.5387275784261613,0.5387275784261613,True,0.040330717466436926,HOLD,9994.446675410896,0,0.0,9994.446675410896,"Conservative trader saw BULLISH_SIGNAL with bullish_probability=0.54, confidence=0.54, probability_margin=0.19, trend_filter_passed=True, rule=bullish_signal, target_allocation=4.03%."
2025-12-15,2025-12-16,115.99683516808265,113.9206771850586,NEUTRAL_SIGNAL,0.8497189748636452,0.05672574101691023,True,0.0,HOLD,9994.446675410896,0,0.0,9994.446675410896,"Conservative trader saw NEUTRAL_SIGNAL with bullish_probability=0.06, confidence=0.85, probability_margin=0.76, trend_filter_passed=True, rule=neutral_hold, target_allocation=0.00%."
2025-12-16,2025-12-17,114.44716863723637,116.63260650634766,NEUTRAL_SIGNAL,0.6777404538007885,0.2459180282685853,False,0.0,HOLD,9994.446675410896,0,0.0,9994.446675410896,"Conservative trader saw NEUTRAL_SIGNAL with bullish_probability=0.25, confidence=0.68, probability_margin=0.43, trend_filter_passed=False, rule=neutral_hold, target_allocation=0.00%."
2025-12-17,2025-12-18,116.2153813721701,115.76836395263672,NEUTRAL_SIGNAL,0.5258099853574696,0.33223590285824417,True,0.0,HOLD,9994.446675410896,0,0.0,9994.446675410896,"Conservative trader saw NEUTRAL_SIGNAL with bullish_probability=0.33, confidence=0.53, probability_margin=0.19, trend_filter_passed=True, rule=neutral_hold, target_allocation=0.00%."
2025-12-18,2025-12-19,115.97696632618475,115.91736602783203,NEUTRAL_SIGNAL,0.5422693899692514,0.4238216322057841,True,0.0,HOLD,9994.446675410896,0,0.0,9994.446675410896,"Conservative trader saw NEUTRAL_SIGNAL with bullish_probability=0.42, confidence=0.54, probability_margin=0.12, trend_filter_passed=True, rule=neutral_hold, target_allocation=0.00%."
2025-12-19,2025-12-22,116.56305674309674,117.3676986694336,NEUTRAL_SIGNAL,0.5289532394704437,0.40187775182121405,True,0.0,HOLD,9994.446675410896,0,0.0,9994.446675410896,"Conservative trader saw NEUTRAL_SIGNAL with bullish_probability=0.40, confidence=0.53, probability_margin=0.13, trend_filter_passed=True, rule=neutral_hold, target_allocation=0.00%."
