ticker,model,fold,date,y_true,y_pred,confidence,bullish_probability,second_best_probability,probability_margin
XOM,lightgbm,1,2019-10-03,0,0,0.9857327702512555,0.0004428381517883887,0.0138243915969559,0.9719083786542996
XOM,lightgbm,1,2019-10-04,0,0,0.5966863459682314,0.15086276021647116,0.25245089381529745,0.344235452152934
XOM,lightgbm,1,2019-10-07,0,0,0.7445867128621875,0.06924671704346677,0.18616657009434578,0.5584201427678417
XOM,lightgbm,1,2019-10-08,1,0,0.8488474427267788,0.0172512758214249,0.1339012814517964,0.7149461612749825
XOM,lightgbm,1,2019-10-09,0,0,0.8632058019767294,0.009028545800417764,0.127765652222853,0.7354401497538764
XOM,lightgbm,1,2019-10-10,0,0,0.5331839444644212,0.010291623113110847,0.45652443242246804,0.07665951204195315
XOM,lightgbm,1,2019-10-11,0,-1,0.9852743499530383,0.0035558535998929447,0.011169796447068576,0.9741045535059697
XOM,lightgbm,1,2019-10-14,0,-1,0.9631562783412286,0.0023117069655324623,0.034532014693238904,0.9286242636479898
XOM,lightgbm,1,2019-10-15,0,0,0.7542306859248725,0.0032867856670653114,0.24248252840806211,0.5117481575168104
XOM,lightgbm,1,2019-10-16,1,-1,0.9458455411717865,0.0034912214422612724,0.05066323738595229,0.8951823037858343
XOM,lightgbm,1,2019-10-17,0,0,0.9942738164445974,0.003787743693834718,0.003787743693834718,0.9904860727507627
XOM,lightgbm,1,2019-10-18,1,-1,0.7161998347864874,0.014568809197179946,0.2692313560163326,0.44696847877015483
XOM,lightgbm,1,2019-10-21,0,0,0.9824128811925554,0.0035457651034197096,0.014041353704024975,0.9683715274885305
XOM,lightgbm,1,2019-10-22,0,0,0.8423699748403649,0.15034986723080107,0.15034986723080107,0.6920201076095638
XOM,lightgbm,1,2019-10-23,-1,0,0.9786101149386888,0.01872671011126806,0.01872671011126806,0.9598834048274207
XOM,lightgbm,1,2019-10-24,-1,0,0.5050597456970023,0.4929103341561709,0.4929103341561709,0.012149411540831379
XOM,lightgbm,1,2019-10-25,0,0,0.9977934552966464,0.0019131503828610451,0.0019131503828610451,0.9958803049137854
XOM,lightgbm,1,2019-10-28,1,0,0.813697517862788,0.11116970588087643,0.11116970588087643,0.7025278119819116
XOM,lightgbm,1,2019-10-29,1,0,0.9995720231513052,0.00041591561448274777,0.00041591561448274777,0.9991561075368225
XOM,lightgbm,1,2019-10-30,1,0,0.9109696880828089,0.08692055658396046,0.08692055658396046,0.8240491314988484
XOM,lightgbm,1,2019-10-31,1,0,0.9996524081745936,0.00028152032285100234,0.00028152032285100234,0.9993708878517426
XOM,lightgbm,1,2019-11-01,1,0,0.9551950705073692,0.004227579485184542,0.040577350007446306,0.9146177204999228
XOM,lightgbm,1,2019-11-04,0,0,0.9937000472562498,0.0029804423296424945,0.0033195104141075975,0.9903805368421422
XOM,lightgbm,1,2019-11-05,-1,0,0.9865730123599408,0.012204372989084165,0.012204372989084165,0.9743686393708566
XOM,lightgbm,1,2019-11-06,-1,0,0.5424749478088511,0.3766009291996557,0.3766009291996557,0.16587401860919537
XOM,lightgbm,1,2019-11-07,-1,0,0.9943160301513962,0.0010599487429242018,0.004624021105679496,0.9896920090457167
XOM,lightgbm,1,2019-11-08,-1,1,0.6190034454423669,0.6190034454423669,0.3679115340672266,0.25109191137514025
XOM,lightgbm,1,2019-11-11,-1,0,0.5944571088291041,0.32079119423931785,0.32079119423931785,0.27366591458978623
XOM,lightgbm,1,2019-11-12,-1,0,0.3793038416236504,0.33557998842635156,0.33557998842635156,0.04372385319729882
XOM,lightgbm,1,2019-11-13,0,0,0.6478256763518707,0.27450957905075457,0.27450957905075457,0.37331609730111615
XOM,lightgbm,1,2019-11-14,0,1,0.6409426500909884,0.6409426500909884,0.3367604778579742,0.3041821722330142
XOM,lightgbm,1,2019-11-15,0,1,0.5436637396532612,0.5436637396532612,0.3034235159008564,0.24024022375240478
XOM,lightgbm,1,2019-11-18,0,1,0.5706753984481686,0.5706753984481686,0.40773026003659896,0.16294513841156966
XOM,lightgbm,1,2019-11-19,0,0,0.6223931161484979,0.009684327052547325,0.36792255679895486,0.25447055934954305
XOM,lightgbm,1,2019-11-20,0,-1,0.9058809940522654,0.005289793415364178,0.0888292125323705,0.8170517815198949
XOM,lightgbm,1,2019-11-21,-1,0,0.49305532362926874,0.014540252508680135,0.4924044238620512,0.0006508997672175498
XOM,lightgbm,1,2019-11-22,0,0,0.9333692542871067,0.01939859556966523,0.0472321501432281,0.8861371041438786
XOM,lightgbm,1,2019-11-25,0,0,0.9379493324532401,0.026395363439417573,0.03565530410734221,0.9022940283458979
XOM,lightgbm,1,2019-11-26,0,0,0.9605691273217186,0.03446322167568467,0.03446322167568467,0.9261059056460339
XOM,lightgbm,1,2019-11-27,0,0,0.9727674560017147,0.02672464847047478,0.02672464847047478,0.9460428075312399
XOM,lightgbm,1,2019-11-29,1,0,0.9378166304148965,0.059440100181635265,0.059440100181635265,0.8783765302332612
XOM,lightgbm,1,2019-12-02,0,0,0.7489760603764686,0.012572679390351484,0.23845126023317983,0.5105248001432887
XOM,lightgbm,1,2019-12-03,0,0,0.9948904013995314,0.0016174715048831892,0.003492127095585369,0.9913982743039461
XOM,lightgbm,1,2019-12-04,0,0,0.9970148037406471,0.0007085144758901105,0.002276681783462841,0.9947381219571843
XOM,lightgbm,1,2019-12-05,1,0,0.9984954961343232,0.0013354051301801473,0.0013354051301801473,0.997160091004143
XOM,lightgbm,1,2019-12-06,0,0,0.9858472619086566,0.00027705648633418063,0.013875681605009271,0.9719715803036473
XOM,lightgbm,1,2019-12-09,0,0,0.9892924604875935,0.005546089759001934,0.005546089759001934,0.9837463707285915
XOM,lightgbm,1,2019-12-10,0,0,0.890817052302965,0.09064067402940387,0.09064067402940387,0.8001763782735611
XOM,lightgbm,1,2019-12-11,0,0,0.944388981282565,0.055042217380032774,0.055042217380032774,0.8893467639025322
XOM,lightgbm,1,2019-12-12,0,0,0.9733112462324413,0.001535760586128802,0.025152993181429897,0.9481582530510113
XOM,lightgbm,1,2019-12-13,0,-1,0.49916249277095404,0.2863005556281012,0.2863005556281012,0.21286193714285284
XOM,lightgbm,1,2019-12-16,0,0,0.9668046647320199,0.024178814518182646,0.024178814518182646,0.9426258502138373
XOM,lightgbm,1,2019-12-17,0,0,0.5412605265064453,0.43592450460866683,0.43592450460866683,0.10533602189777846
XOM,lightgbm,1,2019-12-18,0,0,0.7944764616379225,0.1721129245807722,0.1721129245807722,0.6223635370571503
XOM,lightgbm,1,2019-12-19,0,0,0.9541117827692281,0.044379160315063636,0.044379160315063636,0.9097326224541645
XOM,lightgbm,1,2019-12-20,0,0,0.9765343910664664,0.022696373614594048,0.022696373614594048,0.9538380174518724
XOM,lightgbm,1,2019-12-23,0,0,0.7619774555500727,0.012636933468566168,0.22538561098136128,0.5365918445687115
XOM,lightgbm,1,2019-12-24,0,0,0.9964804077517652,0.0025859386845300783,0.0025859386845300783,0.9938944690672351
XOM,lightgbm,1,2019-12-26,0,0,0.9904822725727316,0.00832071157401833,0.00832071157401833,0.9821615609987132
XOM,lightgbm,1,2019-12-27,0,0,0.9988772600825236,0.0006707948932567087,0.0006707948932567087,0.9982064651892669
XOM,lightgbm,1,2019-12-30,0,-1,0.8642133303853743,0.09825547118460728,0.09825547118460728,0.765957859200767
XOM,lightgbm,1,2019-12-31,0,-1,0.9267981296778741,0.00287678789383048,0.0703250824282955,0.8564730472495786
XOM,lightgbm,1,2020-01-02,0,-1,0.8211650770740664,0.0003577012208470471,0.17847722170508654,0.6426878553689799
XOM,lightgbm,1,2020-01-03,0,0,0.9792938510370544,0.013834736922191556,0.013834736922191556,0.9654591141148628
XOM,lightgbm,1,2020-01-06,0,-1,0.7579672827693253,0.006683657430889821,0.23534905979978482,0.5226182229695405
XOM,lightgbm,1,2020-01-07,0,0,0.9750426390495481,0.02310380242160287,0.02310380242160287,0.9519388366279453
XOM,lightgbm,1,2020-01-08,0,0,0.9994798000047029,0.0002656823458091326,0.0002656823458091326,0.9992141176588938
XOM,lightgbm,1,2020-01-09,0,0,0.8415420243021638,0.15707407709081336,0.15707407709081336,0.6844679472113505
XOM,lightgbm,1,2020-01-10,0,0,0.9969562470215159,0.002937314924529435,0.002937314924529435,0.9940189320969864
XOM,lightgbm,1,2020-01-13,-1,0,0.9967088151219397,0.0020907792671019548,0.0020907792671019548,0.9946180358548377
XOM,lightgbm,1,2020-01-14,-1,0,0.9595076044447023,0.003975395485529984,0.03651700006976764,0.9229906043749346
XOM,lightgbm,1,2020-01-15,-1,0,0.9691853653099404,0.0035733374625849783,0.02724129722747461,0.9419440680824658
XOM,lightgbm,1,2020-01-16,-1,0,0.9969152371191806,0.0015939687393508157,0.0015939687393508157,0.9953212683798298
XOM,lightgbm,1,2020-01-17,-1,0,0.9904546861893381,0.0022717744249730774,0.007273539385688872,0.9831811468036492
XOM,lightgbm,1,2020-01-21,-1,0,0.994583460130964,0.002594225543135921,0.0028223143259001188,0.9917611458050639
XOM,lightgbm,1,2020-01-22,-1,0,0.9887708861462289,0.0029192688386078715,0.008309845015163297,0.9804610411310656
XOM,lightgbm,1,2020-01-23,-1,0,0.9449500322026828,0.00762875640129847,0.04742121139601876,0.8975288208066641
XOM,lightgbm,1,2020-01-24,-1,-1,0.9698611039104269,8.186875855362727e-05,0.030057027331019393,0.9398040765794076
XOM,lightgbm,1,2020-01-27,-1,0,0.807938346926085,0.19060163044857314,0.19060163044857314,0.6173367164775119
XOM,lightgbm,1,2020-01-28,-1,0,0.9905839224600071,0.00511082981136391,0.00511082981136391,0.9854730926486432
XOM,lightgbm,1,2020-01-29,-1,0,0.9034863831344051,0.08305176508217385,0.08305176508217385,0.8204346180522313
XOM,lightgbm,1,2020-01-30,-1,1,0.590120097585947,0.590120097585947,0.3335184892421309,0.25660160834381607
XOM,lightgbm,1,2020-01-31,0,0,0.6758964447475277,0.3192021560527382,0.3192021560527382,0.35669428869478953
XOM,lightgbm,1,2020-02-03,0,0,0.735448619128514,0.2621187455801187,0.2621187455801187,0.4733298735483953
XOM,lightgbm,1,2020-02-04,1,0,0.8096500031888907,0.1715619995622639,0.1715619995622639,0.6380880036266268
XOM,lightgbm,1,2020-02-05,0,0,0.47452142054161545,0.44100029698030196,0.44100029698030196,0.03352112356131348
XOM,lightgbm,1,2020-02-06,0,1,0.9944630204491595,0.9944630204491595,0.003544058541880014,0.9909189619072795
XOM,lightgbm,1,2020-02-07,0,1,0.8903418635089545,0.8903418635089545,0.05556909732155711,0.8347727661873974
XOM,lightgbm,1,2020-02-10,0,1,0.9461636199883035,0.9461636199883035,0.045974843885703096,0.9001887761026004
XOM,lightgbm,1,2020-02-11,0,0,0.7248216616353015,0.23033957760309634,0.23033957760309634,0.49448208403220517
XOM,lightgbm,1,2020-02-12,-1,1,0.6310481493069698,0.6310481493069698,0.29749548229123995,0.3335526670157299
XOM,lightgbm,1,2020-02-13,-1,1,0.7054014678634213,0.7054014678634213,0.241970463850289,0.4634310040131323
XOM,lightgbm,1,2020-02-14,-1,1,0.734284447604401,0.734284447604401,0.24527670581352118,0.48900774179087986
XOM,lightgbm,1,2020-02-18,-1,0,0.5938913739084534,0.394684271717753,0.394684271717753,0.19920710219070037
XOM,lightgbm,1,2020-02-19,-1,0,0.5750498624117996,0.3919952006691205,0.3919952006691205,0.18305466174267904
XOM,lightgbm,1,2020-02-20,-1,0,0.9283799428532521,0.06533761603130628,0.06533761603130628,0.8630423268219458
XOM,lightgbm,1,2020-02-21,-1,1,0.6978469089562322,0.6978469089562322,0.2986933861074037,0.39915352284882855
XOM,lightgbm,1,2020-02-24,-1,1,0.7591414090235199,0.7591414090235199,0.2344821598487523,0.5246592491747676
XOM,lightgbm,1,2020-02-25,-1,1,0.9225831939496536,0.9225831939496536,0.07678426173557246,0.8457989322140811
XOM,lightgbm,1,2020-02-26,0,1,0.9863662862174052,0.9863662862174052,0.013228614617029876,0.9731376716003753
XOM,lightgbm,1,2020-02-27,0,1,0.9472561089239112,0.9472561089239112,0.052245316895582684,0.8950107920283286
XOM,lightgbm,1,2020-02-28,-1,1,0.86007307095588,0.86007307095588,0.13671763662370448,0.7233554343321755
XOM,lightgbm,1,2020-03-02,-1,1,0.7962039148706829,0.7962039148706829,0.20133463779803948,0.5948692770726434
XOM,lightgbm,1,2020-03-03,-1,1,0.7668838005200248,0.7668838005200248,0.14547902683583525,0.6214047736841896
XOM,lightgbm,1,2020-03-04,-1,1,0.9217022361459272,0.9217022361459272,0.04584860467870824,0.875853631467219
XOM,lightgbm,1,2020-03-05,-1,0,0.6317580898165827,0.2956347108070179,0.2956347108070179,0.33612337900956474
XOM,lightgbm,1,2020-03-06,-1,1,0.7016476913426617,0.7016476913426617,0.28319296499430785,0.41845472634835384
XOM,lightgbm,1,2020-03-09,-1,1,0.681736943540563,0.681736943540563,0.30394153281276226,0.37779541072780076
XOM,lightgbm,1,2020-03-10,-1,1,0.7598349311707647,0.7598349311707647,0.22211680059067188,0.5377181305800929
XOM,lightgbm,1,2020-03-11,-1,1,0.9808859160970879,0.9808859160970879,0.017405734980254384,0.9634801811168334
XOM,lightgbm,1,2020-03-12,-1,1,0.715469996146291,0.715469996146291,0.26949983633032354,0.4459701598159675
XOM,lightgbm,1,2020-03-13,-1,0,0.7799510566760147,0.16681934021739922,0.16681934021739922,0.6131317164586155
XOM,lightgbm,1,2020-03-16,-1,1,0.9845867734318658,0.9845867734318658,0.01290254147896809,0.9716842319528978
XOM,lightgbm,1,2020-03-17,-1,1,0.8026036639416103,0.8026036639416103,0.18651193914272032,0.61609172479889
XOM,lightgbm,1,2020-03-18,1,1,0.681736943540563,0.681736943540563,0.30394153281276226,0.37779541072780076
XOM,lightgbm,1,2020-03-19,1,1,0.9484689442744899,0.9484689442744899,0.030333077695132556,0.9181358665793573
XOM,lightgbm,1,2020-03-20,1,1,0.5400407370691059,0.5400407370691059,0.3533771663858142,0.18666357068329176
XOM,lightgbm,1,2020-03-23,1,1,0.9644576216130798,0.9644576216130798,0.032617388274079895,0.9318402333389999
XOM,lightgbm,1,2020-03-24,1,1,0.8459294701850736,0.8459294701850736,0.15084725852418115,0.6950822116608925
XOM,lightgbm,1,2020-03-25,0,0,0.524808033565821,0.47375775451698443,0.47375775451698443,0.05105027904883652
XOM,lightgbm,1,2020-03-26,1,1,0.5301422934464776,0.5301422934464776,0.46784690234575393,0.06229539110072363
XOM,lightgbm,1,2020-03-27,1,1,0.9805220648813989,0.9805220648813989,0.017965765615409662,0.9625562992659893
XOM,lightgbm,1,2020-03-30,1,1,0.9203227717022625,0.9203227717022625,0.0749365199088449,0.8453862517934176
XOM,lightgbm,1,2020-03-31,1,1,0.4550594211776499,0.4550594211776499,0.43054767683873435,0.024511744338915564
XOM,lightgbm,1,2020-04-01,1,1,0.9874021895209268,0.9874021895209268,0.007106042863554169,0.9802961466573726
XOM,lightgbm,1,2020-04-02,1,0,0.9720879230773961,0.02396624112459577,0.02396624112459577,0.9481216819528003
XOM,lightgbm,1,2020-04-03,1,1,0.7262196886362912,0.7262196886362912,0.1526949687560568,0.5735247198802343
XOM,lightgbm,1,2020-04-06,1,0,0.8466249044589245,0.14765728376085308,0.14765728376085308,0.6989676206980714
XOM,lightgbm,1,2020-04-07,0,0,0.9766133584858537,0.012862993546937517,0.012862993546937517,0.9637503649389162
XOM,lightgbm,1,2020-04-08,-1,0,0.7983201002765012,0.1968536960773861,0.1968536960773861,0.6014664041991151
XOM,lightgbm,1,2020-04-09,0,0,0.9589786076749237,0.03436144342753081,0.03436144342753081,0.9246171642473929
XOM,lightgbm,1,2020-04-13,-1,0,0.599498420514722,0.32814457968121785,0.32814457968121785,0.27135384083350417
XOM,lightgbm,1,2020-04-14,-1,0,0.9567237446527149,0.02921323980985126,0.02921323980985126,0.9275105048428637
XOM,lightgbm,1,2020-04-15,1,0,0.7564867826538593,0.21239508191073275,0.21239508191073275,0.5440917007431265
XOM,lightgbm,1,2020-04-16,1,0,0.6519021409401704,0.09148979400122621,0.25660806505860345,0.39529407588156695
XOM,lightgbm,1,2020-04-17,0,0,0.9778800526760786,0.013464471192388302,0.013464471192388302,0.9644155814836903
XOM,lightgbm,1,2020-04-20,1,1,0.9280159793261507,0.9280159793261507,0.04653903120337777,0.8814769481227729
XOM,lightgbm,1,2020-04-21,1,1,0.954890057914581,0.954890057914581,0.0359030983376671,0.9189869595769139
XOM,lightgbm,1,2020-04-22,1,0,0.9784897867267532,0.016554844249985344,0.016554844249985344,0.9619349424767679
XOM,lightgbm,1,2020-04-23,1,0,0.9981667489421228,0.0007436946680533704,0.0010895563898239956,0.9970771925522988
XOM,lightgbm,1,2020-04-24,0,1,0.5719959188591525,0.5719959188591525,0.4033183450248201,0.16867757383433235
XOM,lightgbm,1,2020-04-27,1,0,0.9782299344751694,0.019120871464615465,0.019120871464615465,0.9591090630105539
XOM,lightgbm,1,2020-04-28,0,0,0.9800665923020563,0.015201910959373514,0.015201910959373514,0.9648646813426828
XOM,lightgbm,1,2020-04-29,-1,0,0.9962946369226823,0.003042960174300735,0.003042960174300735,0.9932516767483816
XOM,lightgbm,1,2020-04-30,-1,0,0.9897069486081161,0.006350673477887249,0.006350673477887249,0.9833562751302289
XOM,lightgbm,1,2020-05-01,1,0,0.5638007622311192,0.011395941470406514,0.4248032962984743,0.1389974659326449
XOM,lightgbm,1,2020-05-04,0,-1,0.7117842155838712,0.07399747910938564,0.21421830530674327,0.49756591027712793
XOM,lightgbm,1,2020-05-05,0,0,0.6158718199387635,0.20236524210825696,0.20236524210825696,0.41350657783050654
XOM,lightgbm,1,2020-05-06,-1,0,0.5051301520404904,0.04826601530030798,0.44660383265920167,0.058526319381288716
XOM,lightgbm,1,2020-05-07,-1,-1,0.5216015034924242,0.045027486487268335,0.4333710100203075,0.0882304934721167
XOM,lightgbm,1,2020-05-08,-1,0,0.9985910085318279,0.001009921909621416,0.001009921909621416,0.9975810866222065
XOM,lightgbm,1,2020-05-11,0,0,0.9308592683633553,0.04769009300344065,0.04769009300344065,0.8831691753599147
XOM,lightgbm,1,2020-05-12,0,0,0.9447144630440344,0.009993609089109718,0.04529192786685584,0.8994225351771785
XOM,lightgbm,1,2020-05-13,1,1,0.4833478549028612,0.4833478549028612,0.34608818550163184,0.13725966940122936
XOM,lightgbm,1,2020-05-14,1,1,0.7768679620691913,0.7768679620691913,0.1735649016532387,0.6033030604159526
XOM,lightgbm,1,2020-05-15,1,-1,0.6727553799533699,0.0042731664516414735,0.32297145359498874,0.3497839263583811
XOM,lightgbm,1,2020-05-18,0,0,0.9745771103317288,0.015504689610037295,0.015504689610037295,0.9590724207216915
XOM,lightgbm,1,2020-05-19,1,0,0.8064797939615007,0.13687478652288484,0.13687478652288484,0.6696050074386158
XOM,lightgbm,1,2020-05-20,0,0,0.9985707227885389,0.0011315098170645614,0.0011315098170645614,0.9974392129714743
XOM,lightgbm,1,2020-05-21,1,0,0.9688639813097164,0.0008339537775766871,0.03030206491270699,0.9385619163970094
XOM,lightgbm,1,2020-05-22,1,0,0.9834239179877321,0.0077941312100213486,0.008781950802246556,0.9746419671854856
XOM,lightgbm,1,2020-05-26,1,0,0.9975613611470532,0.002074882459516442,0.002074882459516442,0.9954864786875367
XOM,lightgbm,1,2020-05-27,1,0,0.9948209627420698,0.0017778492810542608,0.003401187976875896,0.9914197747651938
XOM,lightgbm,1,2020-05-28,1,-1,0.8680834320918286,0.003649024146782074,0.1282675437613893,0.7398158883304393
XOM,lightgbm,1,2020-05-29,1,0,0.5810365477144166,0.005427880228296034,0.4135355720572875,0.16750097565712907
XOM,lightgbm,1,2020-06-01,1,0,0.8698978247151485,0.08312031039615919,0.08312031039615919,0.7867775143189893
XOM,lightgbm,1,2020-06-02,1,0,0.9612568944587261,0.022705929477713556,0.022705929477713556,0.9385509649810125
XOM,lightgbm,1,2020-06-03,1,0,0.9819827729339317,0.015071470269188498,0.015071470269188498,0.9669113026647431
XOM,lightgbm,1,2020-06-04,-1,0,0.8884763667528488,0.10987877504307368,0.10987877504307368,0.7785975917097752
XOM,lightgbm,1,2020-06-05,-1,0,0.9968213072810862,0.0016391990713353639,0.0016391990713353639,0.9951821082097508
XOM,lightgbm,1,2020-06-08,-1,0,0.9896767699593757,0.009010458347892533,0.009010458347892533,0.9806663116114832
XOM,lightgbm,1,2020-06-09,-1,0,0.8996851250294821,0.0979266561445985,0.0979266561445985,0.8017584688848836
XOM,lightgbm,1,2020-06-10,-1,0,0.9331216885260712,0.01539053835402428,0.05148777311990445,0.8816339154061668
XOM,lightgbm,1,2020-06-11,0,0,0.9557877921877888,0.03293953923992773,0.03293953923992773,0.922848252947861
XOM,lightgbm,1,2020-06-12,-1,0,0.8515341124501765,0.012585264663594187,0.13588062288622926,0.7156534895639473
XOM,lightgbm,1,2020-06-15,0,0,0.8521767497732899,0.12633350706090826,0.12633350706090826,0.7258432427123817
XOM,lightgbm,1,2020-06-16,-1,0,0.9109503990586659,0.010469507855063407,0.07858009308627058,0.8323703059723954
XOM,lightgbm,1,2020-06-17,-1,1,0.5280363083102002,0.5280363083102002,0.43537093658586634,0.09266537172433387
XOM,lightgbm,1,2020-06-18,-1,1,0.6484930358810146,0.6484930358810146,0.3338153311670199,0.3146777047139947
XOM,lightgbm,1,2020-06-19,-1,-1,0.7558532247213162,0.07180308266721953,0.17234369261146434,0.5835095321098519
XOM,lightgbm,1,2020-06-22,-1,1,0.7196563592208606,0.7196563592208606,0.18928284716110821,0.5303735120597524
XOM,lightgbm,1,2020-06-23,-1,1,0.8439763283675086,0.8439763283675086,0.11705959216889035,0.7269167361986182
XOM,lightgbm,1,2020-06-24,0,-1,0.8694673705464573,0.009498902617812862,0.12103372683572983,0.7484336437107275
XOM,lightgbm,1,2020-06-25,-1,-1,0.5111532938169627,0.19866574436794487,0.2901809618150925,0.22097233200187022
XOM,lightgbm,1,2020-06-26,0,-1,0.8356467532797313,0.007092628137966908,0.15726061858230178,0.6783861346974295
XOM,lightgbm,1,2020-06-29,-1,0,0.5018965850473444,0.03263841928540119,0.4654649956672545,0.036431589380089835
XOM,lightgbm,1,2020-06-30,-1,-1,0.9652772625405417,0.005811189267077039,0.028911548192381467,0.9363657143481602
XOM,lightgbm,1,2020-07-01,-1,-1,0.7794121445066582,0.06901349409714364,0.1515743613961982,0.62783778311046
XOM,lightgbm,1,2020-07-02,-1,-1,0.7884772722830481,0.08739923461531052,0.12412349310164125,0.6643537791814068
XOM,lightgbm,1,2020-07-06,-1,-1,0.7717206249513915,0.04475334675941632,0.18352602828919223,0.5881945966621993
XOM,lightgbm,1,2020-07-07,0,1,0.7034350149459186,0.7034350149459186,0.1913788149889545,0.5120561999569642
XOM,lightgbm,1,2020-07-08,1,1,0.7199569292577312,0.7199569292577312,0.23675938552394227,0.483197543733789
XOM,lightgbm,1,2020-07-09,1,1,0.6553084664740537,0.6553084664740537,0.21778560897168106,0.43752285750237263
XOM,lightgbm,1,2020-07-10,1,-1,0.7179346564967143,0.1255150405519094,0.1565503029513762,0.5613843535453381
XOM,lightgbm,1,2020-07-13,0,1,0.5294600251706053,0.5294600251706053,0.3383207895530345,0.1911392356175708
XOM,lightgbm,1,2020-07-14,0,0,0.6036909915979328,0.006025399186051624,0.3902836092160156,0.2134073823819172
XOM,lightgbm,1,2020-07-15,-1,0,0.9322984880599218,0.020229708551542932,0.04747180338853542,0.8848266846713864
XOM,lightgbm,1,2020-07-16,0,0,0.9471871613091153,0.005623170073347444,0.047189668617537095,0.8999974926915781
XOM,lightgbm,1,2020-07-17,0,-1,0.8676167624155816,0.0036852505822775857,0.12869798700214075,0.7389187754134409
XOM,lightgbm,1,2020-07-20,1,-1,0.3887708606772617,0.3272953422716522,0.3272953422716522,0.0614755184056095
XOM,lightgbm,1,2020-07-21,-1,-1,0.8975703653378669,0.001980965278759997,0.10044866938337296,0.797121695954494
XOM,lightgbm,1,2020-07-22,0,0,0.8277906715158413,0.08769196129416375,0.08769196129416375,0.7400987102216775
XOM,lightgbm,1,2020-07-23,-1,0,0.4899992826792198,0.18714848015087462,0.3228522371699055,0.1671470455093143
XOM,lightgbm,1,2020-07-24,-1,0,0.7415737830291637,0.0037033767425625574,0.2547228402282738,0.48685094280088986
XOM,lightgbm,1,2020-07-27,-1,0,0.9600475155570535,0.02145708391192784,0.02145708391192784,0.9385904316451257
XOM,lightgbm,1,2020-07-28,0,1,0.7727644343271802,0.7727644343271802,0.1518508119048009,0.6209136224223794
XOM,lightgbm,1,2020-07-29,0,0,0.8654070206042257,0.12903834131302375,0.12903834131302375,0.736368679291202
XOM,lightgbm,1,2020-07-30,1,1,0.8269733590084791,0.8269733590084791,0.11777114500732407,0.709202214001155
XOM,lightgbm,1,2020-07-31,1,1,0.9053832569728296,0.9053832569728296,0.050589654899385314,0.8547936020734443
XOM,lightgbm,1,2020-08-03,1,1,0.8985531235510189,0.8985531235510189,0.05391883516136287,0.844634288389656
XOM,lightgbm,1,2020-08-04,1,0,0.8207387786513136,0.11863803603205071,0.11863803603205071,0.7021007426192629
XOM,lightgbm,1,2020-08-05,1,1,0.9954065404792152,0.9954065404792152,0.004352142140296251,0.991054398338919
XOM,lightgbm,1,2020-08-06,0,1,0.6851776474576774,0.6851776474576774,0.3146862423426919,0.3704914051149855
XOM,lightgbm,1,2020-08-07,0,1,0.9909539010307805,0.9909539010307805,0.008954902532195198,0.9819989984985853
XOM,lightgbm,1,2020-08-10,-1,0,0.9449046660373132,0.046083116740565845,0.046083116740565845,0.8988215492967473
XOM,lightgbm,1,2020-08-11,-1,1,0.7338286150910398,0.7338286150910398,0.2534917502795857,0.4803368648114541
XOM,lightgbm,1,2020-08-12,-1,1,0.7350340551665044,0.7350340551665044,0.2506183007803954,0.48441575438610907
XOM,lightgbm,1,2020-08-13,-1,1,0.5520820421939385,0.5520820421939385,0.276560143210449,0.2755218989834895
XOM,lightgbm,1,2020-08-14,-1,1,0.9389434857707576,0.9389434857707576,0.05864572069440464,0.8802977650763529
XOM,lightgbm,1,2020-08-17,0,1,0.530938082630705,0.530938082630705,0.46761473986728674,0.06332334276341822
XOM,lightgbm,1,2020-08-18,-1,0,0.6477250789903148,0.057464656098831904,0.2948102649108532,0.3529148140794616
XOM,lightgbm,1,2020-08-19,-1,0,0.967024183406361,0.01748146259301332,0.01748146259301332,0.9495427208133477
XOM,lightgbm,1,2020-08-20,-1,0,0.44939404809082656,0.23836083650026182,0.31224511540891164,0.13714893268191491
XOM,lightgbm,1,2020-08-21,0,0,0.6152409038024714,0.15562481772854334,0.22913427846898526,0.38610662533348616
XOM,lightgbm,1,2020-08-24,-1,0,0.8764863109044525,0.005662645712161722,0.11785104338338578,0.7586352675210667
XOM,lightgbm,1,2020-08-25,-1,-1,0.7346518635705905,0.033189846341447685,0.23215829008796174,0.5024935734826288
XOM,lightgbm,1,2020-08-26,-1,0,0.5465119479323295,0.07846835197906117,0.37501970008860935,0.17149224784372014
XOM,lightgbm,1,2020-08-27,0,0,0.7262260990715294,0.15076915580250866,0.15076915580250866,0.5754569432690206
XOM,lightgbm,1,2020-08-28,-1,0,0.5122526090105136,0.01685731029405871,0.4708900806954276,0.04136252831508602
XOM,lightgbm,1,2020-08-31,-1,0,0.4915736923841947,0.09224074887487205,0.41618555874093316,0.07538813364326152
XOM,lightgbm,1,2020-09-01,-1,0,0.7124538856754741,0.27616354912169727,0.27616354912169727,0.4362903365537768
XOM,lightgbm,1,2020-09-02,-1,0,0.8924382882307177,0.10080189421468536,0.10080189421468536,0.7916363940160324
XOM,lightgbm,1,2020-09-03,-1,0,0.9694435787611966,0.018967259208849722,0.018967259208849722,0.9504763195523469
XOM,lightgbm,1,2020-09-04,-1,0,0.7601225820043799,0.1600240462218608,0.1600240462218608,0.600098535782519
XOM,lightgbm,1,2020-09-08,-1,1,0.7696308215133992,0.7696308215133992,0.16978085118743827,0.599849970325961
XOM,lightgbm,1,2020-09-09,0,0,0.7758766966927247,0.15907810422699814,0.15907810422699814,0.6167985924657267
XOM,lightgbm,1,2020-09-10,1,0,0.5196714048301184,0.4488582581170152,0.4488582581170152,0.07081314671310324
XOM,lightgbm,1,2020-09-11,0,1,0.8403896978509025,0.8403896978509025,0.15302861867907683,0.6873610791718257
XOM,lightgbm,1,2020-09-14,0,0,0.9366520475381183,0.06284583218791198,0.06284583218791198,0.8738062153502063
XOM,lightgbm,1,2020-09-15,-1,0,0.9177542587040555,0.07382425525745873,0.07382425525745873,0.8439300034465967
XOM,lightgbm,1,2020-09-16,-1,0,0.6040789801598438,0.3411005062574727,0.3411005062574727,0.26297847390237117
XOM,lightgbm,1,2020-09-17,-1,1,0.9416989650820249,0.9416989650820249,0.042423729390289704,0.8992752356917352
XOM,lightgbm,1,2020-09-18,-1,0,0.5557715022665466,0.3478765461845213,0.3478765461845213,0.2078949560820253
XOM,lightgbm,1,2020-09-21,-1,1,0.7598471872436482,0.7598471872436482,0.2212139403258571,0.5386332469177911
XOM,lightgbm,1,2020-09-22,-1,0,0.6077233312204385,0.25941356591492765,0.25941356591492765,0.3483097653055109
XOM,lightgbm,1,2020-09-23,0,1,0.5827688389217405,0.5827688389217405,0.4095887324293365,0.17318010649240395
XOM,lightgbm,1,2020-09-24,-1,1,0.9273462964535202,0.9273462964535202,0.07117690208370323,0.856169394369817
XOM,lightgbm,1,2020-09-25,-1,1,0.525060013467632,0.525060013467632,0.44756318674159634,0.07749682672603564
XOM,lightgbm,1,2020-09-28,-1,1,0.4809671945176159,0.4809671945176159,0.3333713879043336,0.14759580661328225
XOM,lightgbm,1,2020-09-29,-1,1,0.8810534216911651,0.8810534216911651,0.09014869911690752,0.7909047225742576
XOM,lightgbm,1,2020-09-30,-1,1,0.8002098038012947,0.8002098038012947,0.18888471854858263,0.6113250852527121
XOM,lightgbm,1,2020-10-01,1,1,0.5397298023702747,0.5397298023702747,0.42974222679806634,0.10998757557220834
XOM,lightgbm,1,2020-10-02,1,1,0.7104906798739141,0.7104906798739141,0.2877987087425425,0.42269197113137164
XOM,lightgbm,1,2020-10-05,1,0,0.7955849107706371,0.19494308705500585,0.19494308705500585,0.6006418237156312
XOM,lightgbm,1,2020-10-06,1,1,0.8241370718345317,0.8241370718345317,0.11201304329372216,0.7121240285408095
XOM,lightgbm,1,2020-10-07,0,1,0.5520538608486777,0.5520538608486777,0.441368069987044,0.11068579086163371
XOM,lightgbm,1,2020-10-08,-1,0,0.9786982016073186,0.00980730577475171,0.011494492617929746,0.9672037089893888
XOM,lightgbm,1,2020-10-09,0,0,0.9432500420513263,0.014594456570771828,0.04215550137790189,0.9010945406734244
XOM,lightgbm,1,2020-10-12,-1,0,0.9396167307523429,0.049794208995254614,0.049794208995254614,0.8898225217570882
XOM,lightgbm,1,2020-10-13,0,0,0.6819929370989006,0.15574050274946627,0.16226656015163313,0.5197263769472675
XOM,lightgbm,1,2020-10-14,-1,1,0.4582004756359017,0.4582004756359017,0.4564199135746353,0.001780562061266422
XOM,lightgbm,1,2020-10-15,0,1,0.779953041274388,0.779953041274388,0.14607462227313062,0.6338784190012574
XOM,lightgbm,1,2020-10-16,0,1,0.5378411791047352,0.5378411791047352,0.234371778850076,0.3034694002546592
XOM,lightgbm,1,2020-10-19,0,-1,0.5692542055604625,0.20708043917024327,0.22366535526929418,0.34558885029116826
XOM,lightgbm,1,2020-10-20,-1,0,0.8663626513650708,0.12957877776375146,0.12957877776375146,0.7367838736013194
XOM,lightgbm,1,2020-10-21,-1,0,0.806784838391915,0.1907823051128056,0.1907823051128056,0.6160025332791094
XOM,lightgbm,1,2020-10-22,-1,0,0.9088125936770629,0.08192664761368354,0.08192664761368354,0.8268859460633794
XOM,lightgbm,1,2020-10-23,-1,0,0.5217036182590343,0.29349513128686494,0.29349513128686494,0.2282084869721694
XOM,lightgbm,1,2020-10-26,0,0,0.6857098614443718,0.14784791924285315,0.16644221931277492,0.5192676421315969
XOM,lightgbm,1,2020-10-27,0,0,0.6369788918534718,0.3621337564572251,0.3621337564572251,0.27484513539624666
XOM,lightgbm,1,2020-10-28,1,1,0.8303687551856872,0.8303687551856872,0.16308249746914855,0.6672862577165386
XOM,lightgbm,1,2020-10-29,0,1,0.4593151857128803,0.4593151857128803,0.2984664575567324,0.16084872815614792
XOM,lightgbm,1,2020-10-30,0,1,0.9491829834730712,0.9491829834730712,0.03585440937182246,0.9133285741012487
XOM,lightgbm,1,2020-11-02,1,0,0.875721874941788,0.1229153400712866,0.1229153400712866,0.7528065348705014
XOM,lightgbm,1,2020-11-03,1,0,0.6268482360175273,0.2694173144718599,0.2694173144718599,0.35743092154566736
XOM,lightgbm,1,2020-11-04,1,0,0.962017823965666,0.029972855448958953,0.029972855448958953,0.932044968516707
XOM,lightgbm,1,2020-11-05,1,0,0.6815009632018716,0.00789157928642584,0.31060745751170254,0.37089350569016905
XOM,lightgbm,1,2020-11-06,1,-1,0.6841516870911495,0.010742923226525484,0.30510538968232503,0.37904629740882445
XOM,lightgbm,1,2020-11-09,1,0,0.9945291643197336,0.0023779963006253747,0.0030928393796410673,0.9914363249400925
XOM,lightgbm,1,2020-11-10,1,0,0.9977447670577864,0.0013718827133047582,0.0013718827133047582,0.9963728843444816
XOM,lightgbm,1,2020-11-11,1,0,0.5211386651681507,0.47803645840352793,0.47803645840352793,0.04310220676462273
XOM,lightgbm,1,2020-11-12,1,0,0.5159937532598993,0.47342488269005184,0.47342488269005184,0.04256887056984743
XOM,lightgbm,1,2020-11-13,1,0,0.9683021281084744,0.028879518649870897,0.028879518649870897,0.9394226094586035
XOM,lightgbm,1,2020-11-16,1,0,0.995537922539061,0.004199875524814118,0.004199875524814118,0.9913380470142469
XOM,lightgbm,1,2020-11-17,1,0,0.8685974977533053,0.1305066186539286,0.1305066186539286,0.7380908790993768
XOM,lightgbm,1,2020-11-18,1,0,0.9604685388435021,0.022476926523641402,0.022476926523641402,0.9379916123198607
XOM,lightgbm,1,2020-11-19,1,0,0.7972815783323828,0.20166125197505597,0.20166125197505597,0.5956203263573268
XOM,lightgbm,1,2020-11-20,1,1,0.5194363870314758,0.5194363870314758,0.4794776529751011,0.03995873405637468
XOM,lightgbm,1,2020-11-23,-1,0,0.9580578203578438,0.02484258616033555,0.02484258616033555,0.9332152341975083
XOM,lightgbm,1,2020-11-24,-1,0,0.9783196850339116,0.015609694268164848,0.015609694268164848,0.9627099907657468
XOM,lightgbm,1,2020-11-25,0,0,0.895946853479402,0.09973781051912597,0.09973781051912597,0.796209042960276
XOM,lightgbm,1,2020-11-27,1,0,0.9413805333306848,0.048142809672968946,0.048142809672968946,0.8932377236577159
XOM,lightgbm,1,2020-11-30,1,0,0.9927860770213431,0.005973336871045752,0.005973336871045752,0.9868127401502974
XOM,lightgbm,1,2020-12-01,1,0,0.9754118883976848,0.01334011025392468,0.01334011025392468,0.9620717781437601
XOM,lightgbm,1,2020-12-02,1,0,0.9010052410660877,0.04828238818510201,0.05071237074881027,0.8502928703172774
XOM,lightgbm,1,2020-12-03,1,1,0.7996239635205459,0.7996239635205459,0.18376752729983714,0.6158564362207087
XOM,lightgbm,1,2020-12-04,1,0,0.7790013911204345,0.21754795021123285,0.21754795021123285,0.5614534409092017
XOM,lightgbm,1,2020-12-07,1,0,0.9246021372906013,0.064495628015311,0.064495628015311,0.8601065092752902
XOM,lightgbm,1,2020-12-08,0,0,0.9892835214474356,0.009525575059649441,0.009525575059649441,0.9797579463877861
XOM,lightgbm,1,2020-12-09,1,0,0.9992808629485137,0.0006226415821324388,0.0006226415821324388,0.9986582213663813
XOM,lightgbm,1,2020-12-10,0,0,0.9964166496196,0.0023762122492561343,0.0023762122492561343,0.9940404373703439
XOM,lightgbm,1,2020-12-11,-1,0,0.9837493677785408,0.015013782113512304,0.015013782113512304,0.9687355856650285
XOM,lightgbm,1,2020-12-14,0,0,0.9299858332901297,0.006312841099754521,0.06370132561011568,0.8662845076800141
XOM,lightgbm,1,2020-12-15,-1,0,0.7610463377072705,0.19910500616908702,0.19910500616908702,0.5619413315381835
XOM,lightgbm,1,2020-12-16,-1,0,0.8905482347979417,0.0960243226929079,0.0960243226929079,0.7945239121050337
XOM,lightgbm,1,2020-12-17,-1,1,0.7003168215897871,0.7003168215897871,0.29091858530082165,0.4093982362889655
XOM,lightgbm,1,2020-12-18,-1,0,0.8433701520578428,0.15113317606854576,0.15113317606854576,0.692236975989297
XOM,lightgbm,1,2020-12-21,0,0,0.9825426615587783,0.013247798561542474,0.013247798561542474,0.9692948629972359
XOM,lightgbm,1,2020-12-22,0,1,0.6461900484875251,0.6461900484875251,0.35230944528485986,0.2938806032026653
XOM,lightgbm,1,2020-12-23,0,0,0.8481552100034498,0.012666083655279487,0.13917870634127077,0.7089765036621791
XOM,lightgbm,1,2020-12-24,0,1,0.8101793811824674,0.8101793811824674,0.18611373375062384,0.6240656474318436
XOM,lightgbm,1,2020-12-28,1,1,0.672186391253022,0.672186391253022,0.3251002989161009,0.3470860923369211
XOM,lightgbm,1,2020-12-29,1,1,0.5742755125495,0.5742755125495,0.42545089852889634,0.1488246140206037
XOM,lightgbm,1,2020-12-30,1,0,0.9736652268079702,0.02234224159544638,0.02234224159544638,0.9513229852125238
XOM,lightgbm,1,2020-12-31,1,0,0.7805973934158313,0.18237382714777967,0.18237382714777967,0.5982235662680517
XOM,lightgbm,1,2021-01-04,1,0,0.9781435153877412,0.0032398786568037055,0.018616605955455015,0.9595269094322862
XOM,lightgbm,1,2021-01-05,1,0,0.9914881244574919,0.0032338229131965543,0.005278052629311472,0.9862100718281804
XOM,lightgbm,1,2021-01-06,1,0,0.99536697916907,0.004395808577871818,0.004395808577871818,0.9909711705911982
XOM,lightgbm,1,2021-01-07,1,0,0.8601709121200772,0.13959549524911877,0.13959549524911877,0.7205754168709585
XOM,lightgbm,1,2021-01-08,1,0,0.8673408743106757,0.13220913521372685,0.13220913521372685,0.735131739096949
XOM,lightgbm,1,2021-01-11,1,0,0.9780098858047556,0.02019148772558848,0.02019148772558848,0.9578183980791671
XOM,lightgbm,1,2021-01-12,1,0,0.9916328285230093,0.008035181058743512,0.008035181058743512,0.9835976474642658
XOM,lightgbm,1,2021-01-13,0,0,0.9790458832766095,0.020570634284899456,0.020570634284899456,0.95847524899171
XOM,lightgbm,1,2021-01-14,-1,0,0.9980364617987985,0.0008412487904588599,0.0011222894107428259,0.9969141723880557
XOM,lightgbm,1,2021-01-15,-1,0,0.9870102856465574,0.006022341287218308,0.006967373066224339,0.980042912580333
XOM,lightgbm,1,2021-01-19,-1,0,0.9922580984186207,0.001666737040573642,0.006075164540805658,0.986182933877815
XOM,lightgbm,1,2021-01-20,-1,0,0.5540766547240719,0.44052110806101763,0.44052110806101763,0.11355554666305423
XOM,lightgbm,1,2021-01-21,-1,0,0.9594180046394154,0.005571746493800224,0.03501024886678432,0.9244077557726311
XOM,lightgbm,1,2021-01-22,-1,0,0.9728434148825952,0.025551945668293333,0.025551945668293333,0.9472914692143019
XOM,lightgbm,1,2021-01-25,-1,0,0.9913573555149419,0.00824963207021983,0.00824963207021983,0.9831077234447221
XOM,lightgbm,1,2021-01-26,0,0,0.9839844331580433,0.007122523954397412,0.008893042887559465,0.9750913902704839
XOM,lightgbm,1,2021-01-27,1,0,0.8074585298047182,0.1791830616514028,0.1791830616514028,0.6282754681533154
XOM,lightgbm,1,2021-01-28,1,0,0.7910216012186031,0.1273474391455175,0.1273474391455175,0.6636741620730856
XOM,lightgbm,1,2021-01-29,1,1,0.730249864767145,0.730249864767145,0.1960081798538365,0.5342416849133085
XOM,lightgbm,1,2021-02-01,1,1,0.8959044583534514,0.8959044583534514,0.06666547246786508,0.8292389858855864
XOM,lightgbm,1,2021-02-02,1,0,0.6721524585395781,0.17762783791583817,0.17762783791583817,0.4945246206237399
XOM,lightgbm,1,2021-02-03,1,0,0.9932703059398088,0.005586716249214004,0.005586716249214004,0.9876835896905948
XOM,lightgbm,1,2021-02-04,1,0,0.9983396516569311,0.0007760056067177877,0.0008843427363512627,0.9974553089205798
XOM,lightgbm,1,2021-02-05,1,0,0.9969067498361583,0.0011494243506322748,0.001943825813209134,0.9949629240229492
XOM,lightgbm,1,2021-02-08,0,0,0.9963271707488296,0.0016142379359353738,0.00205859131523503,0.9942685794335946
XOM,lightgbm,1,2021-02-09,1,0,0.9750011557058221,0.023377668957295622,0.023377668957295622,0.9516234867485265
XOM,lightgbm,1,2021-02-10,0,0,0.9933946745657499,0.005304673144679458,0.005304673144679458,0.9880900014210705
XOM,lightgbm,1,2021-02-11,1,0,0.6599661960025912,0.0037186168221713923,0.3363151871752373,0.3236510088273539
XOM,lightgbm,1,2021-02-12,1,0,0.7687594156763278,0.04971100629321075,0.18152957803046135,0.5872298376458664
XOM,lightgbm,1,2021-02-16,1,0,0.8977993207051921,0.04120719345940279,0.06099348583540523,0.8368058348697869
XOM,lightgbm,1,2021-02-17,1,0,0.9955854903283335,0.0017024287619872899,0.002712080909679154,0.9928734094186544
XOM,lightgbm,1,2021-02-18,1,0,0.6923412456720021,0.17932346468271956,0.17932346468271956,0.5130177809892825
XOM,lightgbm,1,2021-02-19,1,0,0.9970900878550578,0.0023520946162259877,0.0023520946162259877,0.9947379932388318
XOM,lightgbm,1,2021-02-22,1,0,0.9861551342049478,0.0030131154742384764,0.010831750320813622,0.9753233838841342
XOM,lightgbm,1,2021-02-23,0,0,0.9907843686188702,0.007601301378475721,0.007601301378475721,0.9831830672403945
XOM,lightgbm,1,2021-02-24,0,0,0.9881533583886063,0.0036432970125872184,0.008203344598806417,0.9799500137897998
XOM,lightgbm,1,2021-02-25,1,0,0.9742904177093753,0.003640289828922228,0.02206929246170241,0.9522211252476729
XOM,lightgbm,1,2021-02-26,1,0,0.9662568861895062,0.008907717793314838,0.024835396017178952,0.9414214901723272
XOM,lightgbm,1,2021-03-01,1,0,0.9235731678992103,0.026699721136995157,0.04972711096379469,0.8738460569354156
XOM,lightgbm,1,2021-03-02,1,0,0.7675356914968735,0.15744614353623665,0.15744614353623665,0.6100895479606369
XOM,lightgbm,1,2021-03-03,1,0,0.9053364917489061,0.00853262317304649,0.0861308850780476,0.8192056066708585
XOM,lightgbm,1,2021-03-04,1,0,0.974479000126001,0.001274803351843937,0.02424619652215512,0.9502328036038459
XOM,lightgbm,1,2021-03-05,0,0,0.9968737821260262,0.0013643296372397556,0.0017618882367339598,0.9951118938892922
XOM,lightgbm,1,2021-03-08,0,0,0.9901719217679121,0.007338238177127582,0.007338238177127582,0.9828336835907846
XOM,lightgbm,1,2021-03-09,0,0,0.970242676757401,0.005472218445196323,0.024285104797402746,0.9459575719599982
XOM,lightgbm,1,2021-03-10,-1,0,0.9984440721498843,0.0006015080662852961,0.0009544197838304312,0.9974896523660538
XOM,lightgbm,1,2021-03-11,-1,0,0.9863729187327006,0.007568668961199903,0.007568668961199903,0.9788042497715007
XOM,lightgbm,1,2021-03-12,-1,0,0.7083464574907561,0.12816713254914136,0.16348640996010264,0.5448600475306534
XOM,lightgbm,1,2021-03-15,-1,-1,0.5846566104129339,0.041829359459809055,0.373514030127257,0.21114258028567695
XOM,lightgbm,1,2021-03-16,-1,0,0.9310888514168901,0.034506135212309795,0.034506135212309795,0.8965827162045803
XOM,lightgbm,1,2021-03-17,-1,0,0.8649381470561508,0.06556317360219159,0.06949867934165758,0.7954394677144933
XOM,lightgbm,1,2021-03-18,0,0,0.8456177703180398,0.05490333449169007,0.09947889519027019,0.7461388751277696
XOM,lightgbm,1,2021-03-19,1,0,0.9300476066473783,0.009892099874592811,0.060060293478028756,0.8699873131693495
XOM,lightgbm,1,2021-03-22,1,0,0.8374924674050661,0.06229315077758055,0.10021438181735347,0.7372780855877127
XOM,lightgbm,1,2021-03-23,1,1,0.45477410676418484,0.45477410676418484,0.3839532337107183,0.07082087305346652
XOM,lightgbm,1,2021-03-24,0,-1,0.8661898097750396,0.010655108229919307,0.12315508199504106,0.7430347277799985
XOM,lightgbm,1,2021-03-25,1,1,0.5586612284168099,0.5586612284168099,0.35997371880880785,0.19868750960800202
XOM,lightgbm,1,2021-03-26,-1,0,0.9487249967526054,0.042696150393176195,0.042696150393176195,0.9060288463594292
XOM,lightgbm,1,2021-03-29,0,1,0.4375570378161481,0.4375570378161481,0.37841126176012796,0.059145776056020116
XOM,lightgbm,1,2021-03-30,0,1,0.6587770445790673,0.6587770445790673,0.22748780824599626,0.43128923633307104
XOM,lightgbm,1,2021-03-31,0,-1,0.49362405960727973,0.013075860758218788,0.49330007963450134,0.00032397997277838764
XOM,lightgbm,1,2021-04-01,-1,-1,0.8527457207706406,0.00039756165092403483,0.14685671757843535,0.7058890031922053
XOM,lightgbm,1,2021-04-05,0,-1,0.9587522781079553,0.004936772066777669,0.036310949825267155,0.9224413282826881
XOM,lightgbm,1,2021-04-06,0,-1,0.8590440070727104,0.05985114474800387,0.08110484817928558,0.7779391588934249
XOM,lightgbm,1,2021-04-07,0,-1,0.6769828203222938,0.0022207596388525057,0.32079642003885367,0.3561864002834402
XOM,lightgbm,1,2021-04-08,0,-1,0.8107105815855878,0.030712134938935275,0.1585772834754769,0.6521332981101109
XOM,lightgbm,1,2021-04-09,0,-1,0.771679633894477,0.10865413315357328,0.11966623295194978,0.6520134009425272
XOM,lightgbm,1,2021-04-12,0,-1,0.9534894765972555,0.006344266944195455,0.040166256458549,0.9133232201387065
XOM,lightgbm,1,2021-04-13,0,0,0.4977451705191558,0.07987310468459205,0.4223817247962523,0.07536344572290349
XOM,lightgbm,1,2021-04-14,-1,-1,0.7909555043440462,0.0028024395721801447,0.2062420560837739,0.5847134482602723
XOM,lightgbm,1,2021-04-15,-1,-1,0.679847966964856,0.013159962801781406,0.3069920702333625,0.37285589673149355
XOM,lightgbm,1,2021-04-16,0,0,0.6085438592218072,0.06569757718755147,0.32575856359064137,0.28278529563116583
XOM,lightgbm,1,2021-04-19,0,0,0.9641403902487816,0.019135451475085694,0.019135451475085694,0.945004938773696
XOM,lightgbm,1,2021-04-20,1,0,0.7785350842889738,0.0015144731933921247,0.21995044251763418,0.5585846417713396
XOM,lightgbm,2,2021-04-21,1,-1,0.9373258343297481,0.02743817206074833,0.035235993609503545,0.9020898407202446
XOM,lightgbm,2,2021-04-22,1,0,0.9243723179807111,0.0019176478090863324,0.07371003421020263,0.8506622837705085
XOM,lightgbm,2,2021-04-23,1,0,0.5886082842626518,0.0499201086325861,0.3614716071047622,0.22713667715788954
XOM,lightgbm,2,2021-04-26,1,0,0.8582047148403051,0.01455101649178916,0.1272442686679057,0.7309604461723994
XOM,lightgbm,2,2021-04-27,1,-1,0.8525450588616161,0.0012768201973223463,0.14617812094106153,0.7063669379205546
XOM,lightgbm,2,2021-04-28,1,1,0.8030977532872279,0.8030977532872279,0.14027784378985828,0.6628199094973696
XOM,lightgbm,2,2021-04-29,1,0,0.9853723521675617,0.013198037033097217,0.013198037033097217,0.9721743151344645
XOM,lightgbm,2,2021-04-30,1,-1,0.8020443391964455,0.04475368922951286,0.15320197157404178,0.6488423676224037
XOM,lightgbm,2,2021-05-03,1,0,0.5600153728632451,0.006713133757789275,0.43327149337896576,0.12674387948427934
XOM,lightgbm,2,2021-05-04,1,0,0.9441701419456037,0.05168119645634966,0.05168119645634966,0.8924889454892541
XOM,lightgbm,2,2021-05-05,0,0,0.7215402807996656,0.24579689442546865,0.24579689442546865,0.47574338637419694
XOM,lightgbm,2,2021-05-06,-1,1,0.9543573812904909,0.9543573812904909,0.035329131469270574,0.9190282498212203
XOM,lightgbm,2,2021-05-07,0,0,0.9500707734085576,0.0344572292674227,0.0344572292674227,0.9156135441411349
XOM,lightgbm,2,2021-05-10,0,0,0.7431579774088987,0.17649705569628446,0.17649705569628446,0.5666609217126142
XOM,lightgbm,2,2021-05-11,0,0,0.719365361273308,0.25281268279279645,0.25281268279279645,0.4665526784805115
XOM,lightgbm,2,2021-05-12,0,0,0.5629311690520037,0.37026127514198703,0.37026127514198703,0.19266989391001665
XOM,lightgbm,2,2021-05-13,0,1,0.49578331601309783,0.49578331601309783,0.49142091716827735,0.004362398844820481
XOM,lightgbm,2,2021-05-14,-1,-1,0.5771261139099301,0.39615250005655617,0.39615250005655617,0.1809736138533739
XOM,lightgbm,2,2021-05-17,-1,1,0.9114878600536144,0.9114878600536144,0.08347358741666139,0.828014272636953
XOM,lightgbm,2,2021-05-18,-1,1,0.7698405812883397,0.7698405812883397,0.1798084238685522,0.5900321574197874
XOM,lightgbm,2,2021-05-19,0,0,0.6166365562508443,0.3763384297976017,0.3763384297976017,0.24029812645324267
XOM,lightgbm,2,2021-05-20,0,1,0.5474634456895947,0.5474634456895947,0.45230806305932497,0.09515538263026974
XOM,lightgbm,2,2021-05-21,0,1,0.9762282203692947,0.9762282203692947,0.02368432939259068,0.952543890976704
XOM,lightgbm,2,2021-05-24,0,1,0.9144592235987852,0.9144592235987852,0.0814440138251906,0.8330152097735946
XOM,lightgbm,2,2021-05-25,1,1,0.5796501338918002,0.5796501338918002,0.3674761152902286,0.2121740186015716
XOM,lightgbm,2,2021-05-26,1,0,0.9022823831047199,0.04722101010061394,0.05049660679466622,0.8517857763100536
XOM,lightgbm,2,2021-05-27,1,1,0.7671948607441769,0.7671948607441769,0.2042975674808024,0.5628972932633745
XOM,lightgbm,2,2021-05-28,1,1,0.7319001308838651,0.7319001308838651,0.2667373998672977,0.46516273101656735
XOM,lightgbm,2,2021-06-01,1,0,0.8722366390348132,0.11515124971281365,0.11515124971281365,0.7570853893219995
XOM,lightgbm,2,2021-06-02,1,0,0.9334463148913922,0.06048212847335837,0.06048212847335837,0.8729641864180339
XOM,lightgbm,2,2021-06-03,1,0,0.6935884619246863,0.20954008505799973,0.20954008505799973,0.48404837686668656
XOM,lightgbm,2,2021-06-04,0,0,0.9625508400210552,0.004342993383037533,0.03310616659590736,0.9294446734251478
XOM,lightgbm,2,2021-06-07,0,0,0.9104386246799173,0.059606357261052324,0.059606357261052324,0.850832267418865
XOM,lightgbm,2,2021-06-08,1,0,0.9400312567170561,0.015741762274242423,0.04422698100870124,0.8958042757083549
XOM,lightgbm,2,2021-06-09,1,0,0.9990637606043155,0.0005986751021764194,0.0005986751021764194,0.9984650855021391
XOM,lightgbm,2,2021-06-10,0,0,0.6917111107192923,0.20685523410527532,0.20685523410527532,0.48485587661401697
XOM,lightgbm,2,2021-06-11,-1,0,0.5184845722976864,0.16565420053582294,0.3158612271664906,0.2026233451311958
XOM,lightgbm,2,2021-06-14,0,1,0.5838293123744476,0.5838293123744476,0.3352535797785304,0.2485757325959172
XOM,lightgbm,2,2021-06-15,0,1,0.7319400688166448,0.7319400688166448,0.25702081283272743,0.4749192559839173
XOM,lightgbm,2,2021-06-16,0,0,0.5915120370051687,0.39085394904629506,0.39085394904629506,0.2006580879588737
XOM,lightgbm,2,2021-06-17,1,0,0.9175303709024577,0.06986135044998917,0.06986135044998917,0.8476690204524685
XOM,lightgbm,2,2021-06-18,1,0,0.8167410332724883,0.1815104984978682,0.1815104984978682,0.6352305347746201
XOM,lightgbm,2,2021-06-21,0,0,0.6297094398561037,0.35515638206021843,0.35515638206021843,0.2745530577958853
XOM,lightgbm,2,2021-06-22,0,1,0.8743052843765323,0.8743052843765323,0.10775868271536197,0.7665466016611704
XOM,lightgbm,2,2021-06-23,0,1,0.7576805685177108,0.7576805685177108,0.24078456000408274,0.516896008513628
XOM,lightgbm,2,2021-06-24,0,1,0.6176148412816831,0.6176148412816831,0.376155660492604,0.24145918078907908
XOM,lightgbm,2,2021-06-25,-1,0,0.9803433351006664,0.01584410665847533,0.01584410665847533,0.964499228442191
XOM,lightgbm,2,2021-06-28,-1,0,0.721226817224445,0.20231851941828888,0.20231851941828888,0.5189082978061561
XOM,lightgbm,2,2021-06-29,-1,0,0.9699051741642094,0.02923516782373403,0.02923516782373403,0.9406700063404754
XOM,lightgbm,2,2021-06-30,-1,0,0.7627463927040026,0.04582962059856133,0.19142398669743613,0.5713224060065665
XOM,lightgbm,2,2021-07-01,-1,-1,0.5043867463554675,0.2737964611603289,0.2737964611603289,0.23059028519513863
XOM,lightgbm,2,2021-07-02,-1,0,0.9173032475852088,0.016143739676525024,0.06655301273826619,0.8507502348469426
XOM,lightgbm,2,2021-07-06,0,0,0.67818476910359,0.009884624428178413,0.31193060646823145,0.3662541626353586
XOM,lightgbm,2,2021-07-07,0,0,0.667716158005626,0.22386139693593224,0.22386139693593224,0.4438547610696938
XOM,lightgbm,2,2021-07-08,0,0,0.9779654678010801,0.006960450842871321,0.015074081356048461,0.9628913864450316
XOM,lightgbm,2,2021-07-09,-1,0,0.5735035043057387,0.0031505353740831485,0.4233459603201781,0.15015754398556058
XOM,lightgbm,2,2021-07-12,-1,0,0.9679121330665779,0.002977666162134636,0.029110200771287415,0.9388019322952904
XOM,lightgbm,2,2021-07-13,-1,0,0.7293479638589352,0.0008146656086273754,0.2698373705324374,0.4595105933264978
XOM,lightgbm,2,2021-07-14,-1,0,0.6391509887557845,0.0016347757231415549,0.359214235521074,0.27993675323471046
XOM,lightgbm,2,2021-07-15,-1,0,0.9984243676757429,0.00012593643467623657,0.0014496958895807753,0.9969746717861622
XOM,lightgbm,2,2021-07-16,0,0,0.9174908820839934,0.03054104752709916,0.05196807038890747,0.8655228116950859
XOM,lightgbm,2,2021-07-19,1,0,0.9172075736575126,0.018869570886347043,0.06392285545614035,0.8532847182013723
XOM,lightgbm,2,2021-07-20,1,1,0.7023051469902916,0.7023051469902916,0.24997426685242327,0.45233088013786826
XOM,lightgbm,2,2021-07-21,0,-1,0.7004712966772139,0.19852974481945115,0.19852974481945115,0.5019415518577627
XOM,lightgbm,2,2021-07-22,1,0,0.8845250240967866,0.10955609584146608,0.10955609584146608,0.7749689282553205
XOM,lightgbm,2,2021-07-23,0,0,0.9951250288475274,0.002678093318597848,0.002678093318597848,0.9924469355289296
XOM,lightgbm,2,2021-07-26,0,0,0.8308065006970806,0.04514048027944217,0.12405301902347722,0.7067534816736034
XOM,lightgbm,2,2021-07-27,0,0,0.9627001625617763,0.0010893266489524307,0.03621051078927125,0.926489651772505
XOM,lightgbm,2,2021-07-28,-1,0,0.801535507023607,0.00025995672133714127,0.19820453625505594,0.603330970768551
XOM,lightgbm,2,2021-07-29,-1,0,0.5219949810129799,8.472109595122435e-05,0.4779202978910689,0.04407468312191104
XOM,lightgbm,2,2021-07-30,0,-1,0.5115847210396781,0.010580557348371095,0.4778347216119507,0.03374999942772744
XOM,lightgbm,2,2021-08-02,0,-1,0.8676533275860768,0.0013017669394466496,0.13104490547447636,0.7366084221116005
XOM,lightgbm,2,2021-08-03,0,-1,0.6625772821374826,0.0011139202613830263,0.33630879760113436,0.3262684845363482
XOM,lightgbm,2,2021-08-04,1,0,0.9806952701869793,0.0016829949980255241,0.017621734814995245,0.963073535371984
XOM,lightgbm,2,2021-08-05,0,0,0.5586110905578391,0.012898740358921551,0.42849016908323934,0.13012092147459975
XOM,lightgbm,2,2021-08-06,0,0,0.8098964762399019,0.0001221599287812654,0.1899813638313169,0.619915112408585
XOM,lightgbm,2,2021-08-09,0,0,0.9964845366349749,0.0020931351244901494,0.0020931351244901494,0.9943914015104848
XOM,lightgbm,2,2021-08-10,-1,0,0.8928918673508498,0.011572848346161112,0.09553528430298917,0.7973565830478606
XOM,lightgbm,2,2021-08-11,-1,0,0.5993125295907529,0.38956010929584334,0.38956010929584334,0.20975242029490954
XOM,lightgbm,2,2021-08-12,-1,1,0.5115906262322855,0.5115906262322855,0.4847791546468762,0.026811471585409252
XOM,lightgbm,2,2021-08-13,-1,1,0.664580193848023,0.664580193848023,0.3320819343844989,0.3324982594635241
XOM,lightgbm,2,2021-08-16,0,0,0.8013421627477663,0.19576481989080668,0.19576481989080668,0.6055773428569595
XOM,lightgbm,2,2021-08-17,0,1,0.9619447964506547,0.9619447964506547,0.03714663847070678,0.9247981579799479
XOM,lightgbm,2,2021-08-18,0,0,0.7802258673907465,0.213683217753795,0.213683217753795,0.5665426496369514
XOM,lightgbm,2,2021-08-19,1,0,0.6432050281701379,0.28225878539739796,0.28225878539739796,0.36094624277273996
XOM,lightgbm,2,2021-08-20,1,0,0.6957498628554704,0.29743681540789063,0.29743681540789063,0.3983130474475797
XOM,lightgbm,2,2021-08-23,0,-1,0.7013648226577384,0.0013180602675643702,0.2973171170746971,0.40404770558304126
XOM,lightgbm,2,2021-08-24,0,0,0.6433070326374306,0.07472636176267257,0.2819666055998968,0.36134042703753383
XOM,lightgbm,2,2021-08-25,-1,0,0.93896373191829,0.05356604492557268,0.05356604492557268,0.8853976869927173
XOM,lightgbm,2,2021-08-26,0,0,0.9488380300899145,0.04486064833565312,0.04486064833565312,0.9039773817542613
XOM,lightgbm,2,2021-08-27,0,0,0.8990533330188345,0.0021514361808606082,0.09879523080030501,0.8002581022185294
XOM,lightgbm,2,2021-08-30,0,0,0.6522996247284912,0.2614688752342146,0.2614688752342146,0.39083074949427665
XOM,lightgbm,2,2021-08-31,0,0,0.8566718007848697,0.1256194148358453,0.1256194148358453,0.7310523859490244
XOM,lightgbm,2,2021-09-01,0,0,0.7293213029525237,0.24733935137261798,0.24733935137261798,0.48198195157990575
XOM,lightgbm,2,2021-09-02,0,-1,0.8213673124231524,0.16762258253678664,0.16762258253678664,0.6537447298863658
XOM,lightgbm,2,2021-09-03,0,0,0.6112077561390126,0.08865725533114059,0.30013498852984694,0.31107276760916563
XOM,lightgbm,2,2021-09-07,0,1,0.7670719831102497,0.7670719831102497,0.22752534064181448,0.5395466424684352
XOM,lightgbm,2,2021-09-08,1,0,0.9682878013253772,0.025789267099897525,0.025789267099897525,0.9424985342254797
XOM,lightgbm,2,2021-09-09,1,1,0.6119543118394855,0.6119543118394855,0.22734468485016954,0.3846096269893159
XOM,lightgbm,2,2021-09-10,1,-1,0.5722364942700807,0.036730698102424165,0.3910328076274951,0.18120368664258563
XOM,lightgbm,2,2021-09-13,-1,-1,0.551027211446269,0.4187208040272834,0.4187208040272834,0.13230640741898558
XOM,lightgbm,2,2021-09-14,0,0,0.6872659228094936,0.29461134837667413,0.29461134837667413,0.3926545744328195
XOM,lightgbm,2,2021-09-15,-1,0,0.946003968982665,0.04055607875627973,0.04055607875627973,0.9054478902263853
XOM,lightgbm,2,2021-09-16,1,1,0.7928873286933008,0.7928873286933008,0.20086315508664684,0.5920241736066539
XOM,lightgbm,2,2021-09-17,1,1,0.7470470352057331,0.7470470352057331,0.223461904813575,0.5235851303921581
XOM,lightgbm,2,2021-09-20,1,0,0.8533342070006714,0.1426587874189828,0.1426587874189828,0.7106754195816887
XOM,lightgbm,2,2021-09-21,1,0,0.9738238919397768,0.002053269608368383,0.02412283845185473,0.9497010534879221
XOM,lightgbm,2,2021-09-22,1,-1,0.7941928403957245,0.023444894009309807,0.18236226559496563,0.6118305748007589
XOM,lightgbm,2,2021-09-23,1,0,0.6870294610620123,0.31180455119018036,0.31180455119018036,0.375224909871832
XOM,lightgbm,2,2021-09-24,1,0,0.8798326824079052,0.11580930518022813,0.11580930518022813,0.7640233772276771
XOM,lightgbm,2,2021-09-27,1,1,0.7889255737395771,0.7889255737395771,0.20476649904952404,0.584159074690053
XOM,lightgbm,2,2021-09-28,1,1,0.7642991576956412,0.7642991576956412,0.2339330344760728,0.5303661232195683
XOM,lightgbm,2,2021-09-29,0,-1,0.46275906653050103,0.24635543315762146,0.2908855003118775,0.17187356621862354
XOM,lightgbm,2,2021-09-30,1,1,0.6765322281610393,0.6765322281610393,0.27952216624196424,0.39701006191907506
XOM,lightgbm,2,2021-10-01,1,1,0.9892873720874855,0.9892873720874855,0.00600342322264093,0.9832839488648446
XOM,lightgbm,2,2021-10-04,0,1,0.8848890863550033,0.8848890863550033,0.058628703374018966,0.8262603829809844
XOM,lightgbm,2,2021-10-05,0,1,0.6563668237637329,0.6563668237637329,0.25736666814933096,0.39900015561440194
XOM,lightgbm,2,2021-10-06,0,1,0.8074182354539876,0.8074182354539876,0.1854559605983356,0.621962274855652
XOM,lightgbm,2,2021-10-07,1,-1,0.8756277885233616,0.09699064526953945,0.09699064526953945,0.7786371432538222
XOM,lightgbm,2,2021-10-08,0,-1,0.7106482497624443,0.25587953429795357,0.25587953429795357,0.45476871546449077
XOM,lightgbm,2,2021-10-11,0,1,0.9636968995857224,0.9636968995857224,0.02460821545765003,0.9390886841280723
XOM,lightgbm,2,2021-10-12,1,0,0.8585173071168193,0.05696577056520512,0.0845169223179756,0.7740003847988437
XOM,lightgbm,2,2021-10-13,1,0,0.6320581502089797,0.2463515231179314,0.2463515231179314,0.3857066270910483
XOM,lightgbm,2,2021-10-14,0,0,0.6520269238705579,0.27101837007989005,0.27101837007989005,0.3810085537906679
XOM,lightgbm,2,2021-10-15,0,-1,0.5563352351189423,0.15962621542264316,0.2840385494584146,0.2722966856605277
XOM,lightgbm,2,2021-10-18,1,0,0.9525644236691927,0.041903717217411277,0.041903717217411277,0.9106607064517814
XOM,lightgbm,2,2021-10-19,1,1,0.7714221370393171,0.7714221370393171,0.2215308794791038,0.5498912575602133
XOM,lightgbm,2,2021-10-20,0,0,0.9914026803953078,0.0041620940334936825,0.004435225571198589,0.9869674548241092
XOM,lightgbm,2,2021-10-21,1,1,0.6456937977793307,0.6456937977793307,0.32821310512310214,0.3174806926562285
XOM,lightgbm,2,2021-10-22,1,1,0.6798078282920637,0.6798078282920637,0.3104402690721344,0.36936755921992925
XOM,lightgbm,2,2021-10-25,0,0,0.9975281578272781,0.002315593111842497,0.002315593111842497,0.9952125647154356
XOM,lightgbm,2,2021-10-26,0,1,0.8918580437406872,0.8918580437406872,0.10616086278013868,0.7856971809605485
XOM,lightgbm,2,2021-10-27,0,0,0.7941227440508043,0.18685821799424562,0.18685821799424562,0.6072645260565587
XOM,lightgbm,2,2021-10-28,0,1,0.9515815163340352,0.9515815163340352,0.044720637334836964,0.9068608789991982
XOM,lightgbm,2,2021-10-29,0,1,0.5811880885547347,0.5811880885547347,0.4171150917590973,0.16407299679563742
XOM,lightgbm,2,2021-11-01,0,0,0.8296044094075341,0.15504521494235632,0.15504521494235632,0.6745591944651778
XOM,lightgbm,2,2021-11-02,1,0,0.8724864204779191,0.12558542981618243,0.12558542981618243,0.7469009906617368
XOM,lightgbm,2,2021-11-03,0,0,0.886778005705141,0.11196924307174214,0.11196924307174214,0.7748087626333988
XOM,lightgbm,2,2021-11-04,0,1,0.5920775732980473,0.5920775732980473,0.40765473269766733,0.18442284060038
XOM,lightgbm,2,2021-11-05,0,0,0.9350943296060799,0.06370893669216325,0.06370893669216325,0.8713853929139166
XOM,lightgbm,2,2021-11-08,0,0,0.7175093696561171,0.2808040927816971,0.2808040927816971,0.43670527687442
XOM,lightgbm,2,2021-11-09,0,1,0.6526711050460753,0.6526711050460753,0.3437338212444031,0.3089372838016722
XOM,lightgbm,2,2021-11-10,0,1,0.7215985642100676,0.7215985642100676,0.23652626836057633,0.4850722958494913
XOM,lightgbm,2,2021-11-11,0,0,0.9534524111253899,0.042644565284853234,0.042644565284853234,0.9108078458405366
XOM,lightgbm,2,2021-11-12,-1,0,0.5864291311796307,0.3980033607282452,0.3980033607282452,0.18842577045138548
XOM,lightgbm,2,2021-11-15,-1,1,0.7419634330948469,0.7419634330948469,0.19615519001014498,0.545808243084702
XOM,lightgbm,2,2021-11-16,-1,0,0.9945615429306709,0.0027407176463254295,0.0027407176463254295,0.9918208252843455
XOM,lightgbm,2,2021-11-17,0,0,0.9983883992036475,0.0010925119756421565,0.0010925119756421565,0.9972958872280053
XOM,lightgbm,2,2021-11-18,-1,1,0.9918691132680972,0.9918691132680972,0.007348449776034312,0.9845206634920629
XOM,lightgbm,2,2021-11-19,0,0,0.6070062185370466,0.20081469088282825,0.20081469088282825,0.4061915276542184
XOM,lightgbm,2,2021-11-22,-1,-1,0.701373598460564,0.07932772774784044,0.21929867379159548,0.4820749246689685
XOM,lightgbm,2,2021-11-23,-1,-1,0.9690090133819949,0.00664813286507499,0.02434285375293022,0.9446661596290646
XOM,lightgbm,2,2021-11-24,-1,0,0.8831106672594385,0.005500214527384567,0.1113891182131769,0.7717215490462617
XOM,lightgbm,2,2021-11-26,0,0,0.7015206687700704,0.013347940577052344,0.2851313906528772,0.4163892781171932
XOM,lightgbm,2,2021-11-29,0,-1,0.9958139043322892,0.0016026087954535096,0.0025834868722572333,0.993230417460032
XOM,lightgbm,2,2021-11-30,1,0,0.7197618869041966,0.2514149767563824,0.2514149767563824,0.4683469101478142
XOM,lightgbm,2,2021-12-01,1,-1,0.9967695295470347,0.001089370312375657,0.002141100140589693,0.994628429406445
XOM,lightgbm,2,2021-12-02,1,-1,0.9559766195481917,0.04323390180416328,0.04323390180416328,0.9127427177440284
XOM,lightgbm,2,2021-12-03,1,-1,0.8999013480486593,0.06017701806434467,0.06017701806434467,0.8397243299843147
XOM,lightgbm,2,2021-12-06,0,0,0.5083523286772174,0.005536203665761497,0.4861114676570212,0.02224086102019618
XOM,lightgbm,2,2021-12-07,0,0,0.7532209277984848,0.0025360665473540458,0.24424300565416113,0.5089779221443237
XOM,lightgbm,2,2021-12-08,0,0,0.9880702647836624,9.133337980344626e-06,0.011920601878357298,0.9761496629053051
XOM,lightgbm,2,2021-12-09,0,0,0.7642274136282979,0.0004923553894924985,0.2352802309822095,0.5289471826460884
XOM,lightgbm,2,2021-12-10,-1,0,0.9780459905061983,0.0014158692002552667,0.02053814029354648,0.9575078502126518
XOM,lightgbm,2,2021-12-13,-1,0,0.9878080635831601,0.00018891524810728767,0.012003021168732675,0.9758050424144274
XOM,lightgbm,2,2021-12-14,0,0,0.9980531971766149,0.000254685145965326,0.0016921176774197613,0.9963610794991952
XOM,lightgbm,2,2021-12-15,0,0,0.8676326218372357,0.0363929124573253,0.09597446570543908,0.7716581561317966
XOM,lightgbm,2,2021-12-16,0,0,0.9959317627073971,0.0003639778652656864,0.003704259427337133,0.99222750328006
XOM,lightgbm,2,2021-12-17,1,0,0.8595309347186407,0.0007031654598119568,0.13976589982154733,0.7197650348970934
XOM,lightgbm,2,2021-12-20,1,1,0.7593133072940706,0.7593133072940706,0.18292932940269918,0.5763839778913715
XOM,lightgbm,2,2021-12-21,0,0,0.7150238734945592,0.2659833344665309,0.2659833344665309,0.4490405390280283
XOM,lightgbm,2,2021-12-22,0,0,0.8242068529798189,0.014320527081495218,0.16147261993868595,0.662734233041133
XOM,lightgbm,2,2021-12-23,0,0,0.9985787505332465,0.0008290609423528605,0.0008290609423528605,0.9977496895908936
XOM,lightgbm,2,2021-12-27,1,-1,0.7120701493208851,0.11551569299984302,0.17241415767927187,0.5396559916416133
XOM,lightgbm,2,2021-12-28,1,0,0.995294741655988,0.00029057922175859495,0.004414679122253442,0.9908800625337345
XOM,lightgbm,2,2021-12-29,1,0,0.9931187349732347,0.006065615099529481,0.006065615099529481,0.9870531198737051
XOM,lightgbm,2,2021-12-30,1,0,0.9549272849081901,0.044362502497698846,0.044362502497698846,0.9105647824104913
XOM,lightgbm,2,2021-12-31,1,0,0.9286766474993354,0.059519710439346965,0.059519710439346965,0.8691569370599884
XOM,lightgbm,2,2022-01-03,1,0,0.5329637361309275,0.2433347641865136,0.2433347641865136,0.28962897194441395
XOM,lightgbm,2,2022-01-04,1,1,0.6153599619676535,0.6153599619676535,0.37363757400002406,0.24172238796762946
XOM,lightgbm,2,2022-01-05,1,0,0.9966553454554342,0.0030389555327207424,0.0030389555327207424,0.9936163899227135
XOM,lightgbm,2,2022-01-06,1,0,0.5208915357124142,0.47859185478870414,0.47859185478870414,0.04229968092371006
XOM,lightgbm,2,2022-01-07,1,0,0.6106324534531663,0.37772910924217395,0.37772910924217395,0.23290334421099235
XOM,lightgbm,2,2022-01-10,1,0,0.9434795717208342,0.05597806910383507,0.05597806910383507,0.8875015026169991
XOM,lightgbm,2,2022-01-11,1,0,0.8933057609060417,0.039587974210329314,0.06710626488362902,0.8261994960224127
XOM,lightgbm,2,2022-01-12,1,0,0.5598634970301294,0.021187243898659964,0.41894925907121056,0.14091423795891883
XOM,lightgbm,2,2022-01-13,1,1,0.5422216606922035,0.5422216606922035,0.2513483024428777,0.29087335824932575
XOM,lightgbm,2,2022-01-14,0,-1,0.3715355944300319,0.2641103058486226,0.36435409972134536,0.007181494708686564
XOM,lightgbm,2,2022-01-18,1,1,0.7199521870991998,0.7199521870991998,0.1995596260030118,0.520392561096188
XOM,lightgbm,2,2022-01-19,0,1,0.7320735329989017,0.7320735329989017,0.22228708687820195,0.5097864461206997
XOM,lightgbm,2,2022-01-20,1,1,0.9347323517438362,0.9347323517438362,0.05442961529056899,0.8803027364532672
XOM,lightgbm,2,2022-01-21,1,1,0.8831496784984195,0.8831496784984195,0.10930749684163028,0.7738421816567892
XOM,lightgbm,2,2022-01-24,1,1,0.9327375524885556,0.9327375524885556,0.060185669850500986,0.8725518826380546
XOM,lightgbm,2,2022-01-25,1,1,0.9184170721449497,0.9184170721449497,0.07038271038836583,0.8480343617565839
XOM,lightgbm,2,2022-01-26,1,1,0.7619805190535414,0.7619805190535414,0.2275402831559714,0.53444023589757
XOM,lightgbm,2,2022-01-27,1,1,0.5095876214891638,0.5095876214891638,0.3081564499497953,0.20143117153936851
XOM,lightgbm,2,2022-01-28,1,0,0.7868390545077725,0.18016485284932282,0.18016485284932282,0.6066742016584497
XOM,lightgbm,2,2022-01-31,1,0,0.751436516787332,0.23834048109114417,0.23834048109114417,0.5130960356961879
XOM,lightgbm,2,2022-02-01,0,0,0.9369244941535414,0.00608039764863902,0.056995108197819756,0.8799293859557217
XOM,lightgbm,2,2022-02-02,0,0,0.9852479100162458,0.0006967030283040038,0.014055386955450165,0.9711925230607956
XOM,lightgbm,2,2022-02-03,0,0,0.9437249339454531,0.04506862369010148,0.04506862369010148,0.8986563102553516
XOM,lightgbm,2,2022-02-04,0,-1,0.49696955461725517,0.01621336602389173,0.48681707935885293,0.010152475258402238
XOM,lightgbm,2,2022-02-07,-1,0,0.7270682371719801,0.014138680958592897,0.258793081869427,0.4682751553025531
XOM,lightgbm,2,2022-02-08,0,-1,0.510288826847367,0.04830083777537377,0.4414103353772593,0.06887849147010766
XOM,lightgbm,2,2022-02-09,0,-1,0.763356916141896,0.1295866031698402,0.1295866031698402,0.6337703129720559
XOM,lightgbm,2,2022-02-10,0,-1,0.8275782597084496,0.08763311342573794,0.08763311342573794,0.7399451462827116
XOM,lightgbm,2,2022-02-11,-1,-1,0.4855997835172874,0.42167790278393447,0.42167790278393447,0.06392188073335292
XOM,lightgbm,2,2022-02-14,-1,-1,0.7921531900865677,0.15252818971717647,0.15252818971717647,0.6396250003693913
XOM,lightgbm,2,2022-02-15,0,-1,0.41018832464380744,0.3413689036141403,0.3413689036141403,0.06881942102966715
XOM,lightgbm,2,2022-02-16,-1,1,0.6179502389460882,0.6179502389460882,0.31620679866592766,0.3017434402801606
XOM,lightgbm,2,2022-02-17,0,0,0.5491862967985945,0.4234381753797104,0.4234381753797104,0.12574812141888414
XOM,lightgbm,2,2022-02-18,0,0,0.7353209613556845,0.22183473567165665,0.22183473567165665,0.5134862256840278
XOM,lightgbm,2,2022-02-22,1,-1,0.6602914384950627,0.21142357602618303,0.21142357602618303,0.44886786246887966
XOM,lightgbm,2,2022-02-23,1,0,0.8706596868688877,0.040963691562227615,0.0883766215688845,0.7822830653000032
XOM,lightgbm,2,2022-02-24,1,1,0.504927988062301,0.504927988062301,0.25580141421670227,0.24912657384559872
XOM,lightgbm,2,2022-02-25,1,0,0.8016663931540295,0.17442214121991353,0.17442214121991353,0.627244251934116
XOM,lightgbm,2,2022-02-28,1,0,0.732756438396412,0.2574218517437455,0.2574218517437455,0.47533458665266654
XOM,lightgbm,2,2022-03-01,1,1,0.7012436422298006,0.7012436422298006,0.2956514512820083,0.4055921909477923
XOM,lightgbm,2,2022-03-02,1,0,0.7377253283745083,0.2393914087575031,0.2393914087575031,0.49833391961700524
XOM,lightgbm,2,2022-03-03,1,0,0.6053511708839084,0.36482788822691714,0.36482788822691714,0.2405232826569913
XOM,lightgbm,2,2022-03-04,0,0,0.7009041336708028,0.2984436197918,0.2984436197918,0.40246051387900283
XOM,lightgbm,2,2022-03-07,-1,1,0.9262615648626918,0.9262615648626918,0.073347721440828,0.8529138434218638
XOM,lightgbm,2,2022-03-08,-1,1,0.807033202082733,0.807033202082733,0.1927536469567619,0.6142795551259711
XOM,lightgbm,2,2022-03-09,-1,1,0.9658827118754718,0.9658827118754718,0.03117743086317726,0.9347052810122946
XOM,lightgbm,2,2022-03-10,-1,1,0.9998403723520131,0.9998403723520131,0.00010703247069768771,0.9997333398813154
XOM,lightgbm,2,2022-03-11,-1,1,0.9989509163738056,0.9989509163738056,0.0007110901860120878,0.9982398261877935
XOM,lightgbm,2,2022-03-14,0,1,0.9692104339915228,0.9692104339915228,0.030591726144189306,0.9386187078473336
XOM,lightgbm,2,2022-03-15,1,1,0.989228060761281,0.989228060761281,0.010498492226572793,0.9787295685347082
XOM,lightgbm,2,2022-03-16,1,1,0.9981689376801449,0.9981689376801449,0.001331770460504437,0.9968371672196404
XOM,lightgbm,2,2022-03-17,1,1,0.9963960535626213,0.9963960535626213,0.0019594002604516,0.9944366533021697
XOM,lightgbm,2,2022-03-18,1,1,0.9860055626005028,0.9860055626005028,0.013905318624773608,0.9721002439757291
XOM,lightgbm,2,2022-03-21,0,1,0.9080811303532478,0.9080811303532478,0.09146523892741755,0.8166158914258302
XOM,lightgbm,2,2022-03-22,0,1,0.9883011021845026,0.9883011021845026,0.011437296768206574,0.976863805416296
XOM,lightgbm,2,2022-03-23,0,1,0.6410959654758329,0.6410959654758329,0.35873106461384036,0.28236490086199256
XOM,lightgbm,2,2022-03-24,0,1,0.9910586692103394,0.9910586692103394,0.008743586674118684,0.9823150825362207
XOM,lightgbm,2,2022-03-25,-1,1,0.7945130695840069,0.7945130695840069,0.20338390798371997,0.591129161600287
XOM,lightgbm,2,2022-03-28,0,1,0.9747981704322337,0.9747981704322337,0.024100785664861044,0.9506973847673726
XOM,lightgbm,2,2022-03-29,0,1,0.9929965764839995,0.9929965764839995,0.004448135001985194,0.9885484414820144
XOM,lightgbm,2,2022-03-30,0,1,0.8815259621736573,0.8815259621736573,0.11070417502607689,0.7708217871475804
XOM,lightgbm,2,2022-03-31,1,1,0.7237384635887039,0.7237384635887039,0.2718704687627577,0.45186799482594614
XOM,lightgbm,2,2022-04-01,1,1,0.8068342423693261,0.8068342423693261,0.15643716630600035,0.6503970760633258
XOM,lightgbm,2,2022-04-04,0,0,0.9978894569616996,0.000919846567936626,0.0011906964703636725,0.996698760491336
XOM,lightgbm,2,2022-04-05,1,0,0.9790272570740297,0.013714366338170502,0.013714366338170502,0.9653128907358592
XOM,lightgbm,2,2022-04-06,1,0,0.9779252949874805,0.017357719259648408,0.017357719259648408,0.960567575727832
XOM,lightgbm,2,2022-04-07,1,0,0.699355944293333,0.09498662099568951,0.20565743471097742,0.4936985095823556
XOM,lightgbm,2,2022-04-08,0,0,0.7689854079898862,0.14363258682408653,0.14363258682408653,0.6253528211657997
XOM,lightgbm,2,2022-04-11,1,0,0.5659250265012306,0.4156267229514062,0.4156267229514062,0.15029830354982437
XOM,lightgbm,2,2022-04-12,1,0,0.5019503277519498,0.2863778002137694,0.2863778002137694,0.2155725275381804
XOM,lightgbm,2,2022-04-13,0,0,0.6944523700672551,0.14171362729910214,0.16383400263364273,0.5306183674336125
XOM,lightgbm,2,2022-04-14,-1,1,0.8547167327788706,0.8547167327788706,0.1082986894743704,0.7464180433045002
XOM,lightgbm,2,2022-04-18,-1,1,0.42356679381046936,0.42356679381046936,0.3863573597345167,0.037209434075952674
XOM,lightgbm,2,2022-04-19,-1,0,0.973674285495171,0.022576920661949895,0.022576920661949895,0.951097364833221
XOM,lightgbm,2,2022-04-20,-1,0,0.915670836183416,0.0756206501827345,0.0756206501827345,0.8400501860006815
XOM,lightgbm,2,2022-04-21,0,0,0.9549082285323054,0.03257877519266794,0.03257877519266794,0.9223294533396375
XOM,lightgbm,2,2022-04-22,0,1,0.4506805791085717,0.4506805791085717,0.39135216067938866,0.059328418429183016
XOM,lightgbm,2,2022-04-25,1,1,0.5750865111949991,0.5750865111949991,0.39151354081075457,0.18357297038424453
XOM,lightgbm,2,2022-04-26,1,1,0.7983182076421677,0.7983182076421677,0.13021178748240045,0.6681064201597672
XOM,lightgbm,2,2022-04-27,1,1,0.9970588092207096,0.9970588092207096,0.0016944946342103545,0.9953643145864992
XOM,lightgbm,2,2022-04-28,1,1,0.8935791020420545,0.8935791020420545,0.10618529823770984,0.7873938038043446
XOM,lightgbm,2,2022-04-29,1,1,0.9971939431375879,0.9971939431375879,0.0018434571495689737,0.9953504859880189
XOM,lightgbm,2,2022-05-02,-1,1,0.9930126370649667,0.9930126370649667,0.005396592106002431,0.9876160449589643
XOM,lightgbm,2,2022-05-03,-1,1,0.9913935197854977,0.9913935197854977,0.008175256302629743,0.983218263482868
XOM,lightgbm,2,2022-05-04,-1,0,0.7165143290093418,0.28286783646651337,0.28286783646651337,0.4336464925428284
XOM,lightgbm,2,2022-05-05,-1,1,0.9986958672889953,0.9986958672889953,0.0012724157089855736,0.9974234515800097
XOM,lightgbm,2,2022-05-06,-1,1,0.9991604739241831,0.9991604739241831,0.0007393702580851183,0.9984211036660979
XOM,lightgbm,2,2022-05-09,1,1,0.9920751876770083,0.9920751876770083,0.007804304716133932,0.9842708829608744
XOM,lightgbm,2,2022-05-10,1,1,0.99674280030505,0.99674280030505,0.0023092347405727254,0.9944335655644773
XOM,lightgbm,2,2022-05-11,1,1,0.9960635403405642,0.9960635403405642,0.003435699077577042,0.9926278412629872
XOM,lightgbm,2,2022-05-12,1,1,0.9993691063461824,0.9993691063461824,0.000473259478591746,0.9988958468675906
XOM,lightgbm,2,2022-05-13,1,1,0.958284949099591,0.958284949099591,0.04110315262558297,0.9171817964740081
XOM,lightgbm,2,2022-05-16,1,0,0.5817707318895244,0.41674505369881026,0.41674505369881026,0.16502567819071418
XOM,lightgbm,2,2022-05-17,1,0,0.9290007342543857,0.06926188832107757,0.06926188832107757,0.8597388459333081
XOM,lightgbm,2,2022-05-18,1,1,0.9917252262225432,0.9917252262225432,0.008149094954679977,0.9835761312678633
XOM,lightgbm,2,2022-05-19,1,1,0.98852545824901,0.98852545824901,0.011285448920431547,0.9772400093285784
XOM,lightgbm,2,2022-05-20,1,1,0.9991563857871788,0.9991563857871788,0.0007583446828839679,0.9983980411042949
XOM,lightgbm,2,2022-05-23,1,1,0.9809339219981739,0.9809339219981739,0.010504985923764696,0.9704289360744092
XOM,lightgbm,2,2022-05-24,1,1,0.9925214588424809,0.9925214588424809,0.004843134766320492,0.9876783240761604
XOM,lightgbm,2,2022-05-25,0,1,0.959714875918762,0.959714875918762,0.03342240863729124,0.9262924672814707
XOM,lightgbm,2,2022-05-26,1,1,0.9511102623714253,0.9511102623714253,0.047541306665873244,0.9035689557055521
XOM,lightgbm,2,2022-05-27,0,1,0.7164690324401849,0.7164690324401849,0.27946757425169055,0.43700145818849434
XOM,lightgbm,2,2022-05-31,1,1,0.9667768013892888,0.9667768013892888,0.02580875581346019,0.9409680455758286
XOM,lightgbm,2,2022-06-01,1,1,0.9852167740538326,0.9852167740538326,0.009499112283936482,0.975717661769896
XOM,lightgbm,2,2022-06-02,1,1,0.9926754374739986,0.9926754374739986,0.0038012655329436973,0.9888741719410549
XOM,lightgbm,2,2022-06-03,0,1,0.9931911542464914,0.9931911542464914,0.006537907482653268,0.9866532467638381
XOM,lightgbm,2,2022-06-06,-1,1,0.6431616499221374,0.6431616499221374,0.3513348402438418,0.2918268096782956
XOM,lightgbm,2,2022-06-07,-1,0,0.907025731830761,0.09250255448370069,0.09250255448370069,0.8145231773470603
XOM,lightgbm,2,2022-06-08,-1,1,0.5935482300459537,0.5935482300459537,0.4054458163546352,0.18810241369131847
XOM,lightgbm,2,2022-06-09,-1,1,0.9977908271231586,0.9977908271231586,0.001968235291827124,0.9958225918313315
XOM,lightgbm,2,2022-06-10,-1,1,0.9580781326791388,0.9580781326791388,0.03668552164403858,0.9213926110351002
XOM,lightgbm,2,2022-06-13,-1,1,0.9934498413455806,0.9934498413455806,0.006487890809887191,0.9869619505356934
XOM,lightgbm,2,2022-06-14,-1,1,0.9898314773112353,0.9898314773112353,0.009584564000184596,0.9802469133110507
XOM,lightgbm,2,2022-06-15,-1,1,0.9966971326082988,0.9966971326082988,0.0031911710777790285,0.9935059615305198
XOM,lightgbm,2,2022-06-16,-1,1,0.9990051390367815,0.9990051390367815,0.0009642591494011161,0.9980408798873803
XOM,lightgbm,2,2022-06-17,1,1,0.9864446881896678,0.9864446881896678,0.013082018730152783,0.973362669459515
XOM,lightgbm,2,2022-06-21,0,1,0.8742838344735393,0.8742838344735393,0.09805664981123687,0.7762271846623024
XOM,lightgbm,2,2022-06-22,0,1,0.9969038188534247,0.9969038188534247,0.002048063692131566,0.9948557551612931
XOM,lightgbm,2,2022-06-23,0,1,0.9957258331446658,0.9957258331446658,0.0032968281101051302,0.9924290050345607
XOM,lightgbm,2,2022-06-24,0,1,0.6636026197864112,0.6636026197864112,0.33269683206197553,0.3309057877244357
XOM,lightgbm,2,2022-06-27,-1,1,0.9987793507665039,0.9987793507665039,0.0006731738248807513,0.9981061769416232
XOM,lightgbm,2,2022-06-28,-1,1,0.8786224888916546,0.8786224888916546,0.12100699866026132,0.7576154902313933
XOM,lightgbm,2,2022-06-29,-1,1,0.9994335790910096,0.9994335790910096,0.0005027428753601849,0.9989308362156494
XOM,lightgbm,2,2022-06-30,0,1,0.9996758306068556,0.9996758306068556,0.00018612253275313996,0.9994897080741024
XOM,lightgbm,2,2022-07-01,-1,1,0.9977543162135467,0.9977543162135467,0.002029417275849091,0.9957248989376977
XOM,lightgbm,2,2022-07-05,0,1,0.9954403510921271,0.9954403510921271,0.0033016798571122996,0.9921386712350149
XOM,lightgbm,2,2022-07-06,0,1,0.9907509354447924,0.9907509354447924,0.007458191675671106,0.9832927437691213
XOM,lightgbm,2,2022-07-07,-1,1,0.9554623110668836,0.9554623110668836,0.04209988244946073,0.9133624286174229
XOM,lightgbm,2,2022-07-08,0,1,0.9967619910468041,0.9967619910468041,0.002212074212581248,0.9945499168342228
XOM,lightgbm,2,2022-07-11,0,1,0.9939305899677827,0.9939305899677827,0.0033996938411833713,0.9905308961265994
XOM,lightgbm,2,2022-07-12,1,1,0.997603191975902,0.997603191975902,0.002153444797744129,0.9954497471781578
XOM,lightgbm,2,2022-07-13,1,1,0.9809441816646831,0.9809441816646831,0.012559367108344932,0.9683848145563382
XOM,lightgbm,2,2022-07-14,1,1,0.9951336106844342,0.9951336106844342,0.0037505781406767915,0.9913830325437574
XOM,lightgbm,2,2022-07-15,1,1,0.9495675721995364,0.9495675721995364,0.03948436618056829,0.9100832060189681
XOM,lightgbm,2,2022-07-18,1,1,0.7138043671398298,0.7138043671398298,0.1483532316260647,0.565451135513765
XOM,lightgbm,2,2022-07-19,0,1,0.6758569503883,0.6758569503883,0.32212173911343267,0.3537352112748673
XOM,lightgbm,2,2022-07-20,1,1,0.6985187884443264,0.6985187884443264,0.27742835603203003,0.4210904324122963
XOM,lightgbm,2,2022-07-21,1,1,0.882420225012206,0.882420225012206,0.10482500600832319,0.7775952190038827
XOM,lightgbm,2,2022-07-22,1,1,0.7936581330232316,0.7936581330232316,0.2041798240403871,0.5894783089828446
XOM,lightgbm,2,2022-07-25,1,1,0.5187713588510577,0.5187713588510577,0.48083267450758016,0.03793868434347758
XOM,lightgbm,2,2022-07-26,1,1,0.9917043292750699,0.9917043292750699,0.006145574465569084,0.9855587548095008
XOM,lightgbm,2,2022-07-27,0,1,0.9496588347254584,0.9496588347254584,0.032387087378245735,0.9172717473472127
XOM,lightgbm,2,2022-07-28,-1,1,0.93013067516497,0.93013067516497,0.060970321422536534,0.8691603537424335
XOM,lightgbm,2,2022-07-29,-1,1,0.43573568007961894,0.43573568007961894,0.31543343484090286,0.12030224523871608
XOM,lightgbm,2,2022-08-01,-1,1,0.9967905824847256,0.9967905824847256,0.002342952794570465,0.9944476296901552
XOM,lightgbm,2,2022-08-02,-1,1,0.9949108405628998,0.9949108405628998,0.002800452739555843,0.9921103878233439
XOM,lightgbm,2,2022-08-03,0,1,0.9809230227655268,0.9809230227655268,0.01560559601306135,0.9653174267524655
XOM,lightgbm,2,2022-08-04,1,1,0.988148493914303,0.988148493914303,0.01092674626878388,0.9772217476455192
XOM,lightgbm,2,2022-08-05,1,1,0.9886641424397792,0.9886641424397792,0.007371723185611297,0.9812924192541679
XOM,lightgbm,2,2022-08-08,1,1,0.945351477697298,0.945351477697298,0.038356089194264746,0.9069953885030333
XOM,lightgbm,2,2022-08-09,0,1,0.9865987878779943,0.9865987878779943,0.012588515745032522,0.9740102721329618
XOM,lightgbm,2,2022-08-10,0,1,0.9959277735868746,0.9959277735868746,0.0025165537124238017,0.9934112198744508
XOM,lightgbm,2,2022-08-11,0,1,0.8449829667503485,0.8449829667503485,0.15258105091653537,0.692401915833813
XOM,lightgbm,2,2022-08-12,0,1,0.7646089183446654,0.7646089183446654,0.1803139271766966,0.5842949911679688
XOM,lightgbm,2,2022-08-15,0,1,0.964685667700499,0.964685667700499,0.02145024711288237,0.9432354205876167
XOM,lightgbm,2,2022-08-16,1,1,0.8816961330525377,0.8816961330525377,0.10812151970226047,0.7735746133502772
XOM,lightgbm,2,2022-08-17,1,1,0.9321702074917051,0.9321702074917051,0.05890324874985896,0.8732669587418461
XOM,lightgbm,2,2022-08-18,1,1,0.9735040890149746,0.9735040890149746,0.021359016100520115,0.9521450729144545
XOM,lightgbm,2,2022-08-19,1,1,0.9881627199031311,0.9881627199031311,0.007935711284662255,0.9802270086184688
XOM,lightgbm,2,2022-08-22,1,1,0.9764755407024512,0.9764755407024512,0.012551177143525332,0.9639243635589259
XOM,lightgbm,2,2022-08-23,0,1,0.8998570460316375,0.8998570460316375,0.09188447344903479,0.8079725725826027
XOM,lightgbm,2,2022-08-24,-1,1,0.9761599600203553,0.9761599600203553,0.021497122735184056,0.9546628372851713
XOM,lightgbm,2,2022-08-25,-1,1,0.9969948764573784,0.9969948764573784,0.002404256765866508,0.9945906196915119
XOM,lightgbm,2,2022-08-26,-1,1,0.9984198327592583,0.9984198327592583,0.0014224021813119484,0.9969974305779463
XOM,lightgbm,2,2022-08-29,-1,1,0.9987175737094725,0.9987175737094725,0.001031381662257757,0.9976861920472146
XOM,lightgbm,2,2022-08-30,-1,1,0.9329419459746161,0.9329419459746161,0.06575587226622476,0.8671860737083914
XOM,lightgbm,2,2022-08-31,0,1,0.9862823212021339,0.9862823212021339,0.012519217814430342,0.9737631033877036
XOM,lightgbm,2,2022-09-01,1,1,0.9892182462599928,0.9892182462599928,0.010638734483475677,0.9785795117765171
XOM,lightgbm,2,2022-09-02,1,1,0.9654580246888773,0.9654580246888773,0.03168586480504676,0.9337721598838306
XOM,lightgbm,2,2022-09-06,0,1,0.991270058356577,0.991270058356577,0.008627812888188476,0.9826422454683885
XOM,lightgbm,2,2022-09-07,1,1,0.9991437809272627,0.9991437809272627,0.0007324002203184694,0.9984113807069442
XOM,lightgbm,2,2022-09-08,0,1,0.9797400463081409,0.9797400463081409,0.019925223802812034,0.9598148225053289
XOM,lightgbm,2,2022-09-09,-1,1,0.8289009808561285,0.8289009808561285,0.16975978918188328,0.6591411916742452
XOM,lightgbm,2,2022-09-12,-1,1,0.9965203194637096,0.9965203194637096,0.003375226214117199,0.9931450932495923
XOM,lightgbm,2,2022-09-13,-1,1,0.99603086099134,0.99603086099134,0.0031267055738679723,0.992904155417472
XOM,lightgbm,2,2022-09-14,-1,1,0.918885783028663,0.918885783028663,0.0798967869840983,0.8389889960445647
XOM,lightgbm,2,2022-09-15,-1,1,0.9731983476887394,0.9731983476887394,0.02643913594552732,0.9467592117432121
XOM,lightgbm,2,2022-09-16,-1,1,0.8855436320594041,0.8855436320594041,0.11290521763865646,0.7726384144207477
XOM,lightgbm,2,2022-09-19,-1,1,0.9966872060381412,0.9966872060381412,0.003026582653526557,0.9936606233846147
XOM,lightgbm,2,2022-09-20,-1,1,0.9908461859962837,0.9908461859962837,0.0063973891633998334,0.9844487968328839
XOM,lightgbm,2,2022-09-21,-1,1,0.9468499938423781,0.9468499938423781,0.03372234579466216,0.913127648047716
XOM,lightgbm,2,2022-09-22,-1,1,0.9809627665668973,0.9809627665668973,0.013825127093867904,0.9671376394730294
XOM,lightgbm,2,2022-09-23,0,1,0.9928839952948498,0.9928839952948498,0.007039176809023034,0.9858448184858268
XOM,lightgbm,2,2022-09-26,1,1,0.9992936551855287,0.9992936551855287,0.00048722527890977314,0.9988064299066189
XOM,lightgbm,2,2022-09-27,1,1,0.9977888737820445,0.9977888737820445,0.0019219404068407525,0.9958669333752037
XOM,lightgbm,2,2022-09-28,1,1,0.9772590873045864,0.9772590873045864,0.022082977311568146,0.9551761099930183
XOM,lightgbm,2,2022-09-29,1,1,0.996819382849888,0.996819382849888,0.002669453839802854,0.9941499290100851
XOM,lightgbm,2,2022-09-30,1,1,0.997076875422265,0.997076875422265,0.0024955230230039654,0.994581352399261
XOM,lightgbm,2,2022-10-03,1,0,0.8887505567337183,0.09758950259121627,0.09758950259121627,0.791161054142502
XOM,lightgbm,2,2022-10-04,1,1,0.8195871803067577,0.8195871803067577,0.1801013426741686,0.6394858376325891
XOM,lightgbm,2,2022-10-05,0,1,0.9420984035924138,0.9420984035924138,0.05746513114282938,0.8846332724495845
XOM,lightgbm,2,2022-10-06,0,1,0.9760783539347824,0.9760783539347824,0.023419635543872615,0.9526587183909098
XOM,lightgbm,2,2022-10-07,0,1,0.9323505529976327,0.9323505529976327,0.05013450296046566,0.8822160500371671
XOM,lightgbm,2,2022-10-10,0,1,0.9875885273538197,0.9875885273538197,0.011646763758295951,0.9759417635955238
XOM,lightgbm,2,2022-10-11,1,1,0.9983865868539371,0.9983865868539371,0.0008908604347517056,0.9974957264191854
XOM,lightgbm,2,2022-10-12,1,1,0.9962703302720666,0.9962703302720666,0.0028393460385403315,0.9934309842335263
XOM,lightgbm,2,2022-10-13,1,1,0.9827720386736118,0.9827720386736118,0.013702495216418089,0.9690695434571938
XOM,lightgbm,2,2022-10-14,1,1,0.9967427054361425,0.9967427054361425,0.0026175230395700457,0.9941251823965724
XOM,lightgbm,2,2022-10-17,1,1,0.9766478361854766,0.9766478361854766,0.015268087133929045,0.9613797490515475
XOM,lightgbm,2,2022-10-18,1,1,0.9988528408464846,0.9988528408464846,0.0006566915788915293,0.9981961492675931
XOM,lightgbm,2,2022-10-19,1,1,0.9979583586866677,0.9979583586866677,0.0017013231773839437,0.9962570355092838
XOM,lightgbm,2,2022-10-20,1,1,0.9956776015083426,0.9956776015083426,0.0025206070166248146,0.9931569944917178
XOM,lightgbm,2,2022-10-21,1,1,0.9683973815401036,0.9683973815401036,0.027963485236756645,0.940433896303347
XOM,lightgbm,2,2022-10-24,1,1,0.9967974757454918,0.9967974757454918,0.0020925303926175158,0.9947049453528743
XOM,lightgbm,2,2022-10-25,1,1,0.9970458529816172,0.9970458529816172,0.0015305030966143937,0.9955153498850028
XOM,lightgbm,2,2022-10-26,1,1,0.9989064205586639,0.9989064205586639,0.0006960720683188062,0.9982103484903451
XOM,lightgbm,2,2022-10-27,1,1,0.9919918106328243,0.9919918106328243,0.007555929677023932,0.9844358809558004
XOM,lightgbm,2,2022-10-28,0,1,0.7229423686605264,0.7229423686605264,0.27616054366423204,0.4467818249962944
XOM,lightgbm,2,2022-10-31,1,1,0.8432266162269749,0.8432266162269749,0.15657995232402644,0.6866466639029485
XOM,lightgbm,2,2022-11-01,0,1,0.7381578154760843,0.7381578154760843,0.2611912050350595,0.4769666104410248
XOM,lightgbm,2,2022-11-02,0,1,0.9879689009274386,0.9879689009274386,0.007410226895188137,0.9805586740322505
XOM,lightgbm,3,2022-11-03,0,1,0.7266846435556512,0.7266846435556512,0.19581021173621904,0.5308744318194322
XOM,lightgbm,3,2022-11-04,0,1,0.7207898357065348,0.7207898357065348,0.19607197036680823,0.5247178653397265
XOM,lightgbm,3,2022-11-07,0,0,0.693564697355824,0.05279277064737397,0.25364253199680187,0.4399221653590222
XOM,lightgbm,3,2022-11-08,0,0,0.5014583822434421,0.35196220547870094,0.35196220547870094,0.14949617676474114
XOM,lightgbm,3,2022-11-09,1,0,0.8252968870309623,0.06182815151188444,0.11287496145715338,0.7124219255738089
XOM,lightgbm,3,2022-11-10,1,0,0.9446610629002085,0.010006066534392132,0.04533287056539951,0.899328192334809
XOM,lightgbm,3,2022-11-11,0,1,0.4042966204949075,0.4042966204949075,0.35557763265495185,0.04871898783995565
XOM,lightgbm,3,2022-11-14,-1,-1,0.5117675713393999,0.024265900890691097,0.46396652776990904,0.04780104356949083
XOM,lightgbm,3,2022-11-15,0,-1,0.5104726090163569,0.034913109527040714,0.45461428145660243,0.055858327559754506
XOM,lightgbm,3,2022-11-16,0,-1,0.620461128352932,0.17380246103519414,0.2057364106118737,0.4147247177410583
XOM,lightgbm,3,2022-11-17,0,-1,0.42505542725693457,0.241520435231186,0.3334241375118795,0.09163128974505508
XOM,lightgbm,3,2022-11-18,-1,0,0.4798841897745714,0.15209756871994395,0.36801824150548457,0.11186594826908686
XOM,lightgbm,3,2022-11-21,0,0,0.7938448386217608,0.1422421665421103,0.1422421665421103,0.6516026720796505
XOM,lightgbm,3,2022-11-22,-1,1,0.6179193700711855,0.6179193700711855,0.27942218858878465,0.3384971814824008
XOM,lightgbm,3,2022-11-23,-1,0,0.4715046435752942,0.38512534104571544,0.38512534104571544,0.08637930252957876
XOM,lightgbm,3,2022-11-25,-1,0,0.8510481856177742,0.08552567391171297,0.08552567391171297,0.7655225117060612
XOM,lightgbm,3,2022-11-28,-1,0,0.6628988523307544,0.11934384121075177,0.2177573064584938,0.4451415458722606
XOM,lightgbm,3,2022-11-29,-1,0,0.6099402974137172,0.011971286029294806,0.378088416556988,0.23185188085672925
XOM,lightgbm,3,2022-11-30,-1,-1,0.48367669729766855,0.21742883930016899,0.29889446340216247,0.18478223389550608
XOM,lightgbm,3,2022-12-01,-1,1,0.6927575317676085,0.6927575317676085,0.2188186324867972,0.47393889928081123
XOM,lightgbm,3,2022-12-02,-1,1,0.8035346274002121,0.8035346274002121,0.14547943987428735,0.6580551875259247
XOM,lightgbm,3,2022-12-05,0,-1,0.5056782743781912,0.2680679468134138,0.2680679468134138,0.23761032756477746
XOM,lightgbm,3,2022-12-06,1,0,0.7771814153027323,0.059860103533000836,0.16295848116426684,0.6142229341384655
XOM,lightgbm,3,2022-12-07,1,-1,0.43508495271465686,0.17849051304075814,0.38642453424458495,0.04866041847007191
XOM,lightgbm,3,2022-12-08,0,-1,0.9837505732785184,0.00861506058621821,0.00861506058621821,0.9751355126923003
XOM,lightgbm,3,2022-12-09,0,0,0.5974749111104084,0.26024969706954293,0.26024969706954293,0.3372252140408655
XOM,lightgbm,3,2022-12-12,0,-1,0.9327637849358227,0.018487539513848204,0.04874867555032915,0.8840151093854935
XOM,lightgbm,3,2022-12-13,0,0,0.5035503475476848,0.016132472974441578,0.4803171794778736,0.023233168069811183
XOM,lightgbm,3,2022-12-14,0,-1,0.7292182569626846,0.029771276746390764,0.2410104662909246,0.48820779067176
XOM,lightgbm,3,2022-12-15,0,1,0.739296771564355,0.739296771564355,0.1899589208912449,0.5493378506731101
XOM,lightgbm,3,2022-12-16,1,1,0.8676949125741689,0.8676949125741689,0.11773182363753534,0.7499630889366335
XOM,lightgbm,3,2022-12-19,1,-1,0.5644430553750115,0.12026283777235504,0.3152941068526335,0.249148948522378
XOM,lightgbm,3,2022-12-20,0,-1,0.8715477881457776,0.043992682922858586,0.08445952893136374,0.7870882592144138
XOM,lightgbm,3,2022-12-21,0,0,0.8390546491848031,0.034088674786765374,0.1268566760284316,0.7121979731563715
XOM,lightgbm,3,2022-12-22,1,-1,0.499560251871348,0.4138592984436816,0.4138592984436816,0.08570095342766643
XOM,lightgbm,3,2022-12-23,0,-1,0.7738374980484842,0.08221567469114119,0.14394682726037453,0.6298906707881097
XOM,lightgbm,3,2022-12-27,-1,1,0.7566119294835036,0.7566119294835036,0.19430187423611858,0.5623100552473851
XOM,lightgbm,3,2022-12-28,0,-1,0.5172079181451521,0.4451488902022581,0.4451488902022581,0.07205902794289398
XOM,lightgbm,3,2022-12-29,0,1,0.5990480878100243,0.5990480878100243,0.32157973200411943,0.27746835580590484
XOM,lightgbm,3,2022-12-30,0,1,0.9183254647112464,0.9183254647112464,0.047657882960012124,0.8706675817512343
XOM,lightgbm,3,2023-01-03,1,-1,0.6825978182914432,0.24460141837849964,0.24460141837849964,0.43799639991294353
XOM,lightgbm,3,2023-01-04,1,1,0.8221416865316781,0.8221416865316781,0.14462176150099137,0.6775199250306867
XOM,lightgbm,3,2023-01-05,1,1,0.7904076730134258,0.7904076730134258,0.17232027754514162,0.6180873954682842
XOM,lightgbm,3,2023-01-06,1,0,0.9047503797072988,0.07338998854117504,0.07338998854117504,0.8313603911661237
XOM,lightgbm,3,2023-01-09,1,1,0.9420382445266515,0.9420382445266515,0.03497739177875621,0.9070608527478953
XOM,lightgbm,3,2023-01-10,0,1,0.4780841485906496,0.4780841485906496,0.41745081125305566,0.06063333733759396
XOM,lightgbm,3,2023-01-11,0,0,0.46401811255139047,0.17634861695307683,0.3596332704955328,0.10438484205585769
XOM,lightgbm,3,2023-01-12,0,-1,0.518979926345205,0.10125397159556349,0.3797661020592315,0.13921382428597345
XOM,lightgbm,3,2023-01-13,0,0,0.6963280695993155,0.2086230624951245,0.2086230624951245,0.48770500710419096
XOM,lightgbm,3,2023-01-17,0,0,0.468500527464509,0.35033084879091886,0.35033084879091886,0.11816967867359013
XOM,lightgbm,3,2023-01-18,1,0,0.6937374417828808,0.21411842314163845,0.21411842314163845,0.47961901864124235
XOM,lightgbm,3,2023-01-19,1,1,0.8692000298558453,0.8692000298558453,0.08967741869626975,0.7795226111595756
XOM,lightgbm,3,2023-01-20,0,1,0.6456007132892522,0.6456007132892522,0.34330434531695625,0.3022963679722959
XOM,lightgbm,3,2023-01-23,0,1,0.9348536746688026,0.9348536746688026,0.04501726001236782,0.8898364146564348
XOM,lightgbm,3,2023-01-24,0,1,0.923262180836464,0.923262180836464,0.07024772070669645,0.8530144601297676
XOM,lightgbm,3,2023-01-25,0,1,0.8605708029283838,0.8605708029283838,0.09649850694732046,0.7640722959810634
XOM,lightgbm,3,2023-01-26,-1,0,0.6344900934413396,0.1204217252156108,0.24508818134304958,0.38940191209829
XOM,lightgbm,3,2023-01-27,-1,1,0.8275683345283721,0.8275683345283721,0.1078167760567494,0.7197515584716226
XOM,lightgbm,3,2023-01-30,0,1,0.814359182026682,0.814359182026682,0.09472133505254814,0.7196378469741339
XOM,lightgbm,3,2023-01-31,0,1,0.9198456396077486,0.9198456396077486,0.06411776960085114,0.8557278700068974
XOM,lightgbm,3,2023-02-01,0,0,0.603345445588451,0.3505774358357906,0.3505774358357906,0.25276800975266045
XOM,lightgbm,3,2023-02-02,1,1,0.8934740144937949,0.8934740144937949,0.05613869244728122,0.8373353220465137
XOM,lightgbm,3,2023-02-03,1,1,0.7844357376958591,0.7844357376958591,0.2007359897830331,0.583699747912826
XOM,lightgbm,3,2023-02-06,1,1,0.6392263172888174,0.6392263172888174,0.30021795191018275,0.33900836537863466
XOM,lightgbm,3,2023-02-07,1,1,0.7611622306870242,0.7611622306870242,0.16779702793927398,0.5933652027477502
XOM,lightgbm,3,2023-02-08,1,1,0.8467251129965023,0.8467251129965023,0.13381926127828336,0.712905851718219
XOM,lightgbm,3,2023-02-09,0,1,0.8123956566684032,0.8123956566684032,0.17077499786721084,0.6416206588011923
XOM,lightgbm,3,2023-02-10,-1,0,0.931321089583503,0.0497337301151732,0.0497337301151732,0.8815873594683298
XOM,lightgbm,3,2023-02-13,-1,0,0.8309704994474365,0.06488461896820663,0.10414488158435693,0.7268256178630795
XOM,lightgbm,3,2023-02-14,-1,0,0.5107442810687728,0.36570151819433333,0.36570151819433333,0.14504276287443946
XOM,lightgbm,3,2023-02-15,-1,0,0.9368009565759702,0.044073316594805796,0.044073316594805796,0.8927276399811643
XOM,lightgbm,3,2023-02-16,-1,1,0.8794566596070005,0.8794566596070005,0.11040278953130046,0.7690538700757
XOM,lightgbm,3,2023-02-17,0,1,0.6282603665119593,0.6282603665119593,0.3701267954151923,0.258133571096767
XOM,lightgbm,3,2023-02-21,0,1,0.9597470629387966,0.9597470629387966,0.03814984885870201,0.9215972140800947
XOM,lightgbm,3,2023-02-22,0,0,0.50119621759709,0.4797838004473307,0.4797838004473307,0.021412417149759277
XOM,lightgbm,3,2023-02-23,0,0,0.6471405405035339,0.2607322890027609,0.2607322890027609,0.38640825150077296
XOM,lightgbm,3,2023-02-24,0,0,0.6722805945732264,0.2869737454048957,0.2869737454048957,0.38530684916833075
XOM,lightgbm,3,2023-02-27,1,0,0.9612027374192109,0.03225618718956819,0.03225618718956819,0.9289465502296427
XOM,lightgbm,3,2023-02-28,0,1,0.415211577072359,0.415211577072359,0.35970528681116354,0.05550629026119547
XOM,lightgbm,3,2023-03-01,0,-1,0.793330993535267,0.16820105695398901,0.16820105695398901,0.625129936581278
XOM,lightgbm,3,2023-03-02,-1,0,0.6240171906946003,0.30293457459700923,0.30293457459700923,0.32108261609759103
XOM,lightgbm,3,2023-03-03,-1,1,0.9320036214631046,0.9320036214631046,0.040918548616354265,0.8910850728467503
XOM,lightgbm,3,2023-03-06,-1,1,0.46798164973827816,0.46798164973827816,0.3986203625108005,0.06936128722747764
XOM,lightgbm,3,2023-03-07,-1,1,0.9662631244739696,0.9662631244739696,0.01984593479870956,0.94641718967526
XOM,lightgbm,3,2023-03-08,-1,1,0.45925151007055465,0.45925151007055465,0.42002510831517764,0.039226401755377005
XOM,lightgbm,3,2023-03-09,-1,-1,0.8150964768370679,0.040094653100216725,0.14480887006271545,0.6702876067743524
XOM,lightgbm,3,2023-03-10,-1,-1,0.7222622852795727,0.023139702509619553,0.25459801221080763,0.46766427306876507
XOM,lightgbm,3,2023-03-13,-1,0,0.44463607637660746,0.42587173152200786,0.42587173152200786,0.0187643448545996
XOM,lightgbm,3,2023-03-14,0,1,0.6833526643540369,0.6833526643540369,0.23988869617573216,0.4434639681783047
XOM,lightgbm,3,2023-03-15,1,1,0.8698759777162989,0.8698759777162989,0.08546518838428159,0.7844107893320172
XOM,lightgbm,3,2023-03-16,1,1,0.9499612653848152,0.9499612653848152,0.025739641853998237,0.9242216235308169
XOM,lightgbm,3,2023-03-17,1,1,0.931623343472113,0.931623343472113,0.03673232612970277,0.8948910173424102
XOM,lightgbm,3,2023-03-20,1,1,0.9487317373753152,0.9487317373753152,0.03555619798827575,0.9131755393870395
XOM,lightgbm,3,2023-03-21,0,0,0.48845154590210205,0.37526532396872253,0.37526532396872253,0.11318622193337952
XOM,lightgbm,3,2023-03-22,1,1,0.5546437059994249,0.5546437059994249,0.22796829766983268,0.32667540832959224
XOM,lightgbm,3,2023-03-23,1,1,0.9349525068434242,0.9349525068434242,0.052036628611363905,0.8829158782320603
XOM,lightgbm,3,2023-03-24,1,1,0.989439737024886,0.989439737024886,0.005457325479861126,0.9839824115450249
XOM,lightgbm,3,2023-03-27,1,1,0.7262731300522377,0.7262731300522377,0.15855869717260412,0.5677144328796335
XOM,lightgbm,3,2023-03-28,1,1,0.8830777144703595,0.8830777144703595,0.08429149476962897,0.7987862197007306
XOM,lightgbm,3,2023-03-29,1,0,0.4798820719861023,0.44585499823041225,0.44585499823041225,0.03402707375569003
XOM,lightgbm,3,2023-03-30,1,0,0.9385111420770159,0.042146504972963024,0.042146504972963024,0.8963646371040529
XOM,lightgbm,3,2023-03-31,1,0,0.7306381070696354,0.12050072373959284,0.14886116919077177,0.5817769378788636
XOM,lightgbm,3,2023-04-03,0,0,0.39944191066170787,0.22525465033885372,0.3753034389994385,0.024138471662269345
XOM,lightgbm,3,2023-04-04,0,0,0.458849808382506,0.3608679042818914,0.3608679042818914,0.09798190410061458
XOM,lightgbm,3,2023-04-05,0,0,0.8095181550565584,0.15879835968155598,0.15879835968155598,0.6507197953750025
XOM,lightgbm,3,2023-04-06,0,1,0.7911292683765865,0.7911292683765865,0.1720837366742201,0.6190455317023664
XOM,lightgbm,3,2023-04-10,0,1,0.7658867721742432,0.7658867721742432,0.19423072472959863,0.5716560474446446
XOM,lightgbm,3,2023-04-11,0,-1,0.7876671954282298,0.1878474045311295,0.1878474045311295,0.5998197908971004
XOM,lightgbm,3,2023-04-12,0,-1,0.781404249350352,0.08986116551695757,0.12873458513269057,0.6526696642176615
XOM,lightgbm,3,2023-04-13,0,-1,0.9943466050261719,0.001992715187024374,0.003660679786803744,0.9906859252393682
XOM,lightgbm,3,2023-04-14,0,-1,0.9035862596860517,0.05092394856050198,0.05092394856050198,0.8526623111255497
XOM,lightgbm,3,2023-04-17,1,-1,0.8260119969863157,0.10207483329574227,0.10207483329574227,0.7239371636905734
XOM,lightgbm,3,2023-04-18,0,-1,0.8709108438000431,0.08558396407732205,0.08558396407732205,0.7853268797227211
XOM,lightgbm,3,2023-04-19,0,1,0.5723365784172112,0.5723365784172112,0.36901454891718466,0.20332202950002654
XOM,lightgbm,3,2023-04-20,0,1,0.8922629713830353,0.8922629713830353,0.09546259333180705,0.7968003780512283
XOM,lightgbm,3,2023-04-21,1,0,0.5468242502310287,0.412489975152277,0.412489975152277,0.13433427507875167
XOM,lightgbm,3,2023-04-24,-1,-1,0.7904621107090244,0.07284085304244628,0.1366970362485294,0.653765074460495
XOM,lightgbm,3,2023-04-25,-1,1,0.8432056135995778,0.8432056135995778,0.13666698410680814,0.7065386294927697
XOM,lightgbm,3,2023-04-26,-1,1,0.7832384498458501,0.7832384498458501,0.16284165407835546,0.6203967957674946
XOM,lightgbm,3,2023-04-27,-1,0,0.7707592308905857,0.2238530912415004,0.2238530912415004,0.5469061396490853
XOM,lightgbm,3,2023-04-28,-1,-1,0.43380170299510945,0.28885988493579196,0.28885988493579196,0.1449418180593175
XOM,lightgbm,3,2023-05-01,-1,1,0.5087666939256437,0.5087666939256437,0.3416720791316376,0.16709461479400606
XOM,lightgbm,3,2023-05-02,0,0,0.6969323485496592,0.2632806832040033,0.2632806832040033,0.43365166534565597
XOM,lightgbm,3,2023-05-03,0,1,0.9615331963470709,0.9615331963470709,0.036694760015511814,0.924838436331559
XOM,lightgbm,3,2023-05-04,0,1,0.8318359573108887,0.8318359573108887,0.13108727266976353,0.7007486846411252
XOM,lightgbm,3,2023-05-05,-1,1,0.7397033136803451,0.7397033136803451,0.18318603035403996,0.5565172833263052
XOM,lightgbm,3,2023-05-08,-1,0,0.587958569963285,0.2044994809922078,0.20754194904450723,0.38041662091877776
XOM,lightgbm,3,2023-05-09,-1,0,0.7816782611036999,0.15385367430035846,0.15385367430035846,0.6278245868033414
XOM,lightgbm,3,2023-05-10,0,1,0.5364653715120868,0.5364653715120868,0.27331014531391484,0.263155226198172
XOM,lightgbm,3,2023-05-11,0,-1,0.6028117635576038,0.12937839675387877,0.2678098396885174,0.3350019238690864
XOM,lightgbm,3,2023-05-12,0,1,0.4213060855228367,0.4213060855228367,0.39559900570361195,0.025707079819224765
XOM,lightgbm,3,2023-05-15,0,0,0.7075482924589998,0.2329384946411706,0.2329384946411706,0.47460979781782914
XOM,lightgbm,3,2023-05-16,1,-1,0.8227498861973417,0.11856570877416663,0.11856570877416663,0.7041841774231751
XOM,lightgbm,3,2023-05-17,1,-1,0.8598524856879647,0.011240267589413069,0.1289072467226223,0.7309452389653424
XOM,lightgbm,3,2023-05-18,0,-1,0.7744306488448831,0.013662749834868152,0.21190660132024872,0.5625240475246344
XOM,lightgbm,3,2023-05-19,0,-1,0.8574729164642005,0.028617820639622014,0.11390926289617752,0.743563653568023
XOM,lightgbm,3,2023-05-22,0,-1,0.8844168549971564,0.010854330404616714,0.10472881459822674,0.7796880403989297
XOM,lightgbm,3,2023-05-23,-1,1,0.49509539034332894,0.49509539034332894,0.3247328760903739,0.17036251425295507
XOM,lightgbm,3,2023-05-24,-1,0,0.4982830947117351,0.34083809088760036,0.34083809088760036,0.15744500382413473
XOM,lightgbm,3,2023-05-25,0,0,0.8463587903119919,0.14170547574796855,0.14170547574796855,0.7046533145640234
XOM,lightgbm,3,2023-05-26,0,0,0.9434455755395325,0.040023624238716374,0.040023624238716374,0.903421951300816
XOM,lightgbm,3,2023-05-30,1,0,0.6762979764779584,0.28087593413270834,0.28087593413270834,0.3954220423452501
XOM,lightgbm,3,2023-05-31,1,1,0.9620325633888801,0.9620325633888801,0.027055988065575576,0.9349765753233046
XOM,lightgbm,3,2023-06-01,1,1,0.9216466131187006,0.9216466131187006,0.05819997727653734,0.8634466358421632
XOM,lightgbm,3,2023-06-02,0,1,0.5518862298893471,0.5518862298893471,0.4217819670576325,0.1301042628317146
XOM,lightgbm,3,2023-06-05,0,-1,0.535527997920393,0.18381294498551567,0.28065905709409134,0.2548689408263016
XOM,lightgbm,3,2023-06-06,0,-1,0.7677727054936212,0.20055787760698013,0.20055787760698013,0.5672148278866411
XOM,lightgbm,3,2023-06-07,-1,1,0.5262701106003956,0.5262701106003956,0.3998999270473296,0.12637018355306606
XOM,lightgbm,3,2023-06-08,-1,1,0.833156074273091,0.833156074273091,0.10294738881527439,0.7302086854578166
XOM,lightgbm,3,2023-06-09,-1,1,0.8658154529952989,0.8658154529952989,0.08196983030790758,0.7838456226873913
XOM,lightgbm,3,2023-06-12,-1,1,0.885060471828155,0.885060471828155,0.07434864985896462,0.8107118219691903
XOM,lightgbm,3,2023-06-13,-1,1,0.8194699391197948,0.8194699391197948,0.14978846466898624,0.6696814744508086
XOM,lightgbm,3,2023-06-14,0,1,0.5133900816153861,0.5133900816153861,0.2702968539205756,0.2430932276948105
XOM,lightgbm,3,2023-06-15,-1,0,0.4552965623249687,0.40088568024163795,0.40088568024163795,0.054410882083330725
XOM,lightgbm,3,2023-06-16,0,1,0.7118146753130453,0.7118146753130453,0.18627426229666585,0.5255404130163794
XOM,lightgbm,3,2023-06-20,0,-1,0.8278708459375008,0.13635152682484275,0.13635152682484275,0.6915193191126581
XOM,lightgbm,3,2023-06-21,0,1,0.6306801230005395,0.6306801230005395,0.34369567334724027,0.2869844496532993
XOM,lightgbm,3,2023-06-22,1,0,0.6103923619681935,0.07444908422938963,0.31515855380241703,0.29523380816577643
XOM,lightgbm,3,2023-06-23,1,0,0.5416222001048352,0.06807027159412231,0.39030752830104254,0.15131467180379266
XOM,lightgbm,3,2023-06-26,1,-1,0.7543924716187734,0.18488314048479781,0.18488314048479781,0.5695093311339756
XOM,lightgbm,3,2023-06-27,1,0,0.4901206464719035,0.20354645705538335,0.3063328964727131,0.1837877499991904
XOM,lightgbm,3,2023-06-28,-1,1,0.5750720695187614,0.5750720695187614,0.37580326280713167,0.19926880671162978
XOM,lightgbm,3,2023-06-29,-1,-1,0.4504320593876348,0.40311764298651537,0.40311764298651537,0.04731441640111944
XOM,lightgbm,3,2023-06-30,-1,0,0.5344103546109951,0.08997914747602195,0.37561049791298307,0.158799856698012
XOM,lightgbm,3,2023-07-03,0,0,0.4993601770195483,0.2723026709036274,0.2723026709036274,0.2270575061159209
XOM,lightgbm,3,2023-07-05,0,0,0.872190802782471,0.11016171066252599,0.11016171066252599,0.762029092119945
XOM,lightgbm,3,2023-07-06,0,0,0.590432475107061,0.36510087388574575,0.36510087388574575,0.22533160122131524
XOM,lightgbm,3,2023-07-07,-1,-1,0.5188700505151725,0.32228325254648565,0.32228325254648565,0.1965867979686869
XOM,lightgbm,3,2023-07-10,-1,-1,0.47198545911164214,0.08092732141873539,0.4470872194696224,0.02489823964201976
XOM,lightgbm,3,2023-07-11,-1,-1,0.9046523932161064,0.020813208505651822,0.07453439827824186,0.8301179949378645
XOM,lightgbm,3,2023-07-12,-1,-1,0.4109094295091618,0.28542623430588737,0.30366433618495076,0.10724509332421106
XOM,lightgbm,3,2023-07-13,0,-1,0.8756577130032536,0.0894606207373526,0.0894606207373526,0.786197092265901
XOM,lightgbm,3,2023-07-14,1,1,0.5384629729233218,0.5384629729233218,0.3545769015497019,0.1838860713736199
XOM,lightgbm,3,2023-07-17,1,1,0.4102880159534794,0.4102880159534794,0.3303444691398785,0.07994354681360089
XOM,lightgbm,3,2023-07-18,1,-1,0.8578856870829618,0.02604039917295758,0.11607391374408063,0.7418117733388812
XOM,lightgbm,3,2023-07-19,1,-1,0.9362968561778978,0.05338229681445468,0.05338229681445468,0.8829145593634431
XOM,lightgbm,3,2023-07-20,0,1,0.8440918164232442,0.8440918164232442,0.09958758133198842,0.7445042350912557
XOM,lightgbm,3,2023-07-21,0,1,0.3431654413857527,0.3431654413857527,0.334188629517288,0.008976811868464718
XOM,lightgbm,3,2023-07-24,0,1,0.5384016934717607,0.5384016934717607,0.2827427367007564,0.2556589567710043
XOM,lightgbm,3,2023-07-25,0,0,0.6249922909058921,0.28973818873780727,0.28973818873780727,0.3352541021680849
XOM,lightgbm,3,2023-07-26,0,0,0.41377835246005934,0.2354603735371698,0.3507612740027709,0.06301707845728843
XOM,lightgbm,3,2023-07-27,0,0,0.5964902339391653,0.2991474956928702,0.2991474956928702,0.29734273824629515
XOM,lightgbm,3,2023-07-28,1,0,0.8909249777533559,0.06403292258470368,0.06403292258470368,0.8268920551686522
XOM,lightgbm,3,2023-07-31,0,-1,0.5929814702243871,0.34081611413580565,0.34081611413580565,0.2521653560885814
XOM,lightgbm,3,2023-08-01,0,-1,0.5048589279775888,0.2216819884642102,0.2734590835582009,0.23139984441938788
XOM,lightgbm,3,2023-08-02,1,0,0.6583358744003068,0.28894490423031194,0.28894490423031194,0.3693909701699949
XOM,lightgbm,3,2023-08-03,1,1,0.9306392699964433,0.9306392699964433,0.06248205436200555,0.8681572156344377
XOM,lightgbm,3,2023-08-04,1,1,0.9612247326999023,0.9612247326999023,0.03650123555235679,0.9247234971475455
XOM,lightgbm,3,2023-08-07,1,0,0.8630725343442676,0.13439098976657896,0.13439098976657896,0.7286815445776886
XOM,lightgbm,3,2023-08-08,0,1,0.995595037665345,0.995595037665345,0.0032043165400928776,0.9923907211252521
XOM,lightgbm,3,2023-08-09,-1,1,0.7336972416714356,0.7336972416714356,0.2552856259204065,0.4784116157510291
XOM,lightgbm,3,2023-08-10,0,0,0.5791804163208975,0.4014191337449716,0.4014191337449716,0.17776128257592583
XOM,lightgbm,3,2023-08-11,0,0,0.936655788189679,0.01706406311214485,0.04628014869817622,0.8903756394915028
XOM,lightgbm,3,2023-08-14,-1,0,0.8693713793469748,0.009203877268260646,0.12142474338476444,0.7479466359622104
XOM,lightgbm,3,2023-08-15,0,-1,0.43787895775716884,0.2263972150987684,0.3357238271440628,0.10215513061310605
XOM,lightgbm,3,2023-08-16,0,0,0.5192184891690833,0.4119356390105261,0.4119356390105261,0.10728285015855721
XOM,lightgbm,3,2023-08-17,0,0,0.5999973104377657,0.3781834914271127,0.3781834914271127,0.221813819010653
XOM,lightgbm,3,2023-08-18,0,-1,0.5421758989258918,0.43433835977769863,0.43433835977769863,0.10783753914819316
XOM,lightgbm,3,2023-08-21,0,1,0.8824549581235872,0.8824549581235872,0.11192896384516726,0.77052599427842
XOM,lightgbm,3,2023-08-22,0,1,0.8978872520256159,0.8978872520256159,0.07992853606250096,0.817958715963115
XOM,lightgbm,3,2023-08-23,1,1,0.48875031310975753,0.48875031310975753,0.4127819028768048,0.07596841023295275
XOM,lightgbm,3,2023-08-24,1,1,0.7940684077023107,0.7940684077023107,0.1647134790631554,0.6293549286391553
XOM,lightgbm,3,2023-08-25,1,1,0.5082028445754533,0.5082028445754533,0.3574283997622892,0.1507744448131641
XOM,lightgbm,3,2023-08-28,1,0,0.7252632518199396,0.2446377219166651,0.2446377219166651,0.48062552990327445
XOM,lightgbm,3,2023-08-29,1,1,0.9152211373032384,0.9152211373032384,0.0450604007921987,0.8701607365110396
XOM,lightgbm,3,2023-08-30,1,0,0.6248869254474658,0.3216408084632939,0.3216408084632939,0.3032461169841719
XOM,lightgbm,3,2023-08-31,1,0,0.6560827733317123,0.27259269417953735,0.27259269417953735,0.3834900791521749
XOM,lightgbm,3,2023-09-01,0,0,0.9791339278322735,0.006853288109613338,0.014012784058113162,0.9651211437741604
XOM,lightgbm,3,2023-09-05,1,0,0.9776756827944585,0.010803389200926819,0.011520928004614682,0.9661547547898438
XOM,lightgbm,3,2023-09-06,0,0,0.988288288280417,0.0062199020684339445,0.0062199020684339445,0.9820683862119831
XOM,lightgbm,3,2023-09-07,1,0,0.6245375252528342,0.050033825580012896,0.3254286491671528,0.29910887608568143
XOM,lightgbm,3,2023-09-08,0,0,0.9853437115360083,0.0013741373213276968,0.013282151142664088,0.9720615603933442
XOM,lightgbm,3,2023-09-11,1,-1,0.7397053670945747,0.058421824538489375,0.20187280836693589,0.5378325587276388
XOM,lightgbm,3,2023-09-12,0,0,0.9727594927798681,0.021282973880295326,0.021282973880295326,0.9514765188995727
XOM,lightgbm,3,2023-09-13,0,-1,0.4544635741633132,0.43637864730121306,0.43637864730121306,0.018084926862100115
XOM,lightgbm,3,2023-09-14,-1,0,0.9608371021473404,0.033638388793422944,0.033638388793422944,0.9271987133539175
XOM,lightgbm,3,2023-09-15,0,0,0.5051573454285461,0.2940897779986233,0.2940897779986233,0.21106756742992278
XOM,lightgbm,3,2023-09-18,0,0,0.6182629003439849,0.17106869320781587,0.21066840644819912,0.4075944938957858
XOM,lightgbm,3,2023-09-19,0,0,0.9238065295644431,0.03854888857980501,0.03854888857980501,0.8852576409846381
XOM,lightgbm,3,2023-09-20,1,0,0.8476386238313154,0.08491582473393176,0.08491582473393176,0.7627227990973836
XOM,lightgbm,3,2023-09-21,1,0,0.8926982871244921,0.03690155019029244,0.0704001626852155,0.8222981244392765
XOM,lightgbm,3,2023-09-22,1,0,0.8308139410085549,0.042999569476448736,0.12618648951499647,0.7046274514935584
XOM,lightgbm,3,2023-09-25,0,-1,0.7792101855265628,0.12765655573628448,0.12765655573628448,0.6515536297902784
XOM,lightgbm,3,2023-09-26,0,-1,0.4971140726471723,0.36331105958868626,0.36331105958868626,0.13380301305848602
XOM,lightgbm,3,2023-09-27,-1,1,0.8668308504679731,0.8668308504679731,0.08494759521216091,0.7818832552558123
XOM,lightgbm,3,2023-09-28,-1,1,0.6677365494929588,0.6677365494929588,0.23399411768435163,0.43374243180860717
XOM,lightgbm,3,2023-09-29,-1,1,0.6229301039561953,0.6229301039561953,0.20187081277365185,0.4210592911825435
XOM,lightgbm,3,2023-10-02,-1,0,0.569872332677703,0.19528208707528538,0.23484558024701155,0.33502675243069147
XOM,lightgbm,3,2023-10-03,-1,0,0.5725669209907284,0.1296511813740493,0.29778189763522234,0.27478502335550603
XOM,lightgbm,3,2023-10-04,-1,1,0.8721848561418367,0.8721848561418367,0.09023060757417097,0.7819542485676657
XOM,lightgbm,3,2023-10-05,-1,1,0.6363062426679907,0.6363062426679907,0.18218448924369948,0.4541217534242913
XOM,lightgbm,3,2023-10-06,1,1,0.8933096843028726,0.8933096843028726,0.06440035340448515,0.8289093308983875
XOM,lightgbm,3,2023-10-09,0,1,0.687450520614864,0.687450520614864,0.24731101331996416,0.4401395072948998
XOM,lightgbm,3,2023-10-10,0,0,0.8500151924368285,0.02615378020232604,0.1238310273608454,0.7261841650759832
XOM,lightgbm,3,2023-10-11,1,0,0.5979883834475708,0.34730196744742786,0.34730196744742786,0.2506864160001429
XOM,lightgbm,3,2023-10-12,1,0,0.553210556022056,0.26210074419357504,0.26210074419357504,0.291109811828481
XOM,lightgbm,3,2023-10-13,0,1,0.4646833649857886,0.4646833649857886,0.36827417797824497,0.09640918700754364
XOM,lightgbm,3,2023-10-16,0,0,0.5220459190453286,0.16617601958033498,0.3117780613743365,0.2102678576709921
XOM,lightgbm,3,2023-10-17,-1,0,0.5223637312096922,0.10905405651120757,0.36858221227910026,0.1537815189305919
XOM,lightgbm,3,2023-10-18,-1,0,0.9207220173397849,0.03298194587590066,0.04629603678431432,0.8744259805554706
XOM,lightgbm,3,2023-10-19,-1,-1,0.5290971938638125,0.1191551994924854,0.3517476066437021,0.1773495872201104
XOM,lightgbm,3,2023-10-20,-1,-1,0.6916078726616204,0.15831298212560607,0.15831298212560607,0.5332948905360143
XOM,lightgbm,3,2023-10-23,-1,-1,0.47472678703870586,0.08728024634044411,0.43799296662085,0.036733820417855834
XOM,lightgbm,3,2023-10-24,-1,1,0.47537746863428587,0.47537746863428587,0.4018724487293677,0.07350501990491815
XOM,lightgbm,3,2023-10-25,-1,1,0.5740686511545366,0.5740686511545366,0.2477855598697091,0.3262830912848276
XOM,lightgbm,3,2023-10-26,0,1,0.6842187382675129,0.6842187382675129,0.2237107507092229,0.46050798755829003
XOM,lightgbm,3,2023-10-27,1,-1,0.6134879610300382,0.34188541128069255,0.34188541128069255,0.27160254974934567
XOM,lightgbm,3,2023-10-30,0,1,0.6597460761644764,0.6597460761644764,0.2296470646384627,0.4300990115260137
XOM,lightgbm,3,2023-10-31,0,1,0.45059160970497814,0.45059160970497814,0.4435133577950292,0.007078251909948929
XOM,lightgbm,3,2023-11-01,-1,1,0.7352370664474279,0.7352370664474279,0.16814082225395935,0.5670962441934686
XOM,lightgbm,3,2023-11-02,-1,1,0.9682107265603552,0.9682107265603552,0.023478648250784922,0.9447320783095703
XOM,lightgbm,3,2023-11-03,-1,1,0.9888197590993532,0.9888197590993532,0.008046608352520078,0.9807731507468331
XOM,lightgbm,3,2023-11-06,0,1,0.7511683479355272,0.7511683479355272,0.13019331783147362,0.6209750301040536
XOM,lightgbm,3,2023-11-07,0,1,0.571931836695516,0.571931836695516,0.42330561626455093,0.14862622043096502
XOM,lightgbm,3,2023-11-08,0,1,0.6373727794880868,0.6373727794880868,0.3590199482063812,0.27835283128170557
XOM,lightgbm,3,2023-11-09,0,0,0.9468498119440638,0.05065885637318575,0.05065885637318575,0.896190955570878
XOM,lightgbm,3,2023-11-10,1,0,0.5701062210731563,0.32562423245270666,0.32562423245270666,0.24448198862044968
XOM,lightgbm,3,2023-11-13,0,0,0.6610059964063084,0.2993818989753081,0.2993818989753081,0.3616240974310003
XOM,lightgbm,3,2023-11-14,0,0,0.8817368329037982,0.07360958322894937,0.07360958322894937,0.8081272496748488
XOM,lightgbm,3,2023-11-15,0,0,0.5844158865830796,0.011368177431539025,0.40421593598538125,0.1801999505976984
XOM,lightgbm,3,2023-11-16,1,0,0.8034696569513344,0.11098858812422548,0.11098858812422548,0.6924810688271089
XOM,lightgbm,3,2023-11-17,0,-1,0.7588517603122877,0.004644790171500509,0.23650344951621174,0.522348310796076
XOM,lightgbm,3,2023-11-20,0,0,0.9506958774740752,0.0011876358366058317,0.04811648668931897,0.9025793907847562
XOM,lightgbm,3,2023-11-21,-1,-1,0.8437074176392593,0.01220353501062537,0.1440890473501155,0.6996183702891438
XOM,lightgbm,3,2023-11-22,0,0,0.971668968350954,0.013238610956028367,0.015092420693017618,0.9565765476579363
XOM,lightgbm,3,2023-11-24,0,0,0.7207928737832308,0.05338507273533355,0.22582205348143558,0.4949708203017952
XOM,lightgbm,3,2023-11-27,0,-1,0.6441679083643214,0.10413430396866075,0.25169778766701795,0.3924701206973034
XOM,lightgbm,3,2023-11-28,-1,-1,0.5805617649699853,0.07288402566811965,0.3465542093618949,0.23400755560809045
XOM,lightgbm,3,2023-11-29,-1,0,0.7162883162734903,0.03218796076644415,0.2515237229600657,0.4647645933134246
XOM,lightgbm,3,2023-11-30,-1,-1,0.6412360483649878,0.18008495616841116,0.18008495616841116,0.4611510921965767
XOM,lightgbm,3,2023-12-01,-1,0,0.7404271037793048,0.0127128376936861,0.24686005852700912,0.49356704525229567
XOM,lightgbm,3,2023-12-04,-1,-1,0.9323493036417412,0.008120159152532593,0.05953053720572616,0.872818766436015
XOM,lightgbm,3,2023-12-05,-1,-1,0.9676783880466203,0.01758270388230375,0.01758270388230375,0.9500956841643166
XOM,lightgbm,3,2023-12-06,0,-1,0.7572698289534371,0.15829619465828645,0.15829619465828645,0.5989736342951506
XOM,lightgbm,3,2023-12-07,1,-1,0.4144125582223647,0.1726785060765492,0.412908935701086,0.0015036225212787246
XOM,lightgbm,3,2023-12-08,0,-1,0.8050224234237393,0.09678293226659772,0.09819464430966288,0.7068277791140765
XOM,lightgbm,3,2023-12-11,1,-1,0.5802324630452967,0.19335544276810046,0.22641209418660282,0.35382036885869395
XOM,lightgbm,3,2023-12-12,1,0,0.5894432346194237,0.017065694531778083,0.39349107084879825,0.19595216377062546
XOM,lightgbm,3,2023-12-13,1,-1,0.6449361355303952,0.04670968536625021,0.3083541791033545,0.3365819564270407
XOM,lightgbm,3,2023-12-14,0,-1,0.6489451722651243,0.28304601772714066,0.28304601772714066,0.3658991545379836
XOM,lightgbm,3,2023-12-15,0,-1,0.41572343190684374,0.24827261477246956,0.33600395332068667,0.07971947858615708
XOM,lightgbm,3,2023-12-18,0,-1,0.9297744292328082,0.018554374577951272,0.05167119618924069,0.8781032330435675
XOM,lightgbm,3,2023-12-19,0,-1,0.5185626271817267,0.17220251707558845,0.3092348557426847,0.20932777143904202
XOM,lightgbm,3,2023-12-20,0,0,0.40606824003484876,0.3947574756781204,0.3947574756781204,0.011310764356728342
XOM,lightgbm,3,2023-12-21,0,0,0.6827533552431716,0.20572035887828305,0.20572035887828305,0.47703299636488855
XOM,lightgbm,3,2023-12-22,0,1,0.4390303426815686,0.4390303426815686,0.31607066132810474,0.12295968135346386
XOM,lightgbm,3,2023-12-26,0,0,0.5710246819274386,0.21589011951005457,0.21589011951005457,0.35513456241738406
XOM,lightgbm,3,2023-12-27,0,-1,0.6931538958386184,0.1544046505260442,0.1544046505260442,0.5387492453125742
XOM,lightgbm,3,2023-12-28,1,-1,0.6385507902019099,0.266471675117812,0.266471675117812,0.37207911508409786
XOM,lightgbm,3,2023-12-29,0,0,0.5488372249946839,0.061833799750723804,0.3893289752545923,0.1595082497400916
XOM,lightgbm,3,2024-01-02,-1,1,0.585408996454634,0.585408996454634,0.30079810255683137,0.2846108938978026
XOM,lightgbm,3,2024-01-03,-1,0,0.47506076403782876,0.10356756515073803,0.4213716708114333,0.05368909322639548
XOM,lightgbm,3,2024-01-04,-1,0,0.4448883377698976,0.3920298945025111,0.3920298945025111,0.052858443267386535
XOM,lightgbm,3,2024-01-05,-1,0,0.6805634602774847,0.09488147142470853,0.22455506829780672,0.456008391979678
XOM,lightgbm,3,2024-01-08,-1,1,0.487742283297477,0.487742283297477,0.4264903657984379,0.06125191749903908
XOM,lightgbm,3,2024-01-09,-1,-1,0.4632678083804341,0.11249225744610397,0.4242399341734619,0.03902787420697218
XOM,lightgbm,3,2024-01-10,0,0,0.5329577964426414,0.14381628560061485,0.3232259179567438,0.20973187848589758
XOM,lightgbm,3,2024-01-11,0,-1,0.6851949668624084,0.032922377067672745,0.28188265606991875,0.4033123107924897
XOM,lightgbm,3,2024-01-12,-1,-1,0.4998312047218465,0.3576835139971777,0.3576835139971777,0.14214769072466882
XOM,lightgbm,3,2024-01-16,0,-1,0.9516680708952387,0.00886734614362604,0.0394645829611352,0.9122034879341036
XOM,lightgbm,3,2024-01-17,1,0,0.9673173825989128,0.023488861161301326,0.023488861161301326,0.9438285214376114
XOM,lightgbm,3,2024-01-18,1,0,0.8187301901293365,0.011036199110070602,0.1702336107605929,0.6484965793687436
XOM,lightgbm,3,2024-01-19,1,-1,0.6240377238579978,0.057296134520767886,0.3186661416212343,0.30537158223676353
XOM,lightgbm,3,2024-01-22,1,-1,0.959600891993405,0.012657487008456118,0.027741620998138778,0.9318592709952662
XOM,lightgbm,3,2024-01-23,1,-1,0.8865083815011834,0.015856574331077445,0.0976350441677392,0.7888733373334442
XOM,lightgbm,3,2024-01-24,1,-1,0.8870678906642482,0.013226531532345832,0.09970557780340608,0.7873623128608421
XOM,lightgbm,3,2024-01-25,0,1,0.4123169237501223,0.4123169237501223,0.4105310382085427,0.0017858855415796016
XOM,lightgbm,3,2024-01-26,0,1,0.4808202280840504,0.4808202280840504,0.38133694180180616,0.09948328628224423
XOM,lightgbm,3,2024-01-29,0,1,0.6528943642607732,0.6528943642607732,0.19533786847288076,0.4575564957878924
XOM,lightgbm,3,2024-01-30,-1,-1,0.6724872892055177,0.17888932851345996,0.17888932851345996,0.49359796069205775
XOM,lightgbm,3,2024-01-31,0,1,0.8586170399362985,0.8586170399362985,0.0814316501881472,0.7771853897481512
XOM,lightgbm,3,2024-02-01,0,0,0.8021686517102709,0.04890298590920676,0.14892836238052234,0.6532402893297485
XOM,lightgbm,3,2024-02-02,0,0,0.4604126514472499,0.15644920717724262,0.38313814137550745,0.07727451007174246
XOM,lightgbm,3,2024-02-05,0,-1,0.5511561026331805,0.2217407731586975,0.227103124208122,0.3240529784250585
XOM,lightgbm,3,2024-02-06,0,1,0.5081033297132553,0.5081033297132553,0.2878265887938146,0.22027674091944072
XOM,lightgbm,3,2024-02-07,0,0,0.9409483549416787,0.0493702634444834,0.0493702634444834,0.8915780914971954
XOM,lightgbm,3,2024-02-08,0,1,0.3542419620368507,0.3542419620368507,0.33184713448832376,0.022394827548526952
XOM,lightgbm,3,2024-02-09,1,1,0.637767796008205,0.637767796008205,0.2965530602308105,0.3412147357773945
XOM,lightgbm,3,2024-02-12,0,1,0.770137923737176,0.770137923737176,0.12216649602884617,0.6479714277083298
XOM,lightgbm,3,2024-02-13,1,0,0.8181980271753905,0.16087130984817047,0.16087130984817047,0.65732671732722
XOM,lightgbm,3,2024-02-14,1,0,0.7434265183368917,0.16928795792342508,0.16928795792342508,0.5741385604134666
XOM,lightgbm,3,2024-02-15,0,1,0.6857582394961581,0.6857582394961581,0.2598274965966313,0.4259307428995268
XOM,lightgbm,3,2024-02-16,0,1,0.46557656380509904,0.46557656380509904,0.3983962697903685,0.06718029401473052
XOM,lightgbm,3,2024-02-20,0,0,0.8257204702018006,0.13799673788666345,0.13799673788666345,0.6877237323151372
XOM,lightgbm,3,2024-02-21,0,-1,0.6157407260868043,0.12283514997038326,0.26142412394281245,0.35431660214399185
XOM,lightgbm,3,2024-02-22,0,0,0.5065628813145183,0.38820668878378584,0.38820668878378584,0.11835619253073248
XOM,lightgbm,3,2024-02-23,0,0,0.4927702879482336,0.4068957832337811,0.4068957832337811,0.08587450471445246
XOM,lightgbm,3,2024-02-26,0,1,0.4906268221247305,0.4906268221247305,0.43955499353281496,0.05107182859191556
XOM,lightgbm,3,2024-02-27,0,0,0.9106103387876034,0.04978550972050801,0.04978550972050801,0.8608248290670955
XOM,lightgbm,3,2024-02-28,1,0,0.7089491247798606,0.02774747424594999,0.26330340097418947,0.44564572380567113
XOM,lightgbm,3,2024-02-29,1,0,0.9460847277235191,0.008783896571117786,0.045131375705362874,0.9009533520181563
XOM,lightgbm,3,2024-03-01,1,-1,0.7852260772530563,0.06564460070056376,0.14912932204638,0.6360967552066763
XOM,lightgbm,3,2024-03-04,1,-1,0.4509778399575479,0.2219942464918645,0.3270279135505875,0.1239499264069604
XOM,lightgbm,3,2024-03-05,1,0,0.9110066483972844,0.06063277348926246,0.06063277348926246,0.850373874908022
XOM,lightgbm,3,2024-03-06,1,0,0.9087926402761461,0.022614433797425514,0.0685929259264284,0.8401997143497177
XOM,lightgbm,3,2024-03-07,1,0,0.8857499064984667,0.006909346503000227,0.10734074699853294,0.7784091594999338
XOM,lightgbm,3,2024-03-08,1,0,0.977490542111788,0.0013217543160962426,0.02118770357211565,0.9563028385396724
XOM,lightgbm,3,2024-03-11,1,0,0.9924690724278443,0.00046321595812393853,0.0070677116140315695,0.9854013608138128
XOM,lightgbm,3,2024-03-12,1,0,0.7811462811097548,0.02594258546198746,0.1929111334282578,0.588235147681497
XOM,lightgbm,3,2024-03-13,1,0,0.997840210038716,0.0009027579832836283,0.0012570319780003693,0.9965831780607156
XOM,lightgbm,3,2024-03-14,0,0,0.9696835330439751,0.024234233830301925,0.024234233830301925,0.9454492992136733
XOM,lightgbm,3,2024-03-15,0,0,0.9915700215765118,0.0063478018004768915,0.0063478018004768915,0.9852222197760349
XOM,lightgbm,3,2024-03-18,1,0,0.9553028356639028,0.004429700685898331,0.04026746365019887,0.915035372013704
XOM,lightgbm,3,2024-03-19,0,0,0.8726296221256519,0.002396524383278972,0.12497385349106926,0.7476557686345826
XOM,lightgbm,3,2024-03-20,0,0,0.9814178079580097,0.006044774601563524,0.01253741744042655,0.9688803905175831
XOM,lightgbm,3,2024-03-21,1,0,0.9601847586589539,0.009298580213304342,0.030516661127741776,0.9296680975312122
XOM,lightgbm,3,2024-03-22,1,0,0.9876355856619827,0.005452048765082873,0.0069123655729343555,0.9807232200890483
XOM,lightgbm,3,2024-03-25,1,0,0.9903616549291656,0.002142334068062025,0.007496011002772323,0.9828656439263933
XOM,lightgbm,3,2024-03-26,1,0,0.9901772852377574,0.005319919880656176,0.005319919880656176,0.9848573653571012
XOM,lightgbm,3,2024-03-27,1,0,0.9916334652116632,0.0009045497084060928,0.007461985079930875,0.9841714801317323
XOM,lightgbm,3,2024-03-28,1,0,0.9360691804775252,0.0014427911105957076,0.062488028411878976,0.8735811520656462
XOM,lightgbm,3,2024-04-01,1,0,0.8906818507051357,0.006323833220749315,0.1029943160741149,0.7876875346310208
XOM,lightgbm,3,2024-04-02,0,0,0.9935973735327368,0.0007765927417016335,0.005626033725561604,0.9879713398071752
XOM,lightgbm,3,2024-04-03,1,0,0.9146938226432895,0.0017210314584031165,0.08358514589830747,0.831108676744982
XOM,lightgbm,3,2024-04-04,0,0,0.9747054841906373,0.009606319108008032,0.015688196701354535,0.9590172874892827
XOM,lightgbm,3,2024-04-05,0,0,0.9874056344025166,0.0014822468662596929,0.011112118731223754,0.9762935156712929
XOM,lightgbm,3,2024-04-08,0,0,0.7490137131318778,0.12085723183006049,0.1301290550380617,0.6188846580938161
XOM,lightgbm,3,2024-04-09,-1,0,0.8024330518690861,0.06013330788918529,0.1374336402417286,0.6649994116273574
XOM,lightgbm,3,2024-04-10,-1,0,0.9530362558582327,0.016972549363790057,0.02999119477797729,0.9230450610802554
XOM,lightgbm,3,2024-04-11,-1,0,0.9647171582074077,0.005346199746378428,0.029936642046214042,0.9347805161611936
XOM,lightgbm,3,2024-04-12,0,0,0.9668352458432935,0.030832957253233123,0.030832957253233123,0.9360022885900604
XOM,lightgbm,3,2024-04-15,0,0,0.9755299061747479,0.015995887323972467,0.015995887323972467,0.9595340188507754
XOM,lightgbm,3,2024-04-16,0,-1,0.5267017416011581,0.00286992654883816,0.4704283318500037,0.05627340975115441
XOM,lightgbm,3,2024-04-17,1,-1,0.6374345743591602,0.036754622574935676,0.32581080306590415,0.311623771293256
XOM,lightgbm,3,2024-04-18,1,-1,0.689891311771084,0.04903537339055457,0.2610733148383615,0.4288179969327225
XOM,lightgbm,3,2024-04-19,0,0,0.513587962832152,0.09715464139437968,0.3892573957734683,0.12433056705868373
XOM,lightgbm,3,2024-04-22,0,-1,0.8305480074710898,0.029686018095126197,0.13976597443378408,0.6907820330373058
XOM,lightgbm,3,2024-04-23,-1,0,0.8831674507069401,0.009553502726961744,0.10727904656609809,0.775888404140842
XOM,lightgbm,3,2024-04-24,-1,0,0.5511688445313458,0.011202725850469927,0.43762842961818427,0.11354041491316158
XOM,lightgbm,3,2024-04-25,-1,0,0.8777603134272618,0.00600965241278325,0.11623003415995493,0.7615302792673069
XOM,lightgbm,3,2024-04-26,0,1,0.4830212263184817,0.4830212263184817,0.3498949763669639,0.13312624995151784
XOM,lightgbm,3,2024-04-29,-1,1,0.5116572945948995,0.5116572945948995,0.41495570751268873,0.09670158708221077
XOM,lightgbm,3,2024-04-30,0,0,0.6456212887106064,0.21252819822243646,0.21252819822243646,0.43309309048816996
XOM,lightgbm,3,2024-05-01,0,-1,0.7544580388746778,0.1930101627801106,0.1930101627801106,0.5614478760945671
XOM,lightgbm,3,2024-05-02,0,0,0.8969057896178082,0.021200519174499055,0.0818936912076927,0.8150120984101155
XOM,lightgbm,3,2024-05-03,0,0,0.9456130984232636,0.026880660172554367,0.027506241404181942,0.9181068570190817
XOM,lightgbm,3,2024-05-06,0,0,0.7067034262355032,0.2511769046616206,0.2511769046616206,0.45552652157388257
XOM,lightgbm,3,2024-05-07,1,0,0.9132832424968267,0.062497602116169025,0.062497602116169025,0.8507856403806576
XOM,lightgbm,3,2024-05-08,1,0,0.949533601117688,0.021089311480075704,0.02937708740223629,0.9201565137154517
XOM,lightgbm,3,2024-05-09,0,0,0.8252130250436406,0.030879626778527628,0.14390734817783174,0.6813056768658088
XOM,lightgbm,3,2024-05-10,1,0,0.7839395704272791,0.06247639893358366,0.15358403063913723,0.630355539788142
XOM,lightgbm,3,2024-05-13,0,0,0.9692457694668606,0.01162819692564842,0.019126033607490975,0.9501197358593696
XOM,lightgbm,3,2024-05-14,0,0,0.8789491468989947,0.07289907261961352,0.07289907261961352,0.8060500742793812
XOM,lightgbm,3,2024-05-15,-1,0,0.6120198641379282,0.08010367691625118,0.30787645894582044,0.30414340519210775
XOM,lightgbm,3,2024-05-16,-1,0,0.963373153011078,0.026105373278032012,0.026105373278032012,0.937267779733046
XOM,lightgbm,3,2024-05-17,-1,-1,0.716588957526763,0.05356788850378426,0.22984315396945276,0.48674580355731023
XOM,lightgbm,3,2024-05-20,-1,0,0.9028541405663624,0.03378174557416556,0.06336411385947203,0.8394900267068903
XOM,lightgbm,3,2024-05-21,-1,0,0.9629383819151401,0.01474186760112492,0.02231975048373477,0.9406186314314053
XOM,lightgbm,3,2024-05-22,0,-1,0.5503474247005484,0.1366555880325819,0.31299698726686975,0.23735043743367867
