ticker,model,fold,date,y_true,y_pred,confidence,bullish_probability,second_best_probability,probability_margin
XOM,logistic_regression,1,2019-10-03,0,1,0.49243256284493114,0.49243256284493114,0.30705015522003226,0.18538240762489888
XOM,logistic_regression,1,2019-10-04,0,1,0.5485767050138369,0.5485767050138369,0.23681349351760603,0.3117632114962309
XOM,logistic_regression,1,2019-10-07,0,1,0.5640738238963432,0.5640738238963432,0.28213290442168326,0.28194091947465993
XOM,logistic_regression,1,2019-10-08,1,1,0.4953694112795688,0.4953694112795688,0.3345203361409207,0.1608490751386481
XOM,logistic_regression,1,2019-10-09,0,0,0.4612897340193178,0.40685282418268126,0.40685282418268126,0.054436909836636516
XOM,logistic_regression,1,2019-10-10,0,1,0.4513498751768326,0.4513498751768326,0.3408113515829332,0.11053852359389943
XOM,logistic_regression,1,2019-10-11,0,0,0.3833979092934913,0.3580621075037281,0.3580621075037281,0.025335801789763246
XOM,logistic_regression,1,2019-10-14,0,-1,0.4825388318305549,0.21629136511774913,0.30116980305169594,0.18136902877885897
XOM,logistic_regression,1,2019-10-15,0,0,0.5019364279386932,0.1512577548833015,0.34680581717800524,0.15513061076068796
XOM,logistic_regression,1,2019-10-16,1,0,0.4345648631686122,0.18395599449567138,0.38147914233571656,0.053085720832895644
XOM,logistic_regression,1,2019-10-17,0,0,0.548204011652574,0.1882941832529523,0.2635018050944738,0.28470220655810025
XOM,logistic_regression,1,2019-10-18,1,0,0.48975217282489475,0.17804966882842438,0.3321981583466809,0.15755401447821382
XOM,logistic_regression,1,2019-10-21,0,0,0.42841955474263793,0.15404150755374976,0.4175389377036123,0.010880617039025653
XOM,logistic_regression,1,2019-10-22,0,-1,0.6275039910401631,0.17066820729274246,0.20182780166709452,0.42567618937306856
XOM,logistic_regression,1,2019-10-23,-1,-1,0.5614352522299237,0.11364555508325146,0.32491919268682484,0.2365160595430989
XOM,logistic_regression,1,2019-10-24,-1,-1,0.43208863536453407,0.14028444605969875,0.4276269185757672,0.00446171678876689
XOM,logistic_regression,1,2019-10-25,0,0,0.5636514094956614,0.06075139667170197,0.3755971938326367,0.18805421566302472
XOM,logistic_regression,1,2019-10-28,1,0,0.6069538365154037,0.10125380835929391,0.2917923551253024,0.3151614813901013
XOM,logistic_regression,1,2019-10-29,1,0,0.5278296686266202,0.2083439363238856,0.2638263950494943,0.2640032735771259
XOM,logistic_regression,1,2019-10-30,1,1,0.46136202219055783,0.46136202219055783,0.2793569278578491,0.18200509433270873
XOM,logistic_regression,1,2019-10-31,1,1,0.3727174064330985,0.3727174064330985,0.3436007894914326,0.029116616941665896
XOM,logistic_regression,1,2019-11-01,1,0,0.3536850078526306,0.33803297756288186,0.33803297756288186,0.01565203028974871
XOM,logistic_regression,1,2019-11-04,0,1,0.3747969645029242,0.3747969645029242,0.36404075232655764,0.010756212176366575
XOM,logistic_regression,1,2019-11-05,-1,1,0.6151055811582513,0.6151055811582513,0.21284304520826558,0.40226253594998573
XOM,logistic_regression,1,2019-11-06,-1,1,0.6189210713425407,0.6189210713425407,0.2737289240409074,0.34519214730163333
XOM,logistic_regression,1,2019-11-07,-1,0,0.5908145804452827,0.3324101630878675,0.3324101630878675,0.25840441735741515
XOM,logistic_regression,1,2019-11-08,-1,1,0.5103420532241331,0.5103420532241331,0.43628033820856893,0.07406171501556413
XOM,logistic_regression,1,2019-11-11,-1,1,0.6221880514383872,0.6221880514383872,0.32713881707117987,0.2950492343672073
XOM,logistic_regression,1,2019-11-12,-1,1,0.7015136904819964,0.7015136904819964,0.25125854958669414,0.4502551408953023
XOM,logistic_regression,1,2019-11-13,0,1,0.8517326540165469,0.8517326540165469,0.1355811140435061,0.7161515399730407
XOM,logistic_regression,1,2019-11-14,0,1,0.9251162267690187,0.9251162267690187,0.0635206818277175,0.8615955449413012
XOM,logistic_regression,1,2019-11-15,0,1,0.8491333030518805,0.8491333030518805,0.12822520427917197,0.7209080987727086
XOM,logistic_regression,1,2019-11-18,0,1,0.6576541101404977,0.6576541101404977,0.25724658553493013,0.40040752460556756
XOM,logistic_regression,1,2019-11-19,0,0,0.4801022129487183,0.3570377303984681,0.3570377303984681,0.12306448255025021
XOM,logistic_regression,1,2019-11-20,0,0,0.45745098023589337,0.2337412889799804,0.30880773078412627,0.1486432494517671
XOM,logistic_regression,1,2019-11-21,-1,0,0.42477401894920463,0.19631505993631324,0.37891092111448216,0.04586309783472248
XOM,logistic_regression,1,2019-11-22,0,1,0.3592137853959998,0.3592137853959998,0.34310024630849784,0.01611353908750196
XOM,logistic_regression,1,2019-11-25,0,1,0.4443524332640391,0.4443524332640391,0.4078729822372157,0.03647945102682343
XOM,logistic_regression,1,2019-11-26,0,0,0.4851124348195131,0.3837913578393187,0.3837913578393187,0.10132107698019438
XOM,logistic_regression,1,2019-11-27,0,1,0.5423664835064305,0.5423664835064305,0.3727793845435088,0.16958709896292168
XOM,logistic_regression,1,2019-11-29,1,1,0.7177458930395214,0.7177458930395214,0.195128890880066,0.5226170021594554
XOM,logistic_regression,1,2019-12-02,0,0,0.3950355908338987,0.36150861749344604,0.36150861749344604,0.03352697334045268
XOM,logistic_regression,1,2019-12-03,0,-1,0.46861666527472273,0.1805028373665859,0.3508804973586915,0.11773616791603125
XOM,logistic_regression,1,2019-12-04,0,-1,0.5427258263204944,0.07451228601533262,0.382761887664173,0.15996393865632136
XOM,logistic_regression,1,2019-12-05,1,-1,0.451227309107769,0.1714853024720713,0.37728738842015974,0.07393992068760924
XOM,logistic_regression,1,2019-12-06,0,-1,0.5889508944759159,0.01931386929237247,0.3917352362317116,0.19721565824420428
XOM,logistic_regression,1,2019-12-09,0,-1,0.6096675590827837,0.05207289172303601,0.3382595491941804,0.2714080098886033
XOM,logistic_regression,1,2019-12-10,0,-1,0.5010603561394925,0.057760042005059846,0.44117960185544763,0.05988075428404488
XOM,logistic_regression,1,2019-12-11,0,0,0.5008837538655617,0.11743826063702596,0.3816779854974123,0.11920576836814945
XOM,logistic_regression,1,2019-12-12,0,0,0.575458767464384,0.12072086280212856,0.30382036973348736,0.2716383977308966
XOM,logistic_regression,1,2019-12-13,0,0,0.3826196977704324,0.371077231744916,0.371077231744916,0.011542466025516396
XOM,logistic_regression,1,2019-12-16,0,0,0.5729603808216848,0.2407391583785125,0.2407391583785125,0.33222122244317226
XOM,logistic_regression,1,2019-12-17,0,0,0.45261369382804684,0.354946847455556,0.354946847455556,0.09766684637249085
XOM,logistic_regression,1,2019-12-18,0,0,0.5008570667236981,0.3511425398699441,0.3511425398699441,0.14971452685375403
XOM,logistic_regression,1,2019-12-19,0,1,0.47825187218194354,0.47825187218194354,0.3716049257941909,0.10664694638775263
XOM,logistic_regression,1,2019-12-20,0,0,0.6744329557457945,0.08027346500525924,0.24529357924894624,0.4291393764968483
XOM,logistic_regression,1,2019-12-23,0,0,0.4750403742969444,0.19311275122006363,0.3318468744829919,0.14319349981395252
XOM,logistic_regression,1,2019-12-24,0,0,0.4716606173166222,0.30906905961850717,0.30906905961850717,0.162591557698115
XOM,logistic_regression,1,2019-12-26,0,0,0.6047527467891302,0.2294223626072563,0.2294223626072563,0.37533038418187387
XOM,logistic_regression,1,2019-12-27,0,0,0.6478751809944634,0.17354228953529138,0.17858252947024514,0.4692926515242183
XOM,logistic_regression,1,2019-12-30,0,0,0.4925572716069742,0.22295255770882955,0.28449017068419624,0.20806710092277797
XOM,logistic_regression,1,2019-12-31,0,0,0.4498916580055853,0.13594890404442556,0.41415943794998933,0.035732220055595953
XOM,logistic_regression,1,2020-01-02,0,0,0.4707870162541593,0.19795998130500705,0.33125300244083355,0.13953401381332575
XOM,logistic_regression,1,2020-01-03,0,-1,0.4486996371348377,0.18187847653305014,0.36942188633211226,0.07927775080272542
XOM,logistic_regression,1,2020-01-06,0,0,0.42127730086235776,0.18137111900132058,0.39735158013632166,0.023925720726036104
XOM,logistic_regression,1,2020-01-07,0,0,0.459621479157765,0.13901950329889826,0.40135901754333664,0.058262461614428385
XOM,logistic_regression,1,2020-01-08,0,0,0.5504646695320455,0.15551415158463033,0.2940211788833241,0.25644349064872146
XOM,logistic_regression,1,2020-01-09,0,0,0.4589722917649614,0.20025876479125562,0.340768943443783,0.1182033483211784
XOM,logistic_regression,1,2020-01-10,0,0,0.4141859934209358,0.3213247205948164,0.3213247205948164,0.09286127282611939
XOM,logistic_regression,1,2020-01-13,-1,0,0.4414449574503814,0.19848935425826394,0.3600656882913547,0.08137926915902671
XOM,logistic_regression,1,2020-01-14,-1,1,0.3848178254640724,0.3848178254640724,0.34980758155487696,0.03501024390919544
XOM,logistic_regression,1,2020-01-15,-1,0,0.4841589700859246,0.2693672942645485,0.2693672942645485,0.21479167582137615
XOM,logistic_regression,1,2020-01-16,-1,0,0.5380549396605981,0.1930309564975454,0.26891410384185654,0.2691408358187416
XOM,logistic_regression,1,2020-01-17,-1,0,0.5328290274179,0.1586663878838025,0.3085045846982975,0.22432444271960245
XOM,logistic_regression,1,2020-01-21,-1,0,0.4326795949552271,0.26490926049176067,0.3024111445530122,0.1302684504022149
XOM,logistic_regression,1,2020-01-22,-1,0,0.4787455652563766,0.22080398212552385,0.3004504526180996,0.17829511263827702
XOM,logistic_regression,1,2020-01-23,-1,-1,0.44129914385190605,0.18003646460907877,0.3786643915390151,0.06263475231289095
XOM,logistic_regression,1,2020-01-24,-1,-1,0.5043442473092785,0.1806973298171894,0.314958422873532,0.18938582443574653
XOM,logistic_regression,1,2020-01-27,-1,-1,0.4583491529896478,0.31203494300866685,0.31203494300866685,0.14631420998098094
XOM,logistic_regression,1,2020-01-28,-1,0,0.4471443517889098,0.22686022706150427,0.32599542114958596,0.12114893063932386
XOM,logistic_regression,1,2020-01-29,-1,-1,0.5017985798456254,0.2363854135392417,0.26181600661513293,0.23998257323049244
XOM,logistic_regression,1,2020-01-30,-1,-1,0.6065564264359807,0.1620790233894228,0.23136455017459653,0.37519187626138417
XOM,logistic_regression,1,2020-01-31,0,-1,0.4274886812737887,0.38878359997605266,0.38878359997605266,0.03870508129773603
XOM,logistic_regression,1,2020-02-03,0,1,0.4103934429810357,0.4103934429810357,0.3809204433634313,0.029472999617604412
XOM,logistic_regression,1,2020-02-04,1,0,0.44887185641139843,0.2550731983866997,0.2960549452019019,0.15281691120949653
XOM,logistic_regression,1,2020-02-05,0,1,0.4392639961963497,0.4392639961963497,0.29830369633750553,0.14096029985884417
XOM,logistic_regression,1,2020-02-06,0,1,0.8782248566510913,0.8782248566510913,0.06775572003517506,0.8104691366159162
XOM,logistic_regression,1,2020-02-07,0,1,0.7729402833539086,0.7729402833539086,0.14828373239644785,0.6246565509574608
XOM,logistic_regression,1,2020-02-10,0,1,0.6880157547259452,0.6880157547259452,0.25424557559063343,0.4337701791353118
XOM,logistic_regression,1,2020-02-11,0,0,0.47492517572665566,0.4660468613129346,0.4660468613129346,0.008878314413721056
XOM,logistic_regression,1,2020-02-12,-1,1,0.6730589190674693,0.6730589190674693,0.24577205341987063,0.42728686564759866
XOM,logistic_regression,1,2020-02-13,-1,1,0.6262746424682457,0.6262746424682457,0.275188890256784,0.3510857522114617
XOM,logistic_regression,1,2020-02-14,-1,1,0.5737186486854606,0.5737186486854606,0.31127901674129704,0.2624396319441636
XOM,logistic_regression,1,2020-02-18,-1,1,0.48142567119975543,0.48142567119975543,0.3997433636818741,0.08168230751788136
XOM,logistic_regression,1,2020-02-19,-1,1,0.5964598289980203,0.5964598289980203,0.3198256238661277,0.27663420513189263
XOM,logistic_regression,1,2020-02-20,-1,0,0.45484672955107625,0.17579516799626477,0.36935810245265915,0.08548862709841709
XOM,logistic_regression,1,2020-02-21,-1,0,0.42043311179672394,0.2215013223499425,0.3580655658533335,0.062367545943390446
XOM,logistic_regression,1,2020-02-24,-1,1,0.6128835962551815,0.6128835962551815,0.2001931336989828,0.4126904625561987
XOM,logistic_regression,1,2020-02-25,-1,1,0.7449187231254206,0.7449187231254206,0.15592185799060657,0.5889968651348141
XOM,logistic_regression,1,2020-02-26,0,1,0.7856100718719365,0.7856100718719365,0.16092533124659186,0.6246847406253446
XOM,logistic_regression,1,2020-02-27,0,1,0.8849466433194904,0.8849466433194904,0.06767733441635075,0.8172693089031396
XOM,logistic_regression,1,2020-02-28,-1,1,0.8060363779869132,0.8060363779869132,0.14847536425516542,0.6575610137317478
XOM,logistic_regression,1,2020-03-02,-1,1,0.9856168364019213,0.9856168364019213,0.008321129963933459,0.9772957064379879
XOM,logistic_regression,1,2020-03-03,-1,1,0.9968563255190367,0.9968563255190367,0.001832280593225445,0.9950240449258112
XOM,logistic_regression,1,2020-03-04,-1,1,0.9951370234673668,0.9951370234673668,0.004717519462763459,0.9904195040046033
XOM,logistic_regression,1,2020-03-05,-1,1,0.9721920423072057,0.9721920423072057,0.02571393987315114,0.9464781024340545
XOM,logistic_regression,1,2020-03-06,-1,1,0.9788141050021703,0.9788141050021703,0.020733294697601764,0.9580808103045685
XOM,logistic_regression,1,2020-03-09,-1,1,0.9995165767339041,0.9995165767339041,0.00031871066814923276,0.9991978660657549
XOM,logistic_regression,1,2020-03-10,-1,1,0.990362674155694,0.990362674155694,0.009620664795787123,0.9807420093599069
XOM,logistic_regression,1,2020-03-11,-1,1,0.9999416266567822,0.9999416266567822,4.887329153669132e-05,0.9998927533652455
XOM,logistic_regression,1,2020-03-12,-1,1,0.9999817790041997,0.9999817790041997,9.76834465660437e-06,0.9999720106595431
XOM,logistic_regression,1,2020-03-13,-1,1,0.9989980452334054,0.9989980452334054,0.0009757099458461026,0.9980223352875593
XOM,logistic_regression,1,2020-03-16,-1,1,0.998431424976776,0.998431424976776,0.0013102006520448193,0.9971212243247312
XOM,logistic_regression,1,2020-03-17,-1,1,0.9997764407397581,0.9997764407397581,0.0002158105147851436,0.999560630224973
XOM,logistic_regression,1,2020-03-18,1,1,0.9996800277087816,0.9996800277087816,0.00029028445886545624,0.9993897432499161
XOM,logistic_regression,1,2020-03-19,1,1,0.9996724183752178,0.9996724183752178,0.0003222048607661679,0.9993502135144516
XOM,logistic_regression,1,2020-03-20,1,1,0.9999633738863272,0.9999633738863272,2.3766516048233956e-05,0.999939607370279
XOM,logistic_regression,1,2020-03-23,1,1,0.9999195912445915,0.9999195912445915,7.223785925550946e-05,0.999847353385336
XOM,logistic_regression,1,2020-03-24,1,1,0.999973842281897,0.999973842281897,2.552224973872672e-05,0.9999483200321583
XOM,logistic_regression,1,2020-03-25,0,1,0.9999865425818489,0.9999865425818489,1.0744045076874148e-05,0.9999757985367721
XOM,logistic_regression,1,2020-03-26,1,1,0.9999955633970479,0.9999955633970479,2.3144510100861936e-06,0.9999932489460378
XOM,logistic_regression,1,2020-03-27,1,1,0.9999701984396104,0.9999701984396104,2.6515419881412733e-05,0.999943683019729
XOM,logistic_regression,1,2020-03-30,1,1,0.987964477108955,0.987964477108955,0.011972983219062861,0.9759914938898921
XOM,logistic_regression,1,2020-03-31,1,1,0.9951636658529385,0.9951636658529385,0.004730423042264997,0.9904332428106735
XOM,logistic_regression,1,2020-04-01,1,1,0.9959114291348689,0.9959114291348689,0.002258031760971867,0.993653397373897
XOM,logistic_regression,1,2020-04-02,1,1,0.9838734318703158,0.9838734318703158,0.008064286911910287,0.9758091449584055
XOM,logistic_regression,1,2020-04-03,1,1,0.9979064555548274,0.9979064555548274,0.0013486343677410206,0.9965578211870864
XOM,logistic_regression,1,2020-04-06,1,1,0.999799526386883,0.999799526386883,0.00019516449340706732,0.9996043618934759
XOM,logistic_regression,1,2020-04-07,0,1,0.9388225672911762,0.9388225672911762,0.05735007292299929,0.8814724943681769
XOM,logistic_regression,1,2020-04-08,-1,1,0.742208243764405,0.742208243764405,0.24227793520891971,0.49993030855548526
XOM,logistic_regression,1,2020-04-09,0,1,0.9919556717600023,0.9919556717600023,0.0044310333330933585,0.987524638426909
XOM,logistic_regression,1,2020-04-13,-1,1,0.9871413906795761,0.9871413906795761,0.012537497591854569,0.9746038930877216
XOM,logistic_regression,1,2020-04-14,-1,1,0.9993705442171957,0.9993705442171957,0.0006167700374361822,0.9987537741797595
XOM,logistic_regression,1,2020-04-15,1,1,0.9980931588747401,0.9980931588747401,0.0018622332903880914,0.9962309255843521
XOM,logistic_regression,1,2020-04-16,1,1,0.9999881855425274,0.9999881855425274,1.168959518194518e-05,0.9999764959473455
XOM,logistic_regression,1,2020-04-17,0,1,0.999869305434261,0.999869305434261,0.00012062449185213543,0.9997486809424089
XOM,logistic_regression,1,2020-04-20,1,1,0.9999994645860859,0.9999994645860859,3.0593562339082503e-07,0.9999991586504625
XOM,logistic_regression,1,2020-04-21,1,1,0.9999997440962138,0.9999997440962138,1.7675021231923287e-07,0.9999995673460015
XOM,logistic_regression,1,2020-04-22,1,1,0.9999369603787042,0.9999369603787042,6.235918853706521e-05,0.9998746011901671
XOM,logistic_regression,1,2020-04-23,1,1,0.9939529729163246,0.9939529729163246,0.005865710738416692,0.9880872621779079
XOM,logistic_regression,1,2020-04-24,0,1,0.9985281915626542,0.9985281915626542,0.001356315376496125,0.997171876186158
XOM,logistic_regression,1,2020-04-27,1,1,0.9991806217909298,0.9991806217909298,0.0007863086092552101,0.9983943131816746
XOM,logistic_regression,1,2020-04-28,0,1,0.9987316083345701,0.9987316083345701,0.001255492091749039,0.9974761162428211
XOM,logistic_regression,1,2020-04-29,-1,1,0.9985300222116406,0.9985300222116406,0.0014220949827593993,0.9971079272288812
XOM,logistic_regression,1,2020-04-30,-1,1,0.9997278339725899,0.9997278339725899,0.00017286552862713582,0.9995549684439627
XOM,logistic_regression,1,2020-05-01,1,1,0.8990481216887432,0.8990481216887432,0.0556058226350465,0.8434422990536966
XOM,logistic_regression,1,2020-05-04,0,1,0.9378262727514035,0.9378262727514035,0.039755488155624234,0.8980707845957793
XOM,logistic_regression,1,2020-05-05,0,1,0.9608465956433841,0.9608465956433841,0.03446892123440943,0.9263776744089747
XOM,logistic_regression,1,2020-05-06,-1,1,0.9829881949765628,0.9829881949765628,0.01134902910773408,0.9716391658688287
XOM,logistic_regression,1,2020-05-07,-1,1,0.7246529376633023,0.7246529376633023,0.2080458628863287,0.5166070747769735
XOM,logistic_regression,1,2020-05-08,-1,1,0.5725300739109129,0.5725300739109129,0.40561910374811766,0.16691097016279527
XOM,logistic_regression,1,2020-05-11,0,1,0.906050365872344,0.906050365872344,0.08256728557133304,0.8234830803010109
XOM,logistic_regression,1,2020-05-12,0,1,0.8958843195890687,0.8958843195890687,0.09795556547958532,0.7979287541094834
XOM,logistic_regression,1,2020-05-13,1,1,0.8800967733605072,0.8800967733605072,0.11698494039299763,0.7631118329675095
XOM,logistic_regression,1,2020-05-14,1,1,0.9477896909207305,0.9477896909207305,0.05166352663728294,0.8961261642834476
XOM,logistic_regression,1,2020-05-15,1,1,0.7577571247109198,0.7577571247109198,0.20523822406651354,0.5525189006444062
XOM,logistic_regression,1,2020-05-18,0,1,0.9340514810534464,0.9340514810534464,0.06133257217045474,0.8727189088829916
XOM,logistic_regression,1,2020-05-19,1,1,0.983837348119837,0.983837348119837,0.010027378275173091,0.973809969844664
XOM,logistic_regression,1,2020-05-20,0,1,0.9077045400857082,0.9077045400857082,0.08646443949800196,0.8212401005877062
XOM,logistic_regression,1,2020-05-21,1,1,0.8478533539722702,0.8478533539722702,0.13215040346402201,0.7157029505082482
XOM,logistic_regression,1,2020-05-22,1,0,0.6033714135630639,0.37516962906250945,0.37516962906250945,0.22820178450055445
XOM,logistic_regression,1,2020-05-26,1,1,0.7255865870825684,0.7255865870825684,0.26082581829842844,0.46476076878413997
XOM,logistic_regression,1,2020-05-27,1,0,0.5100713878650346,0.4311347643813862,0.4311347643813862,0.07893662348364838
XOM,logistic_regression,1,2020-05-28,1,0,0.48556020069455263,0.32099248994207724,0.32099248994207724,0.1645677107524754
XOM,logistic_regression,1,2020-05-29,1,0,0.6333414640493519,0.26237908787416536,0.26237908787416536,0.3709623761751865
XOM,logistic_regression,1,2020-06-01,1,1,0.8657712980251854,0.8657712980251854,0.11459019493697213,0.7511811030882133
XOM,logistic_regression,1,2020-06-02,1,0,0.5894749778127042,0.12047711951846483,0.29004790266883096,0.29942707514387323
XOM,logistic_regression,1,2020-06-03,1,-1,0.5645412426306776,0.13126565505353058,0.3041931023157919,0.26034814031488573
XOM,logistic_regression,1,2020-06-04,-1,0,0.45746453968587286,0.23104655257700524,0.3114889077371218,0.14597563194875107
XOM,logistic_regression,1,2020-06-05,-1,0,0.7036540539295469,0.19862991745446376,0.19862991745446376,0.5050241364750832
XOM,logistic_regression,1,2020-06-08,-1,0,0.5887235928904447,0.1102046990051224,0.3010717081044327,0.28765188478601206
XOM,logistic_regression,1,2020-06-09,-1,0,0.5831254151990224,0.3044737421076493,0.3044737421076493,0.27865167309137306
XOM,logistic_regression,1,2020-06-10,-1,1,0.6737758678561565,0.6737758678561565,0.3155953795847547,0.3581804882714018
XOM,logistic_regression,1,2020-06-11,0,1,0.9944413467907557,0.9944413467907557,0.005504207880011254,0.9889371389107444
XOM,logistic_regression,1,2020-06-12,-1,1,0.99243369469506,0.99243369469506,0.007546735629490922,0.9848869590655691
XOM,logistic_regression,1,2020-06-15,0,1,0.9996205211176104,0.9996205211176104,0.00034141819031822837,0.9992791029272922
XOM,logistic_regression,1,2020-06-16,-1,1,0.9955718796029052,0.9955718796029052,0.003936576595648097,0.9916353030072571
XOM,logistic_regression,1,2020-06-17,-1,1,0.9991300992475178,0.9991300992475178,0.0007754191883753513,0.9983546800591425
XOM,logistic_regression,1,2020-06-18,-1,1,0.9775539509507071,0.9775539509507071,0.02188419754777686,0.9556697534029303
XOM,logistic_regression,1,2020-06-19,-1,1,0.8461304371111199,0.8461304371111199,0.14739248210401631,0.6987379550071036
XOM,logistic_regression,1,2020-06-22,-1,1,0.8357827303890417,0.8357827303890417,0.15771300286802684,0.6780697275210149
XOM,logistic_regression,1,2020-06-23,-1,1,0.8782387796554613,0.8782387796554613,0.11225694382926846,0.7659818358261928
XOM,logistic_regression,1,2020-06-24,0,1,0.9227942973687249,0.9227942973687249,0.06552347171790522,0.8572708256508197
XOM,logistic_regression,1,2020-06-25,-1,1,0.9117484216976594,0.9117484216976594,0.05750772439721478,0.8542406973004446
XOM,logistic_regression,1,2020-06-26,0,1,0.9110266608140132,0.9110266608140132,0.059839704770422025,0.8511869560435912
XOM,logistic_regression,1,2020-06-29,-1,1,0.8789645712458679,0.8789645712458679,0.09198120536092538,0.7869833658849426
XOM,logistic_regression,1,2020-06-30,-1,1,0.6000640559992063,0.6000640559992063,0.2836966387532384,0.3163674172459679
XOM,logistic_regression,1,2020-07-01,-1,-1,0.3587046404894655,0.3363572717284152,0.3363572717284152,0.022347368761050312
XOM,logistic_regression,1,2020-07-02,-1,0,0.3581076633210151,0.3347429098571693,0.3347429098571693,0.02336475346384581
XOM,logistic_regression,1,2020-07-06,-1,0,0.544304880854763,0.023666224796720262,0.4320288943485167,0.11227598650624632
XOM,logistic_regression,1,2020-07-07,0,-1,0.5380367734318913,0.018609255584152086,0.4433539709839567,0.09468280244793459
XOM,logistic_regression,1,2020-07-08,1,0,0.5679214594610309,0.01714861437838373,0.4149299261605854,0.15299153330044551
XOM,logistic_regression,1,2020-07-09,1,0,0.6007933544587598,0.09790806576172785,0.3012985797795124,0.2994947746792474
XOM,logistic_regression,1,2020-07-10,1,1,0.4457068237060927,0.4457068237060927,0.32456590480868813,0.12114091889740458
XOM,logistic_regression,1,2020-07-13,0,1,0.4943553108520126,0.4943553108520126,0.3634948176523831,0.1308604931996295
XOM,logistic_regression,1,2020-07-14,0,-1,0.5334770743682615,0.2555148268160255,0.2555148268160255,0.27796224755223603
XOM,logistic_regression,1,2020-07-15,-1,0,0.3689711564333242,0.2995379006470527,0.33149094291962306,0.03748021351370112
XOM,logistic_regression,1,2020-07-16,0,0,0.45568616644477183,0.3830071568200166,0.3830071568200166,0.07267900962475521
XOM,logistic_regression,1,2020-07-17,0,0,0.5906716137940767,0.2883487244869334,0.2883487244869334,0.30232288930714335
XOM,logistic_regression,1,2020-07-20,1,0,0.6216854824713773,0.34513062927008026,0.34513062927008026,0.2765548532012971
XOM,logistic_regression,1,2020-07-21,-1,0,0.4921471338806183,0.36556162446072066,0.36556162446072066,0.12658550941989766
XOM,logistic_regression,1,2020-07-22,0,1,0.8089134179522979,0.8089134179522979,0.15669400117453683,0.6522194167777611
XOM,logistic_regression,1,2020-07-23,-1,1,0.9228380893891411,0.9228380893891411,0.04988251718552125,0.8729555722036199
XOM,logistic_regression,1,2020-07-24,-1,1,0.7287015801714879,0.7287015801714879,0.19577166566195117,0.5329299145095368
XOM,logistic_regression,1,2020-07-27,-1,1,0.7594960696041408,0.7594960696041408,0.2019413290383019,0.557554740565839
XOM,logistic_regression,1,2020-07-28,0,1,0.7920233706448913,0.7920233706448913,0.14443425427594495,0.6475891163689463
XOM,logistic_regression,1,2020-07-29,0,1,0.5314989862335459,0.5314989862335459,0.40960027706435714,0.12189870916918871
XOM,logistic_regression,1,2020-07-30,1,1,0.8810228388941782,0.8810228388941782,0.11104775011420563,0.7699750887799726
XOM,logistic_regression,1,2020-07-31,1,1,0.7847385079458451,0.7847385079458451,0.20366139991510185,0.5810771080307433
XOM,logistic_regression,1,2020-08-03,1,1,0.8998228489963596,0.8998228489963596,0.0912472358599571,0.8085756131364025
XOM,logistic_regression,1,2020-08-04,1,1,0.775185209033452,0.775185209033452,0.1807956307810599,0.5943895782523921
XOM,logistic_regression,1,2020-08-05,1,1,0.9205180065823214,0.9205180065823214,0.06127637687828842,0.859241629704033
XOM,logistic_regression,1,2020-08-06,0,1,0.95607411914931,0.95607411914931,0.04135670939584353,0.9147174097534664
XOM,logistic_regression,1,2020-08-07,0,1,0.8468248833702673,0.8468248833702673,0.14432484573702123,0.7025000376332461
XOM,logistic_regression,1,2020-08-10,-1,1,0.7086155405269022,0.7086155405269022,0.27606144825669315,0.4325540922702091
XOM,logistic_regression,1,2020-08-11,-1,1,0.6110886361444459,0.6110886361444459,0.30164678214265017,0.3094418540017957
XOM,logistic_regression,1,2020-08-12,-1,1,0.48831034926154726,0.48831034926154726,0.4424677543397922,0.045842594921755075
XOM,logistic_regression,1,2020-08-13,-1,1,0.528829594935198,0.528829594935198,0.3527324890172992,0.1760971059178988
XOM,logistic_regression,1,2020-08-14,-1,1,0.5104149795204274,0.5104149795204274,0.4298221231059009,0.08059285641452646
XOM,logistic_regression,1,2020-08-17,0,1,0.8374896610590717,0.8374896610590717,0.15208474345323333,0.6854049176058384
XOM,logistic_regression,1,2020-08-18,-1,0,0.5529786155477906,0.27579004138264834,0.27579004138264834,0.27718857416514225
XOM,logistic_regression,1,2020-08-19,-1,1,0.5344707228493953,0.5344707228493953,0.36901974154663614,0.1654509813027592
XOM,logistic_regression,1,2020-08-20,-1,1,0.4629220226020179,0.4629220226020179,0.44677089034916645,0.016151132252851474
XOM,logistic_regression,1,2020-08-21,0,1,0.5167157648097784,0.5167157648097784,0.37677226155936805,0.13994350325041038
XOM,logistic_regression,1,2020-08-24,-1,0,0.47053174770290873,0.2106361381997492,0.3188321140973421,0.15169963360556665
XOM,logistic_regression,1,2020-08-25,-1,1,0.4188465617103454,0.4188465617103454,0.35725948317609146,0.061587078534253936
XOM,logistic_regression,1,2020-08-26,-1,0,0.5586802361291318,0.3452904829446706,0.3452904829446706,0.21338975318446118
XOM,logistic_regression,1,2020-08-27,0,1,0.6958969821252938,0.6958969821252938,0.27143728197711453,0.4244597001481793
XOM,logistic_regression,1,2020-08-28,-1,1,0.6629357441143622,0.6629357441143622,0.29580929601968475,0.3671264480946774
XOM,logistic_regression,1,2020-08-31,-1,1,0.9186799898643179,0.9186799898643179,0.05957525155980804,0.8591047383045098
XOM,logistic_regression,1,2020-09-01,-1,1,0.6830872500727012,0.6830872500727012,0.26054824622397077,0.42253900384873044
XOM,logistic_regression,1,2020-09-02,-1,1,0.46928836520810613,0.46928836520810613,0.4644601865211593,0.004828178686946849
XOM,logistic_regression,1,2020-09-03,-1,1,0.5811102085983965,0.5811102085983965,0.2643714593343445,0.31673874926405193
XOM,logistic_regression,1,2020-09-04,-1,1,0.7380362827634829,0.7380362827634829,0.1501296754281471,0.5879066073353358
XOM,logistic_regression,1,2020-09-08,-1,-1,0.5900225079807543,0.19607564246243883,0.21390184955680686,0.37612065842394743
XOM,logistic_regression,1,2020-09-09,0,0,0.4426762233979855,0.13631391528816109,0.42100986131385354,0.021666362084131974
XOM,logistic_regression,1,2020-09-10,1,-1,0.561715241702192,0.1516701814565147,0.28661457684129327,0.27510066486089874
XOM,logistic_regression,1,2020-09-11,0,1,0.3778579658186071,0.3778579658186071,0.3204218131416475,0.05743615267695956
XOM,logistic_regression,1,2020-09-14,0,-1,0.5207639567537976,0.12591131230507044,0.3533247309411319,0.16743922581266568
XOM,logistic_regression,1,2020-09-15,-1,-1,0.6207963560331332,0.10609197043727107,0.2731116735295957,0.3476846825035375
XOM,logistic_regression,1,2020-09-16,-1,-1,0.6442729067733401,0.1921859764731788,0.1921859764731788,0.45208693030016134
XOM,logistic_regression,1,2020-09-17,-1,1,0.45020016633651705,0.45020016633651705,0.3994883940076479,0.05071177232886914
XOM,logistic_regression,1,2020-09-18,-1,1,0.5693622356205199,0.5693622356205199,0.21906839456721908,0.35029384105330086
XOM,logistic_regression,1,2020-09-21,-1,1,0.6731617940142858,0.6731617940142858,0.2178111634866657,0.45535063052762004
XOM,logistic_regression,1,2020-09-22,-1,0,0.5967287505241571,0.3091714631931766,0.3091714631931766,0.28755728733098046
XOM,logistic_regression,1,2020-09-23,0,1,0.7987474486646371,0.7987474486646371,0.1557306133151514,0.6430168353494857
XOM,logistic_regression,1,2020-09-24,-1,1,0.920885279002723,0.920885279002723,0.06573565637350566,0.8551496226292173
XOM,logistic_regression,1,2020-09-25,-1,1,0.9372694211695572,0.9372694211695572,0.0476475438482938,0.8896218773212634
XOM,logistic_regression,1,2020-09-28,-1,1,0.8796310119672182,0.8796310119672182,0.09097490441535191,0.7886561075518662
XOM,logistic_regression,1,2020-09-29,-1,1,0.9514166984835521,0.9514166984835521,0.03387458710836374,0.9175421113751884
XOM,logistic_regression,1,2020-09-30,-1,1,0.5638679216056596,0.5638679216056596,0.4040294989175113,0.1598384226881483
XOM,logistic_regression,1,2020-10-01,1,1,0.5912104399862728,0.5912104399862728,0.3908693105990295,0.20034112938724324
XOM,logistic_regression,1,2020-10-02,1,1,0.5921724195282964,0.5921724195282964,0.32088029812537266,0.2712921214029237
XOM,logistic_regression,1,2020-10-05,1,1,0.7766343370814489,0.7766343370814489,0.18704312517899274,0.5895912119024562
XOM,logistic_regression,1,2020-10-06,1,1,0.8169495964933321,0.8169495964933321,0.0925033309155247,0.7244462655778074
XOM,logistic_regression,1,2020-10-07,0,1,0.8847851912302324,0.8847851912302324,0.08422691377997923,0.8005582774502531
XOM,logistic_regression,1,2020-10-08,-1,1,0.8645062719221148,0.8645062719221148,0.0863894491806729,0.7781168227414419
XOM,logistic_regression,1,2020-10-09,0,1,0.9121042936681705,0.9121042936681705,0.07235023893085532,0.8397540547373151
XOM,logistic_regression,1,2020-10-12,-1,1,0.8888897825184204,0.8888897825184204,0.10536199814315349,0.7835277843752669
XOM,logistic_regression,1,2020-10-13,0,1,0.8797972169735415,0.8797972169735415,0.1146491098076818,0.7651481071658597
XOM,logistic_regression,1,2020-10-14,-1,1,0.5122083374806072,0.5122083374806072,0.4477181964988391,0.06449014098176814
XOM,logistic_regression,1,2020-10-15,0,1,0.5185553969510331,0.5185553969510331,0.2551359277582917,0.26341946919274145
XOM,logistic_regression,1,2020-10-16,0,1,0.7219334544829517,0.7219334544829517,0.1728376482600736,0.549095806222878
XOM,logistic_regression,1,2020-10-19,0,1,0.7447247064989971,0.7447247064989971,0.1519007597118083,0.5928239467871889
XOM,logistic_regression,1,2020-10-20,-1,1,0.8507027730062128,0.8507027730062128,0.12745065989887877,0.723252113107334
XOM,logistic_regression,1,2020-10-21,-1,1,0.9532362939343905,0.9532362939343905,0.03821247812203929,0.9150238158123511
XOM,logistic_regression,1,2020-10-22,-1,1,0.6576796285912554,0.6576796285912554,0.19899295704565526,0.45868667154560017
XOM,logistic_regression,1,2020-10-23,-1,1,0.887171764055395,0.887171764055395,0.07147709276455066,0.8156946712908444
XOM,logistic_regression,1,2020-10-26,0,1,0.7938363542497566,0.7938363542497566,0.1657521170068319,0.6280842372429247
XOM,logistic_regression,1,2020-10-27,0,1,0.9225868330978142,0.9225868330978142,0.07189455930548817,0.850692273792326
XOM,logistic_regression,1,2020-10-28,1,1,0.9325084472496636,0.9325084472496636,0.06240695297584175,0.8701014942738219
XOM,logistic_regression,1,2020-10-29,0,1,0.9871887504842457,0.9871887504842457,0.010847077933946138,0.9763416725502996
XOM,logistic_regression,1,2020-10-30,0,1,0.9973689866545953,0.9973689866545953,0.0019526907120499643,0.9954162959425453
XOM,logistic_regression,1,2020-11-02,1,1,0.9910602524015256,0.9910602524015256,0.006647091212820614,0.984413161188705
XOM,logistic_regression,1,2020-11-03,1,1,0.9946306553152032,0.9946306553152032,0.004771743905560201,0.989858911409643
XOM,logistic_regression,1,2020-11-04,1,1,0.9671507648629616,0.9671507648629616,0.03192967107475738,0.9352210937882042
XOM,logistic_regression,1,2020-11-05,1,1,0.6373604458280611,0.6373604458280611,0.34783232494912086,0.2895281208789402
XOM,logistic_regression,1,2020-11-06,1,1,0.7045797967876612,0.7045797967876612,0.28481087361675483,0.4197689231709064
XOM,logistic_regression,1,2020-11-09,1,1,0.9686086608666221,0.9686086608666221,0.030999233750132922,0.9376094271164892
XOM,logistic_regression,1,2020-11-10,1,1,0.9979469624216755,0.9979469624216755,0.001883921260225756,0.9960630411614497
XOM,logistic_regression,1,2020-11-11,1,1,0.996577796437666,0.996577796437666,0.003339210642241278,0.9932385857954247
XOM,logistic_regression,1,2020-11-12,1,1,0.9770346567481498,0.9770346567481498,0.022797331125942604,0.9542373256222072
XOM,logistic_regression,1,2020-11-13,1,1,0.87369511862442,0.87369511862442,0.1262450694692838,0.7474500491551361
XOM,logistic_regression,1,2020-11-16,1,1,0.9874815160867598,0.9874815160867598,0.01246097644694651,0.9750205396398133
XOM,logistic_regression,1,2020-11-17,1,1,0.9980029534660285,0.9980029534660285,0.001854496828399578,0.996148456637629
XOM,logistic_regression,1,2020-11-18,1,1,0.9992389856958628,0.9992389856958628,0.0007469218293191908,0.9984920638665435
XOM,logistic_regression,1,2020-11-19,1,1,0.9783096728658799,0.9783096728658799,0.021590087511716424,0.9567195853541635
XOM,logistic_regression,1,2020-11-20,1,1,0.996395314562862,0.996395314562862,0.003595510119481073,0.9927998044433809
XOM,logistic_regression,1,2020-11-23,-1,1,0.9016431609169209,0.9016431609169209,0.0911023045294104,0.8105408563875105
XOM,logistic_regression,1,2020-11-24,-1,1,0.9920331047753572,0.9920331047753572,0.007115584852945464,0.9849175199224117
XOM,logistic_regression,1,2020-11-25,0,1,0.9995382325281702,0.9995382325281702,0.0004461015641964645,0.9990921309639738
XOM,logistic_regression,1,2020-11-27,1,1,0.9951623277091332,0.9951623277091332,0.004720223052201646,0.9904421046569315
XOM,logistic_regression,1,2020-11-30,1,1,0.9877657228172729,0.9877657228172729,0.012190936117313872,0.975574786699959
XOM,logistic_regression,1,2020-12-01,1,1,0.9126107312113404,0.9126107312113404,0.0869615175623912,0.8256492136489492
XOM,logistic_regression,1,2020-12-02,1,1,0.9965930455403743,0.9965930455403743,0.0030767462002137765,0.9935162993401605
XOM,logistic_regression,1,2020-12-03,1,1,0.9995519573235676,0.9995519573235676,0.000421639651387172,0.9991303176721804
XOM,logistic_regression,1,2020-12-04,1,1,0.9997284411326157,0.9997284411326157,0.00025975150356910613,0.9994686896290466
XOM,logistic_regression,1,2020-12-07,1,1,0.9998539070558813,0.9998539070558813,0.00014463105063504048,0.9997092760052463
XOM,logistic_regression,1,2020-12-08,0,1,0.701865212376442,0.701865212376442,0.25885529008415015,0.4430099222922918
XOM,logistic_regression,1,2020-12-09,1,0,0.5418967585348035,0.30013760676681317,0.30013760676681317,0.2417591517679903
XOM,logistic_regression,1,2020-12-10,0,1,0.4616370086674537,0.4616370086674537,0.41101897473036925,0.05061803393708447
XOM,logistic_regression,1,2020-12-11,-1,1,0.9652836071825849,0.9652836071825849,0.0290661137529741,0.9362174934296108
XOM,logistic_regression,1,2020-12-14,0,1,0.8514775483889144,0.8514775483889144,0.12350871788110496,0.7279688305078095
XOM,logistic_regression,1,2020-12-15,-1,0,0.46797245867857923,0.43617184446985924,0.43617184446985924,0.03180061420871999
XOM,logistic_regression,1,2020-12-16,-1,0,0.5028921785680817,0.24219881740610172,0.2549090040258166,0.24798317454226504
XOM,logistic_regression,1,2020-12-17,-1,1,0.8821407120803879,0.8821407120803879,0.08410237154464553,0.7980383405357424
XOM,logistic_regression,1,2020-12-18,-1,1,0.7129722398973063,0.7129722398973063,0.18722050198230777,0.5257517379149985
XOM,logistic_regression,1,2020-12-21,0,1,0.8421619048056187,0.8421619048056187,0.10614513650067264,0.7360167683049461
XOM,logistic_regression,1,2020-12-22,0,0,0.5007667994882377,0.28820954679128175,0.28820954679128175,0.2125572526969559
XOM,logistic_regression,1,2020-12-23,0,-1,0.609513867312188,0.027405339064760916,0.36308079362305107,0.24643307368913697
XOM,logistic_regression,1,2020-12-24,0,-1,0.5502971726992676,0.0851678601232715,0.36453496717746087,0.18576220552180672
XOM,logistic_regression,1,2020-12-28,1,0,0.4659079154431586,0.08144920824551677,0.4526428763113246,0.013265039131834022
XOM,logistic_regression,1,2020-12-29,1,1,0.6366900348782459,0.6366900348782459,0.20116280390231991,0.43552723097592605
XOM,logistic_regression,1,2020-12-30,1,0,0.40704134382647067,0.3231090154007311,0.3231090154007311,0.08393232842573956
XOM,logistic_regression,1,2020-12-31,1,-1,0.4602586477630106,0.12038235505078838,0.41935899718620107,0.040899650576809554
XOM,logistic_regression,1,2021-01-04,1,-1,0.6627327538604669,0.07160586393215207,0.26566138220738095,0.397071371653086
XOM,logistic_regression,1,2021-01-05,1,-1,0.9001546982764553,0.014672081607272612,0.08517322011627203,0.8149814781601833
XOM,logistic_regression,1,2021-01-06,1,-1,0.6098104492005357,0.18912819997528918,0.20106135082417514,0.4087490983763606
XOM,logistic_regression,1,2021-01-07,1,-1,0.7187317395065957,0.06375137146866752,0.2175168890247367,0.501214850481859
XOM,logistic_regression,1,2021-01-08,1,-1,0.6361079526877902,0.021452555478309012,0.34243949183390077,0.2936684608538894
XOM,logistic_regression,1,2021-01-11,1,-1,0.9034396772264933,0.0010611079647036513,0.09549921480880315,0.8079404624176901
XOM,logistic_regression,1,2021-01-12,1,-1,0.8118884013607947,0.0063244448078189335,0.18178715383138647,0.6301012475294082
XOM,logistic_regression,1,2021-01-13,0,-1,0.6853420916932255,0.05781938926731599,0.25683851903945853,0.42850357265376693
XOM,logistic_regression,1,2021-01-14,-1,-1,0.8919339877829082,0.007248502248826106,0.10081750996826562,0.7911164778146426
XOM,logistic_regression,1,2021-01-15,-1,-1,0.42060414710574323,0.23558284032902346,0.3438130125652333,0.07679113454050995
XOM,logistic_regression,1,2021-01-19,-1,0,0.5958897870251277,0.2721610170403065,0.2721610170403065,0.32372876998482125
XOM,logistic_regression,1,2021-01-20,-1,0,0.5590334084911985,0.3378082622596951,0.3378082622596951,0.2212251462315034
XOM,logistic_regression,1,2021-01-21,-1,1,0.6906761137377312,0.6906761137377312,0.2726991871561221,0.41797692658160907
XOM,logistic_regression,1,2021-01-22,-1,1,0.9559330014406827,0.9559330014406827,0.037760220397794,0.9181727810428887
XOM,logistic_regression,1,2021-01-25,-1,1,0.8549740692937958,0.8549740692937958,0.13855995271047739,0.7164141165833184
XOM,logistic_regression,1,2021-01-26,0,1,0.8852113514462671,0.8852113514462671,0.10592420447539362,0.7792871469708734
XOM,logistic_regression,1,2021-01-27,1,1,0.9234738818639019,0.9234738818639019,0.05254283919355916,0.8709310426703427
XOM,logistic_regression,1,2021-01-28,1,1,0.9620735675385276,0.9620735675385276,0.035329638066155425,0.9267439294723722
XOM,logistic_regression,1,2021-01-29,1,1,0.9120792500877989,0.9120792500877989,0.06272361126900816,0.8493556388187907
XOM,logistic_regression,1,2021-02-01,1,1,0.9399666078078055,0.9399666078078055,0.05028861390199893,0.8896779939058066
XOM,logistic_regression,1,2021-02-02,1,1,0.816958604553349,0.816958604553349,0.1277795354923851,0.6891790690609639
XOM,logistic_regression,1,2021-02-03,1,1,0.4202253111771092,0.4202253111771092,0.40203655607001076,0.018188755107098442
XOM,logistic_regression,1,2021-02-04,1,1,0.5108781645868945,0.5108781645868945,0.3433782846335041,0.16749987995339038
XOM,logistic_regression,1,2021-02-05,1,1,0.460120534600352,0.460120534600352,0.2871846640279895,0.17293587057236254
XOM,logistic_regression,1,2021-02-08,0,1,0.3524731871034582,0.3524731871034582,0.3364236109758704,0.016049576127587784
XOM,logistic_regression,1,2021-02-09,1,-1,0.44100940560669855,0.2129667422522841,0.3460238521410173,0.09498555346568127
XOM,logistic_regression,1,2021-02-10,0,-1,0.49915644240611395,0.08828018284713066,0.41256337474675536,0.08659306765935859
XOM,logistic_regression,1,2021-02-11,1,0,0.5437505466332163,0.09362785429544654,0.3626215990713371,0.1811289475618792
XOM,logistic_regression,1,2021-02-12,1,-1,0.6466730878224515,0.01673404209351067,0.3365928700840379,0.3100802177384136
XOM,logistic_regression,1,2021-02-16,1,-1,0.5249010507335184,0.22062925065568742,0.25446969861079416,0.2704313521227243
XOM,logistic_regression,1,2021-02-17,1,-1,0.7581804803091899,0.08073287634381583,0.16108664334699418,0.5970938369621958
XOM,logistic_regression,1,2021-02-18,1,-1,0.578726063020303,0.1130940129890419,0.308179923990655,0.270546139029648
XOM,logistic_regression,1,2021-02-19,1,0,0.6587409161608663,0.1907752167395925,0.1907752167395925,0.46796569942127375
XOM,logistic_regression,1,2021-02-22,1,0,0.5310013365571482,0.12666399394264372,0.3423346695002081,0.18866666705694013
XOM,logistic_regression,1,2021-02-23,0,0,0.526466690103337,0.24118046820676434,0.24118046820676434,0.2852862218965727
XOM,logistic_regression,1,2021-02-24,0,1,0.5543565130440509,0.5543565130440509,0.2668974489108416,0.28745906413320926
XOM,logistic_regression,1,2021-02-25,1,1,0.8120561457858713,0.8120561457858713,0.1268543976319111,0.6852017481539602
XOM,logistic_regression,1,2021-02-26,1,1,0.7783747602057294,0.7783747602057294,0.1781067182025122,0.6002680420032172
XOM,logistic_regression,1,2021-03-01,1,1,0.9213706956175358,0.9213706956175358,0.07391339438144211,0.8474573012360938
XOM,logistic_regression,1,2021-03-02,1,1,0.9803746034000074,0.9803746034000074,0.017456843619597644,0.9629177597804097
XOM,logistic_regression,1,2021-03-03,1,1,0.9759452230374052,0.9759452230374052,0.016452209430802545,0.9594930136066027
XOM,logistic_regression,1,2021-03-04,1,1,0.8778276225392103,0.8778276225392103,0.08159558180438906,0.7962320407348212
XOM,logistic_regression,1,2021-03-05,0,1,0.8478408239159023,0.8478408239159023,0.10162589096256519,0.7462149329533372
XOM,logistic_regression,1,2021-03-08,0,1,0.6695095687745354,0.6695095687745354,0.18393722474377178,0.4855723440307636
XOM,logistic_regression,1,2021-03-09,0,0,0.5582164243018999,0.23693460896643212,0.23693460896643212,0.32128181533546774
XOM,logistic_regression,1,2021-03-10,-1,0,0.7021481915848857,0.185844490736582,0.185844490736582,0.5163037008483038
XOM,logistic_regression,1,2021-03-11,-1,0,0.4559429019406446,0.4479169146058282,0.4479169146058282,0.008025987334816354
XOM,logistic_regression,1,2021-03-12,-1,1,0.8758822066038622,0.8758822066038622,0.09358913950099793,0.7822930671028643
XOM,logistic_regression,1,2021-03-15,-1,1,0.8031527124248948,0.8031527124248948,0.157329644826984,0.6458230675979109
XOM,logistic_regression,1,2021-03-16,-1,1,0.680253436436259,0.680253436436259,0.27930969789826243,0.4009437385379966
XOM,logistic_regression,1,2021-03-17,-1,1,0.70727296317056,0.70727296317056,0.22553813656733565,0.4817348266032243
XOM,logistic_regression,1,2021-03-18,0,1,0.8469387504703085,0.8469387504703085,0.11365837320133018,0.7332803772689783
XOM,logistic_regression,1,2021-03-19,1,1,0.612869198468421,0.612869198468421,0.277875442172133,0.334993756296288
XOM,logistic_regression,1,2021-03-22,1,1,0.48597963520814824,0.48597963520814824,0.29742227514379915,0.1885573600643491
XOM,logistic_regression,1,2021-03-23,1,-1,0.5340576128982379,0.2758386891689995,0.2758386891689995,0.25821892372923844
XOM,logistic_regression,1,2021-03-24,0,-1,0.764824890544249,0.07487420142809009,0.1603009080276611,0.6045239825165879
XOM,logistic_regression,1,2021-03-25,1,-1,0.8606288254483256,0.053961274169521616,0.08540990038215271,0.775218925066173
XOM,logistic_regression,1,2021-03-26,-1,-1,0.46396188442305314,0.2906754960706499,0.2906754960706499,0.17328638835240323
XOM,logistic_regression,1,2021-03-29,0,-1,0.6577318775960167,0.1630732663318541,0.17919485607212926,0.47853702152388744
XOM,logistic_regression,1,2021-03-30,0,-1,0.48579982752021317,0.22730839030335934,0.28689178217642747,0.1989080453437857
XOM,logistic_regression,1,2021-03-31,0,-1,0.5005214373993964,0.18646779247788783,0.3130107701227158,0.1875106672766806
XOM,logistic_regression,1,2021-04-01,-1,-1,0.8854717619763949,0.010497362091607893,0.10403087593199722,0.7814408860443977
XOM,logistic_regression,1,2021-04-05,0,-1,0.9162363392888263,0.009263483910222385,0.07450017680095133,0.841736162487875
XOM,logistic_regression,1,2021-04-06,0,-1,0.9348095689882214,0.007056664764265047,0.05813376624751357,0.8766758027407079
XOM,logistic_regression,1,2021-04-07,0,-1,0.8233890409421964,0.030067164783417016,0.14654379427438638,0.6768452466678101
XOM,logistic_regression,1,2021-04-08,0,-1,0.8174209065316842,0.006242633119605739,0.17633646034871012,0.6410844461829741
XOM,logistic_regression,1,2021-04-09,0,-1,0.7884892424231259,0.01389278780141364,0.1976179697754604,0.5908712726476655
XOM,logistic_regression,1,2021-04-12,0,-1,0.8207553877550359,0.002265684944116701,0.1769789273008474,0.6437764604541885
XOM,logistic_regression,1,2021-04-13,0,-1,0.7114962902209896,0.009666324194627617,0.2788373855843828,0.4326589046366068
XOM,logistic_regression,1,2021-04-14,-1,-1,0.7935158035186732,0.01859234230840289,0.18789185417292403,0.6056239493457491
XOM,logistic_regression,1,2021-04-15,-1,-1,0.604554579901389,0.053641504039049166,0.3418039160595617,0.2627506638418274
XOM,logistic_regression,1,2021-04-16,0,-1,0.5182373002911429,0.0682868387192978,0.41347586098955935,0.10476143930158355
XOM,logistic_regression,1,2021-04-19,0,-1,0.5071806359716674,0.07844338679384165,0.4143759772344909,0.09280465873717653
XOM,logistic_regression,1,2021-04-20,1,0,0.48544255440849027,0.20330905636790597,0.3112483892236039,0.17419416518488634
XOM,logistic_regression,2,2021-04-21,1,-1,0.5219293041710754,0.18369817418039025,0.2943725216485344,0.22755678252254102
XOM,logistic_regression,2,2021-04-22,1,0,0.40241274818986855,0.21585505691634824,0.3817321948937831,0.020680553296085424
XOM,logistic_regression,2,2021-04-23,1,0,0.41263290365667654,0.17989398318743052,0.40747311315589285,0.00515979050078369
XOM,logistic_regression,2,2021-04-26,1,0,0.4055764680153632,0.19497079265326922,0.39945273933136755,0.006123728683995633
XOM,logistic_regression,2,2021-04-27,1,0,0.45130219561925705,0.19141083548530283,0.35728696889544015,0.0940152267238169
XOM,logistic_regression,2,2021-04-28,1,0,0.41199308473377144,0.20921088646157365,0.3787960288046549,0.03319705592911654
XOM,logistic_regression,2,2021-04-29,1,0,0.4680816820596763,0.2357457712533642,0.29617254668695936,0.17190913537271696
XOM,logistic_regression,2,2021-04-30,1,-1,0.38354640673193524,0.2419177405412468,0.37453585272681794,0.0090105540051173
XOM,logistic_regression,2,2021-05-03,1,0,0.39151924495090357,0.2552489380326083,0.35323181701648815,0.03828742793441542
XOM,logistic_regression,2,2021-05-04,1,0,0.4070387213137761,0.3063936016752488,0.3063936016752488,0.10064511963852729
XOM,logistic_regression,2,2021-05-05,0,-1,0.3716172749846356,0.28051658712125577,0.34786613789410864,0.023751137090526953
XOM,logistic_regression,2,2021-05-06,-1,1,0.347031548618096,0.347031548618096,0.3297262734591204,0.017305275158975564
XOM,logistic_regression,2,2021-05-07,0,0,0.34837532539909793,0.3395394594213815,0.3395394594213815,0.008835865977716462
XOM,logistic_regression,2,2021-05-10,0,1,0.36958641066991516,0.36958641066991516,0.3662034807309976,0.003382929938917534
XOM,logistic_regression,2,2021-05-11,0,1,0.40212460770386643,0.40212460770386643,0.3423338902278663,0.05979071747600012
XOM,logistic_regression,2,2021-05-12,0,-1,0.36855741723766544,0.30406046973969797,0.3273821130226366,0.04117530421502885
XOM,logistic_regression,2,2021-05-13,0,-1,0.38493004744597875,0.3020253212580608,0.3130446312959605,0.07188541615001826
XOM,logistic_regression,2,2021-05-14,-1,-1,0.37425813349188713,0.2856397970037798,0.34010206950433297,0.034156063987554164
XOM,logistic_regression,2,2021-05-17,-1,1,0.3735448348721397,0.3735448348721397,0.36920206373513653,0.004342771137003154
XOM,logistic_regression,2,2021-05-18,-1,1,0.4576170540969869,0.4576170540969869,0.31633228448300704,0.14128476961397984
XOM,logistic_regression,2,2021-05-19,0,1,0.37203133670071287,0.37203133670071287,0.35640127764188184,0.015630059058831025
XOM,logistic_regression,2,2021-05-20,0,1,0.35919573531407645,0.35919573531407645,0.34080891043064665,0.018386824883429798
XOM,logistic_regression,2,2021-05-21,0,-1,0.3491481959496641,0.32474944941866046,0.32610235463167536,0.023045841317988758
XOM,logistic_regression,2,2021-05-24,0,-1,0.38970837996801505,0.3374059522738234,0.3374059522738234,0.05230242769419163
XOM,logistic_regression,2,2021-05-25,1,1,0.4060787986173713,0.4060787986173713,0.3569470065044931,0.04913179211287816
XOM,logistic_regression,2,2021-05-26,1,-1,0.36381497230660875,0.3411733988142187,0.3411733988142187,0.022641573492390044
XOM,logistic_regression,2,2021-05-27,1,1,0.39372953963723045,0.39372953963723045,0.3413612607701115,0.05236827886711898
XOM,logistic_regression,2,2021-05-28,1,0,0.35801021225468477,0.3078466722774448,0.3341431154678705,0.023867096786814257
XOM,logistic_regression,2,2021-06-01,1,1,0.3479059010533612,0.3479059010533612,0.34072988340774585,0.0071760176456153735
XOM,logistic_regression,2,2021-06-02,1,0,0.37873746650276124,0.3627696764611015,0.3627696764611015,0.01596779004165977
XOM,logistic_regression,2,2021-06-03,1,0,0.42700075857433867,0.30033398172600145,0.30033398172600145,0.12666677684833721
XOM,logistic_regression,2,2021-06-04,0,0,0.4890887310604516,0.29133673436250335,0.29133673436250335,0.19775199669794824
XOM,logistic_regression,2,2021-06-07,0,0,0.5308079732023574,0.24287807310606063,0.24287807310606063,0.28792990009629676
XOM,logistic_regression,2,2021-06-08,1,0,0.45922017433113105,0.2520348929847748,0.2887449326840942,0.17047524164703687
XOM,logistic_regression,2,2021-06-09,1,0,0.48433770412812954,0.280019028124661,0.280019028124661,0.20431867600346854
XOM,logistic_regression,2,2021-06-10,0,0,0.5258725436499196,0.23557086763339075,0.23855658871668958,0.28731595493323003
XOM,logistic_regression,2,2021-06-11,-1,0,0.5026579981276705,0.26593997951250975,0.26593997951250975,0.23671801861516079
XOM,logistic_regression,2,2021-06-14,0,0,0.5080130790186717,0.23657563396697825,0.2554112870143502,0.2526017920043215
XOM,logistic_regression,2,2021-06-15,0,0,0.5048639598380265,0.21221701429216028,0.28291902586981316,0.2219449339682133
XOM,logistic_regression,2,2021-06-16,0,0,0.5487136001152192,0.23212740917843017,0.23212740917843017,0.316586190936789
XOM,logistic_regression,2,2021-06-17,1,-1,0.39707342431212356,0.3342302812815089,0.3342302812815089,0.06284314303061467
XOM,logistic_regression,2,2021-06-18,1,1,0.3676088834305745,0.3676088834305745,0.330755614001626,0.03685326942894851
XOM,logistic_regression,2,2021-06-21,0,1,0.38182429654338323,0.38182429654338323,0.3317050821905411,0.05011921435284211
XOM,logistic_regression,2,2021-06-22,0,1,0.37762763301265206,0.37762763301265206,0.3546887199040445,0.022938913108607573
XOM,logistic_regression,2,2021-06-23,0,1,0.42319947655979734,0.42319947655979734,0.2937654708820723,0.12943400567772506
XOM,logistic_regression,2,2021-06-24,0,1,0.4580534629173772,0.4580534629173772,0.3345282019650842,0.12352526095229299
XOM,logistic_regression,2,2021-06-25,-1,1,0.45833833419450715,0.45833833419450715,0.36753958652896446,0.09079874766554269
XOM,logistic_regression,2,2021-06-28,-1,1,0.485950204928741,0.485950204928741,0.27481792106773834,0.2111322838610027
XOM,logistic_regression,2,2021-06-29,-1,0,0.3874294381841317,0.29642445198884193,0.3161461098270264,0.07128332835710532
XOM,logistic_regression,2,2021-06-30,-1,0,0.40070199483575175,0.3072253489887515,0.3072253489887515,0.09347664584700027
XOM,logistic_regression,2,2021-07-01,-1,0,0.34931178770196986,0.3150312986334939,0.3356569136645362,0.01365487403743365
XOM,logistic_regression,2,2021-07-02,-1,0,0.3587567003913136,0.30008699832594077,0.34115630128274554,0.017600399108568032
XOM,logistic_regression,2,2021-07-06,0,-1,0.39599324574270744,0.2964326106456879,0.30757414361160473,0.08841910213110271
XOM,logistic_regression,2,2021-07-07,0,-1,0.4874482542043373,0.19841221692880642,0.31413952886685614,0.17330872533748115
XOM,logistic_regression,2,2021-07-08,0,-1,0.461786504782969,0.18440651959564036,0.3538069756213907,0.10797952916157832
XOM,logistic_regression,2,2021-07-09,-1,-1,0.4223881309636369,0.18356484926132569,0.3940470197750373,0.02834111118859961
XOM,logistic_regression,2,2021-07-12,-1,-1,0.4496476659140874,0.2141940846943681,0.33615824939154454,0.11348941652254285
XOM,logistic_regression,2,2021-07-13,-1,-1,0.39876656924768983,0.2260767197940799,0.3751567109582302,0.023609858289459607
XOM,logistic_regression,2,2021-07-14,-1,-1,0.47656354091295694,0.2197357654857627,0.3037006936012803,0.17286284731167662
XOM,logistic_regression,2,2021-07-15,-1,0,0.420081319811399,0.16928929848230312,0.4106293817062978,0.009451938105101199
XOM,logistic_regression,2,2021-07-16,0,-1,0.5139365464179745,0.2183981048686106,0.2676653487134149,0.24627119770455957
XOM,logistic_regression,2,2021-07-19,1,-1,0.5434462945093026,0.21724123700889336,0.23931246848180407,0.3041338260274985
XOM,logistic_regression,2,2021-07-20,1,-1,0.5626645191893115,0.19097636717726452,0.24635911363342394,0.31630540555588754
XOM,logistic_regression,2,2021-07-21,0,-1,0.494236081652212,0.24792104974605192,0.257842868601736,0.236393213050476
XOM,logistic_regression,2,2021-07-22,1,-1,0.4614364224566042,0.24627429065882325,0.2922892868845724,0.16914713557203181
XOM,logistic_regression,2,2021-07-23,0,-1,0.4179239155982054,0.21018391090484637,0.37189217349694825,0.046031742101257156
XOM,logistic_regression,2,2021-07-26,0,-1,0.4058905503272983,0.25972415324272435,0.3343852964299773,0.07150525389732104
XOM,logistic_regression,2,2021-07-27,0,0,0.3883614518262758,0.250287575055934,0.36135097311779013,0.027010478708485663
XOM,logistic_regression,2,2021-07-28,-1,-1,0.4126298958168482,0.2388769112941142,0.3484931928890375,0.06413670292781071
XOM,logistic_regression,2,2021-07-29,-1,0,0.41643220521911345,0.2618826191792287,0.3216851756016579,0.09474702961745557
XOM,logistic_regression,2,2021-07-30,0,-1,0.41331028606137027,0.2626691598124759,0.3240205541261539,0.08928973193521639
XOM,logistic_regression,2,2021-08-02,0,-1,0.5101990642449981,0.21314500617706117,0.2766559295779407,0.23354313466705734
XOM,logistic_regression,2,2021-08-03,0,-1,0.45116605711094016,0.24570790263679562,0.30312604025226436,0.1480400168586758
XOM,logistic_regression,2,2021-08-04,1,-1,0.4678974983419725,0.20115182449663258,0.3309506771613949,0.13694682118057755
XOM,logistic_regression,2,2021-08-05,0,-1,0.45947245720709073,0.18688688087107055,0.35364066192183863,0.1058317952852521
XOM,logistic_regression,2,2021-08-06,0,0,0.4232133237545927,0.2049892096774654,0.3717974665679418,0.05141585718665087
XOM,logistic_regression,2,2021-08-09,0,0,0.42659239905400304,0.15586574193460925,0.4175418590113878,0.00905054004261524
XOM,logistic_regression,2,2021-08-10,-1,-1,0.4375320753385701,0.16855871498199299,0.39390920967943693,0.04362286565913315
XOM,logistic_regression,2,2021-08-11,-1,0,0.444601147501799,0.20595430299637768,0.34944454950182324,0.09515659799997578
XOM,logistic_regression,2,2021-08-12,-1,0,0.44486270737748873,0.17249980226833428,0.38263749035417705,0.062225217023311685
XOM,logistic_regression,2,2021-08-13,-1,0,0.4085554113457673,0.2103766047946351,0.3810679838595975,0.02748742748616978
XOM,logistic_regression,2,2021-08-16,0,-1,0.4000576982271967,0.2380130371078888,0.3619292646649145,0.03812843356228224
XOM,logistic_regression,2,2021-08-17,0,-1,0.487114087951247,0.21440212783547685,0.2984837842132761,0.1886303037379709
XOM,logistic_regression,2,2021-08-18,0,-1,0.5088564684540564,0.2145670333788958,0.2765764981670478,0.23227997028700859
XOM,logistic_regression,2,2021-08-19,1,-1,0.5699482722993501,0.20669935021224217,0.2233523774884078,0.3465958948109423
XOM,logistic_regression,2,2021-08-20,1,-1,0.5789369961424227,0.17359718347982264,0.2474658203777547,0.331471175764668
XOM,logistic_regression,2,2021-08-23,0,-1,0.48163466225385887,0.243994773995488,0.27437056375065316,0.2072640985032057
XOM,logistic_regression,2,2021-08-24,0,-1,0.4295686128514689,0.2561920381510242,0.31423934899750683,0.11532926385396208
XOM,logistic_regression,2,2021-08-25,-1,-1,0.41141991585517174,0.24817967263835497,0.3404004115064734,0.07101950434869836
XOM,logistic_regression,2,2021-08-26,0,0,0.3832704240027061,0.271214169414787,0.34551540658250685,0.037755017420199266
XOM,logistic_regression,2,2021-08-27,0,0,0.4134956051624877,0.2723254742330665,0.3141789206044458,0.09931668455804188
XOM,logistic_regression,2,2021-08-30,0,-1,0.38404072937225975,0.27006878955141717,0.34589048107632314,0.038150248295936606
XOM,logistic_regression,2,2021-08-31,0,-1,0.4064288909468654,0.2466714285517626,0.34689968050137204,0.059529210445493363
XOM,logistic_regression,2,2021-09-01,0,-1,0.44110455046039326,0.2805307530504065,0.2805307530504065,0.16057379740998678
XOM,logistic_regression,2,2021-09-02,0,-1,0.4473713602780919,0.28082716057639534,0.28082716057639534,0.16654419970169654
XOM,logistic_regression,2,2021-09-03,0,-1,0.40003085859643056,0.27992087276447575,0.3200482686390938,0.07998258995733676
XOM,logistic_regression,2,2021-09-07,0,-1,0.4102997300384067,0.2040626716499398,0.3856375983116536,0.024662131726753078
XOM,logistic_regression,2,2021-09-08,1,0,0.3996669439797297,0.20698232850106207,0.39335072751920824,0.00631621646052144
XOM,logistic_regression,2,2021-09-09,1,-1,0.47143936034521905,0.1869718190327061,0.34158882062207485,0.1298505397231442
XOM,logistic_regression,2,2021-09-10,1,-1,0.4242253367741189,0.19461512006778128,0.38115954315809997,0.04306579361601892
XOM,logistic_regression,2,2021-09-13,-1,0,0.40902076435409523,0.2016911686901614,0.38928806695574325,0.019732697398351984
XOM,logistic_regression,2,2021-09-14,0,-1,0.37945612912637267,0.2542743022294246,0.36626956864420274,0.013186560482169929
XOM,logistic_regression,2,2021-09-15,-1,0,0.3856757986704862,0.2726663275907421,0.34165787373877177,0.044017924931714414
XOM,logistic_regression,2,2021-09-16,1,0,0.3721455739651884,0.3589748548318722,0.3589748548318722,0.013170719133316189
XOM,logistic_regression,2,2021-09-17,1,-1,0.355072356266933,0.34310750300547027,0.34310750300547027,0.011964853261462738
XOM,logistic_regression,2,2021-09-20,1,1,0.3901064818714352,0.3901064818714352,0.3518601500929023,0.03824633177853293
XOM,logistic_regression,2,2021-09-21,1,-1,0.36778787811302316,0.2995545587396365,0.3326575631473404,0.03513031496568275
XOM,logistic_regression,2,2021-09-22,1,-1,0.385433216472953,0.3412960420133287,0.3412960420133287,0.044137174459624284
XOM,logistic_regression,2,2021-09-23,1,-1,0.3961564958970615,0.3816313698744664,0.3816313698744664,0.014525126022595092
XOM,logistic_regression,2,2021-09-24,1,1,0.4466080097679184,0.4466080097679184,0.28397437655013386,0.16263363321778457
XOM,logistic_regression,2,2021-09-27,1,1,0.4284868281573763,0.4284868281573763,0.36671315327795967,0.06177367487941665
XOM,logistic_regression,2,2021-09-28,1,1,0.5016000245918858,0.5016000245918858,0.3394430222347783,0.1621570023571075
XOM,logistic_regression,2,2021-09-29,0,0,0.4234805965072012,0.3794760841343012,0.3794760841343012,0.04400451237290004
XOM,logistic_regression,2,2021-09-30,1,1,0.47280559925815474,0.47280559925815474,0.322962109130289,0.14984349012786574
XOM,logistic_regression,2,2021-10-01,1,1,0.43787906023211687,0.43787906023211687,0.3147825198753447,0.12309654035677214
XOM,logistic_regression,2,2021-10-04,0,1,0.5154402541472821,0.5154402541472821,0.2949919964605407,0.22044825768674142
XOM,logistic_regression,2,2021-10-05,0,1,0.47924207706199545,0.47924207706199545,0.28907488520073704,0.1901671918612584
XOM,logistic_regression,2,2021-10-06,0,1,0.5065994278471598,0.5065994278471598,0.26106116381689315,0.24553826403026668
XOM,logistic_regression,2,2021-10-07,1,0,0.40024817272401925,0.3837195008376349,0.3837195008376349,0.01652867188638435
XOM,logistic_regression,2,2021-10-08,0,1,0.44158947965345857,0.44158947965345857,0.3333598542118003,0.10822962544165826
XOM,logistic_regression,2,2021-10-11,0,0,0.3766494099440525,0.37530540960733705,0.37530540960733705,0.0013440003367154452
XOM,logistic_regression,2,2021-10-12,1,1,0.38936868109721967,0.38936868109721967,0.375827262862653,0.013541418234566671
XOM,logistic_regression,2,2021-10-13,1,0,0.4085363030401403,0.3649448423954034,0.3649448423954034,0.0435914606447369
XOM,logistic_regression,2,2021-10-14,0,0,0.41389862139618266,0.369351433863282,0.369351433863282,0.044547187532900656
XOM,logistic_regression,2,2021-10-15,0,0,0.5007766554690269,0.29612016250358014,0.29612016250358014,0.2046564929654468
XOM,logistic_regression,2,2021-10-18,1,0,0.4708478222158846,0.3406079226617909,0.3406079226617909,0.1302398995540937
XOM,logistic_regression,2,2021-10-19,1,0,0.4406576101012848,0.3804021441490046,0.3804021441490046,0.06025546595228021
XOM,logistic_regression,2,2021-10-20,0,0,0.45941823324080483,0.3478384486776909,0.3478384486776909,0.1115797845631139
XOM,logistic_regression,2,2021-10-21,1,0,0.43176481111527343,0.329413091729179,0.329413091729179,0.10235171938609444
XOM,logistic_regression,2,2021-10-22,1,0,0.5263842056273095,0.24839965981228795,0.24839965981228795,0.2779845458150215
XOM,logistic_regression,2,2021-10-25,0,0,0.5669302844545745,0.2448060229063785,0.2448060229063785,0.32212426154819596
XOM,logistic_regression,2,2021-10-26,0,0,0.5064625798921067,0.2742049298909184,0.2742049298909184,0.23225765000118836
XOM,logistic_regression,2,2021-10-27,0,0,0.4235696716966583,0.3492968893623234,0.3492968893623234,0.07427278233433493
XOM,logistic_regression,2,2021-10-28,0,0,0.5012449993757785,0.30099990970354135,0.30099990970354135,0.20024508967223714
XOM,logistic_regression,2,2021-10-29,0,0,0.5515570270100177,0.26863842849088926,0.26863842849088926,0.2829185985191285
XOM,logistic_regression,2,2021-11-01,0,0,0.5705926595327757,0.2214277800623694,0.2214277800623694,0.3491648794704063
XOM,logistic_regression,2,2021-11-02,1,0,0.5293409786220958,0.24469190518325193,0.24469190518325193,0.28464907343884394
XOM,logistic_regression,2,2021-11-03,0,0,0.48586330223183516,0.26733190658423917,0.26733190658423917,0.218531395647596
XOM,logistic_regression,2,2021-11-04,0,0,0.45850225198303335,0.28747378902268245,0.28747378902268245,0.1710284629603509
XOM,logistic_regression,2,2021-11-05,0,0,0.5304792863627285,0.2370339530695894,0.2370339530695894,0.29344533329313904
XOM,logistic_regression,2,2021-11-08,0,0,0.5202212282593347,0.23074705597771017,0.24903171576295513,0.27118951249637957
XOM,logistic_regression,2,2021-11-09,0,0,0.5533449992570746,0.23153630853156915,0.23153630853156915,0.32180869072550544
XOM,logistic_regression,2,2021-11-10,0,0,0.4334666694031909,0.2978603953708455,0.2978603953708455,0.13560627403234538
XOM,logistic_regression,2,2021-11-11,0,0,0.5299205498336858,0.229137403699429,0.24094204646688525,0.28897850336680053
XOM,logistic_regression,2,2021-11-12,-1,0,0.5127652300381447,0.23862604778623434,0.2486087221756209,0.26415650786252376
XOM,logistic_regression,2,2021-11-15,-1,0,0.462050041372059,0.2001302871623588,0.3378196714655822,0.12423036990647679
XOM,logistic_regression,2,2021-11-16,-1,0,0.5022839869274531,0.20602586941194345,0.2916901436606034,0.2105938432668497
XOM,logistic_regression,2,2021-11-17,0,0,0.4722386698747553,0.22257046970216457,0.30519086042308,0.1670478094516753
XOM,logistic_regression,2,2021-11-18,-1,0,0.40325777690878034,0.24652109044587714,0.3502211326453425,0.05303664426343785
XOM,logistic_regression,2,2021-11-19,0,-1,0.4174576740630974,0.296176255873655,0.296176255873655,0.12128141818944244
XOM,logistic_regression,2,2021-11-22,-1,-1,0.5531443589730354,0.20072654541908297,0.24612909560788168,0.3070152633651537
XOM,logistic_regression,2,2021-11-23,-1,-1,0.4170179435360807,0.24205875765837062,0.3409232988055488,0.0760946447305319
XOM,logistic_regression,2,2021-11-24,-1,-1,0.4173616033798393,0.2752227986160218,0.3074155980041389,0.10994600537570037
XOM,logistic_regression,2,2021-11-26,0,-1,0.44666611869854383,0.36064367100917605,0.36064367100917605,0.08602244768936779
XOM,logistic_regression,2,2021-11-29,0,-1,0.37756182788966053,0.3327801356241195,0.3327801356241195,0.04478169226554102
XOM,logistic_regression,2,2021-11-30,1,-1,0.38121555758966763,0.3415109571296137,0.3415109571296137,0.03970460046005392
XOM,logistic_regression,2,2021-12-01,1,-1,0.5149101699247864,0.2606704743680351,0.2606704743680351,0.25423969555675136
XOM,logistic_regression,2,2021-12-02,1,-1,0.48576520205309043,0.34697255753006223,0.34697255753006223,0.1387926445230282
XOM,logistic_regression,2,2021-12-03,1,-1,0.40994137267368747,0.37661467764002565,0.37661467764002565,0.03332669503366181
XOM,logistic_regression,2,2021-12-06,0,-1,0.35289597257687727,0.34248630373470695,0.34248630373470695,0.010409668842170317
XOM,logistic_regression,2,2021-12-07,0,0,0.3619606121243663,0.3215897819297177,0.3215897819297177,0.0403708301946486
XOM,logistic_regression,2,2021-12-08,0,0,0.44999680249817636,0.21905465218891687,0.33094854531290663,0.11904825718526973
XOM,logistic_regression,2,2021-12-09,0,0,0.4139021218185904,0.2365815384627058,0.34951633971870394,0.06438578209988643
XOM,logistic_regression,2,2021-12-10,-1,0,0.4686442968433795,0.2145804565960418,0.3167752465605788,0.15186905028280068
XOM,logistic_regression,2,2021-12-13,-1,-1,0.3968961647552128,0.23798357966274433,0.3651202555820429,0.03177590917316986
XOM,logistic_regression,2,2021-12-14,0,-1,0.41358159115148035,0.21188083057003113,0.37453757827848855,0.03904401287299181
XOM,logistic_regression,2,2021-12-15,0,-1,0.44614242545529526,0.19091891205244713,0.3629386624922577,0.08320376296303755
XOM,logistic_regression,2,2021-12-16,0,-1,0.4287753905989869,0.15333743261714253,0.41788717678387055,0.010888213815116343
XOM,logistic_regression,2,2021-12-17,1,-1,0.46483369228088595,0.22738938106526912,0.3077769266538448,0.15705676562704113
XOM,logistic_regression,2,2021-12-20,1,-1,0.49831459867128886,0.23114841022112345,0.2705369911075876,0.22777760756370125
XOM,logistic_regression,2,2021-12-21,0,-1,0.39802063504269974,0.22259035031378965,0.37938901464351066,0.018631620399189086
XOM,logistic_regression,2,2021-12-22,0,-1,0.43857442382051753,0.19556095730187092,0.3658646188776115,0.07270980494290602
XOM,logistic_regression,2,2021-12-23,0,0,0.43093173487493563,0.17702960433788184,0.39203866078718247,0.038893074087753166
XOM,logistic_regression,2,2021-12-27,1,0,0.4022848358671147,0.22042267925262038,0.3772924848802649,0.02499235098684982
XOM,logistic_regression,2,2021-12-28,1,0,0.4679167294848323,0.21629364446950092,0.31578962604566685,0.15212710343916547
XOM,logistic_regression,2,2021-12-29,1,0,0.4529424412470442,0.22356330044533138,0.3234942583076245,0.12944818293941968
XOM,logistic_regression,2,2021-12-30,1,0,0.43763774168993036,0.23647382307781098,0.32588843523225863,0.11174930645767173
XOM,logistic_regression,2,2021-12-31,1,0,0.46320464678021184,0.21075647131192168,0.3260388819078665,0.13716576487234533
XOM,logistic_regression,2,2022-01-03,1,-1,0.39332453488533736,0.29098890504222114,0.3156865600724415,0.07763797481289586
XOM,logistic_regression,2,2022-01-04,1,1,0.36223736411277596,0.36223736411277596,0.3281112429563716,0.03412612115640434
XOM,logistic_regression,2,2022-01-05,1,0,0.449909145982951,0.3277073339358902,0.3277073339358902,0.12220181204706082
XOM,logistic_regression,2,2022-01-06,1,0,0.47965706636359584,0.3387518257333181,0.3387518257333181,0.14090524063027776
XOM,logistic_regression,2,2022-01-07,1,0,0.533566306540659,0.31838846979732716,0.31838846979732716,0.2151778367433318
XOM,logistic_regression,2,2022-01-10,1,0,0.557343830161699,0.26608839023019654,0.26608839023019654,0.29125543993150244
XOM,logistic_regression,2,2022-01-11,1,1,0.40483770833516797,0.40483770833516797,0.32899069014458765,0.07584701819058032
XOM,logistic_regression,2,2022-01-12,1,0,0.4428822623634054,0.3820877181131077,0.3820877181131077,0.06079454425029768
XOM,logistic_regression,2,2022-01-13,1,1,0.40627983845521565,0.40627983845521565,0.3764764801224497,0.029803358332765928
XOM,logistic_regression,2,2022-01-14,0,1,0.4694293338732189,0.4694293338732189,0.3432885834229099,0.12614075045030898
XOM,logistic_regression,2,2022-01-18,1,1,0.49923772275364275,0.49923772275364275,0.34462444987267615,0.1546132728809666
XOM,logistic_regression,2,2022-01-19,0,1,0.4337846007177748,0.4337846007177748,0.4213772758346972,0.012407324883077608
XOM,logistic_regression,2,2022-01-20,1,1,0.4633165518322366,0.4633165518322366,0.37083927949262135,0.09247727233961522
XOM,logistic_regression,2,2022-01-21,1,1,0.5057226340427989,0.5057226340427989,0.3417969287264957,0.16392570531630324
XOM,logistic_regression,2,2022-01-24,1,1,0.504367459534915,0.504367459534915,0.26402931571309063,0.2403381438218244
XOM,logistic_regression,2,2022-01-25,1,1,0.5989967101180461,0.5989967101180461,0.2236212000803875,0.3753755100376586
XOM,logistic_regression,2,2022-01-26,1,1,0.5167017522025612,0.5167017522025612,0.30452414596021427,0.21217760624234694
XOM,logistic_regression,2,2022-01-27,1,1,0.5642868552717789,0.5642868552717789,0.283288420538396,0.28099843473338293
XOM,logistic_regression,2,2022-01-28,1,1,0.600160118721697,0.600160118721697,0.28195647774762056,0.3182036409740764
XOM,logistic_regression,2,2022-01-31,1,1,0.5280463390965113,0.5280463390965113,0.3035499512051871,0.22449638789132426
XOM,logistic_regression,2,2022-02-01,0,1,0.6988020979223598,0.6988020979223598,0.2152376534390705,0.4835644444832893
XOM,logistic_regression,2,2022-02-02,0,1,0.6247790011232478,0.6247790011232478,0.24644345504364984,0.37833554607959796
XOM,logistic_regression,2,2022-02-03,0,1,0.6021969933060649,0.6021969933060649,0.27165430244949856,0.33054269085656635
XOM,logistic_regression,2,2022-02-04,0,1,0.6312922650234783,0.6312922650234783,0.26888228635364825,0.3624099786698301
XOM,logistic_regression,2,2022-02-07,-1,1,0.6254036447743428,0.6254036447743428,0.25064341751910524,0.3747602272552376
XOM,logistic_regression,2,2022-02-08,0,1,0.5903408925269926,0.5903408925269926,0.22067772671218447,0.3696631658148082
XOM,logistic_regression,2,2022-02-09,0,1,0.49474937375061356,0.49474937375061356,0.31706960654528155,0.17767976720533202
XOM,logistic_regression,2,2022-02-10,0,1,0.5502795901203499,0.5502795901203499,0.24568074126241649,0.3045988488579334
XOM,logistic_regression,2,2022-02-11,-1,1,0.6292543881770128,0.6292543881770128,0.1885185480822953,0.44073584009471756
XOM,logistic_regression,2,2022-02-14,-1,1,0.6527638021744138,0.6527638021744138,0.19227738255981255,0.46048641961460124
XOM,logistic_regression,2,2022-02-15,0,0,0.40797939595520516,0.34534144196786304,0.34534144196786304,0.06263795398734212
XOM,logistic_regression,2,2022-02-16,-1,0,0.4238159586853175,0.38071694569935854,0.38071694569935854,0.04309901298595897
XOM,logistic_regression,2,2022-02-17,0,0,0.42763103899933413,0.4095164577112013,0.4095164577112013,0.018114581288132814
XOM,logistic_regression,2,2022-02-18,0,0,0.4203044761768073,0.39769715541948036,0.39769715541948036,0.02260732075732691
XOM,logistic_regression,2,2022-02-22,1,1,0.45407253610886456,0.45407253610886456,0.27630202114365005,0.1777705149652145
XOM,logistic_regression,2,2022-02-23,1,0,0.46233310528339255,0.3722018251578147,0.3722018251578147,0.09013128012557786
XOM,logistic_regression,2,2022-02-24,1,1,0.4674035259617216,0.4674035259617216,0.2824444920893505,0.18495903387237106
XOM,logistic_regression,2,2022-02-25,1,0,0.40813283797599453,0.3858959073129938,0.3858959073129938,0.022236930663000753
XOM,logistic_regression,2,2022-02-28,1,1,0.4262819915626397,0.4262819915626397,0.328861527245364,0.09742046431727569
XOM,logistic_regression,2,2022-03-01,1,1,0.4268765831549891,0.4268765831549891,0.36134417972460225,0.06553240343038685
XOM,logistic_regression,2,2022-03-02,1,0,0.48563999678738917,0.3282119168879222,0.3282119168879222,0.157428079899467
XOM,logistic_regression,2,2022-03-03,1,0,0.48781980541425274,0.3127521262302639,0.3127521262302639,0.17506767918398886
XOM,logistic_regression,2,2022-03-04,0,1,0.43560129026536554,0.43560129026536554,0.34241216325618967,0.09318912700917587
XOM,logistic_regression,2,2022-03-07,-1,1,0.5299654099044527,0.5299654099044527,0.31613681181810716,0.21382859808634558
XOM,logistic_regression,2,2022-03-08,-1,1,0.5143544946204506,0.5143544946204506,0.27942837001557597,0.2349261246048746
XOM,logistic_regression,2,2022-03-09,-1,1,0.5845233656938317,0.5845233656938317,0.26656709518747546,0.3179562705063562
XOM,logistic_regression,2,2022-03-10,-1,1,0.5613273907987087,0.5613273907987087,0.23921877960625362,0.32210861119245515
XOM,logistic_regression,2,2022-03-11,-1,1,0.593228624659519,0.593228624659519,0.20374091708779699,0.389487707571722
XOM,logistic_regression,2,2022-03-14,0,1,0.46551620174735603,0.46551620174735603,0.33808378547441714,0.1274324162729389
XOM,logistic_regression,2,2022-03-15,1,1,0.4831334858151033,0.4831334858151033,0.3607442413361471,0.12238924447895622
XOM,logistic_regression,2,2022-03-16,1,-1,0.4140087045137578,0.3963918355890244,0.3963918355890244,0.01761686892473341
XOM,logistic_regression,2,2022-03-17,1,-1,0.43805122342830344,0.4126044594716629,0.4126044594716629,0.025446763956640528
XOM,logistic_regression,2,2022-03-18,1,-1,0.4162935540777728,0.36826754897395186,0.36826754897395186,0.048026005103820935
XOM,logistic_regression,2,2022-03-21,0,1,0.4333217971191814,0.4333217971191814,0.4203470217864571,0.012974775332724287
XOM,logistic_regression,2,2022-03-22,0,1,0.5361834712119645,0.5361834712119645,0.23657226941704235,0.2996112017949222
XOM,logistic_regression,2,2022-03-23,0,1,0.5162932365848867,0.5162932365848867,0.26398905993521254,0.25230417664967414
XOM,logistic_regression,2,2022-03-24,0,1,0.49642808482156026,0.49642808482156026,0.2548215972340555,0.24160648758750475
XOM,logistic_regression,2,2022-03-25,-1,1,0.4443379348310836,0.4443379348310836,0.33746268348900327,0.10687525134208031
XOM,logistic_regression,2,2022-03-28,0,1,0.42477921710529976,0.42477921710529976,0.3231264362596924,0.10165278084560736
XOM,logistic_regression,2,2022-03-29,0,-1,0.4669712366840044,0.3086663627777898,0.3086663627777898,0.15830487390621462
XOM,logistic_regression,2,2022-03-30,0,-1,0.3756429672497382,0.3389166923255142,0.3389166923255142,0.036726274924224034
XOM,logistic_regression,2,2022-03-31,1,-1,0.4065680113185699,0.31113888983838767,0.31113888983838767,0.09542912148018223
XOM,logistic_regression,2,2022-04-01,1,-1,0.4601003428598463,0.24120507444011682,0.29869458270003685,0.16140576015980945
XOM,logistic_regression,2,2022-04-04,0,0,0.5718745938472447,0.1396954137011406,0.2884299924516146,0.2834446013956301
XOM,logistic_regression,2,2022-04-05,1,0,0.5168353586688135,0.13351228031219955,0.34965236101898706,0.16718299764982641
XOM,logistic_regression,2,2022-04-06,1,0,0.46969757981377414,0.19070598469728522,0.3395964354889405,0.13010114432483366
XOM,logistic_regression,2,2022-04-07,1,0,0.47424777489738,0.17769237599336846,0.3480598491092514,0.1261879257881286
XOM,logistic_regression,2,2022-04-08,0,0,0.5605866250082954,0.15971394063549293,0.27969943435621164,0.28088719065208373
XOM,logistic_regression,2,2022-04-11,1,0,0.42543761552394893,0.26629189498878447,0.30827048948726665,0.11716712603668228
XOM,logistic_regression,2,2022-04-12,1,0,0.3787926816711675,0.358313999946788,0.358313999946788,0.0204786817243795
XOM,logistic_regression,2,2022-04-13,0,1,0.4045454429552197,0.4045454429552197,0.32559052928154253,0.07895491367367719
XOM,logistic_regression,2,2022-04-14,-1,1,0.3668479839783141,0.3668479839783141,0.34027602132784074,0.026571962650473346
XOM,logistic_regression,2,2022-04-18,-1,1,0.4085864701196991,0.4085864701196991,0.33118109528385675,0.07740537483584237
XOM,logistic_regression,2,2022-04-19,-1,0,0.41750290244253424,0.32794363396562853,0.32794363396562853,0.0895592684769057
XOM,logistic_regression,2,2022-04-20,-1,0,0.3950237760219882,0.3215220036369168,0.3215220036369168,0.07350177238507138
XOM,logistic_regression,2,2022-04-21,0,-1,0.3411513949982863,0.3370964118499431,0.3370964118499431,0.004054983148343183
XOM,logistic_regression,2,2022-04-22,0,-1,0.4211299432745615,0.32120894345343526,0.32120894345343526,0.09992099982112623
XOM,logistic_regression,2,2022-04-25,1,-1,0.5128673953347899,0.2569859820554115,0.2569859820554115,0.25588141327937836
XOM,logistic_regression,2,2022-04-26,1,-1,0.46961362397745665,0.31385814608822393,0.31385814608822393,0.15575547788923272
XOM,logistic_regression,2,2022-04-27,1,-1,0.44725551602535196,0.3692661937335807,0.3692661937335807,0.07798932229177125
XOM,logistic_regression,2,2022-04-28,1,-1,0.48359719168382076,0.35298446853794524,0.35298446853794524,0.13061272314587552
XOM,logistic_regression,2,2022-04-29,1,1,0.47414251419875847,0.47414251419875847,0.34644150436353316,0.1277010098352253
XOM,logistic_regression,2,2022-05-02,-1,1,0.45511102629997036,0.45511102629997036,0.28752215601467623,0.16758887028529412
XOM,logistic_regression,2,2022-05-03,-1,1,0.5184803027431777,0.5184803027431777,0.25652327804392466,0.261957024699253
XOM,logistic_regression,2,2022-05-04,-1,1,0.5062172159385893,0.5062172159385893,0.28545176208505707,0.2207654538535322
XOM,logistic_regression,2,2022-05-05,-1,1,0.5745464985665961,0.5745464985665961,0.27153753437266687,0.30300896419392925
XOM,logistic_regression,2,2022-05-06,-1,1,0.5485551053510754,0.5485551053510754,0.22742943950335817,0.3211256658477173
XOM,logistic_regression,2,2022-05-09,1,1,0.6745561793657489,0.6745561793657489,0.25210313976955806,0.4224530395961908
XOM,logistic_regression,2,2022-05-10,1,1,0.5679832494015016,0.5679832494015016,0.30853895518346103,0.25944429421804055
XOM,logistic_regression,2,2022-05-11,1,1,0.6418967965673387,0.6418967965673387,0.23534292609274915,0.4065538704745895
XOM,logistic_regression,2,2022-05-12,1,1,0.5230349822944955,0.5230349822944955,0.32965289411454446,0.19338208817995106
XOM,logistic_regression,2,2022-05-13,1,1,0.597773018199253,0.597773018199253,0.26766346163558635,0.33010955656366664
XOM,logistic_regression,2,2022-05-16,1,1,0.6863244692941091,0.6863244692941091,0.1830762545549711,0.503248214739138
XOM,logistic_regression,2,2022-05-17,1,1,0.6138505462094768,0.6138505462094768,0.21906110740814455,0.3947894388013322
XOM,logistic_regression,2,2022-05-18,1,1,0.6021786855090767,0.6021786855090767,0.20704969224731004,0.39512899326176665
XOM,logistic_regression,2,2022-05-19,1,1,0.60365796865867,0.60365796865867,0.21344266323890215,0.3902153054197679
XOM,logistic_regression,2,2022-05-20,1,1,0.6180180916511988,0.6180180916511988,0.20408170070292464,0.41393639094827417
XOM,logistic_regression,2,2022-05-23,1,1,0.5321499722696992,0.5321499722696992,0.25533452481993313,0.27681544744976605
XOM,logistic_regression,2,2022-05-24,1,1,0.5800720126301325,0.5800720126301325,0.22868292822821548,0.3513890844019171
XOM,logistic_regression,2,2022-05-25,0,1,0.5099744339894968,0.5099744339894968,0.32446530039889354,0.18550913359060328
XOM,logistic_regression,2,2022-05-26,1,0,0.42374051636776966,0.42094226533523743,0.42094226533523743,0.0027982510325322285
XOM,logistic_regression,2,2022-05-27,0,0,0.4330677639774701,0.3599371081008788,0.3599371081008788,0.07313065587659129
XOM,logistic_regression,2,2022-05-31,1,1,0.3744912608977616,0.3744912608977616,0.36373986777240075,0.01075139312536083
XOM,logistic_regression,2,2022-06-01,1,0,0.4830362065111989,0.28323777152548135,0.28323777152548135,0.19979843498571753
XOM,logistic_regression,2,2022-06-02,1,0,0.5436550646989287,0.23097776090374428,0.23097776090374428,0.3126773037951844
XOM,logistic_regression,2,2022-06-03,0,0,0.5110998127981302,0.26098288747600906,0.26098288747600906,0.25011692532212115
XOM,logistic_regression,2,2022-06-06,-1,0,0.5843642435319418,0.24748045813193592,0.24748045813193592,0.3368837854000059
XOM,logistic_regression,2,2022-06-07,-1,1,0.517387390595539,0.517387390595539,0.2741607653300086,0.24322662526553035
XOM,logistic_regression,2,2022-06-08,-1,1,0.556578957854481,0.556578957854481,0.2931287919592576,0.26345016589522335
XOM,logistic_regression,2,2022-06-09,-1,1,0.512046450339337,0.512046450339337,0.3344191839902301,0.17762726634910697
XOM,logistic_regression,2,2022-06-10,-1,1,0.6003122986273814,0.6003122986273814,0.24431896846392429,0.35599333016345713
XOM,logistic_regression,2,2022-06-13,-1,1,0.6094424304393458,0.6094424304393458,0.20237289092233726,0.4070695395170085
XOM,logistic_regression,2,2022-06-14,-1,1,0.5203202175260337,0.5203202175260337,0.2449312697772635,0.2753889477487702
XOM,logistic_regression,2,2022-06-15,-1,1,0.4974422733620374,0.4974422733620374,0.2878079993623052,0.20963427399973217
XOM,logistic_regression,2,2022-06-16,-1,1,0.5497825605147213,0.5497825605147213,0.2741506819686259,0.2756318785460954
XOM,logistic_regression,2,2022-06-17,1,1,0.535210065960484,0.535210065960484,0.3403984685466125,0.19481159741387155
XOM,logistic_regression,2,2022-06-21,0,1,0.5882631651144365,0.5882631651144365,0.29330162671948296,0.2949615383949536
XOM,logistic_regression,2,2022-06-22,0,1,0.5184385798703297,0.5184385798703297,0.2911197726431556,0.22731880722717412
XOM,logistic_regression,2,2022-06-23,0,-1,0.5311261826331112,0.32084610184167184,0.32084610184167184,0.21028008079143934
XOM,logistic_regression,2,2022-06-24,0,1,0.4300427205683416,0.4300427205683416,0.33797507574600055,0.09206764482234103
XOM,logistic_regression,2,2022-06-27,-1,1,0.48465261572441004,0.48465261572441004,0.3238809089072368,0.16077170681717323
XOM,logistic_regression,2,2022-06-28,-1,1,0.552404452559365,0.552404452559365,0.3391885747542791,0.21321587780508588
XOM,logistic_regression,2,2022-06-29,-1,1,0.5774732506277006,0.5774732506277006,0.33896710342727265,0.23850614720042795
XOM,logistic_regression,2,2022-06-30,0,1,0.5150374785599532,0.5150374785599532,0.3229991343660256,0.19203834419392757
XOM,logistic_regression,2,2022-07-01,-1,1,0.5068863149038583,0.5068863149038583,0.3634238885670639,0.14346242633679435
XOM,logistic_regression,2,2022-07-05,0,-1,0.4502617940300497,0.430412569625543,0.430412569625543,0.019849224404506705
XOM,logistic_regression,2,2022-07-06,0,-1,0.6696893279536561,0.19083499471193482,0.19083499471193482,0.4788543332417213
XOM,logistic_regression,2,2022-07-07,-1,-1,0.4761746188252253,0.24557686614111357,0.2782485150336611,0.19792610379156422
XOM,logistic_regression,2,2022-07-08,0,-1,0.5051872005265371,0.24085919029772102,0.2539536091757419,0.2512335913507952
XOM,logistic_regression,2,2022-07-11,0,-1,0.5071538318297644,0.21032705661370568,0.28251911155652987,0.2246347202732345
XOM,logistic_regression,2,2022-07-12,1,-1,0.4282340542791659,0.2223479141341019,0.3494180315867322,0.07881602269243371
XOM,logistic_regression,2,2022-07-13,1,-1,0.4337529809615587,0.18735314613286325,0.37889387290557813,0.05485910805598054
XOM,logistic_regression,2,2022-07-14,1,-1,0.4640157340362014,0.17333837877216302,0.3626458871916357,0.10136984684456568
XOM,logistic_regression,2,2022-07-15,1,-1,0.4467127398677163,0.1534022881343723,0.39988497199791134,0.04682776786980497
XOM,logistic_regression,2,2022-07-18,1,0,0.41189688539008057,0.20933317935020196,0.37876993525971747,0.0331269501303631
XOM,logistic_regression,2,2022-07-19,0,-1,0.41275729045755233,0.265044147145484,0.32219856239696354,0.09055872806058879
XOM,logistic_regression,2,2022-07-20,1,-1,0.4426098194529097,0.21858702458397009,0.3388031559631201,0.10380666348978962
XOM,logistic_regression,2,2022-07-21,1,-1,0.4414801494083041,0.19490589213887063,0.3636139584528252,0.07786619095547892
XOM,logistic_regression,2,2022-07-22,1,-1,0.4271666064383354,0.2002597948632215,0.37257359869844314,0.05459300773989223
XOM,logistic_regression,2,2022-07-25,1,-1,0.4953896281881917,0.2271612896475558,0.2774490821642525,0.2179405460239392
XOM,logistic_regression,2,2022-07-26,1,-1,0.4544867293569343,0.21674878681155196,0.3287644838315138,0.1257222455254205
XOM,logistic_regression,2,2022-07-27,0,-1,0.47918879339900966,0.15751645584825047,0.3632947507527398,0.11589404264626985
XOM,logistic_regression,2,2022-07-28,-1,-1,0.40723934299812364,0.22547634827508667,0.3672843087267896,0.03995503427133407
XOM,logistic_regression,2,2022-07-29,-1,-1,0.4575660887981659,0.27415521517503116,0.27415521517503116,0.18341087362313474
XOM,logistic_regression,2,2022-08-01,-1,-1,0.44017513297160094,0.256220097390988,0.30360476963741123,0.1365703633341897
XOM,logistic_regression,2,2022-08-02,-1,-1,0.40062813331098784,0.23016092082617862,0.36921094586283354,0.031417187448154305
XOM,logistic_regression,2,2022-08-03,0,-1,0.4912343527056696,0.2766195873285068,0.2766195873285068,0.21461476537716284
XOM,logistic_regression,2,2022-08-04,1,-1,0.663230168030862,0.16963569892709,0.16963569892709,0.493594469103772
XOM,logistic_regression,2,2022-08-05,1,-1,0.7252101309047569,0.1568303359864504,0.1568303359864504,0.5683797949183065
XOM,logistic_regression,2,2022-08-08,1,-1,0.5497971845028321,0.20503834819883696,0.2451644672983309,0.3046327172045012
XOM,logistic_regression,2,2022-08-09,0,-1,0.5258149302025534,0.2684760948011377,0.2684760948011377,0.2573388354014157
XOM,logistic_regression,2,2022-08-10,0,-1,0.49777260581660804,0.2904199544868338,0.2904199544868338,0.20735265132977426
XOM,logistic_regression,2,2022-08-11,0,-1,0.4307556110684522,0.3705057069832225,0.3705057069832225,0.06024990408522973
XOM,logistic_regression,2,2022-08-12,0,-1,0.4260910489952229,0.25659083503152913,0.31731811597324805,0.10877293302197483
XOM,logistic_regression,2,2022-08-15,0,-1,0.5302003192374387,0.2160782409753325,0.2537214397872288,0.27647887945020994
XOM,logistic_regression,2,2022-08-16,1,-1,0.4852354084742013,0.17210691511412493,0.34265767641167383,0.1425777320625275
XOM,logistic_regression,2,2022-08-17,1,-1,0.5339757831830224,0.1801231268124632,0.28590109000451436,0.24807469317850805
XOM,logistic_regression,2,2022-08-18,1,-1,0.5506230056619746,0.19727505833132292,0.2521019360067025,0.29852106965527214
XOM,logistic_regression,2,2022-08-19,1,-1,0.47200158754982596,0.2366877231816249,0.29131068926854914,0.18069089828127682
XOM,logistic_regression,2,2022-08-22,1,-1,0.4803751567876754,0.2379985352752933,0.28162630793703125,0.19874884885064414
XOM,logistic_regression,2,2022-08-23,0,-1,0.3722413806647738,0.3405780416736666,0.3405780416736666,0.03166333899110718
XOM,logistic_regression,2,2022-08-24,-1,0,0.37929954142613936,0.29691937908799326,0.32378107948586743,0.055518461940271935
XOM,logistic_regression,2,2022-08-25,-1,0,0.43464005224061514,0.20116488501078075,0.3641950627486041,0.07044498949201106
XOM,logistic_regression,2,2022-08-26,-1,0,0.4154257051321611,0.223599899539914,0.3609743953279248,0.05445130980423629
XOM,logistic_regression,2,2022-08-29,-1,-1,0.3748900903555219,0.2720365805557622,0.35307332908871597,0.02181676126680593
XOM,logistic_regression,2,2022-08-30,-1,-1,0.394028251354451,0.3313927058065232,0.3313927058065232,0.06263554554792783
XOM,logistic_regression,2,2022-08-31,0,-1,0.49263061848059686,0.3222634815370025,0.3222634815370025,0.17036713694359434
XOM,logistic_regression,2,2022-09-01,1,-1,0.4156227885158321,0.40909816235305474,0.40909816235305474,0.0065246261627773805
XOM,logistic_regression,2,2022-09-02,1,1,0.41048183800491367,0.41048183800491367,0.36234523615896075,0.04813660184595292
XOM,logistic_regression,2,2022-09-06,0,1,0.4821423322283371,0.4821423322283371,0.3417509319952682,0.1403914002330689
XOM,logistic_regression,2,2022-09-07,1,-1,0.43066574666274765,0.30525147545662257,0.30525147545662257,0.12541427120612508
XOM,logistic_regression,2,2022-09-08,0,-1,0.3743459585103645,0.33397151342547304,0.33397151342547304,0.040374445084891464
XOM,logistic_regression,2,2022-09-09,-1,0,0.3611874583171076,0.28688471198004606,0.35192782970284653,0.00925962861426105
XOM,logistic_regression,2,2022-09-12,-1,-1,0.41984919510606916,0.2862494609382473,0.2939013439556835,0.12594785115038565
XOM,logistic_regression,2,2022-09-13,-1,-1,0.4151748572096067,0.3576924958992835,0.3576924958992835,0.05748236131032319
XOM,logistic_regression,2,2022-09-14,-1,1,0.3999334709717131,0.3999334709717131,0.34484475687172716,0.05508871409998595
XOM,logistic_regression,2,2022-09-15,-1,1,0.4472801744760822,0.4472801744760822,0.33364512919404615,0.11363504528203605
XOM,logistic_regression,2,2022-09-16,-1,-1,0.4375662809974691,0.36198470503633423,0.36198470503633423,0.07558157596113485
XOM,logistic_regression,2,2022-09-19,-1,-1,0.44950473197746904,0.3268311284478559,0.3268311284478559,0.12267360352961315
XOM,logistic_regression,2,2022-09-20,-1,1,0.35130686622776763,0.35130686622776763,0.3432016743327216,0.008105191895046049
XOM,logistic_regression,2,2022-09-21,-1,-1,0.42364951720418703,0.3294501128206447,0.3294501128206447,0.09419940438354235
XOM,logistic_regression,2,2022-09-22,-1,-1,0.35986984659333077,0.33213371116778184,0.33213371116778184,0.027736135425548925
XOM,logistic_regression,2,2022-09-23,0,-1,0.4195456851500036,0.3421810748295957,0.3421810748295957,0.07736461032040792
XOM,logistic_regression,2,2022-09-26,1,-1,0.44764900695957693,0.2494963059979653,0.3028546870424579,0.14479431991711905
XOM,logistic_regression,2,2022-09-27,1,-1,0.37619689705929044,0.3126064822088009,0.3126064822088009,0.06359041485048955
XOM,logistic_regression,2,2022-09-28,1,-1,0.41630134603483404,0.3580831305857221,0.3580831305857221,0.05821821544911193
XOM,logistic_regression,2,2022-09-29,1,1,0.4612775263345417,0.4612775263345417,0.31309017197569816,0.14818735435884356
XOM,logistic_regression,2,2022-09-30,1,1,0.544550792152806,0.544550792152806,0.24684023618425338,0.2977105559685526
XOM,logistic_regression,2,2022-10-03,1,1,0.5727084963954249,0.5727084963954249,0.24608319597819917,0.3266253004172257
XOM,logistic_regression,2,2022-10-04,1,1,0.5936369683171572,0.5936369683171572,0.2193377828400637,0.3742991854770935
XOM,logistic_regression,2,2022-10-05,0,1,0.6374858919103226,0.6374858919103226,0.25271549120468834,0.38477040070563423
XOM,logistic_regression,2,2022-10-06,0,1,0.7183469533757192,0.7183469533757192,0.17509121148203255,0.5432557418936866
XOM,logistic_regression,2,2022-10-07,0,1,0.6837675230570942,0.6837675230570942,0.17059625339260331,0.5131712696644909
XOM,logistic_regression,2,2022-10-10,0,1,0.6105691671357751,0.6105691671357751,0.19957297322498554,0.41099619391078956
XOM,logistic_regression,2,2022-10-11,1,1,0.5771719799564653,0.5771719799564653,0.2161631926731753,0.36100878728329
XOM,logistic_regression,2,2022-10-12,1,1,0.41565317387394024,0.41565317387394024,0.3374967386951705,0.07815643517876975
XOM,logistic_regression,2,2022-10-13,1,1,0.49415226330939477,0.49415226330939477,0.3639375673761259,0.13021469593326884
XOM,logistic_regression,2,2022-10-14,1,1,0.6108209622442421,0.6108209622442421,0.2478598486502448,0.3629611135939973
XOM,logistic_regression,2,2022-10-17,1,1,0.43844151736441916,0.43844151736441916,0.31859607455900135,0.11984544280541781
XOM,logistic_regression,2,2022-10-18,1,1,0.441234228979093,0.441234228979093,0.29192524381394797,0.14930898516514501
XOM,logistic_regression,2,2022-10-19,1,1,0.38915142393983554,0.38915142393983554,0.3242519936963204,0.06489943024351513
XOM,logistic_regression,2,2022-10-20,1,0,0.4116977376280106,0.3743400201239294,0.3743400201239294,0.03735771750408118
XOM,logistic_regression,2,2022-10-21,1,1,0.4970451928430593,0.4970451928430593,0.3012109137085476,0.19583427913451174
XOM,logistic_regression,2,2022-10-24,1,1,0.5699993500469577,0.5699993500469577,0.24288437992583797,0.3271149701211197
XOM,logistic_regression,2,2022-10-25,1,1,0.48674223883425166,0.48674223883425166,0.3046244320667139,0.18211780676753775
XOM,logistic_regression,2,2022-10-26,1,1,0.45547556846659537,0.45547556846659537,0.3152038267870196,0.1402717416795758
XOM,logistic_regression,2,2022-10-27,1,1,0.4024778640964972,0.4024778640964972,0.3987371564589677,0.003740707637529539
XOM,logistic_regression,2,2022-10-28,0,1,0.454224779532639,0.454224779532639,0.31948843190215914,0.13473634763047987
XOM,logistic_regression,2,2022-10-31,1,1,0.40102218562888103,0.40102218562888103,0.3253169609163019,0.07570522471257912
XOM,logistic_regression,2,2022-11-01,0,0,0.4529063669668178,0.3220501210311143,0.3220501210311143,0.1308562459357035
XOM,logistic_regression,2,2022-11-02,0,0,0.43688681622822967,0.3159018195142575,0.3159018195142575,0.12098499671397217
XOM,logistic_regression,3,2022-11-03,0,1,0.3835239471091351,0.3835239471091351,0.3456330167978099,0.03789093031132523
XOM,logistic_regression,3,2022-11-04,0,0,0.389795064180454,0.3754349062602308,0.3754349062602308,0.014360157920223215
XOM,logistic_regression,3,2022-11-07,0,0,0.42995420560488123,0.3504464301002756,0.3504464301002756,0.07950777550460564
XOM,logistic_regression,3,2022-11-08,0,0,0.40189413367919924,0.39131335136221607,0.39131335136221607,0.010580782316983173
XOM,logistic_regression,3,2022-11-09,1,1,0.5110132477290817,0.5110132477290817,0.2981658768102242,0.21284737091885753
XOM,logistic_regression,3,2022-11-10,1,0,0.38499076262514864,0.34594636499093995,0.34594636499093995,0.039044397634208694
XOM,logistic_regression,3,2022-11-11,0,1,0.4491846349883537,0.4491846349883537,0.2919228742965125,0.15726176069184122
XOM,logistic_regression,3,2022-11-14,-1,1,0.40077802926993494,0.40077802926993494,0.31361206122430985,0.0871659680456251
XOM,logistic_regression,3,2022-11-15,0,1,0.40515696261922574,0.40515696261922574,0.32182031950726364,0.0833366431119621
XOM,logistic_regression,3,2022-11-16,0,1,0.40406862609432526,0.40406862609432526,0.3022245943210767,0.10184403177324858
XOM,logistic_regression,3,2022-11-17,0,1,0.36619560940911516,0.36619560940911516,0.3422154098761113,0.023980199533003843
XOM,logistic_regression,3,2022-11-18,-1,1,0.3597362548725363,0.3597362548725363,0.32423699917395976,0.03549925569857654
XOM,logistic_regression,3,2022-11-21,0,-1,0.40835125893080004,0.3527138993887482,0.3527138993887482,0.055637359542051845
XOM,logistic_regression,3,2022-11-22,-1,-1,0.39785473332203997,0.382315801136788,0.382315801136788,0.015538932185251986
XOM,logistic_regression,3,2022-11-23,-1,-1,0.34555670991205306,0.3376784323444846,0.3376784323444846,0.007878277567568481
XOM,logistic_regression,3,2022-11-25,-1,-1,0.3512292367325346,0.29783213272810777,0.3509386305393577,0.00029060619317688996
XOM,logistic_regression,3,2022-11-28,-1,1,0.36286190343081565,0.36286190343081565,0.33920223762844515,0.0236596658023705
XOM,logistic_regression,3,2022-11-29,-1,-1,0.42871365484171275,0.27856783049037054,0.29271851466791676,0.135995140173796
XOM,logistic_regression,3,2022-11-30,-1,0,0.4147867282784213,0.2592792646013191,0.3259340071202596,0.08885272115816167
XOM,logistic_regression,3,2022-12-01,-1,-1,0.3901498496552895,0.25244641826585096,0.3574037320788596,0.03274611757642987
XOM,logistic_regression,3,2022-12-02,-1,-1,0.3816520613385906,0.26936274440524993,0.3489851942561596,0.032666867082430995
XOM,logistic_regression,3,2022-12-05,0,-1,0.5308191178227503,0.3132423567171606,0.3132423567171606,0.21757676110558966
XOM,logistic_regression,3,2022-12-06,1,-1,0.5139480205105381,0.29983796596350815,0.29983796596350815,0.21411005454702997
XOM,logistic_regression,3,2022-12-07,1,-1,0.4877540475179189,0.26469928088590877,0.26469928088590877,0.22305476663201013
XOM,logistic_regression,3,2022-12-08,0,-1,0.4490643666988015,0.3280075171689636,0.3280075171689636,0.12105684952983792
XOM,logistic_regression,3,2022-12-09,0,-1,0.5168071766101909,0.31298056824876036,0.31298056824876036,0.20382660836143057
XOM,logistic_regression,3,2022-12-12,0,-1,0.48127791593194974,0.3049689731187476,0.3049689731187476,0.17630894281320214
XOM,logistic_regression,3,2022-12-13,0,-1,0.3709075203889921,0.31782711115842227,0.31782711115842227,0.053080409230569836
XOM,logistic_regression,3,2022-12-14,0,-1,0.4790464647587319,0.27239814195316775,0.27239814195316775,0.20664832280556417
XOM,logistic_regression,3,2022-12-15,0,-1,0.4709550124459411,0.32564367546075584,0.32564367546075584,0.14531133698518528
XOM,logistic_regression,3,2022-12-16,1,1,0.39669941682805465,0.39669941682805465,0.3162283281687102,0.08047108865934444
XOM,logistic_regression,3,2022-12-19,1,-1,0.4574468102992211,0.3164133400385292,0.3164133400385292,0.14103347026069185
XOM,logistic_regression,3,2022-12-20,0,-1,0.40530934486745696,0.35510840842681624,0.35510840842681624,0.05020093644064072
XOM,logistic_regression,3,2022-12-21,0,0,0.35966877131057395,0.2923332735754981,0.34799795511392795,0.011670816196646006
XOM,logistic_regression,3,2022-12-22,1,-1,0.4972436518426961,0.33491653607457805,0.33491653607457805,0.16232711576811804
XOM,logistic_regression,3,2022-12-23,0,-1,0.3836882120095835,0.33979837908413146,0.33979837908413146,0.04388983292545201
XOM,logistic_regression,3,2022-12-27,-1,1,0.38677397635577165,0.38677397635577165,0.3193612456743902,0.06741273068138143
XOM,logistic_regression,3,2022-12-28,0,-1,0.37055442326594884,0.33357572776467587,0.33357572776467587,0.03697869550127297
XOM,logistic_regression,3,2022-12-29,0,-1,0.3512425452328844,0.3252541933667085,0.3252541933667085,0.025988351866175874
XOM,logistic_regression,3,2022-12-30,0,1,0.3601494563566709,0.3601494563566709,0.357052809764141,0.0030966465925298947
XOM,logistic_regression,3,2023-01-03,1,-1,0.4656404666558399,0.37366901297990707,0.37366901297990707,0.09197145367593285
XOM,logistic_regression,3,2023-01-04,1,1,0.39227601913277177,0.39227601913277177,0.3865367749507799,0.005739244181991843
XOM,logistic_regression,3,2023-01-05,1,1,0.4888363154927792,0.4888363154927792,0.3874368348907361,0.10139948060204312
XOM,logistic_regression,3,2023-01-06,1,1,0.42227418503250463,0.42227418503250463,0.31529862949294485,0.10697555553955979
XOM,logistic_regression,3,2023-01-09,1,1,0.45573016169076275,0.45573016169076275,0.38715973870650183,0.06857042298426091
XOM,logistic_regression,3,2023-01-10,0,1,0.4422637663615875,0.4422637663615875,0.33641937408302924,0.10584439227855824
XOM,logistic_regression,3,2023-01-11,0,1,0.40728689153449416,0.40728689153449416,0.3290763947016454,0.07821049683284875
XOM,logistic_regression,3,2023-01-12,0,-1,0.36433629462349665,0.36165414206786206,0.36165414206786206,0.002682152555634587
XOM,logistic_regression,3,2023-01-13,0,1,0.36882453370368234,0.36882453370368234,0.32163750159738486,0.04718703210629749
XOM,logistic_regression,3,2023-01-17,0,0,0.37364862285616884,0.3677861063752736,0.3677861063752736,0.005862516480895252
XOM,logistic_regression,3,2023-01-18,1,1,0.4328246244297056,0.4328246244297056,0.3605392971278656,0.07228532730184001
XOM,logistic_regression,3,2023-01-19,1,1,0.4040240077188189,0.4040240077188189,0.3323290214267543,0.07169498629206461
XOM,logistic_regression,3,2023-01-20,0,1,0.3751971168268373,0.3751971168268373,0.33824662154441537,0.03695049528242195
XOM,logistic_regression,3,2023-01-23,0,0,0.4026686036338807,0.3050047171487396,0.3050047171487396,0.09766388648514107
XOM,logistic_regression,3,2023-01-24,0,-1,0.5486973536117012,0.3701147665375614,0.3701147665375614,0.17858258707413982
XOM,logistic_regression,3,2023-01-25,0,1,0.35548883248120916,0.35548883248120916,0.34168882639329595,0.013800006087913208
XOM,logistic_regression,3,2023-01-26,-1,1,0.3773671434902384,0.3773671434902384,0.3196081087960677,0.05775903469417071
XOM,logistic_regression,3,2023-01-27,-1,1,0.3693857100365849,0.3693857100365849,0.35509135649617574,0.014294353540409144
XOM,logistic_regression,3,2023-01-30,0,1,0.35801921265636527,0.35801921265636527,0.3311482990640003,0.026870913592364987
XOM,logistic_regression,3,2023-01-31,0,1,0.43029586837728007,0.43029586837728007,0.3978585419103293,0.032437326466950744
XOM,logistic_regression,3,2023-02-01,0,1,0.4215107011351931,0.4215107011351931,0.3602115446129901,0.061299156522203024
XOM,logistic_regression,3,2023-02-02,1,-1,0.42996389652496547,0.39851165536132227,0.39851165536132227,0.0314522411636432
XOM,logistic_regression,3,2023-02-03,1,1,0.399656452252389,0.399656452252389,0.3856588718990512,0.013997580353337813
XOM,logistic_regression,3,2023-02-06,1,-1,0.40518091040648496,0.39154956569324634,0.39154956569324634,0.013631344713238625
XOM,logistic_regression,3,2023-02-07,1,1,0.40919638015289717,0.40919638015289717,0.3896967877691711,0.01949959238372606
XOM,logistic_regression,3,2023-02-08,1,1,0.44617643560917364,0.44617643560917364,0.3303325999866444,0.11584383562252926
XOM,logistic_regression,3,2023-02-09,0,-1,0.37784174172625934,0.3570095325652198,0.3570095325652198,0.02083220916103956
XOM,logistic_regression,3,2023-02-10,-1,1,0.45830617595966483,0.45830617595966483,0.3556488119219282,0.10265736403773662
XOM,logistic_regression,3,2023-02-13,-1,1,0.3766480957871644,0.3766480957871644,0.3310481579191699,0.04559993786799449
XOM,logistic_regression,3,2023-02-14,-1,-1,0.3471967148079934,0.3379159606590764,0.3379159606590764,0.009280754148916992
XOM,logistic_regression,3,2023-02-15,-1,1,0.40831847853294173,0.40831847853294173,0.29628585959135045,0.11203261894159128
XOM,logistic_regression,3,2023-02-16,-1,1,0.3851314445572904,0.3851314445572904,0.3330856753969205,0.052045769160369904
XOM,logistic_regression,3,2023-02-17,0,1,0.40011607691646783,0.40011607691646783,0.36399977971017355,0.03611629720629428
XOM,logistic_regression,3,2023-02-21,0,-1,0.41567561498499667,0.3964017121228919,0.3964017121228919,0.019273902862104786
XOM,logistic_regression,3,2023-02-22,0,-1,0.3983571763386744,0.3892054386652612,0.3892054386652612,0.009151737673413207
XOM,logistic_regression,3,2023-02-23,0,-1,0.4097635200627698,0.35868478080134675,0.35868478080134675,0.051078739261423034
XOM,logistic_regression,3,2023-02-24,0,-1,0.40350144900553,0.3746385510174282,0.3746385510174282,0.028862897988101766
XOM,logistic_regression,3,2023-02-27,1,-1,0.39362309294220055,0.29109906543905306,0.3152778416187464,0.07834525132345416
XOM,logistic_regression,3,2023-02-28,0,-1,0.37684643854251876,0.357187863992405,0.357187863992405,0.019658574550113772
XOM,logistic_regression,3,2023-03-01,0,-1,0.4532415768928856,0.31827485284196866,0.31827485284196866,0.13496672405091692
XOM,logistic_regression,3,2023-03-02,-1,-1,0.3846892859891618,0.3206487949399415,0.3206487949399415,0.06404049104922033
XOM,logistic_regression,3,2023-03-03,-1,-1,0.42616660520100497,0.3656773310691893,0.3656773310691893,0.06048927413181565
XOM,logistic_regression,3,2023-03-06,-1,-1,0.36865070253101023,0.3499890786143056,0.3499890786143056,0.018661623916704617
XOM,logistic_regression,3,2023-03-07,-1,-1,0.39477524627338145,0.3655793275577936,0.3655793275577936,0.029195918715587854
XOM,logistic_regression,3,2023-03-08,-1,-1,0.4538378854623697,0.34033812373935585,0.34033812373935585,0.11349976172301385
XOM,logistic_regression,3,2023-03-09,-1,-1,0.47369826865284426,0.366712489840221,0.366712489840221,0.10698577881262328
XOM,logistic_regression,3,2023-03-10,-1,-1,0.4898203555565228,0.36585995087063233,0.36585995087063233,0.12396040468589048
XOM,logistic_regression,3,2023-03-13,-1,-1,0.5228596491052445,0.31976771009574373,0.31976771009574373,0.2030919390095008
XOM,logistic_regression,3,2023-03-14,0,-1,0.5339371026047489,0.31179105152972425,0.31179105152972425,0.22214605107502466
XOM,logistic_regression,3,2023-03-15,1,-1,0.5144283556359883,0.35560992835602484,0.35560992835602484,0.15881842727996348
XOM,logistic_regression,3,2023-03-16,1,-1,0.5684818225934938,0.29824977730842395,0.29824977730842395,0.27023204528506983
XOM,logistic_regression,3,2023-03-17,1,-1,0.49111519144351073,0.36126657474925655,0.36126657474925655,0.12984861669425418
XOM,logistic_regression,3,2023-03-20,1,-1,0.52689004058135,0.3312771929525401,0.3312771929525401,0.19561284762880993
XOM,logistic_regression,3,2023-03-21,0,1,0.4556132236957515,0.4556132236957515,0.40003011294726093,0.055583110748490594
XOM,logistic_regression,3,2023-03-22,1,1,0.4582635065144693,0.4582635065144693,0.381900235752694,0.07636327076177529
XOM,logistic_regression,3,2023-03-23,1,1,0.4459709572666252,0.4459709572666252,0.4053888776707897,0.04058207959583554
XOM,logistic_regression,3,2023-03-24,1,1,0.4712525292986629,0.4712525292986629,0.3489011401497839,0.122351389148879
XOM,logistic_regression,3,2023-03-27,1,1,0.44559928274453126,0.44559928274453126,0.36025431575514866,0.0853449669893826
XOM,logistic_regression,3,2023-03-28,1,1,0.45042723904692494,0.45042723904692494,0.3618919170446919,0.08853532200223302
XOM,logistic_regression,3,2023-03-29,1,1,0.4162913840495471,0.4162913840495471,0.3033361090195179,0.11295527503002917
XOM,logistic_regression,3,2023-03-30,1,1,0.3930438462895928,0.3930438462895928,0.33302565359741876,0.060018192692174066
XOM,logistic_regression,3,2023-03-31,1,0,0.3948993217355015,0.33635218997477084,0.33635218997477084,0.058547131760730675
XOM,logistic_regression,3,2023-04-03,0,1,0.4471328435228703,0.4471328435228703,0.35569080503425615,0.09144203848861415
XOM,logistic_regression,3,2023-04-04,0,1,0.37784553766540585,0.37784553766540585,0.3339703247946987,0.04387521287070717
XOM,logistic_regression,3,2023-04-05,0,1,0.37323866687188817,0.37323866687188817,0.35159368427325677,0.0216449825986314
XOM,logistic_regression,3,2023-04-06,0,1,0.4357743235374511,0.4357743235374511,0.3001570489245508,0.1356172746129003
XOM,logistic_regression,3,2023-04-10,0,1,0.3643573116067905,0.3643573116067905,0.35249559829371,0.011861713313080502
XOM,logistic_regression,3,2023-04-11,0,1,0.40869865271574835,0.40869865271574835,0.31476621480279593,0.09393243791295242
XOM,logistic_regression,3,2023-04-12,0,1,0.3819022583704298,0.3819022583704298,0.3287928405120684,0.053109417858361374
XOM,logistic_regression,3,2023-04-13,0,1,0.43531367521326103,0.43531367521326103,0.3133864477360479,0.12192722747721313
XOM,logistic_regression,3,2023-04-14,0,1,0.47695094208797684,0.47695094208797684,0.26271311401121694,0.2142378280767599
XOM,logistic_regression,3,2023-04-17,1,1,0.4918802317098141,0.4918802317098141,0.25588247454748425,0.23599775716232985
XOM,logistic_regression,3,2023-04-18,0,1,0.39751207564251795,0.39751207564251795,0.32569882955755275,0.0718132460849652
XOM,logistic_regression,3,2023-04-19,0,0,0.4033547912034518,0.30853116777747686,0.30853116777747686,0.09482362342597495
XOM,logistic_regression,3,2023-04-20,0,0,0.3524190816899809,0.3468800325685552,0.3468800325685552,0.005539049121425665
XOM,logistic_regression,3,2023-04-21,1,1,0.3744402871666163,0.3744402871666163,0.3440229281906261,0.03041735897599024
XOM,logistic_regression,3,2023-04-24,-1,1,0.41669284699103953,0.41669284699103953,0.30838311470471547,0.10830973228632407
XOM,logistic_regression,3,2023-04-25,-1,1,0.3941141988627432,0.3941141988627432,0.3181802898709557,0.07593390899178748
XOM,logistic_regression,3,2023-04-26,-1,1,0.3874712265574731,0.3874712265574731,0.30680022117202543,0.08067100538544769
XOM,logistic_regression,3,2023-04-27,-1,0,0.358960327114749,0.35486086631849845,0.35486086631849845,0.004099460796250565
XOM,logistic_regression,3,2023-04-28,-1,1,0.3639734243154856,0.3639734243154856,0.32095371711072623,0.043019707204759394
XOM,logistic_regression,3,2023-05-01,-1,-1,0.3984168017769576,0.3648206462902854,0.3648206462902854,0.03359615548667222
XOM,logistic_regression,3,2023-05-02,0,-1,0.4983193802469206,0.32464810012359846,0.32464810012359846,0.1736712801233221
XOM,logistic_regression,3,2023-05-03,0,-1,0.43869806586518106,0.323476671787283,0.323476671787283,0.11522139407789805
XOM,logistic_regression,3,2023-05-04,0,-1,0.4784611767838328,0.3080110844543787,0.3080110844543787,0.17045009232945413
XOM,logistic_regression,3,2023-05-05,-1,-1,0.43512321252061864,0.3216633454495507,0.3216633454495507,0.11345986707106792
XOM,logistic_regression,3,2023-05-08,-1,-1,0.4294495872703335,0.3474789613021669,0.3474789613021669,0.08197062596816662
XOM,logistic_regression,3,2023-05-09,-1,-1,0.42317267672647707,0.33671712886418903,0.33671712886418903,0.08645554786228804
XOM,logistic_regression,3,2023-05-10,0,-1,0.41057124978113757,0.3787058285509369,0.3787058285509369,0.0318654212302007
XOM,logistic_regression,3,2023-05-11,0,-1,0.4117871431694701,0.3217800508621011,0.3217800508621011,0.09000709230736903
XOM,logistic_regression,3,2023-05-12,0,-1,0.47766556545894945,0.29499328807813735,0.29499328807813735,0.1826722773808121
XOM,logistic_regression,3,2023-05-15,0,-1,0.41769821450684746,0.31562361578026166,0.31562361578026166,0.10207459872658581
XOM,logistic_regression,3,2023-05-16,1,-1,0.5045073464086985,0.2903452136860486,0.2903452136860486,0.21416213272264994
XOM,logistic_regression,3,2023-05-17,1,-1,0.46598156267962415,0.30309941082239816,0.30309941082239816,0.162882151857226
XOM,logistic_regression,3,2023-05-18,0,-1,0.40019603880618465,0.3238835166091562,0.3238835166091562,0.07631252219702844
XOM,logistic_regression,3,2023-05-19,0,-1,0.3929320577174089,0.2590563477405471,0.34801159454204406,0.044920463175364855
XOM,logistic_regression,3,2023-05-22,0,-1,0.4272873987079016,0.2588641599920953,0.3138484413000031,0.1134389574078985
XOM,logistic_regression,3,2023-05-23,-1,-1,0.42409238881089045,0.2870503937967339,0.2888572173923757,0.13523517141851477
XOM,logistic_regression,3,2023-05-24,-1,-1,0.35465337740019715,0.3066718327774241,0.33867478982237875,0.015978587577818393
XOM,logistic_regression,3,2023-05-25,0,0,0.3775930115986739,0.24923762879991537,0.3731693596014106,0.0044236519972633
XOM,logistic_regression,3,2023-05-26,0,-1,0.4228374957907858,0.2341461571166026,0.34301634709261164,0.07982114869817414
XOM,logistic_regression,3,2023-05-30,1,-1,0.41449253769706806,0.2684142624714148,0.31709319983151707,0.097399337865551
XOM,logistic_regression,3,2023-05-31,1,-1,0.3604731038265533,0.3197056111331459,0.31982128504030094,0.04065181878625235
XOM,logistic_regression,3,2023-06-01,1,-1,0.5546306326663194,0.29142269159296064,0.29142269159296064,0.26320794107335876
XOM,logistic_regression,3,2023-06-02,0,-1,0.3549683003209828,0.3410627769517515,0.3410627769517515,0.013905523369231287
XOM,logistic_regression,3,2023-06-05,0,-1,0.4262485222220057,0.2971280686248165,0.2971280686248165,0.1291204535971892
XOM,logistic_regression,3,2023-06-06,0,-1,0.40240685755910977,0.30784247258918135,0.30784247258918135,0.09456438496992842
XOM,logistic_regression,3,2023-06-07,-1,-1,0.34935006896878285,0.3417542298924525,0.3417542298924525,0.007595839076330324
XOM,logistic_regression,3,2023-06-08,-1,-1,0.39920321423312105,0.310821269518543,0.310821269518543,0.08838194471457805
XOM,logistic_regression,3,2023-06-09,-1,0,0.35439255395437663,0.3102909982671148,0.33531644777850855,0.01907610617586808
XOM,logistic_regression,3,2023-06-12,-1,0,0.36791761893299374,0.3145508083969881,0.317531572670018,0.050386046262975714
XOM,logistic_regression,3,2023-06-13,-1,-1,0.3750494776984481,0.30191234439725934,0.3230381779042925,0.052011299794155585
XOM,logistic_regression,3,2023-06-14,0,-1,0.4387042854541104,0.35899063435534145,0.35899063435534145,0.07971365109876893
XOM,logistic_regression,3,2023-06-15,-1,-1,0.380624735111728,0.2869994146212925,0.3323758502669795,0.048248884844748485
XOM,logistic_regression,3,2023-06-16,0,0,0.3423389183279657,0.31930081599308385,0.3383602656789505,0.003978652649015202
XOM,logistic_regression,3,2023-06-20,0,-1,0.5115794148827963,0.26055491912568524,0.26055491912568524,0.2510244957571111
XOM,logistic_regression,3,2023-06-21,0,-1,0.4740030700101975,0.3026215065512973,0.3026215065512973,0.17138156345890015
XOM,logistic_regression,3,2023-06-22,1,-1,0.3760128310542337,0.2516201741062428,0.3723669948395234,0.0036458362147103185
XOM,logistic_regression,3,2023-06-23,1,0,0.386978038287249,0.235571185331841,0.37745077638091,0.009527261906339013
XOM,logistic_regression,3,2023-06-26,1,-1,0.45170450273751644,0.3032912869588352,0.3032912869588352,0.14841321577868122
XOM,logistic_regression,3,2023-06-27,1,0,0.3701885363549425,0.28621549325497797,0.3435959703900795,0.02659256596486298
XOM,logistic_regression,3,2023-06-28,-1,-1,0.4157171389136584,0.30122548991195014,0.30122548991195014,0.11449164900170827
XOM,logistic_regression,3,2023-06-29,-1,0,0.341057252850149,0.3365908633942209,0.3365908633942209,0.004466389455928088
XOM,logistic_regression,3,2023-06-30,-1,0,0.45508275107608137,0.27601408818495193,0.27601408818495193,0.17906866289112944
XOM,logistic_regression,3,2023-07-03,0,0,0.40814406685415067,0.24931755515771883,0.3425383779881306,0.06560568886602008
XOM,logistic_regression,3,2023-07-05,0,0,0.40883095575459133,0.2793243738261504,0.3118446704192584,0.09698628533533293
XOM,logistic_regression,3,2023-07-06,0,-1,0.4451736049830628,0.30829213638462755,0.30829213638462755,0.13688146859843525
XOM,logistic_regression,3,2023-07-07,-1,-1,0.4530396737179353,0.2732380113846718,0.2737223148973929,0.1793173588205424
XOM,logistic_regression,3,2023-07-10,-1,-1,0.4289417412380315,0.2885519384601687,0.2885519384601687,0.14038980277786284
XOM,logistic_regression,3,2023-07-11,-1,-1,0.37575778335843246,0.2488477725250357,0.3753944441165318,0.00036333924190068423
XOM,logistic_regression,3,2023-07-12,-1,0,0.36664381951486064,0.27703316420612034,0.356323016279019,0.010320803235841614
XOM,logistic_regression,3,2023-07-13,0,-1,0.37996999162949363,0.30789131459026975,0.3121386937802366,0.06783129784925701
XOM,logistic_regression,3,2023-07-14,1,-1,0.5049775520530769,0.2893687312136074,0.2893687312136074,0.21560882083946953
XOM,logistic_regression,3,2023-07-17,1,-1,0.4818777974312274,0.2596886635398847,0.2596886635398847,0.2221891338913427
XOM,logistic_regression,3,2023-07-18,1,-1,0.45410699258889625,0.2806311247352153,0.2806311247352153,0.17347586785368097
XOM,logistic_regression,3,2023-07-19,1,-1,0.48831678804475787,0.2729774855286954,0.2729774855286954,0.21533930251606248
XOM,logistic_regression,3,2023-07-20,0,-1,0.40605008037372775,0.32853819948406693,0.32853819948406693,0.07751188088966082
XOM,logistic_regression,3,2023-07-21,0,-1,0.349253782194903,0.32059444324637537,0.3301517745587217,0.019102007636181306
XOM,logistic_regression,3,2023-07-24,0,-1,0.37298059270195005,0.3219448074036724,0.3219448074036724,0.05103578529827768
XOM,logistic_regression,3,2023-07-25,0,0,0.405697673034995,0.2819462172285043,0.3123561097365006,0.09334156329849441
XOM,logistic_regression,3,2023-07-26,0,0,0.439084664066747,0.25291807174572545,0.30799726418752765,0.13108739987921936
XOM,logistic_regression,3,2023-07-27,0,-1,0.3660436936188516,0.28612399829321516,0.34783230808793336,0.018211385530918223
XOM,logistic_regression,3,2023-07-28,1,-1,0.40093315719118644,0.24692268235051656,0.35214416045829694,0.0487889967328895
XOM,logistic_regression,3,2023-07-31,0,-1,0.4036007936833561,0.2687492227358439,0.3276499835808,0.07595081010255611
XOM,logistic_regression,3,2023-08-01,0,-1,0.37216111300363,0.2649742139511004,0.3628646730452697,0.00929643995836027
XOM,logistic_regression,3,2023-08-02,1,-1,0.39429218316679127,0.2653770033377644,0.3403308134954442,0.05396136967134707
XOM,logistic_regression,3,2023-08-03,1,1,0.36090536354813335,0.36090536354813335,0.3599661565707296,0.0009392069774037393
XOM,logistic_regression,3,2023-08-04,1,0,0.3460399632348989,0.3312805119235254,0.3312805119235254,0.014759451311373462
XOM,logistic_regression,3,2023-08-07,1,0,0.41432054956772274,0.2628463403998128,0.32283311003246445,0.09148743953525829
XOM,logistic_regression,3,2023-08-08,0,-1,0.37171515840352115,0.3030255650327114,0.3252592765637676,0.04645588183975358
XOM,logistic_regression,3,2023-08-09,-1,0,0.3777299913842384,0.31158150038437593,0.31158150038437593,0.06614849099986247
XOM,logistic_regression,3,2023-08-10,0,0,0.36314985510667186,0.3160570460497982,0.32079309884352986,0.042356756263142004
XOM,logistic_regression,3,2023-08-11,0,1,0.37555405389506324,0.37555405389506324,0.3321373573839675,0.043416696511095754
XOM,logistic_regression,3,2023-08-14,-1,0,0.45053727265196913,0.31493035183813334,0.31493035183813334,0.1356069208138358
XOM,logistic_regression,3,2023-08-15,0,1,0.4006250137552109,0.4006250137552109,0.3521039131596004,0.048521100595610545
XOM,logistic_regression,3,2023-08-16,0,1,0.40950971407760817,0.40950971407760817,0.39610207180859275,0.013407642269015418
XOM,logistic_regression,3,2023-08-17,0,1,0.41884028177401117,0.41884028177401117,0.3672088273267233,0.051631454447287894
XOM,logistic_regression,3,2023-08-18,0,1,0.40478812542072395,0.40478812542072395,0.35012662113787285,0.0546615042828511
XOM,logistic_regression,3,2023-08-21,0,-1,0.37553483386318676,0.36967750838940916,0.36967750838940916,0.005857325473777597
XOM,logistic_regression,3,2023-08-22,0,1,0.39198137908217656,0.39198137908217656,0.3329483606763947,0.059033018405781845
XOM,logistic_regression,3,2023-08-23,1,1,0.37178302456557744,0.37178302456557744,0.31782155024409353,0.053961474321483904
XOM,logistic_regression,3,2023-08-24,1,-1,0.3755005006450808,0.3656262207848267,0.3656262207848267,0.009874279860254076
XOM,logistic_regression,3,2023-08-25,1,1,0.39656556260074927,0.39656556260074927,0.35589282359007,0.04067273901067925
XOM,logistic_regression,3,2023-08-28,1,1,0.33884521608190776,0.33884521608190776,0.3379902447519323,0.0008549713299754735
XOM,logistic_regression,3,2023-08-29,1,0,0.37259131255380223,0.31798913466174134,0.31798913466174134,0.0546021778920609
XOM,logistic_regression,3,2023-08-30,1,0,0.3914038756028398,0.35182201429773813,0.35182201429773813,0.03958186130510166
XOM,logistic_regression,3,2023-08-31,1,0,0.48679862703674703,0.2886996709049508,0.2886996709049508,0.19809895613179623
XOM,logistic_regression,3,2023-09-01,0,0,0.4462679597649284,0.2866019175456436,0.2866019175456436,0.15966604221928477
XOM,logistic_regression,3,2023-09-05,1,0,0.4088853802832808,0.3227267686526367,0.3227267686526367,0.08615861163064409
XOM,logistic_regression,3,2023-09-06,0,0,0.47096077105502543,0.279365344985774,0.279365344985774,0.19159542606925145
XOM,logistic_regression,3,2023-09-07,1,0,0.46140324483465706,0.29245795420117526,0.29245795420117526,0.1689452906334818
XOM,logistic_regression,3,2023-09-08,0,0,0.5121921086484452,0.26062978096132844,0.26062978096132844,0.2515623276871168
XOM,logistic_regression,3,2023-09-11,1,0,0.43757890986269526,0.27551931632924415,0.28690177380806053,0.15067713605463473
XOM,logistic_regression,3,2023-09-12,0,0,0.41043094464277363,0.30131659783125975,0.30131659783125975,0.10911434681151388
XOM,logistic_regression,3,2023-09-13,0,0,0.4041581647417603,0.3406804668616995,0.3406804668616995,0.0634776978800608
XOM,logistic_regression,3,2023-09-14,-1,0,0.47383530601471646,0.3102246864755113,0.3102246864755113,0.16361061953920514
XOM,logistic_regression,3,2023-09-15,0,0,0.40114006782839645,0.39845539620504444,0.39845539620504444,0.0026846716233520085
XOM,logistic_regression,3,2023-09-18,0,0,0.4721444531455728,0.2718951967417229,0.2718951967417229,0.20024925640384988
XOM,logistic_regression,3,2023-09-19,0,0,0.383883743987811,0.35740656507818774,0.35740656507818774,0.026477178909623256
XOM,logistic_regression,3,2023-09-20,1,0,0.4004090022346562,0.3371585463213019,0.3371585463213019,0.06325045591335432
XOM,logistic_regression,3,2023-09-21,1,1,0.4415696440188998,0.4415696440188998,0.3103515265303649,0.1312181174885349
XOM,logistic_regression,3,2023-09-22,1,1,0.41345429208524187,0.41345429208524187,0.31841296478123104,0.09504132730401083
XOM,logistic_regression,3,2023-09-25,0,1,0.3964287862894845,0.3964287862894845,0.34046345344094225,0.05596533284854227
XOM,logistic_regression,3,2023-09-26,0,0,0.36876441936473625,0.3655226381537962,0.3655226381537962,0.0032417812109400423
XOM,logistic_regression,3,2023-09-27,-1,1,0.46418595673087726,0.46418595673087726,0.2863955223914482,0.17779043433942904
XOM,logistic_regression,3,2023-09-28,-1,1,0.3960968388251252,0.3960968388251252,0.344445868158439,0.051650970666686224
XOM,logistic_regression,3,2023-09-29,-1,1,0.39089927702951704,0.39089927702951704,0.32493822335475553,0.06596105367476152
XOM,logistic_regression,3,2023-10-02,-1,1,0.39598200104739195,0.39598200104739195,0.34881375596322006,0.04716824508417189
XOM,logistic_regression,3,2023-10-03,-1,1,0.3817869267972917,0.3817869267972917,0.31088127790425685,0.07090564889303486
XOM,logistic_regression,3,2023-10-04,-1,1,0.40852873285773184,0.40852873285773184,0.356863837974,0.05166489488373183
XOM,logistic_regression,3,2023-10-05,-1,1,0.3862160843660477,0.3862160843660477,0.38083643210529683,0.005379652260750878
XOM,logistic_regression,3,2023-10-06,1,-1,0.4065183317242567,0.39313083756337563,0.39313083756337563,0.013387494160881086
XOM,logistic_regression,3,2023-10-09,0,1,0.414436000830606,0.414436000830606,0.4130794471553135,0.0013565536752925267
XOM,logistic_regression,3,2023-10-10,0,1,0.37661673670077844,0.37661673670077844,0.35656363166224236,0.02005310503853608
XOM,logistic_regression,3,2023-10-11,1,1,0.39727579057846035,0.39727579057846035,0.3447694059646861,0.05250638461377427
XOM,logistic_regression,3,2023-10-12,1,-1,0.4341857828591657,0.344258042897819,0.344258042897819,0.08992773996134668
XOM,logistic_regression,3,2023-10-13,0,1,0.4232402192890409,0.4232402192890409,0.38533748656966493,0.03790273271937594
XOM,logistic_regression,3,2023-10-16,0,-1,0.36017645912672236,0.3498778073850937,0.3498778073850937,0.01029865174162864
XOM,logistic_regression,3,2023-10-17,-1,1,0.377395165393556,0.377395165393556,0.37072139821352973,0.006673767180026269
XOM,logistic_regression,3,2023-10-18,-1,1,0.4529922048811858,0.4529922048811858,0.2989223411544467,0.1540698637267391
XOM,logistic_regression,3,2023-10-19,-1,1,0.4392037904876986,0.4392037904876986,0.3122695560901875,0.12693423439751111
XOM,logistic_regression,3,2023-10-20,-1,1,0.45270047533234953,0.45270047533234953,0.30755713728129086,0.14514333805105867
XOM,logistic_regression,3,2023-10-23,-1,1,0.37454996880941027,0.37454996880941027,0.33718181993431867,0.0373681488750916
XOM,logistic_regression,3,2023-10-24,-1,0,0.35183010214335175,0.34235246222250065,0.34235246222250065,0.0094776399208511
XOM,logistic_regression,3,2023-10-25,-1,0,0.3442998545606244,0.3217167679561241,0.3339833774832515,0.010316477077372876
XOM,logistic_regression,3,2023-10-26,0,-1,0.37644326390134586,0.3344173678852806,0.3344173678852806,0.04202589601606527
XOM,logistic_regression,3,2023-10-27,1,-1,0.4847827311497078,0.3372055125096119,0.3372055125096119,0.14757721864009593
XOM,logistic_regression,3,2023-10-30,0,0,0.34398240761595733,0.31450423581028586,0.34151335657375675,0.0024690510422005763
XOM,logistic_regression,3,2023-10-31,0,0,0.3564325491137714,0.299127941083287,0.34443950980294147,0.011993039310829956
XOM,logistic_regression,3,2023-11-01,-1,-1,0.35930359958348723,0.30179118710258007,0.3389052133139328,0.020398386269554425
XOM,logistic_regression,3,2023-11-02,-1,-1,0.4052381902226984,0.36968055021838736,0.36968055021838736,0.03555764000431105
XOM,logistic_regression,3,2023-11-03,-1,1,0.39325852142600326,0.39325852142600326,0.32496490732685096,0.0682936140991523
XOM,logistic_regression,3,2023-11-06,0,-1,0.42203006338417637,0.3079717664037283,0.3079717664037283,0.11405829698044806
XOM,logistic_regression,3,2023-11-07,0,-1,0.3694653381535326,0.3449684471459315,0.3449684471459315,0.024496891007601107
XOM,logistic_regression,3,2023-11-08,0,-1,0.4222179766768395,0.3533504660854525,0.3533504660854525,0.06886751059138702
XOM,logistic_regression,3,2023-11-09,0,-1,0.4086235779981146,0.3640003112553393,0.3640003112553393,0.04462326674277528
XOM,logistic_regression,3,2023-11-10,1,-1,0.38457903634827556,0.31749881240734246,0.31749881240734246,0.0670802239409331
XOM,logistic_regression,3,2023-11-13,0,-1,0.40276027755774013,0.3199807408989115,0.3199807408989115,0.08277953665882865
XOM,logistic_regression,3,2023-11-14,0,0,0.40340080455659927,0.27374519201231484,0.3228540034310859,0.08054680112551338
XOM,logistic_regression,3,2023-11-15,0,-1,0.3714270884898157,0.260065836938543,0.36850707457164117,0.0029200139181745355
XOM,logistic_regression,3,2023-11-16,1,-1,0.40499474570266797,0.21527546701369582,0.37972978728363627,0.025264958419031702
XOM,logistic_regression,3,2023-11-17,0,-1,0.40771574443562764,0.2507776025364793,0.341506653027893,0.06620909140773462
XOM,logistic_regression,3,2023-11-20,0,0,0.43984048080005517,0.23485039081152667,0.32530912838841824,0.11453135241163692
XOM,logistic_regression,3,2023-11-21,-1,0,0.3967632765839849,0.23477238446828486,0.36846433894773023,0.028298937636254684
XOM,logistic_regression,3,2023-11-22,0,0,0.38822953404278343,0.2641523691546396,0.34761809680257705,0.04061143724020638
XOM,logistic_regression,3,2023-11-24,0,0,0.4337558336750959,0.23074446569548782,0.3354997006294163,0.0982561330456796
XOM,logistic_regression,3,2023-11-27,0,0,0.4702504518658784,0.2664272955452372,0.2664272955452372,0.20382315632064119
XOM,logistic_regression,3,2023-11-28,-1,0,0.4608278007692264,0.23527421692267933,0.30389798230809434,0.15692981846113208
XOM,logistic_regression,3,2023-11-29,-1,-1,0.41244135377204344,0.2796670331040057,0.3078916131239508,0.10454974064809264
XOM,logistic_regression,3,2023-11-30,-1,-1,0.43250043066463856,0.26700438688306194,0.30049518245229945,0.1320052482123391
XOM,logistic_regression,3,2023-12-01,-1,-1,0.44128347472433743,0.22916730156383552,0.32954922371182704,0.11173425101251039
XOM,logistic_regression,3,2023-12-04,-1,-1,0.44721700823757776,0.21723617602075443,0.33554681574166784,0.11167019249590993
XOM,logistic_regression,3,2023-12-05,-1,-1,0.47701878185304103,0.24886269027263816,0.2741185278743208,0.20290025397872025
XOM,logistic_regression,3,2023-12-06,0,-1,0.5012508175632071,0.2762069285797237,0.2762069285797237,0.22504388898348343
XOM,logistic_regression,3,2023-12-07,1,-1,0.5383929705005459,0.27341555646689947,0.27341555646689947,0.26497741403364644
XOM,logistic_regression,3,2023-12-08,0,-1,0.4513861473172566,0.2574176214219751,0.2911962312607683,0.1601899160564883
XOM,logistic_regression,3,2023-12-11,1,-1,0.45362988204880683,0.2659377661960251,0.28043235175516806,0.17319753029363877
XOM,logistic_regression,3,2023-12-12,1,-1,0.4440144776493407,0.2458396916277162,0.3101458307229431,0.1338686469263976
XOM,logistic_regression,3,2023-12-13,1,-1,0.47341613997211096,0.23640549601950359,0.2901783640083854,0.18323777596372554
XOM,logistic_regression,3,2023-12-14,0,-1,0.4504937787339378,0.28379963525807617,0.28379963525807617,0.16669414347586164
XOM,logistic_regression,3,2023-12-15,0,0,0.4043772199476977,0.2745500715638353,0.3210727084884671,0.08330451145923062
XOM,logistic_regression,3,2023-12-18,0,-1,0.433167475096059,0.22299250798308556,0.34384001692085553,0.08932745817520349
XOM,logistic_regression,3,2023-12-19,0,0,0.38332618370805815,0.25096069616393135,0.3657131201280105,0.01761306358004766
XOM,logistic_regression,3,2023-12-20,0,-1,0.4637885325366698,0.2682666861876034,0.2682666861876034,0.19552184634906639
XOM,logistic_regression,3,2023-12-21,0,0,0.38325351863991014,0.23716542974563348,0.3795810516144563,0.0036724670254538183
XOM,logistic_regression,3,2023-12-22,0,0,0.382738906420352,0.23477693664161933,0.3824841569380287,0.0002547494823233465
XOM,logistic_regression,3,2023-12-26,0,0,0.4468699941263527,0.21570504471527885,0.3374249611583684,0.1094450329679843
XOM,logistic_regression,3,2023-12-27,0,0,0.38890346575463175,0.22568571167465684,0.3854108225707114,0.003492643183920341
XOM,logistic_regression,3,2023-12-28,1,-1,0.4050572128635066,0.24596712612471824,0.3489756610117752,0.056081551851731415
XOM,logistic_regression,3,2023-12-29,0,-1,0.41211642733132825,0.2147617658254127,0.3731218068432589,0.03899462048806934
XOM,logistic_regression,3,2024-01-02,-1,-1,0.43415625297564064,0.2563746063651428,0.3094691406592166,0.12468711231642404
XOM,logistic_regression,3,2024-01-03,-1,-1,0.3913404151620876,0.25399137162360935,0.35466821321430314,0.03667220194778448
XOM,logistic_regression,3,2024-01-04,-1,-1,0.41528957058812555,0.26947854874229926,0.3152318806695751,0.10005768991855046
XOM,logistic_regression,3,2024-01-05,-1,0,0.3878150293235998,0.2848523328107199,0.3273326378656801,0.06048239145791967
XOM,logistic_regression,3,2024-01-08,-1,-1,0.3481113395093114,0.30483981096779617,0.3470488495228924,0.0010624899864190018
XOM,logistic_regression,3,2024-01-09,-1,-1,0.4533010523688945,0.27274349482706245,0.2739554528040432,0.1793455995648513
XOM,logistic_regression,3,2024-01-10,0,-1,0.432331595995387,0.2807142939735047,0.2869541100311082,0.1453774859642788
XOM,logistic_regression,3,2024-01-11,0,-1,0.42391978522898965,0.292805995772083,0.292805995772083,0.13111378945690666
XOM,logistic_regression,3,2024-01-12,-1,-1,0.41872085643839774,0.31633052112179094,0.31633052112179094,0.1023903353166068
XOM,logistic_regression,3,2024-01-16,0,-1,0.4723742201538114,0.3018251951293623,0.3018251951293623,0.17054902502444913
XOM,logistic_regression,3,2024-01-17,1,-1,0.46349510882379097,0.2677798324610129,0.26872505871519625,0.19477005010859472
XOM,logistic_regression,3,2024-01-18,1,-1,0.4246975755850901,0.2680206106935033,0.3072818137214066,0.11741576186368347
XOM,logistic_regression,3,2024-01-19,1,-1,0.4143822536046688,0.21371349270317988,0.3719042536921513,0.042477999912517495
XOM,logistic_regression,3,2024-01-22,1,-1,0.4560110480197602,0.24108006383729186,0.302908888142948,0.15310215987681225
XOM,logistic_regression,3,2024-01-23,1,-1,0.4620784806512915,0.24333714618897787,0.29458437315973063,0.16749410749156085
XOM,logistic_regression,3,2024-01-24,1,-1,0.4015848468280598,0.2629656199596636,0.33544953321227655,0.06613531361578323
XOM,logistic_regression,3,2024-01-25,0,-1,0.3736589720479614,0.272053815883482,0.35428721206855657,0.019371759979404823
XOM,logistic_regression,3,2024-01-26,0,0,0.40336048252112466,0.2664738024572197,0.33016571502165565,0.07319476749946902
XOM,logistic_regression,3,2024-01-29,0,0,0.4870354855839577,0.2362874860249196,0.2766770283911227,0.21035845719283502
XOM,logistic_regression,3,2024-01-30,-1,0,0.38717952981594106,0.27803814556302764,0.33478232462103125,0.05239720519490981
XOM,logistic_regression,3,2024-01-31,0,0,0.3946966629322832,0.2761558273271179,0.3291475097405988,0.06554915319168442
XOM,logistic_regression,3,2024-02-01,0,0,0.44346820365704587,0.22227517575972677,0.3342566205832273,0.10921158307381856
XOM,logistic_regression,3,2024-02-02,0,0,0.4123737944949082,0.25675868974431093,0.33086751576078094,0.08150627873412725
XOM,logistic_regression,3,2024-02-05,0,0,0.39486554645343397,0.2318643642898488,0.37327008925671734,0.021595457196716628
XOM,logistic_regression,3,2024-02-06,0,0,0.3901254990362566,0.25215767823497676,0.3577168227287667,0.03240867630748989
XOM,logistic_regression,3,2024-02-07,0,0,0.42572974538776254,0.25100086870031174,0.3232693859119257,0.10246035947583682
XOM,logistic_regression,3,2024-02-08,0,0,0.3891845032516942,0.2655785094711538,0.3452369872771521,0.043947515974542106
XOM,logistic_regression,3,2024-02-09,1,-1,0.40200660182175385,0.2841729223974081,0.31382047578083805,0.0881861260409158
XOM,logistic_regression,3,2024-02-12,0,0,0.4099395529686515,0.24137430809721183,0.3486861389341367,0.061253414034514786
XOM,logistic_regression,3,2024-02-13,1,-1,0.38459550620494887,0.32687278351687915,0.32687278351687915,0.057722722688069716
XOM,logistic_regression,3,2024-02-14,1,0,0.3624583077232803,0.2751265084313148,0.3624151838454049,4.312387787541727e-05
XOM,logistic_regression,3,2024-02-15,0,-1,0.37878869142937477,0.3646386648780679,0.3646386648780679,0.014150026551306871
XOM,logistic_regression,3,2024-02-16,0,0,0.3710425929901392,0.33375463187773174,0.33375463187773174,0.03728796111240745
XOM,logistic_regression,3,2024-02-20,0,0,0.3378989424037187,0.3361436600277051,0.3361436600277051,0.0017552823760135783
XOM,logistic_regression,3,2024-02-21,0,1,0.37653718039090206,0.37653718039090206,0.3208206900678597,0.05571649032304238
XOM,logistic_regression,3,2024-02-22,0,0,0.4382295978178054,0.2930072039215504,0.2930072039215504,0.14522239389625502
XOM,logistic_regression,3,2024-02-23,0,0,0.4510019523002911,0.23545481389122258,0.31354323380848625,0.13745871849180485
XOM,logistic_regression,3,2024-02-26,0,0,0.39024395856574257,0.2696005494640047,0.3401554919702528,0.05008846659548977
XOM,logistic_regression,3,2024-02-27,0,0,0.46735867882595494,0.24456947879386387,0.2880718423801811,0.17928683644577387
XOM,logistic_regression,3,2024-02-28,1,0,0.4633344930076505,0.21970834214152077,0.3169571648508288,0.1463773281568217
XOM,logistic_regression,3,2024-02-29,1,0,0.5325099561381184,0.22891452073449928,0.23857552312738237,0.29393443301073596
XOM,logistic_regression,3,2024-03-01,1,0,0.5619415771434149,0.1973300349540775,0.24072838790250772,0.32121318924090714
XOM,logistic_regression,3,2024-03-04,1,0,0.42259950282370407,0.24601786447276372,0.33138263270353224,0.09121687012017182
XOM,logistic_regression,3,2024-03-05,1,0,0.39068042081537707,0.26957324126492926,0.33974633791969366,0.05093408289568341
XOM,logistic_regression,3,2024-03-06,1,0,0.4929586919860089,0.2415566486223377,0.26548465939165344,0.22747403259435545
XOM,logistic_regression,3,2024-03-07,1,0,0.5298917775126458,0.202214273983386,0.26789394850396814,0.2619978290086777
XOM,logistic_regression,3,2024-03-08,1,0,0.5018744183772764,0.2226431682119601,0.27548241341076357,0.22639200496651285
XOM,logistic_regression,3,2024-03-11,1,0,0.49580846483741636,0.24709851192593768,0.25709302323664596,0.2387154416007704
XOM,logistic_regression,3,2024-03-12,1,0,0.5647976777945214,0.201031197433634,0.23417112477184457,0.33062655302267685
XOM,logistic_regression,3,2024-03-13,1,0,0.5452432435838359,0.22681098518894843,0.22794577122721568,0.3172974723566202
XOM,logistic_regression,3,2024-03-14,0,0,0.48833907559786227,0.2713576440152915,0.2713576440152915,0.21698143158257077
XOM,logistic_regression,3,2024-03-15,0,0,0.5762084874222124,0.2192256679963196,0.2192256679963196,0.35698281942589283
XOM,logistic_regression,3,2024-03-18,1,0,0.5642572169155237,0.20117615249279944,0.23456663059167698,0.3296905863238467
XOM,logistic_regression,3,2024-03-19,0,0,0.6122573336302118,0.2034860046388004,0.2034860046388004,0.40877132899141144
XOM,logistic_regression,3,2024-03-20,0,0,0.6915716819100497,0.14968816428545006,0.15874015380450024,0.5328315281055495
XOM,logistic_regression,3,2024-03-21,1,0,0.6359343182903434,0.16885124666637244,0.19521443504328426,0.44071988324705913
XOM,logistic_regression,3,2024-03-22,1,0,0.6567456932827374,0.17023256547761031,0.1730217412396524,0.48372395204308494
XOM,logistic_regression,3,2024-03-25,1,0,0.6050497464742216,0.18831873580984096,0.20663151771593752,0.3984182287582841
XOM,logistic_regression,3,2024-03-26,1,0,0.5780108121147032,0.2119310671337774,0.2119310671337774,0.36607974498092577
XOM,logistic_regression,3,2024-03-27,1,0,0.614493620046363,0.18827997511158076,0.1972264048420562,0.41726721520430676
XOM,logistic_regression,3,2024-03-28,1,0,0.6296759577834184,0.2000363388392879,0.2000363388392879,0.42963961894413055
XOM,logistic_regression,3,2024-04-01,1,0,0.6089427503512298,0.18457711971938848,0.20648012992938178,0.402462620421848
XOM,logistic_regression,3,2024-04-02,0,0,0.5398625921395506,0.25772939739502965,0.25772939739502965,0.2821331947445209
XOM,logistic_regression,3,2024-04-03,1,0,0.6818280562167088,0.1828358145399111,0.1828358145399111,0.49899224167679773
XOM,logistic_regression,3,2024-04-04,0,0,0.6623137661848082,0.1906344152860702,0.1906344152860702,0.471679350898738
XOM,logistic_regression,3,2024-04-05,0,0,0.6244949889292796,0.21370550823334947,0.21370550823334947,0.41078948069593013
XOM,logistic_regression,3,2024-04-08,0,0,0.6459516827137127,0.1934062964478736,0.1934062964478736,0.4525453862658391
XOM,logistic_regression,3,2024-04-09,-1,0,0.663856246242199,0.17895616718986612,0.17895616718986612,0.48490007905233284
XOM,logistic_regression,3,2024-04-10,-1,0,0.5829809804045345,0.24404364696950215,0.24404364696950215,0.33893733343503235
XOM,logistic_regression,3,2024-04-11,-1,0,0.6161145919088825,0.2084365496886915,0.2084365496886915,0.407678042220191
XOM,logistic_regression,3,2024-04-12,0,0,0.39953199486660407,0.2970963790179909,0.303371626115405,0.09616036875119904
XOM,logistic_regression,3,2024-04-15,0,0,0.43921944935829205,0.2934860716348008,0.2934860716348008,0.14573337772349126
XOM,logistic_regression,3,2024-04-16,0,0,0.44612069224378476,0.28338693166764606,0.28338693166764606,0.1627337605761387
XOM,logistic_regression,3,2024-04-17,1,0,0.40698157897951576,0.28320161930166365,0.30981680171882053,0.09716477726069522
XOM,logistic_regression,3,2024-04-18,1,0,0.4184341980275642,0.29649587799341265,0.29649587799341265,0.12193832003415156
XOM,logistic_regression,3,2024-04-19,0,0,0.4290601845257825,0.30941365334565174,0.30941365334565174,0.11964653118013074
XOM,logistic_regression,3,2024-04-22,0,0,0.40745969227879153,0.305615402764768,0.305615402764768,0.10184428951402352
XOM,logistic_regression,3,2024-04-23,-1,0,0.5497108005262199,0.23812192172113,0.23812192172113,0.3115888788050899
XOM,logistic_regression,3,2024-04-24,-1,0,0.5096402685113517,0.2623322374165162,0.2623322374165162,0.2473080310948355
XOM,logistic_regression,3,2024-04-25,-1,0,0.4964016335780309,0.2718222617371517,0.2718222617371517,0.22457937184087923
XOM,logistic_regression,3,2024-04-26,0,0,0.3458802521911261,0.33862327928602376,0.33862327928602376,0.007256972905102355
XOM,logistic_regression,3,2024-04-29,-1,-1,0.36111737752086615,0.3058147471965516,0.33306787528258225,0.028049502238283897
XOM,logistic_regression,3,2024-04-30,0,1,0.3561083800084502,0.3561083800084502,0.34639492713616554,0.009713452872284645
XOM,logistic_regression,3,2024-05-01,0,-1,0.40049571082256924,0.33328679392138094,0.33328679392138094,0.0672089169011883
XOM,logistic_regression,3,2024-05-02,0,0,0.3359974785659332,0.3289559846036826,0.3350465368303843,0.0009509417355488825
XOM,logistic_regression,3,2024-05-03,0,-1,0.36518838616079013,0.2929815750449556,0.34183003879425433,0.023358347366535803
XOM,logistic_regression,3,2024-05-06,0,-1,0.37473955876807796,0.2788292243778753,0.3464312168540468,0.028308341914031143
XOM,logistic_regression,3,2024-05-07,1,-1,0.38132602806445914,0.28385178486443524,0.3348221870711056,0.04650384099335353
XOM,logistic_regression,3,2024-05-08,1,-1,0.386001334511129,0.2525173994333202,0.3614812660555508,0.024520068455578192
XOM,logistic_regression,3,2024-05-09,0,0,0.3710155738910142,0.27159182486380057,0.35739260124518524,0.013622972645828957
XOM,logistic_regression,3,2024-05-10,1,0,0.45949858234827556,0.25108392765482124,0.2894174899969031,0.17008109235137248
XOM,logistic_regression,3,2024-05-13,0,0,0.44939411174254323,0.24584685142632687,0.30475903683112976,0.14463507491141347
XOM,logistic_regression,3,2024-05-14,0,0,0.49855228863792267,0.24855602524016293,0.25289168612191437,0.2456606025160083
XOM,logistic_regression,3,2024-05-15,-1,0,0.4991118654652404,0.23357594464034429,0.2673121898944153,0.2317996755708251
XOM,logistic_regression,3,2024-05-16,-1,0,0.4872016419960771,0.23365566119586054,0.2791426968080624,0.20805894518801465
XOM,logistic_regression,3,2024-05-17,-1,0,0.5479557943285477,0.2127102547778374,0.2393339508936149,0.3086218434349328
XOM,logistic_regression,3,2024-05-20,-1,0,0.5524325644037816,0.20882540274231706,0.2387420328539013,0.31369053154988036
XOM,logistic_regression,3,2024-05-21,-1,0,0.5160223129446634,0.20905268298770086,0.2749250040676357,0.24109730887702768
XOM,logistic_regression,3,2024-05-22,0,0,0.3688339187278377,0.26859654031487445,0.3625695409572879,0.006264377770549834
