ticker,model,fold,date,y_true,y_pred,confidence,bullish_probability,second_best_probability,probability_margin
XOM,random_forest,1,2019-10-03,0,0,0.4030032090773111,0.2356578343870161,0.361338956535673,0.04166425254163808
XOM,random_forest,1,2019-10-04,0,-1,0.4596175015576496,0.2662828320702736,0.2740996663720769,0.1855178351855727
XOM,random_forest,1,2019-10-07,0,-1,0.38019882997082455,0.26578017584122626,0.35402099418794936,0.026177835782875192
XOM,random_forest,1,2019-10-08,1,-1,0.36399825591722423,0.33027218970994715,0.33027218970994715,0.03372606620727708
XOM,random_forest,1,2019-10-09,0,-1,0.3744733410993277,0.2763182459138817,0.34920841298679045,0.02526492811253722
XOM,random_forest,1,2019-10-10,0,-1,0.4866210819241303,0.22656622419082784,0.28681269388504177,0.1998083880390885
XOM,random_forest,1,2019-10-11,0,-1,0.4418227439426258,0.2727612378853019,0.28541601817207213,0.15640672577055365
XOM,random_forest,1,2019-10-14,0,-1,0.45724385156429764,0.24214970534365202,0.3006064430920501,0.15663740847224755
XOM,random_forest,1,2019-10-15,0,-1,0.40659864888128605,0.21378747769109915,0.3796138734276145,0.02698477545367156
XOM,random_forest,1,2019-10-16,1,-1,0.45482623635645697,0.16052826767878037,0.38464549596476244,0.07018074039169453
XOM,random_forest,1,2019-10-17,0,0,0.5184883846627183,0.16415913106008545,0.3173524842771963,0.20113590038552198
XOM,random_forest,1,2019-10-18,1,0,0.43715878519330365,0.15973269352487574,0.40310852128182073,0.034050263911482914
XOM,random_forest,1,2019-10-21,0,0,0.3996765722551661,0.2298708094598447,0.37045261828498915,0.029223953970176964
XOM,random_forest,1,2019-10-22,0,1,0.364429074176715,0.364429074176715,0.3428142790498626,0.021614795126852382
XOM,random_forest,1,2019-10-23,-1,0,0.38375622313767316,0.34314238296481353,0.34314238296481353,0.04061384017285963
XOM,random_forest,1,2019-10-24,-1,0,0.443437719129528,0.34812714184902926,0.34812714184902926,0.09531057728049874
XOM,random_forest,1,2019-10-25,0,0,0.5072514504636202,0.2143082135141311,0.2784403360222488,0.22881111444137137
XOM,random_forest,1,2019-10-28,1,0,0.4585574710153886,0.2272887778773369,0.31415375110727484,0.14440371990811374
XOM,random_forest,1,2019-10-29,1,0,0.49431784318386035,0.24095987703663724,0.2647222797795022,0.22959556340435816
XOM,random_forest,1,2019-10-30,1,0,0.42527326797662807,0.2857339814887114,0.28899275053466084,0.13628051744196723
XOM,random_forest,1,2019-10-31,1,0,0.4752182174686053,0.17339881856986303,0.35138296396153174,0.12383525350707358
XOM,random_forest,1,2019-11-01,1,0,0.3735353760904214,0.30589074715557674,0.32057387675400173,0.05296149933641969
XOM,random_forest,1,2019-11-04,0,0,0.4259423884220239,0.2857624228605968,0.28829518871737925,0.13764719970464467
XOM,random_forest,1,2019-11-05,-1,0,0.4061116317483152,0.3101713167177785,0.3101713167177785,0.09594031503053674
XOM,random_forest,1,2019-11-06,-1,1,0.38754218096812326,0.38754218096812326,0.3227750388881332,0.06476714207999007
XOM,random_forest,1,2019-11-07,-1,0,0.36967834150740847,0.33357691613510526,0.33357691613510526,0.03610142537230321
XOM,random_forest,1,2019-11-08,-1,1,0.3689165292494173,0.3689165292494173,0.33511399661840724,0.033802532631010074
XOM,random_forest,1,2019-11-11,-1,1,0.35366123772268737,0.35366123772268737,0.32665112130036433,0.02701011642232304
XOM,random_forest,1,2019-11-12,-1,-1,0.3652175964401558,0.3549029846160764,0.3549029846160764,0.01031461182407939
XOM,random_forest,1,2019-11-13,0,1,0.39653410880442713,0.39653410880442713,0.32200985791788417,0.07452425088654296
XOM,random_forest,1,2019-11-14,0,1,0.4176946723618593,0.4176946723618593,0.2998362184610585,0.1178584539008008
XOM,random_forest,1,2019-11-15,0,1,0.38775989529890353,0.38775989529890353,0.31016419328401634,0.07759570201488719
XOM,random_forest,1,2019-11-18,0,1,0.4177272418933295,0.4177272418933295,0.318761489321389,0.09896575257194051
XOM,random_forest,1,2019-11-19,0,-1,0.441690040408718,0.18148685541855825,0.37682310417272397,0.06486693623599404
XOM,random_forest,1,2019-11-20,0,-1,0.5448032429744988,0.13496996211006104,0.3202267949154402,0.22457644805905858
XOM,random_forest,1,2019-11-21,-1,-1,0.4102897473023437,0.2629491185652767,0.32676113413237945,0.08352861316996424
XOM,random_forest,1,2019-11-22,0,0,0.38100051732724477,0.3171205239196336,0.3171205239196336,0.06387999340761119
XOM,random_forest,1,2019-11-25,0,0,0.3710727369304817,0.3064047811734428,0.32252248189607535,0.04855025503440635
XOM,random_forest,1,2019-11-26,0,0,0.47882090389872994,0.23628140797860964,0.28489768812266036,0.19392321577606958
XOM,random_forest,1,2019-11-27,0,0,0.39237827099754613,0.3003679098896092,0.30725381911284455,0.08512445188470158
XOM,random_forest,1,2019-11-29,1,0,0.40822513570823526,0.32987375034092015,0.32987375034092015,0.07835138536731512
XOM,random_forest,1,2019-12-02,0,0,0.4188512400545798,0.1905467325547447,0.3906020273906755,0.02824921266390429
XOM,random_forest,1,2019-12-03,0,0,0.4487483095129405,0.1668675637647439,0.38438412672231587,0.06436418279062461
XOM,random_forest,1,2019-12-04,0,0,0.5187055966824214,0.1622076360956237,0.3190867672219551,0.19961882946046633
XOM,random_forest,1,2019-12-05,1,0,0.5441650848269471,0.18895004284470565,0.2668848723283471,0.2772802124986
XOM,random_forest,1,2019-12-06,0,0,0.437767568251825,0.1375822042263448,0.42465022752183035,0.013117340729994653
XOM,random_forest,1,2019-12-09,0,0,0.42036158652028904,0.23727858523958745,0.3423598282401232,0.07800175828016587
XOM,random_forest,1,2019-12-10,0,0,0.4351896650197538,0.24649692064420678,0.31831341433603916,0.11687625068371466
XOM,random_forest,1,2019-12-11,0,0,0.46544926768688927,0.30038037353723007,0.30038037353723007,0.1650688941496592
XOM,random_forest,1,2019-12-12,0,0,0.4057594106968684,0.21613061574694886,0.3781099735561827,0.027649437140685684
XOM,random_forest,1,2019-12-13,0,0,0.33867466121110607,0.3262367599470551,0.3350885788418386,0.0035860823692674404
XOM,random_forest,1,2019-12-16,0,0,0.49046063205229035,0.30792053476101555,0.30792053476101555,0.1825400972912748
XOM,random_forest,1,2019-12-17,0,0,0.4154491139729639,0.32014750101902545,0.32014750101902545,0.09530161295393846
XOM,random_forest,1,2019-12-18,0,0,0.3801028588024214,0.3182272220057624,0.3182272220057624,0.06187563679665897
XOM,random_forest,1,2019-12-19,0,0,0.42097572751487283,0.36936705843006445,0.36936705843006445,0.05160866908480838
XOM,random_forest,1,2019-12-20,0,0,0.43904575178653704,0.26392685400947047,0.2970273942039922,0.14201835758254483
XOM,random_forest,1,2019-12-23,0,0,0.42881585159521707,0.21331282548938182,0.3578713229154011,0.07094452867981599
XOM,random_forest,1,2019-12-24,0,0,0.561419021956191,0.19756689577460182,0.24101408226920734,0.32040493968698364
XOM,random_forest,1,2019-12-26,0,0,0.5840193992991761,0.18890945675446083,0.22707114394636294,0.35694825535281316
XOM,random_forest,1,2019-12-27,0,0,0.5915161278901827,0.13395134238269132,0.2745325297271258,0.31698359816305693
XOM,random_forest,1,2019-12-30,0,-1,0.45427011723121835,0.2628876360093602,0.2828422467594213,0.17142787047179703
XOM,random_forest,1,2019-12-31,0,-1,0.481281340908657,0.19887325405718337,0.31984540503415937,0.16143593587449762
XOM,random_forest,1,2020-01-02,0,-1,0.5636374656876009,0.12624062958865076,0.3101219047237487,0.2535155609638522
XOM,random_forest,1,2020-01-03,0,0,0.4562807345132261,0.22822734720952506,0.31549191827724865,0.14078881623597744
XOM,random_forest,1,2020-01-06,0,-1,0.47799394302197745,0.1856752139303807,0.33633084304764177,0.14166309997433568
XOM,random_forest,1,2020-01-07,0,0,0.4436739738731356,0.25541462700280754,0.3009113991240567,0.14276257474907894
XOM,random_forest,1,2020-01-08,0,-1,0.41620540491030233,0.19276675981885802,0.39102783527083984,0.025177569639462494
XOM,random_forest,1,2020-01-09,0,0,0.39037906193767863,0.35157124112248844,0.35157124112248844,0.038807820815190186
XOM,random_forest,1,2020-01-10,0,0,0.45347001380626695,0.2921347573530546,0.2921347573530546,0.16133525645321234
XOM,random_forest,1,2020-01-13,-1,0,0.48967468432775063,0.20355365445100496,0.3067716612212441,0.18290302310650652
XOM,random_forest,1,2020-01-14,-1,0,0.4103720766873815,0.26412036357160934,0.32550755974100926,0.08486451694637226
XOM,random_forest,1,2020-01-15,-1,-1,0.43034052623642804,0.14807932479801628,0.42158014896555573,0.00876037727087231
XOM,random_forest,1,2020-01-16,-1,0,0.4473214143619842,0.12461605997584428,0.42806252566217173,0.01925888869981246
XOM,random_forest,1,2020-01-17,-1,0,0.4435784093947534,0.129108909374463,0.4273126812307839,0.016265728163969484
XOM,random_forest,1,2020-01-21,-1,0,0.4603667956022863,0.17597628149598957,0.36365692290172463,0.0967098727005617
XOM,random_forest,1,2020-01-22,-1,0,0.5002423461492407,0.16996006896482874,0.32979758488593075,0.17044476126330993
XOM,random_forest,1,2020-01-23,-1,0,0.4157512437823124,0.19299271509747676,0.391256041120211,0.024495202662101367
XOM,random_forest,1,2020-01-24,-1,-1,0.537955892510181,0.14166197257662128,0.3203821349131978,0.21757375759698327
XOM,random_forest,1,2020-01-27,-1,1,0.3718239805543772,0.3718239805543772,0.3366195912835069,0.03520438927087033
XOM,random_forest,1,2020-01-28,-1,-1,0.34993593662183875,0.32151081035916373,0.3285532530189975,0.021382683602841235
XOM,random_forest,1,2020-01-29,-1,1,0.40236148693797696,0.40236148693797696,0.31281785875159634,0.08954362818638062
XOM,random_forest,1,2020-01-30,-1,0,0.39724604076451553,0.290760012803773,0.31199394643171163,0.0852520943328039
XOM,random_forest,1,2020-01-31,0,1,0.4424732345908555,0.4424732345908555,0.3333165573428098,0.10915667724804573
XOM,random_forest,1,2020-02-03,0,1,0.48103765997409664,0.48103765997409664,0.2597466848521159,0.22129097512198076
XOM,random_forest,1,2020-02-04,1,1,0.46083187537832665,0.46083187537832665,0.28325703039627226,0.1775748449820544
XOM,random_forest,1,2020-02-05,0,1,0.5610592398814851,0.5610592398814851,0.24796150739870085,0.3130977324827843
XOM,random_forest,1,2020-02-06,0,1,0.6455693359908276,0.6455693359908276,0.1897345149470801,0.45583482104374745
XOM,random_forest,1,2020-02-07,0,1,0.5630203771670991,0.5630203771670991,0.23616592746644077,0.3268544497006583
XOM,random_forest,1,2020-02-10,0,1,0.5563778271235886,0.5563778271235886,0.22879947582576884,0.32757835129781976
XOM,random_forest,1,2020-02-11,0,1,0.4753736830324622,0.4753736830324622,0.2790653281565685,0.1963083548758937
XOM,random_forest,1,2020-02-12,-1,1,0.4084256199763063,0.4084256199763063,0.33515768150091374,0.07326793847539254
XOM,random_forest,1,2020-02-13,-1,1,0.40071978646316175,0.40071978646316175,0.3374823631754853,0.06323742328767645
XOM,random_forest,1,2020-02-14,-1,1,0.4379951682704384,0.4379951682704384,0.29189967534694633,0.14609549292349205
XOM,random_forest,1,2020-02-18,-1,1,0.4019913118833967,0.4019913118833967,0.31401241062871144,0.08797890125468527
XOM,random_forest,1,2020-02-19,-1,1,0.42428693332744444,0.42428693332744444,0.28787727929804513,0.1364096540293993
XOM,random_forest,1,2020-02-20,-1,0,0.37510634876684257,0.3239761318994795,0.3239761318994795,0.051130216867363076
XOM,random_forest,1,2020-02-21,-1,1,0.3860368434044613,0.3860368434044613,0.3313235063507664,0.05471333705369491
XOM,random_forest,1,2020-02-24,-1,1,0.4900737969440267,0.4900737969440267,0.30566705711615183,0.18440673982787487
XOM,random_forest,1,2020-02-25,-1,1,0.630823115063255,0.630823115063255,0.23742415152967022,0.3933989635335847
XOM,random_forest,1,2020-02-26,0,1,0.6727285062778336,0.6727285062778336,0.21356506115425788,0.45916344512357576
XOM,random_forest,1,2020-02-27,0,1,0.6044611682562663,0.6044611682562663,0.25579059778509183,0.34867057047117445
XOM,random_forest,1,2020-02-28,-1,1,0.6312089797958187,0.6312089797958187,0.23593930038134397,0.3952696794144747
XOM,random_forest,1,2020-03-02,-1,1,0.6374757830699271,0.6374757830699271,0.21967315417461847,0.41780262889530867
XOM,random_forest,1,2020-03-03,-1,1,0.6089404207164413,0.6089404207164413,0.2628568603703031,0.3460835603461382
XOM,random_forest,1,2020-03-04,-1,1,0.6445423485465238,0.6445423485465238,0.2072257236426963,0.4373166249038275
XOM,random_forest,1,2020-03-05,-1,1,0.6251334781620203,0.6251334781620203,0.2463732677005262,0.37876021046149405
XOM,random_forest,1,2020-03-06,-1,1,0.5911690064624964,0.5911690064624964,0.2772290693358191,0.3139399371266773
XOM,random_forest,1,2020-03-09,-1,1,0.6126704859315583,0.6126704859315583,0.26052789806206506,0.3521425878694932
XOM,random_forest,1,2020-03-10,-1,1,0.6606881744463727,0.6606881744463727,0.224054847206017,0.43663332724035575
XOM,random_forest,1,2020-03-11,-1,1,0.6622384599167764,0.6622384599167764,0.22752516694143915,0.4347132929753373
XOM,random_forest,1,2020-03-12,-1,1,0.611805478836244,0.611805478836244,0.2612660354691619,0.35053944336708215
XOM,random_forest,1,2020-03-13,-1,1,0.5976828339354037,0.5976828339354037,0.2679544100445753,0.32972842389082835
XOM,random_forest,1,2020-03-16,-1,1,0.6547066991988031,0.6547066991988031,0.22843857830859127,0.4262681208902118
XOM,random_forest,1,2020-03-17,-1,1,0.6674140944206705,0.6674140944206705,0.2145362956382967,0.4528777987823738
XOM,random_forest,1,2020-03-18,1,1,0.6126704859315583,0.6126704859315583,0.26052789806206506,0.3521425878694932
XOM,random_forest,1,2020-03-19,1,1,0.6596416960960171,0.6596416960960171,0.22314445339228609,0.436497242703731
XOM,random_forest,1,2020-03-20,1,1,0.5972845122658678,0.5972845122658678,0.2740947531854461,0.32318975908042163
XOM,random_forest,1,2020-03-23,1,1,0.6779270000495217,0.6779270000495217,0.20874540259656804,0.4691815974529536
XOM,random_forest,1,2020-03-24,1,1,0.6332040228901581,0.6332040228901581,0.21941099000611344,0.4137930328840447
XOM,random_forest,1,2020-03-25,0,1,0.623521088578295,0.623521088578295,0.21188267919706427,0.41163840938123075
XOM,random_forest,1,2020-03-26,1,1,0.6088944575530891,0.6088944575530891,0.19574241293038022,0.41315204462270894
XOM,random_forest,1,2020-03-27,1,1,0.6466960277988811,0.6466960277988811,0.1920271213004616,0.4546689064984195
XOM,random_forest,1,2020-03-30,1,1,0.6391085654630744,0.6391085654630744,0.19722360932661862,0.44188495613645573
XOM,random_forest,1,2020-03-31,1,1,0.503586280522622,0.503586280522622,0.2853445933619794,0.21824168716064257
XOM,random_forest,1,2020-04-01,1,1,0.5672593861232544,0.5672593861232544,0.2471887488831949,0.3200706372400596
XOM,random_forest,1,2020-04-02,1,1,0.47728498069333086,0.47728498069333086,0.2776733277116526,0.19961165298167827
XOM,random_forest,1,2020-04-03,1,1,0.49653464219195037,0.49653464219195037,0.2913349283213648,0.20519971387058555
XOM,random_forest,1,2020-04-06,1,1,0.41017409123436094,0.41017409123436094,0.29770503908160006,0.11246905215276087
XOM,random_forest,1,2020-04-07,0,1,0.3656481837731008,0.3656481837731008,0.3303243929994937,0.035323790773607144
XOM,random_forest,1,2020-04-08,-1,1,0.4227819857226661,0.4227819857226661,0.30657623787258675,0.11620574785007937
XOM,random_forest,1,2020-04-09,0,1,0.3768427853235028,0.3768427853235028,0.32896874677947147,0.04787403854403133
XOM,random_forest,1,2020-04-13,-1,1,0.4442425898896888,0.4442425898896888,0.2839020035358522,0.16034058635383658
XOM,random_forest,1,2020-04-14,-1,1,0.4391070869682659,0.4391070869682659,0.29608885821859593,0.14301822874966996
XOM,random_forest,1,2020-04-15,1,1,0.4426969376709306,0.4426969376709306,0.32582390979016906,0.11687302788076154
XOM,random_forest,1,2020-04-16,1,1,0.44946334465980653,0.44946334465980653,0.3248809003796784,0.12458244428012816
XOM,random_forest,1,2020-04-17,0,1,0.36764394908385273,0.36764394908385273,0.3420620179870315,0.02558193109682122
XOM,random_forest,1,2020-04-20,1,1,0.49529216350393085,0.49529216350393085,0.29100897087146854,0.2042831926324623
XOM,random_forest,1,2020-04-21,1,1,0.4905954192619083,0.4905954192619083,0.29410984700108966,0.19648557226081864
XOM,random_forest,1,2020-04-22,1,1,0.3867208030576989,0.3867208030576989,0.31777516738863437,0.06894563566906453
XOM,random_forest,1,2020-04-23,1,0,0.36543399052863557,0.31196190478481,0.32260410468655426,0.042829885842081306
XOM,random_forest,1,2020-04-24,0,1,0.45794087204032147,0.45794087204032147,0.2724680888866904,0.18547278315363108
XOM,random_forest,1,2020-04-27,1,1,0.41845399907597336,0.41845399907597336,0.3161479938680771,0.10230600520789623
XOM,random_forest,1,2020-04-28,0,0,0.40106988829521906,0.3387790906158745,0.3387790906158745,0.062290797679344534
XOM,random_forest,1,2020-04-29,-1,0,0.45292238466796136,0.277156236765625,0.277156236765625,0.17576614790233636
XOM,random_forest,1,2020-04-30,-1,0,0.3879004903739688,0.3253761167674629,0.3253761167674629,0.06252437360650587
XOM,random_forest,1,2020-05-01,1,1,0.3981820812536849,0.3981820812536849,0.35335975797005353,0.04482232328363139
XOM,random_forest,1,2020-05-04,0,1,0.39233486616435004,0.39233486616435004,0.3298693085714656,0.06246555759288441
XOM,random_forest,1,2020-05-05,0,1,0.4323683661943075,0.4323683661943075,0.29199700050479993,0.1403713656895076
XOM,random_forest,1,2020-05-06,-1,1,0.45590370900938787,0.45590370900938787,0.31540762317000764,0.14049608583938022
XOM,random_forest,1,2020-05-07,-1,1,0.397330123701912,0.397330123701912,0.34162023589153295,0.055709887810379055
XOM,random_forest,1,2020-05-08,-1,0,0.4042102071631511,0.348534158102438,0.348534158102438,0.055676049060713106
XOM,random_forest,1,2020-05-11,0,1,0.4592841250625677,0.4592841250625677,0.3271670567769245,0.13211706828564324
XOM,random_forest,1,2020-05-12,0,1,0.43092409867159726,0.43092409867159726,0.32072218714898987,0.11020191152260739
XOM,random_forest,1,2020-05-13,1,1,0.49215785257236566,0.49215785257236566,0.3066670415954364,0.18549081097692927
XOM,random_forest,1,2020-05-14,1,1,0.54355212746154,0.54355212746154,0.25956167977913563,0.2839904476824044
XOM,random_forest,1,2020-05-15,1,-1,0.44052982579631655,0.3333837759465329,0.3333837759465329,0.10714604984978365
XOM,random_forest,1,2020-05-18,0,0,0.427233756102495,0.30272462017793456,0.30272462017793456,0.12450913592456042
XOM,random_forest,1,2020-05-19,1,1,0.44119129009203667,0.44119129009203667,0.3096870405541786,0.13150424953785805
XOM,random_forest,1,2020-05-20,0,0,0.4348401254976841,0.3396513910077218,0.3396513910077218,0.09518873448996229
XOM,random_forest,1,2020-05-21,1,1,0.36844934168728105,0.36844934168728105,0.3280033138904603,0.04044602779682077
XOM,random_forest,1,2020-05-22,1,1,0.457307036830214,0.457307036830214,0.2858771793452593,0.1714298574849547
XOM,random_forest,1,2020-05-26,1,0,0.4283932557637415,0.3510191569493701,0.3510191569493701,0.0773740988143714
XOM,random_forest,1,2020-05-27,1,0,0.3705224749415404,0.338203422274037,0.338203422274037,0.0323190526675034
XOM,random_forest,1,2020-05-28,1,-1,0.4011446799963244,0.2777939459377877,0.32106137406588775,0.08008330593043667
XOM,random_forest,1,2020-05-29,1,-1,0.4055269184616002,0.29500390311929503,0.2994691784191047,0.10605774004249552
XOM,random_forest,1,2020-06-01,1,1,0.3840036841997152,0.3840036841997152,0.3449536757231428,0.03905000847657242
XOM,random_forest,1,2020-06-02,1,0,0.38366086326753274,0.31857671600213866,0.31857671600213866,0.06508414726539408
XOM,random_forest,1,2020-06-03,1,0,0.4537291363558176,0.2856678309977307,0.2856678309977307,0.1680613053580869
XOM,random_forest,1,2020-06-04,-1,0,0.3975842219634387,0.3811943370288271,0.3811943370288271,0.016389884934611576
XOM,random_forest,1,2020-06-05,-1,0,0.446778942010507,0.262201816130242,0.29101924185925077,0.15575970015125623
XOM,random_forest,1,2020-06-08,-1,0,0.43863186134998994,0.3098165622981189,0.3098165622981189,0.12881529905187106
XOM,random_forest,1,2020-06-09,-1,0,0.38646915897832185,0.3614113144688092,0.3614113144688092,0.02505784450951265
XOM,random_forest,1,2020-06-10,-1,1,0.4118149315122435,0.4118149315122435,0.30808820547728466,0.10372672603495886
XOM,random_forest,1,2020-06-11,0,1,0.4284842513632311,0.4284842513632311,0.31977689526755765,0.10870735609567345
XOM,random_forest,1,2020-06-12,-1,1,0.37529088736010535,0.37529088736010535,0.3154647105642607,0.05982617679584468
XOM,random_forest,1,2020-06-15,0,1,0.47527898981848327,0.47527898981848327,0.2839424549009914,0.19133653491749186
XOM,random_forest,1,2020-06-16,-1,1,0.42787586169848035,0.42787586169848035,0.29562926271395146,0.1322465989845289
XOM,random_forest,1,2020-06-17,-1,1,0.5262467935961467,0.5262467935961467,0.29457795320672125,0.23166884038942542
XOM,random_forest,1,2020-06-18,-1,1,0.5136990034959066,0.5136990034959066,0.3090033364011573,0.2046956670947493
XOM,random_forest,1,2020-06-19,-1,1,0.4374717498474037,0.4374717498474037,0.3646576347282619,0.07281411511914182
XOM,random_forest,1,2020-06-22,-1,1,0.5512943548755752,0.5512943548755752,0.26590635713557303,0.2853879977400022
XOM,random_forest,1,2020-06-23,-1,1,0.5455595289009646,0.5455595289009646,0.27545926296392786,0.27010026593703673
XOM,random_forest,1,2020-06-24,0,1,0.39954916230517123,0.39954916230517123,0.3991786927094237,0.0003704695957475468
XOM,random_forest,1,2020-06-25,-1,1,0.4582827597468049,0.4582827597468049,0.3495292131918084,0.10875354655499647
XOM,random_forest,1,2020-06-26,0,1,0.41220160456448285,0.41220160456448285,0.37284065774676395,0.0393609468177189
XOM,random_forest,1,2020-06-29,-1,-1,0.3676841030592228,0.3652721708742151,0.3652721708742151,0.0024119321850076814
XOM,random_forest,1,2020-06-30,-1,-1,0.41407590345508427,0.35495917414397804,0.35495917414397804,0.05911672931110623
XOM,random_forest,1,2020-07-01,-1,1,0.44684069500541823,0.44684069500541823,0.34549384277577677,0.10134685222964146
XOM,random_forest,1,2020-07-02,-1,1,0.44434354297616874,0.44434354297616874,0.34574128886579575,0.09860225411037299
XOM,random_forest,1,2020-07-06,-1,1,0.4015779073710483,0.4015779073710483,0.3609582309151163,0.04061967645593201
XOM,random_forest,1,2020-07-07,0,1,0.5091500141452352,0.5091500141452352,0.27834168212648736,0.23080833201874784
XOM,random_forest,1,2020-07-08,1,1,0.47963410163715775,0.47963410163715775,0.32944489538530586,0.1501892062518519
XOM,random_forest,1,2020-07-09,1,1,0.5241703406534861,0.5241703406534861,0.30484693751529424,0.21932340313819187
XOM,random_forest,1,2020-07-10,1,1,0.3720564645126835,0.3720564645126835,0.35938187873544486,0.012674585777238623
XOM,random_forest,1,2020-07-13,0,1,0.4172749902955712,0.4172749902955712,0.33994150092424585,0.07733348937132534
XOM,random_forest,1,2020-07-14,0,-1,0.42866595097037496,0.2226145385373672,0.3487195104922576,0.07994644047811739
XOM,random_forest,1,2020-07-15,-1,0,0.3868271996336642,0.23822666636962586,0.37494613399671006,0.011881065636954125
XOM,random_forest,1,2020-07-16,0,0,0.38421450917368544,0.2618748296433263,0.3539106611829881,0.030303847990697352
XOM,random_forest,1,2020-07-17,0,-1,0.46271282938489106,0.22426393491972751,0.3130232356953813,0.14968959368950974
XOM,random_forest,1,2020-07-20,1,1,0.39043713236193484,0.39043713236193484,0.3516138870020204,0.03882324535991444
XOM,random_forest,1,2020-07-21,-1,-1,0.42035607912149286,0.253427696088654,0.32621622478985285,0.09413985433164002
XOM,random_forest,1,2020-07-22,0,0,0.3662118387167648,0.3026090863489345,0.3311790749343005,0.03503276378246434
XOM,random_forest,1,2020-07-23,-1,1,0.35242212829544595,0.35242212829544595,0.32904509007305915,0.023377038222386792
XOM,random_forest,1,2020-07-24,-1,-1,0.3903036943143365,0.2583517416591289,0.3513445640265346,0.0389591302878019
XOM,random_forest,1,2020-07-27,-1,1,0.3871166810934036,0.3871166810934036,0.31250387417019265,0.07461280692321093
XOM,random_forest,1,2020-07-28,0,1,0.38119040382668323,0.38119040382668323,0.33359195700067673,0.0475984468260065
XOM,random_forest,1,2020-07-29,0,1,0.3710479430857776,0.3710479430857776,0.3276876423928023,0.04336030069297531
XOM,random_forest,1,2020-07-30,1,1,0.4136582911140226,0.4136582911140226,0.3337019251858655,0.07995636592815708
XOM,random_forest,1,2020-07-31,1,1,0.38799792324451876,0.38799792324451876,0.33657763804895874,0.05142028519556002
XOM,random_forest,1,2020-08-03,1,1,0.39515522412750886,0.39515522412750886,0.30614069464475163,0.08901452948275723
XOM,random_forest,1,2020-08-04,1,1,0.41262507240901086,0.41262507240901086,0.30294078826925097,0.10968428413975989
XOM,random_forest,1,2020-08-05,1,1,0.534289009998738,0.534289009998738,0.23722781873393387,0.2970611912648041
XOM,random_forest,1,2020-08-06,0,1,0.592274360019535,0.592274360019535,0.2358428087304716,0.35643155128906345
XOM,random_forest,1,2020-08-07,0,1,0.5381462325866256,0.5381462325866256,0.24874624283103888,0.2893999897555868
XOM,random_forest,1,2020-08-10,-1,0,0.3546227637075433,0.32479386665705295,0.32479386665705295,0.029828897050490355
XOM,random_forest,1,2020-08-11,-1,1,0.37266943891948895,0.37266943891948895,0.32375848091325976,0.04891095800622919
XOM,random_forest,1,2020-08-12,-1,1,0.44044233608848693,0.44044233608848693,0.30165389270153936,0.13878844338694757
XOM,random_forest,1,2020-08-13,-1,-1,0.3614358904446284,0.3444346628472584,0.3444346628472584,0.01700122759737005
XOM,random_forest,1,2020-08-14,-1,1,0.5528459868239489,0.5528459868239489,0.23241907316410873,0.3204269136598402
XOM,random_forest,1,2020-08-17,0,1,0.4206514000349249,0.4206514000349249,0.2943666159011534,0.12628478413377153
XOM,random_forest,1,2020-08-18,-1,-1,0.43111355020803444,0.2246646673677345,0.3442217824242309,0.08689176778380353
XOM,random_forest,1,2020-08-19,-1,-1,0.47678382183212004,0.20473649799238255,0.31847968017549744,0.1583041416566226
XOM,random_forest,1,2020-08-20,-1,-1,0.4171223174499382,0.2092320806916644,0.37364560185839724,0.04347671559154098
XOM,random_forest,1,2020-08-21,0,0,0.39250839649484365,0.23036691853683597,0.3771246849683206,0.01538371152652307
XOM,random_forest,1,2020-08-24,-1,-1,0.445464459055708,0.25532431629722113,0.299211224647071,0.14625323440863697
XOM,random_forest,1,2020-08-25,-1,-1,0.48562274560580193,0.22744301799597877,0.28693423639821936,0.19868850920758258
XOM,random_forest,1,2020-08-26,-1,1,0.38054787159542375,0.38054787159542375,0.3163107902927888,0.06423708130263495
XOM,random_forest,1,2020-08-27,0,1,0.41709181897366143,0.41709181897366143,0.2995095282925171,0.11758229068114434
XOM,random_forest,1,2020-08-28,-1,-1,0.49351044250010756,0.20589584246209364,0.3005937150377991,0.19291672746230848
XOM,random_forest,1,2020-08-31,-1,-1,0.36661828673355706,0.2875384814210481,0.34584323184539506,0.020775054888162003
XOM,random_forest,1,2020-09-01,-1,1,0.4617396343481043,0.4617396343481043,0.29340273303625797,0.1683369013118463
XOM,random_forest,1,2020-09-02,-1,1,0.4719465419035507,0.4719465419035507,0.26415841416893615,0.20778812773461453
XOM,random_forest,1,2020-09-03,-1,1,0.4195381967044733,0.4195381967044733,0.30575849205984357,0.11377970464462972
XOM,random_forest,1,2020-09-04,-1,1,0.45596031349063,0.45596031349063,0.2888584654920366,0.1671018479985934
XOM,random_forest,1,2020-09-08,-1,1,0.4819722987575957,0.4819722987575957,0.30424927686820336,0.17772302188939232
XOM,random_forest,1,2020-09-09,0,1,0.5166021940032814,0.5166021940032814,0.26891303472072753,0.24768915928255392
XOM,random_forest,1,2020-09-10,1,1,0.4580685401750508,0.4580685401750508,0.31107823531213696,0.1469903048629138
XOM,random_forest,1,2020-09-11,0,1,0.5510632238714374,0.5510632238714374,0.25190057267017435,0.299162651201263
XOM,random_forest,1,2020-09-14,0,1,0.47107881137088453,0.47107881137088453,0.3145418601798616,0.15653695119102295
XOM,random_forest,1,2020-09-15,-1,1,0.4605222429907202,0.4605222429907202,0.3059304422348498,0.15459180075587042
XOM,random_forest,1,2020-09-16,-1,1,0.4035338503951824,0.4035338503951824,0.3282618952752744,0.07527195511990803
XOM,random_forest,1,2020-09-17,-1,1,0.40268934312691124,0.40268934312691124,0.3561674826415559,0.04652186048535534
XOM,random_forest,1,2020-09-18,-1,1,0.42768818779949724,0.42768818779949724,0.35156705324426096,0.07612113455523628
XOM,random_forest,1,2020-09-21,-1,1,0.5488016599208227,0.5488016599208227,0.24917286809222214,0.2996287918286006
XOM,random_forest,1,2020-09-22,-1,1,0.5340912162435437,0.5340912162435437,0.26006602655786837,0.27402518968567535
XOM,random_forest,1,2020-09-23,0,1,0.5488052674199428,0.5488052674199428,0.2641319252775846,0.28467334214235823
XOM,random_forest,1,2020-09-24,-1,1,0.5919229494101987,0.5919229494101987,0.21532561179940737,0.3765973376107914
XOM,random_forest,1,2020-09-25,-1,1,0.5220687514928681,0.5220687514928681,0.2631686945773605,0.25890005691550766
XOM,random_forest,1,2020-09-28,-1,1,0.48517897015303446,0.48517897015303446,0.27707261192687904,0.20810635822615542
XOM,random_forest,1,2020-09-29,-1,1,0.5359411006524736,0.5359411006524736,0.29002338643137304,0.24591771422110054
XOM,random_forest,1,2020-09-30,-1,1,0.5700788829462822,0.5700788829462822,0.2311041030424273,0.3389747799038549
XOM,random_forest,1,2020-10-01,1,1,0.4889329135040188,0.4889329135040188,0.32059820340473644,0.16833471009928236
XOM,random_forest,1,2020-10-02,1,1,0.541721963896523,0.541721963896523,0.23647418935812742,0.30524777453839563
XOM,random_forest,1,2020-10-05,1,1,0.5413348825560305,0.5413348825560305,0.24921719158870242,0.29211769096732804
XOM,random_forest,1,2020-10-06,1,1,0.5405439748408022,0.5405439748408022,0.23162484284975368,0.3089191319910485
XOM,random_forest,1,2020-10-07,0,1,0.4997117397057997,0.4997117397057997,0.2842515335206029,0.2154602061851968
XOM,random_forest,1,2020-10-08,-1,0,0.35350454277662907,0.31227035139596165,0.33422510582740966,0.01927943694921941
XOM,random_forest,1,2020-10-09,0,0,0.3507807754701124,0.3079861636197256,0.34123306091016214,0.009547714559950238
XOM,random_forest,1,2020-10-12,-1,1,0.3494092527074697,0.3494092527074697,0.3308393331764738,0.018569919530995904
XOM,random_forest,1,2020-10-13,0,-1,0.34599103286279215,0.3090538080386807,0.3449551590985274,0.0010358737642647275
XOM,random_forest,1,2020-10-14,-1,1,0.3805765798892684,0.3805765798892684,0.3357345673556425,0.04484201253362591
XOM,random_forest,1,2020-10-15,0,1,0.41478949753965094,0.41478949753965094,0.29515238671421606,0.11963711082543488
XOM,random_forest,1,2020-10-16,0,1,0.4056027285472625,0.4056027285472625,0.30462374463922065,0.10097898390804183
XOM,random_forest,1,2020-10-19,0,-1,0.3806024763971263,0.35736550025126673,0.35736550025126673,0.023236976145859567
XOM,random_forest,1,2020-10-20,-1,0,0.3673990492418227,0.3521892370569176,0.3521892370569176,0.01520981218490508
XOM,random_forest,1,2020-10-21,-1,1,0.3728330723088353,0.3728330723088353,0.3386270642450542,0.0342060080637811
XOM,random_forest,1,2020-10-22,-1,1,0.3495405673663275,0.3495405673663275,0.3297956273824523,0.019744939983875165
XOM,random_forest,1,2020-10-23,-1,1,0.35765972359483444,0.35765972359483444,0.32905485072404816,0.02860487287078628
XOM,random_forest,1,2020-10-26,0,-1,0.39647237168596355,0.32850167427333754,0.32850167427333754,0.06797069741262601
XOM,random_forest,1,2020-10-27,0,1,0.3913710670352987,0.3913710670352987,0.34505379035261746,0.04631727668268126
XOM,random_forest,1,2020-10-28,1,1,0.5228099435611757,0.5228099435611757,0.27466733967328966,0.24814260388788606
XOM,random_forest,1,2020-10-29,0,1,0.4413115737279604,0.4413115737279604,0.3312420205969497,0.11006955313101074
XOM,random_forest,1,2020-10-30,0,1,0.4756037407213645,0.4756037407213645,0.28833020729414194,0.18727353342722258
XOM,random_forest,1,2020-11-02,1,1,0.4389262178301841,0.4389262178301841,0.31075962884807634,0.12816658898210775
XOM,random_forest,1,2020-11-03,1,1,0.4266358153276719,0.4266358153276719,0.32976817872186287,0.09686763660580905
XOM,random_forest,1,2020-11-04,1,-1,0.37787038475900686,0.3554948982413778,0.3554948982413778,0.02237548651762905
XOM,random_forest,1,2020-11-05,1,-1,0.37782934029446597,0.2677938641807703,0.3543767955247635,0.023452544769702488
XOM,random_forest,1,2020-11-06,1,-1,0.417927761778302,0.2737618229713824,0.3083104152503155,0.10961734652798649
XOM,random_forest,1,2020-11-09,1,0,0.44181784730731694,0.2870351872357926,0.2870351872357926,0.15478266007152436
XOM,random_forest,1,2020-11-10,1,0,0.47841866984676273,0.28289251594461057,0.28289251594461057,0.19552615390215217
XOM,random_forest,1,2020-11-11,1,0,0.41524975337951064,0.38554330817398486,0.38554330817398486,0.02970644520552579
XOM,random_forest,1,2020-11-12,1,1,0.46593369679526014,0.46593369679526014,0.2868643295115583,0.17906936728370182
XOM,random_forest,1,2020-11-13,1,1,0.4191273162990836,0.4191273162990836,0.3814381862447114,0.037689130054372244
XOM,random_forest,1,2020-11-16,1,0,0.46840015049222794,0.2960785418396172,0.2960785418396172,0.17232160865261076
XOM,random_forest,1,2020-11-17,1,0,0.4213806867765768,0.35188656729801876,0.35188656729801876,0.06949411947855805
XOM,random_forest,1,2020-11-18,1,1,0.40669446744475385,0.40669446744475385,0.3211365408147761,0.08555792662997774
XOM,random_forest,1,2020-11-19,1,1,0.45499534138379155,0.45499534138379155,0.3422531773629551,0.11274216402083648
XOM,random_forest,1,2020-11-20,1,1,0.5552530861280075,0.5552530861280075,0.28139643961014976,0.27385664651785774
XOM,random_forest,1,2020-11-23,-1,0,0.4053152057852062,0.3071294789791955,0.3071294789791955,0.09818572680601068
XOM,random_forest,1,2020-11-24,-1,0,0.45270670637987676,0.2674460316859571,0.27984726193416576,0.172859444445711
XOM,random_forest,1,2020-11-25,0,0,0.3891373487616065,0.35846709205750504,0.35846709205750504,0.03067025670410145
XOM,random_forest,1,2020-11-27,1,1,0.38375965134392676,0.38375965134392676,0.3754421868617143,0.008317464482212433
XOM,random_forest,1,2020-11-30,1,1,0.40387217341911164,0.40387217341911164,0.32116162272097254,0.0827105506981391
XOM,random_forest,1,2020-12-01,1,1,0.42642442814788767,0.42642442814788767,0.3061606652606617,0.12026376288722596
XOM,random_forest,1,2020-12-02,1,1,0.3646987260280475,0.3646987260280475,0.3552789342434242,0.009419791784623266
XOM,random_forest,1,2020-12-03,1,1,0.40737536020292353,0.40737536020292353,0.33351196634421704,0.0738633938587065
XOM,random_forest,1,2020-12-04,1,0,0.42516273328875054,0.31057096276345725,0.31057096276345725,0.11459177052529329
XOM,random_forest,1,2020-12-07,1,1,0.39163185126054467,0.39163185126054467,0.38463031931581265,0.00700153194473202
XOM,random_forest,1,2020-12-08,0,0,0.4260570386352276,0.29244469325179906,0.29244469325179906,0.13361234538342853
XOM,random_forest,1,2020-12-09,1,0,0.49155290744819136,0.24205721053913137,0.26638988201267694,0.22516302543551442
XOM,random_forest,1,2020-12-10,0,0,0.47125973566946877,0.2733059710939412,0.2733059710939412,0.19795376457552755
XOM,random_forest,1,2020-12-11,-1,0,0.4067977482154999,0.37939828381178353,0.37939828381178353,0.027399464403716378
XOM,random_forest,1,2020-12-14,0,1,0.38187684938571625,0.38187684938571625,0.33855088165798264,0.043325967727733616
XOM,random_forest,1,2020-12-15,-1,1,0.41200748290636,0.41200748290636,0.3130732423212751,0.09893424058508493
XOM,random_forest,1,2020-12-16,-1,0,0.38823363572268677,0.34495719217357707,0.34495719217357707,0.0432764435491097
XOM,random_forest,1,2020-12-17,-1,1,0.4952961586038207,0.4952961586038207,0.3115348975720626,0.1837612610317581
XOM,random_forest,1,2020-12-18,-1,1,0.4130703809916366,0.4130703809916366,0.34928521310150645,0.06378516789013017
XOM,random_forest,1,2020-12-21,0,1,0.43248883766780694,0.43248883766780694,0.34038446456243454,0.0921043731053724
XOM,random_forest,1,2020-12-22,0,1,0.5974343761275495,0.5974343761275495,0.26297163041582344,0.334462745711726
XOM,random_forest,1,2020-12-23,0,-1,0.34609954451962194,0.3331853486318487,0.3331853486318487,0.012914195887773261
XOM,random_forest,1,2020-12-24,0,1,0.65517658124754,0.65517658124754,0.21720486785370785,0.4379717133938321
XOM,random_forest,1,2020-12-28,1,1,0.6438256975772054,0.6438256975772054,0.1977783321031556,0.44604736547404983
XOM,random_forest,1,2020-12-29,1,1,0.5740802476787836,0.5740802476787836,0.29542070093745065,0.278659546741333
XOM,random_forest,1,2020-12-30,1,1,0.3818954565872582,0.3818954565872582,0.36135062953081265,0.020544827056445558
XOM,random_forest,1,2020-12-31,1,1,0.4305431668898716,0.4305431668898716,0.3589786487562773,0.07156451813359432
XOM,random_forest,1,2021-01-04,1,0,0.3858900153906514,0.29347413345338025,0.32063585115596827,0.06525416423468311
XOM,random_forest,1,2021-01-05,1,0,0.45962028026533724,0.28893574828295443,0.28893574828295443,0.17068453198238281
XOM,random_forest,1,2021-01-06,1,0,0.4733541015225592,0.3232196934980724,0.3232196934980724,0.1501344080244868
XOM,random_forest,1,2021-01-07,1,0,0.43527315604511435,0.40230047446824685,0.40230047446824685,0.0329726815768675
XOM,random_forest,1,2021-01-08,1,0,0.4439005727452947,0.3771566226258336,0.3771566226258336,0.0667439501194611
XOM,random_forest,1,2021-01-11,1,0,0.45907753151304564,0.3257965031771793,0.3257965031771793,0.13328102833586636
XOM,random_forest,1,2021-01-12,1,0,0.4915731353519241,0.3145457871478415,0.3145457871478415,0.1770273482040826
XOM,random_forest,1,2021-01-13,0,0,0.4983051306749443,0.3155013057750874,0.3155013057750874,0.18280382489985691
XOM,random_forest,1,2021-01-14,-1,0,0.4551119603404354,0.259495749149503,0.2853922905100614,0.169719669830374
XOM,random_forest,1,2021-01-15,-1,0,0.37982693723387717,0.3422394955524434,0.3422394955524434,0.0375874416814338
XOM,random_forest,1,2021-01-19,-1,0,0.4342591457325316,0.31677851466343004,0.31677851466343004,0.11748063106910156
XOM,random_forest,1,2021-01-20,-1,1,0.4513597679117488,0.4513597679117488,0.338795246818129,0.11256452109361981
XOM,random_forest,1,2021-01-21,-1,1,0.38528318990202376,0.38528318990202376,0.33691536860582794,0.04836782129619582
XOM,random_forest,1,2021-01-22,-1,1,0.4716278421654507,0.4716278421654507,0.3258634588099624,0.14576438335548825
XOM,random_forest,1,2021-01-25,-1,1,0.4427481218569571,0.4427481218569571,0.3671379138560526,0.07561020800090451
XOM,random_forest,1,2021-01-26,0,1,0.42248832342224574,0.42248832342224574,0.30275023328966943,0.1197380901325763
XOM,random_forest,1,2021-01-27,1,1,0.4791861545124804,0.4791861545124804,0.30720839900771474,0.17197775550476568
XOM,random_forest,1,2021-01-28,1,1,0.49541834930045353,0.49541834930045353,0.29057771361231105,0.20484063568814248
XOM,random_forest,1,2021-01-29,1,1,0.5128307408874736,0.5128307408874736,0.29789195266856106,0.21493878821891255
XOM,random_forest,1,2021-02-01,1,1,0.5619162044600626,0.5619162044600626,0.24881081880057418,0.3131053856594884
XOM,random_forest,1,2021-02-02,1,1,0.5063288098801866,0.5063288098801866,0.2629052601643816,0.243423549715805
XOM,random_forest,1,2021-02-03,1,1,0.3747640584113088,0.3747640584113088,0.3663764073480477,0.008387651063261059
XOM,random_forest,1,2021-02-04,1,0,0.4669740749211114,0.2884704753603801,0.2884704753603801,0.1785035995607313
XOM,random_forest,1,2021-02-05,1,0,0.4832933803978919,0.24203789550896648,0.2746687240931416,0.2086246563047503
XOM,random_forest,1,2021-02-08,0,0,0.46683166380789703,0.25282152814999614,0.2803468080421066,0.18648485576579044
XOM,random_forest,1,2021-02-09,1,0,0.41650885779942437,0.34331072676176844,0.34331072676176844,0.07319813103765593
XOM,random_forest,1,2021-02-10,0,0,0.4506499712318057,0.3145727135634467,0.3145727135634467,0.13607725766835904
XOM,random_forest,1,2021-02-11,1,0,0.36095417853564027,0.3245656520904701,0.3245656520904701,0.036388526445170155
XOM,random_forest,1,2021-02-12,1,1,0.3543451649057873,0.3543451649057873,0.32849979771703125,0.025845367188756074
XOM,random_forest,1,2021-02-16,1,0,0.42582064680627346,0.3004476953541554,0.3004476953541554,0.12537295145211808
XOM,random_forest,1,2021-02-17,1,0,0.42942685212020204,0.2923474826836834,0.2923474826836834,0.13707936943651866
XOM,random_forest,1,2021-02-18,1,1,0.4275186024689108,0.4275186024689108,0.3438271269412614,0.08369147552764944
XOM,random_forest,1,2021-02-19,1,0,0.44697649344730234,0.3248896062612533,0.3248896062612533,0.12208688718604904
XOM,random_forest,1,2021-02-22,1,0,0.4492452464745201,0.2461670528724755,0.30458770065300417,0.1446575458215159
XOM,random_forest,1,2021-02-23,0,0,0.46319802847629904,0.2695324391006222,0.2695324391006222,0.19366558937567685
XOM,random_forest,1,2021-02-24,0,0,0.430354672204937,0.30354160334816455,0.30354160334816455,0.12681306885677246
XOM,random_forest,1,2021-02-25,1,0,0.4123047625252608,0.2795509274037315,0.30814431007100707,0.10416045245425376
XOM,random_forest,1,2021-02-26,1,0,0.36056426687685333,0.3215622560372504,0.3215622560372504,0.03900201083960292
XOM,random_forest,1,2021-03-01,1,0,0.39774352838636434,0.3293460978455796,0.3293460978455796,0.06839743054078473
XOM,random_forest,1,2021-03-02,1,1,0.4366537226623663,0.4366537226623663,0.33597921585233964,0.10067450681002665
XOM,random_forest,1,2021-03-03,1,0,0.3675238457076044,0.29920095028381877,0.33327520400857685,0.03424864169902753
XOM,random_forest,1,2021-03-04,1,0,0.4460643477173012,0.2069542889252868,0.3469813633574121,0.0990829843598891
XOM,random_forest,1,2021-03-05,0,0,0.449009434081917,0.26140685062794916,0.2895837152901339,0.15942571879178313
XOM,random_forest,1,2021-03-08,0,0,0.4382494363606327,0.2841863360879825,0.2841863360879825,0.1540631002726502
XOM,random_forest,1,2021-03-09,0,0,0.37650520467117926,0.3544155565228053,0.3544155565228053,0.02208964814837394
XOM,random_forest,1,2021-03-10,-1,0,0.45656505884202564,0.26820520142794463,0.27522973973002957,0.18133531911199607
XOM,random_forest,1,2021-03-11,-1,0,0.3861213828490111,0.3817933772518834,0.3817933772518834,0.004328005597127704
XOM,random_forest,1,2021-03-12,-1,1,0.3775106303697872,0.3775106303697872,0.366257318587613,0.011253311782174202
XOM,random_forest,1,2021-03-15,-1,1,0.34138267649187887,0.34138267649187887,0.33889694525772796,0.002485731234150912
XOM,random_forest,1,2021-03-16,-1,1,0.41460343519697684,0.41460343519697684,0.3435715914148107,0.07103184378216615
XOM,random_forest,1,2021-03-17,-1,1,0.4329724785896305,0.4329724785896305,0.3121826733376605,0.12078980525197003
XOM,random_forest,1,2021-03-18,0,1,0.46766703669850707,0.46766703669850707,0.28962959570692587,0.1780374409915812
XOM,random_forest,1,2021-03-19,1,1,0.4745870216636006,0.4745870216636006,0.30914762643611987,0.16543939522748075
XOM,random_forest,1,2021-03-22,1,1,0.5239968366604848,0.5239968366604848,0.25973136143664616,0.26426547522383864
XOM,random_forest,1,2021-03-23,1,1,0.48872397127962786,0.48872397127962786,0.31141709417409075,0.1773068771055371
XOM,random_forest,1,2021-03-24,0,1,0.3786438562699698,0.3786438562699698,0.3597414505071485,0.018902405762821317
XOM,random_forest,1,2021-03-25,1,1,0.5327857651354613,0.5327857651354613,0.2824660755383201,0.2503196895971412
XOM,random_forest,1,2021-03-26,-1,1,0.40115090494022393,0.40115090494022393,0.357698552653862,0.043452352286361906
XOM,random_forest,1,2021-03-29,0,1,0.5624493880481034,0.5624493880481034,0.22442363859361183,0.3380257494544916
XOM,random_forest,1,2021-03-30,0,1,0.5663394055273906,0.5663394055273906,0.24874604453542118,0.31759336099196944
XOM,random_forest,1,2021-03-31,0,1,0.3607169970288801,0.3607169970288801,0.34315080809323867,0.017566188935641436
XOM,random_forest,1,2021-04-01,-1,-1,0.4292536995978128,0.245147254408039,0.32559904599414813,0.10365465360366466
XOM,random_forest,1,2021-04-05,0,-1,0.42160639434236374,0.28362685399935755,0.2947667516582785,0.12683964268408526
XOM,random_forest,1,2021-04-06,0,-1,0.37817086152014234,0.3498408330024805,0.3498408330024805,0.028330028517661865
XOM,random_forest,1,2021-04-07,0,-1,0.435704110667915,0.25794886854338106,0.30634702078870407,0.1293570898792109
XOM,random_forest,1,2021-04-08,0,-1,0.36129943974687617,0.3397278072975607,0.3397278072975607,0.02157163244931548
XOM,random_forest,1,2021-04-09,0,1,0.3580704516569536,0.3580704516569536,0.3427385276047121,0.015331924052241541
XOM,random_forest,1,2021-04-12,0,-1,0.4752235586899142,0.2994541166764379,0.2994541166764379,0.17576944201347633
XOM,random_forest,1,2021-04-13,0,-1,0.39169278501468496,0.3104229117370546,0.3104229117370546,0.08126987327763036
XOM,random_forest,1,2021-04-14,-1,-1,0.44922721825131123,0.2240818604256976,0.32669092132299116,0.12253629692832008
XOM,random_forest,1,2021-04-15,-1,0,0.36880252861547697,0.26946521576780047,0.3617322556167225,0.007070272998754457
XOM,random_forest,1,2021-04-16,0,0,0.3463741246609597,0.31751701903653967,0.33610885630250065,0.010265268358459034
XOM,random_forest,1,2021-04-19,0,0,0.36830281015104543,0.29422392929055113,0.3374732605584036,0.030829549592641836
XOM,random_forest,1,2021-04-20,1,-1,0.5380694510579834,0.1767536245979038,0.2851769243441127,0.25289252671387075
XOM,random_forest,2,2021-04-21,1,-1,0.44704307607997873,0.34169350418955197,0.34169350418955197,0.10534957189042676
XOM,random_forest,2,2021-04-22,1,-1,0.431135026440418,0.19230030505969412,0.37656466849988784,0.05457035794053017
XOM,random_forest,2,2021-04-23,1,-1,0.44484597031583384,0.18277304899613958,0.3723809806880268,0.07246498962780706
XOM,random_forest,2,2021-04-26,1,0,0.4688964413082406,0.14368622260885017,0.38741733608290907,0.08147910522533153
XOM,random_forest,2,2021-04-27,1,-1,0.5523843935774473,0.10000980201371937,0.3476058044088335,0.2047785891686138
XOM,random_forest,2,2021-04-28,1,1,0.43825051331825243,0.43825051331825243,0.3514821475213327,0.08676836579691971
XOM,random_forest,2,2021-04-29,1,1,0.5239862215361294,0.5239862215361294,0.2436407372266847,0.2803454843094447
XOM,random_forest,2,2021-04-30,1,-1,0.48001683662589767,0.3342068227657389,0.3342068227657389,0.1458100138601588
XOM,random_forest,2,2021-05-03,1,1,0.4946435902460893,0.4946435902460893,0.2776143074124919,0.2170292828335974
XOM,random_forest,2,2021-05-04,1,1,0.5266726674348494,0.5266726674348494,0.2830035182112834,0.24366914922356603
XOM,random_forest,2,2021-05-05,0,1,0.7049150062216428,0.7049150062216428,0.15503903716642578,0.5498759690552171
XOM,random_forest,2,2021-05-06,-1,1,0.7144308587858899,0.7144308587858899,0.14411382323442984,0.57031703555146
XOM,random_forest,2,2021-05-07,0,1,0.6270611170840052,0.6270611170840052,0.22206662432668664,0.4049944927573186
XOM,random_forest,2,2021-05-10,0,1,0.580393815626378,0.580393815626378,0.28098522257756214,0.2994085930488159
XOM,random_forest,2,2021-05-11,0,1,0.5729583304402216,0.5729583304402216,0.28074658362260874,0.29221174681761286
XOM,random_forest,2,2021-05-12,0,1,0.5902487264996124,0.5902487264996124,0.2467580599172578,0.34349066658235455
XOM,random_forest,2,2021-05-13,0,1,0.5407814316000991,0.5407814316000991,0.28585495318041554,0.2549264784196835
XOM,random_forest,2,2021-05-14,-1,1,0.5461536998843092,0.5461536998843092,0.2642581072342881,0.28189559265002107
XOM,random_forest,2,2021-05-17,-1,1,0.6219618568079016,0.6219618568079016,0.25341344919780673,0.3685484076100949
XOM,random_forest,2,2021-05-18,-1,1,0.5594053479375006,0.5594053479375006,0.31784741251137877,0.24155793542612186
XOM,random_forest,2,2021-05-19,0,1,0.5632187604123419,0.5632187604123419,0.2662976178741171,0.29692114253822477
XOM,random_forest,2,2021-05-20,0,1,0.6548116314789669,0.6548116314789669,0.1872274283243889,0.46758420315457805
XOM,random_forest,2,2021-05-21,0,1,0.7038178169634588,0.7038178169634588,0.1705552497577555,0.5332625672057033
XOM,random_forest,2,2021-05-24,0,1,0.6983096200779335,0.6983096200779335,0.15205500743658018,0.5462546126413533
XOM,random_forest,2,2021-05-25,1,1,0.5925597164118357,0.5925597164118357,0.2402450607994101,0.3523146556124256
XOM,random_forest,2,2021-05-26,1,1,0.5653950790416408,0.5653950790416408,0.2380938875656983,0.3273011914759425
XOM,random_forest,2,2021-05-27,1,1,0.5873451171184334,0.5873451171184334,0.217070769445787,0.37027434767264644
XOM,random_forest,2,2021-05-28,1,1,0.6424942408117951,0.6424942408117951,0.22262466784395296,0.4198695729678421
XOM,random_forest,2,2021-06-01,1,1,0.6191196656196251,0.6191196656196251,0.193578091417328,0.42554157420229705
XOM,random_forest,2,2021-06-02,1,1,0.5080204307788163,0.5080204307788163,0.2963581131092478,0.2116623176695685
XOM,random_forest,2,2021-06-03,1,1,0.39295275748375497,0.39295275748375497,0.30475406416172524,0.08819869332202973
XOM,random_forest,2,2021-06-04,0,1,0.3723378561447253,0.3723378561447253,0.33563346946103134,0.03670438668369397
XOM,random_forest,2,2021-06-07,0,1,0.36422158493265694,0.36422158493265694,0.360572398535034,0.003649186397622961
XOM,random_forest,2,2021-06-08,1,1,0.44489684258298734,0.44489684258298734,0.2967442685359307,0.14815257404705662
XOM,random_forest,2,2021-06-09,1,1,0.40439096693042714,0.40439096693042714,0.3817600786585521,0.022630888271875038
XOM,random_forest,2,2021-06-10,0,1,0.4702742267396018,0.4702742267396018,0.2751115082862437,0.19516271845335809
XOM,random_forest,2,2021-06-11,-1,1,0.5006420850851081,0.5006420850851081,0.27707473137328714,0.22356735371182096
XOM,random_forest,2,2021-06-14,0,1,0.4704929617282414,0.4704929617282414,0.27179858747552577,0.19869437425271563
XOM,random_forest,2,2021-06-15,0,1,0.5892426702137649,0.5892426702137649,0.20974549594587144,0.3794971742678934
XOM,random_forest,2,2021-06-16,0,1,0.5143908536415079,0.5143908536415079,0.29029607943634805,0.22409477420515989
XOM,random_forest,2,2021-06-17,1,1,0.5327967985649084,0.5327967985649084,0.28600326317183733,0.24679353539307103
XOM,random_forest,2,2021-06-18,1,1,0.5905723948945627,0.5905723948945627,0.2230556247684982,0.36751677012606454
XOM,random_forest,2,2021-06-21,0,1,0.5744451985208671,0.5744451985208671,0.248645472101821,0.3257997264190461
XOM,random_forest,2,2021-06-22,0,1,0.6538121679526236,0.6538121679526236,0.2035022284737491,0.45030993947887454
XOM,random_forest,2,2021-06-23,0,1,0.6129800679141287,0.6129800679141287,0.19852244312703646,0.41445762478709225
XOM,random_forest,2,2021-06-24,0,1,0.5485190963233215,0.5485190963233215,0.2394181752856189,0.3091009210377026
XOM,random_forest,2,2021-06-25,-1,1,0.5081569316221263,0.5081569316221263,0.260160268487499,0.24799666313462726
XOM,random_forest,2,2021-06-28,-1,1,0.523418015438244,0.523418015438244,0.30105854516744485,0.2223594702707991
XOM,random_forest,2,2021-06-29,-1,1,0.5994109943634329,0.5994109943634329,0.21241071362704725,0.3870002807363857
XOM,random_forest,2,2021-06-30,-1,1,0.5069983074404317,0.5069983074404317,0.2679814404407635,0.23901686699966823
XOM,random_forest,2,2021-07-01,-1,1,0.5462079680200178,0.5462079680200178,0.28835037267115776,0.25785759534886005
XOM,random_forest,2,2021-07-02,-1,1,0.4257480636103794,0.4257480636103794,0.31091360135046214,0.11483446225991728
XOM,random_forest,2,2021-07-06,0,1,0.37019187328423575,0.37019187328423575,0.3684934321230685,0.0016984411611672412
XOM,random_forest,2,2021-07-07,0,-1,0.39620918835926816,0.3285268436097214,0.3285268436097214,0.06768234474954676
XOM,random_forest,2,2021-07-08,0,-1,0.3613045649187688,0.3179676817572465,0.3207277533239847,0.0405768115947841
XOM,random_forest,2,2021-07-09,-1,-1,0.4944586134520022,0.22199412313299238,0.2835472634150053,0.2109113500369969
XOM,random_forest,2,2021-07-12,-1,-1,0.42624492339905845,0.26665759093597696,0.30709748566496464,0.11914743773409381
XOM,random_forest,2,2021-07-13,-1,-1,0.4698821300078107,0.16504303422078392,0.36507483577140526,0.10480729423640545
XOM,random_forest,2,2021-07-14,-1,-1,0.5418299138523223,0.2245680473505845,0.23360203879709332,0.308227875055229
XOM,random_forest,2,2021-07-15,-1,-1,0.4125819806601417,0.22030825320167893,0.3671097661381795,0.04547221452196215
XOM,random_forest,2,2021-07-16,0,-1,0.4612109227604761,0.33044398952611026,0.33044398952611026,0.13076693323436583
XOM,random_forest,2,2021-07-19,1,-1,0.491655184116478,0.3212870782541606,0.3212870782541606,0.17036810586231743
XOM,random_forest,2,2021-07-20,1,-1,0.45825491601770796,0.36927370693929445,0.36927370693929445,0.0889812090784135
XOM,random_forest,2,2021-07-21,0,-1,0.5531875535271108,0.2631164920377715,0.2631164920377715,0.2900710614893393
XOM,random_forest,2,2021-07-22,1,-1,0.38435662358100997,0.2855788149059111,0.33006456151307867,0.0542920620679313
XOM,random_forest,2,2021-07-23,0,-1,0.40058531001517383,0.21824706294205465,0.38116762704277146,0.019417682972402373
XOM,random_forest,2,2021-07-26,0,-1,0.5059406484389398,0.247489171239072,0.247489171239072,0.25845147719986783
XOM,random_forest,2,2021-07-27,0,-1,0.41912614538622006,0.16501243940848936,0.4158614152052905,0.0032647301809295426
XOM,random_forest,2,2021-07-28,-1,-1,0.49700351810451004,0.13798419289563224,0.36501228899985766,0.13199122910465239
XOM,random_forest,2,2021-07-29,-1,-1,0.47069522928813795,0.1107118088022995,0.41859296190956224,0.052102267378575706
XOM,random_forest,2,2021-07-30,0,-1,0.4408971722182769,0.25143840068591,0.3076644270958131,0.1332327451224638
XOM,random_forest,2,2021-08-02,0,-1,0.5010338510193031,0.22485263714141376,0.2741135118392835,0.22692033918001958
XOM,random_forest,2,2021-08-03,0,-1,0.5384158361304061,0.1787189928223203,0.2828651710472737,0.2555506650831324
XOM,random_forest,2,2021-08-04,1,0,0.3816485711394379,0.2664588180813832,0.3518926107791788,0.02975596036025907
XOM,random_forest,2,2021-08-05,0,0,0.39622239346385724,0.21521068311634836,0.3885669234197943,0.0076554700440629175
XOM,random_forest,2,2021-08-06,0,-1,0.460844201580277,0.1185180891779099,0.42063770924181304,0.04020649233846396
XOM,random_forest,2,2021-08-09,0,0,0.49526107188822277,0.19305587921237374,0.31168304889940374,0.18357802298881903
XOM,random_forest,2,2021-08-10,-1,0,0.4200451666345846,0.18041986616874933,0.3995349671966664,0.020510199437918153
XOM,random_forest,2,2021-08-11,-1,0,0.39653723011258485,0.27405367378392226,0.32940909610349295,0.0671281340090919
XOM,random_forest,2,2021-08-12,-1,0,0.37239996476002873,0.2843114900152217,0.3432885452247496,0.029111419535279126
XOM,random_forest,2,2021-08-13,-1,1,0.4533731142529021,0.4533731142529021,0.3555085484352022,0.09786456581769992
XOM,random_forest,2,2021-08-16,0,1,0.5022416868258471,0.5022416868258471,0.315413379701405,0.18682830712444215
XOM,random_forest,2,2021-08-17,0,1,0.5460609064847091,0.5460609064847091,0.22701699885939605,0.319043907625313
XOM,random_forest,2,2021-08-18,0,1,0.3796023085633215,0.3796023085633215,0.33034678508013837,0.04925552348318313
XOM,random_forest,2,2021-08-19,1,-1,0.4201909325264999,0.3784327211653057,0.3784327211653057,0.04175821136119423
XOM,random_forest,2,2021-08-20,1,1,0.3952141241195276,0.3952141241195276,0.3431326198777913,0.0520815042417363
XOM,random_forest,2,2021-08-23,0,-1,0.4205232101602759,0.27149856887435037,0.30797822096537386,0.11254498919490202
XOM,random_forest,2,2021-08-24,0,-1,0.35372269740810314,0.29577210629173417,0.3505051963001625,0.0032175011079406124
XOM,random_forest,2,2021-08-25,-1,0,0.4081342280432147,0.23646368596430223,0.35540208599248296,0.052732142050731734
XOM,random_forest,2,2021-08-26,0,0,0.4392351910264505,0.309920606144945,0.309920606144945,0.1293145848815055
XOM,random_forest,2,2021-08-27,0,-1,0.4326947195627616,0.2370306751125121,0.33027460532472597,0.10242011423803565
XOM,random_forest,2,2021-08-30,0,-1,0.3944563388094704,0.24492283351772953,0.36062082767279996,0.03383551113667044
XOM,random_forest,2,2021-08-31,0,0,0.40874888358507616,0.29615611527964847,0.29615611527964847,0.11259276830542769
XOM,random_forest,2,2021-09-01,0,-1,0.36195548019664026,0.3578381855347338,0.3578381855347338,0.004117294661906468
XOM,random_forest,2,2021-09-02,0,-1,0.5132580491425849,0.252785662380327,0.252785662380327,0.26047238676225787
XOM,random_forest,2,2021-09-03,0,0,0.4187268709905017,0.20698951976998012,0.3742836092395182,0.04444326175098351
XOM,random_forest,2,2021-09-07,0,0,0.45310955630701283,0.24893243288061348,0.29795801081237405,0.15515154549463878
XOM,random_forest,2,2021-09-08,1,0,0.392222108994303,0.29514681370104756,0.31263107730464934,0.07959103168965365
XOM,random_forest,2,2021-09-09,1,-1,0.39784022813919395,0.29902051170814203,0.30313926015266424,0.09470096798652972
XOM,random_forest,2,2021-09-10,1,-1,0.3922772661712544,0.28032055397582245,0.32740217985292325,0.06487508631833117
XOM,random_forest,2,2021-09-13,-1,-1,0.4759849520377604,0.2842003026140969,0.2842003026140969,0.19178464942366352
XOM,random_forest,2,2021-09-14,0,-1,0.36974699167772973,0.3452916709294834,0.3452916709294834,0.024455320748246356
XOM,random_forest,2,2021-09-15,-1,1,0.43070109777429005,0.43070109777429005,0.3174166048399418,0.11328449293434828
XOM,random_forest,2,2021-09-16,1,1,0.48653738053211926,0.48653738053211926,0.28074867978136975,0.2057887007507495
XOM,random_forest,2,2021-09-17,1,1,0.6173342173074635,0.6173342173074635,0.19686515069265031,0.4204690666148132
XOM,random_forest,2,2021-09-20,1,1,0.544072592106454,0.544072592106454,0.2501441964131113,0.29392839569334267
XOM,random_forest,2,2021-09-21,1,-1,0.4174146318855202,0.3117618197598914,0.3117618197598914,0.10565281212562877
XOM,random_forest,2,2021-09-22,1,1,0.42059140434321596,0.42059140434321596,0.36922650713994587,0.05136489720327009
XOM,random_forest,2,2021-09-23,1,1,0.6196112098834077,0.6196112098834077,0.20401686330357102,0.4155943465798366
XOM,random_forest,2,2021-09-24,1,1,0.5676483732070775,0.5676483732070775,0.229202197988216,0.3384461752188615
XOM,random_forest,2,2021-09-27,1,1,0.6006084428691473,0.6006084428691473,0.20350555589951186,0.3971028869696354
XOM,random_forest,2,2021-09-28,1,1,0.5576156597961384,0.5576156597961384,0.238959034001543,0.31865662579459536
XOM,random_forest,2,2021-09-29,0,1,0.4937976311104826,0.4937976311104826,0.2790210424210614,0.21477658868942118
XOM,random_forest,2,2021-09-30,1,1,0.5475267193265071,0.5475267193265071,0.29380533039937234,0.25372138892713475
XOM,random_forest,2,2021-10-01,1,1,0.6672212537938277,0.6672212537938277,0.19491062313689786,0.4723106306569298
XOM,random_forest,2,2021-10-04,0,1,0.5307995992433074,0.5307995992433074,0.31281237259528116,0.21798722664802628
XOM,random_forest,2,2021-10-05,0,1,0.6033037513896673,0.6033037513896673,0.2758511484016552,0.3274526029880121
XOM,random_forest,2,2021-10-06,0,1,0.5407661356370645,0.5407661356370645,0.33817030366388784,0.2025958319731767
XOM,random_forest,2,2021-10-07,1,1,0.4311075536356769,0.4311075536356769,0.3947210716161783,0.03638648201949857
XOM,random_forest,2,2021-10-08,0,1,0.4903664069962063,0.4903664069962063,0.355357050196554,0.1350093567996523
XOM,random_forest,2,2021-10-11,0,1,0.6166866581774354,0.6166866581774354,0.2457592049795498,0.37092745319788556
XOM,random_forest,2,2021-10-12,1,1,0.4597433408792124,0.4597433408792124,0.38570002251022845,0.07404331836898398
XOM,random_forest,2,2021-10-13,1,1,0.48632957137729876,0.48632957137729876,0.30172367897984453,0.18460589239745423
XOM,random_forest,2,2021-10-14,0,1,0.4424137074421303,0.4424137074421303,0.3544880924850063,0.08792561495712403
XOM,random_forest,2,2021-10-15,0,-1,0.3749321009800199,0.36786266061415623,0.36786266061415623,0.007069440365863655
XOM,random_forest,2,2021-10-18,1,1,0.3730280398740096,0.3730280398740096,0.3545509717514351,0.018477068122574547
XOM,random_forest,2,2021-10-19,1,1,0.3660059347433517,0.3660059347433517,0.3617469382032619,0.004258996540089766
XOM,random_forest,2,2021-10-20,0,-1,0.3750842342897005,0.3373367873698695,0.3373367873698695,0.03774744691983101
XOM,random_forest,2,2021-10-21,1,1,0.49550215078398413,0.49550215078398413,0.2574963232300432,0.23800582755394095
XOM,random_forest,2,2021-10-22,1,1,0.49846059458311687,0.49846059458311687,0.3144497338051401,0.1840108607779768
XOM,random_forest,2,2021-10-25,0,0,0.41746034101030777,0.41407085022836787,0.41407085022836787,0.0033894907819398967
XOM,random_forest,2,2021-10-26,0,1,0.5940659682043324,0.5940659682043324,0.2417153313468644,0.35235063685746804
XOM,random_forest,2,2021-10-27,0,1,0.5184800059671278,0.5184800059671278,0.2542048136677258,0.26427519229940205
XOM,random_forest,2,2021-10-28,0,1,0.555486990136945,0.555486990136945,0.25186643301314565,0.3036205571237994
XOM,random_forest,2,2021-10-29,0,1,0.5599144283285354,0.5599144283285354,0.22806667732838298,0.33184775100015246
XOM,random_forest,2,2021-11-01,0,1,0.5094503793922353,0.5094503793922353,0.25907579557224003,0.2503745838199952
XOM,random_forest,2,2021-11-02,1,1,0.46887761233700614,0.46887761233700614,0.3010306809900553,0.16784693134695083
XOM,random_forest,2,2021-11-03,0,1,0.482518472195369,0.482518472195369,0.2856825429906894,0.19683592920467957
XOM,random_forest,2,2021-11-04,0,1,0.6180858756222004,0.6180858756222004,0.20061327207310217,0.4174726035490982
XOM,random_forest,2,2021-11-05,0,1,0.49404880403566637,0.49404880403566637,0.27338204365559715,0.22066676038006922
XOM,random_forest,2,2021-11-08,0,1,0.5529780814798754,0.5529780814798754,0.25607542178435494,0.29690265969552043
XOM,random_forest,2,2021-11-09,0,1,0.5292334062982539,0.5292334062982539,0.25895007471757203,0.27028333158068185
XOM,random_forest,2,2021-11-10,0,1,0.5522741429155577,0.5522741429155577,0.23741141967898097,0.3148627232365767
XOM,random_forest,2,2021-11-11,0,1,0.5117527987804787,0.5117527987804787,0.3047299175596663,0.20702288122081247
XOM,random_forest,2,2021-11-12,-1,1,0.45979052908462376,0.45979052908462376,0.34169629296090986,0.11809423612371389
XOM,random_forest,2,2021-11-15,-1,1,0.5886956320830414,0.5886956320830414,0.21206160634625554,0.3766340257367859
XOM,random_forest,2,2021-11-16,-1,1,0.4154850942182261,0.4154850942182261,0.3560642436913625,0.05942085052686358
XOM,random_forest,2,2021-11-17,0,1,0.3842578178205321,0.3842578178205321,0.36605143034639537,0.01820638747413672
XOM,random_forest,2,2021-11-18,-1,1,0.5667731795223093,0.5667731795223093,0.22064557397874385,0.3461276055435655
XOM,random_forest,2,2021-11-19,0,1,0.41125353151290195,0.41125353151290195,0.3189703721293905,0.09228315938351145
XOM,random_forest,2,2021-11-22,-1,-1,0.42514088946025885,0.36426310484138646,0.36426310484138646,0.06087778461887239
XOM,random_forest,2,2021-11-23,-1,-1,0.4927730177915,0.25789366809098896,0.25789366809098896,0.23487934970051105
XOM,random_forest,2,2021-11-24,-1,-1,0.3819841141127771,0.31577723764089843,0.31577723764089843,0.06620687647187867
XOM,random_forest,2,2021-11-26,0,-1,0.4202952907297606,0.3223299005003853,0.3223299005003853,0.09796539022937528
XOM,random_forest,2,2021-11-29,0,-1,0.5160698135537596,0.2902730153834769,0.2902730153834769,0.2257967981702827
XOM,random_forest,2,2021-11-30,1,1,0.38149289294974226,0.38149289294974226,0.37489518038822955,0.006597712561512703
XOM,random_forest,2,2021-12-01,1,-1,0.5002840250523839,0.316471215910804,0.316471215910804,0.18381280914157988
XOM,random_forest,2,2021-12-02,1,1,0.4355929552510908,0.4355929552510908,0.43368090269523474,0.0019120525558560808
XOM,random_forest,2,2021-12-03,1,-1,0.44917373722128107,0.39947722167511546,0.39947722167511546,0.04969651554616561
XOM,random_forest,2,2021-12-06,0,0,0.3907359467657053,0.240198279483264,0.3690657737510307,0.021670173014674554
XOM,random_forest,2,2021-12-07,0,-1,0.4213007664274287,0.17558025414866504,0.40311897942390645,0.018181787003522243
XOM,random_forest,2,2021-12-08,0,0,0.4578761602693563,0.13757770282403625,0.4045461369066076,0.05333002336274867
XOM,random_forest,2,2021-12-09,0,-1,0.4678168785093043,0.18872235236600926,0.34346076912468665,0.12435610938461766
XOM,random_forest,2,2021-12-10,-1,-1,0.43594261177684407,0.19285243102245123,0.3712049572007046,0.06473765457613945
XOM,random_forest,2,2021-12-13,-1,0,0.41782390380949797,0.21814537745492169,0.3640307187355801,0.05379318507391784
XOM,random_forest,2,2021-12-14,0,0,0.41949145381154535,0.18622652398107045,0.3942820222073841,0.025209431604161225
XOM,random_forest,2,2021-12-15,0,-1,0.37853041102685847,0.2701622523410551,0.35130733663208674,0.02722307439477173
XOM,random_forest,2,2021-12-16,0,-1,0.40125591081971396,0.20925979986576018,0.389484289314526,0.011771621505187957
XOM,random_forest,2,2021-12-17,1,-1,0.4617098502594637,0.2267388323733011,0.311551317367235,0.1501585328922287
XOM,random_forest,2,2021-12-20,1,1,0.38265626362650595,0.38265626362650595,0.3245024354557611,0.05815382817074488
XOM,random_forest,2,2021-12-21,0,-1,0.394891987443191,0.3392602751958332,0.3392602751958332,0.0556317122473578
XOM,random_forest,2,2021-12-22,0,-1,0.45752719055142343,0.25791353326287847,0.2845592761856978,0.17296791436572562
XOM,random_forest,2,2021-12-23,0,0,0.47425166965000237,0.22677013925158315,0.29897819109841506,0.17527347855158731
XOM,random_forest,2,2021-12-27,1,-1,0.4504881899306917,0.34130162447110396,0.34130162447110396,0.10918656545958771
XOM,random_forest,2,2021-12-28,1,0,0.44074943072459327,0.2060257156632851,0.3532248536121218,0.08752457711247147
XOM,random_forest,2,2021-12-29,1,1,0.41423597909384935,0.41423597909384935,0.38056654253692956,0.033669436556919785
XOM,random_forest,2,2021-12-30,1,1,0.40734416890565206,0.40734416890565206,0.4067478853155122,0.0005962835901398567
XOM,random_forest,2,2021-12-31,1,0,0.4316073949998216,0.26201765120761544,0.30637495379256297,0.12523244120725863
XOM,random_forest,2,2022-01-03,1,1,0.5087371665702536,0.5087371665702536,0.29130867678158234,0.21742848978867124
XOM,random_forest,2,2022-01-04,1,1,0.6623315637631374,0.6623315637631374,0.17188838133326756,0.49044318242986984
XOM,random_forest,2,2022-01-05,1,1,0.5532909923683175,0.5532909923683175,0.24721714241832327,0.3060738499499942
XOM,random_forest,2,2022-01-06,1,1,0.5804299161995072,0.5804299161995072,0.22135054900785198,0.35907936719165523
XOM,random_forest,2,2022-01-07,1,1,0.5004130556867169,0.5004130556867169,0.2840133494730655,0.2163997062136514
XOM,random_forest,2,2022-01-10,1,1,0.5698525765219056,0.5698525765219056,0.21815638695445036,0.3516961895674552
XOM,random_forest,2,2022-01-11,1,1,0.43580844165724103,0.43580844165724103,0.40665442670169444,0.029154014955546592
XOM,random_forest,2,2022-01-12,1,-1,0.4700372965648823,0.3480124087348179,0.3480124087348179,0.12202488783006438
XOM,random_forest,2,2022-01-13,1,1,0.47829158290888707,0.47829158290888707,0.38755255422397944,0.09073902868490763
XOM,random_forest,2,2022-01-14,0,1,0.47512140344594617,0.47512140344594617,0.39208452146766287,0.0830368819782833
XOM,random_forest,2,2022-01-18,1,1,0.5415118541037232,0.5415118541037232,0.3066805593871505,0.23483129471657266
XOM,random_forest,2,2022-01-19,0,1,0.48733598314697607,0.48733598314697607,0.34231740302857183,0.14501858011840424
XOM,random_forest,2,2022-01-20,1,1,0.6315909813867516,0.6315909813867516,0.2341538963324176,0.39743708505433406
XOM,random_forest,2,2022-01-21,1,1,0.5704124194755887,0.5704124194755887,0.306980592298051,0.2634318271775377
XOM,random_forest,2,2022-01-24,1,1,0.5760616190763754,0.5760616190763754,0.2962953605863747,0.27976625849000075
XOM,random_forest,2,2022-01-25,1,1,0.6362244847705203,0.6362244847705203,0.23731464463857588,0.3989098401319444
XOM,random_forest,2,2022-01-26,1,1,0.5479519599117246,0.5479519599117246,0.2879013175906784,0.26005064232104624
XOM,random_forest,2,2022-01-27,1,1,0.5039310096789228,0.5039310096789228,0.31417969698117343,0.18975131269774936
XOM,random_forest,2,2022-01-28,1,1,0.4225798116272103,0.4225798116272103,0.3869224060460983,0.03565740558111202
XOM,random_forest,2,2022-01-31,1,1,0.48456892501813115,0.48456892501813115,0.31197141013230056,0.17259751488583058
XOM,random_forest,2,2022-02-01,0,-1,0.5262592292768741,0.31299478399774106,0.31299478399774106,0.21326444527913302
XOM,random_forest,2,2022-02-02,0,-1,0.5336447540886363,0.31256871907523487,0.31256871907523487,0.22107603501340145
XOM,random_forest,2,2022-02-03,0,1,0.435027298219112,0.435027298219112,0.4224214297878255,0.012605868431286527
XOM,random_forest,2,2022-02-04,0,-1,0.4972167794487125,0.35392721703824104,0.35392721703824104,0.14328956241047147
XOM,random_forest,2,2022-02-07,-1,1,0.43493920577546685,0.43493920577546685,0.40414562812546045,0.0307935776500064
XOM,random_forest,2,2022-02-08,0,-1,0.5571110263735928,0.33586684591430416,0.33586684591430416,0.22124418045928862
XOM,random_forest,2,2022-02-09,0,-1,0.5600444222325432,0.3326938117539795,0.3326938117539795,0.22735061047856375
XOM,random_forest,2,2022-02-10,0,1,0.46396009029394786,0.46396009029394786,0.40680247681929604,0.057157613474651814
XOM,random_forest,2,2022-02-11,-1,1,0.5278015051833572,0.5278015051833572,0.363058428966118,0.16474307621723921
XOM,random_forest,2,2022-02-14,-1,1,0.5167017800080373,0.5167017800080373,0.38113772655454864,0.1355640534534887
XOM,random_forest,2,2022-02-15,0,1,0.4697422758019725,0.4697422758019725,0.3695663868080583,0.10017588899391416
XOM,random_forest,2,2022-02-16,-1,1,0.5597589602456803,0.5597589602456803,0.277801152973096,0.2819578072725843
XOM,random_forest,2,2022-02-17,0,1,0.5239444016931727,0.5239444016931727,0.2865117223977468,0.23743267929542589
XOM,random_forest,2,2022-02-18,0,1,0.568019105785035,0.568019105785035,0.2616788928867823,0.3063402128982527
XOM,random_forest,2,2022-02-22,1,1,0.5885836702459751,0.5885836702459751,0.27762888704516997,0.31095478320080516
XOM,random_forest,2,2022-02-23,1,1,0.508818566307425,0.508818566307425,0.2959354726201519,0.21288309368727304
XOM,random_forest,2,2022-02-24,1,1,0.5234172245384051,0.5234172245384051,0.3283373750618395,0.1950798494765656
XOM,random_forest,2,2022-02-25,1,1,0.5268135937754734,0.5268135937754734,0.27726164587496727,0.24955194790050617
XOM,random_forest,2,2022-02-28,1,1,0.6051455856625474,0.6051455856625474,0.22776068595377222,0.3773848997087752
XOM,random_forest,2,2022-03-01,1,1,0.5780880799122631,0.5780880799122631,0.23225811162332757,0.34582996828893553
XOM,random_forest,2,2022-03-02,1,1,0.49689318696317136,0.49689318696317136,0.28986961941905276,0.2070235675441186
XOM,random_forest,2,2022-03-03,1,1,0.5144250674676895,0.5144250674676895,0.2827692112869803,0.23165585618070916
XOM,random_forest,2,2022-03-04,0,1,0.615753301045125,0.615753301045125,0.2301116814351804,0.38564161960994464
XOM,random_forest,2,2022-03-07,-1,1,0.6146539841024421,0.6146539841024421,0.24030776243999108,0.374346221662451
XOM,random_forest,2,2022-03-08,-1,1,0.5637590809598808,0.5637590809598808,0.2880895239792889,0.2756695569805919
XOM,random_forest,2,2022-03-09,-1,1,0.5157079447430429,0.5157079447430429,0.3713227806463883,0.14438516409665464
XOM,random_forest,2,2022-03-10,-1,1,0.6273241669836066,0.6273241669836066,0.2665104904272347,0.3608136765563719
XOM,random_forest,2,2022-03-11,-1,1,0.579068778806819,0.579068778806819,0.31860031204243117,0.2604684667643878
XOM,random_forest,2,2022-03-14,0,1,0.5721457867470696,0.5721457867470696,0.3006463570777291,0.27149942966934054
XOM,random_forest,2,2022-03-15,1,1,0.512484812917517,0.512484812917517,0.320590895163198,0.19189391775431902
XOM,random_forest,2,2022-03-16,1,1,0.5123754962608787,0.5123754962608787,0.32512190176093675,0.187253594499942
XOM,random_forest,2,2022-03-17,1,1,0.5689261154598032,0.5689261154598032,0.31676803062104125,0.25215808483876195
XOM,random_forest,2,2022-03-18,1,1,0.5341700175394392,0.5341700175394392,0.2761456475673452,0.25802436997209394
XOM,random_forest,2,2022-03-21,0,1,0.6388627706746576,0.6388627706746576,0.2227421323192578,0.4161206383553998
XOM,random_forest,2,2022-03-22,0,1,0.5687817875472618,0.5687817875472618,0.25671808833903714,0.3120636992082247
XOM,random_forest,2,2022-03-23,0,1,0.5242866391200451,0.5242866391200451,0.24451437274703353,0.2797722663730116
XOM,random_forest,2,2022-03-24,0,1,0.6108868696591981,0.6108868696591981,0.23164934456519673,0.37923752509400144
XOM,random_forest,2,2022-03-25,-1,1,0.6722729600924504,0.6722729600924504,0.19675885574036478,0.47551410435208563
XOM,random_forest,2,2022-03-28,0,1,0.44488549305370656,0.44488549305370656,0.33657374961586645,0.10831174343784011
XOM,random_forest,2,2022-03-29,0,1,0.46936691179705736,0.46936691179705736,0.366425266117584,0.10294164567947334
XOM,random_forest,2,2022-03-30,0,1,0.45142824266952064,0.45142824266952064,0.32974705104426155,0.12168119162525909
XOM,random_forest,2,2022-03-31,1,1,0.46908567470727214,0.46908567470727214,0.3165481681786701,0.15253750652860204
XOM,random_forest,2,2022-04-01,1,-1,0.43206573013624533,0.3590677462827464,0.3590677462827464,0.07299798385349893
XOM,random_forest,2,2022-04-04,0,0,0.48332124061001563,0.198452978170289,0.31822578121969564,0.16509545939032
XOM,random_forest,2,2022-04-05,1,0,0.3740624268009691,0.2833207702673704,0.3426168029316604,0.03144562386930866
XOM,random_forest,2,2022-04-06,1,1,0.38088377491153785,0.38088377491153785,0.32717880004113575,0.0537049748704021
XOM,random_forest,2,2022-04-07,1,-1,0.4507066247086411,0.3275014188589117,0.3275014188589117,0.12320520584972938
XOM,random_forest,2,2022-04-08,0,1,0.4291632323402573,0.4291632323402573,0.33804741702783486,0.09111581531242241
XOM,random_forest,2,2022-04-11,1,1,0.49269537136099245,0.49269537136099245,0.3268261201076546,0.16586925125333785
XOM,random_forest,2,2022-04-12,1,1,0.47927783293219134,0.47927783293219134,0.2752949709323394,0.20398286199985194
XOM,random_forest,2,2022-04-13,0,1,0.47131932921592645,0.47131932921592645,0.339473492528758,0.13184583668716843
XOM,random_forest,2,2022-04-14,-1,1,0.544226340714912,0.544226340714912,0.27345615195958606,0.270770188755326
XOM,random_forest,2,2022-04-18,-1,1,0.41168667990528574,0.41168667990528574,0.3836405816398625,0.028046098265423258
XOM,random_forest,2,2022-04-19,-1,1,0.46903928361911207,0.46903928361911207,0.26810318590409,0.20093609771502208
XOM,random_forest,2,2022-04-20,-1,1,0.5126797517844034,0.5126797517844034,0.2496408071372437,0.2630389446471597
XOM,random_forest,2,2022-04-21,0,1,0.5179846781739957,0.5179846781739957,0.26853867478597543,0.2494460033880203
XOM,random_forest,2,2022-04-22,0,1,0.549120895026794,0.549120895026794,0.28435922372419414,0.2647616713025998
XOM,random_forest,2,2022-04-25,1,1,0.5184857071902673,0.5184857071902673,0.29125539613228313,0.2272303110579842
XOM,random_forest,2,2022-04-26,1,1,0.4962200431560181,0.4962200431560181,0.3619615787575288,0.13425846439848926
XOM,random_forest,2,2022-04-27,1,1,0.5953207447766822,0.5953207447766822,0.2684991490559733,0.3268215957207089
XOM,random_forest,2,2022-04-28,1,1,0.5755119343238371,0.5755119343238371,0.24416635099602121,0.33134558332781583
XOM,random_forest,2,2022-04-29,1,1,0.667559032866545,0.667559032866545,0.23640479761060382,0.4311542352559412
XOM,random_forest,2,2022-05-02,-1,1,0.6178465708866798,0.6178465708866798,0.23301297168025645,0.38483359920642335
XOM,random_forest,2,2022-05-03,-1,1,0.606335678631609,0.606335678631609,0.2172218136409289,0.38911386499068007
XOM,random_forest,2,2022-05-04,-1,1,0.5778832729586559,0.5778832729586559,0.2701529949825154,0.30773027797614055
XOM,random_forest,2,2022-05-05,-1,1,0.7215611044013394,0.7215611044013394,0.17888015877948396,0.5426809456218554
XOM,random_forest,2,2022-05-06,-1,1,0.6279763266711317,0.6279763266711317,0.23434833562403057,0.3936279910471011
XOM,random_forest,2,2022-05-09,1,1,0.5848195554974935,0.5848195554974935,0.25256976588333413,0.3322497896141594
XOM,random_forest,2,2022-05-10,1,1,0.5713591505813802,0.5713591505813802,0.3120028609244223,0.2593562896569579
XOM,random_forest,2,2022-05-11,1,1,0.5165974383320155,0.5165974383320155,0.3545430746642227,0.16205436366779286
XOM,random_forest,2,2022-05-12,1,1,0.6070854176801226,0.6070854176801226,0.27608396911358846,0.33100144856653413
XOM,random_forest,2,2022-05-13,1,1,0.5030484883410773,0.5030484883410773,0.31868079132358207,0.18436769701749522
XOM,random_forest,2,2022-05-16,1,1,0.6389924023780632,0.6389924023780632,0.2195112948714877,0.4194811075065755
XOM,random_forest,2,2022-05-17,1,1,0.5052654320103562,0.5052654320103562,0.31365136876238037,0.19161406324797586
XOM,random_forest,2,2022-05-18,1,1,0.6857437893037762,0.6857437893037762,0.1916554594054779,0.4940883298982983
XOM,random_forest,2,2022-05-19,1,1,0.7016800090271257,0.7016800090271257,0.1939657585157536,0.5077142505113721
XOM,random_forest,2,2022-05-20,1,1,0.6473068646406419,0.6473068646406419,0.22847731162207532,0.4188295530185666
XOM,random_forest,2,2022-05-23,1,1,0.5038186758421992,0.5038186758421992,0.33511291391366954,0.16870576192852965
XOM,random_forest,2,2022-05-24,1,1,0.5432619556397504,0.5432619556397504,0.3111974204882044,0.23206453515154601
XOM,random_forest,2,2022-05-25,0,1,0.4665852207473238,0.4665852207473238,0.3476035684451299,0.11898165230219387
XOM,random_forest,2,2022-05-26,1,1,0.40993736684837845,0.40993736684837845,0.3523586093498583,0.05757875749852015
XOM,random_forest,2,2022-05-27,0,1,0.44687334333593154,0.44687334333593154,0.354225151170314,0.09264819216561754
XOM,random_forest,2,2022-05-31,1,1,0.5138270072152238,0.5138270072152238,0.3223669367087673,0.19146007050645647
XOM,random_forest,2,2022-06-01,1,1,0.47142709930503696,0.47142709930503696,0.3380795833535258,0.13334751595151118
XOM,random_forest,2,2022-06-02,1,1,0.4059752084456844,0.4059752084456844,0.3272322531970904,0.07874295524859404
XOM,random_forest,2,2022-06-03,0,1,0.45357280854227544,0.45357280854227544,0.30133730076102677,0.15223550778124867
XOM,random_forest,2,2022-06-06,-1,1,0.4180246171356412,0.4180246171356412,0.3474209627387315,0.07060365439690969
XOM,random_forest,2,2022-06-07,-1,1,0.531947085803579,0.531947085803579,0.3040658680014183,0.22788121780216064
XOM,random_forest,2,2022-06-08,-1,1,0.5399338200963424,0.5399338200963424,0.30355219583117465,0.23638162426516773
XOM,random_forest,2,2022-06-09,-1,1,0.5861256444449813,0.5861256444449813,0.31002580594337964,0.27609983850160164
XOM,random_forest,2,2022-06-10,-1,1,0.5131727661991291,0.5131727661991291,0.3698068194246412,0.14336594677448788
XOM,random_forest,2,2022-06-13,-1,1,0.667701985731558,0.667701985731558,0.2137912243759897,0.4539107613555683
XOM,random_forest,2,2022-06-14,-1,1,0.5639339513341554,0.5639339513341554,0.3124627139351783,0.25147123739897703
XOM,random_forest,2,2022-06-15,-1,1,0.590719481666191,0.590719481666191,0.3019481334843172,0.28877134818187383
XOM,random_forest,2,2022-06-16,-1,1,0.6267624761337576,0.6267624761337576,0.24421888783934284,0.3825435882944147
XOM,random_forest,2,2022-06-17,1,1,0.47173525843653863,0.47173525843653863,0.4130700667266415,0.058665191709897146
XOM,random_forest,2,2022-06-21,0,1,0.49446897401243944,0.49446897401243944,0.38830094809839055,0.10616802591404889
XOM,random_forest,2,2022-06-22,0,1,0.4947049373232921,0.4947049373232921,0.38324454509504147,0.11146039222825066
XOM,random_forest,2,2022-06-23,0,1,0.4807479113392762,0.4807479113392762,0.4121627588293454,0.0685851525099308
XOM,random_forest,2,2022-06-24,0,-1,0.49906983198886934,0.4064757788081564,0.4064757788081564,0.09259405318071295
XOM,random_forest,2,2022-06-27,-1,1,0.4706665152157439,0.4706665152157439,0.3964074824748605,0.07425903274088336
XOM,random_forest,2,2022-06-28,-1,1,0.571874713318683,0.571874713318683,0.2870397244902766,0.2848349888284064
XOM,random_forest,2,2022-06-29,-1,1,0.6201213850491648,0.6201213850491648,0.28255302889835454,0.33756835615081027
XOM,random_forest,2,2022-06-30,0,1,0.5999829497763479,0.5999829497763479,0.26567363435425184,0.3343093154220961
XOM,random_forest,2,2022-07-01,-1,1,0.5060995972065353,0.5060995972065353,0.38591070331200505,0.12018889389453025
XOM,random_forest,2,2022-07-05,0,1,0.5778304906432571,0.5778304906432571,0.3225745193889151,0.25525597125434196
XOM,random_forest,2,2022-07-06,0,1,0.562389487223588,0.562389487223588,0.36181093509048573,0.20057855213310222
XOM,random_forest,2,2022-07-07,-1,1,0.4495188349149971,0.4495188349149971,0.3868952451196159,0.06262358979538118
XOM,random_forest,2,2022-07-08,0,1,0.5152887878620442,0.5152887878620442,0.33495734847883263,0.1803314393832116
XOM,random_forest,2,2022-07-11,0,1,0.4339930323555303,0.4339930323555303,0.3281518678208391,0.10584116453469117
XOM,random_forest,2,2022-07-12,1,1,0.6240132214085425,0.6240132214085425,0.2471312674201837,0.37688195398835883
XOM,random_forest,2,2022-07-13,1,1,0.5140949243699993,0.5140949243699993,0.3315620759319996,0.18253284843799966
XOM,random_forest,2,2022-07-14,1,1,0.5259431742990411,0.5259431742990411,0.32063937760802363,0.2053037966910175
XOM,random_forest,2,2022-07-15,1,1,0.3958284470594454,0.3958284470594454,0.389511269724586,0.006317177334859425
XOM,random_forest,2,2022-07-18,1,-1,0.4206131500270894,0.3550232818391231,0.3550232818391231,0.0655898681879663
XOM,random_forest,2,2022-07-19,0,1,0.42312327849206793,0.42312327849206793,0.3662569948132316,0.05686628367883634
XOM,random_forest,2,2022-07-20,1,-1,0.4034804137543086,0.36019788402989,0.36019788402989,0.043282529724418595
XOM,random_forest,2,2022-07-21,1,-1,0.40472575510645387,0.3951331460469206,0.3951331460469206,0.009592609059533241
XOM,random_forest,2,2022-07-22,1,1,0.4440312133257858,0.4440312133257858,0.28059755600814157,0.16343365731764425
XOM,random_forest,2,2022-07-25,1,1,0.49173764398175146,0.49173764398175146,0.2910953478765631,0.20064229610518836
XOM,random_forest,2,2022-07-26,1,1,0.5151363329868388,0.5151363329868388,0.29837468964820596,0.21676164333863285
XOM,random_forest,2,2022-07-27,0,-1,0.3989126443463786,0.3983787356815251,0.3983787356815251,0.0005339086648534774
XOM,random_forest,2,2022-07-28,-1,1,0.5253151278401009,0.5253151278401009,0.3032246327222699,0.22209049511783102
XOM,random_forest,2,2022-07-29,-1,1,0.4604132455974382,0.4604132455974382,0.36977646838681577,0.09063677721062241
XOM,random_forest,2,2022-08-01,-1,1,0.5125824660825878,0.5125824660825878,0.35263243190028876,0.15995003418229908
XOM,random_forest,2,2022-08-02,-1,1,0.560104045818162,0.560104045818162,0.2694077499389555,0.2906962958792065
XOM,random_forest,2,2022-08-03,0,1,0.49889679410227633,0.49889679410227633,0.3641379130641636,0.13475888103811273
XOM,random_forest,2,2022-08-04,1,1,0.5095873962343566,0.5095873962343566,0.35769208283861076,0.1518953133957458
XOM,random_forest,2,2022-08-05,1,1,0.47166233559224535,0.47166233559224535,0.4044046080316485,0.06725772756059684
XOM,random_forest,2,2022-08-08,1,-1,0.3927430135971226,0.38755081133409053,0.38755081133409053,0.005192202263032075
XOM,random_forest,2,2022-08-09,0,1,0.4471286425837235,0.4471286425837235,0.3787363450245062,0.06839229755921727
XOM,random_forest,2,2022-08-10,0,1,0.4929658598531975,0.4929658598531975,0.3813584153160933,0.1116074445371042
XOM,random_forest,2,2022-08-11,0,1,0.5211853126769613,0.5211853126769613,0.28784094079918193,0.2333443718777794
XOM,random_forest,2,2022-08-12,0,1,0.43776721464511376,0.43776721464511376,0.40654481448497226,0.031222400160141495
XOM,random_forest,2,2022-08-15,0,1,0.5028791035171811,0.5028791035171811,0.3497346426492813,0.15314446086789985
XOM,random_forest,2,2022-08-16,1,1,0.4091173494469392,0.4091173494469392,0.3414379417867168,0.0676794076602224
XOM,random_forest,2,2022-08-17,1,1,0.448325795103411,0.448325795103411,0.3973365608768478,0.05098923422656315
XOM,random_forest,2,2022-08-18,1,1,0.48659421305045364,0.48659421305045364,0.3015664519065267,0.18502776114392694
XOM,random_forest,2,2022-08-19,1,1,0.5057462711211728,0.5057462711211728,0.2779007970997259,0.22784547402144684
XOM,random_forest,2,2022-08-22,1,1,0.5457031720725837,0.5457031720725837,0.2855794629884354,0.2601237090841483
XOM,random_forest,2,2022-08-23,0,1,0.6559601647608597,0.6559601647608597,0.21291471371981294,0.44304545104104676
XOM,random_forest,2,2022-08-24,-1,1,0.5750120138337808,0.5750120138337808,0.24466741717110954,0.33034459666267124
XOM,random_forest,2,2022-08-25,-1,1,0.6127132659304284,0.6127132659304284,0.21892986859622288,0.39378339733420553
XOM,random_forest,2,2022-08-26,-1,1,0.6490657704879734,0.6490657704879734,0.2008718082779103,0.44819396221006313
XOM,random_forest,2,2022-08-29,-1,1,0.6530087950078308,0.6530087950078308,0.19647307113812962,0.4565357238697012
XOM,random_forest,2,2022-08-30,-1,1,0.5135346817509833,0.5135346817509833,0.3277380111892691,0.18579667056171417
XOM,random_forest,2,2022-08-31,0,1,0.5175728904327253,0.5175728904327253,0.3294754998415988,0.18809739059112646
XOM,random_forest,2,2022-09-01,1,1,0.5589677666872543,0.5589677666872543,0.3086507366784862,0.25031703000876815
XOM,random_forest,2,2022-09-02,1,1,0.5141324919413512,0.5141324919413512,0.2998391074332908,0.21429338450806046
XOM,random_forest,2,2022-09-06,0,1,0.5664310483168393,0.5664310483168393,0.29314632652981265,0.2732847217870267
XOM,random_forest,2,2022-09-07,1,1,0.6434946077928797,0.6434946077928797,0.21201437635268736,0.4314802314401923
XOM,random_forest,2,2022-09-08,0,1,0.6431495372757536,0.6431495372757536,0.20017273546843284,0.4429768018073208
XOM,random_forest,2,2022-09-09,-1,1,0.5794579252785875,0.5794579252785875,0.22276491262721615,0.3566930126513714
XOM,random_forest,2,2022-09-12,-1,1,0.6044512812901122,0.6044512812901122,0.21079627242447288,0.3936550088656393
XOM,random_forest,2,2022-09-13,-1,1,0.6368896065067841,0.6368896065067841,0.24200221955011525,0.3948873869566688
XOM,random_forest,2,2022-09-14,-1,1,0.5277463268688168,0.5277463268688168,0.2453147749815297,0.28243155188728714
XOM,random_forest,2,2022-09-15,-1,1,0.5654209913588365,0.5654209913588365,0.2757138069215654,0.2897071844372711
XOM,random_forest,2,2022-09-16,-1,1,0.504213521598689,0.504213521598689,0.2954403622640574,0.20877315933463164
XOM,random_forest,2,2022-09-19,-1,1,0.5503609844951495,0.5503609844951495,0.2845589311304267,0.2658020533647228
XOM,random_forest,2,2022-09-20,-1,1,0.4757455611377471,0.4757455611377471,0.35022901876978596,0.12551654236796111
XOM,random_forest,2,2022-09-21,-1,1,0.41136549755827057,0.41136549755827057,0.4104515369876769,0.0009139605705936749
XOM,random_forest,2,2022-09-22,-1,1,0.48687981037201555,0.48687981037201555,0.36076726881252513,0.12611254155949042
XOM,random_forest,2,2022-09-23,0,1,0.5762296853140391,0.5762296853140391,0.2961824065722574,0.28004727874178165
XOM,random_forest,2,2022-09-26,1,1,0.5527197485716359,0.5527197485716359,0.3289748450212207,0.22374490355041515
XOM,random_forest,2,2022-09-27,1,1,0.5970805363722582,0.5970805363722582,0.3103952646749465,0.2866852716973117
XOM,random_forest,2,2022-09-28,1,1,0.5567554968946931,0.5567554968946931,0.3151843148975274,0.24157118199716565
XOM,random_forest,2,2022-09-29,1,1,0.5449642347744228,0.5449642347744228,0.31788429057162837,0.22707994420279443
XOM,random_forest,2,2022-09-30,1,1,0.5832035010448037,0.5832035010448037,0.23922549796040463,0.3439780030843991
XOM,random_forest,2,2022-10-03,1,1,0.5065048781412568,0.5065048781412568,0.32748728393975685,0.17901759420149993
XOM,random_forest,2,2022-10-04,1,1,0.532812248748676,0.532812248748676,0.29506104995428556,0.2377511987943905
XOM,random_forest,2,2022-10-05,0,1,0.5839525340592092,0.5839525340592092,0.2735801824512965,0.3103723516079127
XOM,random_forest,2,2022-10-06,0,1,0.6121488450585177,0.6121488450585177,0.2724123193088667,0.339736525749651
XOM,random_forest,2,2022-10-07,0,1,0.615546216464851,0.615546216464851,0.26697707898624046,0.3485691374786105
XOM,random_forest,2,2022-10-10,0,1,0.5423507047874251,0.5423507047874251,0.3554472823691563,0.1869034224182688
XOM,random_forest,2,2022-10-11,1,1,0.5304724254898742,0.5304724254898742,0.3377473511725999,0.19272507431727426
XOM,random_forest,2,2022-10-12,1,1,0.4886251913967945,0.4886251913967945,0.35443554831665325,0.13418964308014125
XOM,random_forest,2,2022-10-13,1,1,0.5646773122535491,0.5646773122535491,0.30664144617201133,0.2580358660815378
XOM,random_forest,2,2022-10-14,1,1,0.5796285165189635,0.5796285165189635,0.3107495580362908,0.26887895848267274
XOM,random_forest,2,2022-10-17,1,1,0.4834388227547865,0.4834388227547865,0.3667526921283793,0.1166861306264072
XOM,random_forest,2,2022-10-18,1,1,0.5298357460986856,0.5298357460986856,0.32359997316449923,0.20623577293418632
XOM,random_forest,2,2022-10-19,1,1,0.6141062766974231,0.6141062766974231,0.2546514071640454,0.35945486953337774
XOM,random_forest,2,2022-10-20,1,1,0.5029178421990137,0.5029178421990137,0.34052340808902976,0.16239443410998394
XOM,random_forest,2,2022-10-21,1,1,0.5341468846637366,0.5341468846637366,0.3050916842779511,0.22905520038578553
XOM,random_forest,2,2022-10-24,1,1,0.6224798062860663,0.6224798062860663,0.2619540886854251,0.36052571760064117
XOM,random_forest,2,2022-10-25,1,1,0.500963045306379,0.500963045306379,0.36049755108796155,0.14046549421841747
XOM,random_forest,2,2022-10-26,1,1,0.5468314154283841,0.5468314154283841,0.31017842017770514,0.23665299525067895
XOM,random_forest,2,2022-10-27,1,1,0.5195260470472509,0.5195260470472509,0.30989471447789385,0.20963133256935707
XOM,random_forest,2,2022-10-28,0,1,0.49595412393953164,0.49595412393953164,0.2932817799914821,0.20267234394804956
XOM,random_forest,2,2022-10-31,1,1,0.5486030475140529,0.5486030475140529,0.2708828060732546,0.27772024144079827
XOM,random_forest,2,2022-11-01,0,1,0.4194386048200338,0.4194386048200338,0.35395524170787035,0.06548336311216346
XOM,random_forest,2,2022-11-02,0,1,0.48869533123351894,0.48869533123351894,0.35938417194782474,0.1293111592856942
XOM,random_forest,3,2022-11-03,0,1,0.5624281077276317,0.5624281077276317,0.3299089259832313,0.23251918174440045
XOM,random_forest,3,2022-11-04,0,1,0.5749346180551252,0.5749346180551252,0.277672198474992,0.2972624195801332
XOM,random_forest,3,2022-11-07,0,1,0.41113729340374594,0.41113729340374594,0.38771305056212196,0.023424242841623977
XOM,random_forest,3,2022-11-08,0,1,0.4204127172799412,0.4204127172799412,0.3465958114927885,0.07381690578715266
XOM,random_forest,3,2022-11-09,1,1,0.47266720645937443,0.47266720645937443,0.32722177772080113,0.1454454287385733
XOM,random_forest,3,2022-11-10,1,-1,0.4215389256078538,0.348989443192453,0.348989443192453,0.07254948241540077
XOM,random_forest,3,2022-11-11,0,1,0.5450694004481642,0.5450694004481642,0.2938829392548633,0.2511864611933009
XOM,random_forest,3,2022-11-14,-1,1,0.40982254269829704,0.40982254269829704,0.400746430650071,0.00907611204822606
XOM,random_forest,3,2022-11-15,0,-1,0.4405005278108406,0.359993065049455,0.359993065049455,0.0805074627613856
XOM,random_forest,3,2022-11-16,0,1,0.4425966760616197,0.4425966760616197,0.4070763891008977,0.03552028696072196
XOM,random_forest,3,2022-11-17,0,1,0.4564615259097682,0.4564615259097682,0.37741401456734364,0.07904751134242455
XOM,random_forest,3,2022-11-18,-1,1,0.42047282842798217,0.42047282842798217,0.36773964649629703,0.052733181931685136
XOM,random_forest,3,2022-11-21,0,1,0.5216680553482496,0.5216680553482496,0.28977880872151746,0.2318892466267321
XOM,random_forest,3,2022-11-22,-1,1,0.5209596210364983,0.5209596210364983,0.2961215574446472,0.2248380635918511
XOM,random_forest,3,2022-11-23,-1,1,0.39814534965184817,0.39814534965184817,0.3701651338625153,0.027980215789332852
XOM,random_forest,3,2022-11-25,-1,1,0.41529703792043876,0.41529703792043876,0.3087466670129568,0.10655037090748198
XOM,random_forest,3,2022-11-28,-1,1,0.4719389715712757,0.4719389715712757,0.30451311251483676,0.16742585905643892
XOM,random_forest,3,2022-11-29,-1,1,0.4433384481881454,0.4433384481881454,0.3368514292251055,0.10648701896303986
XOM,random_forest,3,2022-11-30,-1,1,0.42033815548809844,0.42033815548809844,0.33995558693511896,0.08038256855297948
XOM,random_forest,3,2022-12-01,-1,1,0.4824652605151394,0.4824652605151394,0.28226257125380755,0.20020268926133183
XOM,random_forest,3,2022-12-02,-1,1,0.5148326815155626,0.5148326815155626,0.29671239904301266,0.21812028247254994
XOM,random_forest,3,2022-12-05,0,1,0.43739065360142537,0.43739065360142537,0.35525172555539153,0.08213892804603384
XOM,random_forest,3,2022-12-06,1,1,0.5033149013843932,0.5033149013843932,0.29574034470452837,0.2075745566798648
XOM,random_forest,3,2022-12-07,1,1,0.45276021611934775,0.45276021611934775,0.3194371988347682,0.13332301728457957
XOM,random_forest,3,2022-12-08,0,-1,0.4992107801028791,0.3438435944113602,0.3438435944113602,0.15536718569151892
XOM,random_forest,3,2022-12-09,0,1,0.45540744207058925,0.45540744207058925,0.37458320458091476,0.08082423748967449
XOM,random_forest,3,2022-12-12,0,-1,0.5220527995960318,0.3163357849178884,0.3163357849178884,0.2057170146781434
XOM,random_forest,3,2022-12-13,0,-1,0.4127539924570026,0.25349458818629644,0.3337514193567013,0.07900257310030134
XOM,random_forest,3,2022-12-14,0,-1,0.4359070961942722,0.32603195791823236,0.32603195791823236,0.10987513827603984
XOM,random_forest,3,2022-12-15,0,1,0.44946442381128787,0.44946442381128787,0.3550351286519556,0.0944292951593323
XOM,random_forest,3,2022-12-16,1,1,0.4583858315978759,0.4583858315978759,0.359155054984693,0.09923077661318286
XOM,random_forest,3,2022-12-19,1,-1,0.38073302529814373,0.3640671277554987,0.3640671277554987,0.016665897542645025
XOM,random_forest,3,2022-12-20,0,-1,0.4437019544244041,0.3305193051140723,0.3305193051140723,0.11318264931033178
XOM,random_forest,3,2022-12-21,0,0,0.37778029521244766,0.2700420477378765,0.3521776570496757,0.025602638162771973
XOM,random_forest,3,2022-12-22,1,1,0.43534375168837425,0.43534375168837425,0.35552717741293877,0.07981657427543548
XOM,random_forest,3,2022-12-23,0,-1,0.3940913620002867,0.35504220351806487,0.35504220351806487,0.039049158482221846
XOM,random_forest,3,2022-12-27,-1,1,0.5144445595024728,0.5144445595024728,0.24622204261136305,0.26822251689110976
XOM,random_forest,3,2022-12-28,0,1,0.42273704469213497,0.42273704469213497,0.3815556929438239,0.04118135174831106
XOM,random_forest,3,2022-12-29,0,-1,0.4148372718110884,0.34735836030350187,0.34735836030350187,0.06747891150758656
XOM,random_forest,3,2022-12-30,0,1,0.5431749877495813,0.5431749877495813,0.2726354543123519,0.27053953343722936
XOM,random_forest,3,2023-01-03,1,1,0.4569117995078677,0.4569117995078677,0.34134166185987136,0.11557013764799634
XOM,random_forest,3,2023-01-04,1,1,0.537733932858697,0.537733932858697,0.28102845921914843,0.25670547363954854
XOM,random_forest,3,2023-01-05,1,1,0.6054345652320317,0.6054345652320317,0.2683463951369578,0.33708817009507386
XOM,random_forest,3,2023-01-06,1,1,0.4153790866554987,0.4153790866554987,0.33742097821617656,0.07795810843932216
XOM,random_forest,3,2023-01-09,1,1,0.5764357434203377,0.5764357434203377,0.2733359798762788,0.3030997635440589
XOM,random_forest,3,2023-01-10,0,1,0.5052129897437303,0.5052129897437303,0.2765663384076116,0.22864665133611872
XOM,random_forest,3,2023-01-11,0,1,0.4312695636021266,0.4312695636021266,0.36390346222824904,0.06736610137387755
XOM,random_forest,3,2023-01-12,0,1,0.39299226068227733,0.39299226068227733,0.3802628668925869,0.012729393789690402
XOM,random_forest,3,2023-01-13,0,-1,0.38155891854609386,0.3338445336027128,0.3338445336027128,0.04771438494338104
XOM,random_forest,3,2023-01-17,0,1,0.4231552602456163,0.4231552602456163,0.32352469587786836,0.09963056436774792
XOM,random_forest,3,2023-01-18,1,1,0.4602663284802128,0.4602663284802128,0.3325697394916,0.1276965889886128
XOM,random_forest,3,2023-01-19,1,1,0.5822973240318732,0.5822973240318732,0.2378054962029705,0.34449182782890264
XOM,random_forest,3,2023-01-20,0,1,0.5627385288518834,0.5627385288518834,0.2552697266270578,0.30746880222482553
XOM,random_forest,3,2023-01-23,0,1,0.45274285997201824,0.45274285997201824,0.31696558995883606,0.13577727001318218
XOM,random_forest,3,2023-01-24,0,1,0.5650467186731036,0.5650467186731036,0.23795400190591706,0.32709271676718654
XOM,random_forest,3,2023-01-25,0,1,0.4517260083601994,0.4517260083601994,0.2841304106500748,0.16759559771012456
XOM,random_forest,3,2023-01-26,-1,1,0.46008771761695194,0.46008771761695194,0.3454024683487374,0.11468524926821455
XOM,random_forest,3,2023-01-27,-1,1,0.41615640242167257,0.41615640242167257,0.3788368200728805,0.03731958234879207
XOM,random_forest,3,2023-01-30,0,1,0.5565628611316076,0.5565628611316076,0.25969147569307294,0.29687138543853464
XOM,random_forest,3,2023-01-31,0,1,0.6250646978500133,0.6250646978500133,0.24532577724935684,0.37973892060065645
XOM,random_forest,3,2023-02-01,0,1,0.46638209384011264,0.46638209384011264,0.3289644122518769,0.13741768158823575
XOM,random_forest,3,2023-02-02,1,1,0.5486347260473838,0.5486347260473838,0.29030198955607006,0.2583327364913138
XOM,random_forest,3,2023-02-03,1,1,0.556982726892203,0.556982726892203,0.27979933753370834,0.2771833893584946
XOM,random_forest,3,2023-02-06,1,1,0.5656887005367955,0.5656887005367955,0.27291886586746855,0.292769834669327
XOM,random_forest,3,2023-02-07,1,1,0.5192794681908279,0.5192794681908279,0.2759663517755728,0.2433131164152551
XOM,random_forest,3,2023-02-08,1,1,0.5550296986782713,0.5550296986782713,0.23928709518726896,0.31574260349100236
XOM,random_forest,3,2023-02-09,0,1,0.5398752971437355,0.5398752971437355,0.2523261769947563,0.2875491201489792
XOM,random_forest,3,2023-02-10,-1,1,0.5147591805656493,0.5147591805656493,0.2813786438293979,0.23338053673625136
XOM,random_forest,3,2023-02-13,-1,-1,0.39947482448938204,0.3724739121413787,0.3724739121413787,0.027000912348003336
XOM,random_forest,3,2023-02-14,-1,1,0.4040851162417473,0.4040851162417473,0.33621220460647405,0.06787291163527326
XOM,random_forest,3,2023-02-15,-1,1,0.45782750740662287,0.45782750740662287,0.287276030953581,0.17055147645304186
XOM,random_forest,3,2023-02-16,-1,1,0.555669801713535,0.555669801713535,0.25783459474790965,0.2978352069656253
XOM,random_forest,3,2023-02-17,0,1,0.5673395712566042,0.5673395712566042,0.22402439428482743,0.3433151769717767
XOM,random_forest,3,2023-02-21,0,1,0.5028550398508417,0.5028550398508417,0.3123302124855224,0.19052482736531928
XOM,random_forest,3,2023-02-22,0,1,0.544355686834814,0.544355686834814,0.25492771393543723,0.2894279728993767
XOM,random_forest,3,2023-02-23,0,-1,0.4137154927508396,0.3938526183953625,0.3938526183953625,0.019862874355477067
XOM,random_forest,3,2023-02-24,0,1,0.3854599093145683,0.3854599093145683,0.3749480884363404,0.010511820878227884
XOM,random_forest,3,2023-02-27,1,-1,0.35284497626690675,0.29565850459832166,0.35149651913477137,0.0013484571321353833
XOM,random_forest,3,2023-02-28,0,1,0.41267764288665126,0.41267764288665126,0.33908128399120147,0.0735963588954498
XOM,random_forest,3,2023-03-01,0,-1,0.4011062549484562,0.3936263407698847,0.3936263407698847,0.007479914178571523
XOM,random_forest,3,2023-03-02,-1,-1,0.39116026529616865,0.3350796953384058,0.3350796953384058,0.05608056995776284
XOM,random_forest,3,2023-03-03,-1,1,0.6391978102039457,0.6391978102039457,0.21004766216151852,0.42915014804242724
XOM,random_forest,3,2023-03-06,-1,1,0.35351549539410604,0.35351549539410604,0.3361237505049901,0.017391744889115934
XOM,random_forest,3,2023-03-07,-1,1,0.4494457191033339,0.4494457191033339,0.30059366468919,0.1488520544141439
XOM,random_forest,3,2023-03-08,-1,-1,0.4357566287272526,0.3378754950803919,0.3378754950803919,0.09788113364686074
XOM,random_forest,3,2023-03-09,-1,-1,0.48541817944564164,0.3077895328609261,0.3077895328609261,0.17762864658471555
XOM,random_forest,3,2023-03-10,-1,-1,0.45914319135329457,0.3623389564853583,0.3623389564853583,0.09680423486793627
XOM,random_forest,3,2023-03-13,-1,1,0.5307953758742165,0.5307953758742165,0.26881242772930475,0.2619829481449118
XOM,random_forest,3,2023-03-14,0,1,0.45747216685880904,0.45747216685880904,0.36008586991928,0.09738629693952905
XOM,random_forest,3,2023-03-15,1,1,0.6318972915955683,0.6318972915955683,0.20643710234222398,0.4254601892533443
XOM,random_forest,3,2023-03-16,1,1,0.6064734334911216,0.6064734334911216,0.2427344431041157,0.36373899038700586
XOM,random_forest,3,2023-03-17,1,1,0.5452486449095456,0.5452486449095456,0.28990411032114416,0.25534453458840145
XOM,random_forest,3,2023-03-20,1,1,0.5727626053181057,0.5727626053181057,0.29374660988297907,0.2790159954351267
XOM,random_forest,3,2023-03-21,0,1,0.47081202693822394,0.47081202693822394,0.3288632511889704,0.14194877574925352
XOM,random_forest,3,2023-03-22,1,1,0.5229158967242727,0.5229158967242727,0.2776909058153259,0.24522499090894684
XOM,random_forest,3,2023-03-23,1,1,0.6514759909892428,0.6514759909892428,0.18890784420490433,0.46256814678433844
XOM,random_forest,3,2023-03-24,1,1,0.6877002805083393,0.6877002805083393,0.17156002755250552,0.5161402529558338
XOM,random_forest,3,2023-03-27,1,1,0.44345520189208104,0.44345520189208104,0.3283176735781938,0.11513752831388724
XOM,random_forest,3,2023-03-28,1,1,0.4689933533476103,0.4689933533476103,0.2966248267038321,0.17236852664377816
XOM,random_forest,3,2023-03-29,1,1,0.38919458206301927,0.38919458206301927,0.31274399066110237,0.0764505914019169
XOM,random_forest,3,2023-03-30,1,1,0.34856185581049637,0.34856185581049637,0.33405332786601927,0.014508527944477101
XOM,random_forest,3,2023-03-31,1,0,0.36988709237526846,0.30618921984734354,0.32392368777738784,0.04596340459788062
XOM,random_forest,3,2023-04-03,0,1,0.4408115982714139,0.4408115982714139,0.3812979676052134,0.05951363066620052
XOM,random_forest,3,2023-04-04,0,1,0.44749812591060495,0.44749812591060495,0.370419616859095,0.07707850905150992
XOM,random_forest,3,2023-04-05,0,1,0.49746049713224144,0.49746049713224144,0.32165469630313503,0.1758058008291064
XOM,random_forest,3,2023-04-06,0,1,0.49894795812568193,0.49894795812568193,0.3542765171944161,0.14467144093126583
XOM,random_forest,3,2023-04-10,0,1,0.49729850395671016,0.49729850395671016,0.32489902966210416,0.172399474294606
XOM,random_forest,3,2023-04-11,0,1,0.4340119932575996,0.4340119932575996,0.3734785983764515,0.06053339488114812
XOM,random_forest,3,2023-04-12,0,1,0.40047261583521404,0.40047261583521404,0.38253902695213815,0.01793358888307589
XOM,random_forest,3,2023-04-13,0,-1,0.5943724722972388,0.24929321175531727,0.24929321175531727,0.3450792605419215
XOM,random_forest,3,2023-04-14,0,-1,0.5174526525912885,0.30688884016399065,0.30688884016399065,0.21056381242729783
XOM,random_forest,3,2023-04-17,1,-1,0.4776760477035894,0.32850712225329093,0.32850712225329093,0.14916892545029847
XOM,random_forest,3,2023-04-18,0,-1,0.41227535559808925,0.36861184287500387,0.36861184287500387,0.043663512723085385
XOM,random_forest,3,2023-04-19,0,1,0.33784305565880846,0.33784305565880846,0.3349409567998589,0.0029020988589495422
XOM,random_forest,3,2023-04-20,0,1,0.39341433427483286,0.39341433427483286,0.3225790288285251,0.07083530544630773
XOM,random_forest,3,2023-04-21,1,0,0.36220339002297414,0.3275887211239136,0.3275887211239136,0.03461466889906056
XOM,random_forest,3,2023-04-24,-1,-1,0.42406664997167953,0.28908798558189047,0.28908798558189047,0.13497866438978906
XOM,random_forest,3,2023-04-25,-1,1,0.42265206032432145,0.42265206032432145,0.29751882680345576,0.1251332335208657
XOM,random_forest,3,2023-04-26,-1,1,0.4220769839450984,0.4220769839450984,0.30843913684800356,0.11363784709709485
XOM,random_forest,3,2023-04-27,-1,1,0.40495833702800366,0.40495833702800366,0.3012187874353653,0.10373954959263837
XOM,random_forest,3,2023-04-28,-1,1,0.4746889272430277,0.4746889272430277,0.33830665355841766,0.13638227368461003
XOM,random_forest,3,2023-05-01,-1,1,0.4760658802559878,0.4760658802559878,0.3514750449171617,0.12459083533882609
XOM,random_forest,3,2023-05-02,0,1,0.540311309175108,0.540311309175108,0.2448745263513114,0.29543678282379654
XOM,random_forest,3,2023-05-03,0,1,0.5991569679595465,0.5991569679595465,0.20650887718247685,0.3926480907770697
XOM,random_forest,3,2023-05-04,0,1,0.5715848195022483,0.5715848195022483,0.2650916335131417,0.3064931859891066
XOM,random_forest,3,2023-05-05,-1,-1,0.41202096692464923,0.36938056640892714,0.36938056640892714,0.0426404005157221
XOM,random_forest,3,2023-05-08,-1,-1,0.4442309200366283,0.31714546963294277,0.31714546963294277,0.12708545040368552
XOM,random_forest,3,2023-05-09,-1,1,0.3755250767641475,0.3755250767641475,0.3657087005510275,0.009816376213119982
XOM,random_forest,3,2023-05-10,0,1,0.41874177001589735,0.41874177001589735,0.3636525307736801,0.05508923924221726
XOM,random_forest,3,2023-05-11,0,1,0.4402064690661526,0.4402064690661526,0.3076526955711679,0.13255377349498465
XOM,random_forest,3,2023-05-12,0,1,0.40639487531250484,0.40639487531250484,0.40481896527755834,0.0015759100349465038
XOM,random_forest,3,2023-05-15,0,-1,0.33900467744889884,0.33157177242367675,0.33157177242367675,0.007432905025222092
XOM,random_forest,3,2023-05-16,1,1,0.4727527407734463,0.4727527407734463,0.3528683773236839,0.11988436344976239
XOM,random_forest,3,2023-05-17,1,-1,0.45253974099484895,0.33201753330363054,0.33201753330363054,0.12052220769121841
XOM,random_forest,3,2023-05-18,0,-1,0.48003829249637014,0.2685753469946616,0.2685753469946616,0.21146294550170852
XOM,random_forest,3,2023-05-19,0,-1,0.46206352161918546,0.2453838556734253,0.2925526227073888,0.16951089891179666
XOM,random_forest,3,2023-05-22,0,-1,0.3922514647171386,0.28785034080959754,0.31989819447326384,0.07235327024387478
XOM,random_forest,3,2023-05-23,-1,-1,0.39489074387280193,0.3764893910982115,0.3764893910982115,0.01840135277459043
XOM,random_forest,3,2023-05-24,-1,1,0.35862374054421325,0.35862374054421325,0.33115923645980583,0.027464504084407426
XOM,random_forest,3,2023-05-25,0,0,0.41376667835106634,0.28339937637454377,0.3028339452743901,0.11093273307667623
XOM,random_forest,3,2023-05-26,0,0,0.3599807447631464,0.3110076059875567,0.329011649249297,0.03096909551384941
XOM,random_forest,3,2023-05-30,1,0,0.4361160916006854,0.293626169117382,0.293626169117382,0.1424899224833034
XOM,random_forest,3,2023-05-31,1,1,0.39234462284506494,0.39234462284506494,0.32663245795182627,0.06571216489323867
XOM,random_forest,3,2023-06-01,1,1,0.47198176225843297,0.47198176225843297,0.29208822806557583,0.17989353419285714
XOM,random_forest,3,2023-06-02,0,1,0.4356680376504416,0.4356680376504416,0.3342677427616473,0.10140029488879432
XOM,random_forest,3,2023-06-05,0,-1,0.41542336453879447,0.2932075829162853,0.2932075829162853,0.12221578162250918
XOM,random_forest,3,2023-06-06,0,-1,0.42808568254716384,0.3738072772846103,0.3738072772846103,0.054278405262553564
XOM,random_forest,3,2023-06-07,-1,1,0.4533592587140518,0.4533592587140518,0.30776661001995276,0.14559264869409905
XOM,random_forest,3,2023-06-08,-1,1,0.5253774608795163,0.5253774608795163,0.2923743457033043,0.23300311517621203
XOM,random_forest,3,2023-06-09,-1,1,0.4863641439046981,0.4863641439046981,0.28158603496169266,0.20477810894300547
XOM,random_forest,3,2023-06-12,-1,1,0.4301984367985574,0.4301984367985574,0.296441950596657,0.1337564862019004
XOM,random_forest,3,2023-06-13,-1,1,0.47806212354957733,0.47806212354957733,0.2994331798517985,0.17862894369777882
XOM,random_forest,3,2023-06-14,0,1,0.47118904643962933,0.47118904643962933,0.3159989079752632,0.15519013846436613
XOM,random_forest,3,2023-06-15,-1,1,0.4161652680290984,0.4161652680290984,0.3148569726476183,0.10130829538148012
XOM,random_forest,3,2023-06-16,0,1,0.44577809432531,0.44577809432531,0.279448061166389,0.16633003315892103
XOM,random_forest,3,2023-06-20,0,1,0.38042226077191277,0.38042226077191277,0.36596520210915223,0.014457058662760536
XOM,random_forest,3,2023-06-21,0,1,0.5049832725912761,0.5049832725912761,0.2989874248339002,0.2059958477573759
XOM,random_forest,3,2023-06-22,1,-1,0.4303653131587182,0.24118431449473685,0.32845037234654534,0.10191494081217284
XOM,random_forest,3,2023-06-23,1,-1,0.45309264448243547,0.2705860370298676,0.2763213184876968,0.17677132599473866
XOM,random_forest,3,2023-06-26,1,-1,0.44619325167253265,0.31967699924010035,0.31967699924010035,0.1265162524324323
XOM,random_forest,3,2023-06-27,1,-1,0.3871746199254236,0.3443197930508027,0.3443197930508027,0.042854826874620944
XOM,random_forest,3,2023-06-28,-1,1,0.4446345561675767,0.4446345561675767,0.30994890571474737,0.13468565045282932
XOM,random_forest,3,2023-06-29,-1,1,0.35861943828540194,0.35861943828540194,0.3319547414991941,0.026664696786207864
XOM,random_forest,3,2023-06-30,-1,0,0.3457187365725709,0.32198650862927775,0.33229475479815124,0.013423981774419669
XOM,random_forest,3,2023-07-03,0,-1,0.3546415607401005,0.31988680461866287,0.32547163464123674,0.029169926098863763
XOM,random_forest,3,2023-07-05,0,0,0.4157919576185578,0.31430879918944227,0.31430879918944227,0.10148315842911554
XOM,random_forest,3,2023-07-06,0,1,0.4963169085418588,0.4963169085418588,0.2520528674613303,0.24426404108052846
XOM,random_forest,3,2023-07-07,-1,1,0.4014574135154119,0.4014574135154119,0.36892195083002527,0.03253546268538665
XOM,random_forest,3,2023-07-10,-1,-1,0.41793308920820055,0.2985639300379082,0.2985639300379082,0.11936915917029234
XOM,random_forest,3,2023-07-11,-1,-1,0.4832410502411731,0.2353973806079616,0.2813615691508649,0.20187948109030818
XOM,random_forest,3,2023-07-12,-1,-1,0.3928353905068108,0.343575584014303,0.343575584014303,0.04925980649250783
XOM,random_forest,3,2023-07-13,0,-1,0.38929059087501194,0.37137951202800523,0.37137951202800523,0.01791107884700671
XOM,random_forest,3,2023-07-14,1,1,0.46968142694401954,0.46968142694401954,0.3035792723712891,0.16610215457273042
XOM,random_forest,3,2023-07-17,1,-1,0.43707721139258526,0.3032586669232995,0.3032586669232995,0.13381854446928576
XOM,random_forest,3,2023-07-18,1,-1,0.40035888383472873,0.3292278882318896,0.3292278882318896,0.07113099560283914
XOM,random_forest,3,2023-07-19,1,-1,0.4620346295358226,0.3345446722976239,0.3345446722976239,0.12748995723819867
XOM,random_forest,3,2023-07-20,0,1,0.4548689906357541,0.4548689906357541,0.30224942998823306,0.15261956064752102
XOM,random_forest,3,2023-07-21,0,1,0.4168142330680222,0.4168142330680222,0.2992458039274922,0.11756842914052995
XOM,random_forest,3,2023-07-24,0,1,0.4556679490401339,0.4556679490401339,0.31824216738740113,0.13742578165273278
XOM,random_forest,3,2023-07-25,0,1,0.3817827724007792,0.3817827724007792,0.34339534366996227,0.03838742873081691
XOM,random_forest,3,2023-07-26,0,1,0.41522897870104786,0.41522897870104786,0.3239819705559304,0.09124700814511744
XOM,random_forest,3,2023-07-27,0,1,0.5235807658017442,0.5235807658017442,0.27826295408040524,0.24531781172133893
XOM,random_forest,3,2023-07-28,1,-1,0.38157751932761613,0.2953217716760657,0.32310070899631826,0.05847681033129787
XOM,random_forest,3,2023-07-31,0,1,0.45385895548297983,0.45385895548297983,0.32629373433226444,0.1275652211507154
XOM,random_forest,3,2023-08-01,0,1,0.36203907469999913,0.36203907469999913,0.3602276189357186,0.0018114557642805451
XOM,random_forest,3,2023-08-02,1,1,0.39699851726974805,0.39699851726974805,0.32558032319391444,0.07141819407583361
XOM,random_forest,3,2023-08-03,1,1,0.632171659242208,0.632171659242208,0.18799994638336745,0.4441717128588405
XOM,random_forest,3,2023-08-04,1,1,0.5911479171914074,0.5911479171914074,0.21304004963768114,0.3781078675537262
XOM,random_forest,3,2023-08-07,1,1,0.4296906328232622,0.4296906328232622,0.28777044090065834,0.14192019192260386
XOM,random_forest,3,2023-08-08,0,1,0.6923829395120791,0.6923829395120791,0.1544669754184037,0.5379159640936754
XOM,random_forest,3,2023-08-09,-1,1,0.5638393109229527,0.5638393109229527,0.24255135605643602,0.3212879548665167
XOM,random_forest,3,2023-08-10,0,1,0.46186498488378824,0.46186498488378824,0.2735467816405296,0.18831820324325865
XOM,random_forest,3,2023-08-11,0,1,0.3974658056890317,0.3974658056890317,0.33287893036979666,0.06458687531923507
XOM,random_forest,3,2023-08-14,-1,0,0.3909252454936901,0.22695111532529788,0.38212363918101183,0.00880160631267829
XOM,random_forest,3,2023-08-15,0,1,0.43322161228274536,0.43322161228274536,0.36638691155770403,0.06683470072504133
XOM,random_forest,3,2023-08-16,0,1,0.4878047863414624,0.4878047863414624,0.3051166123052325,0.1826881740362299
XOM,random_forest,3,2023-08-17,0,1,0.5346139762285635,0.5346139762285635,0.27355566526960845,0.2610583109589551
XOM,random_forest,3,2023-08-18,0,1,0.5005280682127083,0.5005280682127083,0.32924709848802003,0.17128096972468831
XOM,random_forest,3,2023-08-21,0,1,0.5063015548390368,0.5063015548390368,0.31986416619531133,0.1864373886437255
XOM,random_forest,3,2023-08-22,0,1,0.5888153339621689,0.5888153339621689,0.23626436740666462,0.3525509665555043
XOM,random_forest,3,2023-08-23,1,1,0.4705561184485535,0.4705561184485535,0.27408518183496555,0.19647093661358794
XOM,random_forest,3,2023-08-24,1,1,0.5912590614785511,0.5912590614785511,0.22825193580535105,0.36300712567320004
XOM,random_forest,3,2023-08-25,1,1,0.5777555176755942,0.5777555176755942,0.24801400246339209,0.3297415152122021
XOM,random_forest,3,2023-08-28,1,1,0.44303120808948915,0.44303120808948915,0.3267453558979504,0.11628585219153875
XOM,random_forest,3,2023-08-29,1,1,0.4775754210297493,0.4775754210297493,0.26285579732290365,0.21471962370684566
XOM,random_forest,3,2023-08-30,1,0,0.4222844745090621,0.3314732113898086,0.3314732113898086,0.09081126311925347
XOM,random_forest,3,2023-08-31,1,0,0.4210189299231782,0.278999053495575,0.29998201658124685,0.12103691334193134
XOM,random_forest,3,2023-09-01,0,0,0.42147175793041164,0.3157205744624655,0.3157205744624655,0.10575118346794615
XOM,random_forest,3,2023-09-05,1,0,0.4034067262593882,0.30732791524946035,0.30732791524946035,0.09607881100992788
XOM,random_forest,3,2023-09-06,0,0,0.4386158727576848,0.26626438095712257,0.29511974628519266,0.14349612647249216
XOM,random_forest,3,2023-09-07,1,-1,0.3641022084712402,0.29508283225149845,0.34081495927726163,0.023287249193978565
XOM,random_forest,3,2023-09-08,0,0,0.4149205347616548,0.2704124441745702,0.314667021063775,0.10025351369787983
XOM,random_forest,3,2023-09-11,1,-1,0.39126906645194626,0.3318553609512857,0.3318553609512857,0.05941370550066055
XOM,random_forest,3,2023-09-12,0,1,0.5098072958400596,0.5098072958400596,0.2918910673369279,0.2179162285031317
XOM,random_forest,3,2023-09-13,0,1,0.42671226747112967,0.42671226747112967,0.36184290990434187,0.0648693575667878
XOM,random_forest,3,2023-09-14,-1,1,0.3948856112630286,0.3948856112630286,0.3203169367469336,0.074568674516095
XOM,random_forest,3,2023-09-15,0,1,0.46938320406576445,0.46938320406576445,0.317614107894743,0.15176909617102147
XOM,random_forest,3,2023-09-18,0,1,0.3672766250091771,0.3672766250091771,0.3375551465137741,0.02972147849540302
XOM,random_forest,3,2023-09-19,0,1,0.4818151099345087,0.4818151099345087,0.28963366771498805,0.19218144221952066
XOM,random_forest,3,2023-09-20,1,1,0.438510792002873,0.438510792002873,0.28639709392793583,0.1521136980749372
XOM,random_forest,3,2023-09-21,1,1,0.41691005673362636,0.41691005673362636,0.3430087713758239,0.07390128535780244
XOM,random_forest,3,2023-09-22,1,1,0.43240997832226524,0.43240997832226524,0.2994499370052745,0.13296004131699074
XOM,random_forest,3,2023-09-25,0,1,0.40897111593983554,0.40897111593983554,0.3625740506109034,0.04639706532893212
XOM,random_forest,3,2023-09-26,0,1,0.3658361417453519,0.3658361417453519,0.34472756327689524,0.02110857846845665
XOM,random_forest,3,2023-09-27,-1,1,0.5771204376259175,0.5771204376259175,0.24649110248956244,0.33062933513635506
XOM,random_forest,3,2023-09-28,-1,1,0.45334195606424715,0.45334195606424715,0.3322698372382167,0.12107211882603047
XOM,random_forest,3,2023-09-29,-1,1,0.5464733013835688,0.5464733013835688,0.27699361361156577,0.269479687772003
XOM,random_forest,3,2023-10-02,-1,1,0.505984289266324,0.505984289266324,0.3315361724413222,0.17444811682500178
XOM,random_forest,3,2023-10-03,-1,1,0.5063591950305217,0.5063591950305217,0.2806071154827281,0.22575207954779364
XOM,random_forest,3,2023-10-04,-1,1,0.57262154240124,0.57262154240124,0.2549597454111917,0.31766179699004826
XOM,random_forest,3,2023-10-05,-1,1,0.5819042186099436,0.5819042186099436,0.23737451239699045,0.3445297062129531
XOM,random_forest,3,2023-10-06,1,1,0.6097497809712691,0.6097497809712691,0.21496287115434526,0.3947869098169238
XOM,random_forest,3,2023-10-09,0,1,0.43420464955572147,0.43420464955572147,0.4251370186224874,0.009067630933234094
XOM,random_forest,3,2023-10-10,0,-1,0.3665021803731655,0.31642178063396453,0.31707603899287,0.049426141380295496
XOM,random_forest,3,2023-10-11,1,1,0.4663311718418904,0.4663311718418904,0.28551248858951955,0.18081868325237083
XOM,random_forest,3,2023-10-12,1,1,0.45828328647272426,0.45828328647272426,0.30429559239353665,0.1539876940791876
XOM,random_forest,3,2023-10-13,0,-1,0.42572253249733855,0.4142983758119288,0.4142983758119288,0.011424156685409748
XOM,random_forest,3,2023-10-16,0,-1,0.3609862651598527,0.32161496133260886,0.32161496133260886,0.03937130382724385
XOM,random_forest,3,2023-10-17,-1,1,0.3541255407800756,0.3541255407800756,0.3479314685150374,0.006194072265038153
XOM,random_forest,3,2023-10-18,-1,1,0.37335387094403577,0.37335387094403577,0.31387995971124455,0.05947391123279122
XOM,random_forest,3,2023-10-19,-1,1,0.44815880082143017,0.44815880082143017,0.3513992572156201,0.09675954360581007
XOM,random_forest,3,2023-10-20,-1,1,0.41564190356599995,0.41564190356599995,0.3766293132310968,0.039012590334903174
XOM,random_forest,3,2023-10-23,-1,-1,0.4037020845359333,0.37343229353394575,0.37343229353394575,0.030269791001987567
XOM,random_forest,3,2023-10-24,-1,-1,0.3420733335493798,0.34053252247682575,0.34053252247682575,0.0015408110725540491
XOM,random_forest,3,2023-10-25,-1,-1,0.38826895283635193,0.3347707965730534,0.3347707965730534,0.05349815626329851
XOM,random_forest,3,2023-10-26,0,1,0.4166755005544979,0.4166755005544979,0.3445396558419269,0.072135844712571
XOM,random_forest,3,2023-10-27,1,1,0.43624503833388606,0.43624503833388606,0.37348231311657987,0.06276272521730619
XOM,random_forest,3,2023-10-30,0,1,0.3725806373768678,0.3725806373768678,0.31420652948091576,0.05837410789595204
XOM,random_forest,3,2023-10-31,0,-1,0.398969073679797,0.3139018408365982,0.3139018408365982,0.08506723284319878
XOM,random_forest,3,2023-11-01,-1,1,0.35843362621896707,0.35843362621896707,0.32216120656733127,0.0362724196516358
XOM,random_forest,3,2023-11-02,-1,1,0.6461783146821848,0.6461783146821848,0.20726893529772628,0.4389093793844585
XOM,random_forest,3,2023-11-03,-1,1,0.5608220684845323,0.5608220684845323,0.22271171248943367,0.33811035599509864
XOM,random_forest,3,2023-11-06,0,1,0.4353564911121751,0.4353564911121751,0.28394588447741326,0.15141060663476186
XOM,random_forest,3,2023-11-07,0,1,0.41985754108820633,0.41985754108820633,0.3591789836833245,0.06067855740488182
XOM,random_forest,3,2023-11-08,0,1,0.5068989047151731,0.5068989047151731,0.26357331106246257,0.2433255936527105
XOM,random_forest,3,2023-11-09,0,1,0.38144532590144714,0.38144532590144714,0.31286963772770776,0.06857568817373938
XOM,random_forest,3,2023-11-10,1,0,0.36328608314983724,0.34418715646717774,0.34418715646717774,0.0190989266826595
XOM,random_forest,3,2023-11-13,0,0,0.39609950419902845,0.2901436010976069,0.31375689470336454,0.08234260949566391
XOM,random_forest,3,2023-11-14,0,0,0.41730223390344134,0.23237786855350825,0.35031989754305043,0.06698233636039091
XOM,random_forest,3,2023-11-15,0,0,0.42378588891589997,0.24801094579297825,0.32820316529112153,0.09558272362477843
XOM,random_forest,3,2023-11-16,1,-1,0.3819736976105735,0.35154335264540204,0.35154335264540204,0.03043034496517144
XOM,random_forest,3,2023-11-17,0,-1,0.4243625953222445,0.28884630371897013,0.28884630371897013,0.13551629160327439
XOM,random_forest,3,2023-11-20,0,-1,0.41593822623504156,0.19708073527589634,0.3869810384890621,0.02895718774597944
XOM,random_forest,3,2023-11-21,-1,-1,0.43748294990068237,0.2219253356282545,0.3405917144710631,0.09689123542961925
XOM,random_forest,3,2023-11-22,0,0,0.4040102685706711,0.2840572908096966,0.311932440619632,0.09207782795103914
XOM,random_forest,3,2023-11-24,0,-1,0.4055228278600895,0.24279626726794248,0.3516809048719681,0.05384192298812135
XOM,random_forest,3,2023-11-27,0,1,0.3659239586953794,0.3659239586953794,0.32520138952646493,0.04072256916891448
XOM,random_forest,3,2023-11-28,-1,-1,0.36335113520498064,0.3098180801770489,0.3268307846179705,0.03652035058701014
XOM,random_forest,3,2023-11-29,-1,-1,0.3832788927942547,0.3272645651796593,0.3272645651796593,0.056014327614595405
XOM,random_forest,3,2023-11-30,-1,-1,0.39198764120160084,0.31354536740364913,0.31354536740364913,0.07844227379795171
XOM,random_forest,3,2023-12-01,-1,0,0.37363309180888465,0.26345520943915773,0.36291169875195783,0.01072139305692682
XOM,random_forest,3,2023-12-04,-1,-1,0.42268761670077415,0.2960092811569615,0.2960092811569615,0.12667833554381264
XOM,random_forest,3,2023-12-05,-1,-1,0.49092230921172086,0.28680988566705035,0.28680988566705035,0.20411242354467052
XOM,random_forest,3,2023-12-06,0,-1,0.41673849700960197,0.3749328360281237,0.3749328360281237,0.041805660981478254
XOM,random_forest,3,2023-12-07,1,-1,0.4448891233455793,0.3347282283222502,0.3347282283222502,0.1101608950233291
XOM,random_forest,3,2023-12-08,0,-1,0.4974872943373608,0.20603945948933633,0.2964732461733031,0.20101404816405766
XOM,random_forest,3,2023-12-11,1,-1,0.4936861087416374,0.20796575430348888,0.29834813695487394,0.19533797178676343
XOM,random_forest,3,2023-12-12,1,-1,0.44675381756914573,0.26264087531269104,0.29060530711816324,0.1561485104509825
XOM,random_forest,3,2023-12-13,1,-1,0.459600374565422,0.22237206018476405,0.31802756524981385,0.14157280931560817
XOM,random_forest,3,2023-12-14,0,-1,0.5158205278451546,0.27674637577445693,0.27674637577445693,0.2390741520706977
XOM,random_forest,3,2023-12-15,0,-1,0.4115398591782113,0.29652357559438036,0.29652357559438036,0.11501628358383092
XOM,random_forest,3,2023-12-18,0,-1,0.5204624144990824,0.21405775818522618,0.26547982731569125,0.2549825871833911
XOM,random_forest,3,2023-12-19,0,-1,0.41735345030183135,0.30300371927043934,0.30300371927043934,0.11434973103139201
XOM,random_forest,3,2023-12-20,0,1,0.4362587490173684,0.4362587490173684,0.29527420199588694,0.14098454702148144
XOM,random_forest,3,2023-12-21,0,1,0.34934852405413497,0.34934852405413497,0.33067811405869774,0.01867040999543723
XOM,random_forest,3,2023-12-22,0,1,0.36042017620664635,0.36042017620664635,0.32799589538068297,0.03242428082596338
XOM,random_forest,3,2023-12-26,0,0,0.34850473256872866,0.31506808363506555,0.33642718379620584,0.012077548772522817
XOM,random_forest,3,2023-12-27,0,-1,0.35837291676087635,0.32898438615612435,0.32898438615612435,0.029388530604751995
XOM,random_forest,3,2023-12-28,1,-1,0.3765594569406818,0.31975716413310473,0.31975716413310473,0.05680229280757709
XOM,random_forest,3,2023-12-29,0,-1,0.36750029023289615,0.30180241602085156,0.33069729374625223,0.036802996486643924
XOM,random_forest,3,2024-01-02,-1,1,0.3921832762766755,0.3921832762766755,0.3445631553023149,0.04762012097436058
XOM,random_forest,3,2024-01-03,-1,1,0.4198720121345542,0.4198720121345542,0.2906858796563453,0.12918613247820893
XOM,random_forest,3,2024-01-04,-1,1,0.42917649799778457,0.42917649799778457,0.2986037807284937,0.13057271726929087
XOM,random_forest,3,2024-01-05,-1,0,0.4007548588002419,0.32541818183085564,0.32541818183085564,0.07533667696938628
XOM,random_forest,3,2024-01-08,-1,1,0.4302185253935354,0.4302185253935354,0.32151959269214514,0.10869893270139025
XOM,random_forest,3,2024-01-09,-1,1,0.44817934740368875,0.44817934740368875,0.30509811566059086,0.1430812317430979
XOM,random_forest,3,2024-01-10,0,-1,0.4015730986302778,0.34019418701000376,0.34019418701000376,0.061378911620274035
XOM,random_forest,3,2024-01-11,0,1,0.3931700869836763,0.3931700869836763,0.35422632177442515,0.038943765209251135
XOM,random_forest,3,2024-01-12,-1,1,0.47903218562764804,0.47903218562764804,0.29606132721969103,0.18297085840795702
XOM,random_forest,3,2024-01-16,0,-1,0.4923994956130133,0.2986481583499072,0.2986481583499072,0.19375133726310612
XOM,random_forest,3,2024-01-17,1,0,0.35422333994058147,0.34418229154090607,0.34418229154090607,0.0100410483996754
XOM,random_forest,3,2024-01-18,1,-1,0.42975593527736444,0.23109139453762087,0.33915267018501455,0.0906032650923499
XOM,random_forest,3,2024-01-19,1,-1,0.45694707651573696,0.20506910832618336,0.3379838151580797,0.11896326135765728
XOM,random_forest,3,2024-01-22,1,-1,0.524762363217089,0.17872378419335333,0.296513852589558,0.22824851062753104
XOM,random_forest,3,2024-01-23,1,-1,0.5156664862743635,0.20509718745378153,0.27923632627185513,0.23643016000250838
XOM,random_forest,3,2024-01-24,1,-1,0.43922758916228766,0.27696881362066034,0.2838035972170522,0.15542399194523548
XOM,random_forest,3,2024-01-25,0,1,0.49133362006293746,0.49133362006293746,0.3278370250819558,0.16349659498098168
XOM,random_forest,3,2024-01-26,0,1,0.5018307131902617,0.5018307131902617,0.2671577441637235,0.23467296902653823
XOM,random_forest,3,2024-01-29,0,1,0.38780236725010797,0.38780236725010797,0.34224779946067907,0.0455545677894289
XOM,random_forest,3,2024-01-30,-1,1,0.37462146143280384,0.37462146143280384,0.3393256612295031,0.03529580020330075
XOM,random_forest,3,2024-01-31,0,1,0.5180065981835291,0.5180065981835291,0.280419319290618,0.23758727889291115
XOM,random_forest,3,2024-02-01,0,-1,0.3685465591147501,0.3681920253697306,0.3681920253697306,0.00035453374501948076
XOM,random_forest,3,2024-02-02,0,-1,0.4097215597237495,0.37088149107822155,0.37088149107822155,0.03884006864552797
XOM,random_forest,3,2024-02-05,0,1,0.41264757178303446,0.41264757178303446,0.3528759504006225,0.05977162138241199
XOM,random_forest,3,2024-02-06,0,1,0.3768115847725844,0.3768115847725844,0.362819277165613,0.0139923076069714
XOM,random_forest,3,2024-02-07,0,-1,0.36268708073163813,0.3340437296772523,0.3340437296772523,0.028643351054385813
XOM,random_forest,3,2024-02-08,0,1,0.4152260753766976,0.4152260753766976,0.30451639954284426,0.11070967583385333
XOM,random_forest,3,2024-02-09,1,1,0.47230720046709745,0.47230720046709745,0.33355151088257634,0.1387556895845211
XOM,random_forest,3,2024-02-12,0,1,0.4967926251274563,0.4967926251274563,0.254082707792059,0.24270991733539732
XOM,random_forest,3,2024-02-13,1,1,0.5221603391007873,0.5221603391007873,0.24782278969340954,0.27433754940737776
XOM,random_forest,3,2024-02-14,1,1,0.3936764731956594,0.3936764731956594,0.3314500778815895,0.06222639531406993
XOM,random_forest,3,2024-02-15,0,1,0.6274899343958387,0.6274899343958387,0.19203981972506567,0.435450114670773
XOM,random_forest,3,2024-02-16,0,1,0.47459550773340825,0.47459550773340825,0.2702293386988024,0.20436616903460586
XOM,random_forest,3,2024-02-20,0,1,0.5103462853510669,0.5103462853510669,0.2552912922244089,0.25505499312665797
XOM,random_forest,3,2024-02-21,0,1,0.4248179948032276,0.4248179948032276,0.3386264127082708,0.08619158209495681
XOM,random_forest,3,2024-02-22,0,1,0.40075705527466204,0.40075705527466204,0.3877490442525702,0.01300801102209187
XOM,random_forest,3,2024-02-23,0,1,0.4323986899471239,0.4323986899471239,0.2978384971747785,0.13456019277234538
XOM,random_forest,3,2024-02-26,0,1,0.5423202832510464,0.5423202832510464,0.2480198574870981,0.2943004257639483
XOM,random_forest,3,2024-02-27,0,1,0.4349346801568917,0.4349346801568917,0.3088316446730628,0.1261030354838289
XOM,random_forest,3,2024-02-28,1,0,0.3414186290429133,0.33575926258041655,0.33575926258041655,0.005659366462496762
XOM,random_forest,3,2024-02-29,1,0,0.3835339519785246,0.2949666830509697,0.3214993649705059,0.06203458700801867
XOM,random_forest,3,2024-03-01,1,0,0.39365745791479606,0.23527009396136914,0.37107244812383505,0.022585009790961008
XOM,random_forest,3,2024-03-04,1,-1,0.3403150340465187,0.33153223425664174,0.33153223425664174,0.00878279978987695
XOM,random_forest,3,2024-03-05,1,1,0.36605901460771156,0.36605901460771156,0.3532750938087569,0.012783920798954684
XOM,random_forest,3,2024-03-06,1,0,0.4253320054538916,0.24524959213481967,0.32941840241128884,0.09591360304260277
XOM,random_forest,3,2024-03-07,1,0,0.4324788825952883,0.24559529383687556,0.3219258235678364,0.11055305902745194
XOM,random_forest,3,2024-03-08,1,0,0.48560019806649857,0.2607202974167676,0.2607202974167676,0.22487990064973096
XOM,random_forest,3,2024-03-11,1,0,0.512931635638159,0.22965284892023338,0.2574155154416076,0.2555161201965514
XOM,random_forest,3,2024-03-12,1,0,0.3979178649593828,0.2697689186873053,0.3323132163533121,0.06560464860607068
XOM,random_forest,3,2024-03-13,1,0,0.5625620470313779,0.24195722824997906,0.24195722824997906,0.32060481878139885
XOM,random_forest,3,2024-03-14,0,0,0.4400375526415151,0.3304635651333833,0.3304635651333833,0.1095739875081318
XOM,random_forest,3,2024-03-15,0,0,0.5400710896344982,0.25553433406115983,0.25553433406115983,0.2845367555733384
XOM,random_forest,3,2024-03-18,1,0,0.4448645028207589,0.2378477555497819,0.31728774162945916,0.12757676119129974
XOM,random_forest,3,2024-03-19,0,0,0.4440680317798991,0.22414690071949883,0.33178506750060216,0.11228296427929696
XOM,random_forest,3,2024-03-20,0,0,0.47388840662182796,0.2524163591933329,0.27369523418483915,0.2001931724369888
XOM,random_forest,3,2024-03-21,1,0,0.493374260931394,0.23283030701671772,0.2737954320518885,0.21957882887950553
XOM,random_forest,3,2024-03-22,1,0,0.5193395788528091,0.27483310953779194,0.27483310953779194,0.24450646931501718
XOM,random_forest,3,2024-03-25,1,0,0.4812119151659216,0.2877021834534997,0.2877021834534997,0.19350973171242192
XOM,random_forest,3,2024-03-26,1,0,0.4577079309415777,0.2981098762077005,0.2981098762077005,0.15959805473387717
XOM,random_forest,3,2024-03-27,1,0,0.4663792302923396,0.24312687102932992,0.29049389867833086,0.1758853316140087
XOM,random_forest,3,2024-03-28,1,0,0.533253560024832,0.21912208889812623,0.24762435107704192,0.2856292089477901
XOM,random_forest,3,2024-04-01,1,0,0.4668041913864823,0.24671035041361974,0.28648545819989785,0.18031873318658448
XOM,random_forest,3,2024-04-02,0,0,0.4149635650264636,0.3146572690490668,0.3146572690490668,0.10030629597739676
XOM,random_forest,3,2024-04-03,1,0,0.46756091089696505,0.223031472919633,0.30940761618340196,0.1581532947135631
XOM,random_forest,3,2024-04-04,0,0,0.4816145095689501,0.2791899085920967,0.2791899085920967,0.20242460097685339
XOM,random_forest,3,2024-04-05,0,0,0.40464403570069557,0.3151979355439201,0.3151979355439201,0.08944610015677545
XOM,random_forest,3,2024-04-08,0,0,0.4329863937469348,0.25690536517479645,0.3101082410782686,0.1228781526686662
XOM,random_forest,3,2024-04-09,-1,0,0.4516701710529542,0.234663534453733,0.3136662944933129,0.1380038765596413
XOM,random_forest,3,2024-04-10,-1,0,0.43185195021676664,0.30753865220956006,0.30753865220956006,0.12431329800720659
XOM,random_forest,3,2024-04-11,-1,0,0.3765993107645401,0.3185524859787834,0.3185524859787834,0.058046824785756734
XOM,random_forest,3,2024-04-12,0,1,0.38403710897818255,0.38403710897818255,0.3133748165940497,0.07066229238413285
XOM,random_forest,3,2024-04-15,0,-1,0.36936043113046213,0.3025824445921097,0.3280571242774279,0.04130330685303424
XOM,random_forest,3,2024-04-16,0,-1,0.3775499454623985,0.31634388993454654,0.31634388993454654,0.061206055527851966
XOM,random_forest,3,2024-04-17,1,-1,0.37250889365041034,0.363460896439245,0.363460896439245,0.009047997211165337
XOM,random_forest,3,2024-04-18,1,1,0.37196094225530574,0.37196094225530574,0.3611049220605123,0.010856020194793425
XOM,random_forest,3,2024-04-19,0,1,0.3779928533710204,0.3779928533710204,0.33330513285120145,0.04468772051981895
XOM,random_forest,3,2024-04-22,0,-1,0.38437845624477496,0.34173938368147855,0.34173938368147855,0.04263907256329641
XOM,random_forest,3,2024-04-23,-1,-1,0.3775794786468338,0.28260999786329155,0.33981052348987456,0.037768955156959216
XOM,random_forest,3,2024-04-24,-1,-1,0.38552366883297035,0.2800006521337234,0.3344756790333063,0.05104798979966407
XOM,random_forest,3,2024-04-25,-1,-1,0.34008086514130914,0.33394914794228864,0.33394914794228864,0.006131717199020503
XOM,random_forest,3,2024-04-26,0,1,0.43478470028157623,0.43478470028157623,0.3509156914965819,0.08386900878499431
XOM,random_forest,3,2024-04-29,-1,1,0.44782258722386037,0.44782258722386037,0.32406457860611926,0.12375800861774111
XOM,random_forest,3,2024-04-30,0,1,0.473359458805436,0.473359458805436,0.3316385559732422,0.1417209028321938
XOM,random_forest,3,2024-05-01,0,-1,0.44671645385950653,0.37246464404136087,0.37246464404136087,0.07425180981814566
XOM,random_forest,3,2024-05-02,0,-1,0.4377779513054867,0.2769689398978222,0.28525310879669097,0.15252484250879572
XOM,random_forest,3,2024-05-03,0,-1,0.36479242918668137,0.2840294450217556,0.3511781257915631,0.013614303395118266
XOM,random_forest,3,2024-05-06,0,0,0.36061091296847647,0.2992080737489388,0.3401810132825846,0.020429899685891872
XOM,random_forest,3,2024-05-07,1,0,0.40551422451336977,0.2618537427496687,0.33263203273696146,0.07288219177640831
XOM,random_forest,3,2024-05-08,1,0,0.4340806509679736,0.26079763053398847,0.30512171849803804,0.12895893246993556
XOM,random_forest,3,2024-05-09,0,-1,0.41520617414345745,0.2941644568004156,0.2941644568004156,0.12104171734304187
XOM,random_forest,3,2024-05-10,1,0,0.4172169361861179,0.23479547544617568,0.3479875883677067,0.06922934781841117
XOM,random_forest,3,2024-05-13,0,0,0.42239592196702236,0.26264729978055856,0.31495677825241913,0.10743914371460322
XOM,random_forest,3,2024-05-14,0,0,0.40112695825097383,0.29673735284347125,0.30213568890555476,0.09899126934541908
XOM,random_forest,3,2024-05-15,-1,-1,0.3630528556903912,0.30086485740603014,0.3360822869035787,0.026970568786812477
XOM,random_forest,3,2024-05-16,-1,0,0.4226436545300211,0.3012062568600045,0.3012062568600045,0.1214373976700166
XOM,random_forest,3,2024-05-17,-1,-1,0.40297436920356267,0.25206292396612173,0.34496270683031555,0.05801166237324712
XOM,random_forest,3,2024-05-20,-1,0,0.4073440708552576,0.2566931088266014,0.33596282031814095,0.07138125053711664
XOM,random_forest,3,2024-05-21,-1,0,0.4355168984819075,0.2135509816224788,0.35093211989561385,0.08458477858629365
XOM,random_forest,3,2024-05-22,0,1,0.3538571793937776,0.3538571793937776,0.3283474151888039,0.025509764204973695
