ticker,model,fold,date,y_true,y_pred,confidence,bullish_probability,second_best_probability,probability_margin
JNJ,calibrated_hist_gradient_boosting,1,2019-10-03,0,0,0.496447092723923,0.21555400683975598,0.2879989004363211,0.20844819228760192
JNJ,calibrated_hist_gradient_boosting,1,2019-10-04,0,0,0.5713932552737715,0.23164195505433907,0.23164195505433907,0.33975130021943245
JNJ,calibrated_hist_gradient_boosting,1,2019-10-07,0,0,0.5345581048168832,0.24229958989413503,0.24229958989413503,0.2922585149227481
JNJ,calibrated_hist_gradient_boosting,1,2019-10-08,0,0,0.5205739630912553,0.21869544532521257,0.2607305915835322,0.2598433715077231
JNJ,calibrated_hist_gradient_boosting,1,2019-10-09,1,0,0.5551677064237072,0.2505391628292833,0.2505391628292833,0.3046285435944239
JNJ,calibrated_hist_gradient_boosting,1,2019-10-10,1,0,0.5047724018070069,0.2426294881228184,0.2525981100701748,0.2521742917368321
JNJ,calibrated_hist_gradient_boosting,1,2019-10-11,-1,0,0.5062284968537857,0.22075264716649864,0.2730188559797157,0.23320964087406998
JNJ,calibrated_hist_gradient_boosting,1,2019-10-14,-1,0,0.5386552477941499,0.2473168315934369,0.2473168315934369,0.291338416200713
JNJ,calibrated_hist_gradient_boosting,1,2019-10-15,-1,0,0.5349311229372574,0.22666031460623415,0.23840856245650857,0.2965225604807489
JNJ,calibrated_hist_gradient_boosting,1,2019-10-16,-1,0,0.5560965955331282,0.2315833979457611,0.2315833979457611,0.3245131975873671
JNJ,calibrated_hist_gradient_boosting,1,2019-10-17,-1,0,0.543085725857292,0.23509428915659844,0.23509428915659844,0.3079914367006935
JNJ,calibrated_hist_gradient_boosting,1,2019-10-18,0,0,0.5345558906363036,0.24305279588984466,0.24305279588984466,0.29150309474645897
JNJ,calibrated_hist_gradient_boosting,1,2019-10-21,0,0,0.5245847560797716,0.23956242907009226,0.23956242907009226,0.28502232700967933
JNJ,calibrated_hist_gradient_boosting,1,2019-10-22,0,0,0.5447293448302818,0.22711384490579403,0.22815681026392412,0.3165725345663577
JNJ,calibrated_hist_gradient_boosting,1,2019-10-23,1,0,0.5035857421588823,0.20681529204035695,0.2895989658007608,0.21398677635812152
JNJ,calibrated_hist_gradient_boosting,1,2019-10-24,1,0,0.5302062965159214,0.22036839561669122,0.24942530786738726,0.2807809886485342
JNJ,calibrated_hist_gradient_boosting,1,2019-10-25,1,0,0.5189878913604553,0.22647605344522023,0.2545360551943243,0.264451836166131
JNJ,calibrated_hist_gradient_boosting,1,2019-10-28,0,0,0.549127171926673,0.22651203664552808,0.22651203664552808,0.32261513528114494
JNJ,calibrated_hist_gradient_boosting,1,2019-10-29,0,0,0.5266379659258414,0.247356835129412,0.247356835129412,0.27928113079642947
JNJ,calibrated_hist_gradient_boosting,1,2019-10-30,0,0,0.5117831108110761,0.24843215595987947,0.24843215595987947,0.26335095485119664
JNJ,calibrated_hist_gradient_boosting,1,2019-10-31,0,0,0.531684154436073,0.26528332937315735,0.26528332937315735,0.2664008250629156
JNJ,calibrated_hist_gradient_boosting,1,2019-11-01,0,0,0.519988499157147,0.22639222864818412,0.25361927219466884,0.2663692269624781
JNJ,calibrated_hist_gradient_boosting,1,2019-11-04,0,0,0.5354992320691699,0.23130964977006577,0.23319111816076435,0.3023081139084056
JNJ,calibrated_hist_gradient_boosting,1,2019-11-05,0,0,0.5414335138309775,0.24265199266555504,0.24265199266555504,0.29878152116542245
JNJ,calibrated_hist_gradient_boosting,1,2019-11-06,0,0,0.5328114711643347,0.21207444156409128,0.25511408727157403,0.27769738389276066
JNJ,calibrated_hist_gradient_boosting,1,2019-11-07,0,0,0.5468938121414144,0.2190422359913412,0.2340639518672445,0.3128298602741699
JNJ,calibrated_hist_gradient_boosting,1,2019-11-08,0,0,0.5370622846203555,0.22492671279501555,0.23801100258462882,0.29905128203572673
JNJ,calibrated_hist_gradient_boosting,1,2019-11-11,1,0,0.5339114385645731,0.25134152260214226,0.25134152260214226,0.28256991596243086
JNJ,calibrated_hist_gradient_boosting,1,2019-11-12,1,0,0.5325345632361319,0.2529643715024991,0.2529643715024991,0.2795701917336328
JNJ,calibrated_hist_gradient_boosting,1,2019-11-13,1,0,0.5670754201533432,0.24507273816523487,0.24507273816523487,0.32200268198810833
JNJ,calibrated_hist_gradient_boosting,1,2019-11-14,1,0,0.5621176550545758,0.23992996314583007,0.23992996314583007,0.32218769190874574
JNJ,calibrated_hist_gradient_boosting,1,2019-11-15,1,0,0.5370889732327625,0.2258242521927998,0.2370867745744377,0.3000021986583248
JNJ,calibrated_hist_gradient_boosting,1,2019-11-18,1,0,0.5504647063011291,0.24299551186017063,0.24299551186017063,0.30746919444095844
JNJ,calibrated_hist_gradient_boosting,1,2019-11-19,1,0,0.5435414606347758,0.24999665446125527,0.24999665446125527,0.2935448061735205
JNJ,calibrated_hist_gradient_boosting,1,2019-11-20,1,0,0.547543045229732,0.2594002929805628,0.2594002929805628,0.2881427522491692
JNJ,calibrated_hist_gradient_boosting,1,2019-11-21,0,0,0.5550504467211678,0.2752241521869318,0.2752241521869318,0.27982629453423596
JNJ,calibrated_hist_gradient_boosting,1,2019-11-22,0,0,0.5497986328369896,0.26000692893187405,0.26000692893187405,0.28979170390511555
JNJ,calibrated_hist_gradient_boosting,1,2019-11-25,0,0,0.5417968294082031,0.27981576897048926,0.27981576897048926,0.2619810604377138
JNJ,calibrated_hist_gradient_boosting,1,2019-11-26,0,0,0.5367750460633817,0.2553446471983176,0.2553446471983176,0.28143039886506405
JNJ,calibrated_hist_gradient_boosting,1,2019-11-27,0,0,0.5555720689414237,0.2574461375281072,0.2574461375281072,0.29812593141331656
JNJ,calibrated_hist_gradient_boosting,1,2019-11-29,1,0,0.5615640626990644,0.25167690478616617,0.25167690478616617,0.3098871579128983
JNJ,calibrated_hist_gradient_boosting,1,2019-12-02,1,0,0.5824020562084389,0.2326830557031919,0.2326830557031919,0.34971900050524696
JNJ,calibrated_hist_gradient_boosting,1,2019-12-03,1,0,0.5833745329876131,0.2217969959156272,0.2217969959156272,0.3615775370719859
JNJ,calibrated_hist_gradient_boosting,1,2019-12-04,0,0,0.5542088605480887,0.259334587153327,0.259334587153327,0.2948742733947617
JNJ,calibrated_hist_gradient_boosting,1,2019-12-05,0,0,0.5527463333740116,0.2513837984308107,0.2513837984308107,0.30136253494320087
JNJ,calibrated_hist_gradient_boosting,1,2019-12-06,0,0,0.5448658788300635,0.2646870257132557,0.2646870257132557,0.28017885311680785
JNJ,calibrated_hist_gradient_boosting,1,2019-12-09,0,0,0.5700286542718614,0.24702000073849154,0.24702000073849154,0.32300865353336994
JNJ,calibrated_hist_gradient_boosting,1,2019-12-10,1,0,0.5793615688817714,0.23821980232698373,0.23821980232698373,0.3411417665547877
JNJ,calibrated_hist_gradient_boosting,1,2019-12-11,0,0,0.5922365074599608,0.2309520603680353,0.2309520603680353,0.36128444709192553
JNJ,calibrated_hist_gradient_boosting,1,2019-12-12,1,0,0.58167539634225,0.2419190847845596,0.2419190847845596,0.33975631155769037
JNJ,calibrated_hist_gradient_boosting,1,2019-12-13,1,0,0.5914942491068608,0.2347876352207465,0.2347876352207465,0.35670661388611424
JNJ,calibrated_hist_gradient_boosting,1,2019-12-16,1,0,0.6054146953564054,0.2187308657925792,0.2187308657925792,0.3866838295638262
JNJ,calibrated_hist_gradient_boosting,1,2019-12-17,0,0,0.5880056382471966,0.2587697087644751,0.2587697087644751,0.32923592948272157
JNJ,calibrated_hist_gradient_boosting,1,2019-12-18,0,0,0.5724320602686577,0.24437847546927668,0.24437847546927668,0.32805358479938096
JNJ,calibrated_hist_gradient_boosting,1,2019-12-19,0,0,0.5971975127944356,0.25414726079493105,0.25414726079493105,0.3430502519995045
JNJ,calibrated_hist_gradient_boosting,1,2019-12-20,0,0,0.5701824060095396,0.2505009455398958,0.2505009455398958,0.3196814604696438
JNJ,calibrated_hist_gradient_boosting,1,2019-12-23,0,0,0.5696878526323632,0.26259738188219905,0.26259738188219905,0.30709047075016416
JNJ,calibrated_hist_gradient_boosting,1,2019-12-24,0,0,0.5635452704539516,0.26791695754298134,0.26791695754298134,0.2956283129109703
JNJ,calibrated_hist_gradient_boosting,1,2019-12-26,0,0,0.5658427739658491,0.25883301920421575,0.25883301920421575,0.3070097547616334
JNJ,calibrated_hist_gradient_boosting,1,2019-12-27,0,0,0.6169346670480921,0.21911916227496095,0.21911916227496095,0.3978155047731311
JNJ,calibrated_hist_gradient_boosting,1,2019-12-30,0,0,0.6246920317904152,0.21995240218378664,0.21995240218378664,0.40473962960662857
JNJ,calibrated_hist_gradient_boosting,1,2019-12-31,0,0,0.6030768086456887,0.23119519522219048,0.23119519522219048,0.37188161342349824
JNJ,calibrated_hist_gradient_boosting,1,2020-01-02,0,0,0.5653133807315022,0.24858274854443155,0.24858274854443155,0.31673063218707065
JNJ,calibrated_hist_gradient_boosting,1,2020-01-03,0,0,0.607627358367997,0.22114812531723702,0.22114812531723702,0.38647923305075993
JNJ,calibrated_hist_gradient_boosting,1,2020-01-06,0,0,0.5983584576603643,0.23537085654349452,0.23537085654349452,0.3629876011168698
JNJ,calibrated_hist_gradient_boosting,1,2020-01-07,0,0,0.5877758027507584,0.22562501747315455,0.22562501747315455,0.3621507852776038
JNJ,calibrated_hist_gradient_boosting,1,2020-01-08,0,0,0.5868839319983593,0.21580946912420615,0.21580946912420615,0.37107446287415313
JNJ,calibrated_hist_gradient_boosting,1,2020-01-09,0,0,0.6037325980163512,0.215789038075296,0.215789038075296,0.3879435599410551
JNJ,calibrated_hist_gradient_boosting,1,2020-01-10,1,0,0.6050250770274792,0.2188551507532711,0.2188551507532711,0.3861699262742081
JNJ,calibrated_hist_gradient_boosting,1,2020-01-13,1,0,0.6193297626343209,0.20568902020698088,0.20568902020698088,0.41364074242734006
JNJ,calibrated_hist_gradient_boosting,1,2020-01-14,0,0,0.5992198798052745,0.22455058649429196,0.22455058649429196,0.37466929331098253
JNJ,calibrated_hist_gradient_boosting,1,2020-01-15,0,0,0.6069013817147061,0.20909195702568326,0.20909195702568326,0.3978094246890228
JNJ,calibrated_hist_gradient_boosting,1,2020-01-16,0,0,0.5667702705340001,0.2227485785988831,0.2227485785988831,0.344021691935117
JNJ,calibrated_hist_gradient_boosting,1,2020-01-17,0,0,0.5831251090343634,0.24154189365091386,0.24154189365091386,0.3415832153834496
JNJ,calibrated_hist_gradient_boosting,1,2020-01-21,0,0,0.5738070453873979,0.24570849498770078,0.24570849498770078,0.32809855039969715
JNJ,calibrated_hist_gradient_boosting,1,2020-01-22,0,0,0.568096750104813,0.19979828878924724,0.2321049611059398,0.33599178899887316
JNJ,calibrated_hist_gradient_boosting,1,2020-01-23,0,0,0.5635628847801497,0.20381987748590166,0.2326172377339486,0.3309456470462011
JNJ,calibrated_hist_gradient_boosting,1,2020-01-24,0,0,0.6025240818310224,0.20451563157415067,0.20451563157415067,0.3980084502568717
JNJ,calibrated_hist_gradient_boosting,1,2020-01-27,0,0,0.5659468414424854,0.22121514665907727,0.22121514665907727,0.34473169478340815
JNJ,calibrated_hist_gradient_boosting,1,2020-01-28,0,0,0.5309765367499212,0.21160046949291636,0.25742299375716243,0.27355354299275875
JNJ,calibrated_hist_gradient_boosting,1,2020-01-29,1,0,0.547175887717649,0.22899150459503462,0.22899150459503462,0.31818438312261443
JNJ,calibrated_hist_gradient_boosting,1,2020-01-30,1,0,0.531937330885226,0.23314618847971713,0.23491648063505685,0.2970208502501691
JNJ,calibrated_hist_gradient_boosting,1,2020-01-31,1,0,0.5495386968848935,0.2175785137463088,0.23288278936879778,0.31665590751609574
JNJ,calibrated_hist_gradient_boosting,1,2020-02-03,0,0,0.5521769973568673,0.21446999229879113,0.23335301034434144,0.3188239870125259
JNJ,calibrated_hist_gradient_boosting,1,2020-02-04,0,0,0.5477690644339123,0.23410370803270197,0.23410370803270197,0.3136653564012103
JNJ,calibrated_hist_gradient_boosting,1,2020-02-05,0,0,0.5704520111260701,0.25712159300899123,0.25712159300899123,0.3133304181170789
JNJ,calibrated_hist_gradient_boosting,1,2020-02-06,-1,0,0.5730859334206534,0.2320296373825629,0.2320296373825629,0.3410562960380905
JNJ,calibrated_hist_gradient_boosting,1,2020-02-07,0,0,0.5792141350271348,0.23310430532767534,0.23310430532767534,0.34610982969945947
JNJ,calibrated_hist_gradient_boosting,1,2020-02-10,0,0,0.5809111594778464,0.23523363190871846,0.23523363190871846,0.34567752756912795
JNJ,calibrated_hist_gradient_boosting,1,2020-02-11,-1,0,0.605414855206576,0.22305671019232118,0.22305671019232118,0.3823581450142548
JNJ,calibrated_hist_gradient_boosting,1,2020-02-12,0,0,0.5925046657113114,0.22030698920955952,0.22030698920955952,0.37219767650175195
JNJ,calibrated_hist_gradient_boosting,1,2020-02-13,0,0,0.6191964792232278,0.22628229961182456,0.22628229961182456,0.3929141796114033
JNJ,calibrated_hist_gradient_boosting,1,2020-02-14,-1,0,0.5847034935531196,0.22479520985522328,0.22479520985522328,0.3599082836978963
JNJ,calibrated_hist_gradient_boosting,1,2020-02-18,-1,0,0.6240841417985196,0.2158862811249468,0.2158862811249468,0.4081978606735728
JNJ,calibrated_hist_gradient_boosting,1,2020-02-19,-1,0,0.5977909257785786,0.23080257450560496,0.23080257450560496,0.3669883512729737
JNJ,calibrated_hist_gradient_boosting,1,2020-02-20,-1,0,0.5999464327013789,0.25164480477680623,0.25164480477680623,0.3483016279245727
JNJ,calibrated_hist_gradient_boosting,1,2020-02-21,-1,0,0.5621374691505736,0.22174838385006104,0.22174838385006104,0.3403890853005126
JNJ,calibrated_hist_gradient_boosting,1,2020-02-24,-1,0,0.5810130557542067,0.21567961336592809,0.21567961336592809,0.3653334423882786
JNJ,calibrated_hist_gradient_boosting,1,2020-02-25,-1,0,0.5539526882980278,0.2194827322540807,0.22656457944789152,0.32738810885013625
JNJ,calibrated_hist_gradient_boosting,1,2020-02-26,0,0,0.5336552319553801,0.21616225916874024,0.2501825088758797,0.2834727230795004
JNJ,calibrated_hist_gradient_boosting,1,2020-02-27,1,0,0.5336325058672925,0.23472790998474743,0.23472790998474743,0.29890459588254503
JNJ,calibrated_hist_gradient_boosting,1,2020-02-28,1,0,0.4875087897853829,0.2356111492932966,0.2768800609213205,0.21062872886406242
JNJ,calibrated_hist_gradient_boosting,1,2020-03-02,-1,0,0.5329556015467617,0.22583846449621195,0.24120593395702639,0.2917496675897353
JNJ,calibrated_hist_gradient_boosting,1,2020-03-03,1,0,0.5348696370038194,0.22523223711363757,0.23989812588254308,0.2949715111212763
JNJ,calibrated_hist_gradient_boosting,1,2020-03-04,-1,0,0.5518695693888278,0.24347257305646078,0.24347257305646078,0.30839699633236706
JNJ,calibrated_hist_gradient_boosting,1,2020-03-05,-1,0,0.5907703164483721,0.22608005548774165,0.22608005548774165,0.3646902609606304
JNJ,calibrated_hist_gradient_boosting,1,2020-03-06,-1,0,0.59962042527104,0.22665215563256677,0.22665215563256677,0.3729682696384732
JNJ,calibrated_hist_gradient_boosting,1,2020-03-09,-1,0,0.5638797671331687,0.21822047332509353,0.21822047332509353,0.34565929380807514
JNJ,calibrated_hist_gradient_boosting,1,2020-03-10,-1,0,0.608061459595709,0.23716861190934727,0.23716861190934727,0.37089284768636177
JNJ,calibrated_hist_gradient_boosting,1,2020-03-11,1,0,0.5443056100295277,0.22422492390308105,0.23146946606739124,0.31283614396213644
JNJ,calibrated_hist_gradient_boosting,1,2020-03-12,0,0,0.5617930639046096,0.22009139312880746,0.22009139312880746,0.34170167077580216
JNJ,calibrated_hist_gradient_boosting,1,2020-03-13,-1,0,0.5634128772329371,0.23344896575862428,0.23344896575862428,0.3299639114743128
JNJ,calibrated_hist_gradient_boosting,1,2020-03-16,-1,0,0.5593028769682762,0.22114349218693663,0.22114349218693663,0.33815938478133956
JNJ,calibrated_hist_gradient_boosting,1,2020-03-17,-1,0,0.5719916078136068,0.21097856830192016,0.217029823884473,0.3549617839291338
JNJ,calibrated_hist_gradient_boosting,1,2020-03-18,-1,0,0.5938048137501554,0.21760891656924816,0.21760891656924816,0.3761958971809072
JNJ,calibrated_hist_gradient_boosting,1,2020-03-19,0,0,0.5834733911600346,0.22322946531171803,0.22322946531171803,0.36024392584831655
JNJ,calibrated_hist_gradient_boosting,1,2020-03-20,1,0,0.5417076935218718,0.22867863931756469,0.22961366716056344,0.31209402636130834
JNJ,calibrated_hist_gradient_boosting,1,2020-03-23,1,0,0.5442721300730415,0.22289651699344104,0.23283135293351742,0.3114407771395241
JNJ,calibrated_hist_gradient_boosting,1,2020-03-24,1,0,0.5672576852686483,0.2278236813952931,0.2278236813952931,0.3394340038733552
JNJ,calibrated_hist_gradient_boosting,1,2020-03-25,1,0,0.5532355727246879,0.2274932352661497,0.2274932352661497,0.3257423374585382
JNJ,calibrated_hist_gradient_boosting,1,2020-03-26,1,0,0.5872179067259594,0.22402610866272743,0.22402610866272743,0.363191798063232
JNJ,calibrated_hist_gradient_boosting,1,2020-03-27,1,0,0.5972955104727,0.22426794338809028,0.22426794338809028,0.3730275670846097
JNJ,calibrated_hist_gradient_boosting,1,2020-03-30,1,0,0.5792390772842825,0.23266820787432382,0.23266820787432382,0.3465708694099586
JNJ,calibrated_hist_gradient_boosting,1,2020-03-31,1,0,0.5941327225239842,0.22846324015353006,0.22846324015353006,0.36566948237045416
JNJ,calibrated_hist_gradient_boosting,1,2020-04-01,1,0,0.5956353762976562,0.2229606145640034,0.2229606145640034,0.37267476173365277
JNJ,calibrated_hist_gradient_boosting,1,2020-04-02,1,0,0.5976868979029097,0.23238328328325666,0.23238328328325666,0.3653036146196531
JNJ,calibrated_hist_gradient_boosting,1,2020-04-03,1,0,0.5626228229169293,0.24743454380615446,0.24743454380615446,0.31518827911077485
JNJ,calibrated_hist_gradient_boosting,1,2020-04-06,1,0,0.5592032449677042,0.2464861962568279,0.2464861962568279,0.31271704871087636
JNJ,calibrated_hist_gradient_boosting,1,2020-04-07,1,0,0.5581617248099862,0.25270872023337626,0.25270872023337626,0.3054530045766099
JNJ,calibrated_hist_gradient_boosting,1,2020-04-08,1,0,0.5568471305669517,0.25786787568551695,0.25786787568551695,0.29897925488143473
JNJ,calibrated_hist_gradient_boosting,1,2020-04-09,1,0,0.5314046236771016,0.2488419139239465,0.2488419139239465,0.2825627097531551
JNJ,calibrated_hist_gradient_boosting,1,2020-04-13,1,0,0.5450888295347848,0.2319649945191451,0.2319649945191451,0.3131238350156397
JNJ,calibrated_hist_gradient_boosting,1,2020-04-14,1,0,0.5267403170177092,0.2574683219621849,0.2574683219621849,0.2692719950555243
JNJ,calibrated_hist_gradient_boosting,1,2020-04-15,1,0,0.5143989353957996,0.24463445341537274,0.24463445341537274,0.2697644819804269
JNJ,calibrated_hist_gradient_boosting,1,2020-04-16,1,0,0.5354132509846528,0.25650347191045586,0.25650347191045586,0.2789097790741969
JNJ,calibrated_hist_gradient_boosting,1,2020-04-17,0,0,0.546144766346245,0.2596110004574433,0.2596110004574433,0.2865337658888017
JNJ,calibrated_hist_gradient_boosting,1,2020-04-20,0,0,0.5391511353980903,0.2540970135425376,0.2540970135425376,0.28505412185555273
JNJ,calibrated_hist_gradient_boosting,1,2020-04-21,0,0,0.5413523394748034,0.25482314552001356,0.25482314552001356,0.2865291939547899
JNJ,calibrated_hist_gradient_boosting,1,2020-04-22,0,0,0.559921981527444,0.2562661954113941,0.2562661954113941,0.3036557861160499
JNJ,calibrated_hist_gradient_boosting,1,2020-04-23,-1,0,0.5444013454128994,0.2596341903817878,0.2596341903817878,0.2847671550311116
JNJ,calibrated_hist_gradient_boosting,1,2020-04-24,-1,0,0.5502173401294673,0.2532432753772457,0.2532432753772457,0.2969740647522216
JNJ,calibrated_hist_gradient_boosting,1,2020-04-27,-1,0,0.560372163328197,0.26625303326086797,0.26625303326086797,0.294119130067329
JNJ,calibrated_hist_gradient_boosting,1,2020-04-28,0,0,0.5573238862282013,0.2843207233622578,0.2843207233622578,0.2730031628659435
JNJ,calibrated_hist_gradient_boosting,1,2020-04-29,0,0,0.5473571452501221,0.2595261609859251,0.2595261609859251,0.287830984264197
JNJ,calibrated_hist_gradient_boosting,1,2020-04-30,0,0,0.5299429459086685,0.25570067059278523,0.25570067059278523,0.2742422753158833
JNJ,calibrated_hist_gradient_boosting,1,2020-05-01,0,0,0.549579937531536,0.2591153881754023,0.2591153881754023,0.2904645493561337
JNJ,calibrated_hist_gradient_boosting,1,2020-05-04,0,0,0.5397402583225465,0.26754029352047604,0.26754029352047604,0.2721999648020704
JNJ,calibrated_hist_gradient_boosting,1,2020-05-05,0,0,0.5489943151677189,0.23552868896535353,0.23552868896535353,0.3134656262023654
JNJ,calibrated_hist_gradient_boosting,1,2020-05-06,0,0,0.5526181355168056,0.2712765193458761,0.2712765193458761,0.2813416161709295
JNJ,calibrated_hist_gradient_boosting,1,2020-05-07,0,0,0.5665150065623562,0.23739317139859198,0.23739317139859198,0.32912183516376425
JNJ,calibrated_hist_gradient_boosting,1,2020-05-08,0,0,0.5546673104804413,0.23541269765696468,0.23541269765696468,0.31925461282347656
JNJ,calibrated_hist_gradient_boosting,1,2020-05-11,0,0,0.5337370059483066,0.2593824453412998,0.2593824453412998,0.27435456060700686
JNJ,calibrated_hist_gradient_boosting,1,2020-05-12,0,0,0.5867361903570787,0.22777251140853116,0.22777251140853116,0.3589636789485475
JNJ,calibrated_hist_gradient_boosting,1,2020-05-13,0,0,0.5835424812016802,0.2393277033873645,0.2393277033873645,0.34421477781431564
JNJ,calibrated_hist_gradient_boosting,1,2020-05-14,0,0,0.5576318659389752,0.24414082188864486,0.24414082188864486,0.31349104405033035
JNJ,calibrated_hist_gradient_boosting,1,2020-05-15,-1,0,0.5394819314994634,0.22943744262933022,0.23108062587120634,0.30840130562825707
JNJ,calibrated_hist_gradient_boosting,1,2020-05-18,-1,0,0.5245281515240406,0.23618413945106986,0.23928770902488963,0.28524044249915104
JNJ,calibrated_hist_gradient_boosting,1,2020-05-19,-1,0,0.5624273048426899,0.23513536286017542,0.23513536286017542,0.32729194198251443
JNJ,calibrated_hist_gradient_boosting,1,2020-05-20,0,0,0.5416583242930345,0.23995477160435041,0.23995477160435041,0.3017035526886841
JNJ,calibrated_hist_gradient_boosting,1,2020-05-21,1,0,0.5809871260615129,0.23038057275034438,0.23038057275034438,0.3506065533111685
JNJ,calibrated_hist_gradient_boosting,1,2020-05-22,0,0,0.52206546477939,0.24041713605297374,0.24041713605297374,0.2816483287264162
JNJ,calibrated_hist_gradient_boosting,1,2020-05-26,1,0,0.5111871247883436,0.25006484130318923,0.25006484130318923,0.26112228348515437
JNJ,calibrated_hist_gradient_boosting,1,2020-05-27,1,0,0.5636836889096978,0.24589766822983386,0.24589766822983386,0.31778602067986395
JNJ,calibrated_hist_gradient_boosting,1,2020-05-28,0,0,0.5390062935780197,0.22061790878672827,0.24037579763525208,0.2986304959427676
JNJ,calibrated_hist_gradient_boosting,1,2020-05-29,0,0,0.5293276640167075,0.22993687367009916,0.24073546231319334,0.2885922017035142
JNJ,calibrated_hist_gradient_boosting,1,2020-06-01,0,0,0.5306239754445496,0.2396651798190409,0.2396651798190409,0.29095879562550875
JNJ,calibrated_hist_gradient_boosting,1,2020-06-02,0,0,0.5595317498902967,0.23639270580978686,0.23639270580978686,0.32313904408050986
JNJ,calibrated_hist_gradient_boosting,1,2020-06-03,0,0,0.5357564399859166,0.25118866322551686,0.25118866322551686,0.28456777676039974
JNJ,calibrated_hist_gradient_boosting,1,2020-06-04,-1,0,0.5655765716764646,0.23039089063854198,0.23039089063854198,0.33518568103792257
JNJ,calibrated_hist_gradient_boosting,1,2020-06-05,-1,0,0.5363459151768282,0.2382746094326783,0.2382746094326783,0.29807130574414986
JNJ,calibrated_hist_gradient_boosting,1,2020-06-08,-1,0,0.5556961007584483,0.24137689783521218,0.24137689783521218,0.3143192029232361
JNJ,calibrated_hist_gradient_boosting,1,2020-06-09,0,0,0.5800439134625061,0.22681430438323869,0.22681430438323869,0.35322960907926737
JNJ,calibrated_hist_gradient_boosting,1,2020-06-10,-1,0,0.5430987490998302,0.23406921921674415,0.23406921921674415,0.3090295298830861
JNJ,calibrated_hist_gradient_boosting,1,2020-06-11,0,0,0.5608602256877957,0.22653474082674063,0.22653474082674063,0.33432548486105507
JNJ,calibrated_hist_gradient_boosting,1,2020-06-12,0,0,0.5259011185757324,0.2413462490807665,0.2413462490807665,0.2845548694949659
JNJ,calibrated_hist_gradient_boosting,1,2020-06-15,0,0,0.5194367388695132,0.2411494782424696,0.2411494782424696,0.2782872606270437
JNJ,calibrated_hist_gradient_boosting,1,2020-06-16,0,0,0.5565293640263337,0.2404253356794229,0.2404253356794229,0.31610402834691076
JNJ,calibrated_hist_gradient_boosting,1,2020-06-17,-1,0,0.508535794336164,0.2436750622846722,0.24778914337916372,0.26074665095700034
JNJ,calibrated_hist_gradient_boosting,1,2020-06-18,-1,0,0.5565499277729369,0.25330489752906793,0.25330489752906793,0.30324503024386895
JNJ,calibrated_hist_gradient_boosting,1,2020-06-19,-1,0,0.5573950950750475,0.247249044654371,0.247249044654371,0.31014605042067644
JNJ,calibrated_hist_gradient_boosting,1,2020-06-22,-1,0,0.5346475300569455,0.2512996771102224,0.2512996771102224,0.28334785294672316
JNJ,calibrated_hist_gradient_boosting,1,2020-06-23,0,0,0.5628003677960799,0.26141115354300953,0.26141115354300953,0.30138921425307036
JNJ,calibrated_hist_gradient_boosting,1,2020-06-24,0,0,0.549827683950434,0.22075664849283205,0.22941566755673393,0.3204120163937001
JNJ,calibrated_hist_gradient_boosting,1,2020-06-25,0,0,0.5315899308254188,0.22656080146525662,0.24184926770932455,0.28974066311609425
JNJ,calibrated_hist_gradient_boosting,1,2020-06-26,1,0,0.5410255977038678,0.2281352601607851,0.23083914213534706,0.31018645556852076
JNJ,calibrated_hist_gradient_boosting,1,2020-06-29,1,0,0.49629052293762754,0.237416040681649,0.2662934363807235,0.22999708655690404
JNJ,calibrated_hist_gradient_boosting,1,2020-06-30,0,0,0.5547381982701103,0.24108270580597457,0.24108270580597457,0.3136554924641357
JNJ,calibrated_hist_gradient_boosting,1,2020-07-01,0,0,0.5458490785049294,0.23429517334287353,0.23429517334287353,0.31155390516205583
JNJ,calibrated_hist_gradient_boosting,1,2020-07-02,0,0,0.5714399880198587,0.21654367218192305,0.21654367218192305,0.3548963158379357
JNJ,calibrated_hist_gradient_boosting,1,2020-07-06,0,0,0.5776027540971258,0.2547964761227034,0.2547964761227034,0.3228062779744224
JNJ,calibrated_hist_gradient_boosting,1,2020-07-07,1,0,0.5775048490832461,0.24757070631445513,0.24757070631445513,0.32993414276879096
JNJ,calibrated_hist_gradient_boosting,1,2020-07-08,1,0,0.5323089970325455,0.23834434154701004,0.23834434154701004,0.2939646554855355
JNJ,calibrated_hist_gradient_boosting,1,2020-07-09,1,0,0.5840831669887195,0.23207367174135451,0.23207367174135451,0.352009495247365
JNJ,calibrated_hist_gradient_boosting,1,2020-07-10,1,0,0.5708014059117641,0.2255744947552204,0.2255744947552204,0.3452269111565437
JNJ,calibrated_hist_gradient_boosting,1,2020-07-13,1,0,0.5391016832374346,0.248539921975929,0.248539921975929,0.29056176126150557
JNJ,calibrated_hist_gradient_boosting,1,2020-07-14,0,0,0.5670171110156009,0.24898394576135843,0.24898394576135843,0.3180331652542425
JNJ,calibrated_hist_gradient_boosting,1,2020-07-15,0,0,0.541758153888141,0.24902622099365648,0.24902622099365648,0.2927319328944845
JNJ,calibrated_hist_gradient_boosting,1,2020-07-16,0,0,0.5535134024043873,0.24997745692885712,0.24997745692885712,0.3035359454755302
JNJ,calibrated_hist_gradient_boosting,1,2020-07-17,0,0,0.565039831946207,0.24303349944860034,0.24303349944860034,0.3220063324976067
JNJ,calibrated_hist_gradient_boosting,1,2020-07-20,0,0,0.5448771424282147,0.253704023311448,0.253704023311448,0.29117311911676674
JNJ,calibrated_hist_gradient_boosting,1,2020-07-21,0,0,0.5673924091634198,0.2392622087268538,0.2392622087268538,0.32813020043656604
JNJ,calibrated_hist_gradient_boosting,1,2020-07-22,-1,0,0.5545877376578071,0.2449835176720486,0.2449835176720486,0.3096042199857585
JNJ,calibrated_hist_gradient_boosting,1,2020-07-23,0,0,0.5504286156474998,0.25790454146203534,0.25790454146203534,0.29252407418546444
JNJ,calibrated_hist_gradient_boosting,1,2020-07-24,0,0,0.5603951451267226,0.2546151021128328,0.2546151021128328,0.30578004301388984
JNJ,calibrated_hist_gradient_boosting,1,2020-07-27,0,0,0.5416639647605753,0.24676691132359305,0.24676691132359305,0.29489705343698225
JNJ,calibrated_hist_gradient_boosting,1,2020-07-28,0,0,0.5931009000962185,0.22814320887674366,0.22814320887674366,0.36495769121947486
JNJ,calibrated_hist_gradient_boosting,1,2020-07-29,0,0,0.5842732308577859,0.24330261217858332,0.24330261217858332,0.34097061867920264
JNJ,calibrated_hist_gradient_boosting,1,2020-07-30,0,0,0.5788573208568557,0.2463546019577473,0.2463546019577473,0.33250271889910843
JNJ,calibrated_hist_gradient_boosting,1,2020-07-31,0,0,0.5763944838902652,0.24484699045991687,0.24484699045991687,0.3315474934303483
JNJ,calibrated_hist_gradient_boosting,1,2020-08-03,0,0,0.5411990355877427,0.21863825387787347,0.24016271053438384,0.30103632505335887
JNJ,calibrated_hist_gradient_boosting,1,2020-08-04,0,0,0.5576384630323362,0.24239345243175295,0.24239345243175295,0.3152450106005833
JNJ,calibrated_hist_gradient_boosting,1,2020-08-05,0,0,0.5494845506587968,0.23565369693195906,0.23565369693195906,0.3138308537268377
JNJ,calibrated_hist_gradient_boosting,1,2020-08-06,0,0,0.573365395209342,0.22752031517405438,0.22752031517405438,0.3458450800352877
JNJ,calibrated_hist_gradient_boosting,1,2020-08-07,0,0,0.5622790493011272,0.22481860634342563,0.22481860634342563,0.3374604429577015
JNJ,calibrated_hist_gradient_boosting,1,2020-08-10,0,0,0.5538013036729414,0.2445467608269425,0.2445467608269425,0.30925454284599896
JNJ,calibrated_hist_gradient_boosting,1,2020-08-11,1,0,0.5646774799281221,0.22921039137708663,0.22921039137708663,0.33546708855103546
JNJ,calibrated_hist_gradient_boosting,1,2020-08-12,0,0,0.5362410205526259,0.2211164200843642,0.24264255936300994,0.29359846118961597
JNJ,calibrated_hist_gradient_boosting,1,2020-08-13,1,0,0.5415539283757089,0.23068163328499514,0.23068163328499514,0.3108722950907138
JNJ,calibrated_hist_gradient_boosting,1,2020-08-14,1,0,0.5272291725386644,0.2277532480997392,0.24501757936159638,0.282211593177068
JNJ,calibrated_hist_gradient_boosting,1,2020-08-17,1,0,0.5286020269836721,0.2347119944017558,0.236685978614572,0.2919160483691001
JNJ,calibrated_hist_gradient_boosting,1,2020-08-18,0,0,0.5390973216561677,0.22253101940157527,0.23837165894225706,0.30072566271391066
JNJ,calibrated_hist_gradient_boosting,1,2020-08-19,0,0,0.520312416637559,0.2246974292333357,0.25499015412910525,0.26532226250845375
JNJ,calibrated_hist_gradient_boosting,1,2020-08-20,0,0,0.5268521499810349,0.2274528973907628,0.24569495262820215,0.28115719735283273
JNJ,calibrated_hist_gradient_boosting,1,2020-08-21,0,0,0.5519932186295589,0.23041019992538017,0.23041019992538017,0.3215830187041787
JNJ,calibrated_hist_gradient_boosting,1,2020-08-24,0,0,0.5288214139205888,0.2357389354421872,0.2357389354421872,0.29308247847840163
JNJ,calibrated_hist_gradient_boosting,1,2020-08-25,0,0,0.5478543574356282,0.24496683921887943,0.24496683921887943,0.30288751821674875
JNJ,calibrated_hist_gradient_boosting,1,2020-08-26,0,0,0.5288763767969814,0.2324711279287226,0.23865249527429597,0.2902238815226854
JNJ,calibrated_hist_gradient_boosting,1,2020-08-27,-1,0,0.556595220890023,0.23464417521949832,0.23464417521949832,0.3219510456705247
JNJ,calibrated_hist_gradient_boosting,1,2020-08-28,-1,0,0.5559221539576978,0.26091278494337083,0.26091278494337083,0.295009369014327
JNJ,calibrated_hist_gradient_boosting,1,2020-08-31,-1,0,0.5520851712850912,0.25879562951337737,0.25879562951337737,0.2932895417717138
JNJ,calibrated_hist_gradient_boosting,1,2020-09-01,0,0,0.5677228794184671,0.2319991272018206,0.2319991272018206,0.3357237522166465
JNJ,calibrated_hist_gradient_boosting,1,2020-09-02,-1,0,0.5669896321681376,0.23715061661181122,0.23715061661181122,0.32983901555632633
JNJ,calibrated_hist_gradient_boosting,1,2020-09-03,0,0,0.595185219846262,0.2343976451820113,0.2343976451820113,0.3607875746642507
JNJ,calibrated_hist_gradient_boosting,1,2020-09-04,0,0,0.5634671026054042,0.2391431158726437,0.2391431158726437,0.3243239867327605
JNJ,calibrated_hist_gradient_boosting,1,2020-09-08,0,0,0.5566701337750019,0.22887575612219516,0.22887575612219516,0.3277943776528067
JNJ,calibrated_hist_gradient_boosting,1,2020-09-09,0,0,0.5710503842246318,0.23413465213594561,0.23413465213594561,0.3369157320886862
JNJ,calibrated_hist_gradient_boosting,1,2020-09-10,0,0,0.5613846831030952,0.23457472419074876,0.23457472419074876,0.32680995891234643
JNJ,calibrated_hist_gradient_boosting,1,2020-09-11,0,0,0.5074279076576865,0.22424527809376613,0.2683268142485474,0.23910109340913915
JNJ,calibrated_hist_gradient_boosting,1,2020-09-14,-1,0,0.5286503554569141,0.25507455968534626,0.25507455968534626,0.2735757957715678
JNJ,calibrated_hist_gradient_boosting,1,2020-09-15,-1,0,0.5296144844653704,0.23195182747936505,0.23843368805526452,0.29118079641010586
JNJ,calibrated_hist_gradient_boosting,1,2020-09-16,-1,0,0.5497548813802555,0.24713240021863495,0.24713240021863495,0.3026224811616206
JNJ,calibrated_hist_gradient_boosting,1,2020-09-17,0,0,0.5438114824205906,0.24230344109465632,0.24230344109465632,0.30150804132593434
JNJ,calibrated_hist_gradient_boosting,1,2020-09-18,-1,0,0.5173416304961475,0.22291318786619727,0.2597451816376552,0.25759644885849226
JNJ,calibrated_hist_gradient_boosting,1,2020-09-21,0,0,0.5360108166514062,0.24262737886166905,0.24262737886166905,0.2933834377897371
JNJ,calibrated_hist_gradient_boosting,1,2020-09-22,0,0,0.49399893590378063,0.23726956280176317,0.2687315012944562,0.2252674346093244
JNJ,calibrated_hist_gradient_boosting,1,2020-09-23,1,0,0.516107090409739,0.22378696126618455,0.2601059483240766,0.25600114208566244
JNJ,calibrated_hist_gradient_boosting,1,2020-09-24,0,0,0.5356717524078602,0.23680772003985037,0.23680772003985037,0.29886403236800985
JNJ,calibrated_hist_gradient_boosting,1,2020-09-25,0,0,0.5100163396528742,0.2429715387707472,0.24701212157637853,0.26300421807649565
JNJ,calibrated_hist_gradient_boosting,1,2020-09-28,0,0,0.5149746113154686,0.2646565916033963,0.2646565916033963,0.25031801971207235
JNJ,calibrated_hist_gradient_boosting,1,2020-09-29,0,0,0.5299380992372221,0.2611879961638939,0.2611879961638939,0.26875010307332825
JNJ,calibrated_hist_gradient_boosting,1,2020-09-30,0,0,0.5704911611826162,0.2245095907611678,0.2245095907611678,0.3459815704214484
JNJ,calibrated_hist_gradient_boosting,1,2020-10-01,0,0,0.5502752127784235,0.22423246580930703,0.2254923214122695,0.324782891366154
JNJ,calibrated_hist_gradient_boosting,1,2020-10-02,1,0,0.5273597661621415,0.2596525925041939,0.2596525925041939,0.2677071736579476
JNJ,calibrated_hist_gradient_boosting,1,2020-10-05,1,0,0.5349686869412824,0.24168944484967667,0.24168944484967667,0.2932792420916057
JNJ,calibrated_hist_gradient_boosting,1,2020-10-06,0,0,0.5397357248148416,0.20611944365444312,0.2541448315307153,0.28559089328412623
JNJ,calibrated_hist_gradient_boosting,1,2020-10-07,0,0,0.5302266271262681,0.21697189639282802,0.25280147648090384,0.27742515064536427
JNJ,calibrated_hist_gradient_boosting,1,2020-10-08,0,0,0.5193790510071117,0.209781401018179,0.2708395479747095,0.2485395030324022
JNJ,calibrated_hist_gradient_boosting,1,2020-10-09,0,0,0.5460452627706652,0.26016012811518974,0.26016012811518974,0.2858851346554755
JNJ,calibrated_hist_gradient_boosting,1,2020-10-12,-1,0,0.5227631475524074,0.2436348313776279,0.2436348313776279,0.2791283161747795
JNJ,calibrated_hist_gradient_boosting,1,2020-10-13,-1,0,0.5587960830360186,0.2362950267648473,0.2362950267648473,0.3225010562711713
JNJ,calibrated_hist_gradient_boosting,1,2020-10-14,-1,0,0.582048318644323,0.23468800585567817,0.23468800585567817,0.3473603127886449
JNJ,calibrated_hist_gradient_boosting,1,2020-10-15,0,0,0.5567550987608715,0.2386857912918787,0.2386857912918787,0.31806930746899276
JNJ,calibrated_hist_gradient_boosting,1,2020-10-16,0,0,0.5318782202539669,0.22275605666380535,0.2453657230822278,0.2865124971717391
JNJ,calibrated_hist_gradient_boosting,1,2020-10-19,0,0,0.5685039599837706,0.24494816582885037,0.24494816582885037,0.3235557941549202
JNJ,calibrated_hist_gradient_boosting,1,2020-10-20,0,0,0.5566785490805383,0.23865119531286863,0.23865119531286863,0.31802735376766966
JNJ,calibrated_hist_gradient_boosting,1,2020-10-21,-1,0,0.5727082885039995,0.24822643434061964,0.24822643434061964,0.3244818541633798
JNJ,calibrated_hist_gradient_boosting,1,2020-10-22,-1,0,0.5395899815121561,0.23889988874897272,0.23889988874897272,0.30069009276318337
JNJ,calibrated_hist_gradient_boosting,1,2020-10-23,-1,0,0.5398824890079238,0.24859263020972558,0.24859263020972558,0.29128985879819824
JNJ,calibrated_hist_gradient_boosting,1,2020-10-26,-1,0,0.5197145609529431,0.25646269799852117,0.25646269799852117,0.26325186295442193
JNJ,calibrated_hist_gradient_boosting,1,2020-10-27,-1,0,0.5253244854249471,0.24201067565080261,0.24201067565080261,0.28331380977414455
JNJ,calibrated_hist_gradient_boosting,1,2020-10-28,0,0,0.504486357145447,0.2294712217752182,0.2660424210793348,0.2384439360661122
JNJ,calibrated_hist_gradient_boosting,1,2020-10-29,0,0,0.5107515653030145,0.2250989881544125,0.26414944654257305,0.2466021187604414
JNJ,calibrated_hist_gradient_boosting,1,2020-10-30,1,0,0.5134449354874856,0.2383471307491313,0.24820793376338304,0.2652370017241026
JNJ,calibrated_hist_gradient_boosting,1,2020-11-02,1,0,0.5092184033283216,0.2175709129565974,0.273210683715081,0.23600771961324057
JNJ,calibrated_hist_gradient_boosting,1,2020-11-03,1,0,0.5219316866708508,0.22471677011315871,0.25335154321599046,0.2685801434548603
JNJ,calibrated_hist_gradient_boosting,1,2020-11-04,1,0,0.5568277666983126,0.24771365419322536,0.24771365419322536,0.30911411250508725
JNJ,calibrated_hist_gradient_boosting,1,2020-11-05,1,0,0.5589382902856604,0.22595565448346014,0.22595565448346014,0.33298263580220033
JNJ,calibrated_hist_gradient_boosting,1,2020-11-06,1,0,0.56869150123814,0.23661605790554208,0.23661605790554208,0.332075443332598
JNJ,calibrated_hist_gradient_boosting,1,2020-11-09,1,0,0.526283774620152,0.25570490830273357,0.25570490830273357,0.2705788663174184
JNJ,calibrated_hist_gradient_boosting,1,2020-11-10,0,0,0.554277138114644,0.2529607261845071,0.2529607261845071,0.30131641193013686
JNJ,calibrated_hist_gradient_boosting,1,2020-11-11,0,0,0.5253284393408134,0.2500719390347303,0.2500719390347303,0.2752565003060831
JNJ,calibrated_hist_gradient_boosting,1,2020-11-12,0,0,0.5424410541846166,0.25292558793226366,0.25292558793226366,0.28951546625235297
JNJ,calibrated_hist_gradient_boosting,1,2020-11-13,-1,0,0.5356532107754514,0.24741352655542773,0.24741352655542773,0.28823968422002366
JNJ,calibrated_hist_gradient_boosting,1,2020-11-16,-1,0,0.5514611398439284,0.2536479688749455,0.2536479688749455,0.2978131709689829
JNJ,calibrated_hist_gradient_boosting,1,2020-11-17,-1,0,0.5605329654125896,0.2577716712884661,0.2577716712884661,0.30276129412412345
JNJ,calibrated_hist_gradient_boosting,1,2020-11-18,0,0,0.5564070538464619,0.24996774235737,0.24996774235737,0.306439311489092
JNJ,calibrated_hist_gradient_boosting,1,2020-11-19,0,0,0.5356815479739753,0.2499463709201352,0.2499463709201352,0.2857351770538401
JNJ,calibrated_hist_gradient_boosting,1,2020-11-20,0,0,0.5358275844788719,0.22321466783563482,0.2409577476854933,0.29486983679337864
JNJ,calibrated_hist_gradient_boosting,1,2020-11-23,1,0,0.5445617041951191,0.22580204559557449,0.22963625020930648,0.3149254539858126
JNJ,calibrated_hist_gradient_boosting,1,2020-11-24,1,0,0.5546323737065523,0.2362328460173858,0.2362328460173858,0.31839952768916646
JNJ,calibrated_hist_gradient_boosting,1,2020-11-25,1,0,0.6028090839268309,0.22821814887344186,0.22821814887344186,0.37459093505338903
JNJ,calibrated_hist_gradient_boosting,1,2020-11-27,1,0,0.5828881315169221,0.21442815506897936,0.21442815506897936,0.3684599764479427
JNJ,calibrated_hist_gradient_boosting,1,2020-11-30,1,0,0.5412075488893575,0.2528163312999267,0.2528163312999267,0.2883912175894308
JNJ,calibrated_hist_gradient_boosting,1,2020-12-01,1,0,0.5378628541897341,0.2572109537916342,0.2572109537916342,0.2806519003980999
JNJ,calibrated_hist_gradient_boosting,1,2020-12-02,1,0,0.5416918073287008,0.2506369024352453,0.2506369024352453,0.29105490489345553
JNJ,calibrated_hist_gradient_boosting,1,2020-12-03,1,0,0.5496322251252785,0.24680788114658223,0.24680788114658223,0.3028243439786963
JNJ,calibrated_hist_gradient_boosting,1,2020-12-04,0,0,0.5644532934041763,0.2424737445746259,0.2424737445746259,0.3219795488295504
JNJ,calibrated_hist_gradient_boosting,1,2020-12-07,0,0,0.5684368688842861,0.23066760603813916,0.23066760603813916,0.33776926284614694
JNJ,calibrated_hist_gradient_boosting,1,2020-12-08,0,0,0.5560358013319181,0.24522681811016447,0.24522681811016447,0.31080898322175365
JNJ,calibrated_hist_gradient_boosting,1,2020-12-09,-1,0,0.5487175567047085,0.2480071665225876,0.2480071665225876,0.30071039018212087
JNJ,calibrated_hist_gradient_boosting,1,2020-12-10,0,0,0.5459466032432171,0.2634820639829923,0.2634820639829923,0.2824645392602248
JNJ,calibrated_hist_gradient_boosting,1,2020-12-11,0,0,0.5526344357490639,0.2329098006392932,0.2329098006392932,0.31972463510977067
JNJ,calibrated_hist_gradient_boosting,1,2020-12-14,1,0,0.5416420242497426,0.23410991413332452,0.23410991413332452,0.3075321101164181
JNJ,calibrated_hist_gradient_boosting,1,2020-12-15,0,0,0.5359608196658453,0.22655795994623426,0.2374812203879205,0.2984795992779248
JNJ,calibrated_hist_gradient_boosting,1,2020-12-16,0,0,0.5396050440662035,0.24381308812437807,0.24381308812437807,0.2957919559418254
JNJ,calibrated_hist_gradient_boosting,1,2020-12-17,0,0,0.5687407592510282,0.2176623759809921,0.2176623759809921,0.35107838327003604
JNJ,calibrated_hist_gradient_boosting,1,2020-12-18,0,0,0.5507214225733099,0.22315576470332732,0.22612281272336276,0.32459860984994715
JNJ,calibrated_hist_gradient_boosting,1,2020-12-21,0,0,0.5616670925327791,0.2424739809995238,0.2424739809995238,0.31919311153325536
JNJ,calibrated_hist_gradient_boosting,1,2020-12-22,1,0,0.5525972412445138,0.2717831793258328,0.2717831793258328,0.280814061918681
JNJ,calibrated_hist_gradient_boosting,1,2020-12-23,1,0,0.5620974356732314,0.2497597417826681,0.2497597417826681,0.3123376938905633
JNJ,calibrated_hist_gradient_boosting,1,2020-12-24,1,0,0.5572663975991405,0.2548549627392311,0.2548549627392311,0.30241143485990946
JNJ,calibrated_hist_gradient_boosting,1,2020-12-28,1,0,0.5252259706920032,0.2586787708103444,0.2586787708103444,0.26654719988165876
JNJ,calibrated_hist_gradient_boosting,1,2020-12-29,1,0,0.543340770560604,0.2798305251803122,0.2798305251803122,0.26351024538029183
JNJ,calibrated_hist_gradient_boosting,1,2020-12-30,1,0,0.5711608352406466,0.24683788490792483,0.24683788490792483,0.32432295033272185
JNJ,calibrated_hist_gradient_boosting,1,2020-12-31,0,0,0.5499043981796977,0.26767269628593887,0.26767269628593887,0.28223170189375885
JNJ,calibrated_hist_gradient_boosting,1,2021-01-04,0,0,0.5517545807567752,0.22468744145023167,0.22468744145023167,0.3270671393065435
JNJ,calibrated_hist_gradient_boosting,1,2021-01-05,0,0,0.5653313681060655,0.21975400262555297,0.21975400262555297,0.34557736548051254
JNJ,calibrated_hist_gradient_boosting,1,2021-01-06,0,0,0.5618611416830891,0.25895319776590214,0.25895319776590214,0.30290794391718695
JNJ,calibrated_hist_gradient_boosting,1,2021-01-07,0,0,0.5709187264465488,0.2521402836113699,0.2521402836113699,0.3187784428351789
JNJ,calibrated_hist_gradient_boosting,1,2021-01-08,0,0,0.5478820777581686,0.2462821238424576,0.2462821238424576,0.3015999539157109
JNJ,calibrated_hist_gradient_boosting,1,2021-01-11,1,0,0.5441708911320534,0.24832424241357778,0.24832424241357778,0.29584664871847566
JNJ,calibrated_hist_gradient_boosting,1,2021-01-12,1,0,0.556539610192018,0.23115748010519188,0.23115748010519188,0.32538213008682615
JNJ,calibrated_hist_gradient_boosting,1,2021-01-13,1,0,0.5737547028753728,0.24300395944039346,0.24300395944039346,0.33075074343497934
JNJ,calibrated_hist_gradient_boosting,1,2021-01-14,0,0,0.5418286943552908,0.2542802791338297,0.2542802791338297,0.2875484152214611
JNJ,calibrated_hist_gradient_boosting,1,2021-01-15,1,0,0.5310627603275934,0.26109697246432023,0.26109697246432023,0.26996578786327313
JNJ,calibrated_hist_gradient_boosting,1,2021-01-19,1,0,0.563145304458215,0.23317140557566463,0.23317140557566463,0.32997389888255035
JNJ,calibrated_hist_gradient_boosting,1,2021-01-20,1,0,0.541066388196329,0.23455364231549372,0.23455364231549372,0.3065127458808353
JNJ,calibrated_hist_gradient_boosting,1,2021-01-21,1,0,0.5428717969033637,0.23543711855900332,0.23543711855900332,0.30743467834436045
JNJ,calibrated_hist_gradient_boosting,1,2021-01-22,0,0,0.5376857956336764,0.2517451503787021,0.2517451503787021,0.28594064525497426
JNJ,calibrated_hist_gradient_boosting,1,2021-01-25,0,0,0.5647885138834035,0.26790147453437935,0.26790147453437935,0.2968870393490241
JNJ,calibrated_hist_gradient_boosting,1,2021-01-26,-1,0,0.5600826347179898,0.272365940418636,0.272365940418636,0.2877166942993538
JNJ,calibrated_hist_gradient_boosting,1,2021-01-27,-1,0,0.5490522236429952,0.26462188975357553,0.26462188975357553,0.2844303338894197
JNJ,calibrated_hist_gradient_boosting,1,2021-01-28,-1,0,0.5442651195441167,0.25107768332788655,0.25107768332788655,0.29318743621623017
JNJ,calibrated_hist_gradient_boosting,1,2021-01-29,0,0,0.5171691674982914,0.22118004868959995,0.2616507838121087,0.25551838368618274
JNJ,calibrated_hist_gradient_boosting,1,2021-02-01,0,0,0.544850462102746,0.23335143140178516,0.23335143140178516,0.31149903070096086
JNJ,calibrated_hist_gradient_boosting,1,2021-02-02,1,0,0.5678586844917491,0.229034260885166,0.229034260885166,0.33882442360658316
JNJ,calibrated_hist_gradient_boosting,1,2021-02-03,1,0,0.5211470766206787,0.2478383494475079,0.2478383494475079,0.2733087271731708
JNJ,calibrated_hist_gradient_boosting,1,2021-02-04,1,0,0.5195005789646284,0.21204281754673052,0.26845660348864103,0.2510439754759874
JNJ,calibrated_hist_gradient_boosting,1,2021-02-05,0,0,0.5630286036320187,0.23848021823003338,0.23848021823003338,0.3245483854019853
JNJ,calibrated_hist_gradient_boosting,1,2021-02-08,0,0,0.5340029618412877,0.24198683609725294,0.24198683609725294,0.2920161257440348
JNJ,calibrated_hist_gradient_boosting,1,2021-02-09,0,0,0.5802207289920883,0.22983885346780838,0.22983885346780838,0.3503818755242799
JNJ,calibrated_hist_gradient_boosting,1,2021-02-10,0,0,0.5800652913363153,0.2384744537926029,0.2384744537926029,0.34159083754371244
JNJ,calibrated_hist_gradient_boosting,1,2021-02-11,0,0,0.5742944845912946,0.25883122984832424,0.25883122984832424,0.3154632547429704
JNJ,calibrated_hist_gradient_boosting,1,2021-02-12,-1,0,0.573520986476531,0.21958438744481304,0.21958438744481304,0.35393659903171804
JNJ,calibrated_hist_gradient_boosting,1,2021-02-16,-1,0,0.5677461284324377,0.2352804110947385,0.2352804110947385,0.33246571733769914
JNJ,calibrated_hist_gradient_boosting,1,2021-02-17,0,0,0.5563663550938228,0.21105922471351105,0.23257442019266616,0.32379193490115665
JNJ,calibrated_hist_gradient_boosting,1,2021-02-18,0,0,0.5662649405000894,0.22637202558426103,0.22637202558426103,0.3398929149158283
JNJ,calibrated_hist_gradient_boosting,1,2021-02-19,-1,0,0.5477091485951816,0.22512683668624134,0.22716401471857706,0.32054513387660455
JNJ,calibrated_hist_gradient_boosting,1,2021-02-22,0,0,0.5844360926643409,0.22573348393960835,0.22573348393960835,0.3587026087247326
JNJ,calibrated_hist_gradient_boosting,1,2021-02-23,0,0,0.5545578118319107,0.23823155451281053,0.23823155451281053,0.31632625731910013
JNJ,calibrated_hist_gradient_boosting,1,2021-02-24,-1,0,0.5536206268893681,0.2401242527883883,0.2401242527883883,0.31349637410097975
JNJ,calibrated_hist_gradient_boosting,1,2021-02-25,-1,0,0.5651375629273002,0.2322127065610642,0.2322127065610642,0.33292485636623603
JNJ,calibrated_hist_gradient_boosting,1,2021-02-26,0,0,0.5503718509583101,0.26708365126724387,0.26708365126724387,0.2832881996910662
JNJ,calibrated_hist_gradient_boosting,1,2021-03-01,0,0,0.5332985102350583,0.2681627173657735,0.2681627173657735,0.26513579286928474
JNJ,calibrated_hist_gradient_boosting,1,2021-03-02,0,0,0.5595081458935525,0.26411572381862053,0.26411572381862053,0.29539242207493194
JNJ,calibrated_hist_gradient_boosting,1,2021-03-03,0,0,0.5663603402376675,0.2321151790047403,0.2321151790047403,0.33424516123292713
JNJ,calibrated_hist_gradient_boosting,1,2021-03-04,1,0,0.515350820001243,0.22623528471321971,0.2584138952855373,0.2569369247157057
JNJ,calibrated_hist_gradient_boosting,1,2021-03-05,1,0,0.5602700592802553,0.2564140669963006,0.2564140669963006,0.3038559922839547
JNJ,calibrated_hist_gradient_boosting,1,2021-03-08,0,0,0.5474354413062484,0.23795208350341734,0.23795208350341734,0.3094833578028311
JNJ,calibrated_hist_gradient_boosting,1,2021-03-09,1,0,0.5579968571182058,0.268045280095509,0.268045280095509,0.2899515770226968
JNJ,calibrated_hist_gradient_boosting,1,2021-03-10,0,0,0.5453279801247892,0.22812151366802313,0.22812151366802313,0.3172064664567661
JNJ,calibrated_hist_gradient_boosting,1,2021-03-11,0,0,0.5460662165802653,0.24924996697625698,0.24924996697625698,0.2968162496040083
JNJ,calibrated_hist_gradient_boosting,1,2021-03-12,0,0,0.5414477527865544,0.23578216038069508,0.23578216038069508,0.30566559240585933
JNJ,calibrated_hist_gradient_boosting,1,2021-03-15,0,0,0.5279822016113161,0.23715317488458185,0.23715317488458185,0.2908290267267343
JNJ,calibrated_hist_gradient_boosting,1,2021-03-16,0,0,0.5470217294342333,0.22289997233823186,0.23007829822753476,0.31694343120669854
JNJ,calibrated_hist_gradient_boosting,1,2021-03-17,0,0,0.5283202441204039,0.22988436827730788,0.24179538760228816,0.28652485651811577
JNJ,calibrated_hist_gradient_boosting,1,2021-03-18,0,0,0.5642608176229774,0.24794364853437387,0.24794364853437387,0.3163171690886035
JNJ,calibrated_hist_gradient_boosting,1,2021-03-19,1,0,0.5419813443702638,0.2337259437712822,0.2337259437712822,0.3082554005989816
JNJ,calibrated_hist_gradient_boosting,1,2021-03-22,1,0,0.5264680523588519,0.20004344281007722,0.27348850483107096,0.2529795475277809
JNJ,calibrated_hist_gradient_boosting,1,2021-03-23,1,0,0.5472670585872473,0.22244873409895374,0.23028420731379887,0.3169828512734485
JNJ,calibrated_hist_gradient_boosting,1,2021-03-24,0,0,0.48875663930199575,0.22457892231333407,0.2866644383846702,0.20209220091732555
JNJ,calibrated_hist_gradient_boosting,1,2021-03-25,0,0,0.5079729375808744,0.23400671584617602,0.25802034657294953,0.24995259100792483
JNJ,calibrated_hist_gradient_boosting,1,2021-03-26,0,0,0.577611453218273,0.2428970474542098,0.2428970474542098,0.3347144057640632
JNJ,calibrated_hist_gradient_boosting,1,2021-03-29,0,0,0.5724327987093659,0.2471173546820237,0.2471173546820237,0.32531544402734225
JNJ,calibrated_hist_gradient_boosting,1,2021-03-30,0,0,0.5711837699586428,0.23331394447512852,0.23331394447512852,0.3378698254835143
JNJ,calibrated_hist_gradient_boosting,1,2021-03-31,0,0,0.5276031158762063,0.24643135773097705,0.24643135773097705,0.2811717581452293
JNJ,calibrated_hist_gradient_boosting,1,2021-04-01,0,0,0.5556187352708334,0.24607123221359953,0.24607123221359953,0.3095475030572339
JNJ,calibrated_hist_gradient_boosting,1,2021-04-05,0,0,0.534757882272536,0.2413832309207321,0.2413832309207321,0.29337465135180385
JNJ,calibrated_hist_gradient_boosting,1,2021-04-06,-1,0,0.582894046266405,0.21905994553616803,0.21905994553616803,0.3638341007302369
JNJ,calibrated_hist_gradient_boosting,1,2021-04-07,-1,0,0.5878638039792548,0.2167920723902438,0.2167920723902438,0.37107173158901097
JNJ,calibrated_hist_gradient_boosting,1,2021-04-08,0,0,0.5840072972474417,0.22743821820568044,0.22743821820568044,0.35656907904176127
JNJ,calibrated_hist_gradient_boosting,1,2021-04-09,0,0,0.5595935346235518,0.23719810652033224,0.23719810652033224,0.32239542810321953
JNJ,calibrated_hist_gradient_boosting,1,2021-04-12,0,0,0.5844122583490247,0.2309575810104333,0.2309575810104333,0.35345467733859137
JNJ,calibrated_hist_gradient_boosting,1,2021-04-13,1,0,0.5397871737031317,0.22923706250341921,0.23097576379344917,0.3088114099096825
JNJ,calibrated_hist_gradient_boosting,1,2021-04-14,1,0,0.5837384804255747,0.24421880466537896,0.24421880466537896,0.3395196757601958
JNJ,calibrated_hist_gradient_boosting,1,2021-04-15,1,0,0.5590355014470472,0.2541640081597105,0.2541640081597105,0.30487149328733665
JNJ,calibrated_hist_gradient_boosting,1,2021-04-16,1,0,0.5391571716002056,0.23680994457909846,0.23680994457909846,0.30234722702110717
JNJ,calibrated_hist_gradient_boosting,1,2021-04-19,0,0,0.5628903738483649,0.22893411596831872,0.22893411596831872,0.33395625788004624
JNJ,calibrated_hist_gradient_boosting,1,2021-04-20,0,0,0.5590212897423803,0.24234413574653704,0.24234413574653704,0.3166771539958433
JNJ,calibrated_hist_gradient_boosting,2,2021-04-21,-1,0,0.4430108413037986,0.30547894819961896,0.30547894819961896,0.13753189310417963
JNJ,calibrated_hist_gradient_boosting,2,2021-04-22,0,0,0.4629717052759062,0.2728892806283404,0.2728892806283404,0.1900824246475658
JNJ,calibrated_hist_gradient_boosting,2,2021-04-23,0,0,0.44276455902459105,0.29645670674318697,0.29645670674318697,0.14630785228140408
JNJ,calibrated_hist_gradient_boosting,2,2021-04-26,0,0,0.49839851432960863,0.2479749349806127,0.25362655068977863,0.24477196363983
JNJ,calibrated_hist_gradient_boosting,2,2021-04-27,1,0,0.4911430127620413,0.26075494558493123,0.26075494558493123,0.23038806717711008
JNJ,calibrated_hist_gradient_boosting,2,2021-04-28,1,0,0.47131631554040404,0.2822422354825137,0.2822422354825137,0.18907408005789034
JNJ,calibrated_hist_gradient_boosting,2,2021-04-29,1,0,0.47435744708982935,0.2769545869444424,0.2769545869444424,0.19740286014538694
JNJ,calibrated_hist_gradient_boosting,2,2021-04-30,1,0,0.4573001061573063,0.2864110855696858,0.2864110855696858,0.1708890205876205
JNJ,calibrated_hist_gradient_boosting,2,2021-05-03,1,0,0.4493913717626071,0.309387345390779,0.309387345390779,0.14000402637182807
JNJ,calibrated_hist_gradient_boosting,2,2021-05-04,0,0,0.4503116895186324,0.30207112222360805,0.30207112222360805,0.14824056729502433
JNJ,calibrated_hist_gradient_boosting,2,2021-05-05,0,0,0.4398265445785074,0.32772471145257315,0.32772471145257315,0.11210183312593425
JNJ,calibrated_hist_gradient_boosting,2,2021-05-06,0,0,0.43039273106560283,0.33614290692684895,0.33614290692684895,0.09424982413875388
JNJ,calibrated_hist_gradient_boosting,2,2021-05-07,0,0,0.4630237650342109,0.2897584514703042,0.2897584514703042,0.17326531356390668
JNJ,calibrated_hist_gradient_boosting,2,2021-05-10,0,0,0.48949550090660426,0.26553502985510596,0.26553502985510596,0.2239604710514983
JNJ,calibrated_hist_gradient_boosting,2,2021-05-11,0,0,0.4765752190158336,0.276195523389757,0.276195523389757,0.2003796956260766
JNJ,calibrated_hist_gradient_boosting,2,2021-05-12,0,0,0.467420735329305,0.29867424663745085,0.29867424663745085,0.16874648869185416
JNJ,calibrated_hist_gradient_boosting,2,2021-05-13,0,0,0.48538068577149246,0.24925860282829157,0.26536071140021594,0.22001997437127652
JNJ,calibrated_hist_gradient_boosting,2,2021-05-14,0,0,0.47645832415566086,0.2914970030138788,0.2914970030138788,0.18496132114178204
JNJ,calibrated_hist_gradient_boosting,2,2021-05-17,0,0,0.4864557637498259,0.26676228913368133,0.26676228913368133,0.21969347461614458
JNJ,calibrated_hist_gradient_boosting,2,2021-05-18,0,0,0.48845098366814055,0.2777135306491725,0.2777135306491725,0.21073745301896807
JNJ,calibrated_hist_gradient_boosting,2,2021-05-19,0,0,0.4728408577644461,0.29236647063579274,0.29236647063579274,0.18047438712865338
JNJ,calibrated_hist_gradient_boosting,2,2021-05-20,0,0,0.4917540715184984,0.2876934663127861,0.2876934663127861,0.20406060520571234
JNJ,calibrated_hist_gradient_boosting,2,2021-05-21,0,0,0.4985637328353891,0.27014037443473143,0.27014037443473143,0.22842335840065764
JNJ,calibrated_hist_gradient_boosting,2,2021-05-24,-1,0,0.4876987924451163,0.28836538537520057,0.28836538537520057,0.19933340706991576
JNJ,calibrated_hist_gradient_boosting,2,2021-05-25,-1,0,0.5046333990644507,0.250664234424687,0.250664234424687,0.2539691646397637
JNJ,calibrated_hist_gradient_boosting,2,2021-05-26,0,0,0.4464753599700284,0.3306127447427911,0.3306127447427911,0.11586261522723729
JNJ,calibrated_hist_gradient_boosting,2,2021-05-27,0,0,0.45863201739885867,0.3050402378250096,0.3050402378250096,0.15359177957384906
JNJ,calibrated_hist_gradient_boosting,2,2021-05-28,-1,0,0.4694994464410287,0.30658643829679855,0.30658643829679855,0.16291300814423015
JNJ,calibrated_hist_gradient_boosting,2,2021-06-01,0,0,0.4492508559299098,0.33436508340843396,0.33436508340843396,0.11488577252147586
JNJ,calibrated_hist_gradient_boosting,2,2021-06-02,0,0,0.4617038633609923,0.3079085695873875,0.3079085695873875,0.1537952937736048
JNJ,calibrated_hist_gradient_boosting,2,2021-06-03,0,0,0.44700096183741733,0.32438871301401023,0.32438871301401023,0.1226122488234071
JNJ,calibrated_hist_gradient_boosting,2,2021-06-04,0,0,0.4617962421285728,0.328257615366331,0.328257615366331,0.13353862676224176
JNJ,calibrated_hist_gradient_boosting,2,2021-06-07,0,0,0.42793149781223067,0.3483989249302617,0.3483989249302617,0.07953257288196897
JNJ,calibrated_hist_gradient_boosting,2,2021-06-08,0,0,0.46532824171560777,0.31716097252028824,0.31716097252028824,0.14816726919531953
JNJ,calibrated_hist_gradient_boosting,2,2021-06-09,0,0,0.4484232926027098,0.33769650234650594,0.33769650234650594,0.11072679025620386
JNJ,calibrated_hist_gradient_boosting,2,2021-06-10,0,0,0.49648551791975293,0.2863470196774559,0.2863470196774559,0.21013849824229702
JNJ,calibrated_hist_gradient_boosting,2,2021-06-11,0,0,0.4752136040039041,0.3217129002064067,0.3217129002064067,0.15350070379749742
JNJ,calibrated_hist_gradient_boosting,2,2021-06-14,0,0,0.47344932441046494,0.31179048768428796,0.31179048768428796,0.16165883672617698
JNJ,calibrated_hist_gradient_boosting,2,2021-06-15,0,0,0.47429769218789636,0.2890550938659301,0.2890550938659301,0.18524259832196627
JNJ,calibrated_hist_gradient_boosting,2,2021-06-16,0,0,0.47080521120068425,0.299016549239049,0.299016549239049,0.17178866196163523
JNJ,calibrated_hist_gradient_boosting,2,2021-06-17,0,0,0.4706974541966846,0.3141216469352431,0.3141216469352431,0.1565758072614415
JNJ,calibrated_hist_gradient_boosting,2,2021-06-18,0,0,0.4645740720067259,0.3218493857507612,0.3218493857507612,0.14272468625596468
JNJ,calibrated_hist_gradient_boosting,2,2021-06-21,0,0,0.4352390213053816,0.3485975183430287,0.3485975183430287,0.0866415029623529
JNJ,calibrated_hist_gradient_boosting,2,2021-06-22,0,0,0.4580702369289394,0.32627908517735144,0.32627908517735144,0.13179115175158795
JNJ,calibrated_hist_gradient_boosting,2,2021-06-23,0,0,0.4452063694170742,0.33713541378916173,0.33713541378916173,0.10807095562791247
JNJ,calibrated_hist_gradient_boosting,2,2021-06-24,0,0,0.4728578369543011,0.31519984194888817,0.31519984194888817,0.15765799500541294
JNJ,calibrated_hist_gradient_boosting,2,2021-06-25,1,0,0.48660252280161337,0.27106839935922133,0.27106839935922133,0.21553412344239203
JNJ,calibrated_hist_gradient_boosting,2,2021-06-28,1,0,0.46553505904002107,0.3191001785623494,0.3191001785623494,0.14643488047767167
JNJ,calibrated_hist_gradient_boosting,2,2021-06-29,1,0,0.4680289078328533,0.29159390490422116,0.29159390490422116,0.17643500292863212
JNJ,calibrated_hist_gradient_boosting,2,2021-06-30,1,0,0.4888298960198176,0.2785498166013,0.2785498166013,0.21028007941851756
JNJ,calibrated_hist_gradient_boosting,2,2021-07-01,1,0,0.4677082868630846,0.303063927286826,0.303063927286826,0.16464435957625856
JNJ,calibrated_hist_gradient_boosting,2,2021-07-02,0,0,0.475321295401506,0.2952704391657583,0.2952704391657583,0.18005085623574774
JNJ,calibrated_hist_gradient_boosting,2,2021-07-06,0,0,0.43220653149912946,0.33349960341119583,0.33349960341119583,0.09870692808793363
JNJ,calibrated_hist_gradient_boosting,2,2021-07-07,0,0,0.48378276996735753,0.27540608130698124,0.27540608130698124,0.20837668866037629
JNJ,calibrated_hist_gradient_boosting,2,2021-07-08,0,0,0.46164496408667083,0.28420378697687,0.28420378697687,0.17744117710980084
JNJ,calibrated_hist_gradient_boosting,2,2021-07-09,0,0,0.46791252911660414,0.3074962771980801,0.3074962771980801,0.16041625191852404
JNJ,calibrated_hist_gradient_boosting,2,2021-07-12,0,0,0.47332951559746156,0.2944267085429597,0.2944267085429597,0.17890280705450184
JNJ,calibrated_hist_gradient_boosting,2,2021-07-13,0,0,0.46390706762410044,0.3077595237593585,0.3077595237593585,0.15614754386474194
JNJ,calibrated_hist_gradient_boosting,2,2021-07-14,0,0,0.499241929932209,0.2556819727481286,0.2556819727481286,0.2435599571840804
JNJ,calibrated_hist_gradient_boosting,2,2021-07-15,0,0,0.45001788329332787,0.3120586396501906,0.3120586396501906,0.13795924364313727
JNJ,calibrated_hist_gradient_boosting,2,2021-07-16,1,0,0.4482159345824958,0.32199252587999555,0.32199252587999555,0.12622340870250026
JNJ,calibrated_hist_gradient_boosting,2,2021-07-19,1,0,0.47869409821145975,0.2893069122747237,0.2893069122747237,0.18938718593673604
JNJ,calibrated_hist_gradient_boosting,2,2021-07-20,1,0,0.46461743872024924,0.31341183572716574,0.31341183572716574,0.1512056029930835
JNJ,calibrated_hist_gradient_boosting,2,2021-07-21,0,0,0.45340386666884464,0.32270674323010845,0.32270674323010845,0.13069712343873618
JNJ,calibrated_hist_gradient_boosting,2,2021-07-22,0,0,0.4523599363013548,0.32359929912762037,0.32359929912762037,0.12876063717373443
JNJ,calibrated_hist_gradient_boosting,2,2021-07-23,0,0,0.46710064512530575,0.31457049289772115,0.31457049289772115,0.1525301522275846
JNJ,calibrated_hist_gradient_boosting,2,2021-07-26,0,0,0.4675262559957611,0.296347613872252,0.296347613872252,0.17117864212350908
JNJ,calibrated_hist_gradient_boosting,2,2021-07-27,0,0,0.46246738468337933,0.2988960459546765,0.2988960459546765,0.16357133872870283
JNJ,calibrated_hist_gradient_boosting,2,2021-07-28,0,0,0.48180297962349794,0.284343503387558,0.284343503387558,0.19745947623593996
JNJ,calibrated_hist_gradient_boosting,2,2021-07-29,0,0,0.47945667538879677,0.292586924922782,0.292586924922782,0.18686975046601478
JNJ,calibrated_hist_gradient_boosting,2,2021-07-30,0,0,0.4924049630214086,0.27551128841945444,0.27551128841945444,0.2168936746019542
JNJ,calibrated_hist_gradient_boosting,2,2021-08-02,0,0,0.49205882482618785,0.271622161487824,0.271622161487824,0.22043666333836387
JNJ,calibrated_hist_gradient_boosting,2,2021-08-03,0,0,0.5027116511533061,0.24587237245977422,0.25141597638691965,0.2512956747663864
JNJ,calibrated_hist_gradient_boosting,2,2021-08-04,0,0,0.49465285761697175,0.26194461897606613,0.26194461897606613,0.23270823864090562
JNJ,calibrated_hist_gradient_boosting,2,2021-08-05,0,0,0.4923478518741871,0.28707312077682184,0.28707312077682184,0.20527473109736527
JNJ,calibrated_hist_gradient_boosting,2,2021-08-06,0,0,0.4844663952872419,0.2978920032118592,0.2978920032118592,0.18657439207538268
JNJ,calibrated_hist_gradient_boosting,2,2021-08-09,1,0,0.49780080375310004,0.27769310415766474,0.27769310415766474,0.2201076995954353
JNJ,calibrated_hist_gradient_boosting,2,2021-08-10,1,0,0.49563221015852044,0.282798017782186,0.282798017782186,0.21283419237633444
JNJ,calibrated_hist_gradient_boosting,2,2021-08-11,0,0,0.5049722928014547,0.26995869097208236,0.26995869097208236,0.23501360182937236
JNJ,calibrated_hist_gradient_boosting,2,2021-08-12,0,0,0.4709909045082279,0.308024303183463,0.308024303183463,0.16296660132476487
JNJ,calibrated_hist_gradient_boosting,2,2021-08-13,0,0,0.46347561939029536,0.3235067514303489,0.3235067514303489,0.13996886795994645
JNJ,calibrated_hist_gradient_boosting,2,2021-08-16,0,0,0.5029941064964844,0.2509006724912866,0.2509006724912866,0.25209343400519774
JNJ,calibrated_hist_gradient_boosting,2,2021-08-17,0,0,0.4900977794175898,0.25940376106218593,0.25940376106218593,0.23069401835540387
JNJ,calibrated_hist_gradient_boosting,2,2021-08-18,0,0,0.49134675418607016,0.2846582684734388,0.2846582684734388,0.20668848571263138
JNJ,calibrated_hist_gradient_boosting,2,2021-08-19,-1,0,0.47855303460310417,0.28792269356682065,0.28792269356682065,0.1906303410362835
JNJ,calibrated_hist_gradient_boosting,2,2021-08-20,-1,0,0.5007563727870891,0.26050000880826446,0.26050000880826446,0.2402563639788246
JNJ,calibrated_hist_gradient_boosting,2,2021-08-23,-1,0,0.4873919232280293,0.28049780401319585,0.28049780401319585,0.20689411921483347
JNJ,calibrated_hist_gradient_boosting,2,2021-08-24,0,0,0.46250147226837995,0.3334159396483954,0.3334159396483954,0.12908553261998457
JNJ,calibrated_hist_gradient_boosting,2,2021-08-25,0,0,0.44495002921128185,0.3279127807721747,0.3279127807721747,0.11703724843910718
JNJ,calibrated_hist_gradient_boosting,2,2021-08-26,0,0,0.44462364999115117,0.31436043653498413,0.31436043653498413,0.13026321345616704
JNJ,calibrated_hist_gradient_boosting,2,2021-08-27,0,0,0.45618064848948436,0.3266568340840696,0.3266568340840696,0.12952381440541477
JNJ,calibrated_hist_gradient_boosting,2,2021-08-30,0,0,0.4556767446775812,0.3248405655470295,0.3248405655470295,0.13083617913055168
JNJ,calibrated_hist_gradient_boosting,2,2021-08-31,0,0,0.4570618714191241,0.31215625576611183,0.31215625576611183,0.14490561565301224
JNJ,calibrated_hist_gradient_boosting,2,2021-09-01,-1,0,0.47785022311042774,0.3125621277617601,0.3125621277617601,0.16528809534866762
JNJ,calibrated_hist_gradient_boosting,2,2021-09-02,-1,0,0.4727306955014383,0.31282469020485254,0.31282469020485254,0.15990600529658577
JNJ,calibrated_hist_gradient_boosting,2,2021-09-03,-1,0,0.4692329318465363,0.2996216456850768,0.2996216456850768,0.16961128616145948
JNJ,calibrated_hist_gradient_boosting,2,2021-09-07,-1,0,0.4634054794277875,0.3168078177611131,0.3168078177611131,0.14659766166667437
JNJ,calibrated_hist_gradient_boosting,2,2021-09-08,-1,0,0.46207976804229384,0.30857479948863625,0.30857479948863625,0.15350496855365758
JNJ,calibrated_hist_gradient_boosting,2,2021-09-09,0,0,0.46391924062914586,0.3073518703323115,0.3073518703323115,0.15656737029683437
JNJ,calibrated_hist_gradient_boosting,2,2021-09-10,0,0,0.45223477284603986,0.3194935265281445,0.3194935265281445,0.13274124631789536
JNJ,calibrated_hist_gradient_boosting,2,2021-09-13,0,0,0.4586285852326178,0.31105134416312086,0.31105134416312086,0.14757724106949693
JNJ,calibrated_hist_gradient_boosting,2,2021-09-14,0,0,0.4532015830875881,0.2878858194234397,0.2878858194234397,0.1653157636641484
JNJ,calibrated_hist_gradient_boosting,2,2021-09-15,0,0,0.4529990206064783,0.3119214195062768,0.3119214195062768,0.1410776011002015
JNJ,calibrated_hist_gradient_boosting,2,2021-09-16,0,0,0.46417617596801347,0.29387923309892056,0.29387923309892056,0.17029694286909292
JNJ,calibrated_hist_gradient_boosting,2,2021-09-17,0,0,0.47415739909139026,0.2968703270030347,0.2968703270030347,0.1772870720883556
JNJ,calibrated_hist_gradient_boosting,2,2021-09-20,0,0,0.4670987459547728,0.2984936490722334,0.2984936490722334,0.16860509688253938
JNJ,calibrated_hist_gradient_boosting,2,2021-09-21,0,0,0.4712208122318855,0.3193142632831343,0.3193142632831343,0.15190654894875122
JNJ,calibrated_hist_gradient_boosting,2,2021-09-22,0,0,0.44659388315723064,0.3404604943955018,0.3404604943955018,0.10613338876172884
JNJ,calibrated_hist_gradient_boosting,2,2021-09-23,-1,0,0.4702295089332982,0.3224100861586934,0.3224100861586934,0.1478194227746048
JNJ,calibrated_hist_gradient_boosting,2,2021-09-24,-1,0,0.4693811969554112,0.31783349419660634,0.31783349419660634,0.15154770275880486
JNJ,calibrated_hist_gradient_boosting,2,2021-09-27,-1,0,0.45599598661009805,0.33268852768797036,0.33268852768797036,0.12330745892212769
JNJ,calibrated_hist_gradient_boosting,2,2021-09-28,0,0,0.46502272118957505,0.3110670020371883,0.3110670020371883,0.15395571915238676
JNJ,calibrated_hist_gradient_boosting,2,2021-09-29,-1,0,0.4690270894815267,0.3099779597240227,0.3099779597240227,0.15904912975750402
JNJ,calibrated_hist_gradient_boosting,2,2021-09-30,0,0,0.4771684321397219,0.3183131616729211,0.3183131616729211,0.15885527046680076
JNJ,calibrated_hist_gradient_boosting,2,2021-10-01,0,0,0.4617715641684812,0.3218088096724234,0.3218088096724234,0.13996275449605777
JNJ,calibrated_hist_gradient_boosting,2,2021-10-04,0,0,0.4677060196943393,0.30468397967355726,0.30468397967355726,0.16302204002078202
JNJ,calibrated_hist_gradient_boosting,2,2021-10-05,0,0,0.4601432613215171,0.3362412323012957,0.3362412323012957,0.1239020290202214
JNJ,calibrated_hist_gradient_boosting,2,2021-10-06,0,0,0.4583505808439514,0.3225231029102359,0.3225231029102359,0.13582747793371552
JNJ,calibrated_hist_gradient_boosting,2,2021-10-07,0,0,0.4451171669172256,0.3338238545610169,0.3338238545610169,0.1112933123562087
JNJ,calibrated_hist_gradient_boosting,2,2021-10-08,0,0,0.47032206342802224,0.31400998471179153,0.31400998471179153,0.1563120787162307
JNJ,calibrated_hist_gradient_boosting,2,2021-10-11,0,0,0.4754672757264545,0.29694625636419203,0.29694625636419203,0.17852101936226245
JNJ,calibrated_hist_gradient_boosting,2,2021-10-12,1,0,0.4699928723679925,0.3225008492939085,0.3225008492939085,0.147492023074084
JNJ,calibrated_hist_gradient_boosting,2,2021-10-13,1,0,0.4527512654225026,0.33310845254209226,0.33310845254209226,0.11964281288041034
JNJ,calibrated_hist_gradient_boosting,2,2021-10-14,1,0,0.4669473743762433,0.3231832329414062,0.3231832329414062,0.14376414143483707
JNJ,calibrated_hist_gradient_boosting,2,2021-10-15,0,0,0.4707801653489307,0.3008776086009306,0.3008776086009306,0.1699025567480001
JNJ,calibrated_hist_gradient_boosting,2,2021-10-18,1,0,0.47057127269888327,0.3220427387560038,0.3220427387560038,0.14852853394287946
JNJ,calibrated_hist_gradient_boosting,2,2021-10-19,0,0,0.4575530514570581,0.29538576406592437,0.29538576406592437,0.16216728739113373
JNJ,calibrated_hist_gradient_boosting,2,2021-10-20,0,0,0.4447824172323051,0.32607317490704263,0.32607317490704263,0.11870924232526248
JNJ,calibrated_hist_gradient_boosting,2,2021-10-21,0,0,0.4515557959265546,0.31972405980948276,0.31972405980948276,0.13183173611707183
JNJ,calibrated_hist_gradient_boosting,2,2021-10-22,0,0,0.47992342672697513,0.2944608779563082,0.2944608779563082,0.18546254877066692
JNJ,calibrated_hist_gradient_boosting,2,2021-10-25,0,0,0.453747919727058,0.32449251756315106,0.32449251756315106,0.12925540216390696
JNJ,calibrated_hist_gradient_boosting,2,2021-10-26,0,0,0.4730259035321645,0.291679837431517,0.291679837431517,0.18134606610064752
JNJ,calibrated_hist_gradient_boosting,2,2021-10-27,0,0,0.4607263426199701,0.30927944239581723,0.30927944239581723,0.15144690022415286
JNJ,calibrated_hist_gradient_boosting,2,2021-10-28,0,0,0.4592717545077172,0.32207484263114117,0.32207484263114117,0.137196911876576
JNJ,calibrated_hist_gradient_boosting,2,2021-10-29,0,0,0.45237796894016796,0.3224386002477504,0.3224386002477504,0.12993936869241757
JNJ,calibrated_hist_gradient_boosting,2,2021-11-01,0,0,0.47234458285824815,0.29961791925487824,0.29961791925487824,0.1727266636033699
JNJ,calibrated_hist_gradient_boosting,2,2021-11-02,0,0,0.44427061919809824,0.32180303810011895,0.32180303810011895,0.12246758109797928
JNJ,calibrated_hist_gradient_boosting,2,2021-11-03,0,0,0.44599028910625993,0.31509731270420155,0.31509731270420155,0.13089297640205838
JNJ,calibrated_hist_gradient_boosting,2,2021-11-04,0,0,0.4560427505897595,0.2822316595094296,0.2822316595094296,0.17381109108032994
JNJ,calibrated_hist_gradient_boosting,2,2021-11-05,0,0,0.47991064300027436,0.2614339585682906,0.2614339585682906,0.21847668443198376
JNJ,calibrated_hist_gradient_boosting,2,2021-11-08,0,0,0.504575835933918,0.24962099874203914,0.24962099874203914,0.25495483719187884
JNJ,calibrated_hist_gradient_boosting,2,2021-11-09,0,0,0.4815421748382495,0.2823195785295533,0.2823195785295533,0.1992225963086962
JNJ,calibrated_hist_gradient_boosting,2,2021-11-10,0,0,0.4596913115742958,0.33347235468275427,0.33347235468275427,0.12621895689154156
JNJ,calibrated_hist_gradient_boosting,2,2021-11-11,0,0,0.4695869467099063,0.3203681160028479,0.3203681160028479,0.14921883070705838
JNJ,calibrated_hist_gradient_boosting,2,2021-11-12,0,0,0.4582869593290139,0.30221256041672934,0.30221256041672934,0.15607439891228458
JNJ,calibrated_hist_gradient_boosting,2,2021-11-15,0,0,0.4797227827967223,0.30192620818650645,0.30192620818650645,0.17779657461021586
JNJ,calibrated_hist_gradient_boosting,2,2021-11-16,0,0,0.4782274051247591,0.29532103760126566,0.29532103760126566,0.18290636752349343
JNJ,calibrated_hist_gradient_boosting,2,2021-11-17,0,0,0.4852556210966214,0.28408570331192134,0.28408570331192134,0.20116991778470006
JNJ,calibrated_hist_gradient_boosting,2,2021-11-18,0,0,0.4682886191936693,0.2863564815749845,0.2863564815749845,0.18193213761868482
JNJ,calibrated_hist_gradient_boosting,2,2021-11-19,0,0,0.49034198952604363,0.28732942417640756,0.28732942417640756,0.20301256534963608
JNJ,calibrated_hist_gradient_boosting,2,2021-11-22,-1,0,0.49892284315758567,0.26258690156102044,0.26258690156102044,0.23633594159656524
JNJ,calibrated_hist_gradient_boosting,2,2021-11-23,0,0,0.49061281537326956,0.2835135336746186,0.2835135336746186,0.20709928169865094
JNJ,calibrated_hist_gradient_boosting,2,2021-11-24,0,0,0.48559475821753456,0.30755946791796224,0.30755946791796224,0.17803529029957232
JNJ,calibrated_hist_gradient_boosting,2,2021-11-26,0,0,0.48036267667539484,0.30796480632485795,0.30796480632485795,0.17239787035053689
JNJ,calibrated_hist_gradient_boosting,2,2021-11-29,0,0,0.4555142448676793,0.337378541446762,0.337378541446762,0.11813570342091728
JNJ,calibrated_hist_gradient_boosting,2,2021-11-30,1,0,0.47319102280952174,0.3025244825240702,0.3025244825240702,0.17066654028545153
JNJ,calibrated_hist_gradient_boosting,2,2021-12-01,1,0,0.43967484611326135,0.3247411601278442,0.3247411601278442,0.11493368598541714
JNJ,calibrated_hist_gradient_boosting,2,2021-12-02,1,0,0.42780390421832526,0.35041842820928615,0.35041842820928615,0.07738547600903911
JNJ,calibrated_hist_gradient_boosting,2,2021-12-03,1,0,0.4374743773658592,0.33296965714388516,0.33296965714388516,0.10450472022197405
JNJ,calibrated_hist_gradient_boosting,2,2021-12-06,1,0,0.45672690199618987,0.29774833659899264,0.29774833659899264,0.15897856539719724
JNJ,calibrated_hist_gradient_boosting,2,2021-12-07,1,0,0.44630169964979594,0.3128537454197596,0.3128537454197596,0.13344795423003636
JNJ,calibrated_hist_gradient_boosting,2,2021-12-08,1,0,0.4408185051606012,0.3155633984750697,0.3155633984750697,0.12525510668553153
JNJ,calibrated_hist_gradient_boosting,2,2021-12-09,1,0,0.46994698107932176,0.26094604020602014,0.26910697871465805,0.2008400023646637
JNJ,calibrated_hist_gradient_boosting,2,2021-12-10,0,0,0.4673955152235633,0.2847954790380263,0.2847954790380263,0.182600036185537
JNJ,calibrated_hist_gradient_boosting,2,2021-12-13,0,0,0.49337925004307176,0.25854923355690396,0.25854923355690396,0.2348300164861678
JNJ,calibrated_hist_gradient_boosting,2,2021-12-14,0,0,0.46441978932818856,0.28584330668295405,0.28584330668295405,0.1785764826452345
JNJ,calibrated_hist_gradient_boosting,2,2021-12-15,0,0,0.46605069950837263,0.2817902151884033,0.2817902151884033,0.18426048431996933
JNJ,calibrated_hist_gradient_boosting,2,2021-12-16,-1,0,0.47909758006223546,0.2600996535494513,0.26080276638831323,0.21829481367392223
JNJ,calibrated_hist_gradient_boosting,2,2021-12-17,0,0,0.4991201492922433,0.2499991844531104,0.2508806662546464,0.2482394830375969
JNJ,calibrated_hist_gradient_boosting,2,2021-12-20,0,0,0.4774334223611472,0.2923498277611946,0.2923498277611946,0.1850835945999526
JNJ,calibrated_hist_gradient_boosting,2,2021-12-21,1,0,0.4509233825262668,0.3265928913646925,0.3265928913646925,0.1243304911615743
JNJ,calibrated_hist_gradient_boosting,2,2021-12-22,1,0,0.45559828862154556,0.3171991942143341,0.3171991942143341,0.13839909440721143
JNJ,calibrated_hist_gradient_boosting,2,2021-12-23,0,0,0.4444758635678583,0.33421238626382194,0.33421238626382194,0.11026347730403635
JNJ,calibrated_hist_gradient_boosting,2,2021-12-27,0,0,0.4509519361851104,0.30495663954406044,0.30495663954406044,0.14599529664105
JNJ,calibrated_hist_gradient_boosting,2,2021-12-28,0,0,0.473707007981558,0.28222941376595234,0.28222941376595234,0.19147759421560567
JNJ,calibrated_hist_gradient_boosting,2,2021-12-29,0,0,0.4753370924234617,0.286990563345759,0.286990563345759,0.18834652907770272
JNJ,calibrated_hist_gradient_boosting,2,2021-12-30,0,0,0.49302126412084424,0.2558115285533619,0.2558115285533619,0.23720973556748232
JNJ,calibrated_hist_gradient_boosting,2,2021-12-31,0,0,0.45716781184687894,0.3093874659920158,0.3093874659920158,0.14778034585486316
JNJ,calibrated_hist_gradient_boosting,2,2022-01-03,0,0,0.4923134221609337,0.2812726616414084,0.2812726616414084,0.2110407605195253
JNJ,calibrated_hist_gradient_boosting,2,2022-01-04,0,0,0.48649508812792663,0.29751545446818034,0.29751545446818034,0.1889796336597463
JNJ,calibrated_hist_gradient_boosting,2,2022-01-05,0,0,0.5132973985177215,0.2642723627514351,0.2642723627514351,0.24902503576628637
JNJ,calibrated_hist_gradient_boosting,2,2022-01-06,0,0,0.48314030414904646,0.29430788828437715,0.29430788828437715,0.1888324158646693
JNJ,calibrated_hist_gradient_boosting,2,2022-01-07,-1,0,0.4753774586501452,0.28527088118199845,0.28527088118199845,0.19010657746814674
JNJ,calibrated_hist_gradient_boosting,2,2022-01-10,-1,0,0.4897480853326108,0.2805980036092451,0.2805980036092451,0.20915008172336574
JNJ,calibrated_hist_gradient_boosting,2,2022-01-11,-1,0,0.4688732852209448,0.32268582421669856,0.32268582421669856,0.14618746100424623
JNJ,calibrated_hist_gradient_boosting,2,2022-01-12,-1,0,0.48671849867632644,0.30677853101066666,0.30677853101066666,0.17993996766565978
JNJ,calibrated_hist_gradient_boosting,2,2022-01-13,-1,0,0.462405096445877,0.31576384649146383,0.31576384649146383,0.1466412499544132
JNJ,calibrated_hist_gradient_boosting,2,2022-01-14,-1,0,0.4405847421089824,0.3354229537569707,0.3354229537569707,0.10516178835201173
JNJ,calibrated_hist_gradient_boosting,2,2022-01-18,0,0,0.44262014470380806,0.32015044732352277,0.32015044732352277,0.12246969738028529
JNJ,calibrated_hist_gradient_boosting,2,2022-01-19,0,0,0.44340096357922215,0.3136738742961338,0.3136738742961338,0.12972708928308835
JNJ,calibrated_hist_gradient_boosting,2,2022-01-20,1,0,0.4214490881938606,0.35243949175094785,0.35243949175094785,0.06900959644291277
JNJ,calibrated_hist_gradient_boosting,2,2022-01-21,1,0,0.42953122507161035,0.3525683246251483,0.3525683246251483,0.07696290044646203
JNJ,calibrated_hist_gradient_boosting,2,2022-01-24,1,0,0.44717867047394405,0.33457437476114116,0.33457437476114116,0.1126042957128029
JNJ,calibrated_hist_gradient_boosting,2,2022-01-25,0,0,0.4227612734045935,0.3475845714064252,0.3475845714064252,0.07517670199816834
JNJ,calibrated_hist_gradient_boosting,2,2022-01-26,1,0,0.43922755553773984,0.33350360219599556,0.33350360219599556,0.10572395334174428
JNJ,calibrated_hist_gradient_boosting,2,2022-01-27,0,0,0.4527580965108154,0.31501763314666836,0.31501763314666836,0.13774046336414703
JNJ,calibrated_hist_gradient_boosting,2,2022-01-28,0,0,0.42446406331897535,0.35137858943461814,0.35137858943461814,0.07308547388435721
JNJ,calibrated_hist_gradient_boosting,2,2022-01-31,0,0,0.4527492043436316,0.31711088864850795,0.31711088864850795,0.13563831569512363
JNJ,calibrated_hist_gradient_boosting,2,2022-02-01,0,0,0.45647275582613017,0.3184726296571411,0.3184726296571411,0.13800012616898905
JNJ,calibrated_hist_gradient_boosting,2,2022-02-02,0,0,0.4762722901988048,0.2595971634652911,0.2641305463359041,0.2121417438629007
JNJ,calibrated_hist_gradient_boosting,2,2022-02-03,0,0,0.485618781254777,0.27474404697608373,0.27474404697608373,0.21087473427869324
JNJ,calibrated_hist_gradient_boosting,2,2022-02-04,-1,0,0.4929708906521834,0.2509907727424734,0.2560383366053433,0.2369325540468401
JNJ,calibrated_hist_gradient_boosting,2,2022-02-07,-1,0,0.47248107876339457,0.2895705648698195,0.2895705648698195,0.18291051389357504
JNJ,calibrated_hist_gradient_boosting,2,2022-02-08,-1,0,0.4732412351932113,0.302719145379863,0.302719145379863,0.17052208981334832
JNJ,calibrated_hist_gradient_boosting,2,2022-02-09,-1,0,0.4625103136956086,0.31710738194967225,0.31710738194967225,0.14540293174593633
JNJ,calibrated_hist_gradient_boosting,2,2022-02-10,0,0,0.46998960434167847,0.3001923675868014,0.3001923675868014,0.16979723675487707
JNJ,calibrated_hist_gradient_boosting,2,2022-02-11,0,0,0.427309007125817,0.35065046564199626,0.35065046564199626,0.07665854148382073
JNJ,calibrated_hist_gradient_boosting,2,2022-02-14,-1,0,0.4197415644775877,0.344808910441801,0.344808910441801,0.0749326540357867
JNJ,calibrated_hist_gradient_boosting,2,2022-02-15,-1,0,0.43333001859367637,0.32811993073108764,0.32811993073108764,0.10521008786258873
JNJ,calibrated_hist_gradient_boosting,2,2022-02-16,-1,0,0.43805240153947295,0.31560417875278496,0.31560417875278496,0.12244822278668799
JNJ,calibrated_hist_gradient_boosting,2,2022-02-17,0,0,0.4167457012005684,0.3541319562524759,0.3541319562524759,0.06261374494809252
JNJ,calibrated_hist_gradient_boosting,2,2022-02-18,0,0,0.4142333812867987,0.352972011290482,0.352972011290482,0.061261369996316706
JNJ,calibrated_hist_gradient_boosting,2,2022-02-22,0,0,0.436331461305459,0.3344917046065832,0.3344917046065832,0.10183975669887585
JNJ,calibrated_hist_gradient_boosting,2,2022-02-23,1,0,0.4216124973869369,0.339626984109246,0.339626984109246,0.08198551327769088
JNJ,calibrated_hist_gradient_boosting,2,2022-02-24,1,0,0.45179316171867256,0.3289940563017139,0.3289940563017139,0.12279910541695865
JNJ,calibrated_hist_gradient_boosting,2,2022-02-25,1,0,0.45091728036969897,0.32100920211856904,0.32100920211856904,0.12990807825112993
JNJ,calibrated_hist_gradient_boosting,2,2022-02-28,1,0,0.45148591764838786,0.3261748243575621,0.3261748243575621,0.12531109329082574
JNJ,calibrated_hist_gradient_boosting,2,2022-03-01,1,0,0.4433606595048711,0.3275942026914711,0.3275942026914711,0.11576645681339998
JNJ,calibrated_hist_gradient_boosting,2,2022-03-02,0,0,0.46349398069626463,0.3074588217875558,0.3074588217875558,0.15603515890870884
JNJ,calibrated_hist_gradient_boosting,2,2022-03-03,0,0,0.44244745660557766,0.3446613141747923,0.3446613141747923,0.09778614243078537
JNJ,calibrated_hist_gradient_boosting,2,2022-03-04,0,0,0.4433947238362547,0.34083647594326383,0.34083647594326383,0.1025582478929909
JNJ,calibrated_hist_gradient_boosting,2,2022-03-07,0,0,0.4686718153512243,0.29869755875121756,0.29869755875121756,0.16997425660000676
JNJ,calibrated_hist_gradient_boosting,2,2022-03-08,1,0,0.46656127541471587,0.2976511956672972,0.2976511956672972,0.16891007974741867
JNJ,calibrated_hist_gradient_boosting,2,2022-03-09,1,0,0.47121508006861984,0.306923356209534,0.306923356209534,0.16429172385908586
JNJ,calibrated_hist_gradient_boosting,2,2022-03-10,1,0,0.4788862809761169,0.2906937268156808,0.2906937268156808,0.18819255416043612
JNJ,calibrated_hist_gradient_boosting,2,2022-03-11,1,0,0.43309821133516985,0.34897068732977193,0.34897068732977193,0.08412752400539791
JNJ,calibrated_hist_gradient_boosting,2,2022-03-14,1,0,0.44848981935969484,0.3111908608851648,0.3111908608851648,0.13729895847453005
JNJ,calibrated_hist_gradient_boosting,2,2022-03-15,0,0,0.46952223858585795,0.273903859372477,0.273903859372477,0.19561837921338093
JNJ,calibrated_hist_gradient_boosting,2,2022-03-16,0,0,0.46168343949840557,0.28429096830087947,0.28429096830087947,0.1773924711975261
JNJ,calibrated_hist_gradient_boosting,2,2022-03-17,0,0,0.47919236214951527,0.24165379072415158,0.2791538471263331,0.20003851502318215
JNJ,calibrated_hist_gradient_boosting,2,2022-03-18,0,0,0.47272729879185454,0.27764490744173204,0.27764490744173204,0.1950823913501225
JNJ,calibrated_hist_gradient_boosting,2,2022-03-21,0,0,0.47179468082749354,0.27998858897235307,0.27998858897235307,0.19180609185514047
JNJ,calibrated_hist_gradient_boosting,2,2022-03-22,0,0,0.47078627719757193,0.26471158326917293,0.26471158326917293,0.206074693928399
JNJ,calibrated_hist_gradient_boosting,2,2022-03-23,1,0,0.4542879463530707,0.30104243238767703,0.30104243238767703,0.15324551396539365
JNJ,calibrated_hist_gradient_boosting,2,2022-03-24,0,0,0.461856648659309,0.29967933997663565,0.29967933997663565,0.16217730868267333
JNJ,calibrated_hist_gradient_boosting,2,2022-03-25,0,0,0.49141703942964615,0.24481626896834366,0.2637666916020102,0.22765034782763593
JNJ,calibrated_hist_gradient_boosting,2,2022-03-28,0,0,0.49783001506527813,0.23124019284475636,0.27092979208996554,0.2269002229753126
JNJ,calibrated_hist_gradient_boosting,2,2022-03-29,0,0,0.4532996425373626,0.2804142722460435,0.2804142722460435,0.17288537029131912
JNJ,calibrated_hist_gradient_boosting,2,2022-03-30,0,0,0.4571619484524312,0.2804852423766622,0.2804852423766622,0.17667670607576896
JNJ,calibrated_hist_gradient_boosting,2,2022-03-31,1,0,0.47279700582996326,0.30625514405211324,0.30625514405211324,0.16654186177785002
JNJ,calibrated_hist_gradient_boosting,2,2022-04-01,1,0,0.4534288855877462,0.3277879367685617,0.3277879367685617,0.12564094881918447
JNJ,calibrated_hist_gradient_boosting,2,2022-04-04,0,0,0.4751676004661418,0.27593436435010715,0.27593436435010715,0.19923323611603466
JNJ,calibrated_hist_gradient_boosting,2,2022-04-05,0,0,0.43917326624430797,0.34606592408417863,0.34606592408417863,0.09310734216012934
JNJ,calibrated_hist_gradient_boosting,2,2022-04-06,0,0,0.4779649806786237,0.2765376494435931,0.2765376494435931,0.2014273312350306
JNJ,calibrated_hist_gradient_boosting,2,2022-04-07,0,0,0.4722639623675294,0.25072935486461856,0.27700668276785206,0.1952572795996773
JNJ,calibrated_hist_gradient_boosting,2,2022-04-08,-1,0,0.4689469992523243,0.2596380297180567,0.2714149710296189,0.19753202822270538
JNJ,calibrated_hist_gradient_boosting,2,2022-04-11,0,0,0.46222078539335715,0.31142138017818155,0.31142138017818155,0.1507994052151756
JNJ,calibrated_hist_gradient_boosting,2,2022-04-12,1,0,0.4415203679127035,0.3154437763391086,0.3154437763391086,0.1260765915735949
JNJ,calibrated_hist_gradient_boosting,2,2022-04-13,0,0,0.44629968399770004,0.3238757398109725,0.3238757398109725,0.12242394418672753
JNJ,calibrated_hist_gradient_boosting,2,2022-04-14,0,0,0.45089691465587745,0.3277298243380111,0.3277298243380111,0.12316709031786632
JNJ,calibrated_hist_gradient_boosting,2,2022-04-18,1,0,0.4698082113422461,0.29426879988718235,0.29426879988718235,0.17553941145506374
JNJ,calibrated_hist_gradient_boosting,2,2022-04-19,0,0,0.4770829004950771,0.2584241307728193,0.2644929687321036,0.21258993176297353
JNJ,calibrated_hist_gradient_boosting,2,2022-04-20,0,0,0.4955538960935899,0.23929536890363692,0.2651507350027731,0.23040316109081682
JNJ,calibrated_hist_gradient_boosting,2,2022-04-21,0,0,0.44095086241230447,0.3183696220624612,0.3183696220624612,0.12258124034984325
JNJ,calibrated_hist_gradient_boosting,2,2022-04-22,0,0,0.45494595545333305,0.30735562625965224,0.30735562625965224,0.1475903291936808
JNJ,calibrated_hist_gradient_boosting,2,2022-04-25,-1,0,0.44769268388449857,0.3137333165143983,0.3137333165143983,0.13395936737010028
JNJ,calibrated_hist_gradient_boosting,2,2022-04-26,-1,0,0.44890962931719436,0.3263826851466686,0.3263826851466686,0.12252694417052573
JNJ,calibrated_hist_gradient_boosting,2,2022-04-27,0,0,0.45909759295262603,0.3349273052635722,0.3349273052635722,0.12417028768905386
JNJ,calibrated_hist_gradient_boosting,2,2022-04-28,-1,0,0.45987789261770556,0.31061998674661145,0.31061998674661145,0.1492579058710941
JNJ,calibrated_hist_gradient_boosting,2,2022-04-29,-1,0,0.43414952145266356,0.3609827423976743,0.3609827423976743,0.07316677905498925
JNJ,calibrated_hist_gradient_boosting,2,2022-05-02,0,0,0.4320504812977986,0.3635767784761476,0.3635767784761476,0.068473702821651
JNJ,calibrated_hist_gradient_boosting,2,2022-05-03,0,0,0.44586605156393055,0.3380708313376098,0.3380708313376098,0.10779522022632076
JNJ,calibrated_hist_gradient_boosting,2,2022-05-04,-1,0,0.4535435537839126,0.3173697005826043,0.3173697005826043,0.13617385320130831
JNJ,calibrated_hist_gradient_boosting,2,2022-05-05,0,0,0.433779200857958,0.3351467875085959,0.3351467875085959,0.09863241334936212
JNJ,calibrated_hist_gradient_boosting,2,2022-05-06,0,0,0.44734365929641023,0.3131200981606439,0.3131200981606439,0.13422356113576633
JNJ,calibrated_hist_gradient_boosting,2,2022-05-09,0,0,0.41409677392767114,0.35547027539600634,0.35547027539600634,0.058626498531664795
JNJ,calibrated_hist_gradient_boosting,2,2022-05-10,0,0,0.4248845578851345,0.3558806929737666,0.3558806929737666,0.0690038649113679
JNJ,calibrated_hist_gradient_boosting,2,2022-05-11,0,0,0.4091161696155741,0.3699783472444855,0.3699783472444855,0.03913782237108865
JNJ,calibrated_hist_gradient_boosting,2,2022-05-12,-1,0,0.42613043689550345,0.36103262139327613,0.36103262139327613,0.06509781550222732
JNJ,calibrated_hist_gradient_boosting,2,2022-05-13,0,0,0.4274123078388034,0.3547417035421602,0.3547417035421602,0.07267060429664318
JNJ,calibrated_hist_gradient_boosting,2,2022-05-16,0,0,0.41831090809751087,0.3548798725790762,0.3548798725790762,0.06343103551843465
JNJ,calibrated_hist_gradient_boosting,2,2022-05-17,1,0,0.4263138518515406,0.35371342535408207,0.35371342535408207,0.07260042649745851
JNJ,calibrated_hist_gradient_boosting,2,2022-05-18,1,0,0.4310503811077561,0.3473678270563543,0.3473678270563543,0.08368255405140185
JNJ,calibrated_hist_gradient_boosting,2,2022-05-19,1,0,0.4241713648750978,0.3536943427509698,0.3536943427509698,0.07047702212412804
JNJ,calibrated_hist_gradient_boosting,2,2022-05-20,1,0,0.4310241266875441,0.3496775614577279,0.3496775614577279,0.0813465652298162
JNJ,calibrated_hist_gradient_boosting,2,2022-05-23,0,0,0.43972873176097155,0.31646595694539265,0.31646595694539265,0.1232627748155789
JNJ,calibrated_hist_gradient_boosting,2,2022-05-24,-1,0,0.46871228732891795,0.2817828492048773,0.2817828492048773,0.18692943812404067
JNJ,calibrated_hist_gradient_boosting,2,2022-05-25,0,0,0.45310495560794894,0.32387885165641017,0.32387885165641017,0.12922610395153877
JNJ,calibrated_hist_gradient_boosting,2,2022-05-26,0,0,0.44086708265806923,0.34518364892745296,0.34518364892745296,0.09568343373061627
JNJ,calibrated_hist_gradient_boosting,2,2022-05-27,-1,0,0.464744465565935,0.3015307218482537,0.3015307218482537,0.16321374371768133
JNJ,calibrated_hist_gradient_boosting,2,2022-05-31,0,0,0.48583571031449435,0.27944125139245823,0.27944125139245823,0.20639445892203612
JNJ,calibrated_hist_gradient_boosting,2,2022-06-01,0,0,0.46092711216480464,0.3121307570689283,0.3121307570689283,0.14879635509587635
JNJ,calibrated_hist_gradient_boosting,2,2022-06-02,0,0,0.468945120232891,0.3034514685877224,0.3034514685877224,0.1654936516451686
JNJ,calibrated_hist_gradient_boosting,2,2022-06-03,-1,0,0.47427440241599883,0.29436736876258185,0.29436736876258185,0.17990703365341698
JNJ,calibrated_hist_gradient_boosting,2,2022-06-06,-1,0,0.4384647377112411,0.3237296921322658,0.3237296921322658,0.11473504557897529
JNJ,calibrated_hist_gradient_boosting,2,2022-06-07,-1,0,0.4665505456274471,0.31176723742528134,0.31176723742528134,0.15478330820216574
JNJ,calibrated_hist_gradient_boosting,2,2022-06-08,-1,0,0.4596315159715318,0.31914537493826795,0.31914537493826795,0.14048614103326384
JNJ,calibrated_hist_gradient_boosting,2,2022-06-09,-1,0,0.4523873097668549,0.3166380366708682,0.3166380366708682,0.13574927309598667
JNJ,calibrated_hist_gradient_boosting,2,2022-06-10,0,0,0.4324775298138977,0.3376076297579411,0.3376076297579411,0.09486990005595658
JNJ,calibrated_hist_gradient_boosting,2,2022-06-13,0,0,0.4099549604198108,0.34072512830957735,0.34072512830957735,0.06922983211023342
JNJ,calibrated_hist_gradient_boosting,2,2022-06-14,1,0,0.44562999378626883,0.3270155895674575,0.3270155895674575,0.11861440421881131
JNJ,calibrated_hist_gradient_boosting,2,2022-06-15,1,0,0.4073646817126662,0.36063641501601107,0.36063641501601107,0.04672826669665514
JNJ,calibrated_hist_gradient_boosting,2,2022-06-16,1,0,0.4152040866067994,0.35120686842986926,0.35120686842986926,0.06399721817693016
JNJ,calibrated_hist_gradient_boosting,2,2022-06-17,1,0,0.4358430950774741,0.35419865823668384,0.35419865823668384,0.08164443684079026
JNJ,calibrated_hist_gradient_boosting,2,2022-06-21,1,0,0.4474345686537382,0.31153904503729374,0.31153904503729374,0.13589552361644447
JNJ,calibrated_hist_gradient_boosting,2,2022-06-22,0,0,0.46740315139018324,0.2842982600242241,0.2842982600242241,0.18310489136595914
JNJ,calibrated_hist_gradient_boosting,2,2022-06-23,0,0,0.43247953800158023,0.34371479088794005,0.34371479088794005,0.08876474711364019
JNJ,calibrated_hist_gradient_boosting,2,2022-06-24,0,0,0.45323977529455844,0.30314144138782817,0.30314144138782817,0.15009833390673027
JNJ,calibrated_hist_gradient_boosting,2,2022-06-27,-1,0,0.48735862295666355,0.24857459605445328,0.2640667809888832,0.22329184196778035
JNJ,calibrated_hist_gradient_boosting,2,2022-06-28,0,0,0.4615798514651679,0.31989090572392914,0.31989090572392914,0.14168894574123875
JNJ,calibrated_hist_gradient_boosting,2,2022-06-29,0,0,0.5008061204173578,0.270891036745503,0.270891036745503,0.22991508367185481
JNJ,calibrated_hist_gradient_boosting,2,2022-06-30,0,0,0.4917231845892065,0.2780676303312924,0.2780676303312924,0.2136555542579141
JNJ,calibrated_hist_gradient_boosting,2,2022-07-01,0,0,0.47343191926315226,0.2933116147084551,0.2933116147084551,0.18012030455469713
JNJ,calibrated_hist_gradient_boosting,2,2022-07-05,0,0,0.4536970087326245,0.3241311790860136,0.3241311790860136,0.1295658296466109
JNJ,calibrated_hist_gradient_boosting,2,2022-07-06,0,0,0.4875083632906467,0.27074244783819945,0.27074244783819945,0.21676591545244722
JNJ,calibrated_hist_gradient_boosting,2,2022-07-07,0,0,0.47617412651979324,0.28633178701182826,0.28633178701182826,0.18984233950796497
JNJ,calibrated_hist_gradient_boosting,2,2022-07-08,0,0,0.4814268414760383,0.2766893888930693,0.2766893888930693,0.204737452582969
JNJ,calibrated_hist_gradient_boosting,2,2022-07-11,-1,0,0.4495379652864347,0.3320155896714122,0.3320155896714122,0.11752237561502249
JNJ,calibrated_hist_gradient_boosting,2,2022-07-12,-1,0,0.45759013870457727,0.3219649503071999,0.3219649503071999,0.13562518839737736
JNJ,calibrated_hist_gradient_boosting,2,2022-07-13,-1,0,0.44281017069242584,0.33918344038118997,0.33918344038118997,0.10362673031123587
JNJ,calibrated_hist_gradient_boosting,2,2022-07-14,-1,0,0.4512918625615783,0.324598909096179,0.324598909096179,0.12669295346539933
JNJ,calibrated_hist_gradient_boosting,2,2022-07-15,-1,0,0.45210969744699286,0.3254156808398398,0.3254156808398398,0.12669401660715307
JNJ,calibrated_hist_gradient_boosting,2,2022-07-18,0,0,0.45442129161390504,0.33443769820505026,0.33443769820505026,0.11998359340885478
JNJ,calibrated_hist_gradient_boosting,2,2022-07-19,0,0,0.4602561287242522,0.3171526653929239,0.3171526653929239,0.14310346333132828
JNJ,calibrated_hist_gradient_boosting,2,2022-07-20,0,0,0.4582806440836426,0.30994196673106084,0.30994196673106084,0.14833867735258177
JNJ,calibrated_hist_gradient_boosting,2,2022-07-21,0,0,0.4554291137575808,0.320829726159275,0.320829726159275,0.13459938759830575
JNJ,calibrated_hist_gradient_boosting,2,2022-07-22,0,0,0.4478550963856911,0.3081786608166347,0.3081786608166347,0.1396764355690564
JNJ,calibrated_hist_gradient_boosting,2,2022-07-25,0,0,0.44952638468048667,0.3023193108958064,0.3023193108958064,0.1472070737846803
JNJ,calibrated_hist_gradient_boosting,2,2022-07-26,0,0,0.4502915321490355,0.294066586535814,0.294066586535814,0.15622494561322148
JNJ,calibrated_hist_gradient_boosting,2,2022-07-27,0,0,0.4617243923899368,0.29162219735371153,0.29162219735371153,0.17010219503622526
JNJ,calibrated_hist_gradient_boosting,2,2022-07-28,0,0,0.48260402154221277,0.24529595980171562,0.27210001865607153,0.21050400288614124
JNJ,calibrated_hist_gradient_boosting,2,2022-07-29,0,0,0.49494506973284835,0.23913391757038552,0.2659210126967661,0.22902405703608225
JNJ,calibrated_hist_gradient_boosting,2,2022-08-01,-1,0,0.49581102947210853,0.23166134385063422,0.2725276266772572,0.22328340279485132
JNJ,calibrated_hist_gradient_boosting,2,2022-08-02,0,0,0.48009337503234645,0.2659656730676421,0.2659656730676421,0.21412770196470432
JNJ,calibrated_hist_gradient_boosting,2,2022-08-03,-1,0,0.4644789237359807,0.25565004683061043,0.27987102943340886,0.18460789430257185
JNJ,calibrated_hist_gradient_boosting,2,2022-08-04,-1,0,0.4973750665374644,0.2624319708244968,0.2624319708244968,0.23494309571296756
JNJ,calibrated_hist_gradient_boosting,2,2022-08-05,-1,0,0.4845378341363271,0.2539991240057065,0.26146304185796637,0.22307479227836075
JNJ,calibrated_hist_gradient_boosting,2,2022-08-08,-1,0,0.4663205967721246,0.2730638658631996,0.2730638658631996,0.19325673090892503
JNJ,calibrated_hist_gradient_boosting,2,2022-08-09,0,0,0.48703592181319094,0.25819368966492356,0.25819368966492356,0.22884223214826738
JNJ,calibrated_hist_gradient_boosting,2,2022-08-10,0,0,0.4746885102763159,0.2716072602295505,0.2716072602295505,0.20308125004676542
JNJ,calibrated_hist_gradient_boosting,2,2022-08-11,0,0,0.4833815541205617,0.2662909542646523,0.2662909542646523,0.2170905998559094
JNJ,calibrated_hist_gradient_boosting,2,2022-08-12,1,0,0.4756569864173707,0.2914602012647122,0.2914602012647122,0.18419678515265847
JNJ,calibrated_hist_gradient_boosting,2,2022-08-15,0,0,0.4672719508103838,0.28674306204946565,0.28674306204946565,0.18052888876091816
JNJ,calibrated_hist_gradient_boosting,2,2022-08-16,0,0,0.46436857940342063,0.2770431424156896,0.2770431424156896,0.18732543698773102
JNJ,calibrated_hist_gradient_boosting,2,2022-08-17,0,0,0.46853264447638243,0.2625996190013456,0.268867736522272,0.1996649079541104
JNJ,calibrated_hist_gradient_boosting,2,2022-08-18,0,0,0.4608104806202124,0.2724404331942461,0.2724404331942461,0.1883700474259663
JNJ,calibrated_hist_gradient_boosting,2,2022-08-19,-1,0,0.4922869328921338,0.24190394842522198,0.26580911868264423,0.2264778142094896
JNJ,calibrated_hist_gradient_boosting,2,2022-08-22,-1,0,0.48624079102832446,0.2432729965852677,0.27048621238640796,0.2157545786419165
JNJ,calibrated_hist_gradient_boosting,2,2022-08-23,-1,0,0.47779688612986465,0.27674977438656095,0.27674977438656095,0.2010471117433037
JNJ,calibrated_hist_gradient_boosting,2,2022-08-24,-1,0,0.4852011010904051,0.281308042879493,0.281308042879493,0.20389305821091208
JNJ,calibrated_hist_gradient_boosting,2,2022-08-25,0,0,0.4841612389441367,0.25125293181287583,0.26458582924298746,0.21957540970114925
JNJ,calibrated_hist_gradient_boosting,2,2022-08-26,0,0,0.4609844582408509,0.3039023549074471,0.3039023549074471,0.15708210333340378
JNJ,calibrated_hist_gradient_boosting,2,2022-08-29,0,0,0.460601113398202,0.322635259651215,0.322635259651215,0.137965853746987
JNJ,calibrated_hist_gradient_boosting,2,2022-08-30,0,0,0.4712511255403044,0.3177217504419689,0.3177217504419689,0.15352937509833553
JNJ,calibrated_hist_gradient_boosting,2,2022-08-31,1,0,0.4579166862076031,0.32408816684000835,0.32408816684000835,0.13382851936759477
JNJ,calibrated_hist_gradient_boosting,2,2022-09-01,0,0,0.4441262000495369,0.3066424440445409,0.3066424440445409,0.13748375600499602
JNJ,calibrated_hist_gradient_boosting,2,2022-09-02,0,0,0.4592045803291794,0.3204308263412944,0.3204308263412944,0.138773753987885
JNJ,calibrated_hist_gradient_boosting,2,2022-09-06,0,0,0.4644461113936269,0.29783745578591964,0.29783745578591964,0.16660865560770727
JNJ,calibrated_hist_gradient_boosting,2,2022-09-07,0,0,0.4622977882004908,0.28129573391001816,0.28129573391001816,0.1810020542904726
JNJ,calibrated_hist_gradient_boosting,2,2022-09-08,0,0,0.4614796850245287,0.27829729496829264,0.27829729496829264,0.18318239005623604
JNJ,calibrated_hist_gradient_boosting,2,2022-09-09,0,0,0.47270830733285923,0.27169114249101173,0.27169114249101173,0.2010171648418475
JNJ,calibrated_hist_gradient_boosting,2,2022-09-12,0,0,0.48133805401528024,0.28277689950884477,0.28277689950884477,0.19856115450643547
JNJ,calibrated_hist_gradient_boosting,2,2022-09-13,1,0,0.47480131192286246,0.29613215251700714,0.29613215251700714,0.17866915940585532
JNJ,calibrated_hist_gradient_boosting,2,2022-09-14,0,0,0.47271982986815386,0.28455429028697354,0.28455429028697354,0.18816553958118032
JNJ,calibrated_hist_gradient_boosting,2,2022-09-15,0,0,0.47619042761133185,0.2932183424536073,0.2932183424536073,0.18297208515772456
JNJ,calibrated_hist_gradient_boosting,2,2022-09-16,0,0,0.44872566380354345,0.3300136397725461,0.3300136397725461,0.11871202403099734
JNJ,calibrated_hist_gradient_boosting,2,2022-09-19,0,0,0.46963309991830154,0.2968266033851177,0.2968266033851177,0.17280649653318386
JNJ,calibrated_hist_gradient_boosting,2,2022-09-20,0,0,0.4573196275575779,0.3104385811283676,0.3104385811283676,0.1468810464292103
JNJ,calibrated_hist_gradient_boosting,2,2022-09-21,0,0,0.4563159069506455,0.32455442075700053,0.32455442075700053,0.13176148619364497
JNJ,calibrated_hist_gradient_boosting,2,2022-09-22,0,0,0.44806295499027105,0.3230450647817471,0.3230450647817471,0.12501789020852394
JNJ,calibrated_hist_gradient_boosting,2,2022-09-23,-1,0,0.4334002762100835,0.3410994202554378,0.3410994202554378,0.09230085595464566
JNJ,calibrated_hist_gradient_boosting,2,2022-09-26,0,0,0.44846633118060536,0.31163063071148184,0.31163063071148184,0.13683570046912352
JNJ,calibrated_hist_gradient_boosting,2,2022-09-27,0,0,0.4366565738451043,0.3378370891603051,0.3378370891603051,0.09881948468479923
JNJ,calibrated_hist_gradient_boosting,2,2022-09-28,0,0,0.4109701865240045,0.3720527921168189,0.3720527921168189,0.03891739440718561
JNJ,calibrated_hist_gradient_boosting,2,2022-09-29,0,0,0.42686518025714876,0.35829004510222795,0.35829004510222795,0.06857513515492081
JNJ,calibrated_hist_gradient_boosting,2,2022-09-30,0,0,0.416816036929281,0.3624601758624543,0.3624601758624543,0.05435586106682666
JNJ,calibrated_hist_gradient_boosting,2,2022-10-03,0,0,0.4088013387179597,0.36391947800197616,0.36391947800197616,0.044881860715983546
JNJ,calibrated_hist_gradient_boosting,2,2022-10-04,0,0,0.42925264447575734,0.3539301908296353,0.3539301908296353,0.07532245364612206
JNJ,calibrated_hist_gradient_boosting,2,2022-10-05,0,0,0.43529520775701913,0.34231042935181266,0.34231042935181266,0.09298477840520647
JNJ,calibrated_hist_gradient_boosting,2,2022-10-06,1,0,0.435097658184449,0.3513524230266749,0.3513524230266749,0.0837452351577741
JNJ,calibrated_hist_gradient_boosting,2,2022-10-07,1,0,0.42462885072501866,0.3541405323034647,0.3541405323034647,0.07048831842155395
JNJ,calibrated_hist_gradient_boosting,2,2022-10-10,1,0,0.4192192623616929,0.37010117603705633,0.37010117603705633,0.049118086324636545
JNJ,calibrated_hist_gradient_boosting,2,2022-10-11,1,0,0.42319454422652064,0.3540807808274146,0.3540807808274146,0.06911376339910602
JNJ,calibrated_hist_gradient_boosting,2,2022-10-12,0,0,0.4115791828339039,0.363275344398879,0.363275344398879,0.04830383843502489
JNJ,calibrated_hist_gradient_boosting,2,2022-10-13,0,0,0.4531574547965052,0.29724607636158,0.29724607636158,0.1559113784349252
JNJ,calibrated_hist_gradient_boosting,2,2022-10-14,1,0,0.4312827582838148,0.32993992046324877,0.32993992046324877,0.10134283782056602
JNJ,calibrated_hist_gradient_boosting,2,2022-10-17,1,0,0.4289862060457012,0.328444426555813,0.328444426555813,0.10054177948988818
JNJ,calibrated_hist_gradient_boosting,2,2022-10-18,1,0,0.4546091504613266,0.3157611960546852,0.3157611960546852,0.13884795440664138
JNJ,calibrated_hist_gradient_boosting,2,2022-10-19,1,0,0.42281768788538726,0.3417510238709011,0.3417510238709011,0.08106666401448615
JNJ,calibrated_hist_gradient_boosting,2,2022-10-20,1,0,0.43584636722421877,0.34933435430164567,0.34933435430164567,0.0865120129225731
JNJ,calibrated_hist_gradient_boosting,2,2022-10-21,1,0,0.4411070153400643,0.3096849531986219,0.3096849531986219,0.13142206214144242
JNJ,calibrated_hist_gradient_boosting,2,2022-10-24,0,0,0.4845301304889043,0.28406037050374017,0.28406037050374017,0.20046975998516414
JNJ,calibrated_hist_gradient_boosting,2,2022-10-25,0,0,0.47171502257302816,0.288703945982495,0.288703945982495,0.18301107659053317
JNJ,calibrated_hist_gradient_boosting,2,2022-10-26,0,0,0.47381727670402923,0.2757981780913197,0.2757981780913197,0.19801909861270955
JNJ,calibrated_hist_gradient_boosting,2,2022-10-27,0,0,0.4693959916471222,0.25273246727487025,0.27787154107800766,0.19152445056911455
JNJ,calibrated_hist_gradient_boosting,2,2022-10-28,0,0,0.4517016227773132,0.28920946286995974,0.28920946286995974,0.16249215990735344
JNJ,calibrated_hist_gradient_boosting,2,2022-10-31,0,0,0.485385602539546,0.24746783848380727,0.2671465589766468,0.2182390435628992
JNJ,calibrated_hist_gradient_boosting,2,2022-11-01,0,0,0.4920820156218364,0.2452577685644345,0.26266021581372917,0.22942179980810723
JNJ,calibrated_hist_gradient_boosting,2,2022-11-02,0,0,0.5007873709154893,0.26747603743262105,0.26747603743262105,0.23331133348286826
JNJ,calibrated_hist_gradient_boosting,3,2022-11-03,1,0,0.48669302463539516,0.2832998439200633,0.2832998439200633,0.20339318071533186
JNJ,calibrated_hist_gradient_boosting,3,2022-11-04,0,0,0.47054800478091724,0.3040233689175703,0.3040233689175703,0.16652463586334693
JNJ,calibrated_hist_gradient_boosting,3,2022-11-07,0,0,0.45823927009749776,0.32221884631193326,0.32221884631193326,0.1360204237855645
JNJ,calibrated_hist_gradient_boosting,3,2022-11-08,0,0,0.473429577244697,0.3075510510259655,0.3075510510259655,0.16587852621873145
JNJ,calibrated_hist_gradient_boosting,3,2022-11-09,0,0,0.45724053849213003,0.3136103412364184,0.3136103412364184,0.14363019725571163
JNJ,calibrated_hist_gradient_boosting,3,2022-11-10,0,0,0.4548602433949709,0.3074743783273139,0.3074743783273139,0.147385865067657
JNJ,calibrated_hist_gradient_boosting,3,2022-11-11,1,0,0.4681153872099941,0.29732611435040535,0.29732611435040535,0.17078927285958878
JNJ,calibrated_hist_gradient_boosting,3,2022-11-14,1,0,0.43992985996388406,0.2983769289223636,0.2983769289223636,0.14155293104152045
JNJ,calibrated_hist_gradient_boosting,3,2022-11-15,1,0,0.4448094089048147,0.29215506654257006,0.29215506654257006,0.15265434236224462
JNJ,calibrated_hist_gradient_boosting,3,2022-11-16,1,0,0.4480476395744953,0.3213016622917226,0.3213016622917226,0.1267459772827727
JNJ,calibrated_hist_gradient_boosting,3,2022-11-17,1,0,0.4594291930302658,0.32608101311230214,0.32608101311230214,0.13334817991796366
JNJ,calibrated_hist_gradient_boosting,3,2022-11-18,0,0,0.44145368263754686,0.31273791043330335,0.31273791043330335,0.12871577220424352
JNJ,calibrated_hist_gradient_boosting,3,2022-11-21,0,0,0.440328518668021,0.3103460061407726,0.3103460061407726,0.12998251252724835
JNJ,calibrated_hist_gradient_boosting,3,2022-11-22,0,0,0.45226299316090834,0.281809602261822,0.281809602261822,0.17045339089908634
JNJ,calibrated_hist_gradient_boosting,3,2022-11-23,0,0,0.4680200166215976,0.26946466307993044,0.26946466307993044,0.19855535354166715
JNJ,calibrated_hist_gradient_boosting,3,2022-11-25,0,0,0.4594722727202368,0.2831020483766488,0.2831020483766488,0.17637022434358796
JNJ,calibrated_hist_gradient_boosting,3,2022-11-28,0,0,0.46722817966227453,0.2936414897749942,0.2936414897749942,0.17358668988728032
JNJ,calibrated_hist_gradient_boosting,3,2022-11-29,0,0,0.45755681401258963,0.3115824474825901,0.3115824474825901,0.1459743665299995
JNJ,calibrated_hist_gradient_boosting,3,2022-11-30,0,0,0.45750268793009524,0.2728997538577685,0.2728997538577685,0.18460293407232675
JNJ,calibrated_hist_gradient_boosting,3,2022-12-01,0,0,0.4453019162588571,0.30791124143102494,0.30791124143102494,0.13739067482783218
JNJ,calibrated_hist_gradient_boosting,3,2022-12-02,0,0,0.4374293667583218,0.3273426845186246,0.3273426845186246,0.1100866822396972
JNJ,calibrated_hist_gradient_boosting,3,2022-12-05,0,0,0.4592666723360623,0.31433330087402156,0.31433330087402156,0.14493337146204072
JNJ,calibrated_hist_gradient_boosting,3,2022-12-06,0,0,0.45973777127702414,0.30269933706533086,0.30269933706533086,0.15703843421169328
JNJ,calibrated_hist_gradient_boosting,3,2022-12-07,0,0,0.4673176214148686,0.29198394697747715,0.29198394697747715,0.17533367443739145
JNJ,calibrated_hist_gradient_boosting,3,2022-12-08,0,0,0.47309149240172105,0.2932727582111965,0.2932727582111965,0.17981873419052452
JNJ,calibrated_hist_gradient_boosting,3,2022-12-09,0,0,0.4557910990183321,0.3108131966988454,0.3108131966988454,0.1449779023194867
JNJ,calibrated_hist_gradient_boosting,3,2022-12-12,0,0,0.4273649312191872,0.3477905271830301,0.3477905271830301,0.07957440403615712
JNJ,calibrated_hist_gradient_boosting,3,2022-12-13,0,0,0.4376151749686013,0.32460401704619163,0.32460401704619163,0.11301115792240968
JNJ,calibrated_hist_gradient_boosting,3,2022-12-14,0,0,0.4605047323170019,0.30668703716968587,0.30668703716968587,0.15381769514731602
JNJ,calibrated_hist_gradient_boosting,3,2022-12-15,0,0,0.46147901797083585,0.2823901527460577,0.2823901527460577,0.17908886522477813
JNJ,calibrated_hist_gradient_boosting,3,2022-12-16,0,0,0.4559443953380638,0.3068721936891412,0.3068721936891412,0.1490722016489226
JNJ,calibrated_hist_gradient_boosting,3,2022-12-19,0,0,0.46475144985631917,0.29846469361280026,0.29846469361280026,0.1662867562435189
JNJ,calibrated_hist_gradient_boosting,3,2022-12-20,0,0,0.4559622127619633,0.28586292238677874,0.28586292238677874,0.17009929037518456
JNJ,calibrated_hist_gradient_boosting,3,2022-12-21,0,0,0.432610145405115,0.3116061699896923,0.3116061699896923,0.12100397541542268
JNJ,calibrated_hist_gradient_boosting,3,2022-12-22,0,0,0.4376718137434534,0.3081404617016345,0.3081404617016345,0.12953135204181887
JNJ,calibrated_hist_gradient_boosting,3,2022-12-23,0,0,0.4672843305499592,0.28399236908467346,0.28399236908467346,0.18329196146528576
JNJ,calibrated_hist_gradient_boosting,3,2022-12-27,0,0,0.4406261903320406,0.3033701151941726,0.3033701151941726,0.13725607513786797
JNJ,calibrated_hist_gradient_boosting,3,2022-12-28,0,0,0.4536763467593188,0.2989244306575012,0.2989244306575012,0.1547519161018176
JNJ,calibrated_hist_gradient_boosting,3,2022-12-29,0,0,0.4457927150935115,0.2965630927935374,0.2965630927935374,0.1492296222999741
JNJ,calibrated_hist_gradient_boosting,3,2022-12-30,0,0,0.45068946944357724,0.30443170153772137,0.30443170153772137,0.14625776790585587
JNJ,calibrated_hist_gradient_boosting,3,2023-01-03,0,0,0.4773593076688268,0.27252795294592524,0.27252795294592524,0.20483135472290154
JNJ,calibrated_hist_gradient_boosting,3,2023-01-04,-1,0,0.4688730095380696,0.2865044514912185,0.2865044514912185,0.1823685580468511
JNJ,calibrated_hist_gradient_boosting,3,2023-01-05,-1,0,0.4683772145135836,0.3069761491030019,0.3069761491030019,0.1614010654105817
JNJ,calibrated_hist_gradient_boosting,3,2023-01-06,-1,0,0.45730572152295834,0.30052050988706847,0.30052050988706847,0.15678521163588988
JNJ,calibrated_hist_gradient_boosting,3,2023-01-09,0,0,0.47711317012453014,0.30088507918948,0.30088507918948,0.17622809093505015
JNJ,calibrated_hist_gradient_boosting,3,2023-01-10,-1,0,0.4831204859027178,0.28322249565694674,0.28322249565694674,0.19989799024577104
JNJ,calibrated_hist_gradient_boosting,3,2023-01-11,-1,0,0.4839585670276994,0.2900651541309913,0.2900651541309913,0.19389341289670808
JNJ,calibrated_hist_gradient_boosting,3,2023-01-12,-1,0,0.49042678376638404,0.29292332833871465,0.29292332833871465,0.1975034554276694
JNJ,calibrated_hist_gradient_boosting,3,2023-01-13,-1,0,0.4770497579911501,0.3070909888574035,0.3070909888574035,0.16995876913374663
JNJ,calibrated_hist_gradient_boosting,3,2023-01-17,-1,0,0.47738134471789434,0.28539549949535714,0.28539549949535714,0.1919858452225372
JNJ,calibrated_hist_gradient_boosting,3,2023-01-18,0,0,0.47538510124854255,0.30281930187467515,0.30281930187467515,0.1725657993738674
JNJ,calibrated_hist_gradient_boosting,3,2023-01-19,0,0,0.4623643589039455,0.3183280551174767,0.3183280551174767,0.1440363037864688
JNJ,calibrated_hist_gradient_boosting,3,2023-01-20,0,0,0.44344240778124017,0.3372020003899665,0.3372020003899665,0.10624040739127366
JNJ,calibrated_hist_gradient_boosting,3,2023-01-23,-1,0,0.4640253465659225,0.31666141861508906,0.31666141861508906,0.14736392795083342
JNJ,calibrated_hist_gradient_boosting,3,2023-01-24,-1,0,0.4623240272951061,0.30343605286902925,0.30343605286902925,0.15888797442607683
JNJ,calibrated_hist_gradient_boosting,3,2023-01-25,-1,0,0.4443211182961682,0.3254994867808437,0.3254994867808437,0.11882163151532449
JNJ,calibrated_hist_gradient_boosting,3,2023-01-26,0,0,0.4706878560274914,0.29468307185309167,0.29468307185309167,0.17600478417439974
JNJ,calibrated_hist_gradient_boosting,3,2023-01-27,-1,0,0.47037146528410934,0.3132136326167714,0.3132136326167714,0.15715783266733796
JNJ,calibrated_hist_gradient_boosting,3,2023-01-30,0,0,0.4668177533799415,0.3158456582943079,0.3158456582943079,0.15097209508563364
JNJ,calibrated_hist_gradient_boosting,3,2023-01-31,0,0,0.47266925254304537,0.3123605062480921,0.3123605062480921,0.16030874629495329
JNJ,calibrated_hist_gradient_boosting,3,2023-02-01,0,0,0.46468507838820966,0.32262460409074606,0.32262460409074606,0.1420604742974636
JNJ,calibrated_hist_gradient_boosting,3,2023-02-02,-1,0,0.4362552052357249,0.3411111938006883,0.3411111938006883,0.09514401143503665
JNJ,calibrated_hist_gradient_boosting,3,2023-02-03,0,0,0.44295432406462565,0.33925530041434887,0.33925530041434887,0.10369902365027678
JNJ,calibrated_hist_gradient_boosting,3,2023-02-06,0,0,0.46227068284177214,0.3191566206886338,0.3191566206886338,0.14311406215313832
JNJ,calibrated_hist_gradient_boosting,3,2023-02-07,0,0,0.43881676735105163,0.3382369839865776,0.3382369839865776,0.10057978336447404
JNJ,calibrated_hist_gradient_boosting,3,2023-02-08,-1,0,0.4573096132067096,0.3269284757158632,0.3269284757158632,0.1303811374908464
JNJ,calibrated_hist_gradient_boosting,3,2023-02-09,0,0,0.4664631041020722,0.32186598686155415,0.32186598686155415,0.14459711724051805
JNJ,calibrated_hist_gradient_boosting,3,2023-02-10,0,0,0.4495181135566894,0.33605766678513627,0.33605766678513627,0.11346044677155315
JNJ,calibrated_hist_gradient_boosting,3,2023-02-13,-1,0,0.45373671129046667,0.335797519337798,0.335797519337798,0.11793919195266866
JNJ,calibrated_hist_gradient_boosting,3,2023-02-14,0,0,0.45948311422381405,0.3331117674322662,0.3331117674322662,0.12637134679154782
JNJ,calibrated_hist_gradient_boosting,3,2023-02-15,0,0,0.4423541710537724,0.36470921076556584,0.36470921076556584,0.07764496028820655
JNJ,calibrated_hist_gradient_boosting,3,2023-02-16,0,0,0.47352501146566967,0.3188905396900484,0.3188905396900484,0.15463447177562128
JNJ,calibrated_hist_gradient_boosting,3,2023-02-17,-1,0,0.4450658324573351,0.3144968423947678,0.3144968423947678,0.13056899006256734
JNJ,calibrated_hist_gradient_boosting,3,2023-02-21,-1,0,0.48646187789682377,0.3032174228632016,0.3032174228632016,0.1832444550336222
JNJ,calibrated_hist_gradient_boosting,3,2023-02-22,-1,0,0.471226715042072,0.31770202144410425,0.31770202144410425,0.15352469359796772
JNJ,calibrated_hist_gradient_boosting,3,2023-02-23,-1,0,0.46040300370571147,0.3261307195017299,0.3261307195017299,0.13427228420398157
JNJ,calibrated_hist_gradient_boosting,3,2023-02-24,0,0,0.4708019618570624,0.32923542945903017,0.32923542945903017,0.14156653239803224
JNJ,calibrated_hist_gradient_boosting,3,2023-02-27,0,0,0.4583976270905752,0.33881166714814365,0.33881166714814365,0.11958595994243154
JNJ,calibrated_hist_gradient_boosting,3,2023-02-28,0,0,0.4774254967148428,0.32096061016226557,0.32096061016226557,0.15646488655257723
JNJ,calibrated_hist_gradient_boosting,3,2023-03-01,0,0,0.4571801949468044,0.3313234163949111,0.3313234163949111,0.1258567785518933
JNJ,calibrated_hist_gradient_boosting,3,2023-03-02,0,0,0.46626843005525337,0.33568668634836923,0.33568668634836923,0.13058174370688413
JNJ,calibrated_hist_gradient_boosting,3,2023-03-03,0,0,0.463406015935849,0.324107801981344,0.324107801981344,0.13929821395450503
JNJ,calibrated_hist_gradient_boosting,3,2023-03-06,0,0,0.46447972478444594,0.3178198974335858,0.3178198974335858,0.14665982735086014
JNJ,calibrated_hist_gradient_boosting,3,2023-03-07,0,0,0.4691933941740527,0.32573402731576323,0.32573402731576323,0.14345936685828947
JNJ,calibrated_hist_gradient_boosting,3,2023-03-08,0,0,0.4710793386287991,0.3223058609849036,0.3223058609849036,0.14877347764389548
JNJ,calibrated_hist_gradient_boosting,3,2023-03-09,0,0,0.45733752240569797,0.3411110489140828,0.3411110489140828,0.11622647349161519
JNJ,calibrated_hist_gradient_boosting,3,2023-03-10,0,0,0.44764900496744175,0.342780487688612,0.342780487688612,0.10486851727882973
JNJ,calibrated_hist_gradient_boosting,3,2023-03-13,0,0,0.47793500092942537,0.30071005865457057,0.30071005865457057,0.1772249422748548
JNJ,calibrated_hist_gradient_boosting,3,2023-03-14,0,0,0.46672353657388593,0.3266702977627322,0.3266702977627322,0.14005323881115372
JNJ,calibrated_hist_gradient_boosting,3,2023-03-15,-1,0,0.4556041011869449,0.33823652756921024,0.33823652756921024,0.11736757361773464
JNJ,calibrated_hist_gradient_boosting,3,2023-03-16,0,0,0.44043150910048556,0.32987179774536934,0.32987179774536934,0.11055971135511622
JNJ,calibrated_hist_gradient_boosting,3,2023-03-17,0,0,0.46161115888407017,0.3261763934452429,0.3261763934452429,0.13543476543882726
JNJ,calibrated_hist_gradient_boosting,3,2023-03-20,0,0,0.45609879583178287,0.3336747667995961,0.3336747667995961,0.12242402903218674
JNJ,calibrated_hist_gradient_boosting,3,2023-03-21,0,0,0.4315643067937826,0.3360551845186784,0.3360551845186784,0.09550912227510422
JNJ,calibrated_hist_gradient_boosting,3,2023-03-22,0,0,0.48049117915257566,0.3020076836774542,0.3020076836774542,0.1784834954751215
JNJ,calibrated_hist_gradient_boosting,3,2023-03-23,0,0,0.470532819661162,0.31388914098821524,0.31388914098821524,0.15664367867294676
JNJ,calibrated_hist_gradient_boosting,3,2023-03-24,0,0,0.44865530594442377,0.3185120835398207,0.3185120835398207,0.13014322240460308
JNJ,calibrated_hist_gradient_boosting,3,2023-03-27,1,0,0.47455802710128675,0.3043323120283051,0.3043323120283051,0.17022571507298168
JNJ,calibrated_hist_gradient_boosting,3,2023-03-28,1,0,0.4698070095542309,0.3145786360149651,0.3145786360149651,0.15522837353926577
JNJ,calibrated_hist_gradient_boosting,3,2023-03-29,1,0,0.46026877709466407,0.29498477181699007,0.29498477181699007,0.165284005277674
JNJ,calibrated_hist_gradient_boosting,3,2023-03-30,1,0,0.4578569949589311,0.2991165849436536,0.2991165849436536,0.1587404100152775
JNJ,calibrated_hist_gradient_boosting,3,2023-03-31,1,0,0.4531475968663672,0.29834750895049894,0.29834750895049894,0.15480008791586825
JNJ,calibrated_hist_gradient_boosting,3,2023-04-03,1,0,0.46869654364255003,0.30412242872837164,0.30412242872837164,0.1645741149141784
JNJ,calibrated_hist_gradient_boosting,3,2023-04-04,1,0,0.47055928781016715,0.28810679821326013,0.28810679821326013,0.18245248959690702
JNJ,calibrated_hist_gradient_boosting,3,2023-04-05,0,0,0.4449662225525312,0.2737818246398424,0.2812519528076263,0.16371426974490488
JNJ,calibrated_hist_gradient_boosting,3,2023-04-06,0,0,0.4372321652541969,0.2835748332166743,0.2835748332166743,0.15365733203752258
JNJ,calibrated_hist_gradient_boosting,3,2023-04-10,0,0,0.4454949505101676,0.29073662762630165,0.29073662762630165,0.15475832288386593
JNJ,calibrated_hist_gradient_boosting,3,2023-04-11,0,0,0.4540668873909188,0.2810435574066168,0.2810435574066168,0.17302332998430203
JNJ,calibrated_hist_gradient_boosting,3,2023-04-12,0,0,0.4492348820392403,0.28715381804527845,0.28715381804527845,0.16208106399396183
JNJ,calibrated_hist_gradient_boosting,3,2023-04-13,0,0,0.4234804858930898,0.3092588391940878,0.3092588391940878,0.11422164669900198
JNJ,calibrated_hist_gradient_boosting,3,2023-04-14,0,0,0.44205160453270204,0.2933812107383971,0.2933812107383971,0.1486703937943049
JNJ,calibrated_hist_gradient_boosting,3,2023-04-17,0,0,0.45756899343478313,0.2880204429513487,0.2880204429513487,0.16954855048343442
JNJ,calibrated_hist_gradient_boosting,3,2023-04-18,1,0,0.4851949752096186,0.3026661660546383,0.3026661660546383,0.18252880915498026
JNJ,calibrated_hist_gradient_boosting,3,2023-04-19,0,0,0.4703360692852458,0.3251998718153388,0.3251998718153388,0.14513619746990697
JNJ,calibrated_hist_gradient_boosting,3,2023-04-20,0,0,0.4623689935182275,0.3260055346934622,0.3260055346934622,0.1363634588247653
JNJ,calibrated_hist_gradient_boosting,3,2023-04-21,0,0,0.4721011613295074,0.30741418236898804,0.30741418236898804,0.16468697896051937
JNJ,calibrated_hist_gradient_boosting,3,2023-04-24,0,0,0.44645681856155583,0.34643520652540394,0.34643520652540394,0.1000216120361519
JNJ,calibrated_hist_gradient_boosting,3,2023-04-25,0,0,0.4496376810778748,0.316976805358286,0.316976805358286,0.1326608757195888
JNJ,calibrated_hist_gradient_boosting,3,2023-04-26,0,0,0.4529229257536313,0.3254449981580955,0.3254449981580955,0.12747792759553578
JNJ,calibrated_hist_gradient_boosting,3,2023-04-27,0,0,0.4542053907829599,0.3121934468263234,0.3121934468263234,0.14201194395663652
JNJ,calibrated_hist_gradient_boosting,3,2023-04-28,0,0,0.4527930342946274,0.3286596552634881,0.3286596552634881,0.1241333790311393
JNJ,calibrated_hist_gradient_boosting,3,2023-05-01,0,0,0.4351194572780786,0.34358240826840736,0.34358240826840736,0.09153704900967125
JNJ,calibrated_hist_gradient_boosting,3,2023-05-02,-1,0,0.4623257639663967,0.31007138805113954,0.31007138805113954,0.15225437591525715
JNJ,calibrated_hist_gradient_boosting,3,2023-05-03,0,0,0.46141145989274895,0.288370234590469,0.288370234590469,0.17304122530227994
JNJ,calibrated_hist_gradient_boosting,3,2023-05-04,0,0,0.4544257756107686,0.2972407596739634,0.2972407596739634,0.15718501593680517
JNJ,calibrated_hist_gradient_boosting,3,2023-05-05,0,0,0.4608649012021582,0.28648222344077845,0.28648222344077845,0.17438267776137972
JNJ,calibrated_hist_gradient_boosting,3,2023-05-08,0,0,0.46993674469382324,0.2886652668303438,0.2886652668303438,0.1812714778634794
JNJ,calibrated_hist_gradient_boosting,3,2023-05-09,0,0,0.4784253478295681,0.2877429250926559,0.2877429250926559,0.19068242273691216
JNJ,calibrated_hist_gradient_boosting,3,2023-05-10,0,0,0.4683489249445992,0.29535372437848373,0.29535372437848373,0.17299520056611545
JNJ,calibrated_hist_gradient_boosting,3,2023-05-11,0,0,0.47842700351782125,0.28695255057590785,0.28695255057590785,0.1914744529419134
JNJ,calibrated_hist_gradient_boosting,3,2023-05-12,0,0,0.47933998935395694,0.2798312465303101,0.2798312465303101,0.19950874282364683
JNJ,calibrated_hist_gradient_boosting,3,2023-05-15,0,0,0.4819432573422809,0.2981803655781355,0.2981803655781355,0.1837628917641454
JNJ,calibrated_hist_gradient_boosting,3,2023-05-16,0,0,0.47574637154072547,0.2871966429542046,0.2871966429542046,0.18854972858652086
JNJ,calibrated_hist_gradient_boosting,3,2023-05-17,0,0,0.4742607252568118,0.2836849345906532,0.2836849345906532,0.1905757906661586
JNJ,calibrated_hist_gradient_boosting,3,2023-05-18,0,0,0.48841746406744896,0.29594940988958246,0.29594940988958246,0.1924680541778665
JNJ,calibrated_hist_gradient_boosting,3,2023-05-19,-1,0,0.46006277145831403,0.2917857008580164,0.2917857008580164,0.16827707060029762
JNJ,calibrated_hist_gradient_boosting,3,2023-05-22,0,0,0.474600739922958,0.2962901594320861,0.2962901594320861,0.1783105804908719
JNJ,calibrated_hist_gradient_boosting,3,2023-05-23,0,0,0.47260815376216225,0.2927705709041026,0.2927705709041026,0.17983758285805967
JNJ,calibrated_hist_gradient_boosting,3,2023-05-24,0,0,0.4718402569754942,0.29055236419748814,0.29055236419748814,0.18128789277800605
JNJ,calibrated_hist_gradient_boosting,3,2023-05-25,0,0,0.4850903074832483,0.2974443776872923,0.2974443776872923,0.18764592979595596
JNJ,calibrated_hist_gradient_boosting,3,2023-05-26,1,0,0.471885006171798,0.30051885683158336,0.30051885683158336,0.17136614934021466
JNJ,calibrated_hist_gradient_boosting,3,2023-05-30,1,0,0.47477499085866803,0.3002457026487295,0.3002457026487295,0.17452928820993852
JNJ,calibrated_hist_gradient_boosting,3,2023-05-31,1,0,0.46809432718462346,0.2981728636278859,0.2981728636278859,0.16992146355673754
JNJ,calibrated_hist_gradient_boosting,3,2023-06-01,1,0,0.4781023347432049,0.2970739958770608,0.2970739958770608,0.1810283388661441
JNJ,calibrated_hist_gradient_boosting,3,2023-06-02,0,0,0.4146661364305449,0.3448213182513722,0.3448213182513722,0.06984481817917271
JNJ,calibrated_hist_gradient_boosting,3,2023-06-05,0,0,0.44457942981192294,0.3307641488126595,0.3307641488126595,0.11381528099926347
JNJ,calibrated_hist_gradient_boosting,3,2023-06-06,0,0,0.43380502728191755,0.3317082128785147,0.3317082128785147,0.10209681440340285
JNJ,calibrated_hist_gradient_boosting,3,2023-06-07,0,0,0.44858560842917017,0.3279942694930161,0.3279942694930161,0.12059133893615409
JNJ,calibrated_hist_gradient_boosting,3,2023-06-08,1,0,0.45157229695234163,0.3285868119803309,0.3285868119803309,0.12298548497201073
JNJ,calibrated_hist_gradient_boosting,3,2023-06-09,1,0,0.47095272230921353,0.3012888484385126,0.3012888484385126,0.16966387387070092
JNJ,calibrated_hist_gradient_boosting,3,2023-06-12,1,0,0.48294876168096135,0.28457555356332015,0.28457555356332015,0.1983732081176412
JNJ,calibrated_hist_gradient_boosting,3,2023-06-13,0,0,0.4757227692624508,0.2975022829512996,0.2975022829512996,0.17822048631115117
JNJ,calibrated_hist_gradient_boosting,3,2023-06-14,1,0,0.4555609170480659,0.3199772173476955,0.3199772173476955,0.13558369970037037
JNJ,calibrated_hist_gradient_boosting,3,2023-06-15,0,0,0.45468225443309657,0.2914612115772972,0.2914612115772972,0.16322104285579936
JNJ,calibrated_hist_gradient_boosting,3,2023-06-16,0,0,0.48745750641684715,0.2657867677916551,0.2657867677916551,0.22167073862519204
JNJ,calibrated_hist_gradient_boosting,3,2023-06-20,0,0,0.48170702309683006,0.27040457825352215,0.27040457825352215,0.2113024448433079
JNJ,calibrated_hist_gradient_boosting,3,2023-06-21,0,0,0.45904774799669196,0.30052693528559343,0.30052693528559343,0.15852081271109852
JNJ,calibrated_hist_gradient_boosting,3,2023-06-22,0,0,0.46279109719564726,0.29086395225544154,0.29086395225544154,0.17192714494020572
JNJ,calibrated_hist_gradient_boosting,3,2023-06-23,0,0,0.48552534309951484,0.2752608844022119,0.2752608844022119,0.21026445869730293
JNJ,calibrated_hist_gradient_boosting,3,2023-06-26,0,0,0.47934196710844607,0.31133964271858905,0.31133964271858905,0.16800232438985702
JNJ,calibrated_hist_gradient_boosting,3,2023-06-27,0,0,0.48553848859051385,0.29609358403728375,0.29609358403728375,0.1894449045532301
JNJ,calibrated_hist_gradient_boosting,3,2023-06-28,0,0,0.4593676709067038,0.32555490596766723,0.32555490596766723,0.13381276493903654
JNJ,calibrated_hist_gradient_boosting,3,2023-06-29,-1,0,0.4550259996752284,0.32978014707210507,0.32978014707210507,0.12524585260312332
JNJ,calibrated_hist_gradient_boosting,3,2023-06-30,-1,0,0.4450340849486269,0.33889507737161884,0.33889507737161884,0.10613900757700806
JNJ,calibrated_hist_gradient_boosting,3,2023-07-03,-1,0,0.45671359193362077,0.32096503612712085,0.32096503612712085,0.13574855580649992
JNJ,calibrated_hist_gradient_boosting,3,2023-07-05,-1,0,0.4637828598923632,0.2965047874952626,0.2965047874952626,0.16727807239710057
JNJ,calibrated_hist_gradient_boosting,3,2023-07-06,0,0,0.4601867790626683,0.3144245612423137,0.3144245612423137,0.1457622178203546
JNJ,calibrated_hist_gradient_boosting,3,2023-07-07,0,0,0.4607737451618085,0.32262161937543826,0.32262161937543826,0.13815212578637026
JNJ,calibrated_hist_gradient_boosting,3,2023-07-10,0,0,0.45129244153904685,0.32368766174013547,0.32368766174013547,0.12760477979891138
JNJ,calibrated_hist_gradient_boosting,3,2023-07-11,0,0,0.45187709716812824,0.32948835539375526,0.32948835539375526,0.12238874177437298
JNJ,calibrated_hist_gradient_boosting,3,2023-07-12,0,0,0.4506112364149643,0.3374228645068295,0.3374228645068295,0.1131883719081348
JNJ,calibrated_hist_gradient_boosting,3,2023-07-13,1,0,0.42979331368360413,0.34657671362108355,0.34657671362108355,0.08321660006252057
JNJ,calibrated_hist_gradient_boosting,3,2023-07-14,1,0,0.44369567972972773,0.33541057747097436,0.33541057747097436,0.10828510225875337
JNJ,calibrated_hist_gradient_boosting,3,2023-07-17,1,0,0.4412185281862342,0.34245201777841044,0.34245201777841044,0.09876651040782375
JNJ,calibrated_hist_gradient_boosting,3,2023-07-18,1,0,0.43987433882421195,0.3339528064927821,0.3339528064927821,0.10592153233142987
JNJ,calibrated_hist_gradient_boosting,3,2023-07-19,1,0,0.4213083033936291,0.3608301002504444,0.3608301002504444,0.06047820314318475
JNJ,calibrated_hist_gradient_boosting,3,2023-07-20,1,0,0.4583865206862258,0.2869500115054543,0.2869500115054543,0.17143650918077152
JNJ,calibrated_hist_gradient_boosting,3,2023-07-21,1,0,0.4626123450636938,0.2902536246040009,0.2902536246040009,0.17235872045969292
JNJ,calibrated_hist_gradient_boosting,3,2023-07-24,-1,0,0.45200332775831376,0.29859757291096733,0.29859757291096733,0.15340575484734642
JNJ,calibrated_hist_gradient_boosting,3,2023-07-25,-1,0,0.4467185388088654,0.29420004537626937,0.29420004537626937,0.15251849343259605
JNJ,calibrated_hist_gradient_boosting,3,2023-07-26,0,0,0.4249366599554591,0.29902443916059673,0.29902443916059673,0.12591222079486236
JNJ,calibrated_hist_gradient_boosting,3,2023-07-27,0,0,0.4418186483127668,0.293917640572609,0.293917640572609,0.1479010077401578
JNJ,calibrated_hist_gradient_boosting,3,2023-07-28,-1,0,0.4327150761462793,0.2967157677939995,0.2967157677939995,0.1359993083522798
JNJ,calibrated_hist_gradient_boosting,3,2023-07-31,1,0,0.49170292675208177,0.2759937048257949,0.2759937048257949,0.2157092219262869
JNJ,calibrated_hist_gradient_boosting,3,2023-08-01,1,0,0.46729430188132354,0.32501835211720276,0.32501835211720276,0.14227594976412078
JNJ,calibrated_hist_gradient_boosting,3,2023-08-02,0,0,0.4667901101552334,0.311180364121108,0.311180364121108,0.15560974603412542
JNJ,calibrated_hist_gradient_boosting,3,2023-08-03,0,0,0.4625649620365803,0.3029218257515877,0.3029218257515877,0.1596431362849926
JNJ,calibrated_hist_gradient_boosting,3,2023-08-04,1,0,0.4466075526777134,0.33603108090095796,0.33603108090095796,0.11057647177675545
JNJ,calibrated_hist_gradient_boosting,3,2023-08-07,0,0,0.46303150614578614,0.31241905982721885,0.31241905982721885,0.1506124463185673
JNJ,calibrated_hist_gradient_boosting,3,2023-08-08,0,0,0.45650631309209033,0.3068996507906537,0.3068996507906537,0.14960666230143665
JNJ,calibrated_hist_gradient_boosting,3,2023-08-09,0,0,0.4509285933497604,0.31823335684278375,0.31823335684278375,0.13269523650697662
JNJ,calibrated_hist_gradient_boosting,3,2023-08-10,0,0,0.4391186778839371,0.34064410428851044,0.34064410428851044,0.09847457359542666
JNJ,calibrated_hist_gradient_boosting,3,2023-08-11,0,0,0.44362797611935895,0.3253880770681458,0.3253880770681458,0.11823989905121313
JNJ,calibrated_hist_gradient_boosting,3,2023-08-14,-1,0,0.44776794043024326,0.3136838233708011,0.3136838233708011,0.13408411705944218
JNJ,calibrated_hist_gradient_boosting,3,2023-08-15,-1,0,0.435879614580115,0.33558709973479406,0.33558709973479406,0.10029251484532092
JNJ,calibrated_hist_gradient_boosting,3,2023-08-16,-1,0,0.4580848591428695,0.3142120111453281,0.3142120111453281,0.1438728479975414
JNJ,calibrated_hist_gradient_boosting,3,2023-08-17,-1,0,0.4553693149920117,0.2959647326987768,0.2959647326987768,0.1594045822932349
JNJ,calibrated_hist_gradient_boosting,3,2023-08-18,-1,0,0.48065511589733023,0.2734193145125923,0.2734193145125923,0.2072358013847379
JNJ,calibrated_hist_gradient_boosting,3,2023-08-21,0,0,0.4788454277764889,0.28030442100493685,0.28030442100493685,0.19854100677155206
JNJ,calibrated_hist_gradient_boosting,3,2023-08-22,0,0,0.47509934144664817,0.29687194269531864,0.29687194269531864,0.17822739875132954
JNJ,calibrated_hist_gradient_boosting,3,2023-08-23,0,0,0.4729720251312499,0.3103734782475666,0.3103734782475666,0.1625985468836833
JNJ,calibrated_hist_gradient_boosting,3,2023-08-24,0,0,0.4655407876561734,0.3035503803743835,0.3035503803743835,0.16199040728178993
JNJ,calibrated_hist_gradient_boosting,3,2023-08-25,-1,0,0.46332174687039535,0.2936088429775308,0.2936088429775308,0.16971290389286453
JNJ,calibrated_hist_gradient_boosting,3,2023-08-28,-1,0,0.464748670667315,0.3013298785848557,0.3013298785848557,0.1634187920824593
JNJ,calibrated_hist_gradient_boosting,3,2023-08-29,-1,0,0.45691616312079414,0.30341778953043047,0.30341778953043047,0.15349837359036367
JNJ,calibrated_hist_gradient_boosting,3,2023-08-30,-1,0,0.4664587941109746,0.30123625835770607,0.30123625835770607,0.1652225357532685
JNJ,calibrated_hist_gradient_boosting,3,2023-08-31,0,0,0.48089878776854045,0.2845815964089642,0.2845815964089642,0.19631719135957626
JNJ,calibrated_hist_gradient_boosting,3,2023-09-01,0,0,0.47285622025898283,0.2869031723262525,0.2869031723262525,0.18595304793273032
JNJ,calibrated_hist_gradient_boosting,3,2023-09-05,0,0,0.4651994272709454,0.286836061052344,0.286836061052344,0.17836336621860138
JNJ,calibrated_hist_gradient_boosting,3,2023-09-06,1,0,0.48513870837515455,0.2968549876557518,0.2968549876557518,0.18828372071940275
JNJ,calibrated_hist_gradient_boosting,3,2023-09-07,1,0,0.4504651227674916,0.30474711947967675,0.30474711947967675,0.14571800328781487
JNJ,calibrated_hist_gradient_boosting,3,2023-09-08,0,0,0.46389334853058295,0.3032311676989928,0.3032311676989928,0.16066218083159017
JNJ,calibrated_hist_gradient_boosting,3,2023-09-11,0,0,0.46505189200012165,0.3020677128218776,0.3020677128218776,0.16298417917824404
JNJ,calibrated_hist_gradient_boosting,3,2023-09-12,0,0,0.47493868756634,0.29509225429556846,0.29509225429556846,0.17984643327077154
JNJ,calibrated_hist_gradient_boosting,3,2023-09-13,0,0,0.45405590878742386,0.31555213426217615,0.31555213426217615,0.1385037745252477
JNJ,calibrated_hist_gradient_boosting,3,2023-09-14,0,0,0.47095278656635314,0.29904694524098435,0.29904694524098435,0.1719058413253688
JNJ,calibrated_hist_gradient_boosting,3,2023-09-15,0,0,0.4573022640042291,0.2996867481490095,0.2996867481490095,0.1576155158552196
JNJ,calibrated_hist_gradient_boosting,3,2023-09-18,0,0,0.45764733400717034,0.31093930419218707,0.31093930419218707,0.14670802981498327
JNJ,calibrated_hist_gradient_boosting,3,2023-09-19,0,0,0.45956369258298624,0.29050122522139077,0.29050122522139077,0.16906246736159547
JNJ,calibrated_hist_gradient_boosting,3,2023-09-20,-1,0,0.44761410402639906,0.3251665860426035,0.3251665860426035,0.12244751798379555
JNJ,calibrated_hist_gradient_boosting,3,2023-09-21,-1,0,0.4440494632562171,0.33040182034409055,0.33040182034409055,0.11364764291212653
JNJ,calibrated_hist_gradient_boosting,3,2023-09-22,-1,0,0.4523842839221353,0.28956268901503834,0.28956268901503834,0.16282159490709697
JNJ,calibrated_hist_gradient_boosting,3,2023-09-25,-1,0,0.48557684874743545,0.2956823465733831,0.2956823465733831,0.18989450217405235
JNJ,calibrated_hist_gradient_boosting,3,2023-09-26,-1,0,0.47415054325638434,0.3124837070646467,0.3124837070646467,0.16166683619173766
JNJ,calibrated_hist_gradient_boosting,3,2023-09-27,0,0,0.4695289833884056,0.34245427847672144,0.34245427847672144,0.12707470491168416
JNJ,calibrated_hist_gradient_boosting,3,2023-09-28,0,0,0.46942339360445473,0.32776308069927146,0.32776308069927146,0.14166031290518327
JNJ,calibrated_hist_gradient_boosting,3,2023-09-29,0,0,0.4723650230080259,0.33057810770172014,0.33057810770172014,0.14178691530630577
JNJ,calibrated_hist_gradient_boosting,3,2023-10-02,1,0,0.47742085460600037,0.32189570036147686,0.32189570036147686,0.1555251542445235
JNJ,calibrated_hist_gradient_boosting,3,2023-10-03,0,0,0.48394228564637826,0.3147051486935453,0.3147051486935453,0.16923713695283293
JNJ,calibrated_hist_gradient_boosting,3,2023-10-04,0,0,0.4728157649258007,0.3060135583839305,0.3060135583839305,0.16680220654187017
JNJ,calibrated_hist_gradient_boosting,3,2023-10-05,0,0,0.46235956217641067,0.3182083346045901,0.3182083346045901,0.14415122757182058
JNJ,calibrated_hist_gradient_boosting,3,2023-10-06,0,0,0.4579695139857533,0.3054217689205729,0.3054217689205729,0.15254774506518043
JNJ,calibrated_hist_gradient_boosting,3,2023-10-09,0,0,0.44813508205443653,0.3266420336560151,0.3266420336560151,0.12149304839842145
JNJ,calibrated_hist_gradient_boosting,3,2023-10-10,0,0,0.4620614090704298,0.31132670366840115,0.31132670366840115,0.15073470540202866
JNJ,calibrated_hist_gradient_boosting,3,2023-10-11,-1,0,0.47502253078951795,0.31404438202843504,0.31404438202843504,0.1609781487610829
JNJ,calibrated_hist_gradient_boosting,3,2023-10-12,-1,0,0.488873132858912,0.29729773061125725,0.29729773061125725,0.19157540224765474
JNJ,calibrated_hist_gradient_boosting,3,2023-10-13,-1,0,0.47555871829124136,0.3095167326913314,0.3095167326913314,0.16604198559990996
JNJ,calibrated_hist_gradient_boosting,3,2023-10-16,-1,0,0.4650224274894559,0.3113997088653943,0.3113997088653943,0.15362271862406157
JNJ,calibrated_hist_gradient_boosting,3,2023-10-17,-1,0,0.45530780379086505,0.32791050322464965,0.32791050322464965,0.1273973005662154
JNJ,calibrated_hist_gradient_boosting,3,2023-10-18,0,0,0.48926112327681465,0.31548946219909063,0.31548946219909063,0.17377166107772402
JNJ,calibrated_hist_gradient_boosting,3,2023-10-19,-1,0,0.4538049396057704,0.35006778725747295,0.35006778725747295,0.10373715234829745
JNJ,calibrated_hist_gradient_boosting,3,2023-10-20,-1,0,0.45639686111004335,0.33483800287493937,0.33483800287493937,0.12155885823510398
JNJ,calibrated_hist_gradient_boosting,3,2023-10-23,-1,0,0.4698231346809499,0.3279495838587079,0.3279495838587079,0.14187355082224196
JNJ,calibrated_hist_gradient_boosting,3,2023-10-24,0,0,0.4660254241258719,0.3319566835867809,0.3319566835867809,0.134068740539091
JNJ,calibrated_hist_gradient_boosting,3,2023-10-25,0,0,0.46627136506277883,0.3224590206386293,0.3224590206386293,0.14381234442414953
JNJ,calibrated_hist_gradient_boosting,3,2023-10-26,0,0,0.4716506331594133,0.32895540241134713,0.32895540241134713,0.14269523074806617
JNJ,calibrated_hist_gradient_boosting,3,2023-10-27,1,0,0.461142574849581,0.33507831759073897,0.33507831759073897,0.12606425725884202
JNJ,calibrated_hist_gradient_boosting,3,2023-10-30,1,0,0.4741973729399058,0.3192140130066583,0.3192140130066583,0.15498335993324752
JNJ,calibrated_hist_gradient_boosting,3,2023-10-31,0,0,0.4589822344983125,0.33029875353874294,0.33029875353874294,0.12868348095956955
JNJ,calibrated_hist_gradient_boosting,3,2023-11-01,0,0,0.4806071174618632,0.3133464371151767,0.3133464371151767,0.1672606803466865
JNJ,calibrated_hist_gradient_boosting,3,2023-11-02,0,0,0.44527953307857704,0.3425282396801724,0.3425282396801724,0.10275129339840466
JNJ,calibrated_hist_gradient_boosting,3,2023-11-03,-1,0,0.48385992095123226,0.3006851873569452,0.3006851873569452,0.18317473359428704
JNJ,calibrated_hist_gradient_boosting,3,2023-11-06,-1,0,0.4692034570444363,0.2999410203989907,0.2999410203989907,0.1692624366454456
JNJ,calibrated_hist_gradient_boosting,3,2023-11-07,-1,0,0.48211333850802324,0.29919515775785294,0.29919515775785294,0.1829181807501703
JNJ,calibrated_hist_gradient_boosting,3,2023-11-08,0,0,0.5003644573583794,0.28823228341443174,0.28823228341443174,0.21213217394394768
JNJ,calibrated_hist_gradient_boosting,3,2023-11-09,0,0,0.46462414411812886,0.3322303134500639,0.3322303134500639,0.13239383066806498
JNJ,calibrated_hist_gradient_boosting,3,2023-11-10,0,0,0.436734910643405,0.35217501387267386,0.35217501387267386,0.08455989677073117
JNJ,calibrated_hist_gradient_boosting,3,2023-11-13,1,0,0.4729569282851056,0.31974488571273385,0.31974488571273385,0.15321204257237175
JNJ,calibrated_hist_gradient_boosting,3,2023-11-14,1,0,0.4508506631419677,0.3413898384926362,0.3413898384926362,0.10946082464933149
JNJ,calibrated_hist_gradient_boosting,3,2023-11-15,1,0,0.4453208050194382,0.32736304464443405,0.32736304464443405,0.11795776037500416
JNJ,calibrated_hist_gradient_boosting,3,2023-11-16,1,0,0.43111474429270885,0.3351701706587873,0.3351701706587873,0.09594457363392156
JNJ,calibrated_hist_gradient_boosting,3,2023-11-17,0,0,0.4412195597038509,0.32625854053850495,0.32625854053850495,0.11496101916534596
JNJ,calibrated_hist_gradient_boosting,3,2023-11-20,0,0,0.42546991074014634,0.34424652560429986,0.34424652560429986,0.08122338513584648
JNJ,calibrated_hist_gradient_boosting,3,2023-11-21,0,0,0.41690789716642057,0.3462784227439391,0.3462784227439391,0.07062947442248146
JNJ,calibrated_hist_gradient_boosting,3,2023-11-22,1,0,0.44291604712419175,0.3375261609240427,0.3375261609240427,0.10538988620014905
JNJ,calibrated_hist_gradient_boosting,3,2023-11-24,1,0,0.4617211015035865,0.32236628591271743,0.32236628591271743,0.13935481559086904
JNJ,calibrated_hist_gradient_boosting,3,2023-11-27,1,0,0.4524156272971365,0.3154272006515853,0.3154272006515853,0.13698842664555122
JNJ,calibrated_hist_gradient_boosting,3,2023-11-28,1,0,0.4436344683734599,0.313496202185306,0.313496202185306,0.13013826618815388
JNJ,calibrated_hist_gradient_boosting,3,2023-11-29,1,0,0.4575919992279314,0.31532079604151503,0.31532079604151503,0.1422712031864164
JNJ,calibrated_hist_gradient_boosting,3,2023-11-30,0,0,0.46693256954765405,0.29625799463468533,0.29625799463468533,0.17067457491296872
JNJ,calibrated_hist_gradient_boosting,3,2023-12-01,-1,0,0.44452763783548316,0.2927701263675893,0.2927701263675893,0.15175751146789385
JNJ,calibrated_hist_gradient_boosting,3,2023-12-04,-1,0,0.453263496356253,0.2924515186543539,0.2924515186543539,0.1608119777018991
JNJ,calibrated_hist_gradient_boosting,3,2023-12-05,-1,0,0.45348953028513667,0.2921098336135725,0.2921098336135725,0.16137969667156415
JNJ,calibrated_hist_gradient_boosting,3,2023-12-06,0,0,0.4800281209065385,0.2807531389326417,0.2807531389326417,0.19927498197389681
JNJ,calibrated_hist_gradient_boosting,3,2023-12-07,0,0,0.4743007386536802,0.30847967496140133,0.30847967496140133,0.1658210636922789
JNJ,calibrated_hist_gradient_boosting,3,2023-12-08,0,0,0.46247387067290285,0.3316978363853728,0.3316978363853728,0.13077603428753004
JNJ,calibrated_hist_gradient_boosting,3,2023-12-11,0,0,0.4663529593655891,0.3094738602799198,0.3094738602799198,0.15687909908566933
JNJ,calibrated_hist_gradient_boosting,3,2023-12-12,0,0,0.4596690487588921,0.32603519024408983,0.32603519024408983,0.13363385851480225
JNJ,calibrated_hist_gradient_boosting,3,2023-12-13,0,0,0.4260133674313668,0.3382718994197629,0.3382718994197629,0.08774146801160393
JNJ,calibrated_hist_gradient_boosting,3,2023-12-14,0,0,0.4491016777207899,0.32627864738372847,0.32627864738372847,0.12282303033706143
JNJ,calibrated_hist_gradient_boosting,3,2023-12-15,0,0,0.4436130477045344,0.3176839076987055,0.3176839076987055,0.1259291400058289
JNJ,calibrated_hist_gradient_boosting,3,2023-12-18,0,0,0.44848327816651407,0.3149916302110352,0.3149916302110352,0.13349164795547885
JNJ,calibrated_hist_gradient_boosting,3,2023-12-19,0,0,0.4636694424636824,0.2890167713116782,0.2890167713116782,0.17465267115200422
JNJ,calibrated_hist_gradient_boosting,3,2023-12-20,1,0,0.4580236668089128,0.2990653856242019,0.2990653856242019,0.15895828118471095
JNJ,calibrated_hist_gradient_boosting,3,2023-12-21,0,0,0.4425863658685969,0.3161175338772239,0.3161175338772239,0.126468831991373
JNJ,calibrated_hist_gradient_boosting,3,2023-12-22,1,0,0.4495782760781353,0.29434099888563364,0.29434099888563364,0.15523727719250163
JNJ,calibrated_hist_gradient_boosting,3,2023-12-26,1,0,0.46955283582367774,0.2704779473889245,0.2704779473889245,0.19907488843475324
JNJ,calibrated_hist_gradient_boosting,3,2023-12-27,1,0,0.45698431562918485,0.2738910318187181,0.2738910318187181,0.18309328381046674
JNJ,calibrated_hist_gradient_boosting,3,2023-12-28,1,0,0.4658493656305857,0.2787432136300919,0.2787432136300919,0.1871061520004938
JNJ,calibrated_hist_gradient_boosting,3,2023-12-29,1,0,0.45374102247896153,0.2924317819529015,0.2924317819529015,0.16130924052606005
JNJ,calibrated_hist_gradient_boosting,3,2024-01-02,0,0,0.4438376262790053,0.3035005196383267,0.3035005196383267,0.1403371066406786
JNJ,calibrated_hist_gradient_boosting,3,2024-01-03,0,0,0.437621840169136,0.31329453607209384,0.31329453607209384,0.12432730409704218
JNJ,calibrated_hist_gradient_boosting,3,2024-01-04,0,0,0.4527252687854236,0.30436377653370456,0.30436377653370456,0.14836149225171902
JNJ,calibrated_hist_gradient_boosting,3,2024-01-05,0,0,0.4594981424892078,0.3034918501428313,0.3034918501428313,0.15600629234637647
JNJ,calibrated_hist_gradient_boosting,3,2024-01-08,0,0,0.4426520274662377,0.29852164515975227,0.29852164515975227,0.14413038230648545
JNJ,calibrated_hist_gradient_boosting,3,2024-01-09,0,0,0.43006560218142614,0.3212644595030723,0.3212644595030723,0.10880114267835383
JNJ,calibrated_hist_gradient_boosting,3,2024-01-10,0,0,0.4557348374773024,0.2946691382161204,0.2946691382161204,0.16106569926118203
JNJ,calibrated_hist_gradient_boosting,3,2024-01-11,0,0,0.4596152548943697,0.3019307170409313,0.3019307170409313,0.15768453785343844
JNJ,calibrated_hist_gradient_boosting,3,2024-01-12,0,0,0.4546972104765472,0.2905546417379786,0.2905546417379786,0.16414256873856858
JNJ,calibrated_hist_gradient_boosting,3,2024-01-16,0,0,0.4630778765191186,0.30104056286875824,0.30104056286875824,0.16203731365036034
JNJ,calibrated_hist_gradient_boosting,3,2024-01-17,0,0,0.47838991261398034,0.3046195343464763,0.3046195343464763,0.17377037826750402
JNJ,calibrated_hist_gradient_boosting,3,2024-01-18,0,0,0.47082478044655546,0.307804618618583,0.307804618618583,0.16302016182797247
JNJ,calibrated_hist_gradient_boosting,3,2024-01-19,0,0,0.4749029433525358,0.2859183831997284,0.2859183831997284,0.1889845601528074
JNJ,calibrated_hist_gradient_boosting,3,2024-01-22,0,0,0.42933589808095785,0.33644676718327343,0.33644676718327343,0.09288913089768441
JNJ,calibrated_hist_gradient_boosting,3,2024-01-23,0,0,0.43525398872048954,0.3158008376099054,0.3158008376099054,0.11945315111058413
JNJ,calibrated_hist_gradient_boosting,3,2024-01-24,0,0,0.4464115049185986,0.3195167714377698,0.3195167714377698,0.1268947334808288
JNJ,calibrated_hist_gradient_boosting,3,2024-01-25,0,0,0.4581234612309369,0.29001036241372974,0.29001036241372974,0.16811309881720715
JNJ,calibrated_hist_gradient_boosting,3,2024-01-26,0,0,0.4584194434936364,0.29364995680495815,0.29364995680495815,0.16476948668867825
JNJ,calibrated_hist_gradient_boosting,3,2024-01-29,-1,0,0.4733773954728279,0.2788569774688917,0.2788569774688917,0.1945204180039362
JNJ,calibrated_hist_gradient_boosting,3,2024-01-30,0,0,0.4570137058561487,0.3043665580665859,0.3043665580665859,0.1526471477895628
JNJ,calibrated_hist_gradient_boosting,3,2024-01-31,0,0,0.4594628030550913,0.3075515318162844,0.3075515318162844,0.15191127123880688
JNJ,calibrated_hist_gradient_boosting,3,2024-02-01,0,0,0.46222125184508883,0.3021414072274977,0.3021414072274977,0.16007984461759112
JNJ,calibrated_hist_gradient_boosting,3,2024-02-02,0,0,0.45381175120900474,0.3211959737452787,0.3211959737452787,0.13261577746372605
JNJ,calibrated_hist_gradient_boosting,3,2024-02-05,0,0,0.4625672398514933,0.3143479763808687,0.3143479763808687,0.14821926347062458
JNJ,calibrated_hist_gradient_boosting,3,2024-02-06,0,0,0.4464723831798594,0.32229782461827283,0.32229782461827283,0.12417455856158655
JNJ,calibrated_hist_gradient_boosting,3,2024-02-07,0,0,0.45096492812871264,0.32497236243070743,0.32497236243070743,0.1259925656980052
JNJ,calibrated_hist_gradient_boosting,3,2024-02-08,0,0,0.4406882085865587,0.3457342233306156,0.3457342233306156,0.09495398525594312
JNJ,calibrated_hist_gradient_boosting,3,2024-02-09,0,0,0.4556639755045678,0.32006529194914896,0.32006529194914896,0.13559868355541882
JNJ,calibrated_hist_gradient_boosting,3,2024-02-12,0,0,0.44354079967635046,0.3439278587363426,0.3439278587363426,0.09961294094000789
JNJ,calibrated_hist_gradient_boosting,3,2024-02-13,1,0,0.46394903179093666,0.2813969878080585,0.2813969878080585,0.18255204398287816
JNJ,calibrated_hist_gradient_boosting,3,2024-02-14,1,0,0.4612892764810396,0.3083086335495956,0.3083086335495956,0.15298064293144403
JNJ,calibrated_hist_gradient_boosting,3,2024-02-15,1,0,0.43502956589917857,0.3369690226012265,0.3369690226012265,0.09806054329795205
JNJ,calibrated_hist_gradient_boosting,3,2024-02-16,1,0,0.458330497956871,0.2941211409522689,0.2941211409522689,0.1642093570046021
JNJ,calibrated_hist_gradient_boosting,3,2024-02-20,0,0,0.4573620491443536,0.314628179400318,0.314628179400318,0.14273386974403557
JNJ,calibrated_hist_gradient_boosting,3,2024-02-21,0,0,0.45230579447024616,0.3210770680499644,0.3210770680499644,0.13122872642028177
JNJ,calibrated_hist_gradient_boosting,3,2024-02-22,0,0,0.45486803866458364,0.3127318775846426,0.3127318775846426,0.14213616107994104
JNJ,calibrated_hist_gradient_boosting,3,2024-02-23,0,0,0.45093353826650545,0.31271952588216356,0.31271952588216356,0.1382140123843419
JNJ,calibrated_hist_gradient_boosting,3,2024-02-26,0,0,0.4527357572282626,0.3198322339611846,0.3198322339611846,0.132903523267078
JNJ,calibrated_hist_gradient_boosting,3,2024-02-27,0,0,0.47861227363984366,0.28458177243884003,0.28458177243884003,0.19403050120100362
JNJ,calibrated_hist_gradient_boosting,3,2024-02-28,0,0,0.45053423318619457,0.3110821533260286,0.3110821533260286,0.13945207986016595
JNJ,calibrated_hist_gradient_boosting,3,2024-02-29,0,0,0.4633526791479281,0.30957560579570903,0.30957560579570903,0.15377707335221907
JNJ,calibrated_hist_gradient_boosting,3,2024-03-01,0,0,0.4982620207507383,0.2635197347964861,0.2635197347964861,0.23474228595425217
JNJ,calibrated_hist_gradient_boosting,3,2024-03-04,0,0,0.45474700057177514,0.30490184721575747,0.30490184721575747,0.14984515335601767
JNJ,calibrated_hist_gradient_boosting,3,2024-03-05,0,0,0.4563620614157032,0.3015046703605465,0.3015046703605465,0.15485739105515667
JNJ,calibrated_hist_gradient_boosting,3,2024-03-06,0,0,0.47392736444693523,0.2879805662851742,0.2879805662851742,0.18594679816176102
JNJ,calibrated_hist_gradient_boosting,3,2024-03-07,0,0,0.47549653553091814,0.30068913622913823,0.30068913622913823,0.1748073993017799
JNJ,calibrated_hist_gradient_boosting,3,2024-03-08,0,0,0.46674314406051237,0.300325666380263,0.300325666380263,0.1664174776802494
JNJ,calibrated_hist_gradient_boosting,3,2024-03-11,-1,0,0.4627873917921086,0.32384262861633206,0.32384262861633206,0.13894476317577653
JNJ,calibrated_hist_gradient_boosting,3,2024-03-12,-1,0,0.4497228924116074,0.3122533158840881,0.3122533158840881,0.1374695765275193
JNJ,calibrated_hist_gradient_boosting,3,2024-03-13,-1,0,0.44726739633103985,0.30545634767570123,0.30545634767570123,0.1418110486553386
JNJ,calibrated_hist_gradient_boosting,3,2024-03-14,-1,0,0.4458801435728181,0.3180055405620839,0.3180055405620839,0.12787460301073417
JNJ,calibrated_hist_gradient_boosting,3,2024-03-15,0,0,0.465050926969324,0.32309757979040077,0.32309757979040077,0.14195334717892322
JNJ,calibrated_hist_gradient_boosting,3,2024-03-18,0,0,0.4623383551647701,0.3071696760258299,0.3071696760258299,0.15516867913894022
JNJ,calibrated_hist_gradient_boosting,3,2024-03-19,0,0,0.43942953982624117,0.34011472816719607,0.34011472816719607,0.0993148116590451
JNJ,calibrated_hist_gradient_boosting,3,2024-03-20,0,0,0.4486899850580266,0.3346963726532159,0.3346963726532159,0.1139936124048107
JNJ,calibrated_hist_gradient_boosting,3,2024-03-21,0,0,0.43641763725433264,0.3454471853600811,0.3454471853600811,0.09097045189425151
JNJ,calibrated_hist_gradient_boosting,3,2024-03-22,0,0,0.43611520437915097,0.333705763919014,0.333705763919014,0.10240944046013695
JNJ,calibrated_hist_gradient_boosting,3,2024-03-25,0,0,0.44943436728383174,0.30199216415883495,0.30199216415883495,0.14744220312499678
JNJ,calibrated_hist_gradient_boosting,3,2024-03-26,0,0,0.46512207016983825,0.305572682194198,0.305572682194198,0.15954938797564028
JNJ,calibrated_hist_gradient_boosting,3,2024-03-27,-1,0,0.4451302850059027,0.3191099668401704,0.3191099668401704,0.12602031816573228
JNJ,calibrated_hist_gradient_boosting,3,2024-03-28,-1,0,0.44847483353476786,0.3265091788660555,0.3265091788660555,0.12196565466871234
JNJ,calibrated_hist_gradient_boosting,3,2024-04-01,-1,0,0.44725132810073354,0.3231469289356049,0.3231469289356049,0.12410439916512861
JNJ,calibrated_hist_gradient_boosting,3,2024-04-02,-1,0,0.416527951669603,0.36382175024608476,0.36382175024608476,0.05270620142351823
JNJ,calibrated_hist_gradient_boosting,3,2024-04-03,-1,0,0.4867680612260539,0.2875364616513672,0.2875364616513672,0.19923159957468672
JNJ,calibrated_hist_gradient_boosting,3,2024-04-04,-1,0,0.4779556814016949,0.30323749076269446,0.30323749076269446,0.17471819063900046
JNJ,calibrated_hist_gradient_boosting,3,2024-04-05,-1,0,0.4850657747805802,0.30243040545063904,0.30243040545063904,0.18263536932994118
JNJ,calibrated_hist_gradient_boosting,3,2024-04-08,-1,0,0.4844351922167263,0.3031075736659903,0.3031075736659903,0.18132761855073604
JNJ,calibrated_hist_gradient_boosting,3,2024-04-09,-1,0,0.4656869930483762,0.31666451073734564,0.31666451073734564,0.14902248231103055
JNJ,calibrated_hist_gradient_boosting,3,2024-04-10,-1,0,0.47475838823179206,0.3182463529126172,0.3182463529126172,0.15651203531917485
JNJ,calibrated_hist_gradient_boosting,3,2024-04-11,-1,0,0.4722605182268669,0.3154533634359343,0.3154533634359343,0.1568071547909326
JNJ,calibrated_hist_gradient_boosting,3,2024-04-12,0,0,0.4716075813449483,0.3247180203005516,0.3247180203005516,0.1468895610443967
JNJ,calibrated_hist_gradient_boosting,3,2024-04-15,0,0,0.45982698355383844,0.332099928589122,0.332099928589122,0.12772705496471642
JNJ,calibrated_hist_gradient_boosting,3,2024-04-16,1,0,0.4499629057092002,0.3279423192481647,0.3279423192481647,0.12202058646103553
JNJ,calibrated_hist_gradient_boosting,3,2024-04-17,1,0,0.44731819980117477,0.34108756197257034,0.34108756197257034,0.10623063782860442
JNJ,calibrated_hist_gradient_boosting,3,2024-04-18,0,0,0.47080310865760255,0.3202710099865916,0.3202710099865916,0.15053209867101097
JNJ,calibrated_hist_gradient_boosting,3,2024-04-19,0,0,0.44364978358624624,0.3248281041461311,0.3248281041461311,0.11882167944011512
JNJ,calibrated_hist_gradient_boosting,3,2024-04-22,0,0,0.4793825117586889,0.2974768359349402,0.2974768359349402,0.18190567582374872
JNJ,calibrated_hist_gradient_boosting,3,2024-04-23,-1,0,0.47076199276641145,0.3093925321482783,0.3093925321482783,0.16136946061813318
JNJ,calibrated_hist_gradient_boosting,3,2024-04-24,0,0,0.45747756031971964,0.31847405775653703,0.31847405775653703,0.1390035025631826
JNJ,calibrated_hist_gradient_boosting,3,2024-04-25,1,0,0.46470098511446745,0.3332643185895452,0.3332643185895452,0.13143666652492225
JNJ,calibrated_hist_gradient_boosting,3,2024-04-26,1,0,0.48042340431632047,0.3221099495057969,0.3221099495057969,0.15831345481052356
JNJ,calibrated_hist_gradient_boosting,3,2024-04-29,0,0,0.47928148336365045,0.31290944451441444,0.31290944451441444,0.16637203884923601
JNJ,calibrated_hist_gradient_boosting,3,2024-04-30,1,0,0.4718638776557594,0.3190109854483401,0.3190109854483401,0.15285289220741927
JNJ,calibrated_hist_gradient_boosting,3,2024-05-01,0,0,0.443140352601145,0.31509365630634645,0.31509365630634645,0.12804669629479853
JNJ,calibrated_hist_gradient_boosting,3,2024-05-02,0,0,0.4555020185424648,0.2923344096131724,0.2923344096131724,0.16316760892929238
JNJ,calibrated_hist_gradient_boosting,3,2024-05-03,0,0,0.4473145570841954,0.3046049168609842,0.3046049168609842,0.1427096402232112
JNJ,calibrated_hist_gradient_boosting,3,2024-05-06,0,0,0.4354283278753737,0.3145667334441082,0.3145667334441082,0.12086159443126554
JNJ,calibrated_hist_gradient_boosting,3,2024-05-07,0,0,0.4564786972100963,0.29279304255214345,0.29279304255214345,0.16368565465795287
JNJ,calibrated_hist_gradient_boosting,3,2024-05-08,1,0,0.44892618266809975,0.3062626546613152,0.3062626546613152,0.14266352800678456
JNJ,calibrated_hist_gradient_boosting,3,2024-05-09,1,0,0.4715044876120413,0.2853495776992233,0.2853495776992233,0.18615490991281797
JNJ,calibrated_hist_gradient_boosting,3,2024-05-10,1,0,0.458244814386995,0.28662598847035153,0.28662598847035153,0.17161882591664346
JNJ,calibrated_hist_gradient_boosting,3,2024-05-13,0,0,0.4595501727205578,0.3060914476697108,0.3060914476697108,0.153458725050847
JNJ,calibrated_hist_gradient_boosting,3,2024-05-14,0,0,0.46588139846976606,0.28422437034722275,0.28422437034722275,0.1816570281225433
JNJ,calibrated_hist_gradient_boosting,3,2024-05-15,0,0,0.48063494987435357,0.29332517749340076,0.29332517749340076,0.1873097723809528
JNJ,calibrated_hist_gradient_boosting,3,2024-05-16,-1,0,0.4980554141284954,0.2707876384611294,0.2707876384611294,0.227267775667366
JNJ,calibrated_hist_gradient_boosting,3,2024-05-17,-1,0,0.48006020985802383,0.2801523671821324,0.2801523671821324,0.19990784267589146
JNJ,calibrated_hist_gradient_boosting,3,2024-05-20,-1,0,0.49822054672192434,0.27285107515714185,0.27285107515714185,0.2253694715647825
JNJ,calibrated_hist_gradient_boosting,3,2024-05-21,-1,0,0.46632053318000194,0.296453031141621,0.296453031141621,0.1698675020383809
JNJ,calibrated_hist_gradient_boosting,3,2024-05-22,-1,0,0.4590858100061678,0.2969802417401716,0.2969802417401716,0.1621055682659962
