ticker,model,fold,date,y_true,y_pred,confidence,bullish_probability,second_best_probability,probability_margin
JNJ,xgboost,1,2019-10-03,0,0,0.7435789108276367,0.05570747330784798,0.2007136344909668,0.5428652763366699
JNJ,xgboost,1,2019-10-04,0,0,0.9603524804115295,0.03698968142271042,0.03698968142271042,0.9233627989888191
JNJ,xgboost,1,2019-10-07,0,0,0.9856482744216919,0.013133049011230469,0.013133049011230469,0.9725152254104614
JNJ,xgboost,1,2019-10-08,0,0,0.9592167735099792,0.008799774572253227,0.03198344632983208,0.9272333271801472
JNJ,xgboost,1,2019-10-09,1,0,0.9387971758842468,0.05515170842409134,0.05515170842409134,0.8836454674601555
JNJ,xgboost,1,2019-10-10,1,0,0.8393722176551819,0.10303577035665512,0.10303577035665512,0.7363364472985268
JNJ,xgboost,1,2019-10-11,-1,0,0.7134880423545837,0.16257736086845398,0.16257736086845398,0.5509106814861298
JNJ,xgboost,1,2019-10-14,-1,0,0.936941921710968,0.050628840923309326,0.050628840923309326,0.8863130807876587
JNJ,xgboost,1,2019-10-15,-1,0,0.8619737029075623,0.08260734379291534,0.08260734379291534,0.7793663591146469
JNJ,xgboost,1,2019-10-16,-1,0,0.9560413360595703,0.0388992615044117,0.0388992615044117,0.9171420745551586
JNJ,xgboost,1,2019-10-17,-1,0,0.9811121821403503,0.0023811757564544678,0.016506675630807877,0.9646055065095425
JNJ,xgboost,1,2019-10-18,0,-1,0.5641849637031555,0.1916002333164215,0.24421483278274536,0.31997013092041016
JNJ,xgboost,1,2019-10-21,0,1,0.3539944589138031,0.3539944589138031,0.33296525478363037,0.02102920413017273
JNJ,xgboost,1,2019-10-22,0,-1,0.45489639043807983,0.21344703435897827,0.3316565454006195,0.12323984503746033
JNJ,xgboost,1,2019-10-23,1,0,0.5741000175476074,0.24743908643722534,0.24743908643722534,0.3266609311103821
JNJ,xgboost,1,2019-10-24,1,0,0.6210050582885742,0.16820776462554932,0.21078723669052124,0.410217821598053
JNJ,xgboost,1,2019-10-25,1,0,0.6865901350975037,0.05823679640889168,0.25517305731773376,0.4314170777797699
JNJ,xgboost,1,2019-10-28,0,0,0.5174738764762878,0.03927319496870041,0.44325289130210876,0.07422098517417908
JNJ,xgboost,1,2019-10-29,0,0,0.5143908858299255,0.1590735912322998,0.32653552293777466,0.18785536289215088
JNJ,xgboost,1,2019-10-30,0,-1,0.4459563195705414,0.15112978219985962,0.402913898229599,0.04304242134094238
JNJ,xgboost,1,2019-10-31,0,0,0.8539113402366638,0.0567193403840065,0.08936930447816849,0.7645420357584953
JNJ,xgboost,1,2019-11-01,0,0,0.7931903004646301,0.009818904101848602,0.1969907581806183,0.5961995422840118
JNJ,xgboost,1,2019-11-04,0,0,0.7025489211082458,0.011796139180660248,0.2856549322605133,0.41689398884773254
JNJ,xgboost,1,2019-11-05,0,0,0.8678029775619507,0.001339806942269206,0.13085725903511047,0.7369457185268402
JNJ,xgboost,1,2019-11-06,0,0,0.8641786575317383,0.0829034075140953,0.0829034075140953,0.781275250017643
JNJ,xgboost,1,2019-11-07,0,0,0.8741207122802734,0.0408221110701561,0.08505711704492569,0.7890635952353477
JNJ,xgboost,1,2019-11-08,0,0,0.9449971914291382,0.012631694786250591,0.042371053248643875,0.9026261381804943
JNJ,xgboost,1,2019-11-11,1,0,0.9832329154014587,0.009071196429431438,0.009071196429431438,0.9741617189720273
JNJ,xgboost,1,2019-11-12,1,0,0.9600158333778381,0.024925969541072845,0.024925969541072845,0.9350898638367653
JNJ,xgboost,1,2019-11-13,1,1,0.41954535245895386,0.41954535245895386,0.31304991245269775,0.1064954400062561
JNJ,xgboost,1,2019-11-14,1,0,0.5623036623001099,0.32751554250717163,0.32751554250717163,0.23478811979293823
JNJ,xgboost,1,2019-11-15,1,0,0.9691209197044373,0.00996400136500597,0.020915066823363304,0.948205852881074
JNJ,xgboost,1,2019-11-18,1,0,0.9967120885848999,0.002211638493463397,0.002211638493463397,0.9945004500914365
JNJ,xgboost,1,2019-11-19,1,0,0.9781795740127563,0.006683815270662308,0.015136578120291233,0.9630429958924651
JNJ,xgboost,1,2019-11-20,1,0,0.9498900175094604,0.0029720121528953314,0.04713790863752365,0.9027521088719368
JNJ,xgboost,1,2019-11-21,0,0,0.9990806579589844,0.0003093645500484854,0.0006099745514802635,0.9984706834075041
JNJ,xgboost,1,2019-11-22,0,0,0.9461860060691833,0.0024668192490935326,0.05134715884923935,0.894838847219944
JNJ,xgboost,1,2019-11-25,0,0,0.9913015961647034,0.0022330686915665865,0.006465327925980091,0.9848362682387233
JNJ,xgboost,1,2019-11-26,0,0,0.9938697814941406,0.000859839201439172,0.0052703567780554295,0.9885994247160852
JNJ,xgboost,1,2019-11-27,0,0,0.9787494540214539,0.0013911165297031403,0.019859399646520615,0.9588900543749332
JNJ,xgboost,1,2019-11-29,1,0,0.9852861166000366,0.0010911969002336264,0.013622686266899109,0.9716634303331375
JNJ,xgboost,1,2019-12-02,1,0,0.69291090965271,0.035337138921022415,0.27175194025039673,0.42115896940231323
JNJ,xgboost,1,2019-12-03,1,0,0.7035136222839355,0.15208323299884796,0.15208323299884796,0.5514303892850876
JNJ,xgboost,1,2019-12-04,0,0,0.7603095769882202,0.014972174540162086,0.22471825778484344,0.5355913192033768
JNJ,xgboost,1,2019-12-05,0,0,0.786469578742981,0.010626126080751419,0.20290426909923553,0.5835653096437454
JNJ,xgboost,1,2019-12-06,0,0,0.8543422222137451,0.011347712017595768,0.13431008160114288,0.7200321406126022
JNJ,xgboost,1,2019-12-09,0,0,0.573917806148529,0.029014570638537407,0.397067666053772,0.17685014009475708
JNJ,xgboost,1,2019-12-10,1,0,0.9775027632713318,0.014267710968852043,0.014267710968852043,0.9632350523024797
JNJ,xgboost,1,2019-12-11,0,0,0.9501726627349854,0.006514671724289656,0.043312687426805496,0.9068599753081799
JNJ,xgboost,1,2019-12-12,1,0,0.9581543803215027,0.00803627260029316,0.03380931168794632,0.9243450686335564
JNJ,xgboost,1,2019-12-13,1,0,0.9701721668243408,0.01913173496723175,0.01913173496723175,0.9510404318571091
JNJ,xgboost,1,2019-12-16,1,0,0.9705933332443237,0.006139017175883055,0.02326761744916439,0.9473257157951593
JNJ,xgboost,1,2019-12-17,0,0,0.9696637988090515,0.005924880970269442,0.02441132254898548,0.945252476260066
JNJ,xgboost,1,2019-12-18,0,0,0.951602578163147,0.03105972521007061,0.03105972521007061,0.9205428529530764
JNJ,xgboost,1,2019-12-19,0,0,0.984355628490448,0.003959781024605036,0.01168457418680191,0.9726710543036461
JNJ,xgboost,1,2019-12-20,0,0,0.9406701922416687,0.002764884615316987,0.05656487122178078,0.8841053210198879
JNJ,xgboost,1,2019-12-23,0,0,0.834905207157135,0.006018332205712795,0.159076526761055,0.67582868039608
JNJ,xgboost,1,2019-12-24,0,0,0.9111536145210266,0.04215337708592415,0.04669298976659775,0.8644606247544289
JNJ,xgboost,1,2019-12-26,0,0,0.985740602016449,0.006549061741679907,0.007710346486419439,0.9780302555300295
JNJ,xgboost,1,2019-12-27,0,0,0.9742631316184998,0.016970889642834663,0.016970889642834663,0.9572922419756651
JNJ,xgboost,1,2019-12-30,0,0,0.9677638411521912,0.027315273880958557,0.027315273880958557,0.9404485672712326
JNJ,xgboost,1,2019-12-31,0,0,0.9825619459152222,0.010002742521464825,0.010002742521464825,0.9725592033937573
JNJ,xgboost,1,2020-01-02,0,0,0.978446900844574,0.016818266361951828,0.016818266361951828,0.9616286344826221
JNJ,xgboost,1,2020-01-03,0,0,0.9544625282287598,0.02309843897819519,0.02309843897819519,0.9313640892505646
JNJ,xgboost,1,2020-01-06,0,0,0.6166681051254272,0.37098073959350586,0.37098073959350586,0.2456873655319214
JNJ,xgboost,1,2020-01-07,0,0,0.9019493460655212,0.05147586762905121,0.05147586762905121,0.85047347843647
JNJ,xgboost,1,2020-01-08,0,0,0.6657444834709167,0.11029175668954849,0.22396373748779297,0.4417807459831238
JNJ,xgboost,1,2020-01-09,0,0,0.9672117233276367,0.019756000488996506,0.019756000488996506,0.9474557228386402
JNJ,xgboost,1,2020-01-10,1,0,0.9748327136039734,0.010264049284160137,0.014903286471962929,0.9599294271320105
JNJ,xgboost,1,2020-01-13,1,0,0.9717902541160583,0.002662206068634987,0.025547601282596588,0.9462426528334618
JNJ,xgboost,1,2020-01-14,0,0,0.9807168841362,0.008236078545451164,0.011047014966607094,0.9696698691695929
JNJ,xgboost,1,2020-01-15,0,0,0.9855474233627319,0.008372348733246326,0.008372348733246326,0.9771750746294856
JNJ,xgboost,1,2020-01-16,0,0,0.9795352816581726,0.0049199596978724,0.015544733963906765,0.9639905476942658
JNJ,xgboost,1,2020-01-17,0,0,0.9651336669921875,0.0014586395118385553,0.03340767323970795,0.9317259937524796
JNJ,xgboost,1,2020-01-21,0,0,0.9958113431930542,0.0017840380314737558,0.002404688624665141,0.9934066545683891
JNJ,xgboost,1,2020-01-22,0,0,0.719228208065033,0.03627435490489006,0.24449747800827026,0.4747307300567627
JNJ,xgboost,1,2020-01-23,0,0,0.8829365372657776,0.021259134635329247,0.09580434113740921,0.7871321961283684
JNJ,xgboost,1,2020-01-24,0,0,0.9384077787399292,0.04900536313652992,0.04900536313652992,0.8894024156033993
JNJ,xgboost,1,2020-01-27,0,0,0.494213730096817,0.11844401061534882,0.38734230399131775,0.10687142610549927
JNJ,xgboost,1,2020-01-28,0,0,0.5687692165374756,0.03584662824869156,0.39538419246673584,0.17338502407073975
JNJ,xgboost,1,2020-01-29,1,0,0.525265634059906,0.02266763150691986,0.4520667493343353,0.07319888472557068
JNJ,xgboost,1,2020-01-30,1,0,0.7159969806671143,0.11668065935373306,0.16732235252857208,0.5486746281385422
JNJ,xgboost,1,2020-01-31,1,0,0.6525205373764038,0.11376170814037323,0.23371778428554535,0.41880275309085846
JNJ,xgboost,1,2020-02-03,0,-1,0.49425357580184937,0.056670960038900375,0.44907546043395996,0.045178115367889404
JNJ,xgboost,1,2020-02-04,0,-1,0.6564098596572876,0.07700439542531967,0.26658573746681213,0.38982412219047546
JNJ,xgboost,1,2020-02-05,0,0,0.9636223316192627,0.0034733701031655073,0.03290434181690216,0.9307179898023605
JNJ,xgboost,1,2020-02-06,-1,0,0.9542757868766785,0.0041436729952692986,0.04158058390021324,0.9126952029764652
JNJ,xgboost,1,2020-02-07,0,0,0.9886854887008667,0.004878401290625334,0.0064361440017819405,0.9822493446990848
JNJ,xgboost,1,2020-02-10,0,0,0.9228853583335876,0.04750083386898041,0.04750083386898041,0.8753845244646072
JNJ,xgboost,1,2020-02-11,-1,0,0.9640010595321655,0.02397380955517292,0.02397380955517292,0.9400272499769926
JNJ,xgboost,1,2020-02-12,0,0,0.9923092126846313,0.005163756664842367,0.005163756664842367,0.987145456019789
JNJ,xgboost,1,2020-02-13,0,0,0.9901324510574341,0.006504959426820278,0.006504959426820278,0.9836274916306138
JNJ,xgboost,1,2020-02-14,-1,0,0.9363334774971008,0.016180017963051796,0.04748651385307312,0.8888469636440277
JNJ,xgboost,1,2020-02-18,-1,0,0.9807301759719849,0.013146831654012203,0.013146831654012203,0.9675833443179727
JNJ,xgboost,1,2020-02-19,-1,0,0.9791142344474792,0.016428444534540176,0.016428444534540176,0.9626857899129391
JNJ,xgboost,1,2020-02-20,-1,0,0.9538547396659851,0.040599700063467026,0.040599700063467026,0.9132550396025181
JNJ,xgboost,1,2020-02-21,-1,0,0.5762636065483093,0.2949916422367096,0.2949916422367096,0.28127196431159973
JNJ,xgboost,1,2020-02-24,-1,0,0.9408696889877319,0.0068734572269022465,0.05225688964128494,0.888612799346447
JNJ,xgboost,1,2020-02-25,-1,0,0.8790596723556519,0.11653416603803635,0.11653416603803635,0.7625255063176155
JNJ,xgboost,1,2020-02-26,0,0,0.7467579245567322,0.24183067679405212,0.24183067679405212,0.50492724776268
JNJ,xgboost,1,2020-02-27,1,1,0.8382068872451782,0.8382068872451782,0.15586532652378082,0.6823415607213974
JNJ,xgboost,1,2020-02-28,1,-1,0.7886669635772705,0.14156103134155273,0.14156103134155273,0.6471059322357178
JNJ,xgboost,1,2020-03-02,-1,0,0.7433800101280212,0.2446814626455307,0.2446814626455307,0.49869854748249054
JNJ,xgboost,1,2020-03-03,1,0,0.6892616152763367,0.29386183619499207,0.29386183619499207,0.3953997790813446
JNJ,xgboost,1,2020-03-04,-1,0,0.9430748224258423,0.045869696885347366,0.045869696885347366,0.8972051255404949
JNJ,xgboost,1,2020-03-05,-1,0,0.9620542526245117,0.018459931015968323,0.019485769793391228,0.9425684828311205
JNJ,xgboost,1,2020-03-06,-1,0,0.9745654463768005,0.012844875454902649,0.012844875454902649,0.9617205709218979
JNJ,xgboost,1,2020-03-09,-1,0,0.5453140139579773,0.3459330201148987,0.3459330201148987,0.1993809938430786
JNJ,xgboost,1,2020-03-10,-1,0,0.9775993824005127,0.020488234236836433,0.020488234236836433,0.9571111481636763
JNJ,xgboost,1,2020-03-11,1,-1,0.6369510889053345,0.12393347918987274,0.23911546170711517,0.3978356271982193
JNJ,xgboost,1,2020-03-12,0,-1,0.616849958896637,0.10693040490150452,0.2762196362018585,0.34063032269477844
JNJ,xgboost,1,2020-03-13,-1,0,0.9395514726638794,0.054244447499513626,0.054244447499513626,0.8853070251643658
JNJ,xgboost,1,2020-03-16,-1,0,0.8344318270683289,0.10206069052219391,0.10206069052219391,0.732371136546135
JNJ,xgboost,1,2020-03-17,-1,0,0.9457793831825256,0.050543755292892456,0.050543755292892456,0.8952356278896332
JNJ,xgboost,1,2020-03-18,-1,0,0.9456954598426819,0.045307278633117676,0.045307278633117676,0.9003881812095642
JNJ,xgboost,1,2020-03-19,0,0,0.7120743989944458,0.2731971740722656,0.2731971740722656,0.4388772249221802
JNJ,xgboost,1,2020-03-20,1,0,0.4514862895011902,0.2562752068042755,0.2922385632991791,0.1592477262020111
JNJ,xgboost,1,2020-03-23,1,-1,0.6729978322982788,0.15568801760673523,0.17131413519382477,0.501683697104454
JNJ,xgboost,1,2020-03-24,1,0,0.783019483089447,0.11423998326063156,0.11423998326063156,0.6687794998288155
JNJ,xgboost,1,2020-03-25,1,0,0.8945853114128113,0.0945015475153923,0.0945015475153923,0.800083763897419
JNJ,xgboost,1,2020-03-26,1,0,0.9781965017318726,0.019087575376033783,0.019087575376033783,0.9591089263558388
JNJ,xgboost,1,2020-03-27,1,0,0.9731758832931519,0.01668928749859333,0.01668928749859333,0.9564865957945585
JNJ,xgboost,1,2020-03-30,1,0,0.9814034700393677,0.012808333151042461,0.012808333151042461,0.9685951368883252
JNJ,xgboost,1,2020-03-31,1,0,0.9625969529151917,0.03352345526218414,0.03352345526218414,0.9290734976530075
JNJ,xgboost,1,2020-04-01,1,0,0.9718191623687744,0.021607717499136925,0.021607717499136925,0.9502114448696375
JNJ,xgboost,1,2020-04-02,1,0,0.9909535646438599,0.006641289219260216,0.006641289219260216,0.9843122754245996
JNJ,xgboost,1,2020-04-03,1,0,0.9921811819076538,0.0045931157656013966,0.0045931157656013966,0.9875880661420524
JNJ,xgboost,1,2020-04-06,1,0,0.9833937287330627,0.011327867396175861,0.011327867396175861,0.9720658613368869
JNJ,xgboost,1,2020-04-07,1,0,0.9797119498252869,0.012192589230835438,0.012192589230835438,0.9675193605944514
JNJ,xgboost,1,2020-04-08,1,0,0.9928364157676697,0.0054006814025342464,0.0054006814025342464,0.9874357343651354
JNJ,xgboost,1,2020-04-09,1,0,0.9909130334854126,0.005682891234755516,0.005682891234755516,0.9852301422506571
JNJ,xgboost,1,2020-04-13,1,0,0.9894948601722717,0.006419158075004816,0.006419158075004816,0.9830757020972669
JNJ,xgboost,1,2020-04-14,1,0,0.9899060130119324,0.005945451091974974,0.005945451091974974,0.9839605619199574
JNJ,xgboost,1,2020-04-15,1,0,0.9910467267036438,0.003776131197810173,0.0051771001890301704,0.9858696265146136
JNJ,xgboost,1,2020-04-16,1,0,0.9944373369216919,0.0019712168723344803,0.0035914743784815073,0.9908458625432104
JNJ,xgboost,1,2020-04-17,0,0,0.997559666633606,0.00134995486587286,0.00134995486587286,0.9962097117677331
JNJ,xgboost,1,2020-04-20,0,0,0.998011589050293,0.0007652898784726858,0.0012231164146214724,0.9967884726356715
JNJ,xgboost,1,2020-04-21,0,0,0.9876739382743835,0.0031229453161358833,0.009203086607158184,0.9784708516672254
JNJ,xgboost,1,2020-04-22,0,0,0.9950762391090393,0.001788836787454784,0.003134958678856492,0.9919412804301828
JNJ,xgboost,1,2020-04-23,-1,0,0.9879598617553711,0.004030698910355568,0.008009449578821659,0.9799504121765494
JNJ,xgboost,1,2020-04-24,-1,0,0.994788646697998,0.002851745579391718,0.002851745579391718,0.9919369011186063
JNJ,xgboost,1,2020-04-27,-1,0,0.9928663969039917,0.00268686655908823,0.004446746315807104,0.9884196505881846
JNJ,xgboost,1,2020-04-28,0,0,0.9575810432434082,0.003317750059068203,0.03910117968916893,0.9184798635542393
JNJ,xgboost,1,2020-04-29,0,0,0.976850152015686,0.008270188234746456,0.014879653230309486,0.9619704987853765
JNJ,xgboost,1,2020-04-30,0,0,0.9290458559989929,0.00995673704892397,0.06099732592701912,0.8680485300719738
JNJ,xgboost,1,2020-05-01,0,0,0.8671430349349976,0.06309150159358978,0.06976553052663803,0.7973775044083595
JNJ,xgboost,1,2020-05-04,0,0,0.9234355092048645,0.029489856213331223,0.047074660658836365,0.8763608485460281
JNJ,xgboost,1,2020-05-05,0,0,0.9830139875411987,0.004027822986245155,0.01295818667858839,0.9700558008626103
JNJ,xgboost,1,2020-05-06,0,0,0.9277797937393188,0.00859860610216856,0.06362166255712509,0.8641581311821938
JNJ,xgboost,1,2020-05-07,0,0,0.9086698293685913,0.00781589187681675,0.08351430296897888,0.8251555263996124
JNJ,xgboost,1,2020-05-08,0,0,0.8920968770980835,0.025844713672995567,0.08205842971801758,0.8100384473800659
JNJ,xgboost,1,2020-05-11,0,0,0.7676659226417542,0.0037880963645875454,0.22854594886302948,0.5391199737787247
JNJ,xgboost,1,2020-05-12,0,0,0.9004705548286438,0.004712356254458427,0.09481711685657501,0.8056534379720688
JNJ,xgboost,1,2020-05-13,0,0,0.8947667479515076,0.01118789054453373,0.09404537081718445,0.8007213771343231
JNJ,xgboost,1,2020-05-14,0,0,0.7745465636253357,0.0033642039634287357,0.2220892608165741,0.5524573028087616
JNJ,xgboost,1,2020-05-15,-1,0,0.9154530167579651,0.009066489525139332,0.07548053562641144,0.8399724811315536
JNJ,xgboost,1,2020-05-18,-1,0,0.8969897627830505,0.003456152742728591,0.09955409914255142,0.7974356636404991
JNJ,xgboost,1,2020-05-19,-1,0,0.8842600584030151,0.0010675237281247973,0.11467241495847702,0.7695876434445381
JNJ,xgboost,1,2020-05-20,0,0,0.9145868420600891,0.001773448777385056,0.08363965153694153,0.8309471905231476
JNJ,xgboost,1,2020-05-21,1,0,0.9204062223434448,0.0022679062094539404,0.07732588052749634,0.8430803418159485
JNJ,xgboost,1,2020-05-22,0,0,0.8667595982551575,0.0270868968218565,0.1061534583568573,0.7606061398983002
JNJ,xgboost,1,2020-05-26,1,0,0.8326240181922913,0.011232134886085987,0.15614387392997742,0.6764801442623138
JNJ,xgboost,1,2020-05-27,1,0,0.9221389889717102,0.004700182471424341,0.07316085696220398,0.8489781320095062
JNJ,xgboost,1,2020-05-28,0,0,0.9230556488037109,0.00978785753250122,0.06715646386146545,0.8558991849422455
JNJ,xgboost,1,2020-05-29,0,0,0.9913732409477234,0.002958220662549138,0.005668538622558117,0.9857047023251653
JNJ,xgboost,1,2020-06-01,0,0,0.5203028321266174,0.003000814700499177,0.4766963720321655,0.043606460094451904
JNJ,xgboost,1,2020-06-02,0,0,0.9012728929519653,0.003358259331434965,0.0953688696026802,0.8059040233492851
JNJ,xgboost,1,2020-06-03,0,0,0.9512684941291809,0.0007385083590634167,0.047992996871471405,0.9032754972577095
JNJ,xgboost,1,2020-06-04,-1,0,0.7605165839195251,0.0020990094635635614,0.23738445341587067,0.5231321305036545
JNJ,xgboost,1,2020-06-05,-1,0,0.8603190779685974,0.006727106869220734,0.13295388221740723,0.7273651957511902
JNJ,xgboost,1,2020-06-08,-1,0,0.8401140570640564,0.00570649141445756,0.1541793793439865,0.6859346777200699
JNJ,xgboost,1,2020-06-09,0,0,0.9378963708877563,0.0017406695988029242,0.06036294624209404,0.8775334246456623
JNJ,xgboost,1,2020-06-10,-1,0,0.8586602807044983,0.009635413065552711,0.13170428574085236,0.7269559949636459
JNJ,xgboost,1,2020-06-11,0,0,0.8462995290756226,0.049621809273958206,0.10407867282629013,0.7422208562493324
JNJ,xgboost,1,2020-06-12,0,0,0.8042535185813904,0.0289942417293787,0.1667521893978119,0.6375013291835785
JNJ,xgboost,1,2020-06-15,0,0,0.7793915271759033,0.16321411728858948,0.16321411728858948,0.6161774098873138
JNJ,xgboost,1,2020-06-16,0,0,0.9565227627754211,0.017062321305274963,0.02641492709517479,0.9301078356802464
JNJ,xgboost,1,2020-06-17,-1,0,0.8802226185798645,0.00565157737582922,0.1141258180141449,0.7660968005657196
JNJ,xgboost,1,2020-06-18,-1,0,0.8924514651298523,0.0065885805524885654,0.10095993429422379,0.7914915308356285
JNJ,xgboost,1,2020-06-19,-1,0,0.7386376857757568,0.005101807881146669,0.256260484457016,0.48237720131874084
JNJ,xgboost,1,2020-06-22,-1,0,0.7158529758453369,0.02311023138463497,0.26103681325912476,0.45481616258621216
JNJ,xgboost,1,2020-06-23,0,0,0.7438452243804932,0.05488460883498192,0.20127014815807343,0.5425750762224197
JNJ,xgboost,1,2020-06-24,0,0,0.9266684651374817,0.04805731028318405,0.04805731028318405,0.8786111548542976
JNJ,xgboost,1,2020-06-25,0,0,0.9657043218612671,0.02127794735133648,0.02127794735133648,0.9444263745099306
JNJ,xgboost,1,2020-06-26,1,0,0.7528106570243835,0.23283681273460388,0.23283681273460388,0.5199738442897797
JNJ,xgboost,1,2020-06-29,1,0,0.5702275037765503,0.41253069043159485,0.41253069043159485,0.15769681334495544
JNJ,xgboost,1,2020-06-30,0,0,0.9687036871910095,0.019790545105934143,0.019790545105934143,0.9489131420850754
JNJ,xgboost,1,2020-07-01,0,0,0.9809402823448181,0.012219797819852829,0.012219797819852829,0.9687204845249653
JNJ,xgboost,1,2020-07-02,0,0,0.9828563332557678,0.008275572210550308,0.008868098258972168,0.9739882349967957
JNJ,xgboost,1,2020-07-06,0,0,0.9962510466575623,0.0011279446771368384,0.002621077001094818,0.9936299696564674
JNJ,xgboost,1,2020-07-07,1,0,0.9846311211585999,0.0009281992679461837,0.014440663158893585,0.9701904579997063
JNJ,xgboost,1,2020-07-08,1,0,0.971287727355957,0.006232886109501123,0.022479351609945297,0.9488083757460117
JNJ,xgboost,1,2020-07-09,1,0,0.9917899370193481,0.002189669292420149,0.0060203419998288155,0.9857695950195193
JNJ,xgboost,1,2020-07-10,1,0,0.8874208331108093,0.00998496450483799,0.10259421914815903,0.7848266139626503
JNJ,xgboost,1,2020-07-13,1,0,0.9268130660057068,0.00912905391305685,0.06405788660049438,0.8627551794052124
JNJ,xgboost,1,2020-07-14,0,0,0.9975093603134155,0.0004550841695163399,0.002035558456555009,0.9954738018568605
JNJ,xgboost,1,2020-07-15,0,0,0.9956193566322327,0.0009383448050357401,0.003442320739850402,0.9921770358923823
JNJ,xgboost,1,2020-07-16,0,0,0.981523334980011,0.0002868306764867157,0.018189817667007446,0.9633335173130035
JNJ,xgboost,1,2020-07-17,0,0,0.9947808384895325,0.0003371292259544134,0.004882056266069412,0.9898987822234631
JNJ,xgboost,1,2020-07-20,0,0,0.9926964044570923,0.0013120340881869197,0.005991565063595772,0.9867048393934965
JNJ,xgboost,1,2020-07-21,0,0,0.9853804707527161,0.0006335090729407966,0.013986073434352875,0.9713943973183632
JNJ,xgboost,1,2020-07-22,-1,0,0.9859743714332581,0.0007727131014689803,0.01325284969061613,0.9727215217426419
JNJ,xgboost,1,2020-07-23,0,0,0.9725856781005859,0.001039816765114665,0.02637447789311409,0.9462112002074718
JNJ,xgboost,1,2020-07-24,0,0,0.9601136445999146,0.01831648126244545,0.021569887176156044,0.9385437574237585
JNJ,xgboost,1,2020-07-27,0,0,0.9333542585372925,0.012602618895471096,0.05404319614171982,0.8793110623955727
JNJ,xgboost,1,2020-07-28,0,0,0.7644584774971008,0.07773935049772263,0.15780219435691833,0.6066562831401825
JNJ,xgboost,1,2020-07-29,0,0,0.6712042689323425,0.21867521107196808,0.21867521107196808,0.45252905786037445
JNJ,xgboost,1,2020-07-30,0,0,0.6013131141662598,0.11889034509658813,0.2797965407371521,0.32151657342910767
JNJ,xgboost,1,2020-07-31,0,0,0.7402020692825317,0.0850314274430275,0.17476646602153778,0.565435603260994
JNJ,xgboost,1,2020-08-03,0,0,0.4759986102581024,0.08917123079299927,0.4348301589488983,0.0411684513092041
JNJ,xgboost,1,2020-08-04,0,-1,0.4783563017845154,0.26817846298217773,0.26817846298217773,0.21017783880233765
JNJ,xgboost,1,2020-08-05,0,0,0.7180435657501221,0.02638814225792885,0.2555682361125946,0.46247532963752747
JNJ,xgboost,1,2020-08-06,0,0,0.7886731028556824,0.03298536315560341,0.17834153771400452,0.6103315651416779
JNJ,xgboost,1,2020-08-07,0,0,0.840095043182373,0.02662816271185875,0.1332767754793167,0.7068182677030563
JNJ,xgboost,1,2020-08-10,0,0,0.8572871685028076,0.016864880919456482,0.1258479207754135,0.7314392477273941
JNJ,xgboost,1,2020-08-11,1,0,0.8453323841094971,0.008532984182238579,0.14613455533981323,0.6991978287696838
JNJ,xgboost,1,2020-08-12,0,0,0.982424795627594,0.007231955882161856,0.010343290865421295,0.9720815047621727
JNJ,xgboost,1,2020-08-13,1,0,0.8631925582885742,0.023472150787711143,0.11333530396223068,0.7498572543263435
JNJ,xgboost,1,2020-08-14,1,0,0.7282537221908569,0.02436232380568981,0.2473839968442917,0.48086972534656525
JNJ,xgboost,1,2020-08-17,1,0,0.9589652419090271,0.0011988390469923615,0.039835937321186066,0.919129304587841
JNJ,xgboost,1,2020-08-18,0,0,0.9660345315933228,0.004193143919110298,0.02977239154279232,0.9362621400505304
JNJ,xgboost,1,2020-08-19,0,0,0.9621714353561401,0.003987026400864124,0.03384150564670563,0.9283299297094345
JNJ,xgboost,1,2020-08-20,0,0,0.95441734790802,0.0029986368026584387,0.04258396849036217,0.9118333794176579
JNJ,xgboost,1,2020-08-21,0,0,0.9799895882606506,0.0013586817076429725,0.018651779741048813,0.9613378085196018
JNJ,xgboost,1,2020-08-24,0,0,0.9919880628585815,0.0026218509301543236,0.005390147212892771,0.9865979156456888
JNJ,xgboost,1,2020-08-25,0,0,0.991716206073761,0.003254083450883627,0.005029771476984024,0.986686434596777
JNJ,xgboost,1,2020-08-26,0,0,0.9390063881874084,0.01453034020960331,0.04646331071853638,0.8925430774688721
JNJ,xgboost,1,2020-08-27,-1,0,0.9604899287223816,0.006983448751270771,0.032526593655347824,0.9279633350670338
JNJ,xgboost,1,2020-08-28,-1,0,0.9809005856513977,0.0018610963597893715,0.017238276079297066,0.9636623095721006
JNJ,xgboost,1,2020-08-31,-1,0,0.9826133847236633,0.002828833647072315,0.014557712711393833,0.9680556720122695
JNJ,xgboost,1,2020-09-01,0,0,0.9748260378837585,0.01431605126708746,0.01431605126708746,0.9605099866166711
JNJ,xgboost,1,2020-09-02,-1,0,0.9918387532234192,0.0020660627633333206,0.006095248274505138,0.985743504948914
JNJ,xgboost,1,2020-09-03,0,0,0.9591888189315796,0.007242995779961348,0.033568162471055984,0.9256206564605236
JNJ,xgboost,1,2020-09-04,0,0,0.9575598239898682,0.005286221392452717,0.03715391457080841,0.9204059094190598
JNJ,xgboost,1,2020-09-08,0,0,0.8748025894165039,0.05918169021606445,0.06601577252149582,0.8087868168950081
JNJ,xgboost,1,2020-09-09,0,0,0.9003320336341858,0.06909312307834625,0.06909312307834625,0.8312389105558395
JNJ,xgboost,1,2020-09-10,0,0,0.9584154486656189,0.021716240793466568,0.021716240793466568,0.9366992078721523
JNJ,xgboost,1,2020-09-11,0,0,0.7352789640426636,0.09892098605632782,0.1658000648021698,0.5694788992404938
JNJ,xgboost,1,2020-09-14,-1,0,0.7925827503204346,0.08510852605104446,0.12230871617794037,0.6702740341424942
JNJ,xgboost,1,2020-09-15,-1,0,0.9258376955986023,0.014034961350262165,0.06012732535600662,0.8657103702425957
JNJ,xgboost,1,2020-09-16,-1,0,0.8959713578224182,0.03425448387861252,0.06977419555187225,0.826197162270546
JNJ,xgboost,1,2020-09-17,0,0,0.9142053127288818,0.023015139624476433,0.06277959048748016,0.8514257222414017
JNJ,xgboost,1,2020-09-18,-1,0,0.9332462549209595,0.005701278802007437,0.06105244159698486,0.8721938133239746
JNJ,xgboost,1,2020-09-21,0,0,0.8261339664459229,0.04242290183901787,0.13144312798976898,0.6946908384561539
JNJ,xgboost,1,2020-09-22,0,0,0.7571138739585876,0.18437406420707703,0.18437406420707703,0.5727398097515106
JNJ,xgboost,1,2020-09-23,1,0,0.8769432902336121,0.04143880307674408,0.08161789923906326,0.7953253909945488
JNJ,xgboost,1,2020-09-24,0,0,0.9201962351799011,0.024916207417845726,0.05488761141896248,0.8653086237609386
JNJ,xgboost,1,2020-09-25,0,0,0.9745308756828308,0.014274837449193,0.014274837449193,0.9602560382336378
JNJ,xgboost,1,2020-09-28,0,0,0.8873404860496521,0.021203232929110527,0.09145630151033401,0.7958841845393181
JNJ,xgboost,1,2020-09-29,0,0,0.8263988494873047,0.009780196473002434,0.16382089257240295,0.6625779569149017
JNJ,xgboost,1,2020-09-30,0,0,0.8867778182029724,0.018659332767128944,0.09456279128789902,0.7922150269150734
JNJ,xgboost,1,2020-10-01,0,0,0.9206250905990601,0.005509650334715843,0.07386519014835358,0.8467599004507065
JNJ,xgboost,1,2020-10-02,1,0,0.9786807298660278,0.003836799878627062,0.01748250238597393,0.9611982274800539
JNJ,xgboost,1,2020-10-05,1,0,0.9396547675132751,0.012492107227444649,0.04785314202308655,0.8918016254901886
JNJ,xgboost,1,2020-10-06,0,0,0.9366159439086914,0.009965965524315834,0.05341807007789612,0.8831978738307953
JNJ,xgboost,1,2020-10-07,0,0,0.9188187122344971,0.025565676391124725,0.05561564490199089,0.8632030673325062
JNJ,xgboost,1,2020-10-08,0,0,0.7173158526420593,0.018628180027008057,0.26405593752861023,0.4532599151134491
JNJ,xgboost,1,2020-10-09,0,0,0.9834721088409424,0.00706889433786273,0.009459004737436771,0.9740131041035056
JNJ,xgboost,1,2020-10-12,-1,0,0.9868202805519104,0.002708086045458913,0.010471639223396778,0.9763486413285136
JNJ,xgboost,1,2020-10-13,-1,0,0.9131983518600464,0.002086666878312826,0.08471494913101196,0.8284834027290344
JNJ,xgboost,1,2020-10-14,-1,0,0.9728600978851318,0.006812289357185364,0.020327553153038025,0.9525325447320938
JNJ,xgboost,1,2020-10-15,0,0,0.9093382358551025,0.07441354542970657,0.07441354542970657,0.834924690425396
JNJ,xgboost,1,2020-10-16,0,0,0.5137664079666138,0.029723644256591797,0.4565099775791168,0.05725643038749695
JNJ,xgboost,1,2020-10-19,0,0,0.7448075413703918,0.0637589767575264,0.19143347442150116,0.5533740669488907
JNJ,xgboost,1,2020-10-20,0,0,0.9147509932518005,0.05690832808613777,0.05690832808613777,0.8578426651656628
JNJ,xgboost,1,2020-10-21,-1,0,0.5848687291145325,0.22428375482559204,0.22428375482559204,0.36058497428894043
JNJ,xgboost,1,2020-10-22,-1,0,0.5955585837364197,0.12411761283874512,0.2803238034248352,0.3152347803115845
JNJ,xgboost,1,2020-10-23,-1,0,0.8103514313697815,0.056253690272569656,0.13339483737945557,0.6769565939903259
JNJ,xgboost,1,2020-10-26,-1,0,0.8330916166305542,0.07359056174755096,0.09331780672073364,0.7397738099098206
JNJ,xgboost,1,2020-10-27,-1,0,0.6617053151130676,0.2908158004283905,0.2908158004283905,0.3708895146846771
JNJ,xgboost,1,2020-10-28,0,0,0.533062219619751,0.2166072577238083,0.2503305673599243,0.28273165225982666
JNJ,xgboost,1,2020-10-29,0,1,0.7001956105232239,0.7001956105232239,0.24914075434207916,0.4510548561811447
JNJ,xgboost,1,2020-10-30,1,0,0.7741257548332214,0.21103231608867645,0.21103231608867645,0.563093438744545
JNJ,xgboost,1,2020-11-02,1,0,0.8202986717224121,0.17381922900676727,0.17381922900676727,0.6464794427156448
JNJ,xgboost,1,2020-11-03,1,0,0.8481153249740601,0.14331136643886566,0.14331136643886566,0.7048039585351944
JNJ,xgboost,1,2020-11-04,1,0,0.97749924659729,0.011943578720092773,0.011943578720092773,0.9655556678771973
JNJ,xgboost,1,2020-11-05,1,0,0.9846315383911133,0.011786507442593575,0.011786507442593575,0.9728450309485197
JNJ,xgboost,1,2020-11-06,1,0,0.938998281955719,0.00604005204513669,0.05496169254183769,0.8840365894138813
JNJ,xgboost,1,2020-11-09,1,0,0.9777220487594604,0.01474165078252554,0.01474165078252554,0.9629803979769349
JNJ,xgboost,1,2020-11-10,0,0,0.9647079110145569,0.0076605104841291904,0.027631595730781555,0.9370763152837753
JNJ,xgboost,1,2020-11-11,0,0,0.9957402944564819,0.0011677235597744584,0.003091975348070264,0.9926483191084117
JNJ,xgboost,1,2020-11-12,0,0,0.9905717372894287,0.0017776035238057375,0.007650691084563732,0.982921046204865
JNJ,xgboost,1,2020-11-13,-1,0,0.986798107624054,0.0009244626271538436,0.012277369387447834,0.9745207382366061
JNJ,xgboost,1,2020-11-16,-1,0,0.9853620529174805,0.0013651418266817927,0.013272842392325401,0.9720892105251551
JNJ,xgboost,1,2020-11-17,-1,0,0.992279052734375,0.002036800142377615,0.005684191826730967,0.986594860907644
JNJ,xgboost,1,2020-11-18,0,0,0.934037446975708,0.012116067111492157,0.05384645611047745,0.8801909908652306
JNJ,xgboost,1,2020-11-19,0,0,0.9176465272903442,0.02740289270877838,0.054950520396232605,0.8626960068941116
JNJ,xgboost,1,2020-11-20,0,0,0.8798168897628784,0.02384369634091854,0.09633936733007431,0.7834775224328041
JNJ,xgboost,1,2020-11-23,1,0,0.8686590790748596,0.024051086977124214,0.10728978365659714,0.7613692954182625
JNJ,xgboost,1,2020-11-24,1,0,0.7406230568885803,0.030443880707025528,0.22893303632736206,0.5116900205612183
JNJ,xgboost,1,2020-11-25,1,0,0.8937715291976929,0.006351345218718052,0.09987712651491165,0.7938944026827812
JNJ,xgboost,1,2020-11-27,1,0,0.8435469269752502,0.04637268930673599,0.11008031666278839,0.7334666103124619
JNJ,xgboost,1,2020-11-30,1,0,0.7190284729003906,0.015520242042839527,0.2654512822628021,0.4535771906375885
JNJ,xgboost,1,2020-12-01,1,0,0.9672417044639587,0.020865634083747864,0.020865634083747864,0.9463760703802109
JNJ,xgboost,1,2020-12-02,1,0,0.9912891387939453,0.0018837779061868787,0.006827095057815313,0.98446204373613
JNJ,xgboost,1,2020-12-03,1,0,0.9980791807174683,0.000617056037299335,0.00130376685410738,0.9967754138633609
JNJ,xgboost,1,2020-12-04,0,0,0.994009256362915,0.0006521373870782554,0.005338591523468494,0.9886706648394465
JNJ,xgboost,1,2020-12-07,0,0,0.9956923127174377,0.0028012366965413094,0.0028012366965413094,0.9928910760208964
JNJ,xgboost,1,2020-12-08,0,0,0.9867749214172363,0.0037463787011802197,0.00947872269898653,0.9772961987182498
JNJ,xgboost,1,2020-12-09,-1,0,0.9519977569580078,0.002265868242830038,0.0457364022731781,0.9062613546848297
JNJ,xgboost,1,2020-12-10,0,0,0.9937766790390015,0.002141132252290845,0.004082194529473782,0.9896944845095277
JNJ,xgboost,1,2020-12-11,0,0,0.9830954670906067,0.0014119851402938366,0.015492619946599007,0.9676028471440077
JNJ,xgboost,1,2020-12-14,1,0,0.5612517595291138,0.06914328783750534,0.3696049749851227,0.1916467845439911
JNJ,xgboost,1,2020-12-15,0,0,0.7161207795143127,0.12350809574127197,0.16037112474441528,0.5557496547698975
JNJ,xgboost,1,2020-12-16,0,0,0.8036223649978638,0.11951711028814316,0.11951711028814316,0.6841052547097206
JNJ,xgboost,1,2020-12-17,0,0,0.9878832697868347,0.0036530843935906887,0.008463672362267971,0.9794195974245667
JNJ,xgboost,1,2020-12-18,0,0,0.9621434211730957,0.001009490923024714,0.036847058683633804,0.9252963624894619
JNJ,xgboost,1,2020-12-21,0,0,0.9760135412216187,0.002245841547846794,0.02174067124724388,0.9542728699743748
JNJ,xgboost,1,2020-12-22,1,0,0.9758360981941223,0.005898490082472563,0.018265455961227417,0.9575706422328949
JNJ,xgboost,1,2020-12-23,1,0,0.8771517872810364,0.04623902961611748,0.07660911977291107,0.8005426675081253
JNJ,xgboost,1,2020-12-24,1,0,0.8944022059440613,0.032772913575172424,0.07282489538192749,0.8215773105621338
JNJ,xgboost,1,2020-12-28,1,0,0.9497963190078735,0.01838582195341587,0.03181787207722664,0.9179784469306469
JNJ,xgboost,1,2020-12-29,1,0,0.9549648761749268,0.002912391908466816,0.04212276637554169,0.9128421097993851
JNJ,xgboost,1,2020-12-30,1,0,0.990974485874176,0.0019381947349756956,0.007087303325533867,0.9838871825486422
JNJ,xgboost,1,2020-12-31,0,0,0.9877094030380249,0.0006333495839498937,0.01165730506181717,0.9760520979762077
JNJ,xgboost,1,2021-01-04,0,0,0.9624819755554199,0.01266576535999775,0.024852218106389046,0.9376297574490309
JNJ,xgboost,1,2021-01-05,0,0,0.9029701352119446,0.025043237954378128,0.0719865933060646,0.83098354190588
JNJ,xgboost,1,2021-01-06,0,0,0.9691306948661804,0.0013111148728057742,0.029558245092630386,0.93957244977355
JNJ,xgboost,1,2021-01-07,0,0,0.9655821323394775,0.0030571091920137405,0.03136077895760536,0.9342213533818722
JNJ,xgboost,1,2021-01-08,0,0,0.9280581474304199,0.004446811508387327,0.06749510020017624,0.8605630472302437
JNJ,xgboost,1,2021-01-11,1,0,0.8713741898536682,0.0015177286695688963,0.12710806727409363,0.7442661225795746
JNJ,xgboost,1,2021-01-12,1,0,0.9462213516235352,0.013287235051393509,0.040491409599781036,0.9057299420237541
JNJ,xgboost,1,2021-01-13,1,0,0.9768522381782532,0.018892161548137665,0.018892161548137665,0.9579600766301155
JNJ,xgboost,1,2021-01-14,0,0,0.7573063969612122,0.010743946768343449,0.23194968700408936,0.5253567099571228
JNJ,xgboost,1,2021-01-15,1,0,0.9021164178848267,0.019682683050632477,0.07820095121860504,0.8239154666662216
JNJ,xgboost,1,2021-01-19,1,0,0.93430095911026,0.0068551478907465935,0.058843858540058136,0.8754571005702019
JNJ,xgboost,1,2021-01-20,1,0,0.9559418559074402,0.0018846287857741117,0.042173538357019424,0.9137683175504208
JNJ,xgboost,1,2021-01-21,1,0,0.9810357093811035,0.002005954971536994,0.016958320513367653,0.9640773888677359
JNJ,xgboost,1,2021-01-22,0,0,0.9546110033988953,0.0035932022146880627,0.04179582744836807,0.9128151759505272
JNJ,xgboost,1,2021-01-25,0,0,0.9890900254249573,0.0018766665598377585,0.009033317677676678,0.9800567077472806
JNJ,xgboost,1,2021-01-26,-1,0,0.9919037222862244,0.001249435474164784,0.006846805103123188,0.9850569171831012
JNJ,xgboost,1,2021-01-27,-1,0,0.9971844553947449,0.0007694221567362547,0.0020460612140595913,0.9951383941806853
JNJ,xgboost,1,2021-01-28,-1,0,0.9657459259033203,0.0028388353530317545,0.03141523897647858,0.9343306869268417
JNJ,xgboost,1,2021-01-29,0,-1,0.6421228647232056,0.05541561171412468,0.30246153473854065,0.3396613299846649
JNJ,xgboost,1,2021-02-01,0,0,0.8003341555595398,0.04830092564225197,0.15136489272117615,0.6489692628383636
JNJ,xgboost,1,2021-02-02,1,0,0.4550824761390686,0.15893694758415222,0.38598060607910156,0.06910187005996704
JNJ,xgboost,1,2021-02-03,1,0,0.6275855898857117,0.2522672116756439,0.2522672116756439,0.37531837821006775
JNJ,xgboost,1,2021-02-04,1,0,0.8458694815635681,0.031275928020477295,0.1228545755147934,0.7230149060487747
JNJ,xgboost,1,2021-02-05,0,0,0.902715265750885,0.01963580586016178,0.07764895260334015,0.8250663131475449
JNJ,xgboost,1,2021-02-08,0,0,0.9419673085212708,0.012423478066921234,0.045609213411808014,0.8963580951094627
JNJ,xgboost,1,2021-02-09,0,0,0.9363095760345459,0.006649307440966368,0.057041097432374954,0.8792684786021709
JNJ,xgboost,1,2021-02-10,0,0,0.994272768497467,0.002173776738345623,0.0035534680355340242,0.990719300461933
JNJ,xgboost,1,2021-02-11,0,0,0.9800033569335938,0.004857215099036694,0.015139468014240265,0.9648638889193535
JNJ,xgboost,1,2021-02-12,-1,0,0.977873682975769,0.0019686552695930004,0.020157745108008385,0.9577159378677607
JNJ,xgboost,1,2021-02-16,-1,0,0.885708749294281,0.004127456806600094,0.11016374081373215,0.7755450084805489
JNJ,xgboost,1,2021-02-17,0,0,0.7230280041694641,0.04153188690543175,0.23544004559516907,0.48758795857429504
JNJ,xgboost,1,2021-02-18,0,0,0.7052821516990662,0.07258037477731705,0.2221374660730362,0.48314468562602997
JNJ,xgboost,1,2021-02-19,-1,0,0.614281952381134,0.015235493890941143,0.37048253417015076,0.24379941821098328
JNJ,xgboost,1,2021-02-22,0,0,0.9551247954368591,0.02443721704185009,0.02443721704185009,0.930687578395009
JNJ,xgboost,1,2021-02-23,0,0,0.8592115044593811,0.055853091180324554,0.08493545651435852,0.7742760479450226
JNJ,xgboost,1,2021-02-24,-1,0,0.7663723230361938,0.0319804921746254,0.20164714753627777,0.5647251754999161
JNJ,xgboost,1,2021-02-25,-1,0,0.6178296208381653,0.06279060244560242,0.3193797767162323,0.298449844121933
JNJ,xgboost,1,2021-02-26,0,0,0.9425780177116394,0.025600358843803406,0.031821612268686295,0.9107564054429531
JNJ,xgboost,1,2021-03-01,0,0,0.8504905700683594,0.042158834636211395,0.10735061019659042,0.743139959871769
JNJ,xgboost,1,2021-03-02,0,0,0.9301530122756958,0.039982493966817856,0.039982493966817856,0.890170518308878
JNJ,xgboost,1,2021-03-03,0,0,0.931399941444397,0.049130991101264954,0.049130991101264954,0.882268950343132
JNJ,xgboost,1,2021-03-04,1,0,0.765982985496521,0.16062961518764496,0.16062961518764496,0.605353370308876
JNJ,xgboost,1,2021-03-05,1,0,0.9748561382293701,0.01788453757762909,0.01788453757762909,0.956971600651741
JNJ,xgboost,1,2021-03-08,0,0,0.8443481922149658,0.08410323411226273,0.08410323411226273,0.7602449581027031
JNJ,xgboost,1,2021-03-09,1,0,0.8680222630500793,0.08958318829536438,0.08958318829536438,0.778439074754715
JNJ,xgboost,1,2021-03-10,0,0,0.9696914553642273,0.008633040823042393,0.021675454452633858,0.9480160009115934
JNJ,xgboost,1,2021-03-11,0,0,0.9700347185134888,0.008374650962650776,0.02159063145518303,0.9484440870583057
JNJ,xgboost,1,2021-03-12,0,0,0.9893492460250854,0.0021040586289018393,0.008546721190214157,0.9808025248348713
JNJ,xgboost,1,2021-03-15,0,0,0.9759749174118042,0.0014625975163653493,0.022562438622117043,0.9534124787896872
JNJ,xgboost,1,2021-03-16,0,0,0.9034549593925476,0.004533837083727121,0.09201120585203171,0.8114437535405159
JNJ,xgboost,1,2021-03-17,0,0,0.9630939364433289,0.004627082496881485,0.03227894753217697,0.9308149889111519
JNJ,xgboost,1,2021-03-18,0,0,0.9244133830070496,0.02451534941792488,0.05107118934392929,0.8733421936631203
JNJ,xgboost,1,2021-03-19,1,-1,0.6794572472572327,0.04597380757331848,0.27456891536712646,0.4048883318901062
JNJ,xgboost,1,2021-03-22,1,-1,0.5015392303466797,0.0382959358394146,0.4601648449897766,0.041374385356903076
JNJ,xgboost,1,2021-03-23,1,0,0.4228961169719696,0.2846580445766449,0.2924458384513855,0.1304502785205841
JNJ,xgboost,1,2021-03-24,0,-1,0.8140285611152649,0.04674113541841507,0.13923035562038422,0.6747982054948807
JNJ,xgboost,1,2021-03-25,0,0,0.5256451964378357,0.08881691843271255,0.3855378329753876,0.14010736346244812
JNJ,xgboost,1,2021-03-26,0,0,0.9740356206893921,0.00514192646369338,0.020822500810027122,0.953213119879365
JNJ,xgboost,1,2021-03-29,0,0,0.9168746471405029,0.003268300322815776,0.07985702157020569,0.8370176255702972
JNJ,xgboost,1,2021-03-30,0,0,0.9889154434204102,0.007539892569184303,0.007539892569184303,0.9813755508512259
JNJ,xgboost,1,2021-03-31,0,0,0.9444987177848816,0.019450083374977112,0.03605117276310921,0.9084475450217724
JNJ,xgboost,1,2021-04-01,0,0,0.7922475934028625,0.03860826417803764,0.1691441386938095,0.623103454709053
JNJ,xgboost,1,2021-04-05,0,0,0.9050498008728027,0.016808785498142242,0.07814142853021622,0.8269083723425865
JNJ,xgboost,1,2021-04-06,-1,0,0.9622629284858704,0.008115177042782307,0.02962193824350834,0.932640990242362
JNJ,xgboost,1,2021-04-07,-1,0,0.9445996880531311,0.028652634471654892,0.028652634471654892,0.9159470535814762
JNJ,xgboost,1,2021-04-08,0,0,0.8882436752319336,0.030563995242118835,0.08119235187768936,0.8070513233542442
JNJ,xgboost,1,2021-04-09,0,0,0.8374984264373779,0.036593127995729446,0.12590841948986053,0.7115900069475174
JNJ,xgboost,1,2021-04-12,0,0,0.4451259672641754,0.15914759039878845,0.39572641253471375,0.04939955472946167
JNJ,xgboost,1,2021-04-13,1,-1,0.5854071378707886,0.017246628180146217,0.39734622836112976,0.1880609095096588
JNJ,xgboost,1,2021-04-14,1,0,0.615653395652771,0.013687687925994396,0.3706589341163635,0.24499446153640747
JNJ,xgboost,1,2021-04-15,1,0,0.8389129042625427,0.01645040139555931,0.14463669061660767,0.6942762136459351
JNJ,xgboost,1,2021-04-16,1,0,0.7664130926132202,0.006707571446895599,0.22687937319278717,0.539533719420433
JNJ,xgboost,1,2021-04-19,0,0,0.8473795652389526,0.003449446754530072,0.14917095005512238,0.6982086151838303
JNJ,xgboost,1,2021-04-20,0,0,0.9819220304489136,0.004300410393625498,0.013777525164186954,0.9681445052847266
JNJ,xgboost,2,2021-04-21,-1,0,0.9092806577682495,0.06705647706985474,0.06705647706985474,0.8422241806983948
JNJ,xgboost,2,2021-04-22,0,0,0.9413796663284302,0.044913407415151596,0.044913407415151596,0.8964662589132786
JNJ,xgboost,2,2021-04-23,0,0,0.9298157691955566,0.05649406462907791,0.05649406462907791,0.8733217045664787
JNJ,xgboost,2,2021-04-26,0,1,0.6979705095291138,0.6979705095291138,0.18798241019248962,0.5099880993366241
JNJ,xgboost,2,2021-04-27,1,1,0.49654486775398254,0.49654486775398254,0.38580307364463806,0.11074179410934448
JNJ,xgboost,2,2021-04-28,1,1,0.5104009509086609,0.5104009509086609,0.4743679463863373,0.03603300452232361
JNJ,xgboost,2,2021-04-29,1,0,0.6440964341163635,0.2767559885978699,0.2767559885978699,0.36734044551849365
JNJ,xgboost,2,2021-04-30,1,0,0.5051199197769165,0.14547888934612274,0.34940117597579956,0.15571874380111694
JNJ,xgboost,2,2021-05-03,1,0,0.7467219829559326,0.10717092454433441,0.14610710740089417,0.6006148755550385
JNJ,xgboost,2,2021-05-04,0,0,0.4674273431301117,0.19897925853729248,0.3335934281349182,0.13383391499519348
JNJ,xgboost,2,2021-05-05,0,0,0.7625605463981628,0.2308817356824875,0.2308817356824875,0.5316788107156754
JNJ,xgboost,2,2021-05-06,0,0,0.6976321339607239,0.2511902153491974,0.2511902153491974,0.4464419186115265
JNJ,xgboost,2,2021-05-07,0,0,0.8389268517494202,0.14599741995334625,0.14599741995334625,0.6929294317960739
JNJ,xgboost,2,2021-05-10,0,-1,0.4746132493019104,0.07172811776399612,0.45365867018699646,0.02095457911491394
JNJ,xgboost,2,2021-05-11,0,1,0.4794674515724182,0.4794674515724182,0.4671977758407593,0.012269675731658936
JNJ,xgboost,2,2021-05-12,0,0,0.5414838790893555,0.3971136510372162,0.3971136510372162,0.14437022805213928
JNJ,xgboost,2,2021-05-13,0,0,0.7184628248214722,0.21546562016010284,0.21546562016010284,0.5029972046613693
JNJ,xgboost,2,2021-05-14,0,0,0.6076870560646057,0.2390529215335846,0.2390529215335846,0.3686341345310211
JNJ,xgboost,2,2021-05-17,0,0,0.7422956228256226,0.12969578802585602,0.12969578802585602,0.6125998347997665
JNJ,xgboost,2,2021-05-18,0,0,0.6358338594436646,0.2906651496887207,0.2906651496887207,0.34516870975494385
JNJ,xgboost,2,2021-05-19,0,0,0.7542628049850464,0.19576291739940643,0.19576291739940643,0.55849988758564
JNJ,xgboost,2,2021-05-20,0,0,0.6516106724739075,0.3026977479457855,0.3026977479457855,0.34891292452812195
JNJ,xgboost,2,2021-05-21,0,0,0.5277727246284485,0.23089222609996796,0.24133506417274475,0.28643766045570374
JNJ,xgboost,2,2021-05-24,-1,0,0.5406526327133179,0.4083748161792755,0.4083748161792755,0.13227781653404236
JNJ,xgboost,2,2021-05-25,-1,1,0.5462432503700256,0.5462432503700256,0.4108174741268158,0.13542577624320984
JNJ,xgboost,2,2021-05-26,0,1,0.5553997755050659,0.5553997755050659,0.42613837122917175,0.12926140427589417
JNJ,xgboost,2,2021-05-27,0,1,0.551965057849884,0.551965057849884,0.2580951452255249,0.29386991262435913
JNJ,xgboost,2,2021-05-28,-1,1,0.593665599822998,0.593665599822998,0.34111014008522034,0.2525554597377777
JNJ,xgboost,2,2021-06-01,0,1,0.4672967195510864,0.4672967195510864,0.439945250749588,0.027351468801498413
JNJ,xgboost,2,2021-06-02,0,0,0.40584275126457214,0.19541417062282562,0.39874306321144104,0.0070996880531311035
JNJ,xgboost,2,2021-06-03,0,0,0.5614633560180664,0.22383135557174683,0.22383135557174683,0.3376320004463196
JNJ,xgboost,2,2021-06-04,0,0,0.5385923385620117,0.1153305321931839,0.3460771143436432,0.19251522421836853
JNJ,xgboost,2,2021-06-07,0,0,0.7105819582939148,0.22985227406024933,0.22985227406024933,0.48072968423366547
JNJ,xgboost,2,2021-06-08,0,0,0.6195600032806396,0.33274054527282715,0.33274054527282715,0.2868194580078125
JNJ,xgboost,2,2021-06-09,0,0,0.6438307166099548,0.04247656092047691,0.31369274854660034,0.3301379680633545
JNJ,xgboost,2,2021-06-10,0,0,0.612267017364502,0.08658421784639359,0.30114877223968506,0.3111182451248169
JNJ,xgboost,2,2021-06-11,0,0,0.6608026623725891,0.1724831461906433,0.1724831461906433,0.4883195161819458
JNJ,xgboost,2,2021-06-14,0,0,0.40740907192230225,0.29062619805336,0.30196475982666016,0.10544431209564209
JNJ,xgboost,2,2021-06-15,0,1,0.5013105273246765,0.5013105273246765,0.45330965518951416,0.048000872135162354
JNJ,xgboost,2,2021-06-16,0,0,0.6079785227775574,0.3083623945713043,0.3083623945713043,0.29961612820625305
JNJ,xgboost,2,2021-06-17,0,0,0.5782769918441772,0.30893105268478394,0.30893105268478394,0.2693459391593933
JNJ,xgboost,2,2021-06-18,0,0,0.5072650909423828,0.1440906524658203,0.3486442565917969,0.15862083435058594
JNJ,xgboost,2,2021-06-21,0,1,0.7563858032226562,0.7563858032226562,0.19749990105628967,0.5588859021663666
JNJ,xgboost,2,2021-06-22,0,0,0.4650406539440155,0.4489974081516266,0.4489974081516266,0.016043245792388916
JNJ,xgboost,2,2021-06-23,0,1,0.5718913674354553,0.5718913674354553,0.3907676339149475,0.1811237335205078
JNJ,xgboost,2,2021-06-24,0,0,0.6300026178359985,0.27400273084640503,0.27400273084640503,0.3559998869895935
JNJ,xgboost,2,2021-06-25,1,0,0.8106604218482971,0.08098109811544418,0.10835849493741989,0.7023019269108772
JNJ,xgboost,2,2021-06-28,1,0,0.5370498895645142,0.40217170119285583,0.40217170119285583,0.13487818837165833
JNJ,xgboost,2,2021-06-29,1,0,0.7156235575675964,0.12152936309576035,0.1628471314907074,0.552776426076889
JNJ,xgboost,2,2021-06-30,1,0,0.82376629114151,0.07440014183521271,0.10183361172676086,0.7219326794147491
JNJ,xgboost,2,2021-07-01,1,0,0.9362425804138184,0.030169399455189705,0.03358801454305649,0.9026545658707619
JNJ,xgboost,2,2021-07-02,0,0,0.8766294121742249,0.10927484184503555,0.10927484184503555,0.7673545703291893
JNJ,xgboost,2,2021-07-06,0,0,0.9237905740737915,0.03666041046380997,0.039549022912979126,0.8842415511608124
JNJ,xgboost,2,2021-07-07,0,0,0.9827302694320679,0.007220319472253323,0.01004945207387209,0.9726808173581958
JNJ,xgboost,2,2021-07-08,0,0,0.966776430606842,0.02714455872774124,0.02714455872774124,0.9396318718791008
JNJ,xgboost,2,2021-07-09,0,0,0.8656982183456421,0.03582189604640007,0.09847982972860336,0.7672183886170387
JNJ,xgboost,2,2021-07-12,0,0,0.9100863337516785,0.04624054580926895,0.04624054580926895,0.8638457879424095
JNJ,xgboost,2,2021-07-13,0,0,0.7586952447891235,0.1791868954896927,0.1791868954896927,0.5795083492994308
JNJ,xgboost,2,2021-07-14,0,0,0.826921284198761,0.06510951370000839,0.10796916484832764,0.7189521193504333
JNJ,xgboost,2,2021-07-15,0,0,0.9119910597801208,0.046356506645679474,0.046356506645679474,0.8656345531344414
JNJ,xgboost,2,2021-07-16,1,0,0.7697117328643799,0.11214376240968704,0.1181444451212883,0.6515672877430916
JNJ,xgboost,2,2021-07-19,1,0,0.8800449967384338,0.08384732156991959,0.08384732156991959,0.7961976751685143
JNJ,xgboost,2,2021-07-20,1,0,0.8789950013160706,0.0728984922170639,0.0728984922170639,0.8060965090990067
JNJ,xgboost,2,2021-07-21,0,0,0.809800922870636,0.12199551612138748,0.12199551612138748,0.6878054067492485
JNJ,xgboost,2,2021-07-22,0,0,0.6814481616020203,0.1520073115825653,0.16654452681541443,0.5149036347866058
JNJ,xgboost,2,2021-07-23,0,0,0.7844290137290955,0.1785762459039688,0.1785762459039688,0.6058527678251266
JNJ,xgboost,2,2021-07-26,0,0,0.8297576308250427,0.1426553726196289,0.1426553726196289,0.6871022582054138
JNJ,xgboost,2,2021-07-27,0,0,0.7487921714782715,0.23263287544250488,0.23263287544250488,0.5161592960357666
JNJ,xgboost,2,2021-07-28,0,0,0.6403195858001709,0.30046510696411133,0.30046510696411133,0.33985447883605957
JNJ,xgboost,2,2021-07-29,0,0,0.6650144457817078,0.2844269871711731,0.2844269871711731,0.38058745861053467
JNJ,xgboost,2,2021-07-30,0,0,0.5396286249160767,0.3466276228427887,0.3466276228427887,0.19300100207328796
JNJ,xgboost,2,2021-08-02,0,0,0.3761892318725586,0.33086270093917847,0.33086270093917847,0.04532653093338013
JNJ,xgboost,2,2021-08-03,0,0,0.7800453901290894,0.07652764022350311,0.14342693984508514,0.6366184502840042
JNJ,xgboost,2,2021-08-04,0,0,0.6397771835327148,0.3341986835002899,0.3341986835002899,0.3055785000324249
JNJ,xgboost,2,2021-08-05,0,0,0.7745346426963806,0.1717434972524643,0.1717434972524643,0.6027911454439163
JNJ,xgboost,2,2021-08-06,0,1,0.5834423899650574,0.5834423899650574,0.3792862594127655,0.20415613055229187
JNJ,xgboost,2,2021-08-09,1,0,0.6509225964546204,0.2813161313533783,0.2813161313533783,0.36960646510124207
JNJ,xgboost,2,2021-08-10,1,0,0.5450888872146606,0.41869819164276123,0.41869819164276123,0.12639069557189941
JNJ,xgboost,2,2021-08-11,0,0,0.5864968299865723,0.1938638836145401,0.21963924169540405,0.3668575882911682
JNJ,xgboost,2,2021-08-12,0,0,0.8377370834350586,0.12190409004688263,0.12190409004688263,0.715832993388176
JNJ,xgboost,2,2021-08-13,0,0,0.8049872517585754,0.1626446396112442,0.1626446396112442,0.6423426121473312
JNJ,xgboost,2,2021-08-16,0,1,0.5407746434211731,0.5407746434211731,0.42398494482040405,0.11678969860076904
JNJ,xgboost,2,2021-08-17,0,0,0.9643605351448059,0.02488989382982254,0.02488989382982254,0.9394706413149834
JNJ,xgboost,2,2021-08-18,0,0,0.9197180867195129,0.0436323918402195,0.0436323918402195,0.8760856948792934
JNJ,xgboost,2,2021-08-19,-1,0,0.8200337886810303,0.15335789322853088,0.15335789322853088,0.6666758954524994
JNJ,xgboost,2,2021-08-20,-1,0,0.701379120349884,0.12553150951862335,0.17308934032917023,0.5282897800207138
JNJ,xgboost,2,2021-08-23,-1,0,0.8909669518470764,0.04793053865432739,0.0611024871468544,0.829864464700222
JNJ,xgboost,2,2021-08-24,0,0,0.7882552742958069,0.1169637143611908,0.1169637143611908,0.6712915599346161
JNJ,xgboost,2,2021-08-25,0,0,0.7681155204772949,0.13285446166992188,0.13285446166992188,0.635261058807373
JNJ,xgboost,2,2021-08-26,0,0,0.7352198958396912,0.19854620099067688,0.19854620099067688,0.5366736948490143
JNJ,xgboost,2,2021-08-27,0,-1,0.37087011337280273,0.31276652216911316,0.3163633942604065,0.05450671911239624
JNJ,xgboost,2,2021-08-30,0,0,0.4249349534511566,0.18272817134857178,0.3923368453979492,0.0325981080532074
JNJ,xgboost,2,2021-08-31,0,-1,0.4706917405128479,0.05991480499505997,0.46939346194267273,0.001298278570175171
JNJ,xgboost,2,2021-09-01,-1,0,0.42425253987312317,0.1784350723028183,0.39731237292289734,0.02694016695022583
JNJ,xgboost,2,2021-09-02,-1,-1,0.5425008535385132,0.10981914401054382,0.347680002450943,0.1948208510875702
JNJ,xgboost,2,2021-09-03,-1,0,0.5396295189857483,0.131503626704216,0.3288668394088745,0.21076267957687378
JNJ,xgboost,2,2021-09-07,-1,0,0.6912150979042053,0.07949191331863403,0.22929300367832184,0.4619220942258835
JNJ,xgboost,2,2021-09-08,-1,0,0.8012192249298096,0.14072902500629425,0.14072902500629425,0.6604901999235153
JNJ,xgboost,2,2021-09-09,0,0,0.7784996628761292,0.16595804691314697,0.16595804691314697,0.6125416159629822
JNJ,xgboost,2,2021-09-10,0,0,0.7457385063171387,0.20688149333000183,0.20688149333000183,0.5388570129871368
JNJ,xgboost,2,2021-09-13,0,1,0.5001586079597473,0.5001586079597473,0.4354529082775116,0.06470569968223572
JNJ,xgboost,2,2021-09-14,0,0,0.7890617847442627,0.19952630996704102,0.19952630996704102,0.5895354747772217
JNJ,xgboost,2,2021-09-15,0,1,0.8547472953796387,0.8547472953796387,0.13054409623146057,0.7242031991481781
JNJ,xgboost,2,2021-09-16,0,0,0.5855440497398376,0.30622461438179016,0.30622461438179016,0.2793194353580475
JNJ,xgboost,2,2021-09-17,0,0,0.6254933476448059,0.3568772077560425,0.3568772077560425,0.2686161398887634
JNJ,xgboost,2,2021-09-20,0,0,0.7794440984725952,0.18733689188957214,0.18733689188957214,0.5921072065830231
JNJ,xgboost,2,2021-09-21,0,0,0.7055401802062988,0.28220081329345703,0.28220081329345703,0.4233393669128418
JNJ,xgboost,2,2021-09-22,0,0,0.7221235036849976,0.26723209023475647,0.26723209023475647,0.4548914134502411
JNJ,xgboost,2,2021-09-23,-1,0,0.5025049448013306,0.49196892976760864,0.49196892976760864,0.010536015033721924
JNJ,xgboost,2,2021-09-24,-1,0,0.526331901550293,0.4668966829776764,0.4668966829776764,0.05943521857261658
JNJ,xgboost,2,2021-09-27,-1,1,0.7020749449729919,0.7020749449729919,0.29504305124282837,0.4070318937301636
JNJ,xgboost,2,2021-09-28,0,0,0.6248610019683838,0.36352914571762085,0.36352914571762085,0.26133185625076294
JNJ,xgboost,2,2021-09-29,-1,0,0.6972324252128601,0.2521974742412567,0.2521974742412567,0.4450349509716034
JNJ,xgboost,2,2021-09-30,0,0,0.7572152614593506,0.23356223106384277,0.23356223106384277,0.5236530303955078
JNJ,xgboost,2,2021-10-01,0,0,0.756791889667511,0.23821718990802765,0.23821718990802765,0.5185746997594833
JNJ,xgboost,2,2021-10-04,0,0,0.8325291872024536,0.1631188690662384,0.1631188690662384,0.6694103181362152
JNJ,xgboost,2,2021-10-05,0,0,0.6615288853645325,0.314350426197052,0.314350426197052,0.34717845916748047
JNJ,xgboost,2,2021-10-06,0,0,0.6712785959243774,0.317527174949646,0.317527174949646,0.35375142097473145
JNJ,xgboost,2,2021-10-07,0,0,0.8769928216934204,0.1111195981502533,0.1111195981502533,0.7658732235431671
JNJ,xgboost,2,2021-10-08,0,0,0.7737423181533813,0.21237196028232574,0.21237196028232574,0.5613703578710556
JNJ,xgboost,2,2021-10-11,0,0,0.8039497137069702,0.1807439774274826,0.1807439774274826,0.6232057362794876
JNJ,xgboost,2,2021-10-12,1,0,0.6567375063896179,0.3180975019931793,0.3180975019931793,0.3386400043964386
JNJ,xgboost,2,2021-10-13,1,0,0.7841067910194397,0.19813604652881622,0.19813604652881622,0.5859707444906235
JNJ,xgboost,2,2021-10-14,1,0,0.5086342692375183,0.430520236492157,0.430520236492157,0.07811403274536133
JNJ,xgboost,2,2021-10-15,0,0,0.8013221621513367,0.15522168576717377,0.15522168576717377,0.6461004763841629
JNJ,xgboost,2,2021-10-18,1,0,0.557789146900177,0.3884015679359436,0.3884015679359436,0.1693875789642334
JNJ,xgboost,2,2021-10-19,0,0,0.6648873090744019,0.26844435930252075,0.26844435930252075,0.3964429497718811
JNJ,xgboost,2,2021-10-20,0,0,0.8930211663246155,0.07525327801704407,0.07525327801704407,0.8177678883075714
JNJ,xgboost,2,2021-10-21,0,0,0.8086063861846924,0.14972242712974548,0.14972242712974548,0.6588839590549469
JNJ,xgboost,2,2021-10-22,0,0,0.6057608127593994,0.2807709574699402,0.2807709574699402,0.32498985528945923
JNJ,xgboost,2,2021-10-25,0,0,0.710472822189331,0.1416783332824707,0.14784887433052063,0.5626239478588104
JNJ,xgboost,2,2021-10-26,0,0,0.8948648571968079,0.04718850925564766,0.057946644723415375,0.8369182124733925
JNJ,xgboost,2,2021-10-27,0,0,0.7821981310844421,0.1851949542760849,0.1851949542760849,0.5970031768083572
JNJ,xgboost,2,2021-10-28,0,0,0.7502659559249878,0.19956842064857483,0.19956842064857483,0.550697535276413
JNJ,xgboost,2,2021-10-29,0,0,0.5277080535888672,0.4036041498184204,0.4036041498184204,0.12410390377044678
JNJ,xgboost,2,2021-11-01,0,1,0.464191198348999,0.464191198348999,0.2883163094520569,0.17587488889694214
JNJ,xgboost,2,2021-11-02,0,0,0.8072077035903931,0.14115984737873077,0.14115984737873077,0.6660478562116623
JNJ,xgboost,2,2021-11-03,0,0,0.9167550802230835,0.06207014620304108,0.06207014620304108,0.8546849340200424
JNJ,xgboost,2,2021-11-04,0,0,0.8883146047592163,0.06812643259763718,0.06812643259763718,0.8201881721615791
JNJ,xgboost,2,2021-11-05,0,0,0.4251430332660675,0.3658289909362793,0.3658289909362793,0.05931404232978821
JNJ,xgboost,2,2021-11-08,0,1,0.6696734428405762,0.6696734428405762,0.22881856560707092,0.44085487723350525
JNJ,xgboost,2,2021-11-09,0,1,0.6003881096839905,0.6003881096839905,0.37153640389442444,0.22885170578956604
JNJ,xgboost,2,2021-11-10,0,0,0.6905131340026855,0.11532442271709442,0.19416244328022003,0.4963506907224655
JNJ,xgboost,2,2021-11-11,0,0,0.5826339721679688,0.37097036838531494,0.37097036838531494,0.2116636037826538
JNJ,xgboost,2,2021-11-12,0,-1,0.5604716539382935,0.07354117929935455,0.3659871220588684,0.19448453187942505
JNJ,xgboost,2,2021-11-15,0,0,0.5002349615097046,0.28717759251594543,0.28717759251594543,0.21305736899375916
JNJ,xgboost,2,2021-11-16,0,1,0.5655621886253357,0.5655621886253357,0.3897688090801239,0.1757933795452118
JNJ,xgboost,2,2021-11-17,0,0,0.6833217144012451,0.1905512809753418,0.1905512809753418,0.4927704334259033
JNJ,xgboost,2,2021-11-18,0,0,0.7402936220169067,0.22282777726650238,0.22282777726650238,0.5174658447504044
JNJ,xgboost,2,2021-11-19,0,0,0.8625932335853577,0.10038304328918457,0.10038304328918457,0.7622101902961731
JNJ,xgboost,2,2021-11-22,-1,0,0.6453732252120972,0.23747098445892334,0.23747098445892334,0.40790224075317383
JNJ,xgboost,2,2021-11-23,0,1,0.49278324842453003,0.49278324842453003,0.40276092290878296,0.09002232551574707
JNJ,xgboost,2,2021-11-24,0,1,0.6954864263534546,0.6954864263534546,0.21230649948120117,0.4831799268722534
JNJ,xgboost,2,2021-11-26,0,0,0.516547441482544,0.34691092371940613,0.34691092371940613,0.16963651776313782
JNJ,xgboost,2,2021-11-29,0,0,0.793328046798706,0.11690142750740051,0.11690142750740051,0.6764266192913055
JNJ,xgboost,2,2021-11-30,1,0,0.816038966178894,0.13983319699764252,0.13983319699764252,0.6762057691812515
JNJ,xgboost,2,2021-12-01,1,0,0.5879538655281067,0.14646688103675842,0.2655792236328125,0.3223746418952942
JNJ,xgboost,2,2021-12-02,1,0,0.783854067325592,0.17220249772071838,0.17220249772071838,0.6116515696048737
JNJ,xgboost,2,2021-12-03,1,0,0.47218242287635803,0.17552876472473145,0.35228875279426575,0.11989367008209229
JNJ,xgboost,2,2021-12-06,1,0,0.598508358001709,0.2409953474998474,0.2409953474998474,0.3575130105018616
JNJ,xgboost,2,2021-12-07,1,0,0.7162349820137024,0.11937449127435684,0.16439048945903778,0.5518444925546646
JNJ,xgboost,2,2021-12-08,1,0,0.8696120381355286,0.10466355085372925,0.10466355085372925,0.7649484872817993
JNJ,xgboost,2,2021-12-09,1,0,0.8347442746162415,0.06410840153694153,0.1011473760008812,0.7335968986153603
JNJ,xgboost,2,2021-12-10,0,0,0.9635128974914551,0.02221599593758583,0.02221599593758583,0.9412969015538692
JNJ,xgboost,2,2021-12-13,0,0,0.6169823408126831,0.03378351405262947,0.34923410415649414,0.26774823665618896
JNJ,xgboost,2,2021-12-14,0,-1,0.676862359046936,0.03396286442875862,0.28917476534843445,0.3876875936985016
JNJ,xgboost,2,2021-12-15,0,0,0.6641644835472107,0.10675850510597229,0.22907701134681702,0.4350874722003937
JNJ,xgboost,2,2021-12-16,-1,-1,0.8437449932098389,0.010988420806825161,0.1452665477991104,0.6984784454107285
JNJ,xgboost,2,2021-12-17,0,0,0.7062982320785522,0.05188401788473129,0.24181777238845825,0.464480459690094
JNJ,xgboost,2,2021-12-20,0,0,0.6459667086601257,0.17664456367492676,0.17738869786262512,0.4685780107975006
JNJ,xgboost,2,2021-12-21,1,0,0.736000657081604,0.20715300738811493,0.20715300738811493,0.5288476496934891
JNJ,xgboost,2,2021-12-22,1,0,0.650610625743866,0.21420860290527344,0.21420860290527344,0.43640202283859253
JNJ,xgboost,2,2021-12-23,0,0,0.5314449667930603,0.43463242053985596,0.43463242053985596,0.09681254625320435
JNJ,xgboost,2,2021-12-27,0,0,0.7128180265426636,0.24728995561599731,0.24728995561599731,0.46552807092666626
JNJ,xgboost,2,2021-12-28,0,1,0.7950036525726318,0.7950036525726318,0.1880510300397873,0.6069526225328445
JNJ,xgboost,2,2021-12-29,0,0,0.7770297527313232,0.20953071117401123,0.20953071117401123,0.567499041557312
JNJ,xgboost,2,2021-12-30,0,0,0.6782394051551819,0.28421440720558167,0.28421440720558167,0.3940249979496002
JNJ,xgboost,2,2021-12-31,0,0,0.5472667217254639,0.4285600483417511,0.4285600483417511,0.11870667338371277
JNJ,xgboost,2,2022-01-03,0,0,0.5363172888755798,0.4549102187156677,0.4549102187156677,0.08140707015991211
JNJ,xgboost,2,2022-01-04,0,1,0.6130000948905945,0.6130000948905945,0.37477079033851624,0.23822930455207825
JNJ,xgboost,2,2022-01-05,0,0,0.41065189242362976,0.30363699793815613,0.30363699793815613,0.10701489448547363
JNJ,xgboost,2,2022-01-06,0,0,0.65778648853302,0.2872697412967682,0.2872697412967682,0.37051674723625183
JNJ,xgboost,2,2022-01-07,-1,0,0.5940195322036743,0.12544402480125427,0.28053638339042664,0.3134831488132477
JNJ,xgboost,2,2022-01-10,-1,0,0.7557445168495178,0.17733535170555115,0.17733535170555115,0.5784091651439667
JNJ,xgboost,2,2022-01-11,-1,0,0.7317625284194946,0.11962699145078659,0.14861047267913818,0.5831520557403564
JNJ,xgboost,2,2022-01-12,-1,0,0.6108955144882202,0.2469649314880371,0.2469649314880371,0.3639305830001831
JNJ,xgboost,2,2022-01-13,-1,0,0.7565864324569702,0.1964263767004013,0.1964263767004013,0.5601600557565689
JNJ,xgboost,2,2022-01-14,-1,0,0.7050372958183289,0.2861112654209137,0.2861112654209137,0.41892603039741516
JNJ,xgboost,2,2022-01-18,0,0,0.8427417874336243,0.09898336231708527,0.09898336231708527,0.743758425116539
JNJ,xgboost,2,2022-01-19,0,0,0.8209887146949768,0.09463173151016235,0.09463173151016235,0.7263569831848145
JNJ,xgboost,2,2022-01-20,1,0,0.5748593211174011,0.27950629591941833,0.27950629591941833,0.2953530251979828
JNJ,xgboost,2,2022-01-21,1,-1,0.4160468578338623,0.25995421409606934,0.32399889826774597,0.09204795956611633
JNJ,xgboost,2,2022-01-24,1,1,0.47856542468070984,0.47856542468070984,0.47040241956710815,0.008163005113601685
JNJ,xgboost,2,2022-01-25,0,-1,0.8021490573883057,0.06531625241041183,0.13253462314605713,0.6696144342422485
JNJ,xgboost,2,2022-01-26,1,-1,0.6144633293151855,0.15587468445301056,0.2296619713306427,0.38480135798454285
JNJ,xgboost,2,2022-01-27,0,-1,0.6385145783424377,0.10588983446359634,0.2555956244468689,0.38291895389556885
JNJ,xgboost,2,2022-01-28,0,0,0.5225733518600464,0.2320265769958496,0.24540001153945923,0.27717334032058716
JNJ,xgboost,2,2022-01-31,0,0,0.9457154870033264,0.02170347049832344,0.03258100524544716,0.9131344817578793
JNJ,xgboost,2,2022-02-01,0,0,0.887687623500824,0.015596638433635235,0.0967157781124115,0.7909718453884125
JNJ,xgboost,2,2022-02-02,0,0,0.9151257276535034,0.012535381130874157,0.07233891636133194,0.8427868112921715
JNJ,xgboost,2,2022-02-03,0,0,0.5819045305252075,0.033993691205978394,0.3841017186641693,0.1978028118610382
JNJ,xgboost,2,2022-02-04,-1,0,0.766656756401062,0.014451820403337479,0.21889141201972961,0.5477653443813324
JNJ,xgboost,2,2022-02-07,-1,0,0.7797386646270752,0.08486218005418777,0.13539919257164001,0.6443394720554352
JNJ,xgboost,2,2022-02-08,-1,0,0.7575273513793945,0.11144494265317917,0.1310276836156845,0.62649966776371
JNJ,xgboost,2,2022-02-09,-1,-1,0.6226405501365662,0.0565614327788353,0.32079797983169556,0.3018425703048706
JNJ,xgboost,2,2022-02-10,0,0,0.709773063659668,0.07197553664445877,0.21825140714645386,0.4915216565132141
JNJ,xgboost,2,2022-02-11,0,0,0.7455062866210938,0.21742652356624603,0.21742652356624603,0.5280797630548477
JNJ,xgboost,2,2022-02-14,-1,0,0.5683274269104004,0.21871741116046906,0.21871741116046906,0.34961001574993134
JNJ,xgboost,2,2022-02-15,-1,0,0.5142905712127686,0.299299031496048,0.299299031496048,0.21499153971672058
JNJ,xgboost,2,2022-02-16,-1,0,0.7552979588508606,0.12665928900241852,0.12665928900241852,0.6286386698484421
JNJ,xgboost,2,2022-02-17,0,0,0.6061664819717407,0.16910435259342194,0.22472916543483734,0.3814373165369034
JNJ,xgboost,2,2022-02-18,0,0,0.5570447444915771,0.17929089069366455,0.2636643946170807,0.29338034987449646
JNJ,xgboost,2,2022-02-22,0,0,0.7131516337394714,0.2067745476961136,0.2067745476961136,0.5063770860433578
JNJ,xgboost,2,2022-02-23,1,0,0.5796221494674683,0.38245412707328796,0.38245412707328796,0.1971680223941803
JNJ,xgboost,2,2022-02-24,1,1,0.6020030379295349,0.6020030379295349,0.36601805686950684,0.23598498106002808
JNJ,xgboost,2,2022-02-25,1,0,0.6388557553291321,0.18326476216316223,0.18326476216316223,0.45559099316596985
JNJ,xgboost,2,2022-02-28,1,0,0.6174946427345276,0.07758790999650955,0.30491745471954346,0.31257718801498413
JNJ,xgboost,2,2022-03-01,1,0,0.442380428314209,0.1322675347328186,0.42535200715065,0.01702842116355896
JNJ,xgboost,2,2022-03-02,0,0,0.8374622464179993,0.08409043401479721,0.08409043401479721,0.7533718124032021
JNJ,xgboost,2,2022-03-03,0,0,0.6865701675415039,0.03574417904019356,0.27768561244010925,0.40888455510139465
JNJ,xgboost,2,2022-03-04,0,0,0.7149978876113892,0.17986264824867249,0.17986264824867249,0.5351352393627167
JNJ,xgboost,2,2022-03-07,0,0,0.4048002064228058,0.21374648809432983,0.3814533054828644,0.023346900939941406
JNJ,xgboost,2,2022-03-08,1,0,0.7267329692840576,0.17415937781333923,0.17415937781333923,0.5525735914707184
JNJ,xgboost,2,2022-03-09,1,0,0.445690393447876,0.18760539591312408,0.3667042553424835,0.07898613810539246
JNJ,xgboost,2,2022-03-10,1,0,0.38220441341400146,0.3325514495372772,0.3325514495372772,0.04965296387672424
JNJ,xgboost,2,2022-03-11,1,1,0.5573301315307617,0.5573301315307617,0.2589453160762787,0.29838481545448303
JNJ,xgboost,2,2022-03-14,1,-1,0.7456883788108826,0.05861680582165718,0.19569480419158936,0.5499935746192932
JNJ,xgboost,2,2022-03-15,0,0,0.5371339321136475,0.1444166898727417,0.31844937801361084,0.21868455410003662
JNJ,xgboost,2,2022-03-16,0,0,0.8938358426094055,0.03436901792883873,0.07179512083530426,0.8220407217741013
JNJ,xgboost,2,2022-03-17,0,0,0.550805926322937,0.02412824146449566,0.4250658452510834,0.12574008107185364
JNJ,xgboost,2,2022-03-18,0,0,0.9364132285118103,0.01362362690269947,0.04996310546994209,0.8864501230418682
JNJ,xgboost,2,2022-03-21,0,0,0.9223926067352295,0.03639537841081619,0.04121207445859909,0.8811805322766304
JNJ,xgboost,2,2022-03-22,0,0,0.8353694677352905,0.13760225474834442,0.13760225474834442,0.6977672129869461
JNJ,xgboost,2,2022-03-23,1,0,0.7026136517524719,0.26123887300491333,0.26123887300491333,0.4413747787475586
JNJ,xgboost,2,2022-03-24,0,0,0.7737732529640198,0.1756238490343094,0.1756238490343094,0.5981494039297104
JNJ,xgboost,2,2022-03-25,0,0,0.9047756195068359,0.04059832915663719,0.05462604761123657,0.8501495718955994
JNJ,xgboost,2,2022-03-28,0,0,0.7746115922927856,0.1436847299337387,0.1436847299337387,0.6309268623590469
JNJ,xgboost,2,2022-03-29,0,0,0.8006823658943176,0.17970366775989532,0.17970366775989532,0.6209786981344223
JNJ,xgboost,2,2022-03-30,0,0,0.8609898090362549,0.033318519592285156,0.10569166392087936,0.7552981451153755
JNJ,xgboost,2,2022-03-31,1,0,0.7273462414741516,0.18497630953788757,0.18497630953788757,0.542369931936264
JNJ,xgboost,2,2022-04-01,1,0,0.6389854550361633,0.306125670671463,0.306125670671463,0.3328597843647003
JNJ,xgboost,2,2022-04-04,0,0,0.8549513220787048,0.07357731461524963,0.07357731461524963,0.7813740074634552
JNJ,xgboost,2,2022-04-05,0,0,0.8627530336380005,0.05037938803434372,0.0868675485253334,0.7758854851126671
JNJ,xgboost,2,2022-04-06,0,0,0.7714412212371826,0.05430702492594719,0.1742517650127411,0.5971894562244415
JNJ,xgboost,2,2022-04-07,0,0,0.91782146692276,0.05708913505077362,0.05708913505077362,0.8607323318719864
JNJ,xgboost,2,2022-04-08,-1,0,0.8890394568443298,0.09229369461536407,0.09229369461536407,0.7967457622289658
JNJ,xgboost,2,2022-04-11,0,0,0.8647549152374268,0.08606231957674026,0.08606231957674026,0.7786925956606865
JNJ,xgboost,2,2022-04-12,1,0,0.8999210000038147,0.048149190843105316,0.051929790526628494,0.8479912094771862
JNJ,xgboost,2,2022-04-13,0,0,0.9105176329612732,0.03834284842014313,0.051139503717422485,0.8593781292438507
JNJ,xgboost,2,2022-04-14,0,0,0.7619414925575256,0.14378254115581512,0.14378254115581512,0.6181589514017105
JNJ,xgboost,2,2022-04-18,1,0,0.8074005842208862,0.08867672085762024,0.10392269492149353,0.7034778892993927
JNJ,xgboost,2,2022-04-19,0,0,0.6238231062889099,0.18163543939590454,0.19454146921634674,0.42928163707256317
JNJ,xgboost,2,2022-04-20,0,0,0.8310586810112,0.08132540434598923,0.08761591464281082,0.7434427663683891
JNJ,xgboost,2,2022-04-21,0,0,0.6754336953163147,0.24749770760536194,0.24749770760536194,0.42793598771095276
JNJ,xgboost,2,2022-04-22,0,0,0.907416582107544,0.04808122664690018,0.04808122664690018,0.8593353554606438
JNJ,xgboost,2,2022-04-25,-1,0,0.7754766941070557,0.12654471397399902,0.12654471397399902,0.6489319801330566
JNJ,xgboost,2,2022-04-26,-1,0,0.5109298825263977,0.0681280866265297,0.4209420680999756,0.08998781442642212
JNJ,xgboost,2,2022-04-27,0,0,0.5781193375587463,0.23643645644187927,0.23643645644187927,0.34168288111686707
JNJ,xgboost,2,2022-04-28,-1,0,0.7406055927276611,0.07037722319364548,0.189017191529274,0.5515884011983871
JNJ,xgboost,2,2022-04-29,-1,0,0.6809319853782654,0.14705555140972137,0.17201249301433563,0.5089194923639297
JNJ,xgboost,2,2022-05-02,0,1,0.42733925580978394,0.42733925580978394,0.4017845094203949,0.025554746389389038
JNJ,xgboost,2,2022-05-03,0,0,0.6196455359458923,0.2832663059234619,0.2832663059234619,0.3363792300224304
JNJ,xgboost,2,2022-05-04,-1,-1,0.5012387633323669,0.02808009460568428,0.47068116068840027,0.030557602643966675
JNJ,xgboost,2,2022-05-05,0,0,0.8703835010528564,0.07174934446811676,0.07174934446811676,0.7986341565847397
JNJ,xgboost,2,2022-05-06,0,0,0.7168322801589966,0.16114017367362976,0.16114017367362976,0.5556921064853668
JNJ,xgboost,2,2022-05-09,0,0,0.5124717950820923,0.07512562721967697,0.41240257024765015,0.10006922483444214
JNJ,xgboost,2,2022-05-10,0,0,0.4248139262199402,0.2482333928346634,0.3269526958465576,0.09786123037338257
JNJ,xgboost,2,2022-05-11,0,0,0.5161215662956238,0.3305794894695282,0.3305794894695282,0.18554207682609558
JNJ,xgboost,2,2022-05-12,-1,-1,0.4607933759689331,0.08391869813203812,0.455287903547287,0.005505472421646118
JNJ,xgboost,2,2022-05-13,0,-1,0.43051233887672424,0.16307377815246582,0.40641385316848755,0.024098485708236694
JNJ,xgboost,2,2022-05-16,0,-1,0.7705474495887756,0.07010000199079514,0.15935257077217102,0.6111948788166046
JNJ,xgboost,2,2022-05-17,1,-1,0.7453896999359131,0.0943300649523735,0.1602802276611328,0.5851094722747803
JNJ,xgboost,2,2022-05-18,1,0,0.6140269041061401,0.22320464253425598,0.22320464253425598,0.39082226157188416
JNJ,xgboost,2,2022-05-19,1,0,0.7777866125106812,0.15955056250095367,0.15955056250095367,0.6182360500097275
JNJ,xgboost,2,2022-05-20,1,-1,0.49313420057296753,0.15106557309627533,0.3558002710342407,0.1373339295387268
JNJ,xgboost,2,2022-05-23,0,0,0.5536198019981384,0.17550398409366608,0.2708762288093567,0.28274357318878174
JNJ,xgboost,2,2022-05-24,-1,0,0.4770146608352661,0.07892920076847076,0.4440561830997467,0.03295847773551941
JNJ,xgboost,2,2022-05-25,0,0,0.8668505549430847,0.051345344632864,0.08180414140224457,0.7850464135408401
JNJ,xgboost,2,2022-05-26,0,0,0.5287875533103943,0.23363764584064484,0.23757478594779968,0.2912127673625946
JNJ,xgboost,2,2022-05-27,-1,0,0.872369110584259,0.019326815381646156,0.10830409824848175,0.7640650123357773
JNJ,xgboost,2,2022-05-31,0,-1,0.5643436908721924,0.05995701253414154,0.3756992518901825,0.1886444389820099
JNJ,xgboost,2,2022-06-01,0,0,0.7422813177108765,0.09176012873649597,0.16595858335494995,0.5763227343559265
JNJ,xgboost,2,2022-06-02,0,0,0.6867291331291199,0.1516171097755432,0.16165371239185333,0.5250754207372665
JNJ,xgboost,2,2022-06-03,-1,0,0.6540541648864746,0.10960113257169724,0.23634470999240875,0.41770945489406586
JNJ,xgboost,2,2022-06-06,-1,0,0.6664236783981323,0.1429271548986435,0.19064919650554657,0.47577448189258575
JNJ,xgboost,2,2022-06-07,-1,0,0.7577103972434998,0.031706057488918304,0.21058350801467896,0.5471268892288208
JNJ,xgboost,2,2022-06-08,-1,0,0.6210960745811462,0.08748532086610794,0.2914186418056488,0.32967743277549744
JNJ,xgboost,2,2022-06-09,-1,0,0.6243077516555786,0.06424655765295029,0.3114456832408905,0.3128620684146881
JNJ,xgboost,2,2022-06-10,0,-1,0.6424844264984131,0.01600797288119793,0.3415076434612274,0.30097678303718567
JNJ,xgboost,2,2022-06-13,0,-1,0.5922359228134155,0.0435648076236248,0.3641992211341858,0.22803670167922974
JNJ,xgboost,2,2022-06-14,1,1,0.4817773103713989,0.4817773103713989,0.47069430351257324,0.011083006858825684
JNJ,xgboost,2,2022-06-15,1,1,0.6741347312927246,0.6741347312927246,0.30240312218666077,0.37173160910606384
JNJ,xgboost,2,2022-06-16,1,-1,0.5109063386917114,0.10928045958280563,0.3798132538795471,0.1310930848121643
JNJ,xgboost,2,2022-06-17,1,1,0.5294732451438904,0.5294732451438904,0.32998934388160706,0.19948390126228333
JNJ,xgboost,2,2022-06-21,1,-1,0.4617699980735779,0.1427517682313919,0.3954782783985138,0.06629171967506409
JNJ,xgboost,2,2022-06-22,0,-1,0.5374346375465393,0.2563256323337555,0.2563256323337555,0.2811090052127838
JNJ,xgboost,2,2022-06-23,0,0,0.6880207061767578,0.2051272839307785,0.2051272839307785,0.4828934222459793
JNJ,xgboost,2,2022-06-24,0,0,0.7947610020637512,0.020260293036699295,0.1849786639213562,0.609782338142395
JNJ,xgboost,2,2022-06-27,-1,0,0.8817419409751892,0.02976919524371624,0.08848884701728821,0.793253093957901
JNJ,xgboost,2,2022-06-28,0,1,0.43616294860839844,0.43616294860839844,0.3524341583251953,0.08372879028320312
JNJ,xgboost,2,2022-06-29,0,1,0.3864138126373291,0.3864138126373291,0.33439087867736816,0.05202293395996094
JNJ,xgboost,2,2022-06-30,0,0,0.5717174410820007,0.3048074543476105,0.3048074543476105,0.26690998673439026
JNJ,xgboost,2,2022-07-01,0,-1,0.4976917803287506,0.11391698569059372,0.3883911967277527,0.10930058360099792
JNJ,xgboost,2,2022-07-05,0,0,0.6353434920310974,0.11764483153820038,0.24701164662837982,0.3883318454027176
JNJ,xgboost,2,2022-07-06,0,0,0.5490045547485352,0.028379928320646286,0.42261558771133423,0.12638896703720093
JNJ,xgboost,2,2022-07-07,0,0,0.7224404215812683,0.03571467846632004,0.24184493720531464,0.4805954843759537
JNJ,xgboost,2,2022-07-08,0,0,0.5051296353340149,0.1433466672897339,0.3515237271785736,0.15360590815544128
JNJ,xgboost,2,2022-07-11,-1,0,0.7100364565849304,0.1230873093008995,0.16687624156475067,0.5431602150201797
JNJ,xgboost,2,2022-07-12,-1,0,0.7567223310470581,0.1264462023973465,0.1264462023973465,0.6302761286497116
JNJ,xgboost,2,2022-07-13,-1,0,0.7623529434204102,0.20355106890201569,0.20355106890201569,0.5588018745183945
JNJ,xgboost,2,2022-07-14,-1,0,0.6969411969184875,0.10445316135883331,0.19860564172267914,0.4983355551958084
JNJ,xgboost,2,2022-07-15,-1,0,0.7199463248252869,0.03765285015106201,0.24240083992481232,0.47754548490047455
JNJ,xgboost,2,2022-07-18,0,0,0.9004124402999878,0.03876017406582832,0.060827385634183884,0.8395850546658039
JNJ,xgboost,2,2022-07-19,0,0,0.40323740243911743,0.22507214546203613,0.37169045209884644,0.031546950340270996
JNJ,xgboost,2,2022-07-20,0,0,0.5990131497383118,0.029223861172795296,0.3717629909515381,0.22725015878677368
JNJ,xgboost,2,2022-07-21,0,0,0.6495389342308044,0.17917650938034058,0.17917650938034058,0.47036242485046387
JNJ,xgboost,2,2022-07-22,0,0,0.6072690486907959,0.25788483023643494,0.25788483023643494,0.34938421845436096
JNJ,xgboost,2,2022-07-25,0,0,0.5687281489372253,0.22539669275283813,0.22539669275283813,0.3433314561843872
JNJ,xgboost,2,2022-07-26,0,0,0.6868396997451782,0.05740447714924812,0.25575584173202515,0.4310838580131531
JNJ,xgboost,2,2022-07-27,0,0,0.4899035692214966,0.20517762005329132,0.3049188256263733,0.1849847435951233
JNJ,xgboost,2,2022-07-28,0,0,0.4934741258621216,0.21101360023021698,0.29551222920417786,0.19796189665794373
JNJ,xgboost,2,2022-07-29,0,-1,0.4560391306877136,0.21477577090263367,0.3291850686073303,0.1268540620803833
JNJ,xgboost,2,2022-08-01,-1,0,0.5157327055931091,0.45137515664100647,0.45137515664100647,0.06435754895210266
JNJ,xgboost,2,2022-08-02,0,0,0.7099499702453613,0.26864203810691833,0.26864203810691833,0.441307932138443
JNJ,xgboost,2,2022-08-03,-1,0,0.5462250709533691,0.41483503580093384,0.41483503580093384,0.1313900351524353
JNJ,xgboost,2,2022-08-04,-1,0,0.7634305953979492,0.184331476688385,0.184331476688385,0.5790991187095642
JNJ,xgboost,2,2022-08-05,-1,0,0.7775082588195801,0.1701216697692871,0.1701216697692871,0.607386589050293
JNJ,xgboost,2,2022-08-08,-1,0,0.8682848811149597,0.11877252906560898,0.11877252906560898,0.7495123520493507
JNJ,xgboost,2,2022-08-09,0,0,0.8175720572471619,0.1526990383863449,0.1526990383863449,0.664873018860817
JNJ,xgboost,2,2022-08-10,0,0,0.495558500289917,0.24604777991771698,0.25839370489120483,0.23716479539871216
JNJ,xgboost,2,2022-08-11,0,0,0.6418286561965942,0.21500514447689056,0.21500514447689056,0.4268235117197037
JNJ,xgboost,2,2022-08-12,1,1,0.6574493646621704,0.6574493646621704,0.33198919892311096,0.32546016573905945
JNJ,xgboost,2,2022-08-15,0,0,0.5721220374107361,0.35718756914138794,0.35718756914138794,0.21493446826934814
JNJ,xgboost,2,2022-08-16,0,0,0.6664519309997559,0.2460332214832306,0.2460332214832306,0.42041870951652527
JNJ,xgboost,2,2022-08-17,0,0,0.6154770255088806,0.2359354943037033,0.2359354943037033,0.3795415312051773
JNJ,xgboost,2,2022-08-18,0,0,0.6781630516052246,0.17036280035972595,0.17036280035972595,0.5078002512454987
JNJ,xgboost,2,2022-08-19,-1,0,0.4727475345134735,0.06414960324764252,0.46310290694236755,0.009644627571105957
JNJ,xgboost,2,2022-08-22,-1,-1,0.6325969099998474,0.07270237803459167,0.2947007119655609,0.3378961980342865
JNJ,xgboost,2,2022-08-23,-1,0,0.5758898258209229,0.34409618377685547,0.34409618377685547,0.23179364204406738
JNJ,xgboost,2,2022-08-24,-1,0,0.5749736428260803,0.3926691710948944,0.3926691710948944,0.1823044717311859
JNJ,xgboost,2,2022-08-25,0,0,0.5166688561439514,0.40570876002311707,0.40570876002311707,0.11096009612083435
JNJ,xgboost,2,2022-08-26,0,0,0.9440068006515503,0.048422347754240036,0.048422347754240036,0.8955844528973103
JNJ,xgboost,2,2022-08-29,0,0,0.6397203803062439,0.35529324412345886,0.35529324412345886,0.28442713618278503
JNJ,xgboost,2,2022-08-30,0,0,0.7333400845527649,0.25851133465766907,0.25851133465766907,0.4748287498950958
JNJ,xgboost,2,2022-08-31,1,0,0.6289445161819458,0.35808324813842773,0.35808324813842773,0.27086126804351807
JNJ,xgboost,2,2022-09-01,0,0,0.8804681897163391,0.07312187552452087,0.07312187552452087,0.8073463141918182
JNJ,xgboost,2,2022-09-02,0,0,0.8267614245414734,0.1591629981994629,0.1591629981994629,0.6675984263420105
JNJ,xgboost,2,2022-09-06,0,0,0.9034525752067566,0.07469257712364197,0.07469257712364197,0.8287599980831146
JNJ,xgboost,2,2022-09-07,0,0,0.8731763958930969,0.0925258994102478,0.0925258994102478,0.7806504964828491
JNJ,xgboost,2,2022-09-08,0,0,0.9313414096832275,0.014686303213238716,0.05397229641675949,0.877369113266468
JNJ,xgboost,2,2022-09-09,0,0,0.47821828722953796,0.1701650619506836,0.35161662101745605,0.1266016662120819
JNJ,xgboost,2,2022-09-12,0,0,0.5088965892791748,0.183394655585289,0.3077087700366974,0.20118781924247742
JNJ,xgboost,2,2022-09-13,1,0,0.8814449310302734,0.028141895309090614,0.09041321277618408,0.7910317182540894
JNJ,xgboost,2,2022-09-14,0,0,0.7514271140098572,0.05427262932062149,0.19430024921894073,0.5571268647909164
JNJ,xgboost,2,2022-09-15,0,0,0.6886550784111023,0.05557282269001007,0.2557721436023712,0.4328829348087311
JNJ,xgboost,2,2022-09-16,0,-1,0.8785557150840759,0.03667142614722252,0.08477284759283066,0.7937828674912453
JNJ,xgboost,2,2022-09-19,0,0,0.7324374318122864,0.10145274549722672,0.1661098450422287,0.5663275867700577
JNJ,xgboost,2,2022-09-20,0,0,0.60821932554245,0.28119954466819763,0.28119954466819763,0.3270197808742523
JNJ,xgboost,2,2022-09-21,0,0,0.5403945446014404,0.39206475019454956,0.39206475019454956,0.14832979440689087
JNJ,xgboost,2,2022-09-22,0,-1,0.47482043504714966,0.15546229481697083,0.3697172999382019,0.10510313510894775
JNJ,xgboost,2,2022-09-23,-1,-1,0.475715696811676,0.07598494738340378,0.4482993483543396,0.027416348457336426
JNJ,xgboost,2,2022-09-26,0,0,0.5592891573905945,0.22485661506652832,0.22485661506652832,0.33443254232406616
JNJ,xgboost,2,2022-09-27,0,-1,0.4324503242969513,0.29284194111824036,0.29284194111824036,0.13960838317871094
JNJ,xgboost,2,2022-09-28,0,0,0.4243369996547699,0.2523614466190338,0.3233014941215515,0.10103550553321838
JNJ,xgboost,2,2022-09-29,0,0,0.4601622521877289,0.4214808940887451,0.4214808940887451,0.038681358098983765
JNJ,xgboost,2,2022-09-30,0,0,0.45318564772605896,0.23018880188465118,0.3166255056858063,0.13656014204025269
JNJ,xgboost,2,2022-10-03,0,-1,0.40101560950279236,0.31759437918663025,0.31759437918663025,0.08342123031616211
JNJ,xgboost,2,2022-10-04,0,-1,0.4481979310512543,0.23629742860794067,0.31550461053848267,0.1326933205127716
JNJ,xgboost,2,2022-10-05,0,1,0.36979636549949646,0.36979636549949646,0.316197007894516,0.05359935760498047
JNJ,xgboost,2,2022-10-06,1,0,0.6161428093910217,0.17987611889839172,0.20398111641407013,0.4121616929769516
JNJ,xgboost,2,2022-10-07,1,0,0.6569396257400513,0.21878419816493988,0.21878419816493988,0.4381554275751114
JNJ,xgboost,2,2022-10-10,1,1,0.38865548372268677,0.38865548372268677,0.33581307530403137,0.052842408418655396
JNJ,xgboost,2,2022-10-11,1,-1,0.5856914520263672,0.08948248624801636,0.32482609152793884,0.26086536049842834
JNJ,xgboost,2,2022-10-12,0,-1,0.5144051313400269,0.3288719952106476,0.3288719952106476,0.18553313612937927
JNJ,xgboost,2,2022-10-13,0,0,0.4414530396461487,0.3421490788459778,0.3421490788459778,0.0993039608001709
JNJ,xgboost,2,2022-10-14,1,0,0.5235984325408936,0.20736083388328552,0.26904070377349854,0.254557728767395
JNJ,xgboost,2,2022-10-17,1,0,0.6647316813468933,0.11561454832553864,0.21965374052524567,0.44507794082164764
JNJ,xgboost,2,2022-10-18,1,0,0.6005121469497681,0.13718639314174652,0.26230141520500183,0.33821073174476624
JNJ,xgboost,2,2022-10-19,1,0,0.4647666811943054,0.35285505652427673,0.35285505652427673,0.11191162467002869
JNJ,xgboost,2,2022-10-20,1,1,0.5185508131980896,0.5185508131980896,0.353740930557251,0.16480988264083862
JNJ,xgboost,2,2022-10-21,1,0,0.8624814748764038,0.06625781208276749,0.07126066833734512,0.7912208065390587
JNJ,xgboost,2,2022-10-24,0,0,0.8122103810310364,0.03445149585604668,0.15333813428878784,0.6588722467422485
JNJ,xgboost,2,2022-10-25,0,0,0.9475139379501343,0.013297902420163155,0.03918812423944473,0.9083258137106895
JNJ,xgboost,2,2022-10-26,0,0,0.7803951501846313,0.018637871369719505,0.2009669840335846,0.5794281661510468
JNJ,xgboost,2,2022-10-27,0,0,0.9260591864585876,0.010322721675038338,0.06361813098192215,0.8624410554766655
JNJ,xgboost,2,2022-10-28,0,0,0.8766952157020569,0.015541303902864456,0.10776345431804657,0.7689317613840103
JNJ,xgboost,2,2022-10-31,0,0,0.7803518772125244,0.02864977717399597,0.19099834561347961,0.5893535315990448
JNJ,xgboost,2,2022-11-01,0,0,0.908578097820282,0.02239343151450157,0.06902850419282913,0.8395495936274529
JNJ,xgboost,2,2022-11-02,0,0,0.8682147264480591,0.08539053052663803,0.08539053052663803,0.782824195921421
JNJ,xgboost,3,2022-11-03,1,0,0.7309496402740479,0.17733627557754517,0.17733627557754517,0.5536133646965027
JNJ,xgboost,3,2022-11-04,0,0,0.7524516582489014,0.1401449590921402,0.1401449590921402,0.6123066991567612
JNJ,xgboost,3,2022-11-07,0,0,0.7853448390960693,0.0754375234246254,0.13921767473220825,0.6461271643638611
JNJ,xgboost,3,2022-11-08,0,0,0.8377062678337097,0.11503904312849045,0.11503904312849045,0.7226672247052193
JNJ,xgboost,3,2022-11-09,0,0,0.6582724452018738,0.16279639303684235,0.1789311319589615,0.4793413132429123
JNJ,xgboost,3,2022-11-10,0,0,0.8727787137031555,0.0684366524219513,0.0684366524219513,0.8043420612812042
JNJ,xgboost,3,2022-11-11,1,0,0.5853784084320068,0.13768845796585083,0.2769331932067871,0.3084452152252197
JNJ,xgboost,3,2022-11-14,1,0,0.5293999314308167,0.3903021812438965,0.3903021812438965,0.13909775018692017
JNJ,xgboost,3,2022-11-15,1,0,0.6255508661270142,0.09294043481349945,0.2815086543560028,0.34404221177101135
JNJ,xgboost,3,2022-11-16,1,0,0.5326687693595886,0.40083521604537964,0.40083521604537964,0.13183355331420898
JNJ,xgboost,3,2022-11-17,1,0,0.6225193738937378,0.3372330069541931,0.3372330069541931,0.2852863669395447
JNJ,xgboost,3,2022-11-18,0,0,0.8908345699310303,0.04516943544149399,0.06399596482515335,0.8268386051058769
JNJ,xgboost,3,2022-11-21,0,0,0.8426578044891357,0.09791917353868484,0.09791917353868484,0.7447386309504509
JNJ,xgboost,3,2022-11-22,0,0,0.7112820148468018,0.034784480929374695,0.25393354892730713,0.45734846591949463
JNJ,xgboost,3,2022-11-23,0,0,0.9302840828895569,0.017832009121775627,0.05188385024666786,0.878400232642889
JNJ,xgboost,3,2022-11-25,0,0,0.5320571064949036,0.1965796798467636,0.271363228559494,0.26069387793540955
JNJ,xgboost,3,2022-11-28,0,0,0.7581472396850586,0.13476260006427765,0.13476260006427765,0.623384639620781
JNJ,xgboost,3,2022-11-29,0,0,0.7849277853965759,0.13956008851528168,0.13956008851528168,0.6453676968812943
JNJ,xgboost,3,2022-11-30,0,0,0.6171892285346985,0.030216772109270096,0.3525939881801605,0.26459524035453796
JNJ,xgboost,3,2022-12-01,0,0,0.6045524477958679,0.20028643310070038,0.20028643310070038,0.40426601469516754
JNJ,xgboost,3,2022-12-02,0,0,0.7638978958129883,0.11476816982030869,0.12133393436670303,0.6425639614462852
JNJ,xgboost,3,2022-12-05,0,1,0.4381895661354065,0.4381895661354065,0.32320091128349304,0.11498865485191345
JNJ,xgboost,3,2022-12-06,0,0,0.7127982974052429,0.16728290915489197,0.16728290915489197,0.545515388250351
JNJ,xgboost,3,2022-12-07,0,0,0.7641846537590027,0.12332524359226227,0.12332524359226227,0.6408594101667404
JNJ,xgboost,3,2022-12-08,0,0,0.836701512336731,0.10380218923091888,0.10380218923091888,0.7328993231058121
JNJ,xgboost,3,2022-12-09,0,0,0.4049215018749237,0.21626275777816772,0.37881574034690857,0.026105761528015137
JNJ,xgboost,3,2022-12-12,0,0,0.7172840237617493,0.24630101025104523,0.24630101025104523,0.47098301351070404
JNJ,xgboost,3,2022-12-13,0,0,0.7324197292327881,0.08823176473379135,0.17934857308864594,0.5530711561441422
JNJ,xgboost,3,2022-12-14,0,0,0.8665730953216553,0.08846362680196762,0.08846362680196762,0.7781094685196877
JNJ,xgboost,3,2022-12-15,0,0,0.6275086402893066,0.12418768554925919,0.24830372631549835,0.3792049139738083
JNJ,xgboost,3,2022-12-16,0,-1,0.6942328810691833,0.1264069378376007,0.17936019599437714,0.5148726850748062
JNJ,xgboost,3,2022-12-19,0,-1,0.6304522156715393,0.1786378026008606,0.19091002643108368,0.4395421892404556
JNJ,xgboost,3,2022-12-20,0,-1,0.8629010319709778,0.04318965598940849,0.09390930086374283,0.768991731107235
JNJ,xgboost,3,2022-12-21,0,-1,0.8461073637008667,0.054775286465883255,0.09911735355854034,0.7469900101423264
JNJ,xgboost,3,2022-12-22,0,-1,0.6599025130271912,0.05745818838477135,0.28263935446739197,0.3772631585597992
JNJ,xgboost,3,2022-12-23,0,-1,0.8139647245407104,0.04619619995355606,0.13983909785747528,0.6741256266832352
JNJ,xgboost,3,2022-12-27,0,-1,0.8202901482582092,0.05053390935063362,0.12917594611644745,0.6911142021417618
JNJ,xgboost,3,2022-12-28,0,0,0.4970153868198395,0.08608880639076233,0.4168957471847534,0.08011963963508606
JNJ,xgboost,3,2022-12-29,0,-1,0.7699865698814392,0.046029020100831985,0.1839844137430191,0.5860021561384201
JNJ,xgboost,3,2022-12-30,0,-1,0.5601364970207214,0.09322890639305115,0.3466345965862274,0.21350190043449402
JNJ,xgboost,3,2023-01-03,0,-1,0.5227973461151123,0.08929227292537689,0.387910395860672,0.1348869502544403
JNJ,xgboost,3,2023-01-04,-1,-1,0.5457358956336975,0.02027209661900997,0.4339919686317444,0.11174392700195312
JNJ,xgboost,3,2023-01-05,-1,0,0.8778102993965149,0.02066447213292122,0.101525217294693,0.7762850821018219
JNJ,xgboost,3,2023-01-06,-1,0,0.6179739832878113,0.06106853857636452,0.3209574818611145,0.2970165014266968
JNJ,xgboost,3,2023-01-09,0,1,0.5086236000061035,0.5086236000061035,0.2756204307079315,0.233003169298172
JNJ,xgboost,3,2023-01-10,-1,0,0.5684469938278198,0.2572377324104309,0.2572377324104309,0.3112092614173889
JNJ,xgboost,3,2023-01-11,-1,0,0.5991135835647583,0.362556129693985,0.362556129693985,0.23655745387077332
JNJ,xgboost,3,2023-01-12,-1,0,0.7376382946968079,0.23086602985858917,0.23086602985858917,0.5067722648382187
JNJ,xgboost,3,2023-01-13,-1,0,0.7691705822944641,0.2008243054151535,0.2008243054151535,0.5683462768793106
JNJ,xgboost,3,2023-01-17,-1,0,0.6749448776245117,0.08710175007581711,0.23795334994792938,0.43699152767658234
JNJ,xgboost,3,2023-01-18,0,0,0.8015344142913818,0.10477089136838913,0.10477089136838913,0.6967635229229927
JNJ,xgboost,3,2023-01-19,0,0,0.7412341833114624,0.19097305834293365,0.19097305834293365,0.5502611249685287
JNJ,xgboost,3,2023-01-20,0,0,0.5305860042572021,0.4506652057170868,0.4506652057170868,0.07992079854011536
JNJ,xgboost,3,2023-01-23,-1,0,0.8896672129631042,0.08652260899543762,0.08652260899543762,0.8031446039676666
JNJ,xgboost,3,2023-01-24,-1,0,0.7625739574432373,0.08158261328935623,0.15584340691566467,0.6067305505275726
JNJ,xgboost,3,2023-01-25,-1,0,0.6532334089279175,0.09918766468763351,0.24757890403270721,0.40565450489521027
JNJ,xgboost,3,2023-01-26,0,0,0.8012163639068604,0.06313922256231308,0.13564443588256836,0.665571928024292
JNJ,xgboost,3,2023-01-27,-1,0,0.6151830554008484,0.15479736030101776,0.23001959919929504,0.38516345620155334
JNJ,xgboost,3,2023-01-30,0,0,0.5285969376564026,0.4567367434501648,0.4567367434501648,0.07186019420623779
JNJ,xgboost,3,2023-01-31,0,1,0.7993213534355164,0.7993213534355164,0.1932564377784729,0.6060649156570435
JNJ,xgboost,3,2023-02-01,0,0,0.7000089287757874,0.27799567580223083,0.27799567580223083,0.4220132529735565
JNJ,xgboost,3,2023-02-02,-1,0,0.571306586265564,0.41127222776412964,0.41127222776412964,0.16003435850143433
JNJ,xgboost,3,2023-02-03,0,0,0.9039855599403381,0.06621916592121124,0.06621916592121124,0.8377663940191269
JNJ,xgboost,3,2023-02-06,0,0,0.858039379119873,0.10150409489870071,0.10150409489870071,0.7565352842211723
JNJ,xgboost,3,2023-02-07,0,0,0.6249849796295166,0.33571091294288635,0.33571091294288635,0.28927406668663025
JNJ,xgboost,3,2023-02-08,-1,0,0.7514779567718506,0.2128201276063919,0.2128201276063919,0.5386578291654587
JNJ,xgboost,3,2023-02-09,0,0,0.7954012751579285,0.19377967715263367,0.19377967715263367,0.6016215980052948
JNJ,xgboost,3,2023-02-10,0,0,0.7253770232200623,0.2518710494041443,0.2518710494041443,0.47350597381591797
JNJ,xgboost,3,2023-02-13,-1,0,0.7654061317443848,0.19883717596530914,0.19883717596530914,0.5665689557790756
JNJ,xgboost,3,2023-02-14,0,0,0.7580642700195312,0.16469764709472656,0.16469764709472656,0.5933666229248047
JNJ,xgboost,3,2023-02-15,0,0,0.48795759677886963,0.4796994626522064,0.4796994626522064,0.008258134126663208
JNJ,xgboost,3,2023-02-16,0,0,0.8973692059516907,0.0821508914232254,0.0821508914232254,0.8152183145284653
JNJ,xgboost,3,2023-02-17,-1,0,0.5587483048439026,0.35810765624046326,0.35810765624046326,0.20064064860343933
JNJ,xgboost,3,2023-02-21,-1,0,0.8221887946128845,0.1705985963344574,0.1705985963344574,0.6515901982784271
JNJ,xgboost,3,2023-02-22,-1,0,0.7060385346412659,0.2524126470088959,0.2524126470088959,0.45362588763237
JNJ,xgboost,3,2023-02-23,-1,1,0.509680986404419,0.509680986404419,0.4635973870754242,0.04608359932899475
JNJ,xgboost,3,2023-02-24,0,0,0.7848189473152161,0.1946479231119156,0.1946479231119156,0.5901710242033005
JNJ,xgboost,3,2023-02-27,0,0,0.5391246676445007,0.4311372637748718,0.4311372637748718,0.1079874038696289
JNJ,xgboost,3,2023-02-28,0,0,0.665506899356842,0.31673797965049744,0.31673797965049744,0.3487689197063446
JNJ,xgboost,3,2023-03-01,0,0,0.6612473726272583,0.29612523317337036,0.29612523317337036,0.36512213945388794
JNJ,xgboost,3,2023-03-02,0,1,0.5123064517974854,0.5123064517974854,0.4785788059234619,0.03372764587402344
JNJ,xgboost,3,2023-03-03,0,1,0.5605766177177429,0.5605766177177429,0.42812275886535645,0.13245385885238647
JNJ,xgboost,3,2023-03-06,0,0,0.5902549028396606,0.3940780758857727,0.3940780758857727,0.19617682695388794
JNJ,xgboost,3,2023-03-07,0,0,0.6844241619110107,0.2885138690471649,0.2885138690471649,0.3959102928638458
JNJ,xgboost,3,2023-03-08,0,1,0.5535678267478943,0.5535678267478943,0.41298457980155945,0.14058324694633484
JNJ,xgboost,3,2023-03-09,0,0,0.4973697364330292,0.47578173875808716,0.47578173875808716,0.021587997674942017
JNJ,xgboost,3,2023-03-10,0,1,0.5843636393547058,0.5843636393547058,0.38895484805107117,0.19540879130363464
JNJ,xgboost,3,2023-03-13,0,1,0.6201345920562744,0.6201345920562744,0.2932794988155365,0.3268550932407379
JNJ,xgboost,3,2023-03-14,0,1,0.6404346823692322,0.6404346823692322,0.32067346572875977,0.3197612166404724
JNJ,xgboost,3,2023-03-15,-1,0,0.7569729089736938,0.218169167637825,0.218169167637825,0.5388037413358688
JNJ,xgboost,3,2023-03-16,0,0,0.5096173286437988,0.44456708431243896,0.44456708431243896,0.06505024433135986
JNJ,xgboost,3,2023-03-17,0,1,0.5272067189216614,0.5272067189216614,0.39973050355911255,0.12747621536254883
JNJ,xgboost,3,2023-03-20,0,1,0.5353299379348755,0.5353299379348755,0.31134793162345886,0.22398200631141663
JNJ,xgboost,3,2023-03-21,0,0,0.7306779623031616,0.17321886122226715,0.17321886122226715,0.5574591010808945
JNJ,xgboost,3,2023-03-22,0,0,0.7529621124267578,0.21250270307064056,0.21250270307064056,0.5404594093561172
JNJ,xgboost,3,2023-03-23,0,0,0.500542163848877,0.401478111743927,0.401478111743927,0.09906405210494995
JNJ,xgboost,3,2023-03-24,0,0,0.5645838975906372,0.19504506886005402,0.24037106335163116,0.32421283423900604
JNJ,xgboost,3,2023-03-27,1,0,0.6926026344299316,0.09555914998054504,0.2118382453918457,0.48076438903808594
JNJ,xgboost,3,2023-03-28,1,0,0.7325624823570251,0.1673315316438675,0.1673315316438675,0.5652309507131577
JNJ,xgboost,3,2023-03-29,1,0,0.608494222164154,0.12187408655881882,0.26963168382644653,0.3388625383377075
JNJ,xgboost,3,2023-03-30,1,0,0.7717449069023132,0.08701352775096893,0.14124153554439545,0.6305033713579178
JNJ,xgboost,3,2023-03-31,1,0,0.5759355425834656,0.2925432324409485,0.2925432324409485,0.2833923101425171
JNJ,xgboost,3,2023-04-03,1,0,0.8132814168930054,0.1618100106716156,0.1618100106716156,0.6514714062213898
JNJ,xgboost,3,2023-04-04,1,0,0.8594710826873779,0.09764837473630905,0.09764837473630905,0.7618227079510689
JNJ,xgboost,3,2023-04-05,0,0,0.49313801527023315,0.040659889578819275,0.46620211005210876,0.02693590521812439
JNJ,xgboost,3,2023-04-06,0,0,0.5958037972450256,0.03627513721585274,0.3679210841655731,0.22788271307945251
JNJ,xgboost,3,2023-04-10,0,0,0.6193526983261108,0.07649434357881546,0.3041529655456543,0.31519973278045654
JNJ,xgboost,3,2023-04-11,0,0,0.7117509841918945,0.06752888858318329,0.22072015702724457,0.49103082716464996
JNJ,xgboost,3,2023-04-12,0,0,0.6585631370544434,0.08734365552663803,0.254093199968338,0.40446993708610535
JNJ,xgboost,3,2023-04-13,0,-1,0.6208282113075256,0.058822572231292725,0.32034918665885925,0.3004790246486664
JNJ,xgboost,3,2023-04-14,0,-1,0.5183311700820923,0.06005818024277687,0.42161065340042114,0.09672051668167114
JNJ,xgboost,3,2023-04-17,0,0,0.6715394258499146,0.05959565192461014,0.26886487007141113,0.4026745557785034
JNJ,xgboost,3,2023-04-18,1,0,0.4929937422275543,0.48333367705345154,0.48333367705345154,0.009660065174102783
JNJ,xgboost,3,2023-04-19,0,1,0.6872683763504028,0.6872683763504028,0.29528942704200745,0.3919789493083954
JNJ,xgboost,3,2023-04-20,0,0,0.6218936443328857,0.36899808049201965,0.36899808049201965,0.2528955638408661
JNJ,xgboost,3,2023-04-21,0,0,0.7310563921928406,0.24467989802360535,0.24467989802360535,0.48637649416923523
JNJ,xgboost,3,2023-04-24,0,0,0.7638904452323914,0.22372090816497803,0.22372090816497803,0.5401695370674133
JNJ,xgboost,3,2023-04-25,0,0,0.7211697697639465,0.18563684821128845,0.18563684821128845,0.5355329215526581
JNJ,xgboost,3,2023-04-26,0,0,0.8275708556175232,0.13370011746883392,0.13370011746883392,0.6938707381486893
JNJ,xgboost,3,2023-04-27,0,0,0.5400531888008118,0.40713611245155334,0.40713611245155334,0.13291707634925842
JNJ,xgboost,3,2023-04-28,0,1,0.5248597860336304,0.5248597860336304,0.43252864480018616,0.09233114123344421
JNJ,xgboost,3,2023-05-01,0,1,0.45356714725494385,0.45356714725494385,0.4336937665939331,0.019873380661010742
JNJ,xgboost,3,2023-05-02,-1,0,0.7383794188499451,0.113285593688488,0.1483350396156311,0.590044379234314
JNJ,xgboost,3,2023-05-03,0,-1,0.4718952476978302,0.21707411110401154,0.3110305964946747,0.16086465120315552
JNJ,xgboost,3,2023-05-04,0,-1,0.4957837760448456,0.2630254626274109,0.2630254626274109,0.2327583134174347
JNJ,xgboost,3,2023-05-05,0,0,0.4802890717983246,0.30774614214897156,0.30774614214897156,0.17254292964935303
JNJ,xgboost,3,2023-05-08,0,1,0.4306007921695709,0.4306007921695709,0.2869485318660736,0.14365226030349731
JNJ,xgboost,3,2023-05-09,0,0,0.837759256362915,0.0650591254234314,0.09718160331249237,0.7405776530504227
JNJ,xgboost,3,2023-05-10,0,0,0.7510489225387573,0.09507247060537338,0.15387864410877228,0.597170278429985
JNJ,xgboost,3,2023-05-11,0,0,0.7416759729385376,0.10293097794055939,0.15539303421974182,0.5862829387187958
JNJ,xgboost,3,2023-05-12,0,0,0.6045741438865662,0.1766025871038437,0.21882326900959015,0.385750874876976
JNJ,xgboost,3,2023-05-15,0,0,0.8278417587280273,0.11122182011604309,0.11122182011604309,0.7166199386119843
JNJ,xgboost,3,2023-05-16,0,0,0.7132802605628967,0.17386071383953094,0.17386071383953094,0.5394195467233658
JNJ,xgboost,3,2023-05-17,0,0,0.7599524259567261,0.13276073336601257,0.13276073336601257,0.6271916925907135
JNJ,xgboost,3,2023-05-18,0,0,0.7447608113288879,0.1366039514541626,0.1366039514541626,0.6081568598747253
JNJ,xgboost,3,2023-05-19,-1,0,0.8475825786590576,0.039792515337467194,0.11262492090463638,0.7349576577544212
JNJ,xgboost,3,2023-05-22,0,0,0.8167388439178467,0.08639436215162277,0.09686680138111115,0.7198720425367355
JNJ,xgboost,3,2023-05-23,0,0,0.7401544451713562,0.13750052452087402,0.13750052452087402,0.6026539206504822
JNJ,xgboost,3,2023-05-24,0,0,0.6930632591247559,0.21074043214321136,0.21074043214321136,0.4823228269815445
JNJ,xgboost,3,2023-05-25,0,0,0.5782138705253601,0.25182870030403137,0.25182870030403137,0.32638517022132874
JNJ,xgboost,3,2023-05-26,1,0,0.7059757113456726,0.22803348302841187,0.22803348302841187,0.47794222831726074
JNJ,xgboost,3,2023-05-30,1,0,0.6625121235847473,0.16122691333293915,0.17626097798347473,0.4862511456012726
JNJ,xgboost,3,2023-05-31,1,0,0.6662170886993408,0.09392064064741135,0.23986224830150604,0.4263548403978348
JNJ,xgboost,3,2023-06-01,1,0,0.6421646475791931,0.08473711460828781,0.2730982303619385,0.36906641721725464
JNJ,xgboost,3,2023-06-02,0,0,0.8233271837234497,0.10503662377595901,0.10503662377595901,0.7182905599474907
JNJ,xgboost,3,2023-06-05,0,0,0.8145850300788879,0.16674348711967468,0.16674348711967468,0.6478415429592133
JNJ,xgboost,3,2023-06-06,0,0,0.7274302840232849,0.189102441072464,0.189102441072464,0.5383278429508209
JNJ,xgboost,3,2023-06-07,0,0,0.922765851020813,0.06272684782743454,0.06272684782743454,0.8600390031933784
JNJ,xgboost,3,2023-06-08,1,0,0.9743684530258179,0.022708479315042496,0.022708479315042496,0.9516599737107754
JNJ,xgboost,3,2023-06-09,1,0,0.9742947816848755,0.016563689336180687,0.016563689336180687,0.9577310923486948
JNJ,xgboost,3,2023-06-12,1,0,0.843131422996521,0.1166091114282608,0.1166091114282608,0.7265223115682602
JNJ,xgboost,3,2023-06-13,0,0,0.9611700773239136,0.024111706763505936,0.024111706763505936,0.9370583705604076
JNJ,xgboost,3,2023-06-14,1,0,0.9689847826957703,0.016413917765021324,0.016413917765021324,0.9525708649307489
JNJ,xgboost,3,2023-06-15,0,0,0.9338817596435547,0.005282513797283173,0.06083573400974274,0.873046025633812
JNJ,xgboost,3,2023-06-16,0,0,0.9079875946044922,0.01953800767660141,0.07247435301542282,0.8355132415890694
JNJ,xgboost,3,2023-06-20,0,0,0.8972959518432617,0.016418859362602234,0.08628515154123306,0.8110108003020287
JNJ,xgboost,3,2023-06-21,0,0,0.874426543712616,0.06333360821008682,0.06333360821008682,0.8110929355025291
JNJ,xgboost,3,2023-06-22,0,0,0.9701178669929504,0.011689205653965473,0.018192945048213005,0.9519249219447374
JNJ,xgboost,3,2023-06-23,0,0,0.8418018221855164,0.09369105845689774,0.09369105845689774,0.7481107637286186
JNJ,xgboost,3,2023-06-26,0,0,0.7755225300788879,0.21281976997852325,0.21281976997852325,0.5627027601003647
JNJ,xgboost,3,2023-06-27,0,0,0.8625617623329163,0.11106345057487488,0.11106345057487488,0.7514983117580414
JNJ,xgboost,3,2023-06-28,0,0,0.6193397641181946,0.3678719699382782,0.3678719699382782,0.2514677941799164
JNJ,xgboost,3,2023-06-29,-1,0,0.7821041345596313,0.2027454972267151,0.2027454972267151,0.5793586373329163
JNJ,xgboost,3,2023-06-30,-1,0,0.843802809715271,0.1338859498500824,0.1338859498500824,0.7099168598651886
JNJ,xgboost,3,2023-07-03,-1,0,0.8019016981124878,0.13159093260765076,0.13159093260765076,0.670310765504837
JNJ,xgboost,3,2023-07-05,-1,0,0.4064786434173584,0.31237298250198364,0.31237298250198364,0.09410566091537476
JNJ,xgboost,3,2023-07-06,0,0,0.7090243101119995,0.18680772185325623,0.18680772185325623,0.5222165882587433
JNJ,xgboost,3,2023-07-07,0,0,0.9054617881774902,0.057184528559446335,0.057184528559446335,0.8482772596180439
JNJ,xgboost,3,2023-07-10,0,0,0.8969012498855591,0.07836948335170746,0.07836948335170746,0.8185317665338516
JNJ,xgboost,3,2023-07-11,0,0,0.9047787189483643,0.06911573559045792,0.06911573559045792,0.8356629833579063
JNJ,xgboost,3,2023-07-12,0,0,0.9035488367080688,0.08243480324745178,0.08243480324745178,0.8211140334606171
JNJ,xgboost,3,2023-07-13,1,0,0.7592307329177856,0.19444748759269714,0.19444748759269714,0.5647832453250885
JNJ,xgboost,3,2023-07-14,1,0,0.8751676678657532,0.07749016582965851,0.07749016582965851,0.7976775020360947
JNJ,xgboost,3,2023-07-17,1,0,0.7474729418754578,0.17769747972488403,0.17769747972488403,0.5697754621505737
JNJ,xgboost,3,2023-07-18,1,0,0.6361405253410339,0.2796121835708618,0.2796121835708618,0.3565283417701721
JNJ,xgboost,3,2023-07-19,1,0,0.49966323375701904,0.37011557817459106,0.37011557817459106,0.12954765558242798
JNJ,xgboost,3,2023-07-20,1,0,0.8154177069664001,0.08812972158193588,0.09645262360572815,0.718965083360672
JNJ,xgboost,3,2023-07-21,1,0,0.6844536066055298,0.06903142482042313,0.2465149462223053,0.4379386603832245
JNJ,xgboost,3,2023-07-24,-1,0,0.8109952211380005,0.01959124580025673,0.1694134920835495,0.641581729054451
JNJ,xgboost,3,2023-07-25,-1,0,0.77643221616745,0.04006393998861313,0.18350385129451752,0.5929283648729324
JNJ,xgboost,3,2023-07-26,0,0,0.5599620342254639,0.06298629939556122,0.37705162167549133,0.18291041254997253
JNJ,xgboost,3,2023-07-27,0,0,0.7784938216209412,0.05487620085477829,0.16662997007369995,0.6118638515472412
JNJ,xgboost,3,2023-07-28,-1,0,0.5258049368858337,0.040360141545534134,0.43383488059043884,0.0919700562953949
JNJ,xgboost,3,2023-07-31,1,0,0.7258551716804504,0.23264648020267487,0.23264648020267487,0.4932086914777756
JNJ,xgboost,3,2023-08-01,1,0,0.6997107863426208,0.27040940523147583,0.27040940523147583,0.429301381111145
JNJ,xgboost,3,2023-08-02,0,0,0.48395490646362305,0.43067875504493713,0.43067875504493713,0.05327615141868591
JNJ,xgboost,3,2023-08-03,0,0,0.8559505343437195,0.10688739269971848,0.10688739269971848,0.749063141644001
JNJ,xgboost,3,2023-08-04,1,0,0.6950658559799194,0.27157965302467346,0.27157965302467346,0.42348620295524597
JNJ,xgboost,3,2023-08-07,0,0,0.8986284732818604,0.08518534898757935,0.08518534898757935,0.813443124294281
JNJ,xgboost,3,2023-08-08,0,0,0.9595646262168884,0.021334314718842506,0.021334314718842506,0.9382303114980459
JNJ,xgboost,3,2023-08-09,0,0,0.764503002166748,0.1722659170627594,0.1722659170627594,0.5922370851039886
JNJ,xgboost,3,2023-08-10,0,0,0.7423548698425293,0.20954008400440216,0.20954008400440216,0.5328147858381271
JNJ,xgboost,3,2023-08-11,0,0,0.7547304034233093,0.19173526763916016,0.19173526763916016,0.5629951357841492
JNJ,xgboost,3,2023-08-14,-1,0,0.8346589803695679,0.0640898197889328,0.10125117748975754,0.7334078028798103
JNJ,xgboost,3,2023-08-15,-1,0,0.6410519480705261,0.14046438038349152,0.21848368644714355,0.42256826162338257
JNJ,xgboost,3,2023-08-16,-1,0,0.7367271780967712,0.12825891375541687,0.1350138783454895,0.6017132997512817
JNJ,xgboost,3,2023-08-17,-1,0,0.5746890902519226,0.07837720960378647,0.3469336926937103,0.22775539755821228
JNJ,xgboost,3,2023-08-18,-1,0,0.5911532640457153,0.06560515612363815,0.3432415723800659,0.24791169166564941
JNJ,xgboost,3,2023-08-21,0,0,0.8935738801956177,0.05150343477725983,0.054922670125961304,0.8386512100696564
JNJ,xgboost,3,2023-08-22,0,0,0.42399105429649353,0.39355719089508057,0.39355719089508057,0.030433863401412964
JNJ,xgboost,3,2023-08-23,0,1,0.8135970830917358,0.8135970830917358,0.13004522025585175,0.6835518628358841
JNJ,xgboost,3,2023-08-24,0,1,0.5550071001052856,0.5550071001052856,0.33738383650779724,0.2176232635974884
JNJ,xgboost,3,2023-08-25,-1,0,0.6776965260505676,0.21350795030593872,0.21350795030593872,0.4641885757446289
JNJ,xgboost,3,2023-08-28,-1,0,0.8745875954627991,0.050387702882289886,0.07502463459968567,0.7995629608631134
JNJ,xgboost,3,2023-08-29,-1,0,0.7908602356910706,0.11011909693479538,0.11011909693479538,0.6807411387562752
JNJ,xgboost,3,2023-08-30,-1,0,0.8521109819412231,0.09668969362974167,0.09668969362974167,0.7554212883114815
JNJ,xgboost,3,2023-08-31,0,0,0.7542831301689148,0.11753339320421219,0.12818346917629242,0.6260996609926224
JNJ,xgboost,3,2023-09-01,0,0,0.8804349303245544,0.07155990600585938,0.07155990600585938,0.8088750243186951
JNJ,xgboost,3,2023-09-05,0,0,0.8413214087486267,0.08904414623975754,0.08904414623975754,0.7522772625088692
JNJ,xgboost,3,2023-09-06,1,0,0.8642956614494324,0.1133435070514679,0.1133435070514679,0.7509521543979645
JNJ,xgboost,3,2023-09-07,1,0,0.7957560420036316,0.07697807252407074,0.12726591527462006,0.6684901267290115
JNJ,xgboost,3,2023-09-08,0,0,0.6422246098518372,0.07422957569360733,0.2835457921028137,0.35867881774902344
JNJ,xgboost,3,2023-09-11,0,0,0.7745680809020996,0.10650118440389633,0.11893074214458466,0.655637338757515
JNJ,xgboost,3,2023-09-12,0,0,0.7744987607002258,0.15862761437892914,0.15862761437892914,0.6158711463212967
JNJ,xgboost,3,2023-09-13,0,0,0.8878262639045715,0.072310671210289,0.072310671210289,0.8155155926942825
JNJ,xgboost,3,2023-09-14,0,0,0.8614643216133118,0.0586339496076107,0.07990172505378723,0.7815625965595245
JNJ,xgboost,3,2023-09-15,0,0,0.6861860752105713,0.09366608411073685,0.22014787793159485,0.46603819727897644
JNJ,xgboost,3,2023-09-18,0,0,0.6390882730484009,0.23805294930934906,0.23805294930934906,0.4010353237390518
JNJ,xgboost,3,2023-09-19,0,0,0.7259852290153503,0.08237920701503754,0.19163556396961212,0.5343496650457382
JNJ,xgboost,3,2023-09-20,-1,0,0.5861935019493103,0.07023134082555771,0.3435751795768738,0.24261832237243652
JNJ,xgboost,3,2023-09-21,-1,0,0.6174839735031128,0.04877282679080963,0.33374324440956116,0.28374072909355164
JNJ,xgboost,3,2023-09-22,-1,-1,0.7633073329925537,0.07489967346191406,0.16179302334785461,0.6015143096446991
JNJ,xgboost,3,2023-09-25,-1,-1,0.5849871635437012,0.151633620262146,0.26337921619415283,0.32160794734954834
JNJ,xgboost,3,2023-09-26,-1,1,0.5939208269119263,0.5939208269119263,0.21799860894680023,0.37592221796512604
JNJ,xgboost,3,2023-09-27,0,1,0.7277330160140991,0.7277330160140991,0.2336607724428177,0.49407224357128143
JNJ,xgboost,3,2023-09-28,0,0,0.5104925036430359,0.4128531515598297,0.4128531515598297,0.09763935208320618
JNJ,xgboost,3,2023-09-29,0,1,0.6629425883293152,0.6629425883293152,0.24316444993019104,0.41977813839912415
JNJ,xgboost,3,2023-10-02,1,1,0.5001288652420044,0.5001288652420044,0.32710137963294983,0.17302748560905457
JNJ,xgboost,3,2023-10-03,0,1,0.7871297001838684,0.7871297001838684,0.17209231853485107,0.6150373816490173
JNJ,xgboost,3,2023-10-04,0,1,0.44626185297966003,0.44626185297966003,0.2773333489894867,0.16892850399017334
JNJ,xgboost,3,2023-10-05,0,0,0.5284366011619568,0.29987797141075134,0.29987797141075134,0.22855862975120544
JNJ,xgboost,3,2023-10-06,0,0,0.650680661201477,0.05930206924676895,0.2900172472000122,0.36066341400146484
JNJ,xgboost,3,2023-10-09,0,0,0.7034213542938232,0.0535888634622097,0.24298977851867676,0.4604315757751465
JNJ,xgboost,3,2023-10-10,0,0,0.6231348514556885,0.062323085963726044,0.3145420551300049,0.3085927963256836
JNJ,xgboost,3,2023-10-11,-1,0,0.8690970540046692,0.08923987299203873,0.08923987299203873,0.7798571810126305
JNJ,xgboost,3,2023-10-12,-1,0,0.6842309236526489,0.1925061196088791,0.1925061196088791,0.49172480404376984
JNJ,xgboost,3,2023-10-13,-1,0,0.5155846476554871,0.20700985193252563,0.2774055004119873,0.23817914724349976
JNJ,xgboost,3,2023-10-16,-1,-1,0.4802355170249939,0.11769071221351624,0.4020737409591675,0.07816177606582642
JNJ,xgboost,3,2023-10-17,-1,1,0.4116418957710266,0.4116418957710266,0.3845521807670593,0.027089715003967285
JNJ,xgboost,3,2023-10-18,0,0,0.7799906134605408,0.19463883340358734,0.19463883340358734,0.5853517800569534
JNJ,xgboost,3,2023-10-19,-1,0,0.840608537197113,0.14746282994747162,0.14746282994747162,0.6931457072496414
JNJ,xgboost,3,2023-10-20,-1,1,0.5864591002464294,0.5864591002464294,0.3732372224330902,0.21322187781333923
JNJ,xgboost,3,2023-10-23,-1,1,0.6451196670532227,0.6451196670532227,0.3293878138065338,0.31573185324668884
JNJ,xgboost,3,2023-10-24,0,0,0.7442762851715088,0.23309163749217987,0.23309163749217987,0.5111846476793289
JNJ,xgboost,3,2023-10-25,0,1,0.876504123210907,0.876504123210907,0.11331088840961456,0.7631932348012924
JNJ,xgboost,3,2023-10-26,0,1,0.8889157176017761,0.8889157176017761,0.10598372668027878,0.7829319909214973
JNJ,xgboost,3,2023-10-27,1,1,0.9682450890541077,0.9682450890541077,0.028836464509367943,0.9394086245447397
JNJ,xgboost,3,2023-10-30,1,1,0.606472909450531,0.606472909450531,0.3738780617713928,0.23259484767913818
JNJ,xgboost,3,2023-10-31,0,0,0.7040870785713196,0.2567192316055298,0.2567192316055298,0.4473678469657898
JNJ,xgboost,3,2023-11-01,0,0,0.6291131377220154,0.34154847264289856,0.34154847264289856,0.2875646650791168
JNJ,xgboost,3,2023-11-02,0,0,0.7033854126930237,0.2881179749965668,0.2881179749965668,0.4152674376964569
JNJ,xgboost,3,2023-11-03,-1,0,0.9000746011734009,0.06926915794610977,0.06926915794610977,0.8308054432272911
JNJ,xgboost,3,2023-11-06,-1,0,0.8708410263061523,0.08016116917133331,0.08016116917133331,0.790679857134819
JNJ,xgboost,3,2023-11-07,-1,0,0.8503016233444214,0.10767403990030289,0.10767403990030289,0.7426275834441185
JNJ,xgboost,3,2023-11-08,0,0,0.7804597616195679,0.1871517300605774,0.1871517300605774,0.5933080315589905
JNJ,xgboost,3,2023-11-09,0,0,0.6860232353210449,0.3037290871143341,0.3037290871143341,0.3822941482067108
JNJ,xgboost,3,2023-11-10,0,1,0.7904110550880432,0.7904110550880432,0.20499742031097412,0.5854136347770691
JNJ,xgboost,3,2023-11-13,1,0,0.761016309261322,0.22682256996631622,0.22682256996631622,0.5341937392950058
JNJ,xgboost,3,2023-11-14,1,1,0.5278232097625732,0.5278232097625732,0.46418052911758423,0.06364268064498901
JNJ,xgboost,3,2023-11-15,1,0,0.8410104513168335,0.1214645728468895,0.1214645728468895,0.719545878469944
JNJ,xgboost,3,2023-11-16,1,0,0.7501997351646423,0.1137688010931015,0.13603146374225616,0.6141682714223862
JNJ,xgboost,3,2023-11-17,0,0,0.7467823028564453,0.052354879677295685,0.2008628100156784,0.5459194928407669
JNJ,xgboost,3,2023-11-20,0,0,0.8825415968894958,0.06462183594703674,0.06462183594703674,0.8179197609424591
JNJ,xgboost,3,2023-11-21,0,0,0.7394554615020752,0.20678997039794922,0.20678997039794922,0.532665491104126
JNJ,xgboost,3,2023-11-22,1,0,0.9045047760009766,0.06558540463447571,0.06558540463447571,0.8389193713665009
JNJ,xgboost,3,2023-11-24,1,0,0.8876373767852783,0.08814874291419983,0.08814874291419983,0.7994886338710785
JNJ,xgboost,3,2023-11-27,1,0,0.48813319206237793,0.367768794298172,0.367768794298172,0.12036439776420593
JNJ,xgboost,3,2023-11-28,1,0,0.5874411463737488,0.30620989203453064,0.30620989203453064,0.28123125433921814
JNJ,xgboost,3,2023-11-29,1,0,0.5367364883422852,0.4196983277797699,0.4196983277797699,0.11703816056251526
JNJ,xgboost,3,2023-11-30,0,0,0.9460040926933289,0.026142574846744537,0.02785337157547474,0.9181507211178541
JNJ,xgboost,3,2023-12-01,-1,0,0.8444762229919434,0.06029265373945236,0.09523110091686249,0.7492451220750809
JNJ,xgboost,3,2023-12-04,-1,0,0.827090322971344,0.07149521261453629,0.10141447186470032,0.7256758511066437
JNJ,xgboost,3,2023-12-05,-1,0,0.9047439694404602,0.05192060023546219,0.05192060023546219,0.852823369204998
JNJ,xgboost,3,2023-12-06,0,0,0.9600111246109009,0.02570951357483864,0.02570951357483864,0.9343016110360622
JNJ,xgboost,3,2023-12-07,0,0,0.8104162216186523,0.17281654477119446,0.17281654477119446,0.6375996768474579
JNJ,xgboost,3,2023-12-08,0,0,0.8566882014274597,0.14046944677829742,0.14046944677829742,0.7162187546491623
JNJ,xgboost,3,2023-12-11,0,1,0.6116653084754944,0.6116653084754944,0.3796670436859131,0.2319982647895813
JNJ,xgboost,3,2023-12-12,0,0,0.49888235330581665,0.4921569228172302,0.4921569228172302,0.006725430488586426
JNJ,xgboost,3,2023-12-13,0,0,0.6582781672477722,0.31157559156417847,0.31157559156417847,0.34670257568359375
JNJ,xgboost,3,2023-12-14,0,0,0.6260839700698853,0.35671359300613403,0.35671359300613403,0.2693703770637512
JNJ,xgboost,3,2023-12-15,0,0,0.6154176592826843,0.20419445633888245,0.20419445633888245,0.4112232029438019
JNJ,xgboost,3,2023-12-18,0,0,0.7450993657112122,0.17399273812770844,0.17399273812770844,0.5711066275835037
JNJ,xgboost,3,2023-12-19,0,0,0.8282328248023987,0.061119526624679565,0.11064764857292175,0.7175851762294769
JNJ,xgboost,3,2023-12-20,1,-1,0.42256301641464233,0.2187843918800354,0.35865262150764465,0.06391039490699768
JNJ,xgboost,3,2023-12-21,0,0,0.6318135857582092,0.16107171773910522,0.20711472630500793,0.4246988594532013
JNJ,xgboost,3,2023-12-22,1,0,0.48024463653564453,0.18129023909568787,0.3384650647640228,0.1417795717716217
JNJ,xgboost,3,2023-12-26,1,0,0.8066693544387817,0.08354351669549942,0.10978712141513824,0.6968822330236435
JNJ,xgboost,3,2023-12-27,1,0,0.5535984039306641,0.15272653102874756,0.293675035238266,0.25992336869239807
JNJ,xgboost,3,2023-12-28,1,0,0.747719943523407,0.11659962683916092,0.1356804370880127,0.6120395064353943
JNJ,xgboost,3,2023-12-29,1,0,0.4460195004940033,0.20893165469169617,0.34504884481430054,0.10097065567970276
JNJ,xgboost,3,2024-01-02,0,0,0.8040685653686523,0.11759453266859055,0.11759453266859055,0.6864740327000618
JNJ,xgboost,3,2024-01-03,0,0,0.7273826599121094,0.17267557978630066,0.17267557978630066,0.5547070801258087
JNJ,xgboost,3,2024-01-04,0,0,0.7522865533828735,0.1481596827507019,0.1481596827507019,0.6041268706321716
JNJ,xgboost,3,2024-01-05,0,0,0.8941250443458557,0.07182266563177109,0.07182266563177109,0.8223023787140846
JNJ,xgboost,3,2024-01-08,0,0,0.9082594513893127,0.03577790781855583,0.055962685495615005,0.8522967658936977
JNJ,xgboost,3,2024-01-09,0,0,0.546270489692688,0.176974356174469,0.276755154132843,0.26951533555984497
JNJ,xgboost,3,2024-01-10,0,0,0.6456112861633301,0.100233294069767,0.2541554868221283,0.3914557993412018
JNJ,xgboost,3,2024-01-11,0,0,0.7648480534553528,0.11136515438556671,0.12378677725791931,0.6410612761974335
JNJ,xgboost,3,2024-01-12,0,-1,0.5361953973770142,0.06569600105285645,0.3981086015701294,0.13808679580688477
JNJ,xgboost,3,2024-01-16,0,0,0.7394244074821472,0.21126529574394226,0.21126529574394226,0.528159111738205
JNJ,xgboost,3,2024-01-17,0,0,0.7826151847839355,0.19315722584724426,0.19315722584724426,0.5894579589366913
JNJ,xgboost,3,2024-01-18,0,0,0.8228356838226318,0.11937142163515091,0.11937142163515091,0.7034642621874809
JNJ,xgboost,3,2024-01-19,0,0,0.8582496643066406,0.09271525591611862,0.09271525591611862,0.765534408390522
JNJ,xgboost,3,2024-01-22,0,0,0.7953220009803772,0.16332250833511353,0.16332250833511353,0.6319994926452637
JNJ,xgboost,3,2024-01-23,0,0,0.4986691176891327,0.21420307457447052,0.2871277928352356,0.2115413248538971
JNJ,xgboost,3,2024-01-24,0,0,0.6943837404251099,0.10644044727087021,0.19917581975460052,0.49520792067050934
JNJ,xgboost,3,2024-01-25,0,0,0.694444477558136,0.10745874792337418,0.19809681177139282,0.49634766578674316
JNJ,xgboost,3,2024-01-26,0,0,0.7311493754386902,0.10466256737709045,0.16418801248073578,0.5669613629579544
JNJ,xgboost,3,2024-01-29,-1,0,0.509695827960968,0.09903984516859055,0.39126428961753845,0.11843153834342957
JNJ,xgboost,3,2024-01-30,0,0,0.6017486453056335,0.15024620294570923,0.24800510704517365,0.3537435382604599
JNJ,xgboost,3,2024-01-31,0,0,0.6974470019340515,0.17465996742248535,0.17465996742248535,0.5227870345115662
JNJ,xgboost,3,2024-02-01,0,0,0.5386733412742615,0.2098064124584198,0.25152021646499634,0.28715312480926514
JNJ,xgboost,3,2024-02-02,0,0,0.622887134552002,0.24470841884613037,0.24470841884613037,0.3781787157058716
JNJ,xgboost,3,2024-02-05,0,0,0.7986488342285156,0.07816454023122787,0.12318658083677292,0.6754622533917427
JNJ,xgboost,3,2024-02-06,0,0,0.6179896593093872,0.21334193646907806,0.21334193646907806,0.40464772284030914
JNJ,xgboost,3,2024-02-07,0,0,0.5157502293586731,0.3476835787296295,0.3476835787296295,0.16806665062904358
JNJ,xgboost,3,2024-02-08,0,0,0.6117364764213562,0.23570853471755981,0.23570853471755981,0.3760279417037964
JNJ,xgboost,3,2024-02-09,0,0,0.5942403674125671,0.24522462487220764,0.24522462487220764,0.3490157425403595
JNJ,xgboost,3,2024-02-12,0,0,0.6195738315582275,0.23639826476573944,0.23639826476573944,0.3831755667924881
JNJ,xgboost,3,2024-02-13,1,0,0.8399473428726196,0.0744592547416687,0.08559342473745346,0.7543539181351662
JNJ,xgboost,3,2024-02-14,1,0,0.7791240811347961,0.08774245530366898,0.13313347101211548,0.6459906101226807
JNJ,xgboost,3,2024-02-15,1,0,0.724776029586792,0.20257745683193207,0.20257745683193207,0.5221985727548599
JNJ,xgboost,3,2024-02-16,1,0,0.7976969480514526,0.1409943848848343,0.1409943848848343,0.6567025631666183
JNJ,xgboost,3,2024-02-20,0,0,0.8280624747276306,0.13966065645217896,0.13966065645217896,0.6884018182754517
JNJ,xgboost,3,2024-02-21,0,0,0.8978272080421448,0.04059416800737381,0.061578571796417236,0.8362486362457275
JNJ,xgboost,3,2024-02-22,0,0,0.8403055667877197,0.12260639667510986,0.12260639667510986,0.7176991701126099
JNJ,xgboost,3,2024-02-23,0,0,0.8735393285751343,0.06646785140037537,0.06646785140037537,0.8070714771747589
JNJ,xgboost,3,2024-02-26,0,0,0.9380707740783691,0.03988507017493248,0.03988507017493248,0.8981857039034367
JNJ,xgboost,3,2024-02-27,0,0,0.8796892166137695,0.05095963552594185,0.06935113668441772,0.8103380799293518
JNJ,xgboost,3,2024-02-28,0,0,0.8818249702453613,0.061672601848840714,0.061672601848840714,0.8201523683965206
JNJ,xgboost,3,2024-02-29,0,0,0.8213971853256226,0.0824292004108429,0.09617368876934052,0.725223496556282
JNJ,xgboost,3,2024-03-01,0,0,0.6500456929206848,0.1149061843752861,0.23504815995693207,0.41499753296375275
JNJ,xgboost,3,2024-03-04,0,0,0.6939243674278259,0.13850489258766174,0.16757075488567352,0.5263536125421524
JNJ,xgboost,3,2024-03-05,0,0,0.8289914727210999,0.11921653896570206,0.11921653896570206,0.7097749337553978
JNJ,xgboost,3,2024-03-06,0,0,0.7268088459968567,0.12601041793823242,0.14718076586723328,0.5796280801296234
JNJ,xgboost,3,2024-03-07,0,0,0.8637866377830505,0.09192902594804764,0.09192902594804764,0.7718576118350029
JNJ,xgboost,3,2024-03-08,0,0,0.8023890852928162,0.12609535455703735,0.12609535455703735,0.6762937307357788
JNJ,xgboost,3,2024-03-11,-1,0,0.8848932981491089,0.07823337614536285,0.07823337614536285,0.806659922003746
JNJ,xgboost,3,2024-03-12,-1,0,0.8685475587844849,0.059781961143016815,0.07167045027017593,0.7968771085143089
JNJ,xgboost,3,2024-03-13,-1,0,0.8048869967460632,0.09934298694133759,0.09934298694133759,0.7055440098047256
JNJ,xgboost,3,2024-03-14,-1,0,0.7361366748809814,0.1319781094789505,0.1319781094789505,0.604158565402031
JNJ,xgboost,3,2024-03-15,0,0,0.7664030194282532,0.18612562119960785,0.18612562119960785,0.5802773982286453
JNJ,xgboost,3,2024-03-18,0,0,0.9328976273536682,0.04853633791208267,0.04853633791208267,0.8843612894415855
JNJ,xgboost,3,2024-03-19,0,0,0.6872822046279907,0.2653437852859497,0.2653437852859497,0.421938419342041
JNJ,xgboost,3,2024-03-20,0,0,0.8217918276786804,0.1389290988445282,0.1389290988445282,0.6828627288341522
JNJ,xgboost,3,2024-03-21,0,0,0.7111193537712097,0.22934779524803162,0.22934779524803162,0.4817715585231781
JNJ,xgboost,3,2024-03-22,0,0,0.7016019821166992,0.08265965431928635,0.21573834121227264,0.4858636409044266
JNJ,xgboost,3,2024-03-25,0,0,0.6787811517715454,0.12348630279302597,0.1977325975894928,0.4810485541820526
JNJ,xgboost,3,2024-03-26,0,0,0.6873019337654114,0.13705599308013916,0.17564207315444946,0.5116598606109619
JNJ,xgboost,3,2024-03-27,-1,0,0.7496442198753357,0.12797673046588898,0.12797673046588898,0.6216674894094467
JNJ,xgboost,3,2024-03-28,-1,0,0.5669032335281372,0.36223840713500977,0.36223840713500977,0.20466482639312744
JNJ,xgboost,3,2024-04-01,-1,0,0.7826539874076843,0.18048276007175446,0.18048276007175446,0.6021712273359299
JNJ,xgboost,3,2024-04-02,-1,0,0.8123393058776855,0.1678563803434372,0.1678563803434372,0.6444829255342484
JNJ,xgboost,3,2024-04-03,-1,0,0.7943359017372131,0.09930408000946045,0.1063600704073906,0.6879758313298225
JNJ,xgboost,3,2024-04-04,-1,0,0.9296943545341492,0.05675698071718216,0.05675698071718216,0.872937373816967
JNJ,xgboost,3,2024-04-05,-1,0,0.8004636764526367,0.1673760861158371,0.1673760861158371,0.6330875903367996
JNJ,xgboost,3,2024-04-08,-1,0,0.7472600936889648,0.17187358438968658,0.17187358438968658,0.5753865092992783
JNJ,xgboost,3,2024-04-09,-1,0,0.7129334211349487,0.17983609437942505,0.17983609437942505,0.5330973267555237
JNJ,xgboost,3,2024-04-10,-1,0,0.8931236863136292,0.09441716969013214,0.09441716969013214,0.798706516623497
JNJ,xgboost,3,2024-04-11,-1,0,0.8160902261734009,0.18008431792259216,0.18008431792259216,0.6360059082508087
JNJ,xgboost,3,2024-04-12,0,0,0.91795814037323,0.07157368957996368,0.07157368957996368,0.8463844507932663
JNJ,xgboost,3,2024-04-15,0,0,0.8310665488243103,0.16105838119983673,0.16105838119983673,0.6700081676244736
JNJ,xgboost,3,2024-04-16,1,1,0.49185144901275635,0.49185144901275635,0.44018521904945374,0.05166622996330261
JNJ,xgboost,3,2024-04-17,1,0,0.9071503281593323,0.08415818959474564,0.08415818959474564,0.8229921385645866
JNJ,xgboost,3,2024-04-18,0,0,0.4959385395050049,0.47467806935310364,0.47467806935310364,0.021260470151901245
JNJ,xgboost,3,2024-04-19,0,1,0.5070737600326538,0.5070737600326538,0.41907384991645813,0.08799991011619568
JNJ,xgboost,3,2024-04-22,0,0,0.7156278491020203,0.22436337172985077,0.22436337172985077,0.4912644773721695
JNJ,xgboost,3,2024-04-23,-1,0,0.6134182214736938,0.34903427958488464,0.34903427958488464,0.2643839418888092
JNJ,xgboost,3,2024-04-24,0,0,0.7358270287513733,0.21110032498836517,0.21110032498836517,0.5247267037630081
JNJ,xgboost,3,2024-04-25,1,0,0.7497451305389404,0.21682369709014893,0.21682369709014893,0.5329214334487915
JNJ,xgboost,3,2024-04-26,1,0,0.7100984454154968,0.2515745460987091,0.2515745460987091,0.4585238993167877
JNJ,xgboost,3,2024-04-29,0,0,0.7122818231582642,0.2586841583251953,0.2586841583251953,0.45359766483306885
JNJ,xgboost,3,2024-04-30,1,0,0.8548902273178101,0.12212391197681427,0.12212391197681427,0.7327663153409958
JNJ,xgboost,3,2024-05-01,0,0,0.4329289197921753,0.2788775563240051,0.2881935238838196,0.1447353959083557
JNJ,xgboost,3,2024-05-02,0,0,0.8093149065971375,0.04600192606449127,0.14468316733837128,0.6646317392587662
JNJ,xgboost,3,2024-05-03,0,0,0.7883327603340149,0.10734619200229645,0.10734619200229645,0.6809865683317184
JNJ,xgboost,3,2024-05-06,0,0,0.7767598032951355,0.08715144544839859,0.13608881831169128,0.6406709849834442
JNJ,xgboost,3,2024-05-07,0,0,0.7596640586853027,0.15172190964221954,0.15172190964221954,0.6079421490430832
JNJ,xgboost,3,2024-05-08,1,0,0.487640917301178,0.11998183280229568,0.39237719774246216,0.09526371955871582
JNJ,xgboost,3,2024-05-09,1,0,0.5680723786354065,0.1465321034193039,0.2853955328464508,0.2826768457889557
JNJ,xgboost,3,2024-05-10,1,0,0.4862801134586334,0.13344182074069977,0.3802780210971832,0.1060020923614502
JNJ,xgboost,3,2024-05-13,0,0,0.7469314336776733,0.1475522816181183,0.1475522816181183,0.599379152059555
JNJ,xgboost,3,2024-05-14,0,0,0.7625889182090759,0.10528429597616196,0.1321267932653427,0.6304621249437332
JNJ,xgboost,3,2024-05-15,0,0,0.7350444197654724,0.24989590048789978,0.24989590048789978,0.48514851927757263
JNJ,xgboost,3,2024-05-16,-1,0,0.8624956607818604,0.11808749288320541,0.11808749288320541,0.7444081678986549
JNJ,xgboost,3,2024-05-17,-1,0,0.9318466782569885,0.036783020943403244,0.036783020943403244,0.8950636573135853
JNJ,xgboost,3,2024-05-20,-1,0,0.9402357935905457,0.04446307197213173,0.04446307197213173,0.8957727216184139
JNJ,xgboost,3,2024-05-21,-1,0,0.8164781928062439,0.13626252114772797,0.13626252114772797,0.6802156716585159
JNJ,xgboost,3,2024-05-22,-1,0,0.6818467378616333,0.1915125697851181,0.1915125697851181,0.4903341680765152
