signal_date,trade_date,trade_price,market_close,predicted_signal,confidence,bullish_probability,trend_filter_passed,target_allocation,action,cash,shares,position_value,portfolio_value,explanation
2024-05-31,2024-06-03,113.56306583418551,114.94136047363281,BULLISH_SIGNAL,0.9536278151690629,0.9536278151690629,True,0.6940064346721438,BUY,3062.2584999173487,61,7011.422988891602,10073.68148880895,"Aggressive trader saw BULLISH_SIGNAL with bullish_probability=0.95, confidence=0.95, probability_margin=0.93, trend_filter_passed=True, rule=bullish_signal, target_allocation=69.40%."
2024-06-03,2024-06-04,115.65699910856021,116.37762451171875,BULLISH_SIGNAL,0.46397949553015355,0.46397949553015355,True,0.6973255936406239,HOLD,3062.2584999173487,61,7099.035095214844,10161.293595132192,"Aggressive trader saw BULLISH_SIGNAL with bullish_probability=0.46, confidence=0.46, probability_margin=0.13, trend_filter_passed=True, rule=neutral_hold, target_allocation=69.73%."
2024-06-04,2024-06-05,118.31064561773049,122.37757110595703,NEUTRAL_SIGNAL,0.5245722065566477,0.3830821286553919,True,0.7020919768437339,HOLD,3062.2584999173487,61,7465.031837463379,10527.290337380728,"Aggressive trader saw NEUTRAL_SIGNAL with bullish_probability=0.38, confidence=0.52, probability_margin=0.14, trend_filter_passed=True, rule=neutral_hold, target_allocation=70.21%."
2024-06-05,2024-06-06,123.98473454180629,120.93629455566406,BULLISH_SIGNAL,0.5099580340185693,0.5099580340185693,True,0.7117963135206875,HOLD,3062.2584999173487,61,7377.113967895508,10439.372467812856,"Aggressive trader saw BULLISH_SIGNAL with bullish_probability=0.51, confidence=0.51, probability_margin=0.25, trend_filter_passed=True, rule=neutral_hold, target_allocation=71.18%."
2024-06-06,2024-06-07,119.70892124903274,120.82635498046875,NEUTRAL_SIGNAL,0.6349331541970419,0.2651680639651452,True,0.704543614903283,HOLD,3062.2584999173487,61,7370.407653808594,10432.666153725942,"Aggressive trader saw NEUTRAL_SIGNAL with bullish_probability=0.27, confidence=0.63, probability_margin=0.37, trend_filter_passed=True, rule=neutral_hold, target_allocation=70.45%."
2024-06-07,2024-06-10,120.30862356189567,121.72789764404297,NEUTRAL_SIGNAL,0.6330274841032093,0.31246137582751865,True,0.7055827698575958,HOLD,3062.2584999173487,61,7425.401756286621,10487.66025620397,"Aggressive trader saw NEUTRAL_SIGNAL with bullish_probability=0.31, confidence=0.63, probability_margin=0.32, trend_filter_passed=True, rule=neutral_hold, target_allocation=70.56%."
2024-06-10,2024-06-11,121.71790142895497,120.8582763671875,BULLISH_SIGNAL,0.4911394259952664,0.4911394259952664,True,0.7079962088778933,HOLD,3062.2584999173487,61,7372.3548583984375,10434.613358315786,"Aggressive trader saw BULLISH_SIGNAL with bullish_probability=0.49, confidence=0.49, probability_margin=0.11, trend_filter_passed=True, rule=neutral_hold, target_allocation=70.80%."
2024-06-11,2024-06-12,123.00735466296415,125.14643859863281,BULLISH_SIGNAL,0.6738842555184908,0.6738842555184908,True,0.05459258404226475,REDUCE,10063.16409259223,4,500.58575439453125,10563.74984698676,"Aggressive trader saw BULLISH_SIGNAL with bullish_probability=0.67, confidence=0.67, probability_margin=0.36, trend_filter_passed=True, rule=bullish_signal, target_allocation=5.46%."
2024-06-12,2024-06-13,129.33464307228707,129.55455017089844,BULLISH_SIGNAL,0.8481488536969923,0.8481488536969923,True,0.45291166559312535,BUY,5788.716672353067,37,4793.518356323242,10582.23502867631,"Aggressive trader saw BULLISH_SIGNAL with bullish_probability=0.85, confidence=0.85, probability_margin=0.74, trend_filter_passed=True, rule=bullish_signal, target_allocation=45.29%."
2024-06-13,2024-06-14,129.90441625095465,131.82359313964844,NEUTRAL_SIGNAL,0.7062879372773352,0.23852662762041968,True,0.45364622100611274,HOLD,5788.716672353067,37,4877.472946166992,10666.18961852006,"Aggressive trader saw NEUTRAL_SIGNAL with bullish_probability=0.24, confidence=0.71, probability_margin=0.47, trend_filter_passed=True, rule=neutral_hold, target_allocation=45.36%."
2024-06-14,2024-06-17,132.9331153831068,130.92396545410156,NEUTRAL_SIGNAL,0.4825294491393753,0.4180035475990344,True,0.4593643532139178,HOLD,5788.716672353067,37,4844.186721801758,10632.903394154826,"Aggressive trader saw NEUTRAL_SIGNAL with bullish_probability=0.42, confidence=0.48, probability_margin=0.06, trend_filter_passed=True, rule=neutral_hold, target_allocation=45.94%."
2024-06-17,2024-06-18,131.08388532556722,135.52198791503906,NEUTRAL_SIGNAL,0.8251463071586439,0.1300766901425066,True,0.45588735980948886,HOLD,5788.716672353067,37,5014.313552856445,10803.030225209513,"Aggressive trader saw NEUTRAL_SIGNAL with bullish_probability=0.13, confidence=0.83, probability_margin=0.70, trend_filter_passed=True, rule=neutral_hold, target_allocation=45.59%."
2024-06-18,2024-06-20,139.74020619139688,130.72406005859375,BEARISH_SIGNAL,0.48871692463505045,0.12261331145152823,True,0.0,EXIT TO CASH,10951.351305184944,0,0.0,10951.351305184944,"Aggressive trader saw BEARISH_SIGNAL with bullish_probability=0.12, confidence=0.49, probability_margin=0.10, trend_filter_passed=True, rule=bearish_exit, target_allocation=0.00%."
2024-06-20,2024-06-21,127.0656139833598,126.5158462524414,BULLISH_SIGNAL,0.7195348693137343,0.7195348693137343,True,0.15893684414567844,BUY,9297.0197180021,13,1644.7060012817383,10941.725719283839,"Aggressive trader saw BULLISH_SIGNAL with bullish_probability=0.72, confidence=0.72, probability_margin=0.51, trend_filter_passed=True, rule=bullish_signal, target_allocation=15.89%."
2024-06-21,2024-06-24,123.18725776161229,118.05945587158203,BULLISH_SIGNAL,0.7031045652005113,0.7031045652005113,True,0.12138186331545447,HOLD,9297.0197180021,13,1534.7729263305664,10831.792644332667,"Aggressive trader saw BULLISH_SIGNAL with bullish_probability=0.70, confidence=0.70, probability_margin=0.54, trend_filter_passed=True, rule=bullish_signal, target_allocation=12.14%."
2024-06-24,2024-06-25,121.14814167969276,126.03604888916016,BEARISH_SIGNAL,0.636693447114124,0.2644976703572694,True,0.0,EXIT TO CASH,10869.583958538273,0,0.0,10869.583958538273,"Aggressive trader saw BEARISH_SIGNAL with bullish_probability=0.26, confidence=0.64, probability_margin=0.37, trend_filter_passed=True, rule=bearish_exit, target_allocation=0.00%."
2024-06-25,2024-06-26,126.07603561970313,126.3459243774414,NEUTRAL_SIGNAL,0.502557380782779,0.20894479601049926,True,0.0,HOLD,10869.583958538273,0,0.0,10869.583958538273,"Aggressive trader saw NEUTRAL_SIGNAL with bullish_probability=0.21, confidence=0.50, probability_margin=0.21, trend_filter_passed=True, rule=neutral_hold, target_allocation=0.00%."
2024-06-26,2024-06-27,124.04689659574252,123.93694305419922,BULLISH_SIGNAL,0.5227450367843328,0.5227450367843328,True,0.0,HOLD,10869.583958538273,0,0.0,10869.583958538273,"Aggressive trader saw BULLISH_SIGNAL with bullish_probability=0.52, confidence=0.52, probability_margin=0.07, trend_filter_passed=True, rule=neutral_hold, target_allocation=0.00%."
2024-06-27,2024-06-28,124.52670042256338,123.48714447021484,BULLISH_SIGNAL,0.7818629892071258,0.7818629892071258,True,0.30140111818771614,BUY,7627.031587388039,26,3210.665756225586,10837.697343613625,"Aggressive trader saw BULLISH_SIGNAL with bullish_probability=0.78, confidence=0.78, probability_margin=0.57, trend_filter_passed=True, rule=bullish_signal, target_allocation=30.14%."
2024-06-28,2024-07-01,123.41718700299181,124.24683380126953,BULLISH_SIGNAL,0.5818876204952629,0.5818876204952629,True,0.2961316774678266,HOLD,7627.031587388039,26,3230.417678833008,10857.449266221047,"Aggressive trader saw BULLISH_SIGNAL with bullish_probability=0.58, confidence=0.58, probability_margin=0.20, trend_filter_passed=True, rule=neutral_hold, target_allocation=29.61%."
2024-07-01,2024-07-02,121.07817351581278,122.61751556396484,BULLISH_SIGNAL,0.6151996226427279,0.6151996226427279,True,0.2921590519133863,HOLD,7627.031587388039,26,3188.055404663086,10815.086992051125,"Aggressive trader saw BULLISH_SIGNAL with bullish_probability=0.62, confidence=0.62, probability_margin=0.24, trend_filter_passed=True, rule=neutral_hold, target_allocation=29.22%."
2024-07-02,2024-07-03,121.60795022813568,128.22511291503906,BEARISH_SIGNAL,0.49495955633086663,0.43886279012603935,True,0.0,EXIT TO CASH,10784.097164164023,0,0.0,10784.097164164023,"Aggressive trader saw BEARISH_SIGNAL with bullish_probability=0.44, confidence=0.49, probability_margin=0.06, trend_filter_passed=True, rule=bearish_exit, target_allocation=0.00%."
2024-07-03,2024-07-05,127.32550112143423,125.77616882324219,BEARISH_SIGNAL,0.8706692962953616,0.11444853260078418,True,0.0,HOLD,10784.097164164023,0,0.0,10784.097164164023,"Aggressive trader saw BEARISH_SIGNAL with bullish_probability=0.11, confidence=0.87, probability_margin=0.76, trend_filter_passed=True, rule=bearish_exit, target_allocation=0.00%."
2024-07-05,2024-07-08,127.43544631776729,128.1451416015625,BEARISH_SIGNAL,0.6335206050298627,0.2829598439360237,True,0.0,HOLD,10784.097164164023,0,0.0,10784.097164164023,"Aggressive trader saw BEARISH_SIGNAL with bullish_probability=0.28, confidence=0.63, probability_margin=0.35, trend_filter_passed=True, rule=bearish_exit, target_allocation=0.00%."
2024-07-08,2024-07-09,130.29424856790877,131.3238067626953,BEARISH_SIGNAL,0.4618259429034944,0.23546295394421293,True,0.0,HOLD,10784.097164164023,0,0.0,10784.097164164023,"Aggressive trader saw BEARISH_SIGNAL with bullish_probability=0.24, confidence=0.46, probability_margin=0.16, trend_filter_passed=True, rule=bearish_exit, target_allocation=0.00%."
2024-07-09,2024-07-10,133.9726664675838,134.852294921875,BEARISH_SIGNAL,0.49537835345668096,0.3649269807891985,True,0.0,HOLD,10784.097164164023,0,0.0,10784.097164164023,"Aggressive trader saw BEARISH_SIGNAL with bullish_probability=0.36, confidence=0.50, probability_margin=0.13, trend_filter_passed=True, rule=bearish_exit, target_allocation=0.00%."
2024-07-10,2024-07-11,135.69193143030844,127.34550476074219,BULLISH_SIGNAL,0.776221331759088,0.776221331759088,True,0.28850590116362973,BUY,7794.395346348791,22,2801.601104736328,10595.996451085119,"Aggressive trader saw BULLISH_SIGNAL with bullish_probability=0.78, confidence=0.78, probability_margin=0.63, trend_filter_passed=True, rule=bullish_signal, target_allocation=28.85%."
2024-07-11,2024-07-12,128.20513111513003,129.18472290039062,BULLISH_SIGNAL,0.5674429988283882,0.5674429988283882,True,0.2657124134457633,HOLD,7794.395346348791,22,2842.0639038085938,10636.459250157384,"Aggressive trader saw BULLISH_SIGNAL with bullish_probability=0.57, confidence=0.57, probability_margin=0.30, trend_filter_passed=True, rule=neutral_hold, target_allocation=26.57%."
2024-07-12,2024-07-15,130.50415923151834,128.38507080078125,BULLISH_SIGNAL,0.6568329103086709,0.6568329103086709,True,0.015618080705533341,REDUCE,10530.873179488555,1,128.38507080078125,10659.258250289337,"Aggressive trader saw BULLISH_SIGNAL with bullish_probability=0.66, confidence=0.66, probability_margin=0.47, trend_filter_passed=True, rule=bullish_signal, target_allocation=1.56%."
2024-07-15,2024-07-16,128.38505064333017,126.30593872070312,BULLISH_SIGNAL,0.8060170511012744,0.8060170511012744,True,0.35661040251719867,BUY,6930.697791957582,29,3662.8722229003906,10593.570014857973,"Aggressive trader saw BULLISH_SIGNAL with bullish_probability=0.81, confidence=0.81, probability_margin=0.69, trend_filter_passed=True, rule=bullish_signal, target_allocation=35.66%."
2024-07-16,2024-07-17,121.29808499297587,117.93952178955078,BEARISH_SIGNAL,0.6126615186037806,0.27723351956036746,True,0.0,EXIT TO CASH,10443.06754887892,0,0.0,10443.06754887892,"Aggressive trader saw BEARISH_SIGNAL with bullish_probability=0.28, confidence=0.61, probability_margin=0.34, trend_filter_passed=True, rule=bearish_exit, target_allocation=0.00%."
2024-07-17,2024-07-18,121.79786974825338,121.03819274902344,NEUTRAL_SIGNAL,0.5082154717386569,0.41082105937544566,True,0.0,HOLD,10443.06754887892,0,0.0,10443.06754887892,"Aggressive trader saw NEUTRAL_SIGNAL with bullish_probability=0.41, confidence=0.51, probability_margin=0.10, trend_filter_passed=True, rule=neutral_hold, target_allocation=0.00%."
2024-07-18,2024-07-19,120.29850995680886,117.87954711914062,BEARISH_SIGNAL,0.7834249609582152,0.21068975795343434,True,0.0,HOLD,10443.06754887892,0,0.0,10443.06754887892,"Aggressive trader saw BEARISH_SIGNAL with bullish_probability=0.21, confidence=0.78, probability_margin=0.57, trend_filter_passed=True, rule=bearish_exit, target_allocation=0.00%."
2024-07-19,2024-07-22,120.2985068676328,123.48714447021484,BULLISH_SIGNAL,0.47735296701792873,0.47735296701792873,True,0.0,HOLD,10443.06754887892,0,0.0,10443.06754887892,"Aggressive trader saw BULLISH_SIGNAL with bullish_probability=0.48, confidence=0.48, probability_margin=0.07, trend_filter_passed=True, rule=neutral_hold, target_allocation=0.00%."
2024-07-22,2024-07-23,122.72746539631609,122.53754425048828,BULLISH_SIGNAL,0.4985851974267248,0.4985851974267248,True,0.0,HOLD,10443.06754887892,0,0.0,10443.06754887892,"Aggressive trader saw BULLISH_SIGNAL with bullish_probability=0.50, confidence=0.50, probability_margin=0.18, trend_filter_passed=True, rule=neutral_hold, target_allocation=0.00%."
2024-07-23,2024-07-24,119.11901958919532,114.20112609863281,NEUTRAL_SIGNAL,0.40119069590695444,0.29236326272362156,True,0.0,HOLD,10443.06754887892,0,0.0,10443.06754887892,"Aggressive trader saw NEUTRAL_SIGNAL with bullish_probability=0.29, confidence=0.40, probability_margin=0.09, trend_filter_passed=True, rule=neutral_hold, target_allocation=0.00%."
2024-07-24,2024-07-25,112.99163342891377,112.2319564819336,BULLISH_SIGNAL,0.8427359318536733,0.8427359318536733,True,0.4405392728083962,BUY,5916.620453883967,40,4489.278259277344,10405.89871316131,"Aggressive trader saw BULLISH_SIGNAL with bullish_probability=0.84, confidence=0.84, probability_margin=0.75, trend_filter_passed=True, rule=bullish_signal, target_allocation=44.05%."
2024-07-25,2024-07-26,116.14029297278634,113.01162719726562,BULLISH_SIGNAL,0.9618852163359058,0.9618852163359058,True,0.7128804944820706,BUY,3125.070978306558,64,7232.744140625,10357.815118931558,"Aggressive trader saw BULLISH_SIGNAL with bullish_probability=0.96, confidence=0.96, probability_margin=0.94, trend_filter_passed=True, rule=bullish_signal, target_allocation=71.29%."
2024-07-26,2024-07-29,113.64136695751597,111.5422592163086,BULLISH_SIGNAL,0.9881851120138911,0.9881851120138911,True,0.772994541746037,BUY,2442.199663334744,70,7807.958145141602,10250.157808476346,"Aggressive trader saw BULLISH_SIGNAL with bullish_probability=0.99, confidence=0.99, probability_margin=0.98, trend_filter_passed=True, rule=bullish_signal, target_allocation=77.30%."
2024-07-29,2024-07-30,111.47228355856528,103.68562316894531,BULLISH_SIGNAL,0.9206261938527456,0.9206261938527456,True,0.6185741573777043,REDUCE,4000.471495505913,56,5806.3948974609375,9806.866392966851,"Aggressive trader saw BULLISH_SIGNAL with bullish_probability=0.92, confidence=0.92, probability_margin=0.86, trend_filter_passed=True, rule=bullish_signal, target_allocation=61.86%."
2024-07-30,2024-07-31,112.85168535455355,116.96991729736328,BULLISH_SIGNAL,0.9385711421046702,0.9385711421046702,True,0.659591181953532,HOLD,4000.471495505913,56,6550.315368652344,10550.786864158257,"Aggressive trader saw BULLISH_SIGNAL with bullish_probability=0.94, confidence=0.94, probability_margin=0.88, trend_filter_passed=True, rule=bullish_signal, target_allocation=65.96%."
2024-07-31,2024-08-01,117.47971689042026,109.16327667236328,BULLISH_SIGNAL,0.7693391730669555,0.7693391730669555,True,0.2727752527244698,REDUCE,7754.185289264092,24,2619.9186401367188,10374.103929400811,"Aggressive trader saw BULLISH_SIGNAL with bullish_probability=0.77, confidence=0.77, probability_margin=0.63, trend_filter_passed=True, rule=bullish_signal, target_allocation=27.28%."
2024-08-01,2024-08-02,103.71561292679569,107.22410583496094,NEUTRAL_SIGNAL,0.6260352898543322,0.3286022259427549,True,0.24300373220924104,HOLD,7754.185289264092,24,2573.3785400390625,10327.563829303155,"Aggressive trader saw NEUTRAL_SIGNAL with bullish_probability=0.33, confidence=0.63, probability_margin=0.30, trend_filter_passed=True, rule=neutral_hold, target_allocation=24.30%."
2024-08-02,2024-08-05,92.020610744235,100.40702056884766,BULLISH_SIGNAL,0.9393126232398842,0.9393126232398842,True,0.6612859959768782,BUY,3422.7269687432263,71,7128.898460388184,10551.62542913141,"Aggressive trader saw BULLISH_SIGNAL with bullish_probability=0.94, confidence=0.94, probability_margin=0.88, trend_filter_passed=True, rule=bullish_signal, target_allocation=66.13%."
2024-08-05,2024-08-06,103.79557030996848,104.20539855957031,NEUTRAL_SIGNAL,0.7064619309135429,0.24981000651050211,True,0.6828521509198446,HOLD,3422.7269687432263,71,7398.583297729492,10821.31026647272,"Aggressive trader saw NEUTRAL_SIGNAL with bullish_probability=0.25, confidence=0.71, probability_margin=0.46, trend_filter_passed=True, rule=neutral_hold, target_allocation=68.29%."
2024-08-06,2024-08-07,107.76386930019544,98.86768341064453,BULLISH_SIGNAL,0.6612801771870835,0.6612801771870835,True,0.025783262141905183,REDUCE,10847.284107837633,2,197.73536682128906,11045.019474658922,"Aggressive trader saw BULLISH_SIGNAL with bullish_probability=0.66, confidence=0.66, probability_margin=0.47, trend_filter_passed=True, rule=bullish_signal, target_allocation=2.58%."
2024-08-07,2024-08-08,101.95636396303468,104.92509460449219,BULLISH_SIGNAL,0.938070497111202,0.938070497111202,True,0.6584468505398905,BUY,3801.73899322351,71,7449.681716918945,11251.420710142454,"Aggressive trader saw BULLISH_SIGNAL with bullish_probability=0.94, confidence=0.94, probability_margin=0.88, trend_filter_passed=True, rule=bullish_signal, target_allocation=65.84%."
2024-08-08,2024-08-09,105.59480355882924,104.70518493652344,BULLISH_SIGNAL,0.8280020627515671,0.8280020627515671,True,0.40686185771786754,REDUCE,6753.959989448507,43,4502.322952270508,11256.282941719015,"Aggressive trader saw BULLISH_SIGNAL with bullish_probability=0.83, confidence=0.83, probability_margin=0.72, trend_filter_passed=True, rule=bullish_signal, target_allocation=40.69%."
2024-08-09,2024-08-12,106.27452369861088,108.9733657836914,NEUTRAL_SIGNAL,0.561134366404885,0.26293169676501527,True,0.40355877372887333,HOLD,6753.959989448507,43,4685.8547286987305,11439.814718147238,"Aggressive trader saw NEUTRAL_SIGNAL with bullish_probability=0.26, confidence=0.56, probability_margin=0.30, trend_filter_passed=True, rule=neutral_hold, target_allocation=40.36%."
2024-08-12,2024-08-13,112.3918952304853,116.0903091430664,BULLISH_SIGNAL,0.6070042792870599,0.6070042792870599,True,0.417099346220879,HOLD,6753.959989448507,43,4991.8832931518555,11745.843282600363,"Aggressive trader saw BULLISH_SIGNAL with bullish_probability=0.61, confidence=0.61, probability_margin=0.23, trend_filter_passed=True, rule=neutral_hold, target_allocation=41.71%."
2024-08-13,2024-08-14,118.47929970941885,118.02949523925781,NEUTRAL_SIGNAL,0.6873759336290614,0.31068411515601757,True,0.42997677697917475,HOLD,6753.959989448507,43,5075.268295288086,11829.228284736593,"Aggressive trader saw NEUTRAL_SIGNAL with bullish_probability=0.31, confidence=0.69, probability_margin=0.38, trend_filter_passed=True, rule=neutral_hold, target_allocation=43.00%."
2024-08-14,2024-08-15,118.7091971963176,122.80744171142578,NEUTRAL_SIGNAL,0.5837801729160755,0.36440687370740776,True,0.4304519667702887,HOLD,6753.959989448507,43,5280.719993591309,12034.679983039816,"Aggressive trader saw NEUTRAL_SIGNAL with bullish_probability=0.36, confidence=0.58, probability_margin=0.22, trend_filter_passed=True, rule=neutral_hold, target_allocation=43.05%."
2024-08-15,2024-08-16,121.88783295977665,124.52670288085938,NEUTRAL_SIGNAL,0.7302756250660636,0.1614797098679722,True,0.4369418124797565,HOLD,6753.959989448507,43,5354.648223876953,12108.60821332546,"Aggressive trader saw NEUTRAL_SIGNAL with bullish_probability=0.16, confidence=0.73, probability_margin=0.57, trend_filter_passed=True, rule=neutral_hold, target_allocation=43.69%."
2024-08-16,2024-08-19,124.22681311087396,129.94436645507812,BULLISH_SIGNAL,0.5537157230361754,0.5537157230361754,True,0.44162365496175904,HOLD,6753.959989448507,43,5587.607757568359,12341.567747016867,"Aggressive trader saw BULLISH_SIGNAL with bullish_probability=0.55, confidence=0.55, probability_margin=0.30, trend_filter_passed=True, rule=neutral_hold, target_allocation=44.16%."
2024-08-19,2024-08-20,128.345066215563,127.19556427001953,NEUTRAL_SIGNAL,0.5698830171077445,0.10033282674931161,True,0.44968049834227436,HOLD,6753.959989448507,43,5469.40926361084,12223.369253059347,"Aggressive trader saw NEUTRAL_SIGNAL with bullish_probability=0.10, confidence=0.57, probability_margin=0.24, trend_filter_passed=True, rule=neutral_hold, target_allocation=44.97%."
2024-08-20,2024-08-21,127.26551201028192,128.44500732421875,BULLISH_SIGNAL,0.7008461924948381,0.7008461924948381,True,0.11621986855963001,REDUCE,10820.349665449228,11,1412.8950805664062,12233.244746015635,"Aggressive trader saw BULLISH_SIGNAL with bullish_probability=0.70, confidence=0.70, probability_margin=0.44, trend_filter_passed=True, rule=bullish_signal, target_allocation=11.62%."
2024-08-21,2024-08-22,129.96437709388331,123.68705749511719,BULLISH_SIGNAL,0.921605457381514,0.921605457381514,True,0.6208124740148891,BUY,4702.8583992887325,58,7173.849334716797,11876.70773400553,"Aggressive trader saw BULLISH_SIGNAL with bullish_probability=0.92, confidence=0.92, probability_margin=0.87, trend_filter_passed=True, rule=bullish_signal, target_allocation=62.08%."
2024-08-22,2024-08-23,125.80614369005178,129.31463623046875,BULLISH_SIGNAL,0.7702763122566744,0.7702763122566744,True,0.2749172851581128,REDUCE,8722.618315371566,26,3362.1805419921875,12084.798857363754,"Aggressive trader saw BULLISH_SIGNAL with bullish_probability=0.77, confidence=0.77, probability_margin=0.65, trend_filter_passed=True, rule=bullish_signal, target_allocation=27.49%."
2024-08-23,2024-08-26,129.5145768150302,126.40589904785156,BULLISH_SIGNAL,0.8859230694645565,0.8859230694645565,True,0.5392527302047004,BUY,5609.6043928705785,50,6320.294952392578,11929.899345263157,"Aggressive trader saw BULLISH_SIGNAL with bullish_probability=0.89, confidence=0.89, probability_margin=0.82, trend_filter_passed=True, rule=bullish_signal, target_allocation=53.93%."
2024-08-26,2024-08-27,124.99650751528328,128.2451171875,BEARISH_SIGNAL,0.5784867611911091,0.3813058560762824,True,0.0,EXIT TO CASH,11850.058155483785,0,0.0,11850.058155483785,"Aggressive trader saw BEARISH_SIGNAL with bullish_probability=0.38, confidence=0.58, probability_margin=0.20, trend_filter_passed=True, rule=bearish_exit, target_allocation=0.00%."
2024-08-27,2024-08-28,128.06518755846798,125.55626678466797,BULLISH_SIGNAL,0.6689746640496238,0.6689746640496238,True,0.04337066068485436,HOLD,11850.058155483785,0,0.0,11850.058155483785,"Aggressive trader saw BULLISH_SIGNAL with bullish_probability=0.67, confidence=0.67, probability_margin=0.45, trend_filter_passed=True, rule=bullish_signal, target_allocation=4.34%."
2024-08-28,2024-08-29,121.30807159752445,117.53968048095703,BULLISH_SIGNAL,0.5729036649101651,0.5729036649101651,True,0.0,HOLD,11850.058155483785,0,0.0,11850.058155483785,"Aggressive trader saw BULLISH_SIGNAL with bullish_probability=0.57, confidence=0.57, probability_margin=0.27, trend_filter_passed=True, rule=neutral_hold, target_allocation=0.00%."
2024-08-29,2024-08-30,119.47885915972935,119.31893157958984,NEUTRAL_SIGNAL,0.5580970267148584,0.378805723860208,True,0.0,HOLD,11850.058155483785,0,0.0,11850.058155483785,"Aggressive trader saw NEUTRAL_SIGNAL with bullish_probability=0.38, confidence=0.56, probability_margin=0.18, trend_filter_passed=True, rule=neutral_hold, target_allocation=0.00%."
2024-08-30,2024-09-03,115.96037175405029,107.95379638671875,BEARISH_SIGNAL,0.7326171897626415,0.21682200244918595,True,0.0,HOLD,11850.058155483785,0,0.0,11850.058155483785,"Aggressive trader saw BEARISH_SIGNAL with bullish_probability=0.22, confidence=0.73, probability_margin=0.52, trend_filter_passed=True, rule=bearish_exit, target_allocation=0.00%."
2024-09-03,2024-09-04,105.36490525672457,106.16455841064453,BULLISH_SIGNAL,0.8092481050073645,0.8092481050073645,True,0.3639956685882618,BUY,7629.137943601293,40,4246.582336425781,11875.720280027075,"Aggressive trader saw BULLISH_SIGNAL with bullish_probability=0.81, confidence=0.81, probability_margin=0.70, trend_filter_passed=True, rule=bullish_signal, target_allocation=36.40%."
2024-09-04,2024-09-05,104.94507973247826,107.16413116455078,BULLISH_SIGNAL,0.9434256317524979,0.9434256317524979,True,0.6706871582914239,BUY,3950.548699739704,75,8037.309837341309,11987.858537081012,"Aggressive trader saw BULLISH_SIGNAL with bullish_probability=0.94, confidence=0.94, probability_margin=0.91, trend_filter_passed=True, rule=bullish_signal, target_allocation=67.07%."
2024-09-05,2024-09-06,107.9937729521253,102.78600311279297,BULLISH_SIGNAL,0.5090558932870244,0.5090558932870244,True,0.6721558569019244,HOLD,3950.548699739704,75,7708.950233459473,11659.498933199176,"Aggressive trader saw BULLISH_SIGNAL with bullish_probability=0.51, confidence=0.51, probability_margin=0.03, trend_filter_passed=True, rule=neutral_hold, target_allocation=67.22%."
2024-09-06,2024-09-09,104.83512996607128,106.42445373535156,BULLISH_SIGNAL,0.8839820156019954,0.8839820156019954,True,0.5348160356617039,REDUCE,5520.717645070012,60,6385.467224121094,11906.184869191105,"Aggressive trader saw BULLISH_SIGNAL with bullish_probability=0.88, confidence=0.88, probability_margin=0.82, trend_filter_passed=True, rule=bullish_signal, target_allocation=53.48%."
2024-09-09,2024-09-10,107.76386463370491,108.05374145507812,BULLISH_SIGNAL,0.5784772996458097,0.5784772996458097,True,0.5394239489492578,HOLD,5520.717645070012,60,6483.2244873046875,12003.9421323747,"Aggressive trader saw BULLISH_SIGNAL with bullish_probability=0.58, confidence=0.58, probability_margin=0.23, trend_filter_passed=True, rule=neutral_hold, target_allocation=53.94%."
2024-09-10,2024-09-11,109.34319840779227,116.8599853515625,BULLISH_SIGNAL,0.8128137095298879,0.8128137095298879,True,0.3721456217826008,REDUCE,7595.123172423828,41,4791.2593994140625,12386.38257183789,"Aggressive trader saw BULLISH_SIGNAL with bullish_probability=0.81, confidence=0.81, probability_margin=0.63, trend_filter_passed=True, rule=bullish_signal, target_allocation=37.21%."
2024-09-11,2024-09-12,116.80000446674823,119.0992202758789,BULLISH_SIGNAL,0.953575395569248,0.953575395569248,True,0.6938866184439955,BUY,3851.914760473409,73,8694.24308013916,12546.15784061257,"Aggressive trader saw BULLISH_SIGNAL with bullish_probability=0.95, confidence=0.95, probability_margin=0.91, trend_filter_passed=True, rule=bullish_signal, target_allocation=69.39%."
2024-09-12,2024-09-13,119.0392295640139,119.05921936035156,BULLISH_SIGNAL,0.9164136492684781,0.9164136492684781,True,0.6089454840422358,REDUCE,4921.661332626953,64,7619.7900390625,12541.451371689453,"Aggressive trader saw BULLISH_SIGNAL with bullish_probability=0.92, confidence=0.92, probability_margin=0.86, trend_filter_passed=True, rule=bullish_signal, target_allocation=60.89%."
2024-09-13,2024-09-16,116.75001183404176,116.7400131225586,BULLISH_SIGNAL,0.7852174998248518,0.7852174998248518,True,0.3090685710282326,REDUCE,8652.059578748445,32,3735.680419921875,12387.73999867032,"Aggressive trader saw BULLISH_SIGNAL with bullish_probability=0.79, confidence=0.79, probability_margin=0.66, trend_filter_passed=True, rule=bullish_signal, target_allocation=30.91%."
2024-09-16,2024-09-17,118.12954900355818,115.55043029785156,BULLISH_SIGNAL,0.4217208398093428,0.4217208398093428,True,0.3040607457372847,HOLD,8652.059578748445,32,3697.61376953125,12349.673348279695,"Aggressive trader saw BULLISH_SIGNAL with bullish_probability=0.42, confidence=0.42, probability_margin=0.04, trend_filter_passed=True, rule=neutral_hold, target_allocation=30.41%."
2024-09-17,2024-09-18,115.850318172966,113.33118438720703,BEARISH_SIGNAL,0.5594835647062206,0.23264225543598027,True,0.0,EXIT TO CASH,12353.710798616146,0,0.0,12353.710798616146,"Aggressive trader saw BEARISH_SIGNAL with bullish_probability=0.23, confidence=0.56, probability_margin=0.33, trend_filter_passed=True, rule=bearish_exit, target_allocation=0.00%."
2024-09-18,2024-09-19,117.30982462581498,117.82965087890625,BULLISH_SIGNAL,0.6740545262581247,0.6740545262581247,True,0.05498177430428493,BUY,11766.281558527817,5,589.1482543945312,12355.429812922348,"Aggressive trader saw BULLISH_SIGNAL with bullish_probability=0.67, confidence=0.67, probability_margin=0.38, trend_filter_passed=True, rule=bullish_signal, target_allocation=5.50%."
2024-09-19,2024-09-20,117.01992368452845,115.96028900146484,NEUTRAL_SIGNAL,0.5241251337283782,0.43737874601302684,True,0.04737118950830588,HOLD,11766.281558527817,5,579.8014450073242,12346.083003535141,"Aggressive trader saw NEUTRAL_SIGNAL with bullish_probability=0.44, confidence=0.52, probability_margin=0.09, trend_filter_passed=True, rule=neutral_hold, target_allocation=4.74%."
2024-09-20,2024-09-23,116.51010886475667,116.22020721435547,NEUTRAL_SIGNAL,0.4764988812585834,0.25985263711073303,True,0.04717454569564197,HOLD,11766.281558527817,5,581.1010360717773,12347.382594599594,"Aggressive trader saw NEUTRAL_SIGNAL with bullish_probability=0.26, confidence=0.48, probability_margin=0.21, trend_filter_passed=True, rule=neutral_hold, target_allocation=4.72%."
2024-09-23,2024-09-24,116.4801041033547,120.82862091064453,BEARISH_SIGNAL,0.4464299179347113,0.31304307437264245,True,0.0,HOLD,11766.281558527817,5,604.1431045532227,12370.42466308104,"Aggressive trader saw BEARISH_SIGNAL with bullish_probability=0.31, confidence=0.45, probability_margin=0.13, trend_filter_passed=True, rule=bearish_exit, target_allocation=0.00%."
2024-09-24,2024-09-25,121.9782246233193,123.46772003173828,NEUTRAL_SIGNAL,0.5747602571157422,0.34833976459483357,True,0.04927946133307835,HOLD,11766.281558527817,5,617.3386001586914,12383.620158686508,"Aggressive trader saw NEUTRAL_SIGNAL with bullish_probability=0.35, confidence=0.57, probability_margin=0.23, trend_filter_passed=True, rule=neutral_hold, target_allocation=4.93%."
2024-09-25,2024-09-26,126.75660075164774,123.99754333496094,BULLISH_SIGNAL,0.7769190964240047,0.7769190964240047,True,0.29010079182629644,BUY,8846.50518081308,28,3471.9312133789062,12318.436394191986,"Aggressive trader saw BULLISH_SIGNAL with bullish_probability=0.78, confidence=0.78, probability_margin=0.56, trend_filter_passed=True, rule=bullish_signal, target_allocation=29.01%."
2024-09-26,2024-09-27,123.9275641535197,121.35844421386719,BULLISH_SIGNAL,0.8977168274420888,0.8977168274420888,True,0.566209891296203,BUY,5371.3266918341815,56,6796.0728759765625,12167.399567810744,"Aggressive trader saw BULLISH_SIGNAL with bullish_probability=0.90, confidence=0.90, probability_margin=0.82, trend_filter_passed=True, rule=bullish_signal, target_allocation=56.62%."
2024-09-27,2024-09-30,118.26949648274505,121.39842987060547,BULLISH_SIGNAL,0.8255881142383363,0.8255881142383363,True,0.4013442611161973,REDUCE,7260.801113798489,40,4855.937194824219,12116.738308622707,"Aggressive trader saw BULLISH_SIGNAL with bullish_probability=0.83, confidence=0.83, probability_margin=0.72, trend_filter_passed=True, rule=bullish_signal, target_allocation=40.13%."
2024-09-30,2024-10-01,121.72830933905863,116.95994567871094,BULLISH_SIGNAL,0.6431717469074528,0.6431717469074528,True,0.40141459791481054,HOLD,7260.801113798489,40,4678.3978271484375,11939.198940946926,"Aggressive trader saw BULLISH_SIGNAL with bullish_probability=0.64, confidence=0.64, probability_margin=0.45, trend_filter_passed=True, rule=neutral_hold, target_allocation=40.14%."
2024-10-01,2024-10-02,116.40013992758973,118.80931091308594,BEARISH_SIGNAL,0.9680789096549601,0.02716751636501482,True,0.0,EXIT TO CASH,11909.825030509222,0,0.0,11909.825030509222,"Aggressive trader saw BEARISH_SIGNAL with bullish_probability=0.03, confidence=0.97, probability_margin=0.94, trend_filter_passed=True, rule=bearish_exit, target_allocation=0.00%."
2024-10-02,2024-10-03,120.87860561160097,122.80794525146484,BEARISH_SIGNAL,0.7344159084612788,0.10825379766533587,True,0.0,HOLD,11909.825030509222,0,0.0,11909.825030509222,"Aggressive trader saw BEARISH_SIGNAL with bullish_probability=0.11, confidence=0.73, probability_margin=0.58, trend_filter_passed=True, rule=bearish_exit, target_allocation=0.00%."
2024-10-03,2024-10-04,124.89723283717322,124.87723541259766,BULLISH_SIGNAL,0.7084542911905175,0.7084542911905175,True,0.13360980843546855,BUY,10408.809336888677,12,1498.5268249511719,11907.336161839849,"Aggressive trader saw BULLISH_SIGNAL with bullish_probability=0.71, confidence=0.71, probability_margin=0.51, trend_filter_passed=True, rule=bullish_signal, target_allocation=13.36%."
2024-10-04,2024-10-07,124.94720840149982,127.67627716064453,BULLISH_SIGNAL,0.8195578210081519,0.8195578210081519,True,0.3875607337329186,BUY,7405.576736383726,36,4596.345977783203,12001.922714166929,"Aggressive trader saw BULLISH_SIGNAL with bullish_probability=0.82, confidence=0.82, probability_margin=0.70, trend_filter_passed=True, rule=bullish_signal, target_allocation=38.76%."
2024-10-07,2024-10-08,130.2153933149511,132.84449768066406,BEARISH_SIGNAL,0.5676800322334659,0.39516944693922057,True,0.0,EXIT TO CASH,12086.301608360038,0,0.0,12086.301608360038,"Aggressive trader saw BEARISH_SIGNAL with bullish_probability=0.40, confidence=0.57, probability_margin=0.17, trend_filter_passed=True, rule=bearish_exit, target_allocation=0.00%."
2024-10-08,2024-10-09,134.06407522234613,132.6045684814453,BULLISH_SIGNAL,0.5420066111289508,0.5420066111289508,True,0.0,HOLD,12086.301608360038,0,0.0,12086.301608360038,"Aggressive trader saw BULLISH_SIGNAL with bullish_probability=0.54, confidence=0.54, probability_margin=0.15, trend_filter_passed=True, rule=neutral_hold, target_allocation=0.00%."
2024-10-09,2024-10-10,131.86483875930813,134.7638397216797,BULLISH_SIGNAL,0.6543738254969398,0.6543738254969398,True,0.009997315421576607,HOLD,12086.301608360038,0,0.0,12086.301608360038,"Aggressive trader saw BULLISH_SIGNAL with bullish_probability=0.65, confidence=0.65, probability_margin=0.42, trend_filter_passed=True, rule=bullish_signal, target_allocation=1.00%."
2024-10-10,2024-10-11,133.9641223517835,134.7538604736328,BEARISH_SIGNAL,0.5363273429541032,0.42321143783086573,True,0.0,HOLD,12086.301608360038,0,0.0,12086.301608360038,"Aggressive trader saw BEARISH_SIGNAL with bullish_probability=0.42, confidence=0.54, probability_margin=0.11, trend_filter_passed=True, rule=bearish_exit, target_allocation=0.00%."
2024-10-11,2024-10-14,136.42329237635488,138.0227508544922,BULLISH_SIGNAL,0.5538695542414228,0.5538695542414228,True,0.0,HOLD,12086.301608360038,0,0.0,12086.301608360038,"Aggressive trader saw BULLISH_SIGNAL with bullish_probability=0.55, confidence=0.55, probability_margin=0.25, trend_filter_passed=True, rule=neutral_hold, target_allocation=0.00%."
2024-10-14,2024-10-15,137.82280508502743,131.55496215820312,BEARISH_SIGNAL,0.4024986253057276,0.3916062599540828,True,0.0,HOLD,12086.301608360038,0,0.0,12086.301608360038,"Aggressive trader saw BEARISH_SIGNAL with bullish_probability=0.39, confidence=0.40, probability_margin=0.01, trend_filter_passed=True, rule=bearish_exit, target_allocation=0.00%."
2024-10-15,2024-10-16,133.9341283963689,135.6735382080078,BEARISH_SIGNAL,0.6396783170883273,0.20330957155284374,True,0.0,HOLD,12086.301608360038,0,0.0,12086.301608360038,"Aggressive trader saw BEARISH_SIGNAL with bullish_probability=0.20, confidence=0.64, probability_margin=0.44, trend_filter_passed=True, rule=bearish_exit, target_allocation=0.00%."
2024-10-16,2024-10-17,139.2923118529861,136.8831329345703,BULLISH_SIGNAL,0.6080352522746304,0.6080352522746304,True,0.0,HOLD,12086.301608360038,0,0.0,12086.301608360038,"Aggressive trader saw BULLISH_SIGNAL with bullish_probability=0.61, confidence=0.61, probability_margin=0.40, trend_filter_passed=True, rule=neutral_hold, target_allocation=0.00%."
2024-10-17,2024-10-18,138.62252759913224,137.9527587890625,BULLISH_SIGNAL,0.7100961278986603,0.7100961278986603,True,0.1373625780540806,BUY,10559.165770640295,11,1517.4803466796875,12076.646117319982,"Aggressive trader saw BULLISH_SIGNAL with bullish_probability=0.71, confidence=0.71, probability_margin=0.47, trend_filter_passed=True, rule=bullish_signal, target_allocation=13.74%."
2024-10-18,2024-10-21,138.0827206747143,143.6608123779297,BULLISH_SIGNAL,0.43789676307588504,0.43789676307588504,True,0.12575760952264575,HOLD,10559.165770640295,11,1580.2689361572266,12139.434706797521,"Aggressive trader saw BULLISH_SIGNAL with bullish_probability=0.44, confidence=0.44, probability_margin=0.02, trend_filter_passed=True, rule=neutral_hold, target_allocation=12.58%."
2024-10-21,2024-10-22,142.86110303968678,143.54086303710938,BULLISH_SIGNAL,0.46708171560416084,0.46708171560416084,True,0.1295457127533595,HOLD,10559.165770640295,11,1578.9494934082031,12138.115264048498,"Aggressive trader saw BULLISH_SIGNAL with bullish_probability=0.47, confidence=0.47, probability_margin=0.16, trend_filter_passed=True, rule=neutral_hold, target_allocation=12.95%."
2024-10-22,2024-10-23,141.9813779606296,139.51222229003906,BULLISH_SIGNAL,0.3476357577529131,0.3476357577529131,True,0.1288507707282847,HOLD,10559.165770640295,11,1534.6344451904297,12093.800215830724,"Aggressive trader saw BULLISH_SIGNAL with bullish_probability=0.35, confidence=0.35, probability_margin=0.01, trend_filter_passed=True, rule=neutral_hold, target_allocation=12.89%."
2024-10-23,2024-10-24,140.7718017861216,140.3619384765625,BULLISH_SIGNAL,0.443996779570753,0.443996779570753,True,0.12789344791814908,HOLD,10559.165770640295,11,1543.9813232421875,12103.147093882482,"Aggressive trader saw BULLISH_SIGNAL with bullish_probability=0.44, confidence=0.44, probability_margin=0.03, trend_filter_passed=True, rule=neutral_hold, target_allocation=12.79%."
2024-10-24,2024-10-25,140.8817548130095,141.49154663085938,BULLISH_SIGNAL,0.5807486413646713,0.5807486413646713,True,0.1279805575110351,HOLD,10559.165770640295,11,1556.4070129394531,12115.572783579748,"Aggressive trader saw BULLISH_SIGNAL with bullish_probability=0.58, confidence=0.58, probability_margin=0.24, trend_filter_passed=True, rule=neutral_hold, target_allocation=12.80%."
2024-10-25,2024-10-28,142.95105547012693,140.47190856933594,BULLISH_SIGNAL,0.6206611266301969,0.6206611266301969,True,0.12961670852655116,HOLD,10559.165770640295,11,1545.1909942626953,12104.35676490299,"Aggressive trader saw BULLISH_SIGNAL with bullish_probability=0.62, confidence=0.62, probability_margin=0.34, trend_filter_passed=True, rule=neutral_hold, target_allocation=12.96%."
2024-10-28,2024-10-29,140.2419668294209,141.20164489746094,NEUTRAL_SIGNAL,0.6293727125035867,0.2501657209232376,True,0.12747344540617747,HOLD,10559.165770640295,11,1553.2180938720703,12112.383864512365,"Aggressive trader saw NEUTRAL_SIGNAL with bullish_probability=0.25, confidence=0.63, probability_margin=0.38, trend_filter_passed=True, rule=neutral_hold, target_allocation=12.75%."
2024-10-29,2024-10-30,139.49222584841445,139.29229736328125,BULLISH_SIGNAL,0.5985990859197171,0.5985990859197171,True,0.1268784307030675,HOLD,10559.165770640295,11,1532.2152709960938,12091.381041636389,"Aggressive trader saw BULLISH_SIGNAL with bullish_probability=0.60, confidence=0.60, probability_margin=0.37, trend_filter_passed=True, rule=neutral_hold, target_allocation=12.69%."
2024-10-30,2024-10-31,137.55292462080052,132.71456909179688,NEUTRAL_SIGNAL,0.5094928583661411,0.08817143201228146,True,0.125335577778456,HOLD,10559.165770640295,11,1459.8602600097656,12019.02603065006,"Aggressive trader saw NEUTRAL_SIGNAL with bullish_probability=0.09, confidence=0.51, probability_margin=0.11, trend_filter_passed=True, rule=neutral_hold, target_allocation=12.53%."
2024-10-31,2024-11-01,134.65389558133728,135.35365295410156,BEARISH_SIGNAL,0.8324909672954092,0.10008789977638972,True,0.0,EXIT TO CASH,12038.13757335434,0,0.0,12038.13757335434,"Aggressive trader saw BEARISH_SIGNAL with bullish_probability=0.10, confidence=0.83, probability_margin=0.73, trend_filter_passed=True, rule=bearish_exit, target_allocation=0.00%."
2024-11-01,2024-11-04,137.16303982117785,136.00343322753906,BEARISH_SIGNAL,0.9163880690263013,0.03693722464401774,True,0.0,HOLD,12038.13757335434,0,0.0,12038.13757335434,"Aggressive trader saw BEARISH_SIGNAL with bullish_probability=0.04, confidence=0.92, probability_margin=0.87, trend_filter_passed=True, rule=bearish_exit, target_allocation=0.00%."
2024-11-04,2024-11-05,137.40294177771256,139.8621063232422,BEARISH_SIGNAL,0.8521688264586669,0.025782920829607193,True,0.0,HOLD,12038.13757335434,0,0.0,12038.13757335434,"Aggressive trader saw BEARISH_SIGNAL with bullish_probability=0.03, confidence=0.85, probability_margin=0.73, trend_filter_passed=True, rule=bearish_exit, target_allocation=0.00%."
2024-11-05,2024-11-06,142.91106349142868,145.56015014648438,BEARISH_SIGNAL,0.5859908300215462,0.15747120324056302,True,0.0,HOLD,12038.13757335434,0,0.0,12038.13757335434,"Aggressive trader saw BEARISH_SIGNAL with bullish_probability=0.16, confidence=0.59, probability_margin=0.33, trend_filter_passed=True, rule=bearish_exit, target_allocation=0.00%."
2024-11-06,2024-11-07,146.33990241230273,148.8290557861328,NEUTRAL_SIGNAL,0.6412095747542121,0.2694283402064947,True,0.0,HOLD,12038.13757335434,0,0.0,12038.13757335434,"Aggressive trader saw NEUTRAL_SIGNAL with bullish_probability=0.27, confidence=0.64, probability_margin=0.37, trend_filter_passed=True, rule=neutral_hold, target_allocation=0.00%."
2024-11-07,2024-11-08,148.71907691535895,147.5794677734375,BULLISH_SIGNAL,0.9288755047866062,0.9288755047866062,True,0.6374297252265285,BUY,4442.083848950546,51,7526.5528564453125,11968.636705395858,"Aggressive trader saw BULLISH_SIGNAL with bullish_probability=0.93, confidence=0.93, probability_margin=0.89, trend_filter_passed=True, rule=bullish_signal, target_allocation=63.74%."
2024-11-08,2024-11-11,148.6290778599626,145.2102508544922,BEARISH_SIGNAL,0.5061292413095322,0.3749858963664003,True,0.0,EXIT TO CASH,12010.800485393836,0,0.0,12010.800485393836,"Aggressive trader saw BEARISH_SIGNAL with bullish_probability=0.37, confidence=0.51, probability_margin=0.13, trend_filter_passed=True, rule=bearish_exit, target_allocation=0.00%."
2024-11-11,2024-11-12,146.7297346202135,148.2392120361328,BEARISH_SIGNAL,0.5806665640596222,0.355232525360704,True,0.0,HOLD,12010.800485393836,0,0.0,12010.800485393836,"Aggressive trader saw BEARISH_SIGNAL with bullish_probability=0.36, confidence=0.58, probability_margin=0.23, trend_filter_passed=True, rule=bearish_exit, target_allocation=0.00%."
2024-11-12,2024-11-13,149.01896932454213,146.2199249267578,BEARISH_SIGNAL,0.6111784852697006,0.28693478503513653,True,0.0,HOLD,12010.800485393836,0,0.0,12010.800485393836,"Aggressive trader saw BEARISH_SIGNAL with bullish_probability=0.29, confidence=0.61, probability_margin=0.32, trend_filter_passed=True, rule=bearish_exit, target_allocation=0.00%."
2024-11-13,2024-11-14,147.58945090415918,146.70974731445312,BULLISH_SIGNAL,0.45015537557693797,0.45015537557693797,True,0.0,HOLD,12010.800485393836,0,0.0,12010.800485393836,"Aggressive trader saw BULLISH_SIGNAL with bullish_probability=0.45, confidence=0.45, probability_margin=0.11, trend_filter_passed=True, rule=neutral_hold, target_allocation=0.00%."
2024-11-14,2024-11-15,144.8203910682193,141.93138122558594,BEARISH_SIGNAL,0.908840207890298,0.03776582795167072,True,0.0,HOLD,12010.800485393836,0,0.0,12010.800485393836,"Aggressive trader saw BEARISH_SIGNAL with bullish_probability=0.04, confidence=0.91, probability_margin=0.86, trend_filter_passed=True, rule=bearish_exit, target_allocation=0.00%."
2024-11-15,2024-11-18,139.45223367342163,140.1020050048828,BULLISH_SIGNAL,0.5277877092693102,0.5277877092693102,True,0.0,HOLD,12010.800485393836,0,0.0,12010.800485393836,"Aggressive trader saw BULLISH_SIGNAL with bullish_probability=0.53, confidence=0.53, probability_margin=0.28, trend_filter_passed=True, rule=neutral_hold, target_allocation=0.00%."
2024-11-18,2024-11-19,141.27163159656618,146.9596710205078,BEARISH_SIGNAL,0.5021138826497037,0.46744219907182,True,0.0,HOLD,12010.800485393836,0,0.0,12010.800485393836,"Aggressive trader saw BEARISH_SIGNAL with bullish_probability=0.47, confidence=0.50, probability_margin=0.03, trend_filter_passed=True, rule=bearish_exit, target_allocation=0.00%."
2024-11-19,2024-11-20,147.35954130772643,145.84005737304688,BEARISH_SIGNAL,0.7236665668308396,0.2038017408749043,True,0.0,HOLD,12010.800485393836,0,0.0,12010.800485393836,"Aggressive trader saw BEARISH_SIGNAL with bullish_probability=0.20, confidence=0.72, probability_margin=0.52, trend_filter_passed=True, rule=bearish_exit, target_allocation=0.00%."
2024-11-20,2024-11-21,149.29888738883682,146.6197967529297,NEUTRAL_SIGNAL,0.3821268970183871,0.26292812137339877,True,0.0,HOLD,12010.800485393836,0,0.0,12010.800485393836,"Aggressive trader saw NEUTRAL_SIGNAL with bullish_probability=0.26, confidence=0.38, probability_margin=0.03, trend_filter_passed=True, rule=neutral_hold, target_allocation=0.00%."
2024-11-21,2024-11-22,145.88003080645086,141.90139770507812,BULLISH_SIGNAL,0.8027323296456794,0.8027323296456794,True,0.34910246776155296,BUY,7920.03061919891,28,3973.2391357421875,11893.269754941099,"Aggressive trader saw BULLISH_SIGNAL with bullish_probability=0.80, confidence=0.80, probability_margin=0.65, trend_filter_passed=True, rule=bullish_signal, target_allocation=34.91%."
2024-11-22,2024-11-25,141.94140761937004,135.97344970703125,BULLISH_SIGNAL,0.5258868871047968,0.5258868871047968,True,0.3341373035917864,HOLD,7920.03061919891,28,3807.256591796875,11727.287210995786,"Aggressive trader saw BULLISH_SIGNAL with bullish_probability=0.53, confidence=0.53, probability_margin=0.11, trend_filter_passed=True, rule=neutral_hold, target_allocation=33.41%."
2024-11-25,2024-11-26,137.6528702588759,136.87313842773438,BULLISH_SIGNAL,0.9605973385061413,0.9605973385061413,True,0.709936773728323,BUY,3508.529230696531,60,8212.388305664062,11720.917536360594,"Aggressive trader saw BULLISH_SIGNAL with bullish_probability=0.96, confidence=0.96, probability_margin=0.94, trend_filter_passed=True, rule=bullish_signal, target_allocation=70.99%."
2024-11-26,2024-11-27,134.96376655836661,135.2936553955078,BULLISH_SIGNAL,0.5241410936058573,0.5241410936058573,True,0.6977061994982313,HOLD,3508.529230696531,60,8117.619323730469,11626.148554427,"Aggressive trader saw BULLISH_SIGNAL with bullish_probability=0.52, confidence=0.52, probability_margin=0.23, trend_filter_passed=True, rule=neutral_hold, target_allocation=69.77%."
2024-11-27,2024-11-29,136.7331843976686,138.2026824951172,BULLISH_SIGNAL,0.712373636303105,0.712373636303105,True,0.14256831154995428,REDUCE,10061.880574104418,12,1658.4321899414062,11720.312764045824,"Aggressive trader saw BULLISH_SIGNAL with bullish_probability=0.71, confidence=0.71, probability_margin=0.43, trend_filter_passed=True, rule=bullish_signal, target_allocation=14.26%."
2024-11-29,2024-12-02,138.78246325473978,138.58253479003906,BULLISH_SIGNAL,0.663449475392757,0.663449475392757,True,0.03074165804058739,REDUCE,11447.624163615312,2,277.1650695800781,11724.78923319539,"Aggressive trader saw BULLISH_SIGNAL with bullish_probability=0.66, confidence=0.66, probability_margin=0.36, trend_filter_passed=True, rule=bullish_signal, target_allocation=3.07%."
2024-12-02,2024-12-03,138.21267485883047,140.2119903564453,BULLISH_SIGNAL,0.6804690649606828,0.6804690649606828,True,0.06964357705298928,HOLD,11447.624163615312,2,280.4239807128906,11728.048144328202,"Aggressive trader saw BULLISH_SIGNAL with bullish_probability=0.68, confidence=0.68, probability_margin=0.41, trend_filter_passed=True, rule=bullish_signal, target_allocation=6.96%."
2024-12-03,2024-12-04,141.95140715914127,145.09033203125,BULLISH_SIGNAL,0.5766507681708035,0.5766507681708035,True,0.02419998819013836,HOLD,11447.624163615312,2,290.1806640625,11737.804827677812,"Aggressive trader saw BULLISH_SIGNAL with bullish_probability=0.58, confidence=0.58, probability_margin=0.24, trend_filter_passed=True, rule=neutral_hold, target_allocation=2.42%."
2024-12-04,2024-12-05,145.07032934736787,145.0203399658203,NEUTRAL_SIGNAL,0.5665199253923329,0.18586583174240562,True,0.024718561249690695,HOLD,11447.624163615312,2,290.0406799316406,11737.664843546952,"Aggressive trader saw NEUTRAL_SIGNAL with bullish_probability=0.19, confidence=0.57, probability_margin=0.32, trend_filter_passed=True, rule=neutral_hold, target_allocation=2.47%."
2024-12-05,2024-12-06,144.56045967909182,142.4010467529297,BULLISH_SIGNAL,0.8772033903492432,0.8772033903492432,True,0.5193220350839844,BUY,5656.529257661699,42,5980.843963623047,11637.373221284746,"Aggressive trader saw BULLISH_SIGNAL with bullish_probability=0.88, confidence=0.88, probability_margin=0.79, trend_filter_passed=True, rule=bullish_signal, target_allocation=51.93%."
2024-12-06,2024-12-09,138.93199359328304,138.77203369140625,BULLISH_SIGNAL,0.4872813333335046,0.4872813333335046,True,0.5077714738939098,HOLD,5656.529257661699,42,5828.4254150390625,11484.954672700762,"Aggressive trader saw BULLISH_SIGNAL with bullish_probability=0.49, confidence=0.49, probability_margin=0.08, trend_filter_passed=True, rule=neutral_hold, target_allocation=50.78%."
2024-12-09,2024-12-10,138.97197539548316,135.03306579589844,BULLISH_SIGNAL,0.7781103610262391,0.7781103610262391,True,0.29282368234568934,REDUCE,8154.273822192497,24,3240.7935791015625,11395.06740129406,"Aggressive trader saw BULLISH_SIGNAL with bullish_probability=0.78, confidence=0.78, probability_margin=0.67, trend_filter_passed=True, rule=bullish_signal, target_allocation=29.28%."
2024-12-10,2024-12-11,137.32243273699547,139.2718963623047,BULLISH_SIGNAL,0.9580905485678533,0.9580905485678533,True,0.7042069681550932,BUY,3478.3053305837084,58,8077.769989013672,11556.075319597381,"Aggressive trader saw BULLISH_SIGNAL with bullish_probability=0.96, confidence=0.96, probability_margin=0.93, trend_filter_passed=True, rule=bullish_signal, target_allocation=70.42%."
2024-12-11,2024-12-12,137.04252103958567,137.3024444580078,NEUTRAL_SIGNAL,0.5259988603009117,0.41190384872384667,True,0.6956003438857641,HOLD,3478.3053305837084,58,7963.541778564453,11441.847109148162,"Aggressive trader saw NEUTRAL_SIGNAL with bullish_probability=0.41, confidence=0.53, probability_margin=0.11, trend_filter_passed=True, rule=neutral_hold, target_allocation=69.56%."
2024-12-12,2024-12-13,138.9020072444441,134.21328735351562,BULLISH_SIGNAL,0.6775787869653702,0.6775787869653702,True,0.0630372273494176,REDUCE,10829.072685866504,5,671.0664367675781,11500.139122634082,"Aggressive trader saw BULLISH_SIGNAL with bullish_probability=0.68, confidence=0.68, probability_margin=0.47, trend_filter_passed=True, rule=bullish_signal, target_allocation=6.30%."
2024-12-13,2024-12-16,134.14327863720246,131.96388244628906,BULLISH_SIGNAL,0.9190969071641362,0.9190969071641362,True,0.615078644946597,BUY,4514.878336407019,52,6862.121887207031,11377.00022361405,"Aggressive trader saw BULLISH_SIGNAL with bullish_probability=0.92, confidence=0.92, probability_margin=0.84, trend_filter_passed=True, rule=bullish_signal, target_allocation=61.51%."
2024-12-16,2024-12-17,129.0546920799943,130.35433959960938,BULLISH_SIGNAL,0.5668986855527157,0.5668986855527157,True,0.5978095479409359,HOLD,4514.878336407019,52,6778.4256591796875,11293.303995586706,"Aggressive trader saw BULLISH_SIGNAL with bullish_probability=0.57, confidence=0.57, probability_margin=0.23, trend_filter_passed=True, rule=neutral_hold, target_allocation=59.78%."
2024-12-17,2024-12-18,133.82339933223892,128.874755859375,BEARISH_SIGNAL,0.6513923316542253,0.31065755620958985,True,0.0,EXIT TO CASH,11463.26035594391,0,0.0,11463.26035594391,"Aggressive trader saw BEARISH_SIGNAL with bullish_probability=0.31, confidence=0.65, probability_margin=0.34, trend_filter_passed=True, rule=bearish_exit, target_allocation=0.00%."
2024-12-18,2024-12-19,131.72394769790225,130.6442413330078,BEARISH_SIGNAL,0.5060517316480787,0.4769059650360819,True,0.0,HOLD,11463.26035594391,0,0.0,11463.26035594391,"Aggressive trader saw BEARISH_SIGNAL with bullish_probability=0.48, confidence=0.51, probability_margin=0.03, trend_filter_passed=True, rule=bearish_exit, target_allocation=0.00%."
2024-12-19,2024-12-20,129.7745000485284,134.6631622314453,BULLISH_SIGNAL,0.5546033071271957,0.5546033071271957,True,0.0,HOLD,11463.26035594391,0,0.0,11463.26035594391,"Aggressive trader saw BULLISH_SIGNAL with bullish_probability=0.55, confidence=0.55, probability_margin=0.14, trend_filter_passed=True, rule=neutral_hold, target_allocation=0.00%."
2024-12-20,2024-12-23,136.24273302531586,139.63180541992188,BULLISH_SIGNAL,0.9886995870193571,0.9886995870193571,True,0.7741704846156735,BUY,2594.194614939588,65,9076.067352294922,11670.26196723451,"Aggressive trader saw BULLISH_SIGNAL with bullish_probability=0.99, confidence=0.99, probability_margin=0.98, trend_filter_passed=True, rule=bullish_signal, target_allocation=77.42%."
2024-12-23,2024-12-24,139.9617148258363,140.18165588378906,BULLISH_SIGNAL,0.5797126256119367,0.5797126256119367,True,0.7781166754026012,HOLD,2594.194614939588,65,9111.807632446289,11706.002247385877,"Aggressive trader saw BULLISH_SIGNAL with bullish_probability=0.58, confidence=0.58, probability_margin=0.28, trend_filter_passed=True, rule=neutral_hold, target_allocation=77.81%."
2024-12-24,2024-12-26,139.66180603983884,139.89173889160156,BULLISH_SIGNAL,0.8696934474314965,0.8696934474314965,True,0.5021564512719919,REDUCE,5941.0518108199585,41,5735.561294555664,11676.613105375622,"Aggressive trader saw BULLISH_SIGNAL with bullish_probability=0.87, confidence=0.87, probability_margin=0.76, trend_filter_passed=True, rule=bullish_signal, target_allocation=50.22%."
2024-12-26,2024-12-27,138.5121216661011,136.9725341796875,BULLISH_SIGNAL,0.630850501381678,0.630850501381678,True,0.48872402228941453,HOLD,5941.0518108199585,41,5615.8739013671875,11556.925712187145,"Aggressive trader saw BULLISH_SIGNAL with bullish_probability=0.63, confidence=0.63, probability_margin=0.34, trend_filter_passed=True, rule=neutral_hold, target_allocation=48.87%."
2024-12-27,2024-12-30,134.79311660884966,137.452392578125,BULLISH_SIGNAL,0.46223393799445583,0.46223393799445583,True,0.4819258114572873,HOLD,5941.0518108199585,41,5635.548095703125,11576.599906523083,"Aggressive trader saw BULLISH_SIGNAL with bullish_probability=0.46, confidence=0.46, probability_margin=0.05, trend_filter_passed=True, rule=neutral_hold, target_allocation=48.19%."
2024-12-30,2024-12-31,137.99226367763055,134.25328063964844,BEARISH_SIGNAL,0.5981179549101592,0.38390196938373655,True,0.0,EXIT TO CASH,11590.250926228042,0,0.0,11590.250926228042,"Aggressive trader saw BEARISH_SIGNAL with bullish_probability=0.38, confidence=0.60, probability_margin=0.21, trend_filter_passed=True, rule=bearish_exit, target_allocation=0.00%."
2024-12-31,2025-01-02,135.96280522543205,138.2721710205078,BEARISH_SIGNAL,0.5270273704093554,0.44241475708071104,True,0.0,HOLD,11590.250926228042,0,0.0,11590.250926228042,"Aggressive trader saw BEARISH_SIGNAL with bullish_probability=0.44, confidence=0.53, probability_margin=0.08, trend_filter_passed=True, rule=bearish_exit, target_allocation=0.00%."
2025-01-02,2025-01-03,139.9717090810043,144.4304962158203,BULLISH_SIGNAL,0.5230369105616723,0.5230369105616723,True,0.0,HOLD,11590.250926228042,0,0.0,11590.250926228042,"Aggressive trader saw BULLISH_SIGNAL with bullish_probability=0.52, confidence=0.52, probability_margin=0.07, trend_filter_passed=True, rule=neutral_hold, target_allocation=0.00%."
2025-01-03,2025-01-06,148.54936300568127,149.38912963867188,NEUTRAL_SIGNAL,0.37103893234828356,0.35315939189065204,True,0.0,HOLD,11590.250926228042,0,0.0,11590.250926228042,"Aggressive trader saw NEUTRAL_SIGNAL with bullish_probability=0.35, confidence=0.37, probability_margin=0.02, trend_filter_passed=True, rule=neutral_hold, target_allocation=0.00%."
2025-01-06,2025-01-07,152.98814312185272,140.10166931152344,NEUTRAL_SIGNAL,0.45361973889987417,0.44164599684288,True,0.0,HOLD,11590.250926228042,0,0.0,11590.250926228042,"Aggressive trader saw NEUTRAL_SIGNAL with bullish_probability=0.44, confidence=0.45, probability_margin=0.01, trend_filter_passed=True, rule=neutral_hold, target_allocation=0.00%."
2025-01-07,2025-01-08,142.54101155921632,140.07168579101562,BULLISH_SIGNAL,0.8133798943480787,0.8133798943480787,True,0.3734397585098941,BUY,7307.604095816214,30,4202.150573730469,11509.754669546683,"Aggressive trader saw BULLISH_SIGNAL with bullish_probability=0.81, confidence=0.81, probability_margin=0.66, trend_filter_passed=True, rule=bullish_signal, target_allocation=37.34%."
2025-01-08,2025-01-10,137.41242079266553,135.8728485107422,BULLISH_SIGNAL,0.7125572075684778,0.7125572075684778,True,0.1429879030136636,REDUCE,9914.525142302266,11,1494.601333618164,11409.12647592043,"Aggressive trader saw BULLISH_SIGNAL with bullish_probability=0.71, confidence=0.71, probability_margin=0.49, trend_filter_passed=True, rule=bullish_signal, target_allocation=14.30%."
2025-01-10,2025-01-13,129.95446851982027,133.19357299804688,BEARISH_SIGNAL,0.7414412197233505,0.23635715648645023,True,0.0,EXIT TO CASH,11341.880762039287,0,0.0,11341.880762039287,"Aggressive trader saw BEARISH_SIGNAL with bullish_probability=0.24, confidence=0.74, probability_margin=0.51, trend_filter_passed=True, rule=bearish_exit, target_allocation=0.00%."
2025-01-13,2025-01-14,136.01278831507346,131.7239532470703,NEUTRAL_SIGNAL,0.6835424166094854,0.24120598063444398,True,0.0,HOLD,11341.880762039287,0,0.0,11341.880762039287,"Aggressive trader saw NEUTRAL_SIGNAL with bullish_probability=0.24, confidence=0.68, probability_margin=0.44, trend_filter_passed=True, rule=neutral_hold, target_allocation=0.00%."
2025-01-14,2025-01-15,133.61345527658474,136.2027587890625,BEARISH_SIGNAL,0.4910736429795354,0.3815794652475297,True,0.0,HOLD,11341.880762039287,0,0.0,11341.880762039287,"Aggressive trader saw BEARISH_SIGNAL with bullish_probability=0.38, confidence=0.49, probability_margin=0.11, trend_filter_passed=True, rule=bearish_exit, target_allocation=0.00%."
2025-01-15,2025-01-16,138.6020991142272,133.5334930419922,BEARISH_SIGNAL,0.5969030498446783,0.239631847675943,True,0.0,HOLD,11341.880762039287,0,0.0,11341.880762039287,"Aggressive trader saw BEARISH_SIGNAL with bullish_probability=0.24, confidence=0.60, probability_margin=0.36, trend_filter_passed=True, rule=bearish_exit, target_allocation=0.00%."
2025-01-16,2025-01-17,136.65262268416788,137.67234802246094,BEARISH_SIGNAL,0.8132110998919021,0.12326654094500634,True,0.0,HOLD,11341.880762039287,0,0.0,11341.880762039287,"Aggressive trader saw BEARISH_SIGNAL with bullish_probability=0.12, confidence=0.81, probability_margin=0.69, trend_filter_passed=True, rule=bearish_exit, target_allocation=0.00%."
2025-01-17,2025-01-21,139.12194717769367,140.79148864746094,NEUTRAL_SIGNAL,0.4240157031310583,0.1856749793780016,True,0.0,HOLD,11341.880762039287,0,0.0,11341.880762039287,"Aggressive trader saw NEUTRAL_SIGNAL with bullish_probability=0.19, confidence=0.42, probability_margin=0.03, trend_filter_passed=True, rule=neutral_hold, target_allocation=0.00%."
2025-01-21,2025-01-22,144.62047062339892,147.02981567382812,BEARISH_SIGNAL,0.6259550561940694,0.07359329658710202,True,0.0,HOLD,11341.880762039287,0,0.0,11341.880762039287,"Aggressive trader saw BEARISH_SIGNAL with bullish_probability=0.07, confidence=0.63, probability_margin=0.33, trend_filter_passed=True, rule=bearish_exit, target_allocation=0.00%."
2025-01-22,2025-01-23,145.01034368405638,147.17974853515625,BULLISH_SIGNAL,0.564913743525499,0.564913743525499,True,0.0,HOLD,11341.880762039287,0,0.0,11341.880762039287,"Aggressive trader saw BULLISH_SIGNAL with bullish_probability=0.56, confidence=0.56, probability_margin=0.24, trend_filter_passed=True, rule=neutral_hold, target_allocation=0.00%."
2025-01-23,2025-01-24,148.32942123311412,142.58099365234375,BULLISH_SIGNAL,0.8040752236966316,0.8040752236966316,True,0.3521719398780152,BUY,7479.529034267753,26,3707.1058349609375,11186.63486922869,"Aggressive trader saw BULLISH_SIGNAL with bullish_probability=0.80, confidence=0.80, probability_margin=0.62, trend_filter_passed=True, rule=bullish_signal, target_allocation=35.22%."
2025-01-24,2025-01-27,124.76587139934672,118.38761138916016,BULLISH_SIGNAL,0.8094044490716235,0.8094044490716235,True,0.364353026449425,BUY,6854.763621320845,31,3670.015953063965,10524.779574384811,"Aggressive trader saw BULLISH_SIGNAL with bullish_probability=0.81, confidence=0.81, probability_margin=0.64, trend_filter_passed=True, rule=bullish_signal, target_allocation=36.44%."
2025-01-27,2025-01-28,121.77668294561497,128.95472717285156,BULLISH_SIGNAL,0.781110424547153,0.781110424547153,True,0.29968097039349245,REDUCE,7462.734015368535,26,3352.8229064941406,10815.556921862677,"Aggressive trader saw BULLISH_SIGNAL with bullish_probability=0.78, confidence=0.78, probability_margin=0.59, trend_filter_passed=True, rule=bullish_signal, target_allocation=29.97%."
2025-01-28,2025-01-29,126.46541333864903,123.66617584228516,BULLISH_SIGNAL,0.9834938555598103,0.9834938555598103,True,0.7622716698509949,BUY,2649.8373770967164,64,7914.63525390625,10564.472631002965,"Aggressive trader saw BULLISH_SIGNAL with bullish_probability=0.98, confidence=0.98, probability_margin=0.97, trend_filter_passed=True, rule=bullish_signal, target_allocation=76.23%."
2025-01-29,2025-01-30,123.06634175444341,124.61592102050781,BULLISH_SIGNAL,0.9855050217891793,0.9855050217891793,True,0.76686862123241,HOLD,2649.8373770967164,64,7975.4189453125,10625.256322409215,"Aggressive trader saw BULLISH_SIGNAL with bullish_probability=0.99, confidence=0.99, probability_margin=0.97, trend_filter_passed=True, rule=bullish_signal, target_allocation=76.69%."
2025-01-30,2025-01-31,123.74615511454752,120.03717041015625,BULLISH_SIGNAL,0.9440384868170717,0.9440384868170717,True,0.6720879698675924,REDUCE,3514.761561381389,57,6842.118713378906,10356.880274760295,"Aggressive trader saw BULLISH_SIGNAL with bullish_probability=0.94, confidence=0.94, probability_margin=0.89, trend_filter_passed=True, rule=bullish_signal, target_allocation=67.21%."
2025-01-31,2025-02-03,114.71862375628316,116.62810516357422,BULLISH_SIGNAL,0.9257838915403205,0.9257838915403205,True,0.6303631806635898,HOLD,3514.761561381389,57,6647.8019943237305,10162.56355570512,"Aggressive trader saw BULLISH_SIGNAL with bullish_probability=0.93, confidence=0.93, probability_margin=0.87, trend_filter_passed=True, rule=bullish_signal, target_allocation=63.04%."
2025-02-03,2025-02-04,116.92801344303115,118.6175537109375,BEARISH_SIGNAL,0.5508872856294214,0.3923714702837935,True,0.0,EXIT TO CASH,10169.664314933168,0,0.0,10169.664314933168,"Aggressive trader saw BEARISH_SIGNAL with bullish_probability=0.39, confidence=0.55, probability_margin=0.16, trend_filter_passed=True, rule=bearish_exit, target_allocation=0.00%."
2025-02-04,2025-02-05,121.72670769553925,124.79586791992188,BEARISH_SIGNAL,0.809257138378758,0.1666284408334751,True,0.0,HOLD,10169.664314933168,0,0.0,10169.664314933168,"Aggressive trader saw BEARISH_SIGNAL with bullish_probability=0.17, confidence=0.81, probability_margin=0.64, trend_filter_passed=True, rule=bearish_exit, target_allocation=0.00%."
2025-02-05,2025-02-06,127.38515593926263,128.64480590820312,BEARISH_SIGNAL,0.8782189126928963,0.061797093115350414,True,0.0,HOLD,10169.664314933168,0,0.0,10169.664314933168,"Aggressive trader saw BEARISH_SIGNAL with bullish_probability=0.06, confidence=0.88, probability_margin=0.82, trend_filter_passed=True, rule=bearish_exit, target_allocation=0.00%."
2025-02-06,2025-02-07,129.18464838201572,129.80447387695312,BULLISH_SIGNAL,0.735230813857339,0.735230813857339,True,0.19481328881677487,BUY,8228.986965729475,15,1947.0671081542969,10176.054073883772,"Aggressive trader saw BULLISH_SIGNAL with bullish_probability=0.74, confidence=0.74, probability_margin=0.60, trend_filter_passed=True, rule=bullish_signal, target_allocation=19.48%."
2025-02-07,2025-02-10,130.05443339276326,133.5334930419922,BULLISH_SIGNAL,0.515337821862402,0.515337821862402,True,0.19163596893477172,HOLD,8228.986965729475,15,2003.0023956298828,10231.989361359358,"Aggressive trader saw BULLISH_SIGNAL with bullish_probability=0.52, confidence=0.52, probability_margin=0.06, trend_filter_passed=True, rule=neutral_hold, target_allocation=19.16%."
2025-02-10,2025-02-11,132.54376130884148,132.76370239257812,BULLISH_SIGNAL,0.6882600917691527,0.6882600917691527,True,0.08745163832949186,REDUCE,9420.092073178304,6,796.5822143554688,10216.674287533773,"Aggressive trader saw BULLISH_SIGNAL with bullish_probability=0.69, confidence=0.69, probability_margin=0.41, trend_filter_passed=True, rule=bullish_signal, target_allocation=8.75%."
2025-02-11,2025-02-12,129.9844674915493,131.10415649414062,BULLISH_SIGNAL,0.8325107818184565,0.8325107818184565,True,0.41716750129932917,BUY,6035.4248343677755,32,4195.3330078125,10230.757842180275,"Aggressive trader saw BULLISH_SIGNAL with bullish_probability=0.83, confidence=0.83, probability_margin=0.69, trend_filter_passed=True, rule=bullish_signal, target_allocation=41.72%."
2025-02-12,2025-02-13,131.52401516963508,135.25299072265625,BULLISH_SIGNAL,0.8766168677130426,0.8766168677130426,True,0.5179814119155259,BUY,4981.6538987325985,40,5410.11962890625,10391.773527638848,"Aggressive trader saw BULLISH_SIGNAL with bullish_probability=0.88, confidence=0.88, probability_margin=0.80, trend_filter_passed=True, rule=bullish_signal, target_allocation=51.80%."
2025-02-13,2025-02-14,136.44266486168982,138.81202697753906,BULLISH_SIGNAL,0.8124735588745282,0.8124735588745282,True,0.3713681345703502,REDUCE,6616.510727761355,28,3886.7367553710938,10503.247483132449,"Aggressive trader saw BULLISH_SIGNAL with bullish_probability=0.81, confidence=0.81, probability_margin=0.70, trend_filter_passed=True, rule=bullish_signal, target_allocation=37.14%."
2025-02-14,2025-02-18,141.23137649622348,139.36187744140625,BULLISH_SIGNAL,0.5066388945374313,0.5066388945374313,True,0.37408783993809586,HOLD,6616.510727761355,28,3902.132568359375,10518.64329612073,"Aggressive trader saw BULLISH_SIGNAL with bullish_probability=0.51, confidence=0.51, probability_margin=0.07, trend_filter_passed=True, rule=neutral_hold, target_allocation=37.41%."
2025-02-18,2025-02-19,139.47184726600554,139.19192504882812,BULLISH_SIGNAL,0.711751596555146,0.711751596555146,True,0.14114650641176218,REDUCE,9123.239493919898,10,1391.9192504882812,10515.15874440818,"Aggressive trader saw BULLISH_SIGNAL with bullish_probability=0.71, confidence=0.71, probability_margin=0.45, trend_filter_passed=True, rule=bullish_signal, target_allocation=14.11%."
2025-02-19,2025-02-20,139.991705837455,140.07168579101562,BULLISH_SIGNAL,0.8903860326846019,0.8903860326846019,True,0.5494537889933758,BUY,4776.984828765912,41,5742.939117431641,10519.923946197552,"Aggressive trader saw BULLISH_SIGNAL with bullish_probability=0.89, confidence=0.89, probability_margin=0.79, trend_filter_passed=True, rule=bullish_signal, target_allocation=54.95%."
2025-02-20,2025-02-21,140.0017008694862,134.3932342529297,BULLISH_SIGNAL,0.7196903437374622,0.7196903437374622,True,0.15929221425705645,REDUCE,8970.737878336886,11,1478.3255767822266,10449.063455119112,"Aggressive trader saw BULLISH_SIGNAL with bullish_probability=0.72, confidence=0.72, probability_margin=0.46, trend_filter_passed=True, rule=bullish_signal, target_allocation=15.93%."
2025-02-21,2025-02-24,136.52266681200447,130.244384765625,BULLISH_SIGNAL,0.6753942905105504,0.6753942905105504,True,0.05804409259554383,REDUCE,9924.963535848725,4,520.9775390625,10445.941074911225,"Aggressive trader saw BULLISH_SIGNAL with bullish_probability=0.68, confidence=0.68, probability_margin=0.48, trend_filter_passed=True, rule=bullish_signal, target_allocation=5.80%."
2025-02-24,2025-02-25,129.94445760453814,126.59537506103516,BULLISH_SIGNAL,0.7749211382573691,0.7749211382573691,True,0.2855340303025579,BUY,7582.453629111597,22,2785.0982513427734,10367.551880454372,"Aggressive trader saw BULLISH_SIGNAL with bullish_probability=0.77, confidence=0.77, probability_margin=0.58, trend_filter_passed=True, rule=bullish_signal, target_allocation=28.55%."
2025-02-25,2025-02-26,129.95446947322534,131.24411010742188,BEARISH_SIGNAL,0.9275316696352905,0.03477523553212416,True,0.0,EXIT TO CASH,10437.164889529104,0,0.0,10437.164889529104,"Aggressive trader saw BEARISH_SIGNAL with bullish_probability=0.03, confidence=0.93, probability_margin=0.89, trend_filter_passed=True, rule=bearish_exit, target_allocation=0.00%."
2025-02-26,2025-02-27,134.96308744670299,120.11714935302734,BEARISH_SIGNAL,0.6063350835237488,0.176533687033768,True,0.0,HOLD,10437.164889529104,0,0.0,10437.164889529104,"Aggressive trader saw BEARISH_SIGNAL with bullish_probability=0.18, confidence=0.61, probability_margin=0.39, trend_filter_passed=True, rule=bearish_exit, target_allocation=0.00%."
2025-02-27,2025-02-28,117.98772650698133,124.8858413696289,BULLISH_SIGNAL,0.7456547723456235,0.7456547723456235,True,0.21863947964713937,BUY,8192.034314807608,19,2372.830986022949,10564.865300830557,"Aggressive trader saw BULLISH_SIGNAL with bullish_probability=0.75, confidence=0.75, probability_margin=0.51, trend_filter_passed=True, rule=bullish_signal, target_allocation=21.86%."
2025-02-28,2025-03-03,123.47622912906817,114.02880859375,BEARISH_SIGNAL,0.832529054233322,0.14235238251791607,True,0.0,EXIT TO CASH,10534.564768753902,0,0.0,10534.564768753902,"Aggressive trader saw BEARISH_SIGNAL with bullish_probability=0.14, confidence=0.83, probability_margin=0.69, trend_filter_passed=True, rule=bearish_exit, target_allocation=0.00%."
2025-03-03,2025-03-04,110.6197462594264,115.95828247070312,BULLISH_SIGNAL,0.6775064802065872,0.6775064802065872,True,0.06287195475791359,BUY,9980.636112810458,5,579.7914123535156,10560.427525163974,"Aggressive trader saw BULLISH_SIGNAL with bullish_probability=0.68, confidence=0.68, probability_margin=0.39, trend_filter_passed=True, rule=bullish_signal, target_allocation=6.29%."
2025-03-04,2025-03-05,117.54784364725772,117.2679214477539,BEARISH_SIGNAL,0.8047116348682654,0.17045449149530373,True,0.0,EXIT TO CASH,10567.494016089002,0,0.0,10567.494016089002,"Aggressive trader saw BEARISH_SIGNAL with bullish_probability=0.17, confidence=0.80, probability_margin=0.63, trend_filter_passed=True, rule=bearish_exit, target_allocation=0.00%."
2025-03-05,2025-03-06,113.49895407905146,110.53976440429688,BEARISH_SIGNAL,0.6469310962207369,0.18108438805953045,True,0.0,HOLD,10567.494016089002,0,0.0,10567.494016089002,"Aggressive trader saw BEARISH_SIGNAL with bullish_probability=0.18, confidence=0.65, probability_margin=0.47, trend_filter_passed=True, rule=bearish_exit, target_allocation=0.00%."
2025-03-06,2025-03-07,111.21957864470976,112.65918731689453,BULLISH_SIGNAL,0.7997386325256522,0.7997386325256522,True,0.3422597314872051,BUY,7003.127180170086,32,3605.093994140625,10608.221174310711,"Aggressive trader saw BULLISH_SIGNAL with bullish_probability=0.80, confidence=0.80, probability_margin=0.66, trend_filter_passed=True, rule=bullish_signal, target_allocation=34.23%."
2025-03-07,2025-03-10,109.86995202425706,106.95075225830078,BULLISH_SIGNAL,0.8768697374343197,0.8768697374343197,True,0.5185593998498738,BUY,5132.535378086505,49,5240.586860656738,10373.122238743243,"Aggressive trader saw BULLISH_SIGNAL with bullish_probability=0.88, confidence=0.88, probability_margin=0.80, trend_filter_passed=True, rule=bullish_signal, target_allocation=51.86%."
2025-03-10,2025-03-11,106.96074247458567,108.73026275634766,BULLISH_SIGNAL,0.9620428838808945,0.9620428838808945,True,0.7132408774420447,BUY,2990.1106367131297,69,7502.388130187988,10492.498766901117,"Aggressive trader saw BULLISH_SIGNAL with bullish_probability=0.96, confidence=0.96, probability_margin=0.93, trend_filter_passed=True, rule=bullish_signal, target_allocation=71.32%."
2025-03-11,2025-03-12,114.09930053195751,115.71900177001953,BULLISH_SIGNAL,0.9753514754731889,0.9753514754731889,True,0.7436605153672889,HOLD,2990.1106367131297,69,7984.611122131348,10974.721758844476,"Aggressive trader saw BULLISH_SIGNAL with bullish_probability=0.98, confidence=0.98, probability_margin=0.95, trend_filter_passed=True, rule=bullish_signal, target_allocation=74.37%."
2025-03-12,2025-03-13,117.00876245655117,115.55902862548828,BULLISH_SIGNAL,0.9225452353147996,0.9225452353147996,True,0.622960537862399,REDUCE,4275.277022702853,58,6702.42366027832,10977.700682981173,"Aggressive trader saw BULLISH_SIGNAL with bullish_probability=0.92, confidence=0.92, probability_margin=0.87, trend_filter_passed=True, rule=bullish_signal, target_allocation=62.30%."
2025-03-13,2025-03-14,118.58847644066721,121.64791870117188,BULLISH_SIGNAL,0.9120047589270702,0.9120047589270702,True,0.598868020404732,HOLD,4275.277022702853,58,7055.579284667969,11330.856307370821,"Aggressive trader saw BULLISH_SIGNAL with bullish_probability=0.91, confidence=0.91, probability_margin=0.85, trend_filter_passed=True, rule=bullish_signal, target_allocation=59.89%."
2025-03-14,2025-03-17,122.71772499646224,119.50830841064453,BULLISH_SIGNAL,0.7087179135981074,0.7087179135981074,True,0.13421237393853122,REDUCE,9911.827672023035,12,1434.0997009277344,11345.92737295077,"Aggressive trader saw BULLISH_SIGNAL with bullish_probability=0.71, confidence=0.71, probability_margin=0.45, trend_filter_passed=True, rule=bullish_signal, target_allocation=13.42%."
2025-03-17,2025-03-18,117.97858323274161,115.40904998779297,BULLISH_SIGNAL,0.8233173155616008,0.8233173155616008,True,0.39615386414080184,BUY,6839.781809504095,38,4385.543899536133,11225.325709040228,"Aggressive trader saw BULLISH_SIGNAL with bullish_probability=0.82, confidence=0.82, probability_margin=0.66, trend_filter_passed=True, rule=bullish_signal, target_allocation=39.62%."
2025-03-18,2025-03-19,117.24871784817985,117.49867248535156,BULLISH_SIGNAL,0.9855512181518402,0.9855512181518402,True,0.766974212918492,BUY,2729.9190752782088,73,8577.403091430664,11307.322166708873,"Aggressive trader saw BULLISH_SIGNAL with bullish_probability=0.99, confidence=0.99, probability_margin=0.98, trend_filter_passed=True, rule=bullish_signal, target_allocation=76.70%."
2025-03-19,2025-03-20,116.5288475567653,118.50848388671875,BULLISH_SIGNAL,0.910581836323899,0.910581836323899,True,0.5956156258831977,REDUCE,4591.584876075872,57,6754.983581542969,11346.56845761884,"Aggressive trader saw BULLISH_SIGNAL with bullish_probability=0.91, confidence=0.91, probability_margin=0.83, trend_filter_passed=True, rule=bullish_signal, target_allocation=59.56%."
2025-03-20,2025-03-21,116.91877807414131,117.67863464355469,BULLISH_SIGNAL,0.9383552542191803,0.9383552542191803,True,0.659097723929555,BUY,3889.0195878720224,63,7413.753982543945,11302.773570415968,"Aggressive trader saw BULLISH_SIGNAL with bullish_probability=0.94, confidence=0.94, probability_margin=0.88, trend_filter_passed=True, rule=bullish_signal, target_allocation=65.91%."
2025-03-21,2025-03-24,119.85824123014483,121.38796997070312,BULLISH_SIGNAL,0.899067968187575,0.899067968187575,True,0.5692982130001714,REDUCE,4966.1262120488045,54,6554.950378417969,11521.076590466773,"Aggressive trader saw BULLISH_SIGNAL with bullish_probability=0.90, confidence=0.90, probability_margin=0.80, trend_filter_passed=True, rule=bullish_signal, target_allocation=56.93%."
2025-03-24,2025-03-25,120.52812446850508,120.66809844970703,BULLISH_SIGNAL,0.5006506804873975,0.5006506804873975,True,0.5672087248977922,HOLD,4966.1262120488045,54,6516.07731628418,11482.203528332984,"Aggressive trader saw BULLISH_SIGNAL with bullish_probability=0.50, confidence=0.50, probability_margin=0.01, trend_filter_passed=True, rule=neutral_hold, target_allocation=56.72%."
2025-03-25,2025-03-26,118.70845626054094,113.7393569946289,BULLISH_SIGNAL,0.975277084390587,0.975277084390587,True,0.7434904786070561,BUY,2945.0543809630867,71,8075.494346618652,11020.54872758174,"Aggressive trader saw BULLISH_SIGNAL with bullish_probability=0.98, confidence=0.98, probability_margin=0.96, trend_filter_passed=True, rule=bullish_signal, target_allocation=74.35%."
2025-03-26,2025-03-27,111.32979509417153,111.40978240966797,BULLISH_SIGNAL,0.9533822273747018,0.9533822273747018,True,0.6934450911421756,HOLD,2945.0543809630867,71,7910.094551086426,10855.148932049513,"Aggressive trader saw BULLISH_SIGNAL with bullish_probability=0.95, confidence=0.95, probability_margin=0.93, trend_filter_passed=True, rule=bullish_signal, target_allocation=69.34%."
2025-03-27,2025-03-28,111.46977019973694,109.65010070800781,BULLISH_SIGNAL,0.8752754892656289,0.8752754892656289,True,0.5149154040357232,REDUCE,5282.409427828858,50,5482.505035400391,10764.914463229248,"Aggressive trader saw BULLISH_SIGNAL with bullish_probability=0.88, confidence=0.88, probability_margin=0.77, trend_filter_passed=True, rule=bullish_signal, target_allocation=51.49%."
2025-03-28,2025-03-31,105.11091847763528,108.3603286743164,BULLISH_SIGNAL,0.8596880879525337,0.8596880879525337,True,0.47928705817721995,HOLD,5282.409427828858,50,5418.01643371582,10700.425861544678,"Aggressive trader saw BULLISH_SIGNAL with bullish_probability=0.86, confidence=0.86, probability_margin=0.76, trend_filter_passed=True, rule=bullish_signal, target_allocation=47.93%."
2025-03-31,2025-04-01,108.50029591126088,110.1300048828125,BEARISH_SIGNAL,0.386996002223496,0.24701144682717008,True,0.0,EXIT TO CASH,10699.289413705956,0,0.0,10699.289413705956,"Aggressive trader saw BEARISH_SIGNAL with bullish_probability=0.25, confidence=0.39, probability_margin=0.02, trend_filter_passed=True, rule=bearish_exit, target_allocation=0.00%."
2025-04-01,2025-04-02,107.2705266243207,110.39995574951172,BEARISH_SIGNAL,0.5557809368945661,0.27761713409415867,True,0.0,HOLD,10699.289413705956,0,0.0,10699.289413705956,"Aggressive trader saw BEARISH_SIGNAL with bullish_probability=0.28, confidence=0.56, probability_margin=0.28, trend_filter_passed=True, rule=bearish_exit, target_allocation=0.00%."
2025-04-02,2025-04-03,103.49121334940355,101.78152465820312,BEARISH_SIGNAL,0.7095648601028256,0.24686542203154707,True,0.0,HOLD,10699.289413705956,0,0.0,10699.289413705956,"Aggressive trader saw BEARISH_SIGNAL with bullish_probability=0.25, confidence=0.71, probability_margin=0.46, trend_filter_passed=True, rule=bearish_exit, target_allocation=0.00%."
2025-04-03,2025-04-04,98.89205625014841,94.29288482666016,BULLISH_SIGNAL,0.5115887601306582,0.5115887601306582,True,0.0,HOLD,10699.289413705956,0,0.0,10699.289413705956,"Aggressive trader saw BULLISH_SIGNAL with bullish_probability=0.51, confidence=0.51, probability_margin=0.23, trend_filter_passed=True, rule=neutral_hold, target_allocation=0.00%."
2025-04-04,2025-04-07,87.444123819458,97.62227630615234,BULLISH_SIGNAL,0.9841478266132371,0.9841478266132371,True,0.7637664608302562,BUY,2554.7833770717907,93,9078.871696472168,11633.65507354396,"Aggressive trader saw BULLISH_SIGNAL with bullish_probability=0.98, confidence=0.98, probability_margin=0.97, trend_filter_passed=True, rule=bullish_signal, target_allocation=76.38%."
2025-04-07,2025-04-08,103.79115551332612,96.28252410888672,BULLISH_SIGNAL,0.7160643639410331,0.7160643639410331,True,0.1510042604366471,REDUCE,10431.082948419968,17,1636.8029098510742,12067.885858271042,"Aggressive trader saw BULLISH_SIGNAL with bullish_probability=0.72, confidence=0.72, probability_margin=0.44, trend_filter_passed=True, rule=bullish_signal, target_allocation=15.10%."
2025-04-08,2025-04-09,98.87204993981901,114.30924987792969,BULLISH_SIGNAL,0.9288559665798793,0.9288559665798793,True,0.6373850664682957,BUY,4390.838093923991,78,8916.121490478516,13306.959584402506,"Aggressive trader saw BULLISH_SIGNAL with bullish_probability=0.93, confidence=0.93, probability_margin=0.86, trend_filter_passed=True, rule=bullish_signal, target_allocation=63.74%."
2025-04-09,2025-04-10,109.35015243101728,107.55047607421875,BULLISH_SIGNAL,0.7319525893279669,0.7319525893279669,True,0.18732020417821008,REDUCE,10505.264279061023,22,2366.1104736328125,12871.374752693835,"Aggressive trader saw BULLISH_SIGNAL with bullish_probability=0.73, confidence=0.73, probability_margin=0.50, trend_filter_passed=True, rule=bullish_signal, target_allocation=18.73%."
2025-04-10,2025-04-11,108.4803070767672,110.90986633300781,BULLISH_SIGNAL,0.8611751554423341,0.8611751554423341,True,0.482686069582478,BUY,6702.756416847266,57,6321.862380981445,13024.618797828713,"Aggressive trader saw BULLISH_SIGNAL with bullish_probability=0.86, confidence=0.86, probability_margin=0.75, trend_filter_passed=True, rule=bullish_signal, target_allocation=48.27%."
2025-04-11,2025-04-14,114.08928762467488,110.68990325927734,BULLISH_SIGNAL,0.5544252231662524,0.5544252231662524,True,0.4924402031838194,HOLD,6702.756416847266,57,6309.324485778809,13012.080902626076,"Aggressive trader saw BULLISH_SIGNAL with bullish_probability=0.55, confidence=0.55, probability_margin=0.12, trend_filter_passed=True, rule=neutral_hold, target_allocation=49.24%."
2025-04-14,2025-04-15,110.94986159507806,112.17963409423828,BULLISH_SIGNAL,0.8748029060775271,0.8748029060775271,True,0.5138352138914904,HOLD,6702.756416847266,57,6394.239143371582,13096.99556021885,"Aggressive trader saw BULLISH_SIGNAL with bullish_probability=0.87, confidence=0.87, probability_margin=0.77, trend_filter_passed=True, rule=bullish_signal, target_allocation=51.38%."
2025-04-15,2025-04-16,104.53103311878802,104.47103881835938,BULLISH_SIGNAL,0.6893574366542013,0.6893574366542013,True,0.08995985520960305,REDUCE,11608.347992074707,10,1044.7103881835938,12653.0583802583,"Aggressive trader saw BULLISH_SIGNAL with bullish_probability=0.69, confidence=0.69, probability_margin=0.53, trend_filter_passed=True, rule=bullish_signal, target_allocation=9.00%."
2025-04-16,2025-04-17,104.43103458781992,101.47157287597656,BULLISH_SIGNAL,0.9506625351113275,0.9506625351113275,True,0.6872286516830343,BUY,3973.443457143724,83,8422.140548706055,12395.584005849778,"Aggressive trader saw BULLISH_SIGNAL with bullish_probability=0.95, confidence=0.95, probability_margin=0.91, trend_filter_passed=True, rule=bullish_signal, target_allocation=68.72%."
2025-04-17,2025-04-21,98.75207336541831,96.89241790771484,BULLISH_SIGNAL,0.9863067966801805,0.9863067966801805,True,0.7687012495546983,BUY,2885.54069777719,94,9107.887283325195,11993.427981102384,"Aggressive trader saw BULLISH_SIGNAL with bullish_probability=0.99, confidence=0.99, probability_margin=0.97, trend_filter_passed=True, rule=bullish_signal, target_allocation=76.87%."
2025-04-21,2025-04-22,98.76206678289148,98.8720474243164,BULLISH_SIGNAL,0.8663011082504084,0.8663011082504084,True,0.4944025331437907,REDUCE,6238.415781944708,60,5932.322845458984,12170.738627403693,"Aggressive trader saw BULLISH_SIGNAL with bullish_probability=0.87, confidence=0.87, probability_margin=0.74, trend_filter_passed=True, rule=bullish_signal, target_allocation=49.44%."
2025-04-22,2025-04-23,104.5010295750129,102.69136047363281,BULLISH_SIGNAL,0.8256143289289104,0.8256143289289104,True,0.4014041804089381,REDUCE,7490.54774531869,48,4929.185302734375,12419.733048053065,"Aggressive trader saw BULLISH_SIGNAL with bullish_probability=0.83, confidence=0.83, probability_margin=0.69, trend_filter_passed=True, rule=bullish_signal, target_allocation=40.14%."
2025-04-23,2025-04-24,103.46122117055545,106.41068267822266,BULLISH_SIGNAL,0.624252711907405,0.624252711907405,True,0.3986725259081275,HOLD,7490.54774531869,48,5107.7127685546875,12598.260513873378,"Aggressive trader saw BULLISH_SIGNAL with bullish_probability=0.62, confidence=0.62, probability_margin=0.25, trend_filter_passed=True, rule=neutral_hold, target_allocation=39.87%."
2025-04-24,2025-04-25,106.83061166162848,110.98986053466797,BULLISH_SIGNAL,0.6962653693031325,0.6962653693031325,True,0.10574941555001721,REDUCE,11330.682835058598,12,1331.8783264160156,12662.561161474614,"Aggressive trader saw BULLISH_SIGNAL with bullish_probability=0.70, confidence=0.70, probability_margin=0.45, trend_filter_passed=True, rule=bullish_signal, target_allocation=10.57%."
2025-04-25,2025-04-28,109.67009863041305,108.71027374267578,NEUTRAL_SIGNAL,0.46429869932381534,0.46200921093157754,True,0.10406182515147445,HOLD,11330.682835058598,12,1304.5232849121094,12635.206119970708,"Aggressive trader saw NEUTRAL_SIGNAL with bullish_probability=0.46, confidence=0.46, probability_margin=0.00, trend_filter_passed=True, rule=neutral_hold, target_allocation=10.41%."
2025-04-28,2025-04-29,107.65046012276234,109.00021362304688,BULLISH_SIGNAL,0.7888006411821682,0.7888006411821682,True,0.3172586084163844,BUY,8635.383094104185,37,4033.0079040527344,12668.39099815692,"Aggressive trader saw BULLISH_SIGNAL with bullish_probability=0.79, confidence=0.79, probability_margin=0.66, trend_filter_passed=True, rule=bullish_signal, target_allocation=31.73%."
2025-04-29,2025-04-30,104.45104108413872,108.90023040771484,BULLISH_SIGNAL,0.8402978540464155,0.8402978540464155,True,0.4349665235346641,BUY,7066.2665460349035,52,5662.811981201172,12729.078527236075,"Aggressive trader saw BULLISH_SIGNAL with bullish_probability=0.84, confidence=0.84, probability_margin=0.74, trend_filter_passed=True, rule=bullish_signal, target_allocation=43.50%."
2025-04-30,2025-05-01,113.05947899879722,111.5897445678711,BULLISH_SIGNAL,0.8086792043016944,0.8086792043016944,True,0.3626953241181586,REDUCE,8308.055955445327,41,4575.179527282715,12883.235482728041,"Aggressive trader saw BULLISH_SIGNAL with bullish_probability=0.81, confidence=0.81, probability_margin=0.63, trend_filter_passed=True, rule=bullish_signal, target_allocation=36.27%."
2025-05-01,2025-05-02,114.15928352450368,114.4792251586914,BULLISH_SIGNAL,0.8838480281662248,0.8838480281662248,True,0.5345097786656566,BUY,6135.774944386115,60,6868.753509521484,13004.528453907598,"Aggressive trader saw BULLISH_SIGNAL with bullish_probability=0.88, confidence=0.88, probability_margin=0.79, trend_filter_passed=True, rule=bullish_signal, target_allocation=53.45%."
2025-05-02,2025-05-05,112.88951601094917,113.79934692382812,NEUTRAL_SIGNAL,0.5711034694374669,0.3974039063021284,True,0.5246955151394544,HOLD,6135.774944386115,60,6827.9608154296875,12963.735759815801,"Aggressive trader saw NEUTRAL_SIGNAL with bullish_probability=0.40, confidence=0.57, probability_margin=0.17, trend_filter_passed=True, rule=neutral_hold, target_allocation=52.47%."
2025-05-05,2025-05-06,111.45977773347964,113.51940155029297,BULLISH_SIGNAL,0.9076414180523013,0.9076414180523013,True,0.5888946698338314,BUY,5354.385782476334,67,7605.799903869629,12960.185686345962,"Aggressive trader saw BULLISH_SIGNAL with bullish_probability=0.91, confidence=0.91, probability_margin=0.85, trend_filter_passed=True, rule=bullish_signal, target_allocation=58.89%."
2025-05-06,2025-05-07,113.02949042053457,117.03875732421875,BULLISH_SIGNAL,0.7188849809826187,0.7188849809826187,True,0.15745138510312834,REDUCE,10884.525914759135,18,2106.6976318359375,12991.223546595073,"Aggressive trader saw BULLISH_SIGNAL with bullish_probability=0.72, confidence=0.72, probability_margin=0.51, trend_filter_passed=True, rule=bullish_signal, target_allocation=15.75%."
2025-05-07,2025-05-08,118.22854670795566,117.34870910644531,BULLISH_SIGNAL,0.608955694888908,0.608955694888908,True,0.16354205455071777,HOLD,10884.525914759135,18,2112.2767639160156,12996.80267867515,"Aggressive trader saw BULLISH_SIGNAL with bullish_probability=0.61, confidence=0.61, probability_margin=0.26, trend_filter_passed=True, rule=neutral_hold, target_allocation=16.35%."
2025-05-08,2025-05-09,117.32869985728382,116.62882995605469,BULLISH_SIGNAL,0.6958199715415284,0.6958199715415284,True,0.10473136352349349,REDUCE,11704.59527306207,11,1282.9171295166016,12987.512402578672,"Aggressive trader saw BULLISH_SIGNAL with bullish_probability=0.70, confidence=0.70, probability_margin=0.45, trend_filter_passed=True, rule=bullish_signal, target_allocation=10.47%."
2025-05-09,2025-05-12,121.94787211512306,122.9776840209961,BULLISH_SIGNAL,0.843525805070617,0.843525805070617,True,0.4423446973042675,BUY,7307.884496761726,47,5779.951148986816,13087.835645748542,"Aggressive trader saw BULLISH_SIGNAL with bullish_probability=0.84, confidence=0.84, probability_margin=0.74, trend_filter_passed=True, rule=bullish_signal, target_allocation=44.23%."
2025-05-12,2025-05-13,124.95732666651305,129.9064178466797,BEARISH_SIGNAL,0.8062367909283252,0.02226837712331551,True,0.0,EXIT TO CASH,13172.072295055026,0,0.0,13172.072295055026,"Aggressive trader saw BEARISH_SIGNAL with bullish_probability=0.02, confidence=0.81, probability_margin=0.63, trend_filter_passed=True, rule=bearish_exit, target_allocation=0.00%."
2025-05-13,2025-05-14,133.17581874633882,135.3154296875,NEUTRAL_SIGNAL,0.587015532411721,0.21114522648199296,True,0.0,HOLD,13172.072295055026,0,0.0,13172.072295055026,"Aggressive trader saw NEUTRAL_SIGNAL with bullish_probability=0.21, confidence=0.59, probability_margin=0.38, trend_filter_passed=True, rule=neutral_hold, target_allocation=0.00%."
2025-05-14,2025-05-15,134.2656162138544,134.80552673339844,NEUTRAL_SIGNAL,0.532502948675974,0.04951685947760159,True,0.0,HOLD,13172.072295055026,0,0.0,13172.072295055026,"Aggressive trader saw NEUTRAL_SIGNAL with bullish_probability=0.05, confidence=0.53, probability_margin=0.11, trend_filter_passed=True, rule=neutral_hold, target_allocation=0.00%."
2025-05-15,2025-05-16,136.19528579014883,135.37542724609375,NEUTRAL_SIGNAL,0.5415037965470363,0.23574846651466685,True,0.0,HOLD,13172.072295055026,0,0.0,13172.072295055026,"Aggressive trader saw NEUTRAL_SIGNAL with bullish_probability=0.24, confidence=0.54, probability_margin=0.31, trend_filter_passed=True, rule=neutral_hold, target_allocation=0.00%."
2025-05-16,2025-05-19,132.36596428610483,135.54539489746094,BULLISH_SIGNAL,0.39382456262003174,0.39382456262003174,True,0.0,HOLD,13172.072295055026,0,0.0,13172.072295055026,"Aggressive trader saw BULLISH_SIGNAL with bullish_probability=0.39, confidence=0.39, probability_margin=0.01, trend_filter_passed=True, rule=neutral_hold, target_allocation=0.00%."
2025-05-19,2025-05-20,134.26561082544316,134.35560607910156,BULLISH_SIGNAL,0.5753956195557254,0.5753956195557254,True,0.0,HOLD,13172.072295055026,0,0.0,13172.072295055026,"Aggressive trader saw BULLISH_SIGNAL with bullish_probability=0.58, confidence=0.58, probability_margin=0.28, trend_filter_passed=True, rule=neutral_hold, target_allocation=0.00%."
2025-05-20,2025-05-21,133.0358430493297,131.7760772705078,BULLISH_SIGNAL,0.6191389079401883,0.6191389079401883,True,0.0,HOLD,13172.072295055026,0,0.0,13172.072295055026,"Aggressive trader saw BULLISH_SIGNAL with bullish_probability=0.62, confidence=0.62, probability_margin=0.29, trend_filter_passed=True, rule=neutral_hold, target_allocation=0.00%."
2025-05-21,2025-05-22,132.20599574301846,132.80589294433594,BEARISH_SIGNAL,0.5278222693606801,0.39280667126602936,True,0.0,HOLD,13172.072295055026,0,0.0,13172.072295055026,"Aggressive trader saw BEARISH_SIGNAL with bullish_probability=0.39, confidence=0.53, probability_margin=0.14, trend_filter_passed=True, rule=bearish_exit, target_allocation=0.00%."
2025-05-22,2025-05-23,129.97641506418768,131.26617431640625,BULLISH_SIGNAL,0.5608710724848633,0.5608710724848633,True,0.0,HOLD,13172.072295055026,0,0.0,13172.072295055026,"Aggressive trader saw BULLISH_SIGNAL with bullish_probability=0.56, confidence=0.56, probability_margin=0.22, trend_filter_passed=True, rule=neutral_hold, target_allocation=0.00%."
2025-05-23,2025-05-27,134.1256417936587,135.47540283203125,BULLISH_SIGNAL,0.5246811709118877,0.5246811709118877,True,0.0,HOLD,13172.072295055026,0,0.0,13172.072295055026,"Aggressive trader saw BULLISH_SIGNAL with bullish_probability=0.52, confidence=0.52, probability_margin=0.28, trend_filter_passed=True, rule=neutral_hold, target_allocation=0.00%."
2025-05-27,2025-05-28,136.00531758419635,134.78553771972656,NEUTRAL_SIGNAL,0.8758826167243612,0.05582907619177966,True,0.0,HOLD,13172.072295055026,0,0.0,13172.072295055026,"Aggressive trader saw NEUTRAL_SIGNAL with bullish_probability=0.06, confidence=0.88, probability_margin=0.81, trend_filter_passed=True, rule=neutral_hold, target_allocation=0.00%."
2025-05-28,2025-05-29,142.22419152756274,139.1647491455078,BULLISH_SIGNAL,0.6616355842884717,0.6616355842884717,True,0.026595621230792385,HOLD,13172.072295055026,0,0.0,13172.072295055026,"Aggressive trader saw BULLISH_SIGNAL with bullish_probability=0.66, confidence=0.66, probability_margin=0.48, trend_filter_passed=True, rule=bullish_signal, target_allocation=2.66%."
2025-05-29,2025-05-30,138.6948289010735,135.10548400878906,NEUTRAL_SIGNAL,0.8214880979830055,0.05184168607454362,True,0.0,HOLD,13172.072295055026,0,0.0,13172.072295055026,"Aggressive trader saw NEUTRAL_SIGNAL with bullish_probability=0.05, confidence=0.82, probability_margin=0.69, trend_filter_passed=True, rule=neutral_hold, target_allocation=0.00%."
2025-05-30,2025-06-02,135.46541564458173,137.35507202148438,BEARISH_SIGNAL,0.9392441013985106,0.045435156476568095,True,0.0,HOLD,13172.072295055026,0,0.0,13172.072295055026,"Aggressive trader saw BEARISH_SIGNAL with bullish_probability=0.05, confidence=0.94, probability_margin=0.89, trend_filter_passed=True, rule=bearish_exit, target_allocation=0.00%."
2025-06-02,2025-06-03,138.75480693174418,141.19436645507812,BEARISH_SIGNAL,0.4990765252481364,0.47976169843850336,True,0.0,HOLD,13172.072295055026,0,0.0,13172.072295055026,"Aggressive trader saw BEARISH_SIGNAL with bullish_probability=0.48, confidence=0.50, probability_margin=0.02, trend_filter_passed=True, rule=bearish_exit, target_allocation=0.00%."
2025-06-03,2025-06-04,142.1641966028205,141.8942413330078,NEUTRAL_SIGNAL,0.6641971629002189,0.27657188895507223,True,0.0,HOLD,13172.072295055026,0,0.0,13172.072295055026,"Aggressive trader saw NEUTRAL_SIGNAL with bullish_probability=0.28, confidence=0.66, probability_margin=0.39, trend_filter_passed=True, rule=neutral_hold, target_allocation=0.00%."
2025-06-04,2025-06-05,142.14419665233672,139.964599609375,BULLISH_SIGNAL,0.47221786328832177,0.47221786328832177,True,0.0,HOLD,13172.072295055026,0,0.0,13172.072295055026,"Aggressive trader saw BULLISH_SIGNAL with bullish_probability=0.47, confidence=0.47, probability_margin=0.04, trend_filter_passed=True, rule=neutral_hold, target_allocation=0.00%."
2025-06-05,2025-06-06,142.4841247816278,141.69427490234375,BULLISH_SIGNAL,0.8242866843712089,0.8242866843712089,True,0.3983695642770489,BUY,8034.947095463972,36,5100.993896484375,13135.940991948348,"Aggressive trader saw BULLISH_SIGNAL with bullish_probability=0.82, confidence=0.82, probability_margin=0.68, trend_filter_passed=True, rule=bullish_signal, target_allocation=39.84%."
2025-06-06,2025-06-09,143.16402192873528,142.6041259765625,BULLISH_SIGNAL,0.7390339383636746,0.7390339383636746,True,0.20350614483125617,REDUCE,10608.03535006533,18,2566.874267578125,13174.909617643454,"Aggressive trader saw BULLISH_SIGNAL with bullish_probability=0.74, confidence=0.74, probability_margin=0.60, trend_filter_passed=True, rule=bullish_signal, target_allocation=20.35%."
2025-06-09,2025-06-10,142.66410985007164,143.9338836669922,BEARISH_SIGNAL,0.42785208049324486,0.4072523984543705,True,0.0,EXIT TO CASH,13172.138680377655,0,0.0,13172.138680377655,"Aggressive trader saw BEARISH_SIGNAL with bullish_probability=0.41, confidence=0.43, probability_margin=0.02, trend_filter_passed=True, rule=bearish_exit, target_allocation=0.00%."
2025-06-10,2025-06-11,144.59379466225064,142.81399536132812,BEARISH_SIGNAL,0.7198709660430148,0.22073527576777424,True,0.0,HOLD,13172.138680377655,0,0.0,13172.138680377655,"Aggressive trader saw BEARISH_SIGNAL with bullish_probability=0.22, confidence=0.72, probability_margin=0.50, trend_filter_passed=True, rule=bearish_exit, target_allocation=0.00%."
2025-06-11,2025-06-12,141.9540901919345,144.98374938964844,BEARISH_SIGNAL,0.46290496621818233,0.3070251414081402,True,0.0,HOLD,13172.138680377655,0,0.0,13172.138680377655,"Aggressive trader saw BEARISH_SIGNAL with bullish_probability=0.31, confidence=0.46, probability_margin=0.16, trend_filter_passed=True, rule=bearish_exit, target_allocation=0.00%."
2025-06-12,2025-06-13,142.4640236398758,141.95408630371094,BEARISH_SIGNAL,0.9134712020172525,0.05034627745728546,True,0.0,HOLD,13172.138680377655,0,0.0,13172.138680377655,"Aggressive trader saw BEARISH_SIGNAL with bullish_probability=0.05, confidence=0.91, probability_margin=0.86, trend_filter_passed=True, rule=bearish_exit, target_allocation=0.00%."
2025-06-13,2025-06-16,143.33393622751285,144.6737823486328,BEARISH_SIGNAL,0.4259312268683241,0.20687533087040935,True,0.0,HOLD,13172.138680377655,0,0.0,13172.138680377655,"Aggressive trader saw BEARISH_SIGNAL with bullish_probability=0.21, confidence=0.43, probability_margin=0.06, trend_filter_passed=True, rule=bearish_exit, target_allocation=0.00%."
2025-06-16,2025-06-17,144.4738049491523,144.1038360595703,BEARISH_SIGNAL,0.700443015918497,0.15925714852763714,True,0.0,HOLD,13172.138680377655,0,0.0,13172.138680377655,"Aggressive trader saw BEARISH_SIGNAL with bullish_probability=0.16, confidence=0.70, probability_margin=0.54, trend_filter_passed=True, rule=bearish_exit, target_allocation=0.00%."
2025-06-17,2025-06-18,143.9938476821936,145.46368408203125,BEARISH_SIGNAL,0.8878328773073968,0.00025705461646164025,True,0.0,HOLD,13172.138680377655,0,0.0,13172.138680377655,"Aggressive trader saw BEARISH_SIGNAL with bullish_probability=0.00, confidence=0.89, probability_margin=0.78, trend_filter_passed=True, rule=bearish_exit, target_allocation=0.00%."
2025-06-18,2025-06-20,145.43368901636921,143.83387756347656,BEARISH_SIGNAL,0.738059941625429,0.00613286493914695,True,0.0,HOLD,13172.138680377655,0,0.0,13172.138680377655,"Aggressive trader saw BEARISH_SIGNAL with bullish_probability=0.01, confidence=0.74, probability_margin=0.48, trend_filter_passed=True, rule=bearish_exit, target_allocation=0.00%."
2025-06-20,2025-06-23,142.48402812138661,144.15383911132812,BEARISH_SIGNAL,0.7054324799663356,0.006965393370692106,True,0.0,HOLD,13172.138680377655,0,0.0,13172.138680377655,"Aggressive trader saw BEARISH_SIGNAL with bullish_probability=0.01, confidence=0.71, probability_margin=0.42, trend_filter_passed=True, rule=bearish_exit, target_allocation=0.00%."
2025-06-23,2025-06-24,145.54367367470394,147.88340759277344,BEARISH_SIGNAL,0.7134774451338097,0.005664870296485956,True,0.0,HOLD,13172.138680377655,0,0.0,13172.138680377655,"Aggressive trader saw BEARISH_SIGNAL with bullish_probability=0.01, confidence=0.71, probability_margin=0.43, trend_filter_passed=True, rule=bearish_exit, target_allocation=0.00%."
2025-06-24,2025-06-25,149.25328072295656,154.29270935058594,NEUTRAL_SIGNAL,0.7115974567172074,0.022090997759238132,True,0.0,HOLD,13172.138680377655,0,0.0,13172.138680377655,"Aggressive trader saw NEUTRAL_SIGNAL with bullish_probability=0.02, confidence=0.71, probability_margin=0.45, trend_filter_passed=True, rule=neutral_hold, target_allocation=0.00%."
2025-06-25,2025-06-26,155.9625083392563,155.00262451171875,NEUTRAL_SIGNAL,0.8684008533864659,0.07097859221104713,True,0.0,HOLD,13172.138680377655,0,0.0,13172.138680377655,"Aggressive trader saw NEUTRAL_SIGNAL with bullish_probability=0.07, confidence=0.87, probability_margin=0.80, trend_filter_passed=True, rule=neutral_hold, target_allocation=0.00%."
2025-06-26,2025-06-27,156.02250005395288,157.73231506347656,NEUTRAL_SIGNAL,0.6780677110177101,0.2658089565997165,True,0.0,HOLD,13172.138680377655,0,0.0,13172.138680377655,"Aggressive trader saw NEUTRAL_SIGNAL with bullish_probability=0.27, confidence=0.68, probability_margin=0.41, trend_filter_passed=True, rule=neutral_hold, target_allocation=0.00%."
2025-06-27,2025-06-30,158.38224776867892,157.97230529785156,BEARISH_SIGNAL,0.39031186590036104,0.3612814219901043,True,0.0,HOLD,13172.138680377655,0,0.0,13172.138680377655,"Aggressive trader saw BEARISH_SIGNAL with bullish_probability=0.36, confidence=0.39, probability_margin=0.03, trend_filter_passed=True, rule=bearish_exit, target_allocation=0.00%."
2025-06-30,2025-07-01,156.27249233706732,153.2828369140625,BULLISH_SIGNAL,0.4369271288843223,0.4369271288843223,True,0.0,HOLD,13172.138680377655,0,0.0,13172.138680377655,"Aggressive trader saw BULLISH_SIGNAL with bullish_probability=0.44, confidence=0.44, probability_margin=0.06, trend_filter_passed=True, rule=neutral_hold, target_allocation=0.00%."
2025-07-01,2025-07-02,152.962850389823,157.2323760986328,BEARISH_SIGNAL,0.481734613427611,0.100096724529344,True,0.0,HOLD,13172.138680377655,0,0.0,13172.138680377655,"Aggressive trader saw BEARISH_SIGNAL with bullish_probability=0.10, confidence=0.48, probability_margin=0.06, trend_filter_passed=True, rule=bearish_exit, target_allocation=0.00%."
2025-07-02,2025-07-03,158.35225101493015,159.3221435546875,BEARISH_SIGNAL,0.8679882591248096,0.03508060882743677,True,0.0,HOLD,13172.138680377655,0,0.0,13172.138680377655,"Aggressive trader saw BEARISH_SIGNAL with bullish_probability=0.04, confidence=0.87, probability_margin=0.77, trend_filter_passed=True, rule=bearish_exit, target_allocation=0.00%."
2025-07-03,2025-07-07,158.18227071828886,158.22227478027344,BULLISH_SIGNAL,0.5930616371030923,0.5930616371030923,True,0.0,HOLD,13172.138680377655,0,0.0,13172.138680377655,"Aggressive trader saw BULLISH_SIGNAL with bullish_probability=0.59, confidence=0.59, probability_margin=0.26, trend_filter_passed=True, rule=neutral_hold, target_allocation=0.00%."
2025-07-07,2025-07-08,159.31214783171163,159.98207092285156,BEARISH_SIGNAL,0.9124091179186212,0.025687785829022803,True,0.0,HOLD,13172.138680377655,0,0.0,13172.138680377655,"Aggressive trader saw BEARISH_SIGNAL with bullish_probability=0.03, confidence=0.91, probability_margin=0.85, trend_filter_passed=True, rule=bearish_exit, target_allocation=0.00%."
2025-07-08,2025-07-09,161.20193770023792,162.86175537109375,BEARISH_SIGNAL,0.8823305295580409,0.03499940771596135,True,0.0,HOLD,13172.138680377655,0,0.0,13172.138680377655,"Aggressive trader saw BEARISH_SIGNAL with bullish_probability=0.03, confidence=0.88, probability_margin=0.80, trend_filter_passed=True, rule=bearish_exit, target_allocation=0.00%."
2025-07-09,2025-07-10,164.30159583301895,164.0816192626953,BULLISH_SIGNAL,0.6345531794757323,0.6345531794757323,True,0.0,HOLD,13172.138680377655,0,0.0,13172.138680377655,"Aggressive trader saw BULLISH_SIGNAL with bullish_probability=0.63, confidence=0.63, probability_margin=0.29, trend_filter_passed=True, rule=neutral_hold, target_allocation=0.00%."
2025-07-10,2025-07-11,163.70165728031435,164.90151977539062,BEARISH_SIGNAL,0.5156001410947862,0.27647299991897,True,0.0,HOLD,13172.138680377655,0,0.0,13172.138680377655,"Aggressive trader saw BEARISH_SIGNAL with bullish_probability=0.28, confidence=0.52, probability_margin=0.24, trend_filter_passed=True, rule=bearish_exit, target_allocation=0.00%."
2025-07-11,2025-07-14,165.35146259057728,164.05162048339844,BEARISH_SIGNAL,0.9160870180896515,0.053667072949052416,True,0.0,HOLD,13172.138680377655,0,0.0,13172.138680377655,"Aggressive trader saw BEARISH_SIGNAL with bullish_probability=0.05, confidence=0.92, probability_margin=0.86, trend_filter_passed=True, rule=bearish_exit, target_allocation=0.00%."
2025-07-14,2025-07-15,171.17081299302788,170.6808624267578,BEARISH_SIGNAL,0.7765584350341952,0.1275122222008971,True,0.0,HOLD,13172.138680377655,0,0.0,13172.138680377655,"Aggressive trader saw BEARISH_SIGNAL with bullish_probability=0.13, confidence=0.78, probability_margin=0.65, trend_filter_passed=True, rule=bearish_exit, target_allocation=0.00%."
2025-07-15,2025-07-16,171.04083672550954,171.35079956054688,BULLISH_SIGNAL,0.7299439454350677,0.7299439454350677,True,0.18272901813729756,BUY,10773.973911363428,14,2398.9111938476562,13172.885105211084,"Aggressive trader saw BULLISH_SIGNAL with bullish_probability=0.73, confidence=0.73, probability_margin=0.57, trend_filter_passed=True, rule=bullish_signal, target_allocation=18.27%."
2025-07-16,2025-07-17,172.00073538495315,172.98062133789062,BEARISH_SIGNAL,0.49719591153433734,0.327816763732974,True,0.0,EXIT TO CASH,13178.373395314837,0,0.0,13178.373395314837,"Aggressive trader saw BEARISH_SIGNAL with bullish_probability=0.33, confidence=0.50, probability_margin=0.17, trend_filter_passed=True, rule=bearish_exit, target_allocation=0.00%."
2025-07-17,2025-07-18,173.62054394819432,172.39068603515625,BEARISH_SIGNAL,0.8299081240860063,0.1269595059854313,True,0.0,HOLD,13178.373395314837,0,0.0,13178.373395314837,"Aggressive trader saw BEARISH_SIGNAL with bullish_probability=0.13, confidence=0.83, probability_margin=0.70, trend_filter_passed=True, rule=bearish_exit, target_allocation=0.00%."
2025-07-18,2025-07-21,172.73065099594356,171.36080932617188,NEUTRAL_SIGNAL,0.42021951759594295,0.18820027901268424,True,0.0,HOLD,13178.373395314837,0,0.0,13178.373395314837,"Aggressive trader saw NEUTRAL_SIGNAL with bullish_probability=0.19, confidence=0.42, probability_margin=0.03, trend_filter_passed=True, rule=neutral_hold, target_allocation=0.00%."
2025-07-21,2025-07-22,171.32080634495316,167.01129150390625,BEARISH_SIGNAL,0.6270249814891063,0.034210001090714794,True,0.0,HOLD,13178.373395314837,0,0.0,13178.373395314837,"Aggressive trader saw BEARISH_SIGNAL with bullish_probability=0.03, confidence=0.63, probability_margin=0.29, trend_filter_passed=True, rule=bearish_exit, target_allocation=0.00%."
2025-07-22,2025-07-23,169.511004310231,170.7608642578125,BEARISH_SIGNAL,0.8014542763132264,0.15790345065476824,True,0.0,HOLD,13178.373395314837,0,0.0,13178.373395314837,"Aggressive trader saw BEARISH_SIGNAL with bullish_probability=0.16, confidence=0.80, probability_margin=0.64, trend_filter_passed=True, rule=bearish_exit, target_allocation=0.00%."
2025-07-23,2025-07-24,172.42067791171223,173.7205352783203,BEARISH_SIGNAL,0.8155376825048415,0.11136077927387668,True,0.0,HOLD,13178.373395314837,0,0.0,13178.373395314837,"Aggressive trader saw BEARISH_SIGNAL with bullish_probability=0.11, confidence=0.82, probability_margin=0.70, trend_filter_passed=True, rule=bearish_exit, target_allocation=0.00%."
2025-07-24,2025-07-25,173.59054858813744,173.48056030273438,BEARISH_SIGNAL,0.6701487880798331,0.15276561483865006,True,0.0,HOLD,13178.373395314837,0,0.0,13178.373395314837,"Aggressive trader saw BEARISH_SIGNAL with bullish_probability=0.15, confidence=0.67, probability_margin=0.49, trend_filter_passed=True, rule=bearish_exit, target_allocation=0.00%."
2025-07-25,2025-07-28,174.00050427681666,176.73019409179688,BEARISH_SIGNAL,0.6874882985150826,0.04273078620703146,True,0.0,HOLD,13178.373395314837,0,0.0,13178.373395314837,"Aggressive trader saw BEARISH_SIGNAL with bullish_probability=0.04, confidence=0.69, probability_margin=0.42, trend_filter_passed=True, rule=bearish_exit, target_allocation=0.00%."
2025-07-28,2025-07-29,177.94006357342778,175.49032592773438,BEARISH_SIGNAL,0.801480579146397,0.09401517062412384,True,0.0,HOLD,13178.373395314837,0,0.0,13178.373395314837,"Aggressive trader saw BEARISH_SIGNAL with bullish_probability=0.09, confidence=0.80, probability_margin=0.70, trend_filter_passed=True, rule=bearish_exit, target_allocation=0.00%."
2025-07-29,2025-07-30,176.49022309733303,179.2499237060547,BEARISH_SIGNAL,0.5547296169720546,0.021109521070162934,True,0.0,HOLD,13178.373395314837,0,0.0,13178.373395314837,"Aggressive trader saw BEARISH_SIGNAL with bullish_probability=0.02, confidence=0.55, probability_margin=0.13, trend_filter_passed=True, rule=bearish_exit, target_allocation=0.00%."
2025-07-30,2025-07-31,182.87950237318685,177.85006713867188,NEUTRAL_SIGNAL,0.5359663420599902,0.1404075960943149,True,0.0,HOLD,13178.373395314837,0,0.0,13178.373395314837,"Aggressive trader saw NEUTRAL_SIGNAL with bullish_probability=0.14, confidence=0.54, probability_margin=0.21, trend_filter_passed=True, rule=neutral_hold, target_allocation=0.00%."
2025-07-31,2025-08-01,174.07048465468185,173.70053100585938,BEARISH_SIGNAL,0.6759332621340238,0.08123407209732075,True,0.0,HOLD,13178.373395314837,0,0.0,13178.373395314837,"Aggressive trader saw BEARISH_SIGNAL with bullish_probability=0.08, confidence=0.68, probability_margin=0.43, trend_filter_passed=True, rule=bearish_exit, target_allocation=0.00%."
2025-08-01,2025-08-04,175.14037394842856,179.97982788085938,BEARISH_SIGNAL,0.8329061035457732,0.07499531305246487,True,0.0,HOLD,13178.373395314837,0,0.0,13178.373395314837,"Aggressive trader saw BEARISH_SIGNAL with bullish_probability=0.07, confidence=0.83, probability_margin=0.74, trend_filter_passed=True, rule=bearish_exit, target_allocation=0.00%."
2025-08-04,2025-08-05,179.59986897635343,178.24002075195312,NEUTRAL_SIGNAL,0.47864418176043144,0.24486914653639408,True,0.0,HOLD,13178.373395314837,0,0.0,13178.373395314837,"Aggressive trader saw NEUTRAL_SIGNAL with bullish_probability=0.24, confidence=0.48, probability_margin=0.20, trend_filter_passed=True, rule=neutral_hold, target_allocation=0.00%."
2025-08-05,2025-08-06,176.31023710297544,179.39988708496094,BEARISH_SIGNAL,0.7043975691599039,0.13349210947440637,True,0.0,HOLD,13178.373395314837,0,0.0,13178.373395314837,"Aggressive trader saw BEARISH_SIGNAL with bullish_probability=0.13, confidence=0.70, probability_margin=0.54, trend_filter_passed=True, rule=bearish_exit, target_allocation=0.00%."
2025-08-06,2025-08-07,181.54965397485878,180.74974060058594,BEARISH_SIGNAL,0.6069784958364092,0.14739835211816893,True,0.0,HOLD,13178.373395314837,0,0.0,13178.373395314837,"Aggressive trader saw BEARISH_SIGNAL with bullish_probability=0.15, confidence=0.61, probability_margin=0.36, trend_filter_passed=True, rule=bearish_exit, target_allocation=0.00%."
2025-08-07,2025-08-08,181.52965464990967,182.6795196533203,BEARISH_SIGNAL,0.6848790959097588,0.10117715185145462,True,0.0,HOLD,13178.373395314837,0,0.0,13178.373395314837,"Aggressive trader saw BEARISH_SIGNAL with bullish_probability=0.10, confidence=0.68, probability_margin=0.47, trend_filter_passed=True, rule=bearish_exit, target_allocation=0.00%."
2025-08-08,2025-08-11,182.02960317073044,182.0395965576172,BEARISH_SIGNAL,0.49224909004320505,0.09289660272670776,True,0.0,HOLD,13178.373395314837,0,0.0,13178.373395314837,"Aggressive trader saw BEARISH_SIGNAL with bullish_probability=0.09, confidence=0.49, probability_margin=0.08, trend_filter_passed=True, rule=bearish_exit, target_allocation=0.00%."
2025-08-11,2025-08-12,182.9395060522284,183.1394805908203,BEARISH_SIGNAL,0.8876143553339684,0.04440978263078544,True,0.0,HOLD,13178.373395314837,0,0.0,13178.373395314837,"Aggressive trader saw BEARISH_SIGNAL with bullish_probability=0.04, confidence=0.89, probability_margin=0.82, trend_filter_passed=True, rule=bearish_exit, target_allocation=0.00%."
2025-08-12,2025-08-13,182.59952443546638,181.56964111328125,NEUTRAL_SIGNAL,0.6177075535835972,0.12401330441551835,True,0.0,HOLD,13178.373395314837,0,0.0,13178.373395314837,"Aggressive trader saw NEUTRAL_SIGNAL with bullish_probability=0.12, confidence=0.62, probability_margin=0.36, trend_filter_passed=True, rule=neutral_hold, target_allocation=0.00%."
2025-08-13,2025-08-14,179.7298534235828,181.99960327148438,BEARISH_SIGNAL,0.6327291654742567,0.019804366546999543,True,0.0,HOLD,13178.373395314837,0,0.0,13178.373395314837,"Aggressive trader saw BEARISH_SIGNAL with bullish_probability=0.02, confidence=0.63, probability_margin=0.29, trend_filter_passed=True, rule=bearish_exit, target_allocation=0.00%."
2025-08-14,2025-08-15,181.85962676701382,180.42977905273438,BEARISH_SIGNAL,0.6305696436331504,0.015528397450915185,True,0.0,HOLD,13178.373395314837,0,0.0,13178.373395314837,"Aggressive trader saw BEARISH_SIGNAL with bullish_probability=0.02, confidence=0.63, probability_margin=0.28, trend_filter_passed=True, rule=bearish_exit, target_allocation=0.00%."
2025-08-15,2025-08-18,180.57976314427117,181.98959350585938,NEUTRAL_SIGNAL,0.5904173417954357,0.01167752169629353,True,0.0,HOLD,13178.373395314837,0,0.0,13178.373395314837,"Aggressive trader saw NEUTRAL_SIGNAL with bullish_probability=0.01, confidence=0.59, probability_margin=0.19, trend_filter_passed=True, rule=neutral_hold, target_allocation=0.00%."
2025-08-18,2025-08-19,182.4095478886331,175.6203155517578,BEARISH_SIGNAL,0.963839412919077,0.0005009122074373095,True,0.0,HOLD,13178.373395314837,0,0.0,13178.373395314837,"Aggressive trader saw BEARISH_SIGNAL with bullish_probability=0.00, confidence=0.96, probability_margin=0.93, trend_filter_passed=True, rule=bearish_exit, target_allocation=0.00%."
2025-08-19,2025-08-20,175.1503706193276,175.38034057617188,BEARISH_SIGNAL,0.8025391095731483,0.021864582144233514,True,0.0,HOLD,13178.373395314837,0,0.0,13178.373395314837,"Aggressive trader saw BEARISH_SIGNAL with bullish_probability=0.02, confidence=0.80, probability_margin=0.63, trend_filter_passed=True, rule=bearish_exit, target_allocation=0.00%."
2025-08-20,2025-08-21,174.83041312567687,174.96038818359375,BEARISH_SIGNAL,0.8175639675219315,0.03723720665205325,True,0.0,HOLD,13178.373395314837,0,0.0,13178.373395314837,"Aggressive trader saw BEARISH_SIGNAL with bullish_probability=0.04, confidence=0.82, probability_margin=0.67, trend_filter_passed=True, rule=bearish_exit, target_allocation=0.00%."
2025-08-21,2025-08-22,172.59066018618677,177.97006225585938,BEARISH_SIGNAL,0.8547793222614052,0.02875679799840651,True,0.0,HOLD,13178.373395314837,0,0.0,13178.373395314837,"Aggressive trader saw BEARISH_SIGNAL with bullish_probability=0.03, confidence=0.85, probability_margin=0.74, trend_filter_passed=True, rule=bearish_exit, target_allocation=0.00%."
2025-08-22,2025-08-25,178.33002804439553,179.78985595703125,BULLISH_SIGNAL,0.4263220902384347,0.4263220902384347,True,0.0,HOLD,13178.373395314837,0,0.0,13178.373395314837,"Aggressive trader saw BULLISH_SIGNAL with bullish_probability=0.43, confidence=0.43, probability_margin=0.13, trend_filter_passed=True, rule=neutral_hold, target_allocation=0.00%."
2025-08-25,2025-08-26,180.0398187111229,181.7496337890625,BEARISH_SIGNAL,0.478574328027618,0.38456254757709796,True,0.0,HOLD,13178.373395314837,0,0.0,13178.373395314837,"Aggressive trader saw BEARISH_SIGNAL with bullish_probability=0.38, confidence=0.48, probability_margin=0.09, trend_filter_passed=True, rule=bearish_exit, target_allocation=0.00%."
2025-08-26,2025-08-27,181.95959791056248,181.57965087890625,BEARISH_SIGNAL,0.8018802941501786,0.09451443605991598,True,0.0,HOLD,13178.373395314837,0,0.0,13178.373395314837,"Aggressive trader saw BEARISH_SIGNAL with bullish_probability=0.09, confidence=0.80, probability_margin=0.70, trend_filter_passed=True, rule=bearish_exit, target_allocation=0.00%."
2025-08-27,2025-08-28,180.79974711518173,180.14981079101562,NEUTRAL_SIGNAL,0.4888209004781823,0.2755522143805916,True,0.0,HOLD,13178.373395314837,0,0.0,13178.373395314837,"Aggressive trader saw NEUTRAL_SIGNAL with bullish_probability=0.28, confidence=0.49, probability_margin=0.21, trend_filter_passed=True, rule=neutral_hold, target_allocation=0.00%."
2025-08-28,2025-08-29,178.09004428153852,174.1604766845703,NEUTRAL_SIGNAL,0.48153643106300104,0.06375034677030647,True,0.0,HOLD,13178.373395314837,0,0.0,13178.373395314837,"Aggressive trader saw NEUTRAL_SIGNAL with bullish_probability=0.06, confidence=0.48, probability_margin=0.03, trend_filter_passed=True, rule=neutral_hold, target_allocation=0.00%."
2025-08-29,2025-09-02,169.980952871088,170.7608642578125,BULLISH_SIGNAL,0.7340110053667825,0.7340110053667825,True,0.19202515512407436,BUY,10795.069265242642,14,2390.652099609375,13185.721364852017,"Aggressive trader saw BULLISH_SIGNAL with bullish_probability=0.73, confidence=0.73, probability_margin=0.58, trend_filter_passed=True, rule=bullish_signal, target_allocation=19.20%."
2025-09-02,2025-09-03,171.0408442884315,170.60089111328125,BULLISH_SIGNAL,0.7939575118560503,0.7939575118560503,True,0.3290457413852579,BUY,8910.796863414493,25,4265.022277832031,13175.819141246524,"Aggressive trader saw BULLISH_SIGNAL with bullish_probability=0.79, confidence=0.79, probability_margin=0.68, trend_filter_passed=True, rule=bullish_signal, target_allocation=32.90%."
2025-09-03,2025-09-04,170.55090333056648,171.64077758789062,BULLISH_SIGNAL,0.7487933204608154,0.7487933204608154,True,0.22581330391043508,REDUCE,10273.15816142267,17,2917.8932189941406,13191.051380416811,"Aggressive trader saw BULLISH_SIGNAL with bullish_probability=0.75, confidence=0.75, probability_margin=0.55, trend_filter_passed=True, rule=bullish_signal, target_allocation=22.58%."
2025-09-04,2025-09-05,168.01117837826322,167.0012969970703,BEARISH_SIGNAL,0.41050989921461395,0.18289070786282188,True,0.0,EXIT TO CASH,13125.065336899515,0,0.0,13125.065336899515,"Aggressive trader saw BEARISH_SIGNAL with bullish_probability=0.18, confidence=0.41, probability_margin=0.00, trend_filter_passed=True, rule=bearish_exit, target_allocation=0.00%."
2025-09-05,2025-09-08,167.53122834914853,168.2911376953125,BEARISH_SIGNAL,0.7350945847904549,0.19214757243305283,True,0.0,HOLD,13125.065336899515,0,0.0,13125.065336899515,"Aggressive trader saw BEARISH_SIGNAL with bullish_probability=0.19, confidence=0.74, probability_margin=0.54, trend_filter_passed=True, rule=bearish_exit, target_allocation=0.00%."
2025-09-08,2025-09-09,169.0710489481518,170.74085998535156,BULLISH_SIGNAL,0.41817578013728934,0.41817578013728934,True,0.0,HOLD,13125.065336899515,0,0.0,13125.065336899515,"Aggressive trader saw BULLISH_SIGNAL with bullish_probability=0.42, confidence=0.42, probability_margin=0.05, trend_filter_passed=True, rule=neutral_hold, target_allocation=0.00%."
2025-09-09,2025-09-10,176.62020974984335,177.3101348876953,BULLISH_SIGNAL,0.5530814707568628,0.5530814707568628,True,0.0,HOLD,13125.065336899515,0,0.0,13125.065336899515,"Aggressive trader saw BULLISH_SIGNAL with bullish_probability=0.55, confidence=0.55, probability_margin=0.31, trend_filter_passed=True, rule=neutral_hold, target_allocation=0.00%."
2025-09-10,2025-09-11,179.66999584989978,177.16014099121094,BULLISH_SIGNAL,0.6568316088963997,0.6568316088963997,True,0.015615106048913523,HOLD,13125.065336899515,0,0.0,13125.065336899515,"Aggressive trader saw BULLISH_SIGNAL with bullish_probability=0.66, confidence=0.66, probability_margin=0.34, trend_filter_passed=True, rule=bullish_signal, target_allocation=1.56%."
2025-09-11,2025-09-12,177.76010410307373,177.8101043701172,NEUTRAL_SIGNAL,0.603951734493557,0.3860581356964288,True,0.0,HOLD,13125.065336899515,0,0.0,13125.065336899515,"Aggressive trader saw NEUTRAL_SIGNAL with bullish_probability=0.39, confidence=0.60, probability_margin=0.22, trend_filter_passed=True, rule=neutral_hold, target_allocation=0.00%."
2025-09-12,2025-09-15,175.66021109761542,177.74009704589844,BULLISH_SIGNAL,0.7778649850083429,0.7778649850083429,True,0.2922628228762123,BUY,9430.6657627678,21,3732.542037963867,13163.207800731667,"Aggressive trader saw BULLISH_SIGNAL with bullish_probability=0.78, confidence=0.78, probability_margin=0.57, trend_filter_passed=True, rule=bullish_signal, target_allocation=29.23%."
2025-09-15,2025-09-16,176.99014687805604,174.87026977539062,BULLISH_SIGNAL,0.7106353043955398,0.7106353043955398,True,0.1385949814755195,REDUCE,11374.638014448736,10,1748.7026977539062,13123.340712202642,"Aggressive trader saw BULLISH_SIGNAL with bullish_probability=0.71, confidence=0.71, probability_margin=0.45, trend_filter_passed=True, rule=bullish_signal, target_allocation=13.86%."
2025-09-16,2025-09-17,172.63039291663662,170.280517578125,NEUTRAL_SIGNAL,0.7900493654270877,0.1555934016050564,True,0.13176945112772603,HOLD,11374.638014448736,10,1702.80517578125,13077.443190229986,"Aggressive trader saw NEUTRAL_SIGNAL with bullish_probability=0.16, confidence=0.79, probability_margin=0.63, trend_filter_passed=True, rule=neutral_hold, target_allocation=13.18%."
2025-09-17,2025-09-18,173.9703101424577,176.23019409179688,BULLISH_SIGNAL,0.9437222190193678,0.9437222190193678,True,0.6713650720442693,BUY,4405.383910735677,50,8811.509704589844,13216.89361532552,"Aggressive trader saw BULLISH_SIGNAL with bullish_probability=0.94, confidence=0.94, probability_margin=0.91, trend_filter_passed=True, rule=bullish_signal, target_allocation=67.14%."
2025-09-18,2025-09-19,175.7602124903078,176.66015625,BULLISH_SIGNAL,0.7443050744954189,0.7443050744954189,True,0.21555445598952896,REDUCE,10372.27035249275,16,2826.5625,13198.83285249275,"Aggressive trader saw BULLISH_SIGNAL with bullish_probability=0.74, confidence=0.74, probability_margin=0.56, trend_filter_passed=True, rule=bullish_signal, target_allocation=21.56%."
2025-09-19,2025-09-22,175.29024236301854,183.5997772216797,BULLISH_SIGNAL,0.7907202612685494,0.7907202612685494,True,0.32164631147097017,BUY,8967.844229519276,24,4406.3946533203125,13374.238882839589,"Aggressive trader saw BULLISH_SIGNAL with bullish_probability=0.79, confidence=0.79, probability_margin=0.62, trend_filter_passed=True, rule=bullish_signal, target_allocation=32.16%."
2025-09-22,2025-09-23,181.9598706713119,178.42005920410156,BULLISH_SIGNAL,0.5871276911202873,0.5871276911202873,True,0.3274897507498341,HOLD,8967.844229519276,24,4282.0814208984375,13249.925650417714,"Aggressive trader saw BULLISH_SIGNAL with bullish_probability=0.59, confidence=0.59, probability_margin=0.28, trend_filter_passed=True, rule=neutral_hold, target_allocation=32.75%."
2025-09-23,2025-09-24,179.75999113536878,176.96014404296875,BULLISH_SIGNAL,0.6356248989543747,0.6356248989543747,True,0.3248164807422003,HOLD,8967.844229519276,24,4247.04345703125,13214.887686550526,"Aggressive trader saw BULLISH_SIGNAL with bullish_probability=0.64, confidence=0.64, probability_margin=0.34, trend_filter_passed=True, rule=neutral_hold, target_allocation=32.48%."
2025-09-24,2025-09-25,174.47028665549124,177.68011474609375,BULLISH_SIGNAL,0.545310851565749,0.545310851565749,True,0.3183006573600144,HOLD,8967.844229519276,24,4264.32275390625,13232.166983425526,"Aggressive trader saw BULLISH_SIGNAL with bullish_probability=0.55, confidence=0.55, probability_margin=0.28, trend_filter_passed=True, rule=neutral_hold, target_allocation=31.83%."
2025-09-25,2025-09-26,178.16008106951017,178.18008422851562,BULLISH_SIGNAL,0.9118127168204783,0.9118127168204783,True,0.5984290670182361,BUY,5399.296024096177,44,7839.9237060546875,13239.219730150864,"Aggressive trader saw BULLISH_SIGNAL with bullish_probability=0.91, confidence=0.91, probability_margin=0.84, trend_filter_passed=True, rule=bullish_signal, target_allocation=59.84%."
2025-09-26,2025-09-29,180.4199550960203,181.8398895263672,BULLISH_SIGNAL,0.820823282833341,0.820823282833341,True,0.39045321790477955,REDUCE,8281.686670069837,28,5091.516906738281,13373.203576808119,"Aggressive trader saw BULLISH_SIGNAL with bullish_probability=0.82, confidence=0.82, probability_margin=0.73, trend_filter_passed=True, rule=bullish_signal, target_allocation=39.05%."
2025-09-29,2025-09-30,182.06986121505474,186.56961059570312,BULLISH_SIGNAL,0.7541019379762629,0.7541019379762629,True,0.2379472868028866,REDUCE,10281.451992109629,17,3171.683380126953,13453.135372236582,"Aggressive trader saw BULLISH_SIGNAL with bullish_probability=0.75, confidence=0.75, probability_margin=0.56, trend_filter_passed=True, rule=bullish_signal, target_allocation=23.79%."
2025-09-30,2025-10-01,185.22969505995906,187.22958374023438,NEUTRAL_SIGNAL,0.48216469168926407,0.3854381570391218,True,0.23446173925277847,HOLD,10281.451992109629,17,3182.9029235839844,13464.354915693613,"Aggressive trader saw NEUTRAL_SIGNAL with bullish_probability=0.39, confidence=0.48, probability_margin=0.10, trend_filter_passed=True, rule=neutral_hold, target_allocation=23.45%."
2025-10-01,2025-10-02,189.5894532800495,188.87948608398438,BULLISH_SIGNAL,0.8003890845945897,0.8003890845945897,True,0.3437464790733478,BUY,8952.334466326756,24,4533.107666015625,13485.442132342381,"Aggressive trader saw BULLISH_SIGNAL with bullish_probability=0.80, confidence=0.80, probability_margin=0.70, trend_filter_passed=True, rule=bullish_signal, target_allocation=34.37%."
2025-10-02,2025-10-03,189.1794627061203,187.6095428466797,BULLISH_SIGNAL,0.7529202885005233,0.7529202885005233,True,0.23524637371548174,REDUCE,10463.500771141096,16,3001.752685546875,13465.253456687971,"Aggressive trader saw BULLISH_SIGNAL with bullish_probability=0.75, confidence=0.75, probability_margin=0.56, trend_filter_passed=True, rule=bullish_signal, target_allocation=23.52%."
2025-10-03,2025-10-06,185.48967202648717,185.5296630859375,BULLISH_SIGNAL,0.7767984301052444,0.7767984301052444,True,0.2898249830977015,BUY,9720.428774023645,20,3710.59326171875,13431.022035742395,"Aggressive trader saw BULLISH_SIGNAL with bullish_probability=0.78, confidence=0.78, probability_margin=0.66, trend_filter_passed=True, rule=bullish_signal, target_allocation=28.98%."
2025-10-06,2025-10-07,186.21962980709273,185.02969360351562,NEUTRAL_SIGNAL,0.574516476469576,0.24645408474986266,True,0.27701317061797515,HOLD,9720.428774023645,20,3700.5938720703125,13421.022646093958,"Aggressive trader saw NEUTRAL_SIGNAL with bullish_probability=0.25, confidence=0.57, probability_margin=0.33, trend_filter_passed=True, rule=neutral_hold, target_allocation=27.70%."
2025-10-07,2025-10-08,186.55962017208088,189.09947204589844,BEARISH_SIGNAL,0.707292524583929,0.026802052321060484,True,0.0,EXIT TO CASH,13446.026254456303,0,0.0,13446.026254456303,"Aggressive trader saw BEARISH_SIGNAL with bullish_probability=0.03, confidence=0.71, probability_margin=0.44, trend_filter_passed=True, rule=bearish_exit, target_allocation=0.00%."
2025-10-08,2025-10-09,192.21928773885006,192.5592803955078,BULLISH_SIGNAL,0.5659806355572206,0.5659806355572206,True,0.0,HOLD,13446.026254456303,0,0.0,13446.026254456303,"Aggressive trader saw BULLISH_SIGNAL with bullish_probability=0.57, confidence=0.57, probability_margin=0.26, trend_filter_passed=True, rule=neutral_hold, target_allocation=0.00%."
2025-10-09,2025-10-10,193.49922565779727,183.14981079101562,BULLISH_SIGNAL,0.5017561151667694,0.5017561151667694,True,0.0,HOLD,13446.026254456303,0,0.0,13446.026254456303,"Aggressive trader saw BULLISH_SIGNAL with bullish_probability=0.50, confidence=0.50, probability_margin=0.05, trend_filter_passed=True, rule=neutral_hold, target_allocation=0.00%."
2025-10-10,2025-10-13,187.9595379156231,188.3095245361328,BEARISH_SIGNAL,0.8319319479710856,0.15626010542642946,True,0.0,HOLD,13446.026254456303,0,0.0,13446.026254456303,"Aggressive trader saw BEARISH_SIGNAL with bullish_probability=0.16, confidence=0.83, probability_margin=0.68, trend_filter_passed=True, rule=bearish_exit, target_allocation=0.00%."
2025-10-13,2025-10-14,184.75971529942103,180.0199737548828,BULLISH_SIGNAL,0.8183781671058775,0.8183781671058775,True,0.38486438195629147,BUY,8264.991731393926,28,5040.559265136719,13305.550996530645,"Aggressive trader saw BULLISH_SIGNAL with bullish_probability=0.82, confidence=0.82, probability_margin=0.72, trend_filter_passed=True, rule=bullish_signal, target_allocation=38.49%."
2025-10-14,2025-10-15,184.7897166440438,179.8199920654297,BULLISH_SIGNAL,0.5223192863573237,0.5223192863573237,True,0.3850042490946296,HOLD,8264.991731393926,28,5034.959777832031,13299.951509225957,"Aggressive trader saw BULLISH_SIGNAL with bullish_probability=0.52, confidence=0.52, probability_margin=0.21, trend_filter_passed=True, rule=neutral_hold, target_allocation=38.50%."
2025-10-15,2025-10-16,182.21985578014733,181.7998809814453,BEARISH_SIGNAL,0.9565196905095442,0.04205060802551342,True,0.0,EXIT TO CASH,13359.497010373267,0,0.0,13359.497010373267,"Aggressive trader saw BEARISH_SIGNAL with bullish_probability=0.04, confidence=0.96, probability_margin=0.91, trend_filter_passed=True, rule=bearish_exit, target_allocation=0.00%."
2025-10-16,2025-10-17,180.16996892604442,183.20980834960938,BEARISH_SIGNAL,0.7807246921999442,0.17066467757171644,True,0.0,HOLD,13359.497010373267,0,0.0,13359.497010373267,"Aggressive trader saw BEARISH_SIGNAL with bullish_probability=0.17, confidence=0.78, probability_margin=0.61, trend_filter_passed=True, rule=bearish_exit, target_allocation=0.00%."
2025-10-17,2025-10-20,183.1198152646831,182.6298370361328,BEARISH_SIGNAL,0.49611627463415386,0.38254454938775384,True,0.0,HOLD,13359.497010373267,0,0.0,13359.497010373267,"Aggressive trader saw BEARISH_SIGNAL with bullish_probability=0.38, confidence=0.50, probability_margin=0.11, trend_filter_passed=True, rule=bearish_exit, target_allocation=0.00%."
2025-10-20,2025-10-21,182.77981647710283,181.14991760253906,BULLISH_SIGNAL,0.48039400010767097,0.48039400010767097,True,0.0,HOLD,13359.497010373267,0,0.0,13359.497010373267,"Aggressive trader saw BULLISH_SIGNAL with bullish_probability=0.48, confidence=0.48, probability_margin=0.13, trend_filter_passed=True, rule=neutral_hold, target_allocation=0.00%."
2025-10-21,2025-10-22,181.1299112106735,180.26995849609375,BULLISH_SIGNAL,0.7523614199834061,0.7523614199834061,True,0.2339689599620711,BUY,10275.6681674517,17,3064.5892944335938,13340.257461885294,"Aggressive trader saw BULLISH_SIGNAL with bullish_probability=0.75, confidence=0.75, probability_margin=0.57, trend_filter_passed=True, rule=bullish_signal, target_allocation=23.40%."
2025-10-22,2025-10-23,180.40994799999942,182.1498565673828,BULLISH_SIGNAL,0.5393419612991868,0.5393419612991868,True,0.2298622866563136,HOLD,10275.6681674517,17,3096.547561645508,13372.215729097208,"Aggressive trader saw BULLISH_SIGNAL with bullish_probability=0.54, confidence=0.54, probability_margin=0.09, trend_filter_passed=True, rule=neutral_hold, target_allocation=22.99%."
2025-10-23,2025-10-24,183.8297551720498,186.24961853027344,BULLISH_SIGNAL,0.6994354738101841,0.6994354738101841,True,0.11299536870899224,REDUCE,11927.655089539225,8,1489.9969482421875,13417.652037781412,"Aggressive trader saw BULLISH_SIGNAL with bullish_probability=0.70, confidence=0.70, probability_margin=0.52, trend_filter_passed=True, rule=bullish_signal, target_allocation=11.30%."
2025-10-24,2025-10-27,189.979423148828,191.47933959960938,BULLISH_SIGNAL,0.487020286248194,0.487020286248194,True,0.11302000087277671,HOLD,11927.655089539225,8,1531.834716796875,13459.4898063361,"Aggressive trader saw BULLISH_SIGNAL with bullish_probability=0.49, confidence=0.49, probability_margin=0.22, trend_filter_passed=True, rule=neutral_hold, target_allocation=11.30%."
2025-10-27,2025-10-28,193.03926234185508,201.01881408691406,BULLISH_SIGNAL,0.6061207577655235,0.6061207577655235,True,0.11463165311267219,HOLD,11927.655089539225,8,1608.1505126953125,13535.805602234537,"Aggressive trader saw BULLISH_SIGNAL with bullish_probability=0.61, confidence=0.61, probability_margin=0.26, trend_filter_passed=True, rule=neutral_hold, target_allocation=11.46%."
2025-10-28,2025-10-29,207.96842303697136,207.02847290039062,NEUTRAL_SIGNAL,0.8137217405806924,0.0759463534697351,True,0.1224117516568783,HOLD,11927.655089539225,8,1656.227783203125,13583.88287274235,"Aggressive trader saw NEUTRAL_SIGNAL with bullish_probability=0.08, confidence=0.81, probability_margin=0.70, trend_filter_passed=True, rule=neutral_hold, target_allocation=12.24%."
2025-10-29,2025-10-30,205.1385766163601,202.8787078857422,BEARISH_SIGNAL,0.6312035131449112,0.2094459723229256,True,0.0,EXIT TO CASH,13566.302860105015,0,0.0,13566.302860105015,"Aggressive trader saw BEARISH_SIGNAL with bullish_probability=0.21, confidence=0.63, probability_margin=0.42, trend_filter_passed=True, rule=bearish_exit, target_allocation=0.00%."
2025-10-30,2025-10-31,206.43850017947892,202.47872924804688,BULLISH_SIGNAL,0.4881775254463951,0.4881775254463951,True,0.0,HOLD,13566.302860105015,0,0.0,13566.302860105015,"Aggressive trader saw BULLISH_SIGNAL with bullish_probability=0.49, confidence=0.49, probability_margin=0.14, trend_filter_passed=True, rule=neutral_hold, target_allocation=0.00%."
2025-10-31,2025-11-03,208.06841462190084,206.8684844970703,NEUTRAL_SIGNAL,0.5049529720565122,0.2858379281278952,True,0.0,HOLD,13566.302860105015,0,0.0,13566.302860105015,"Aggressive trader saw NEUTRAL_SIGNAL with bullish_probability=0.29, confidence=0.50, probability_margin=0.22, trend_filter_passed=True, rule=neutral_hold, target_allocation=0.00%."
2025-11-03,2025-11-04,202.98869740675082,198.67893981933594,NEUTRAL_SIGNAL,0.4391428507261453,0.13834601850522113,True,0.0,HOLD,13566.302860105015,0,0.0,13566.302860105015,"Aggressive trader saw NEUTRAL_SIGNAL with bullish_probability=0.14, confidence=0.44, probability_margin=0.02, trend_filter_passed=True, rule=neutral_hold, target_allocation=0.00%."
2025-11-04,2025-11-05,198.75894188581304,195.1991424560547,BULLISH_SIGNAL,0.5046453090109052,0.5046453090109052,True,0.0,HOLD,13566.302860105015,0,0.0,13566.302860105015,"Aggressive trader saw BULLISH_SIGNAL with bullish_probability=0.50, confidence=0.50, probability_margin=0.09, trend_filter_passed=True, rule=neutral_hold, target_allocation=0.00%."
2025-11-05,2025-11-06,196.40906647995496,188.0695343017578,BULLISH_SIGNAL,0.6929516600917904,0.6929516600917904,True,0.09817522306694952,BUY,12386.080190399767,6,1128.4172058105469,13514.497396210314,"Aggressive trader saw BULLISH_SIGNAL with bullish_probability=0.69, confidence=0.69, probability_margin=0.41, trend_filter_passed=True, rule=bullish_signal, target_allocation=9.82%."
2025-11-06,2025-11-07,184.8897071775586,188.1395263671875,BULLISH_SIGNAL,0.8453932289502792,0.8453932289502792,True,0.4466130947434954,BUY,7571.734701637126,32,6020.46484375,13592.199545387126,"Aggressive trader saw BULLISH_SIGNAL with bullish_probability=0.85, confidence=0.85, probability_margin=0.71, trend_filter_passed=True, rule=bullish_signal, target_allocation=44.66%."
2025-11-07,2025-11-10,195.09914200543773,199.03892517089844,BEARISH_SIGNAL,0.5331106966572974,0.46408955250741835,True,0.0,EXIT TO CASH,13805.545608581146,0,0.0,13805.545608581146,"Aggressive trader saw BEARISH_SIGNAL with bullish_probability=0.46, confidence=0.53, probability_margin=0.07, trend_filter_passed=True, rule=bearish_exit, target_allocation=0.00%."
2025-11-10,2025-11-11,195.14913483203398,193.1492462158203,NEUTRAL_SIGNAL,0.7615081138813827,0.1281746158514296,True,0.0,HOLD,13805.545608581146,0,0.0,13805.545608581146,"Aggressive trader saw NEUTRAL_SIGNAL with bullish_probability=0.13, confidence=0.76, probability_margin=0.63, trend_filter_passed=True, rule=neutral_hold, target_allocation=0.00%."
2025-11-11,2025-11-12,195.70910637927892,193.78921508789062,NEUTRAL_SIGNAL,0.42262466073281657,0.3559627975201267,True,0.0,HOLD,13805.545608581146,0,0.0,13805.545608581146,"Aggressive trader saw NEUTRAL_SIGNAL with bullish_probability=0.36, confidence=0.42, probability_margin=0.07, trend_filter_passed=True, rule=neutral_hold, target_allocation=0.00%."
2025-11-12,2025-11-13,191.03936321053533,186.84959411621094,BEARISH_SIGNAL,0.5717357509824941,0.2136744697636393,True,0.0,HOLD,13805.545608581146,0,0.0,13805.545608581146,"Aggressive trader saw BEARISH_SIGNAL with bullish_probability=0.21, confidence=0.57, probability_margin=0.36, trend_filter_passed=True, rule=bearish_exit, target_allocation=0.00%."
2025-11-13,2025-11-14,182.8498180673128,190.15940856933594,BULLISH_SIGNAL,0.8718925391163016,0.8718925391163016,True,0.5071829465515466,BUY,6846.82660824688,38,7226.057525634766,14072.884133881646,"Aggressive trader saw BULLISH_SIGNAL with bullish_probability=0.87, confidence=0.87, probability_margin=0.76, trend_filter_passed=True, rule=bullish_signal, target_allocation=50.72%."
2025-11-14,2025-11-17,185.95964506857126,186.58961486816406,BEARISH_SIGNAL,0.7023333970208593,0.24732119859507548,True,0.0,EXIT TO CASH,13902.696954316936,0,0.0,13902.696954316936,"Aggressive trader saw BEARISH_SIGNAL with bullish_probability=0.25, confidence=0.70, probability_margin=0.46, trend_filter_passed=True, rule=bearish_exit, target_allocation=0.00%."
2025-11-17,2025-11-18,183.36979105504545,181.3498992919922,BEARISH_SIGNAL,0.920062375846654,0.0582514715303066,True,0.0,HOLD,13902.696954316936,0,0.0,13902.696954316936,"Aggressive trader saw BEARISH_SIGNAL with bullish_probability=0.06, confidence=0.92, probability_margin=0.86, trend_filter_passed=True, rule=bearish_exit, target_allocation=0.00%."
2025-11-18,2025-11-19,184.7796984316032,186.50961303710938,BEARISH_SIGNAL,0.8399563585520216,0.12409685327231428,True,0.0,HOLD,13902.696954316936,0,0.0,13902.696954316936,"Aggressive trader saw BEARISH_SIGNAL with bullish_probability=0.12, confidence=0.84, probability_margin=0.72, trend_filter_passed=True, rule=bearish_exit, target_allocation=0.00%."
2025-11-19,2025-11-20,195.9390891568929,180.62994384765625,BEARISH_SIGNAL,0.8786500223685422,0.09488874577440361,True,0.0,HOLD,13902.696954316936,0,0.0,13902.696954316936,"Aggressive trader saw BEARISH_SIGNAL with bullish_probability=0.09, confidence=0.88, probability_margin=0.78, trend_filter_passed=True, rule=bearish_exit, target_allocation=0.00%."
2025-11-20,2025-11-21,181.22991004695137,178.8700408935547,BULLISH_SIGNAL,0.5758713707491893,0.5758713707491893,True,0.0,HOLD,13902.696954316936,0,0.0,13902.696954316936,"Aggressive trader saw BULLISH_SIGNAL with bullish_probability=0.58, confidence=0.58, probability_margin=0.27, trend_filter_passed=True, rule=neutral_hold, target_allocation=0.00%."
2025-11-21,2025-11-24,179.48001348627363,182.5398406982422,BEARISH_SIGNAL,0.6135205779130587,0.3132558261441762,True,0.0,HOLD,13902.696954316936,0,0.0,13902.696954316936,"Aggressive trader saw BEARISH_SIGNAL with bullish_probability=0.31, confidence=0.61, probability_margin=0.30, trend_filter_passed=True, rule=bearish_exit, target_allocation=0.00%."
2025-11-24,2025-11-25,174.90026276869568,177.8101043701172,BEARISH_SIGNAL,0.5876438864985913,0.20911159543401595,True,0.0,HOLD,13902.696954316936,0,0.0,13902.696954316936,"Aggressive trader saw BEARISH_SIGNAL with bullish_probability=0.21, confidence=0.59, probability_margin=0.38, trend_filter_passed=True, rule=bearish_exit, target_allocation=0.00%."
2025-11-25,2025-11-26,181.61988829154,180.2499542236328,BULLISH_SIGNAL,0.9783005749563425,0.9783005749563425,True,0.7504013141859257,BUY,3534.829645083413,57,10274.24739074707,13809.077035830484,"Aggressive trader saw BULLISH_SIGNAL with bullish_probability=0.98, confidence=0.98, probability_margin=0.96, trend_filter_passed=True, rule=bullish_signal, target_allocation=75.04%."
2025-11-26,2025-11-28,179.0000253919654,176.99014282226562,BULLISH_SIGNAL,0.8538045725991387,0.8538045725991387,True,0.4658390230837455,REDUCE,7466.9251718689975,35,6194.654998779297,13661.580170648294,"Aggressive trader saw BULLISH_SIGNAL with bullish_probability=0.85, confidence=0.85, probability_margin=0.75, trend_filter_passed=True, rule=bullish_signal, target_allocation=46.58%."
2025-11-28,2025-12-01,174.75027181562072,179.9099884033203,BEARISH_SIGNAL,0.5221091235924208,0.11360086688522729,True,0.0,EXIT TO CASH,13574.013354275161,0,0.0,13574.013354275161,"Aggressive trader saw BEARISH_SIGNAL with bullish_probability=0.11, confidence=0.52, probability_margin=0.16, trend_filter_passed=True, rule=bearish_exit, target_allocation=0.00%."
2025-12-01,2025-12-02,181.74987648908228,181.4499053955078,BULLISH_SIGNAL,0.9662803488175273,0.9662803488175273,True,0.7229265115829197,BUY,3926.815968801191,53,9616.844985961914,13543.660954763105,"Aggressive trader saw BULLISH_SIGNAL with bullish_probability=0.97, confidence=0.97, probability_margin=0.94, trend_filter_passed=True, rule=bullish_signal, target_allocation=72.29%."
2025-12-02,2025-12-03,181.06992440272873,179.5800018310547,BULLISH_SIGNAL,0.6675363198245586,0.6675363198245586,True,0.040083016741848256,REDUCE,13147.53488140662,2,359.1600036621094,13506.69488506873,"Aggressive trader saw BULLISH_SIGNAL with bullish_probability=0.67, confidence=0.67, probability_margin=0.36, trend_filter_passed=True, rule=bullish_signal, target_allocation=4.01%."
2025-12-03,2025-12-04,181.6199951171875,183.3800048828125,BULLISH_SIGNAL,0.9357452987475503,0.9357452987475503,True,0.6531321114229721,BUY,4780.479149093022,48,8802.240234375,13582.719383468022,"Aggressive trader saw BULLISH_SIGNAL with bullish_probability=0.94, confidence=0.94, probability_margin=0.90, trend_filter_passed=True, rule=bullish_signal, target_allocation=65.31%."
2025-12-04,2025-12-05,183.88999938964844,182.41000366210938,NEUTRAL_SIGNAL,0.6374378054076838,0.34950756364722024,True,0.6486801503376075,HOLD,4780.479149093022,48,8755.68017578125,13536.159324874272,"Aggressive trader saw NEUTRAL_SIGNAL with bullish_probability=0.35, confidence=0.64, probability_margin=0.29, trend_filter_passed=True, rule=neutral_hold, target_allocation=64.87%."
2025-12-05,2025-12-08,182.63999938964844,185.5500030517578,BULLISH_SIGNAL,0.8834770012902304,0.8834770012902304,True,0.5336617172348124,REDUCE,6421.774325488095,39,7236.450119018555,13658.22444450665,"Aggressive trader saw BULLISH_SIGNAL with bullish_probability=0.88, confidence=0.88, probability_margin=0.81, trend_filter_passed=True, rule=bullish_signal, target_allocation=53.37%."
2025-12-08,2025-12-09,185.55999755859375,184.97000122070312,BULLISH_SIGNAL,0.6037955041245328,0.6037955041245328,True,0.5298370524840847,HOLD,6421.774325488095,39,7213.830047607422,13635.604373095517,"Aggressive trader saw BULLISH_SIGNAL with bullish_probability=0.60, confidence=0.60, probability_margin=0.29, trend_filter_passed=True, rule=neutral_hold, target_allocation=52.98%."
2025-12-09,2025-12-10,184.97000122070312,183.77999877929688,NEUTRAL_SIGNAL,0.5717014852100772,0.35330186675011416,True,0.5290436602752326,HOLD,6421.774325488095,39,7167.419952392578,13589.194277880673,"Aggressive trader saw NEUTRAL_SIGNAL with bullish_probability=0.35, confidence=0.57, probability_margin=0.22, trend_filter_passed=True, rule=neutral_hold, target_allocation=52.90%."
2025-12-10,2025-12-11,180.27999877929688,180.92999267578125,NEUTRAL_SIGNAL,0.9667458070785676,0.024905817904133456,True,0.5226402835863913,HOLD,6421.774325488095,39,7056.269714355469,13478.044039843564,"Aggressive trader saw NEUTRAL_SIGNAL with bullish_probability=0.02, confidence=0.97, probability_margin=0.94, trend_filter_passed=True, rule=neutral_hold, target_allocation=52.26%."
2025-12-11,2025-12-12,181.11000061035156,175.02000427246094,NEUTRAL_SIGNAL,0.9015894662761093,0.07468737471013805,True,0.5237861563615492,HOLD,6421.774325488095,39,6825.780166625977,13247.554492114072,"Aggressive trader saw NEUTRAL_SIGNAL with bullish_probability=0.07, confidence=0.90, probability_margin=0.83, trend_filter_passed=True, rule=neutral_hold, target_allocation=52.38%."
2025-12-12,2025-12-15,177.94000244140625,176.2899932861328,BULLISH_SIGNAL,0.8889796705679374,0.8889796705679374,True,0.5462392470124282,HOLD,6421.774325488095,39,6875.30973815918,13297.084063647275,"Aggressive trader saw BULLISH_SIGNAL with bullish_probability=0.89, confidence=0.89, probability_margin=0.79, trend_filter_passed=True, rule=bullish_signal, target_allocation=54.62%."
2025-12-15,2025-12-16,176.25999450683594,177.72000122070312,BULLISH_SIGNAL,0.6330373677676748,0.6330373677676748,True,0.5170114463922262,HOLD,6421.774325488095,39,6931.080047607422,13352.854373095517,"Aggressive trader saw BULLISH_SIGNAL with bullish_probability=0.63, confidence=0.63, probability_margin=0.29, trend_filter_passed=True, rule=neutral_hold, target_allocation=51.70%."
2025-12-16,2025-12-17,176.10000610351562,170.94000244140625,BEARISH_SIGNAL,0.416643083125631,0.4032556390407749,True,0.0,EXIT TO CASH,13279.37614711827,0,0.0,13279.37614711827,"Aggressive trader saw BEARISH_SIGNAL with bullish_probability=0.40, confidence=0.42, probability_margin=0.01, trend_filter_passed=True, rule=bearish_exit, target_allocation=0.00%."
2025-12-17,2025-12-18,174.52999877929688,174.13999938964844,BEARISH_SIGNAL,0.5703456644164375,0.16028471236811118,True,0.0,HOLD,13279.37614711827,0,0.0,13279.37614711827,"Aggressive trader saw BEARISH_SIGNAL with bullish_probability=0.16, confidence=0.57, probability_margin=0.30, trend_filter_passed=True, rule=bearish_exit, target_allocation=0.00%."
2025-12-18,2025-12-19,176.6699981689453,180.99000549316406,BULLISH_SIGNAL,0.789914194988526,0.789914194988526,True,0.319803874259488,BUY,9032.933951089522,24,4343.7601318359375,13376.69408292546,"Aggressive trader saw BULLISH_SIGNAL with bullish_probability=0.79, confidence=0.79, probability_margin=0.66, trend_filter_passed=True, rule=bullish_signal, target_allocation=31.98%."
2025-12-19,2025-12-22,183.9199981689453,183.69000244140625,NEUTRAL_SIGNAL,0.5132740243982069,0.46129979349106776,True,0.3282572611685594,HOLD,9032.933951089522,24,4408.56005859375,13441.494009683272,"Aggressive trader saw NEUTRAL_SIGNAL with bullish_probability=0.46, confidence=0.51, probability_margin=0.05, trend_filter_passed=True, rule=neutral_hold, target_allocation=32.83%."
