ticker,model,fold,date,y_true,y_pred,confidence,bullish_probability,second_best_probability,probability_margin
NVDA,calibrated_random_forest,1,2019-10-03,0,1,0.5027731566200564,0.5027731566200564,0.4102553545420948,0.09251780207796162
NVDA,calibrated_random_forest,1,2019-10-04,1,1,0.46051642684809674,0.46051642684809674,0.41548306641882027,0.04503336042927647
NVDA,calibrated_random_forest,1,2019-10-07,0,1,0.4841881266868057,0.4841881266868057,0.4123557323057893,0.0718323943810164
NVDA,calibrated_random_forest,1,2019-10-08,1,1,0.46291862512687826,0.46291862512687826,0.3890506377111514,0.07386798741572687
NVDA,calibrated_random_forest,1,2019-10-09,1,1,0.5246075817583115,0.5246075817583115,0.3761878413898582,0.14841974036845323
NVDA,calibrated_random_forest,1,2019-10-10,1,1,0.5121554779628193,0.5121554779628193,0.37840704697313804,0.1337484309896813
NVDA,calibrated_random_forest,1,2019-10-11,1,1,0.48421063758421656,0.48421063758421656,0.39608882361067327,0.0881218139735433
NVDA,calibrated_random_forest,1,2019-10-14,1,1,0.4614689857088019,0.4614689857088019,0.40896432388188425,0.052504661826917653
NVDA,calibrated_random_forest,1,2019-10-15,0,1,0.4750221391084007,0.4750221391084007,0.42277644279414855,0.05224569631425213
NVDA,calibrated_random_forest,1,2019-10-16,0,1,0.4969039088907136,0.4969039088907136,0.36630918280159736,0.13059472608911626
NVDA,calibrated_random_forest,1,2019-10-17,0,1,0.5023853884041664,0.5023853884041664,0.3706424681898561,0.13174292021431028
NVDA,calibrated_random_forest,1,2019-10-18,1,1,0.47077100861475557,0.47077100861475557,0.4044647128206405,0.06630629579411507
NVDA,calibrated_random_forest,1,2019-10-21,1,1,0.5427107344742037,0.5427107344742037,0.3485432388577558,0.19416749561644792
NVDA,calibrated_random_forest,1,2019-10-22,1,1,0.465546963338715,0.465546963338715,0.42897672958358046,0.03657023375513452
NVDA,calibrated_random_forest,1,2019-10-23,1,1,0.4610860894219786,0.4610860894219786,0.409840619228512,0.05124547019346659
NVDA,calibrated_random_forest,1,2019-10-24,1,1,0.4862222939695237,0.4862222939695237,0.4102646634780254,0.07595763049149828
NVDA,calibrated_random_forest,1,2019-10-25,0,1,0.4602451778737164,0.4602451778737164,0.41404198082869237,0.046203197045024014
NVDA,calibrated_random_forest,1,2019-10-28,0,1,0.45756357408609194,0.45756357408609194,0.4001532542170563,0.057410319869035664
NVDA,calibrated_random_forest,1,2019-10-29,1,1,0.4625888675277021,0.4625888675277021,0.3945230898372953,0.06806577769040684
NVDA,calibrated_random_forest,1,2019-10-30,1,1,0.4579026836335179,0.4579026836335179,0.3983912486130285,0.05951143502048939
NVDA,calibrated_random_forest,1,2019-10-31,1,1,0.45045119911132464,0.45045119911132464,0.3947428900658881,0.055708309045436555
NVDA,calibrated_random_forest,1,2019-11-01,1,-1,0.41551142451765016,0.4027486646888039,0.4027486646888039,0.012762759828846282
NVDA,calibrated_random_forest,1,2019-11-04,0,1,0.47052154968109106,0.47052154968109106,0.38882449111295553,0.08169705856813553
NVDA,calibrated_random_forest,1,2019-11-05,0,1,0.4396836239118094,0.4396836239118094,0.40461616010910206,0.03506746380270731
NVDA,calibrated_random_forest,1,2019-11-06,0,1,0.4531542896126477,0.4531542896126477,0.40500384231312064,0.048150447299527055
NVDA,calibrated_random_forest,1,2019-11-07,0,1,0.4641651572480036,0.4641651572480036,0.3911145052276417,0.07305065202036193
NVDA,calibrated_random_forest,1,2019-11-08,0,1,0.43096575157777384,0.43096575157777384,0.4121634188233556,0.018802332754418227
NVDA,calibrated_random_forest,1,2019-11-11,0,-1,0.44062138875202894,0.40972730660632567,0.40972730660632567,0.030894082145703272
NVDA,calibrated_random_forest,1,2019-11-12,0,-1,0.41280522823895255,0.4101403679744015,0.4101403679744015,0.002664860264551039
NVDA,calibrated_random_forest,1,2019-11-13,0,1,0.42734253460875954,0.42734253460875954,0.4041400649465771,0.023202469662182423
NVDA,calibrated_random_forest,1,2019-11-14,0,1,0.4282646231346279,0.4282646231346279,0.4128822957131775,0.015382327421450348
NVDA,calibrated_random_forest,1,2019-11-15,1,1,0.451836187773526,0.451836187773526,0.3549203221691924,0.09691586560433363
NVDA,calibrated_random_forest,1,2019-11-18,1,1,0.4642999159012986,0.4642999159012986,0.3963915710527873,0.06790834484851133
NVDA,calibrated_random_forest,1,2019-11-19,1,1,0.46085421241056057,0.46085421241056057,0.35264797834516903,0.10820623406539154
NVDA,calibrated_random_forest,1,2019-11-20,1,1,0.4487075431043694,0.4487075431043694,0.41056773937004193,0.03813980373432746
NVDA,calibrated_random_forest,1,2019-11-21,1,1,0.4415477670487133,0.4415477670487133,0.39564629981554916,0.04590146723316413
NVDA,calibrated_random_forest,1,2019-11-22,0,1,0.4253565172035964,0.4253565172035964,0.39003036730996804,0.03532614989362837
NVDA,calibrated_random_forest,1,2019-11-25,-1,1,0.5066972723950839,0.5066972723950839,0.33662574501422443,0.17007152738085946
NVDA,calibrated_random_forest,1,2019-11-26,-1,1,0.49574324379751405,0.49574324379751405,0.2971079678913707,0.19863527590614338
NVDA,calibrated_random_forest,1,2019-11-27,-1,1,0.5047432824161524,0.5047432824161524,0.3086390289943763,0.19610425342177612
NVDA,calibrated_random_forest,1,2019-11-29,-1,1,0.48789886130273613,0.48789886130273613,0.33801277936776813,0.149886081934968
NVDA,calibrated_random_forest,1,2019-12-02,0,1,0.49163734377594065,0.49163734377594065,0.32953358704634544,0.1621037567295952
NVDA,calibrated_random_forest,1,2019-12-03,1,1,0.4534284844070939,0.4534284844070939,0.4311425857904603,0.022285898616633604
NVDA,calibrated_random_forest,1,2019-12-04,1,1,0.42592746089208083,0.42592746089208083,0.37970900396085705,0.046218456931223784
NVDA,calibrated_random_forest,1,2019-12-05,1,1,0.4235752715796412,0.4235752715796412,0.4103574256961287,0.013217845883512491
NVDA,calibrated_random_forest,1,2019-12-06,1,1,0.4152792332657033,0.4152792332657033,0.40273928954887267,0.012539943716830648
NVDA,calibrated_random_forest,1,2019-12-09,1,-1,0.44898229852672805,0.4035712637032434,0.4035712637032434,0.04541103482348463
NVDA,calibrated_random_forest,1,2019-12-10,1,-1,0.45854338570582714,0.4261698871035873,0.4261698871035873,0.03237349860223987
NVDA,calibrated_random_forest,1,2019-12-11,1,-1,0.4352746588828735,0.40299165674586757,0.40299165674586757,0.03228300213700591
NVDA,calibrated_random_forest,1,2019-12-12,1,1,0.4504107114611138,0.4504107114611138,0.4045814547808218,0.045829256680291974
NVDA,calibrated_random_forest,1,2019-12-13,1,1,0.43759140139461455,0.43759140139461455,0.3720821119754299,0.06550928941918466
NVDA,calibrated_random_forest,1,2019-12-16,1,1,0.41864970468592516,0.41864970468592516,0.41306017741273626,0.005589527273188899
NVDA,calibrated_random_forest,1,2019-12-17,1,1,0.4323270019387828,0.4323270019387828,0.40995141033407584,0.02237559160470698
NVDA,calibrated_random_forest,1,2019-12-18,1,-1,0.43811183176834495,0.41207814390653086,0.41207814390653086,0.026033687861814092
NVDA,calibrated_random_forest,1,2019-12-19,0,-1,0.4331597559703666,0.43112976939255,0.43112976939255,0.0020299865778166115
NVDA,calibrated_random_forest,1,2019-12-20,-1,-1,0.4317307025034198,0.42602142354196815,0.42602142354196815,0.00570927896145168
NVDA,calibrated_random_forest,1,2019-12-23,0,-1,0.4199265183790515,0.4175560490015409,0.4175560490015409,0.0023704693775105645
NVDA,calibrated_random_forest,1,2019-12-24,0,1,0.43705043365480695,0.43705043365480695,0.40553116021490965,0.0315192734398973
NVDA,calibrated_random_forest,1,2019-12-26,0,1,0.4460375940883055,0.4460375940883055,0.40582227637854534,0.04021531770976017
NVDA,calibrated_random_forest,1,2019-12-27,0,1,0.4479607269446097,0.4479607269446097,0.38823652925280294,0.05972419769180676
NVDA,calibrated_random_forest,1,2019-12-30,1,1,0.3973610305362172,0.3973610305362172,0.37233771326110027,0.02502331727511692
NVDA,calibrated_random_forest,1,2019-12-31,1,-1,0.4354354863634371,0.38395505845387984,0.38395505845387984,0.05148042790955726
NVDA,calibrated_random_forest,1,2020-01-02,0,1,0.43491762322125255,0.43491762322125255,0.4326501622826691,0.002267460938583432
NVDA,calibrated_random_forest,1,2020-01-03,1,-1,0.4287690583054486,0.4131746085056854,0.4131746085056854,0.01559444979976321
NVDA,calibrated_random_forest,1,2020-01-06,1,-1,0.43967813448316023,0.4283352828143295,0.4283352828143295,0.011342851668830756
NVDA,calibrated_random_forest,1,2020-01-07,1,-1,0.46214602056997905,0.4316975748405691,0.4316975748405691,0.030448445729409968
NVDA,calibrated_random_forest,1,2020-01-08,1,-1,0.4539236471581276,0.4166412100482147,0.4166412100482147,0.037282437109912914
NVDA,calibrated_random_forest,1,2020-01-09,1,-1,0.45759875292296065,0.40986045728847226,0.40986045728847226,0.04773829563448839
NVDA,calibrated_random_forest,1,2020-01-10,1,-1,0.4591230709668061,0.42875791618888953,0.42875791618888953,0.03036515477791657
NVDA,calibrated_random_forest,1,2020-01-13,0,1,0.45809520583158286,0.45809520583158286,0.4020389374379641,0.05605626839361877
NVDA,calibrated_random_forest,1,2020-01-14,0,1,0.4486670533682666,0.4486670533682666,0.4103935773783289,0.038273475989937744
NVDA,calibrated_random_forest,1,2020-01-15,1,1,0.42990544321106056,0.42990544321106056,0.3838597814986991,0.04604566171236146
NVDA,calibrated_random_forest,1,2020-01-16,0,1,0.43501158496661746,0.43501158496661746,0.39447819665736183,0.040533388309255625
NVDA,calibrated_random_forest,1,2020-01-17,-1,1,0.43005693197973827,0.43005693197973827,0.38724433558131977,0.0428125963984185
NVDA,calibrated_random_forest,1,2020-01-21,0,1,0.3929837862621559,0.3929837862621559,0.3808179387086874,0.0121658475534685
NVDA,calibrated_random_forest,1,2020-01-22,0,1,0.4233118111109206,0.4233118111109206,0.3981653314319858,0.025146479678934797
NVDA,calibrated_random_forest,1,2020-01-23,-1,1,0.4184179368403315,0.4184179368403315,0.40893410006595393,0.009483836774377585
NVDA,calibrated_random_forest,1,2020-01-24,-1,1,0.4451756477554149,0.4451756477554149,0.3937174910486987,0.05145815670671622
NVDA,calibrated_random_forest,1,2020-01-27,0,1,0.4630040943075169,0.4630040943075169,0.414274022811235,0.04873007149628189
NVDA,calibrated_random_forest,1,2020-01-28,0,1,0.487633420073798,0.487633420073798,0.37832901579006073,0.10930440428373728
NVDA,calibrated_random_forest,1,2020-01-29,1,1,0.42292372564087993,0.42292372564087993,0.38959551404925225,0.03332821159162769
NVDA,calibrated_random_forest,1,2020-01-30,1,1,0.42321498638242616,0.42321498638242616,0.3852876805883369,0.03792730579408926
NVDA,calibrated_random_forest,1,2020-01-31,1,1,0.4673523033833169,0.4673523033833169,0.44677523328817886,0.02057707009513804
NVDA,calibrated_random_forest,1,2020-02-03,1,1,0.48895317311131187,0.48895317311131187,0.42546039138716835,0.06349278172414352
NVDA,calibrated_random_forest,1,2020-02-04,1,1,0.48870280916143166,0.48870280916143166,0.3722067360694223,0.11649607309200938
NVDA,calibrated_random_forest,1,2020-02-05,1,1,0.5083924854410613,0.5083924854410613,0.3406046494727964,0.1677878359682649
NVDA,calibrated_random_forest,1,2020-02-06,1,1,0.5148455034304543,0.5148455034304543,0.332468214230518,0.18237728919993634
NVDA,calibrated_random_forest,1,2020-02-07,1,1,0.45768056609876256,0.45768056609876256,0.36832868470155283,0.08935188139720973
NVDA,calibrated_random_forest,1,2020-02-10,1,1,0.5115884593699495,0.5115884593699495,0.3483145526596718,0.16327390671027764
NVDA,calibrated_random_forest,1,2020-02-11,1,1,0.5053933514475178,0.5053933514475178,0.35047783557430173,0.15491551587321611
NVDA,calibrated_random_forest,1,2020-02-12,1,1,0.4769152183354839,0.4769152183354839,0.3797933659830573,0.0971218523524266
NVDA,calibrated_random_forest,1,2020-02-13,1,1,0.4558322092680118,0.4558322092680118,0.373266180548653,0.08256602871935881
NVDA,calibrated_random_forest,1,2020-02-14,-1,1,0.45801486388007384,0.45801486388007384,0.4422191984952148,0.015795665384859048
NVDA,calibrated_random_forest,1,2020-02-18,-1,-1,0.4512675174631009,0.4509106141847401,0.4509106141847401,0.0003569032783607984
NVDA,calibrated_random_forest,1,2020-02-19,-1,1,0.48526482881689836,0.48526482881689836,0.41812772739115783,0.06713710142574053
NVDA,calibrated_random_forest,1,2020-02-20,-1,1,0.47995544751810737,0.47995544751810737,0.42086873343574355,0.05908671408236382
NVDA,calibrated_random_forest,1,2020-02-21,-1,1,0.49874228941358073,0.49874228941358073,0.3965597298944181,0.10218255951916261
NVDA,calibrated_random_forest,1,2020-02-24,0,1,0.4548217060351362,0.4548217060351362,0.4056996154991415,0.0491220905359947
NVDA,calibrated_random_forest,1,2020-02-25,0,1,0.49681824187048057,0.49681824187048057,0.3971650315663687,0.0996532103041119
NVDA,calibrated_random_forest,1,2020-02-26,1,1,0.4921527581252915,0.4921527581252915,0.4137302040310598,0.07842255409423171
NVDA,calibrated_random_forest,1,2020-02-27,1,1,0.5149738714800808,0.5149738714800808,0.39650004168929004,0.11847382979079074
NVDA,calibrated_random_forest,1,2020-02-28,0,-1,0.4695241278513375,0.4547934118462755,0.4547934118462755,0.014730716005062039
NVDA,calibrated_random_forest,1,2020-03-02,-1,1,0.46941534385403205,0.46941534385403205,0.4523466649912851,0.017068678862746933
NVDA,calibrated_random_forest,1,2020-03-03,0,1,0.47481395897439355,0.47481395897439355,0.453589481647143,0.021224477327250524
NVDA,calibrated_random_forest,1,2020-03-04,-1,1,0.4817655614354535,0.4817655614354535,0.447284136256824,0.03448142517862951
NVDA,calibrated_random_forest,1,2020-03-05,-1,1,0.4774487846280056,0.4774487846280056,0.4442475966871077,0.03320118794089788
NVDA,calibrated_random_forest,1,2020-03-06,-1,-1,0.46127075698515213,0.4586241245992417,0.4586241245992417,0.0026466323859104524
NVDA,calibrated_random_forest,1,2020-03-09,-1,1,0.4732401422197487,0.4732401422197487,0.44342026607297075,0.029819876146777946
NVDA,calibrated_random_forest,1,2020-03-10,-1,1,0.5095712902976174,0.5095712902976174,0.41464858763396356,0.09492270266365382
NVDA,calibrated_random_forest,1,2020-03-11,-1,1,0.48392312396584064,0.48392312396584064,0.4319717420340013,0.05195138193183935
NVDA,calibrated_random_forest,1,2020-03-12,0,1,0.4860125954586198,0.4860125954586198,0.4452602132860373,0.04075238217258248
NVDA,calibrated_random_forest,1,2020-03-13,-1,-1,0.47486031711685434,0.4573207164446104,0.4573207164446104,0.017539600672243916
NVDA,calibrated_random_forest,1,2020-03-16,1,1,0.48331149583157834,0.48331149583157834,0.44865128289493844,0.0346602129366399
NVDA,calibrated_random_forest,1,2020-03-17,1,-1,0.48395031112755055,0.4567874240083647,0.4567874240083647,0.027162887119185852
NVDA,calibrated_random_forest,1,2020-03-18,1,1,0.47520010341164526,0.47520010341164526,0.46010863195731133,0.015091471454333927
NVDA,calibrated_random_forest,1,2020-03-19,1,-1,0.5109747674945994,0.4345605192010428,0.4345605192010428,0.07641424829355653
NVDA,calibrated_random_forest,1,2020-03-20,1,-1,0.48195207808083884,0.4568875430532298,0.4568875430532298,0.025064535027609025
NVDA,calibrated_random_forest,1,2020-03-23,1,-1,0.491471255299178,0.4512095689655782,0.4512095689655782,0.04026168633359983
NVDA,calibrated_random_forest,1,2020-03-24,1,1,0.48267362999571684,0.48267362999571684,0.4493361427646749,0.03333748723104196
NVDA,calibrated_random_forest,1,2020-03-25,0,1,0.49109990514997476,0.49109990514997476,0.42876634926666934,0.062333555883305414
NVDA,calibrated_random_forest,1,2020-03-26,0,1,0.5191508537215309,0.5191508537215309,0.4033554671495609,0.11579538657197003
NVDA,calibrated_random_forest,1,2020-03-27,-1,1,0.5012495277684864,0.5012495277684864,0.41531944821337863,0.08593007955510779
NVDA,calibrated_random_forest,1,2020-03-30,0,1,0.4990499541852132,0.4990499541852132,0.43266957190992167,0.06638038227529153
NVDA,calibrated_random_forest,1,2020-03-31,0,1,0.48639688824472094,0.48639688824472094,0.43674222266211826,0.049654665582602675
NVDA,calibrated_random_forest,1,2020-04-01,1,1,0.46201754406574574,0.46201754406574574,0.4328209184907572,0.029196625574988533
NVDA,calibrated_random_forest,1,2020-04-02,1,1,0.501640009167657,0.501640009167657,0.41064200518132626,0.09099800398633079
NVDA,calibrated_random_forest,1,2020-04-03,1,1,0.44707976484848705,0.44707976484848705,0.4302919620280785,0.016787802820408537
NVDA,calibrated_random_forest,1,2020-04-06,1,1,0.47412879028377525,0.47412879028377525,0.45860514030161187,0.015523649982163379
NVDA,calibrated_random_forest,1,2020-04-07,1,1,0.482890966194834,0.482890966194834,0.41171493011836574,0.07117603607646827
NVDA,calibrated_random_forest,1,2020-04-08,1,1,0.4864460360377019,0.4864460360377019,0.4354200563740838,0.051025979663618104
NVDA,calibrated_random_forest,1,2020-04-09,1,1,0.47972170107194373,0.47972170107194373,0.43622934402725777,0.04349235704468596
NVDA,calibrated_random_forest,1,2020-04-13,1,1,0.46735078124675705,0.46735078124675705,0.45832307568527103,0.009027705561486021
NVDA,calibrated_random_forest,1,2020-04-14,-1,1,0.4709470438334913,0.4709470438334913,0.4624453045212184,0.008501739312272882
NVDA,calibrated_random_forest,1,2020-04-15,0,1,0.4766022401977948,0.4766022401977948,0.4449611260516762,0.03164111414611859
NVDA,calibrated_random_forest,1,2020-04-16,-1,1,0.4758926487519683,0.4758926487519683,0.4560271898355131,0.019865458916455192
NVDA,calibrated_random_forest,1,2020-04-17,0,1,0.4959130142713515,0.4959130142713515,0.42401662210393826,0.07189639216741323
NVDA,calibrated_random_forest,1,2020-04-20,1,1,0.48794474949731875,0.48794474949731875,0.42652453140638064,0.06142021809093812
NVDA,calibrated_random_forest,1,2020-04-21,1,1,0.45978583142408036,0.45978583142408036,0.41819752190746673,0.04158830951661363
NVDA,calibrated_random_forest,1,2020-04-22,1,1,0.5306136367599815,0.5306136367599815,0.38906629228123196,0.14154734447874956
NVDA,calibrated_random_forest,1,2020-04-23,1,1,0.4706038926814182,0.4706038926814182,0.4064402567039324,0.06416363597748581
NVDA,calibrated_random_forest,1,2020-04-24,-1,1,0.4737340674705603,0.4737340674705603,0.4232135713094167,0.05052049616114357
NVDA,calibrated_random_forest,1,2020-04-27,0,1,0.5153305563359033,0.5153305563359033,0.38512995194459904,0.13020060439130426
NVDA,calibrated_random_forest,1,2020-04-28,0,1,0.5118826547794884,0.5118826547794884,0.3615330872653803,0.15034956751410805
NVDA,calibrated_random_forest,1,2020-04-29,0,1,0.5257491200480027,0.5257491200480027,0.35237668842050335,0.17337243162749932
NVDA,calibrated_random_forest,1,2020-04-30,1,1,0.49346577595114915,0.49346577595114915,0.37700225173901597,0.11646352421213318
NVDA,calibrated_random_forest,1,2020-05-01,1,1,0.4889811754744556,0.4889811754744556,0.39172602412972,0.09725515134473556
NVDA,calibrated_random_forest,1,2020-05-04,1,1,0.4770078908889632,0.4770078908889632,0.3840314051708155,0.0929764857181477
NVDA,calibrated_random_forest,1,2020-05-05,1,1,0.529130228693436,0.529130228693436,0.33935939226765405,0.1897708364257819
NVDA,calibrated_random_forest,1,2020-05-06,1,1,0.447747574946139,0.447747574946139,0.4458671321317662,0.0018804428143727736
NVDA,calibrated_random_forest,1,2020-05-07,1,1,0.48654759241863327,0.48654759241863327,0.41657921968003525,0.06996837273859802
NVDA,calibrated_random_forest,1,2020-05-08,1,1,0.4921883502690713,0.4921883502690713,0.4068787072787951,0.08530964299027621
NVDA,calibrated_random_forest,1,2020-05-11,1,1,0.46516862284579713,0.46516862284579713,0.43838317213751526,0.026785450708281866
NVDA,calibrated_random_forest,1,2020-05-12,1,1,0.5267032615122407,0.5267032615122407,0.356343875868957,0.17035938564328368
NVDA,calibrated_random_forest,1,2020-05-13,1,1,0.5081268854646562,0.5081268854646562,0.3843549751492952,0.12377191031536106
NVDA,calibrated_random_forest,1,2020-05-14,1,1,0.5169746509465576,0.5169746509465576,0.37014337878405756,0.14683127216250003
NVDA,calibrated_random_forest,1,2020-05-15,1,-1,0.45659017626934645,0.44874027817961215,0.44874027817961215,0.007849898089734297
NVDA,calibrated_random_forest,1,2020-05-18,0,1,0.47180973785323793,0.47180973785323793,0.4257880401546254,0.04602169769861253
NVDA,calibrated_random_forest,1,2020-05-19,-1,1,0.45523534246876024,0.45523534246876024,0.4492964634646837,0.005938879004076525
NVDA,calibrated_random_forest,1,2020-05-20,-1,1,0.4718192861586017,0.4718192861586017,0.42550972071281024,0.046309565445791456
NVDA,calibrated_random_forest,1,2020-05-21,0,1,0.5092333614897079,0.5092333614897079,0.3823852222638278,0.12684813922588006
NVDA,calibrated_random_forest,1,2020-05-22,-1,1,0.48598832054005153,0.48598832054005153,0.4157224322737165,0.07026588826633501
NVDA,calibrated_random_forest,1,2020-05-26,0,1,0.5071866689276181,0.5071866689276181,0.3613777017214721,0.145808967206146
NVDA,calibrated_random_forest,1,2020-05-27,1,1,0.4667777002394831,0.4667777002394831,0.3801081008865191,0.08666959935296403
NVDA,calibrated_random_forest,1,2020-05-28,1,1,0.47956434531953546,0.47956434531953546,0.3715709701534586,0.10799337516607688
NVDA,calibrated_random_forest,1,2020-05-29,0,1,0.5111674312621286,0.5111674312621286,0.38971731434616874,0.12145011691595986
NVDA,calibrated_random_forest,1,2020-06-01,0,1,0.4637869717993059,0.4637869717993059,0.400161813716811,0.06362515808249491
NVDA,calibrated_random_forest,1,2020-06-02,1,1,0.47614643200239587,0.47614643200239587,0.41283455988567397,0.0633118721167219
NVDA,calibrated_random_forest,1,2020-06-03,1,1,0.48152373760674433,0.48152373760674433,0.4008305776732884,0.08069315993345594
NVDA,calibrated_random_forest,1,2020-06-04,0,1,0.46575613906053054,0.46575613906053054,0.43352958272767106,0.03222655633285948
NVDA,calibrated_random_forest,1,2020-06-05,0,1,0.4637234868253944,0.4637234868253944,0.4224764816666063,0.0412470051587881
NVDA,calibrated_random_forest,1,2020-06-08,1,1,0.4542666937234725,0.4542666937234725,0.41983326923435316,0.034433424489119346
NVDA,calibrated_random_forest,1,2020-06-09,0,1,0.46381888151412726,0.46381888151412726,0.4278785087709489,0.03594037274317835
NVDA,calibrated_random_forest,1,2020-06-10,0,1,0.46974951872079923,0.46974951872079923,0.4370141914148269,0.03273532730597234
NVDA,calibrated_random_forest,1,2020-06-11,1,1,0.5034285044082604,0.5034285044082604,0.35507826474735804,0.14835023966090233
NVDA,calibrated_random_forest,1,2020-06-12,1,1,0.5094380340295573,0.5094380340295573,0.3682693002663999,0.14116873376315742
NVDA,calibrated_random_forest,1,2020-06-15,1,1,0.5205214605849116,0.5205214605849116,0.3594307254032665,0.16109073518164507
NVDA,calibrated_random_forest,1,2020-06-16,1,1,0.4952175565144268,0.4952175565144268,0.35726583222690395,0.13795172428752284
NVDA,calibrated_random_forest,1,2020-06-17,0,1,0.4891863160045265,0.4891863160045265,0.36498378424014394,0.12420253176438256
NVDA,calibrated_random_forest,1,2020-06-18,1,1,0.5194487447695458,0.5194487447695458,0.3369723874833725,0.18247635728617334
NVDA,calibrated_random_forest,1,2020-06-19,0,1,0.5138428416799745,0.5138428416799745,0.3566349046429301,0.15720793703704444
NVDA,calibrated_random_forest,1,2020-06-22,-1,1,0.5339882324618794,0.5339882324618794,0.34525351953682465,0.18873471292505478
NVDA,calibrated_random_forest,1,2020-06-23,0,1,0.5117875207361148,0.5117875207361148,0.34736408371812827,0.1644234370179865
NVDA,calibrated_random_forest,1,2020-06-24,1,1,0.4864014154255503,0.4864014154255503,0.3971007874708871,0.0893006279546632
NVDA,calibrated_random_forest,1,2020-06-25,0,1,0.4857253506300732,0.4857253506300732,0.41185095751392237,0.07387439311615085
NVDA,calibrated_random_forest,1,2020-06-26,1,1,0.43666593004287163,0.43666593004287163,0.42595395279616804,0.010711977246703586
NVDA,calibrated_random_forest,1,2020-06-29,1,1,0.43862602566831227,0.43862602566831227,0.393457093360761,0.04516893230755126
NVDA,calibrated_random_forest,1,2020-06-30,1,1,0.47200791783906976,0.47200791783906976,0.4038987733777404,0.06810914446132937
NVDA,calibrated_random_forest,1,2020-07-01,1,1,0.4566618435803503,0.4566618435803503,0.4225997324411388,0.03406211113921148
NVDA,calibrated_random_forest,1,2020-07-02,1,1,0.4742025674352515,0.4742025674352515,0.4071215754529475,0.067080991982304
NVDA,calibrated_random_forest,1,2020-07-06,1,1,0.49847066863088924,0.49847066863088924,0.391932835604583,0.10653783302630626
NVDA,calibrated_random_forest,1,2020-07-07,1,1,0.47744951155161525,0.47744951155161525,0.4193747896770476,0.058074721874567636
NVDA,calibrated_random_forest,1,2020-07-08,0,1,0.4748527622486134,0.4748527622486134,0.42667082569039244,0.04818193655822095
NVDA,calibrated_random_forest,1,2020-07-09,-1,1,0.4634736802309137,0.4634736802309137,0.4442874129870036,0.019186267243910093
NVDA,calibrated_random_forest,1,2020-07-10,-1,1,0.4625778178722011,0.4625778178722011,0.42639825819429883,0.03617955967790226
NVDA,calibrated_random_forest,1,2020-07-13,1,1,0.47661666262170926,0.47661666262170926,0.3983030735583852,0.07831358906332408
NVDA,calibrated_random_forest,1,2020-07-14,0,1,0.49140792210128076,0.49140792210128076,0.4090847865330958,0.08232313556818494
NVDA,calibrated_random_forest,1,2020-07-15,1,1,0.47383042145728654,0.47383042145728654,0.3909251915870002,0.08290522987028637
NVDA,calibrated_random_forest,1,2020-07-16,0,1,0.4585686414326417,0.4585686414326417,0.36888821025613244,0.08968043117650926
NVDA,calibrated_random_forest,1,2020-07-17,0,1,0.4563198470393015,0.4563198470393015,0.37672034822061823,0.07959949881868328
NVDA,calibrated_random_forest,1,2020-07-20,0,1,0.5246967142918719,0.5246967142918719,0.3729451597660902,0.1517515545257817
NVDA,calibrated_random_forest,1,2020-07-21,0,1,0.49139476197301946,0.49139476197301946,0.3490247012148396,0.14237006075817987
NVDA,calibrated_random_forest,1,2020-07-22,0,1,0.49646375405481286,0.49646375405481286,0.39369478585568735,0.10276896819912551
NVDA,calibrated_random_forest,1,2020-07-23,1,1,0.47598661799084246,0.47598661799084246,0.4030811791526925,0.07290543883814998
NVDA,calibrated_random_forest,1,2020-07-24,1,1,0.46840860037722115,0.46840860037722115,0.41882089791919047,0.04958770245803068
NVDA,calibrated_random_forest,1,2020-07-27,1,1,0.44566698265499055,0.44566698265499055,0.4344080175585767,0.011258965096413831
NVDA,calibrated_random_forest,1,2020-07-28,1,-1,0.44952803909934663,0.4192535068717583,0.4192535068717583,0.030274532227588358
NVDA,calibrated_random_forest,1,2020-07-29,1,1,0.4491662651813562,0.4491662651813562,0.431433054632977,0.01773321054837923
NVDA,calibrated_random_forest,1,2020-07-30,1,1,0.46405419592292985,0.46405419592292985,0.4298686638670804,0.034185532055849455
NVDA,calibrated_random_forest,1,2020-07-31,1,1,0.4636888877451673,0.4636888877451673,0.41382282591720615,0.04986606182796116
NVDA,calibrated_random_forest,1,2020-08-03,0,1,0.4759682137450647,0.4759682137450647,0.4277952525017484,0.048172961243316326
NVDA,calibrated_random_forest,1,2020-08-04,-1,1,0.4787765764634273,0.4787765764634273,0.41776650777966023,0.06101006868376707
NVDA,calibrated_random_forest,1,2020-08-05,0,1,0.46414780870522493,0.46414780870522493,0.4060716240790581,0.058076184626166816
NVDA,calibrated_random_forest,1,2020-08-06,0,1,0.4539809133593728,0.4539809133593728,0.38714105966480156,0.06683985369457124
NVDA,calibrated_random_forest,1,2020-08-07,1,1,0.47495975767240467,0.47495975767240467,0.36496659038464346,0.1099931672877612
NVDA,calibrated_random_forest,1,2020-08-10,1,1,0.47183460681198836,0.47183460681198836,0.3796209143108847,0.09221369250110367
NVDA,calibrated_random_forest,1,2020-08-11,1,1,0.4241125826625502,0.4241125826625502,0.37063719747713836,0.05347538518541184
NVDA,calibrated_random_forest,1,2020-08-12,1,1,0.5049072445891553,0.5049072445891553,0.3926469779276281,0.11226026666152716
NVDA,calibrated_random_forest,1,2020-08-13,1,1,0.5160493827512033,0.5160493827512033,0.37197532975945613,0.14407405299174714
NVDA,calibrated_random_forest,1,2020-08-14,1,1,0.4989665251505742,0.4989665251505742,0.3953941055133967,0.1035724196371775
NVDA,calibrated_random_forest,1,2020-08-17,1,1,0.4818656203946079,0.4818656203946079,0.42506780806027517,0.05679781233433273
NVDA,calibrated_random_forest,1,2020-08-18,1,1,0.5052221375287808,0.5052221375287808,0.3877463674435595,0.11747577008522125
NVDA,calibrated_random_forest,1,2020-08-19,1,1,0.4962663870105403,0.4962663870105403,0.39506399786419905,0.10120238914634128
NVDA,calibrated_random_forest,1,2020-08-20,1,1,0.5189310232893586,0.5189310232893586,0.37106911685209987,0.14786190643725872
NVDA,calibrated_random_forest,1,2020-08-21,1,1,0.47784994321004376,0.47784994321004376,0.42606666724582815,0.051783275964215614
NVDA,calibrated_random_forest,1,2020-08-24,1,1,0.4972073747363727,0.4972073747363727,0.3961002660109439,0.10110710872542883
NVDA,calibrated_random_forest,1,2020-08-25,1,1,0.47713511847461537,0.47713511847461537,0.40925199978777166,0.06788311868684371
NVDA,calibrated_random_forest,1,2020-08-26,1,1,0.4829097227958801,0.4829097227958801,0.403817741333278,0.0790919814626021
NVDA,calibrated_random_forest,1,2020-08-27,1,1,0.4921581909377995,0.4921581909377995,0.3822727813166477,0.10988540962115179
NVDA,calibrated_random_forest,1,2020-08-28,-1,1,0.4744002633813503,0.4744002633813503,0.43136099930514504,0.04303926407620523
NVDA,calibrated_random_forest,1,2020-08-31,-1,-1,0.4549327661509131,0.44569442068502535,0.44569442068502535,0.009238345465887754
NVDA,calibrated_random_forest,1,2020-09-01,-1,-1,0.45343847062068354,0.4516976090340064,0.4516976090340064,0.0017408615866771338
NVDA,calibrated_random_forest,1,2020-09-02,-1,1,0.45783056080373696,0.45783056080373696,0.4491632021927674,0.008667358610969567
NVDA,calibrated_random_forest,1,2020-09-03,-1,1,0.5227294567564117,0.5227294567564117,0.3551825789542819,0.1675468778021298
NVDA,calibrated_random_forest,1,2020-09-04,0,1,0.48531351444501913,0.48531351444501913,0.37976265351626326,0.10555086092875587
NVDA,calibrated_random_forest,1,2020-09-08,1,1,0.5052314946876852,0.5052314946876852,0.399019516512859,0.10621197817482625
NVDA,calibrated_random_forest,1,2020-09-09,0,1,0.5044097088244462,0.5044097088244462,0.38034595517728936,0.12406375364715688
NVDA,calibrated_random_forest,1,2020-09-10,0,1,0.485403862193227,0.485403862193227,0.42887516141117143,0.056528700782055574
NVDA,calibrated_random_forest,1,2020-09-11,0,1,0.4690745620837333,0.4690745620837333,0.45332656535688454,0.01574799672684879
NVDA,calibrated_random_forest,1,2020-09-14,-1,1,0.4770642071300615,0.4770642071300615,0.4481815655046111,0.0288826416254504
NVDA,calibrated_random_forest,1,2020-09-15,-1,1,0.5079765113696162,0.5079765113696162,0.3961565776457084,0.1118199337239078
NVDA,calibrated_random_forest,1,2020-09-16,-1,1,0.4926233788477476,0.4926233788477476,0.4159436222652843,0.07667975658246329
NVDA,calibrated_random_forest,1,2020-09-17,0,1,0.4811702529824243,0.4811702529824243,0.4397170444469983,0.041453208535426
NVDA,calibrated_random_forest,1,2020-09-18,1,1,0.4953736452351252,0.4953736452351252,0.42844107806427995,0.06693256717084528
NVDA,calibrated_random_forest,1,2020-09-21,1,1,0.493243032015694,0.493243032015694,0.42077685273096765,0.07246617928472637
NVDA,calibrated_random_forest,1,2020-09-22,1,1,0.5097208524125638,0.5097208524125638,0.39633179543079516,0.11338905698176865
NVDA,calibrated_random_forest,1,2020-09-23,1,1,0.4816555450253295,0.4816555450253295,0.4328724828899446,0.04878306213538486
NVDA,calibrated_random_forest,1,2020-09-24,1,1,0.5149675612127389,0.5149675612127389,0.4006623105705082,0.11430525064223068
NVDA,calibrated_random_forest,1,2020-09-25,0,1,0.5374666104394713,0.5374666104394713,0.3897374420809254,0.14772916835854588
NVDA,calibrated_random_forest,1,2020-09-28,1,1,0.5029645728271667,0.5029645728271667,0.4129975539042771,0.08996701892288955
NVDA,calibrated_random_forest,1,2020-09-29,1,1,0.48002821531511247,0.48002821531511247,0.4403167824790799,0.03971143283603257
NVDA,calibrated_random_forest,1,2020-09-30,1,1,0.5193562198847572,0.5193562198847572,0.3991985767726194,0.12015764311213784
NVDA,calibrated_random_forest,1,2020-10-01,0,1,0.5197332736113008,0.5197332736113008,0.3883256643161113,0.13140760929518952
NVDA,calibrated_random_forest,1,2020-10-02,1,1,0.49291041082558973,0.49291041082558973,0.39558510128371244,0.09732530954187729
NVDA,calibrated_random_forest,1,2020-10-05,1,1,0.5232205575289531,0.5232205575289531,0.4003658973619268,0.12285466016702634
NVDA,calibrated_random_forest,1,2020-10-06,1,1,0.48967772682366856,0.48967772682366856,0.43942145667664895,0.05025627014701961
NVDA,calibrated_random_forest,1,2020-10-07,0,1,0.48543484568416034,0.48543484568416034,0.4301996244380981,0.05523522124606223
NVDA,calibrated_random_forest,1,2020-10-08,0,1,0.4945325018467252,0.4945325018467252,0.40631902761070476,0.08821347423602044
NVDA,calibrated_random_forest,1,2020-10-09,0,1,0.4620162367040126,0.4620162367040126,0.41472879224908393,0.04728744445492866
NVDA,calibrated_random_forest,1,2020-10-12,-1,1,0.5106366973906337,0.5106366973906337,0.38522854634597864,0.12540815104465503
NVDA,calibrated_random_forest,1,2020-10-13,-1,1,0.4948792391662886,0.4948792391662886,0.38474044590399986,0.11013879326228876
NVDA,calibrated_random_forest,1,2020-10-14,-1,1,0.48767544744482544,0.48767544744482544,0.40623685656104547,0.08143859088377997
NVDA,calibrated_random_forest,1,2020-10-15,-1,1,0.4673710572072844,0.4673710572072844,0.41184912526461837,0.055521931942666025
NVDA,calibrated_random_forest,1,2020-10-16,0,1,0.43912728808645946,0.43912728808645946,0.4120369451472632,0.027090342939196266
NVDA,calibrated_random_forest,1,2020-10-19,-1,1,0.4461878305480383,0.4461878305480383,0.4329295420208888,0.013258288527149498
NVDA,calibrated_random_forest,1,2020-10-20,0,1,0.43811356385847966,0.43811356385847966,0.43646783642587067,0.00164572743260899
NVDA,calibrated_random_forest,1,2020-10-21,-1,-1,0.46936550711033337,0.4358458380396397,0.4358458380396397,0.03351966907069365
NVDA,calibrated_random_forest,1,2020-10-22,-1,1,0.45902779649188136,0.45902779649188136,0.4450213844283922,0.014006412063489182
NVDA,calibrated_random_forest,1,2020-10-23,-1,-1,0.45429462987752406,0.4536968644230685,0.4536968644230685,0.0005977654544555566
NVDA,calibrated_random_forest,1,2020-10-26,-1,-1,0.4625537110851694,0.45488512416842336,0.45488512416842336,0.007668586916746045
NVDA,calibrated_random_forest,1,2020-10-27,-1,-1,0.49015980250920804,0.44605592505744046,0.44605592505744046,0.04410387745176758
NVDA,calibrated_random_forest,1,2020-10-28,1,-1,0.47735723086756937,0.4367052510812674,0.4367052510812674,0.04065197978630197
NVDA,calibrated_random_forest,1,2020-10-29,1,1,0.4791557212397631,0.4791557212397631,0.4557727014674724,0.02338301977229068
NVDA,calibrated_random_forest,1,2020-10-30,1,-1,0.46691113938243484,0.4434675286804608,0.4434675286804608,0.023443610701974038
NVDA,calibrated_random_forest,1,2020-11-02,1,-1,0.49880190649069583,0.43689234724991205,0.43689234724991205,0.061909559240783785
NVDA,calibrated_random_forest,1,2020-11-03,0,-1,0.4723530590514214,0.45840788948340533,0.45840788948340533,0.013945169568016058
NVDA,calibrated_random_forest,1,2020-11-04,-1,1,0.5099525668322604,0.5099525668322604,0.41671944140491135,0.09323312542734907
NVDA,calibrated_random_forest,1,2020-11-05,-1,1,0.5293329918017909,0.5293329918017909,0.3560121021423796,0.17332088965941134
NVDA,calibrated_random_forest,1,2020-11-06,-1,1,0.5220185934593116,0.5220185934593116,0.3674844258518941,0.15453416760741745
NVDA,calibrated_random_forest,1,2020-11-09,0,1,0.4760309708715453,0.4760309708715453,0.3582268143554215,0.1178041565161238
NVDA,calibrated_random_forest,1,2020-11-10,1,1,0.4756135895481239,0.4756135895481239,0.44345778462158275,0.03215580492654113
NVDA,calibrated_random_forest,1,2020-11-11,0,1,0.47902736250661676,0.47902736250661676,0.3705520682894304,0.10847529421718638
NVDA,calibrated_random_forest,1,2020-11-12,0,1,0.4666198690729284,0.4666198690729284,0.3625785613610632,0.1040413077118652
NVDA,calibrated_random_forest,1,2020-11-13,0,1,0.4886534904995388,0.4886534904995388,0.3505817686508849,0.1380717218486539
NVDA,calibrated_random_forest,1,2020-11-16,-1,1,0.49126627819701113,0.49126627819701113,0.3523001369914511,0.13896614120556006
NVDA,calibrated_random_forest,1,2020-11-17,-1,1,0.48486623303954857,0.48486623303954857,0.359291714560053,0.12557451847949558
NVDA,calibrated_random_forest,1,2020-11-18,0,1,0.46599119035240344,0.46599119035240344,0.4358273984752205,0.030163791877182933
NVDA,calibrated_random_forest,1,2020-11-19,0,1,0.4899666185042248,0.4899666185042248,0.39837221399888195,0.09159440450534284
NVDA,calibrated_random_forest,1,2020-11-20,1,1,0.48228354946390617,0.48228354946390617,0.42133124006456973,0.060952309399336435
NVDA,calibrated_random_forest,1,2020-11-23,0,1,0.4846636334871987,0.4846636334871987,0.4184506167881364,0.06621301669906232
NVDA,calibrated_random_forest,1,2020-11-24,1,-1,0.44236487929628815,0.422780076110246,0.422780076110246,0.019584803186042166
NVDA,calibrated_random_forest,1,2020-11-25,0,-1,0.4403006595862759,0.43952368914277873,0.43952368914277873,0.0007769704434971714
NVDA,calibrated_random_forest,1,2020-11-27,1,-1,0.43580875217601633,0.4351904677870695,0.4351904677870695,0.0006182843889468437
NVDA,calibrated_random_forest,1,2020-11-30,0,-1,0.43921118424242017,0.4350403928853166,0.4350403928853166,0.004170791357103576
NVDA,calibrated_random_forest,1,2020-12-01,0,1,0.43971384967229704,0.43971384967229704,0.4138761899115096,0.025837659760787446
NVDA,calibrated_random_forest,1,2020-12-02,-1,1,0.43617712769529016,0.43617712769529016,0.41019298465566,0.025984143039630148
NVDA,calibrated_random_forest,1,2020-12-03,-1,-1,0.4171927658226628,0.40894047196602196,0.40894047196602196,0.008252293856640835
NVDA,calibrated_random_forest,1,2020-12-04,-1,-1,0.40604127282137564,0.40385144538517853,0.40385144538517853,0.0021898274361971115
NVDA,calibrated_random_forest,1,2020-12-07,-1,-1,0.4125200614550372,0.4031151298402654,0.4031151298402654,0.00940493161477185
NVDA,calibrated_random_forest,1,2020-12-08,0,1,0.40713171022097067,0.40713171022097067,0.40151869201336504,0.0056130182076056245
NVDA,calibrated_random_forest,1,2020-12-09,1,1,0.454971376041615,0.454971376041615,0.42933185450833317,0.02563952153328186
NVDA,calibrated_random_forest,1,2020-12-10,1,-1,0.4786301772734923,0.42678027276468716,0.42678027276468716,0.05184990450880511
NVDA,calibrated_random_forest,1,2020-12-11,0,-1,0.4564062521224244,0.4295492293321348,0.4295492293321348,0.02685702279028962
NVDA,calibrated_random_forest,1,2020-12-14,0,-1,0.4684799403171869,0.4260559193683216,0.4260559193683216,0.042424020948865326
NVDA,calibrated_random_forest,1,2020-12-15,0,1,0.43233095712962816,0.43233095712962816,0.420183400474184,0.012147556655444147
NVDA,calibrated_random_forest,1,2020-12-16,0,1,0.44887208134010964,0.44887208134010964,0.4317408268016896,0.017131254538420015
NVDA,calibrated_random_forest,1,2020-12-17,-1,1,0.42498655612738784,0.42498655612738784,0.4216339008997654,0.0033526552276224586
NVDA,calibrated_random_forest,1,2020-12-18,-1,-1,0.45193417458443963,0.4310611360377754,0.4310611360377754,0.020873038546664224
NVDA,calibrated_random_forest,1,2020-12-21,-1,1,0.44779299620135166,0.44779299620135166,0.44068539711839266,0.007107599082958993
NVDA,calibrated_random_forest,1,2020-12-22,0,1,0.4355595001644083,0.4355595001644083,0.4322957364286229,0.0032637637357854077
NVDA,calibrated_random_forest,1,2020-12-23,0,-1,0.4420274865568698,0.4365862559258169,0.4365862559258169,0.005441230631052896
NVDA,calibrated_random_forest,1,2020-12-24,0,-1,0.44481512843109217,0.43410623183589836,0.43410623183589836,0.010708896595193806
NVDA,calibrated_random_forest,1,2020-12-28,1,-1,0.45811580763664095,0.42141455596713034,0.42141455596713034,0.036701251669510604
NVDA,calibrated_random_forest,1,2020-12-29,-1,-1,0.4877828796004873,0.432008103186526,0.432008103186526,0.05577477641396128
NVDA,calibrated_random_forest,1,2020-12-30,0,-1,0.4673224917402747,0.43390181708102055,0.43390181708102055,0.033420674659254135
NVDA,calibrated_random_forest,1,2020-12-31,0,1,0.4329798133078713,0.4329798133078713,0.4313160860015062,0.0016637273063650482
NVDA,calibrated_random_forest,1,2021-01-04,1,-1,0.4603834679678349,0.43729596532778786,0.43729596532778786,0.023087502640047053
NVDA,calibrated_random_forest,1,2021-01-05,0,1,0.4392299988195562,0.4392299988195562,0.42117513785505106,0.01805486096450515
NVDA,calibrated_random_forest,1,2021-01-06,1,-1,0.47601944887846953,0.43936576033449376,0.43936576033449376,0.03665368854397577
NVDA,calibrated_random_forest,1,2021-01-07,0,1,0.5189114013690443,0.5189114013690443,0.37016152897633986,0.14874987239270449
NVDA,calibrated_random_forest,1,2021-01-08,-1,1,0.5074322731020111,0.5074322731020111,0.35700943337342245,0.15042283972858866
NVDA,calibrated_random_forest,1,2021-01-11,-1,1,0.5007971586691586,0.5007971586691586,0.3916285506824382,0.10916860798672046
NVDA,calibrated_random_forest,1,2021-01-12,0,1,0.5077850792424344,0.5077850792424344,0.3477436155147786,0.16004146372765582
NVDA,calibrated_random_forest,1,2021-01-13,1,1,0.5073145043578856,0.5073145043578856,0.3461556830783707,0.16115882127951492
NVDA,calibrated_random_forest,1,2021-01-14,1,1,0.4723695014550737,0.4723695014550737,0.37315238652865546,0.09921711492641827
NVDA,calibrated_random_forest,1,2021-01-15,1,1,0.46765855478152574,0.46765855478152574,0.43079082543688835,0.03686772934463739
NVDA,calibrated_random_forest,1,2021-01-19,1,1,0.47635708844209396,0.47635708844209396,0.39447980614810224,0.08187728229399172
NVDA,calibrated_random_forest,1,2021-01-20,-1,1,0.4871543528969384,0.4871543528969384,0.38628511475229504,0.10086923814464338
NVDA,calibrated_random_forest,1,2021-01-21,-1,1,0.5145700411614317,0.5145700411614317,0.3786219297880964,0.1359481113733353
NVDA,calibrated_random_forest,1,2021-01-22,-1,1,0.4552373987425165,0.4552373987425165,0.3956500747498257,0.05958732399269079
NVDA,calibrated_random_forest,1,2021-01-25,-1,1,0.467103719422948,0.467103719422948,0.38541971956293697,0.08168399986001101
NVDA,calibrated_random_forest,1,2021-01-26,0,1,0.4583439255749407,0.4583439255749407,0.40956773586527295,0.04877618970966774
NVDA,calibrated_random_forest,1,2021-01-27,1,1,0.4753595390141805,0.4753595390141805,0.4392776517062942,0.03608188730788631
NVDA,calibrated_random_forest,1,2021-01-28,1,1,0.4957571655527202,0.4957571655527202,0.4294313932328544,0.0663257723198658
NVDA,calibrated_random_forest,1,2021-01-29,1,-1,0.4899947521079791,0.4348877477752431,0.4348877477752431,0.05510700433273602
NVDA,calibrated_random_forest,1,2021-02-01,1,1,0.4783949619550217,0.4783949619550217,0.4271226358701843,0.051272326084837394
NVDA,calibrated_random_forest,1,2021-02-02,1,1,0.4641908819283034,0.4641908819283034,0.41371937316875435,0.05047150875954903
NVDA,calibrated_random_forest,1,2021-02-03,1,1,0.45997233851724956,0.45997233851724956,0.4082120765674498,0.05176026194979977
NVDA,calibrated_random_forest,1,2021-02-04,1,1,0.4348964789338691,0.4348964789338691,0.4298609016383305,0.005035577295538607
NVDA,calibrated_random_forest,1,2021-02-05,1,1,0.44449539468401156,0.44449539468401156,0.3959217597151882,0.04857363496882333
NVDA,calibrated_random_forest,1,2021-02-08,1,1,0.5272371745610446,0.5272371745610446,0.3706870525607248,0.15655012200031976
NVDA,calibrated_random_forest,1,2021-02-09,1,1,0.5236620840003492,0.5236620840003492,0.3374524837417939,0.18620960025855532
NVDA,calibrated_random_forest,1,2021-02-10,0,1,0.4749472161560013,0.4749472161560013,0.4227654523944317,0.05218176376156958
NVDA,calibrated_random_forest,1,2021-02-11,-1,1,0.46060133394935354,0.46060133394935354,0.44218505001741554,0.018416283931938005
NVDA,calibrated_random_forest,1,2021-02-12,-1,1,0.49026415363866893,0.49026415363866893,0.39541230518014264,0.09485184845852629
NVDA,calibrated_random_forest,1,2021-02-16,-1,1,0.4820654300101143,0.4820654300101143,0.4173305973209119,0.06473483268920244
NVDA,calibrated_random_forest,1,2021-02-17,-1,1,0.5125373169120121,0.5125373169120121,0.3633549242041087,0.1491823927079034
NVDA,calibrated_random_forest,1,2021-02-18,-1,1,0.4808807943669812,0.4808807943669812,0.3967960056824206,0.0840847886845606
NVDA,calibrated_random_forest,1,2021-02-19,-1,1,0.4728651319374071,0.4728651319374071,0.36220519052523265,0.11065994141217445
NVDA,calibrated_random_forest,1,2021-02-22,-1,1,0.45657193264455875,0.45657193264455875,0.3627439366987059,0.09382799594585284
NVDA,calibrated_random_forest,1,2021-02-23,-1,1,0.4747280269485324,0.4747280269485324,0.3937854762204302,0.08094255072810219
NVDA,calibrated_random_forest,1,2021-02-24,-1,1,0.4737664671272987,0.4737664671272987,0.3813050514507809,0.09246141567651778
NVDA,calibrated_random_forest,1,2021-02-25,-1,1,0.48363003367656204,0.48363003367656204,0.421441694659709,0.062188339016853056
NVDA,calibrated_random_forest,1,2021-02-26,-1,1,0.4695522896565743,0.4695522896565743,0.4621190943080935,0.007433195348480803
NVDA,calibrated_random_forest,1,2021-03-01,-1,1,0.5044839162428233,0.5044839162428233,0.402865436837155,0.10161847940566832
NVDA,calibrated_random_forest,1,2021-03-02,-1,1,0.4741692692490756,0.4741692692490756,0.4493550358972808,0.02481423335179478
NVDA,calibrated_random_forest,1,2021-03-03,-1,-1,0.464219091806668,0.45212281557513095,0.45212281557513095,0.012096276231537029
NVDA,calibrated_random_forest,1,2021-03-04,1,-1,0.4878500552591336,0.43814904930690407,0.43814904930690407,0.04970100595222954
NVDA,calibrated_random_forest,1,2021-03-05,1,-1,0.47668608050375577,0.45626054350536577,0.45626054350536577,0.020425536998390004
NVDA,calibrated_random_forest,1,2021-03-08,1,1,0.47487205096217416,0.47487205096217416,0.46028616095118324,0.01458589001099092
NVDA,calibrated_random_forest,1,2021-03-09,1,-1,0.478197773469985,0.4614914521354833,0.4614914521354833,0.016706321334501673
NVDA,calibrated_random_forest,1,2021-03-10,1,-1,0.4987316030990175,0.44116763389184954,0.44116763389184954,0.05756396920716794
NVDA,calibrated_random_forest,1,2021-03-11,-1,-1,0.49083611922093495,0.43923950586197824,0.43923950586197824,0.05159661335895671
NVDA,calibrated_random_forest,1,2021-03-12,0,-1,0.5053078778410248,0.4303194181503906,0.4303194181503906,0.07498845969063422
NVDA,calibrated_random_forest,1,2021-03-15,0,-1,0.4777553454842538,0.4473974175985289,0.4473974175985289,0.03035792788572489
NVDA,calibrated_random_forest,1,2021-03-16,0,1,0.44927283765887127,0.44927283765887127,0.44564784356539505,0.0036249940934762193
NVDA,calibrated_random_forest,1,2021-03-17,-1,1,0.47263435581494573,0.47263435581494573,0.39820087222316003,0.0744334835917857
NVDA,calibrated_random_forest,1,2021-03-18,0,-1,0.47679324160211284,0.4206203839819523,0.4206203839819523,0.056172857620160555
NVDA,calibrated_random_forest,1,2021-03-19,0,-1,0.48358848183170444,0.4302902990577577,0.4302902990577577,0.05329818277394677
NVDA,calibrated_random_forest,1,2021-03-22,0,1,0.4864872617680813,0.4864872617680813,0.4097495943193467,0.07673766744873461
NVDA,calibrated_random_forest,1,2021-03-23,0,-1,0.452488307968224,0.4366863799116012,0.4366863799116012,0.015801928056622783
NVDA,calibrated_random_forest,1,2021-03-24,1,-1,0.4847084173201985,0.42603123228807555,0.42603123228807555,0.058677185032122936
NVDA,calibrated_random_forest,1,2021-03-25,1,-1,0.5100140915017574,0.42025163858778586,0.42025163858778586,0.0897624529139715
NVDA,calibrated_random_forest,1,2021-03-26,1,-1,0.45797488585548457,0.4372598936185604,0.4372598936185604,0.02071499223692419
NVDA,calibrated_random_forest,1,2021-03-29,1,-1,0.48202926173301025,0.43065235173492145,0.43065235173492145,0.051376909998088804
NVDA,calibrated_random_forest,1,2021-03-30,1,-1,0.49784784882237226,0.43078782405471117,0.43078782405471117,0.0670600247676611
NVDA,calibrated_random_forest,1,2021-03-31,1,1,0.4841106156289956,0.4841106156289956,0.411175901254716,0.07293471437427962
NVDA,calibrated_random_forest,1,2021-04-01,1,1,0.4547101716009366,0.4547101716009366,0.4467792380848306,0.007930933516105965
NVDA,calibrated_random_forest,1,2021-04-05,1,1,0.44720656024088495,0.44720656024088495,0.44431815728811114,0.0028884029527738164
NVDA,calibrated_random_forest,1,2021-04-06,1,-1,0.4421658391126054,0.44166644339098,0.44166644339098,0.0004993957216253841
NVDA,calibrated_random_forest,1,2021-04-07,1,1,0.460242678033511,0.460242678033511,0.4465373855647174,0.013705292468793595
NVDA,calibrated_random_forest,1,2021-04-08,1,1,0.4515816039512868,0.4515816039512868,0.43920095866206027,0.012380645289226555
NVDA,calibrated_random_forest,1,2021-04-09,1,1,0.4401535830109105,0.4401535830109105,0.43519142962959023,0.004962153381320278
NVDA,calibrated_random_forest,1,2021-04-12,0,-1,0.4613569771654346,0.4440365893865296,0.4440365893865296,0.01732038777890499
NVDA,calibrated_random_forest,1,2021-04-13,-1,1,0.45314074932514403,0.45314074932514403,0.4494543141084783,0.003686435216665729
NVDA,calibrated_random_forest,1,2021-04-14,0,1,0.48197600919565026,0.48197600919565026,0.4063599589023273,0.07561605029332297
NVDA,calibrated_random_forest,1,2021-04-15,-1,1,0.473389952455163,0.473389952455163,0.434803189567005,0.038586762888158044
NVDA,calibrated_random_forest,1,2021-04-16,-1,1,0.49881630480439193,0.49881630480439193,0.389856146083142,0.10896015872124992
NVDA,calibrated_random_forest,1,2021-04-19,0,1,0.501357595663609,0.501357595663609,0.37703009250849867,0.12432750315511037
NVDA,calibrated_random_forest,1,2021-04-20,0,1,0.468214009041053,0.468214009041053,0.3813782157301489,0.08683579331090407
NVDA,calibrated_random_forest,2,2021-04-21,0,1,0.6129591806799991,0.6129591806799991,0.2690547716932767,0.3439044089867224
NVDA,calibrated_random_forest,2,2021-04-22,1,1,0.5964254720018275,0.5964254720018275,0.2658634330061243,0.3305620389957032
NVDA,calibrated_random_forest,2,2021-04-23,0,1,0.6066747427088158,0.6066747427088158,0.27221086133070144,0.3344638813781144
NVDA,calibrated_random_forest,2,2021-04-26,-1,1,0.6148369510228359,0.6148369510228359,0.26937713917339606,0.3454598118494398
NVDA,calibrated_random_forest,2,2021-04-27,-1,1,0.6195978354015929,0.6195978354015929,0.26256708524062017,0.3570307501609727
NVDA,calibrated_random_forest,2,2021-04-28,-1,1,0.6077696934748146,0.6077696934748146,0.26901445097745075,0.33875524249736383
NVDA,calibrated_random_forest,2,2021-04-29,-1,1,0.5875807225606567,0.5875807225606567,0.27149007087432614,0.3160906516863306
NVDA,calibrated_random_forest,2,2021-04-30,0,1,0.5822375270819932,0.5822375270819932,0.2790449119292104,0.3031926151527828
NVDA,calibrated_random_forest,2,2021-05-03,-1,1,0.5741891226893674,0.5741891226893674,0.28480270070573915,0.28938642198362824
NVDA,calibrated_random_forest,2,2021-05-04,0,1,0.6072912428453773,0.6072912428453773,0.286397128228491,0.3208941146168863
NVDA,calibrated_random_forest,2,2021-05-05,-1,1,0.5913680780177565,0.5913680780177565,0.30682567087327883,0.28454240714447765
NVDA,calibrated_random_forest,2,2021-05-06,-1,1,0.5642146835467223,0.5642146835467223,0.3153593287468617,0.24885535479986065
NVDA,calibrated_random_forest,2,2021-05-07,-1,1,0.5667558109097705,0.5667558109097705,0.29419198922152173,0.2725638216882487
NVDA,calibrated_random_forest,2,2021-05-10,0,1,0.5912860980545451,0.5912860980545451,0.30420934481122425,0.2870767532433209
NVDA,calibrated_random_forest,2,2021-05-11,-1,1,0.5844449156502837,0.5844449156502837,0.32146668676676576,0.2629782288835179
NVDA,calibrated_random_forest,2,2021-05-12,1,1,0.5656523522654785,0.5656523522654785,0.34982349169675686,0.21582886056872164
NVDA,calibrated_random_forest,2,2021-05-13,1,1,0.5479492745629752,0.5479492745629752,0.37690398053076546,0.1710452940322097
NVDA,calibrated_random_forest,2,2021-05-14,1,1,0.5934334085525254,0.5934334085525254,0.32028082837835825,0.2731525801741671
NVDA,calibrated_random_forest,2,2021-05-17,1,1,0.600374482952423,0.600374482952423,0.3019518400919628,0.2984226428604602
NVDA,calibrated_random_forest,2,2021-05-18,1,1,0.58742342334618,0.58742342334618,0.32208597043613646,0.26533745291004357
NVDA,calibrated_random_forest,2,2021-05-19,1,1,0.5872734699600802,0.5872734699600802,0.31800010320131106,0.2692733667587692
NVDA,calibrated_random_forest,2,2021-05-20,1,1,0.5793819914222198,0.5793819914222198,0.3081631275329467,0.2712188638892731
NVDA,calibrated_random_forest,2,2021-05-21,1,1,0.566676256336038,0.566676256336038,0.32734149881898505,0.23933475751705297
NVDA,calibrated_random_forest,2,2021-05-24,1,1,0.6058243420627409,0.6058243420627409,0.2856501791441908,0.32017416291855016
NVDA,calibrated_random_forest,2,2021-05-25,1,1,0.5886274997696018,0.5886274997696018,0.29709137374098155,0.2915361260286203
NVDA,calibrated_random_forest,2,2021-05-26,1,1,0.545849442764759,0.545849442764759,0.3158560169631515,0.22999342580160748
NVDA,calibrated_random_forest,2,2021-05-27,1,1,0.5574187335914423,0.5574187335914423,0.30624014791106013,0.2511785856803822
NVDA,calibrated_random_forest,2,2021-05-28,1,1,0.5634999112280551,0.5634999112280551,0.3207207001852988,0.2427792110427563
NVDA,calibrated_random_forest,2,2021-06-01,1,1,0.5559303943974266,0.5559303943974266,0.3191671453297789,0.23676324906764773
NVDA,calibrated_random_forest,2,2021-06-02,1,1,0.5424584481087676,0.5424584481087676,0.3505396403148336,0.19191880779393405
NVDA,calibrated_random_forest,2,2021-06-03,1,1,0.5404804691161796,0.5404804691161796,0.34571590533902713,0.1947645637771525
NVDA,calibrated_random_forest,2,2021-06-04,0,1,0.5347713908977528,0.5347713908977528,0.36282821519102176,0.17194317570673107
NVDA,calibrated_random_forest,2,2021-06-07,1,1,0.522379101769109,0.522379101769109,0.36607050332468355,0.1563085984444254
NVDA,calibrated_random_forest,2,2021-06-08,0,1,0.5271171124962469,0.5271171124962469,0.3377775940067937,0.18933951848945324
NVDA,calibrated_random_forest,2,2021-06-09,1,1,0.5267642514653708,0.5267642514653708,0.35350420846538616,0.1732600429999846
NVDA,calibrated_random_forest,2,2021-06-10,1,1,0.5218316415400145,0.5218316415400145,0.3513187364539081,0.1705129050861064
NVDA,calibrated_random_forest,2,2021-06-11,1,1,0.5322498282446362,0.5322498282446362,0.3594678179382466,0.17278201030638957
NVDA,calibrated_random_forest,2,2021-06-14,1,1,0.5290607902656731,0.5290607902656731,0.3395468278941687,0.18951396237150442
NVDA,calibrated_random_forest,2,2021-06-15,1,1,0.5416224317551676,0.5416224317551676,0.32678686701262183,0.21483556474254573
NVDA,calibrated_random_forest,2,2021-06-16,1,1,0.5628086768553772,0.5628086768553772,0.31947472433377216,0.243333952521605
NVDA,calibrated_random_forest,2,2021-06-17,1,1,0.5322127097191723,0.5322127097191723,0.35307721198254227,0.17913549773663007
NVDA,calibrated_random_forest,2,2021-06-18,1,1,0.5571229777627763,0.5571229777627763,0.3185264462046827,0.23859653155809363
NVDA,calibrated_random_forest,2,2021-06-21,1,1,0.5596373901352379,0.5596373901352379,0.31388098129772385,0.2457564088375141
NVDA,calibrated_random_forest,2,2021-06-22,1,1,0.5482999338113804,0.5482999338113804,0.32293855385321263,0.2253613799581678
NVDA,calibrated_random_forest,2,2021-06-23,1,1,0.5418901900272876,0.5418901900272876,0.32391559657257624,0.21797459345471132
NVDA,calibrated_random_forest,2,2021-06-24,1,1,0.5263716254411702,0.5263716254411702,0.3524883151062677,0.1738833103349025
NVDA,calibrated_random_forest,2,2021-06-25,1,1,0.5538521332683892,0.5538521332683892,0.31080321104567293,0.2430489222227163
NVDA,calibrated_random_forest,2,2021-06-28,1,1,0.5382772199925692,0.5382772199925692,0.3383981594354499,0.1998790605571193
NVDA,calibrated_random_forest,2,2021-06-29,0,1,0.5273816813597412,0.5273816813597412,0.33437408648263106,0.1930075948771101
NVDA,calibrated_random_forest,2,2021-06-30,0,1,0.522283865460968,0.522283865460968,0.3379289106364903,0.18435495482447778
NVDA,calibrated_random_forest,2,2021-07-01,0,1,0.5426388153326637,0.5426388153326637,0.31896806110790127,0.2236707542247624
NVDA,calibrated_random_forest,2,2021-07-02,0,1,0.5414707000066458,0.5414707000066458,0.3069673146556382,0.23450338535100756
NVDA,calibrated_random_forest,2,2021-07-06,-1,1,0.5364509078582601,0.5364509078582601,0.3347565964349113,0.20169431142334882
NVDA,calibrated_random_forest,2,2021-07-07,-1,1,0.5573004595106843,0.5573004595106843,0.27721991104539084,0.28008054846529346
NVDA,calibrated_random_forest,2,2021-07-08,-1,1,0.5784156755894418,0.5784156755894418,0.2796468174471312,0.29876885814231063
NVDA,calibrated_random_forest,2,2021-07-09,-1,1,0.5568156531804608,0.5568156531804608,0.283509234903063,0.27330641827739777
NVDA,calibrated_random_forest,2,2021-07-12,-1,1,0.5834938176237371,0.5834938176237371,0.27341628646243893,0.31007753116129816
NVDA,calibrated_random_forest,2,2021-07-13,-1,1,0.5475929193992892,0.5475929193992892,0.28983007059349714,0.2577628488057921
NVDA,calibrated_random_forest,2,2021-07-14,-1,1,0.5651472949507653,0.5651472949507653,0.2674415670913696,0.2977057278593957
NVDA,calibrated_random_forest,2,2021-07-15,1,1,0.5855121197391141,0.5855121197391141,0.2953066802190263,0.2902054395200878
NVDA,calibrated_random_forest,2,2021-07-16,1,1,0.5678200500684504,0.5678200500684504,0.3188280939627003,0.2489919561057501
NVDA,calibrated_random_forest,2,2021-07-19,1,1,0.5725773433197441,0.5725773433197441,0.3335814426742561,0.23899590064548798
NVDA,calibrated_random_forest,2,2021-07-20,1,1,0.5812327710848645,0.5812327710848645,0.31143914824237146,0.26979362284249303
NVDA,calibrated_random_forest,2,2021-07-21,0,1,0.6112507305398968,0.6112507305398968,0.2761488954992455,0.3351018350406513
NVDA,calibrated_random_forest,2,2021-07-22,0,1,0.6016246283233165,0.6016246283233165,0.2731041141798096,0.3285205141435069
NVDA,calibrated_random_forest,2,2021-07-23,0,1,0.5851125842464071,0.5851125842464071,0.2684721794516756,0.3166404047947315
NVDA,calibrated_random_forest,2,2021-07-26,1,1,0.5961318111760786,0.5961318111760786,0.2717343668865713,0.3243974442895073
NVDA,calibrated_random_forest,2,2021-07-27,1,1,0.5889329463197837,0.5889329463197837,0.2962805878596119,0.29265235846017174
NVDA,calibrated_random_forest,2,2021-07-28,1,1,0.5893096505272135,0.5893096505272135,0.29134510568054667,0.29796454484666685
NVDA,calibrated_random_forest,2,2021-07-29,1,1,0.5662772500115026,0.5662772500115026,0.287525929385726,0.2787513206257766
NVDA,calibrated_random_forest,2,2021-07-30,1,1,0.5194969473488168,0.5194969473488168,0.2876312466090331,0.2318657007397837
NVDA,calibrated_random_forest,2,2021-08-02,1,1,0.541383967613922,0.541383967613922,0.2961106667863048,0.24527330082761722
NVDA,calibrated_random_forest,2,2021-08-03,0,1,0.521956680315427,0.521956680315427,0.28176723512891366,0.2401894451865133
NVDA,calibrated_random_forest,2,2021-08-04,-1,1,0.5548807070701998,0.5548807070701998,0.29049750460771046,0.2643832024624893
NVDA,calibrated_random_forest,2,2021-08-05,-1,1,0.5396524090887757,0.5396524090887757,0.28729741115304636,0.2523549979357293
NVDA,calibrated_random_forest,2,2021-08-06,0,1,0.5156280247605343,0.5156280247605343,0.27780520897759536,0.2378228157829389
NVDA,calibrated_random_forest,2,2021-08-09,0,1,0.5199092903746859,0.5199092903746859,0.295090514646914,0.22481877572777192
NVDA,calibrated_random_forest,2,2021-08-10,-1,1,0.5166825530226387,0.5166825530226387,0.2729965594888413,0.24368599353379738
NVDA,calibrated_random_forest,2,2021-08-11,-1,1,0.5720802740530694,0.5720802740530694,0.2691837927602991,0.3028964812927703
NVDA,calibrated_random_forest,2,2021-08-12,0,1,0.5181435996345437,0.5181435996345437,0.26880256842405525,0.24934103121048845
NVDA,calibrated_random_forest,2,2021-08-13,1,1,0.5666373286601044,0.5666373286601044,0.27583401873267194,0.2908033099274325
NVDA,calibrated_random_forest,2,2021-08-16,1,1,0.5442219085640178,0.5442219085640178,0.2680521916337637,0.27616971693025405
NVDA,calibrated_random_forest,2,2021-08-17,1,1,0.6150281159226137,0.6150281159226137,0.27597808378484284,0.3390500321377709
NVDA,calibrated_random_forest,2,2021-08-18,1,1,0.6011086770077946,0.6011086770077946,0.3122357018623916,0.288872975145403
NVDA,calibrated_random_forest,2,2021-08-19,1,1,0.596212064008773,0.596212064008773,0.30263491659499436,0.29357714741377866
NVDA,calibrated_random_forest,2,2021-08-20,1,1,0.6098573910826696,0.6098573910826696,0.29479099527752006,0.3150663958051495
NVDA,calibrated_random_forest,2,2021-08-23,1,1,0.6015959379970172,0.6015959379970172,0.2843741736943739,0.31722176430264326
NVDA,calibrated_random_forest,2,2021-08-24,1,1,0.5834707202058166,0.5834707202058166,0.27453640651222083,0.30893431369359575
NVDA,calibrated_random_forest,2,2021-08-25,0,1,0.5770614666813881,0.5770614666813881,0.30451061360821857,0.27255085307316956
NVDA,calibrated_random_forest,2,2021-08-26,0,1,0.5886634148551773,0.5886634148551773,0.2786928263565074,0.3099705884986699
NVDA,calibrated_random_forest,2,2021-08-27,0,1,0.5677856610147772,0.5677856610147772,0.3079483725807079,0.25983728843406934
NVDA,calibrated_random_forest,2,2021-08-30,0,1,0.5775761950893648,0.5775761950893648,0.29874045658560083,0.2788357385037639
NVDA,calibrated_random_forest,2,2021-08-31,0,1,0.5918474747756828,0.5918474747756828,0.28332249230551976,0.308524982470163
NVDA,calibrated_random_forest,2,2021-09-01,0,1,0.5800246715760488,0.5800246715760488,0.30158486090152853,0.2784398106745202
NVDA,calibrated_random_forest,2,2021-09-02,0,1,0.5662599347255616,0.5662599347255616,0.295490126090162,0.27076980863539957
NVDA,calibrated_random_forest,2,2021-09-03,-1,1,0.5724494917339098,0.5724494917339098,0.301065236923863,0.2713842548100468
NVDA,calibrated_random_forest,2,2021-09-07,0,1,0.5635986482437874,0.5635986482437874,0.2923021590443774,0.27129648919940996
NVDA,calibrated_random_forest,2,2021-09-08,0,1,0.5692057587092604,0.5692057587092604,0.2895433342668437,0.2796624244424167
NVDA,calibrated_random_forest,2,2021-09-09,0,1,0.5537758747044982,0.5537758747044982,0.30178918972247337,0.2519866849820248
NVDA,calibrated_random_forest,2,2021-09-10,-1,1,0.5809477689758201,0.5809477689758201,0.30388678403869,0.2770609849371301
NVDA,calibrated_random_forest,2,2021-09-13,-1,1,0.5525398990836173,0.5525398990836173,0.2911817051449915,0.26135819393862586
NVDA,calibrated_random_forest,2,2021-09-14,-1,1,0.5712855323201796,0.5712855323201796,0.31164660808285366,0.259638924237326
NVDA,calibrated_random_forest,2,2021-09-15,0,1,0.566717127090803,0.566717127090803,0.31434871819134846,0.25236840889945455
NVDA,calibrated_random_forest,2,2021-09-16,0,1,0.5690769954564489,0.5690769954564489,0.32171269953061127,0.24736429592583759
NVDA,calibrated_random_forest,2,2021-09-17,0,1,0.5697459444053613,0.5697459444053613,0.2960987463597873,0.273647198045574
NVDA,calibrated_random_forest,2,2021-09-20,1,1,0.5875738555194551,0.5875738555194551,0.31668448648730513,0.27088936903214994
NVDA,calibrated_random_forest,2,2021-09-21,-1,1,0.5838474486155841,0.5838474486155841,0.33384363512466125,0.2500038134909229
NVDA,calibrated_random_forest,2,2021-09-22,-1,1,0.55400273086621,0.55400273086621,0.33559213245956204,0.21841059840664795
NVDA,calibrated_random_forest,2,2021-09-23,-1,1,0.5671322853736745,0.5671322853736745,0.3344440024293573,0.23268828294431726
NVDA,calibrated_random_forest,2,2021-09-24,-1,1,0.5552295840576725,0.5552295840576725,0.3318191126058562,0.2234104714518163
NVDA,calibrated_random_forest,2,2021-09-27,-1,1,0.5709075864485859,0.5709075864485859,0.3261535244897558,0.24475406195883004
NVDA,calibrated_random_forest,2,2021-09-28,0,1,0.5970640716011199,0.5970640716011199,0.2996466273128709,0.29741744428824896
NVDA,calibrated_random_forest,2,2021-09-29,0,1,0.5935928090875865,0.5935928090875865,0.3220139584764194,0.2715788506111671
NVDA,calibrated_random_forest,2,2021-09-30,0,1,0.5789183832256062,0.5789183832256062,0.3396366614716781,0.2392817217539281
NVDA,calibrated_random_forest,2,2021-10-01,0,1,0.5823145393398454,0.5823145393398454,0.33343905239952515,0.2488754869403203
NVDA,calibrated_random_forest,2,2021-10-04,1,1,0.5800334872612822,0.5800334872612822,0.3244555753376024,0.25557791192367985
NVDA,calibrated_random_forest,2,2021-10-05,0,1,0.6005065264975323,0.6005065264975323,0.3218685031868381,0.27863802331069426
NVDA,calibrated_random_forest,2,2021-10-06,0,1,0.610839591175046,0.610839591175046,0.3015709904242277,0.30926860075081836
NVDA,calibrated_random_forest,2,2021-10-07,1,1,0.5995456945199059,0.5995456945199059,0.29560179107876894,0.303943903441137
NVDA,calibrated_random_forest,2,2021-10-08,1,1,0.6114952603419567,0.6114952603419567,0.2915274967091581,0.31996776363279855
NVDA,calibrated_random_forest,2,2021-10-11,1,1,0.6124127802648031,0.6124127802648031,0.29835293228658816,0.3140598479782149
NVDA,calibrated_random_forest,2,2021-10-12,1,1,0.602334602026534,0.602334602026534,0.29923035399693537,0.3031042480295986
NVDA,calibrated_random_forest,2,2021-10-13,1,1,0.59595927459441,0.59595927459441,0.29230759683755864,0.30365167775685137
NVDA,calibrated_random_forest,2,2021-10-14,1,1,0.5952417230465007,0.5952417230465007,0.30803089003911327,0.2872108330073874
NVDA,calibrated_random_forest,2,2021-10-15,1,1,0.5753267788137059,0.5753267788137059,0.30128890920189433,0.27403786961181154
NVDA,calibrated_random_forest,2,2021-10-18,1,1,0.5606915705636183,0.5606915705636183,0.3253645057005232,0.23532706486309507
NVDA,calibrated_random_forest,2,2021-10-19,1,1,0.5315384624264063,0.5315384624264063,0.3170119795599277,0.21452648286647863
NVDA,calibrated_random_forest,2,2021-10-20,1,1,0.5313902528064495,0.5313902528064495,0.26976512127290003,0.26162513153354944
NVDA,calibrated_random_forest,2,2021-10-21,1,1,0.5604234283114228,0.5604234283114228,0.28779484232602165,0.27262858598540113
NVDA,calibrated_random_forest,2,2021-10-22,1,1,0.5465985698250119,0.5465985698250119,0.3186990356104548,0.22789953421455705
NVDA,calibrated_random_forest,2,2021-10-25,1,1,0.5390596140723829,0.5390596140723829,0.30668095802539785,0.23237865604698504
NVDA,calibrated_random_forest,2,2021-10-26,1,1,0.5474585238933561,0.5474585238933561,0.34240581388941554,0.2050527100039406
NVDA,calibrated_random_forest,2,2021-10-27,1,1,0.5415680962307622,0.5415680962307622,0.3260974020549252,0.21547069417583697
NVDA,calibrated_random_forest,2,2021-10-28,1,1,0.5423367818365281,0.5423367818365281,0.3462013223574272,0.19613545947910094
NVDA,calibrated_random_forest,2,2021-10-29,1,1,0.5408236746914369,0.5408236746914369,0.34140365097733966,0.19942002371409723
NVDA,calibrated_random_forest,2,2021-11-01,1,1,0.5264079895503141,0.5264079895503141,0.3419961157714922,0.1844118737788219
NVDA,calibrated_random_forest,2,2021-11-02,1,1,0.5398214490936556,0.5398214490936556,0.33835752478755676,0.20146392430609883
NVDA,calibrated_random_forest,2,2021-11-03,1,1,0.5323993832546062,0.5323993832546062,0.3316449887805231,0.2007543944740831
NVDA,calibrated_random_forest,2,2021-11-04,0,1,0.5576844795603404,0.5576844795603404,0.3302112113331222,0.2274732682272182
NVDA,calibrated_random_forest,2,2021-11-05,1,1,0.559560739586444,0.559560739586444,0.3128536931085822,0.24670704647786185
NVDA,calibrated_random_forest,2,2021-11-08,-1,1,0.5622017268874898,0.5622017268874898,0.31314442568360024,0.24905730120388958
NVDA,calibrated_random_forest,2,2021-11-09,0,1,0.5587915889945531,0.5587915889945531,0.3132898666399414,0.24550172235461165
NVDA,calibrated_random_forest,2,2021-11-10,0,1,0.5601226857056335,0.5601226857056335,0.3088191618167159,0.2513035238889176
NVDA,calibrated_random_forest,2,2021-11-11,1,1,0.571049404593252,0.571049404593252,0.3032453551793015,0.26780404941395053
NVDA,calibrated_random_forest,2,2021-11-12,1,1,0.562339466878714,0.562339466878714,0.3146382193204082,0.24770124755830575
NVDA,calibrated_random_forest,2,2021-11-15,1,1,0.5545097309918948,0.5545097309918948,0.3058030208939167,0.24870671009797812
NVDA,calibrated_random_forest,2,2021-11-16,1,1,0.553089282627201,0.553089282627201,0.31004940700546757,0.24303987562173346
NVDA,calibrated_random_forest,2,2021-11-17,1,1,0.5828032553760798,0.5828032553760798,0.2765128794227078,0.306290375953372
NVDA,calibrated_random_forest,2,2021-11-18,0,1,0.5831696195877465,0.5831696195877465,0.29667031766744395,0.28649930192030254
NVDA,calibrated_random_forest,2,2021-11-19,0,1,0.5666038712839895,0.5666038712839895,0.3008293662065011,0.2657745050774884
NVDA,calibrated_random_forest,2,2021-11-22,1,1,0.5637596843602184,0.5637596843602184,0.2854059767742774,0.27835370758594097
NVDA,calibrated_random_forest,2,2021-11-23,0,1,0.5830833022678769,0.5830833022678769,0.271431158804927,0.31165214346294984
NVDA,calibrated_random_forest,2,2021-11-24,0,1,0.5615799923074453,0.5615799923074453,0.30707238531341435,0.2545076069940309
NVDA,calibrated_random_forest,2,2021-11-26,-1,1,0.5741146851446347,0.5741146851446347,0.2991832370036754,0.2749314481409593
NVDA,calibrated_random_forest,2,2021-11-29,-1,1,0.561445618874553,0.561445618874553,0.3145851149338015,0.24686050394075154
NVDA,calibrated_random_forest,2,2021-11-30,0,1,0.5879717313692351,0.5879717313692351,0.308417075000877,0.2795546563683581
NVDA,calibrated_random_forest,2,2021-12-01,0,1,0.57945513772833,0.57945513772833,0.2953621741965288,0.2840929635318012
NVDA,calibrated_random_forest,2,2021-12-02,-1,1,0.5691044243174638,0.5691044243174638,0.31773722103956914,0.25136720327789464
NVDA,calibrated_random_forest,2,2021-12-03,0,1,0.5734509542568768,0.5734509542568768,0.30263519839489433,0.2708157558619824
NVDA,calibrated_random_forest,2,2021-12-06,-1,1,0.576304707360234,0.576304707360234,0.30730553210496847,0.2689991752552655
NVDA,calibrated_random_forest,2,2021-12-07,-1,1,0.6203522613132814,0.6203522613132814,0.2679355494898887,0.3524167118233927
NVDA,calibrated_random_forest,2,2021-12-08,-1,1,0.6015306943760572,0.6015306943760572,0.271199654842468,0.3303310395335892
NVDA,calibrated_random_forest,2,2021-12-09,-1,1,0.6002258068760961,0.6002258068760961,0.28718781358890627,0.3130379932871898
NVDA,calibrated_random_forest,2,2021-12-10,-1,1,0.6034107916186824,0.6034107916186824,0.2841814386428298,0.3192293529758526
NVDA,calibrated_random_forest,2,2021-12-13,0,1,0.5877011609471144,0.5877011609471144,0.305848877953881,0.28185228299323345
NVDA,calibrated_random_forest,2,2021-12-14,1,1,0.5987690009342657,0.5987690009342657,0.3021566148262144,0.29661238610805124
NVDA,calibrated_random_forest,2,2021-12-15,-1,1,0.6106776291259681,0.6106776291259681,0.2857535388307158,0.3249240902952523
NVDA,calibrated_random_forest,2,2021-12-16,1,1,0.5956991834527566,0.5956991834527566,0.30920944780812676,0.2864897356446299
NVDA,calibrated_random_forest,2,2021-12-17,1,1,0.5738078396337879,0.5738078396337879,0.3414375062882355,0.2323703333455524
NVDA,calibrated_random_forest,2,2021-12-20,1,1,0.5568875377006329,0.5568875377006329,0.3692842282577658,0.18760330944286713
NVDA,calibrated_random_forest,2,2021-12-21,1,1,0.5989141121864758,0.5989141121864758,0.3129813477982059,0.2859327643882699
NVDA,calibrated_random_forest,2,2021-12-22,0,1,0.5851253821864931,0.5851253821864931,0.3155593350172884,0.26956604716920474
NVDA,calibrated_random_forest,2,2021-12-23,0,1,0.5772498920136058,0.5772498920136058,0.3078572727438029,0.26939261926980285
NVDA,calibrated_random_forest,2,2021-12-27,-1,1,0.5873359288399079,0.5873359288399079,0.28564660024993366,0.30168932858997427
NVDA,calibrated_random_forest,2,2021-12-28,-1,1,0.5678083505471667,0.5678083505471667,0.29629436370587764,0.2715139868412891
NVDA,calibrated_random_forest,2,2021-12-29,-1,1,0.5745862092927182,0.5745862092927182,0.30209650102547686,0.27248970826724134
NVDA,calibrated_random_forest,2,2021-12-30,-1,1,0.5973439835687411,0.5973439835687411,0.301252727050004,0.2960912565187371
NVDA,calibrated_random_forest,2,2021-12-31,-1,1,0.5823094872729174,0.5823094872729174,0.29548805561176017,0.28682143166115726
NVDA,calibrated_random_forest,2,2022-01-03,-1,1,0.5882476793385694,0.5882476793385694,0.2758613325218741,0.31238634681669525
NVDA,calibrated_random_forest,2,2022-01-04,-1,1,0.599541617705082,0.599541617705082,0.2695754137009905,0.3299662040040915
NVDA,calibrated_random_forest,2,2022-01-05,0,1,0.5595257874871501,0.5595257874871501,0.3485416369044035,0.2109841505827466
NVDA,calibrated_random_forest,2,2022-01-06,-1,1,0.5583685558890824,0.5583685558890824,0.3642755391236669,0.19409301676541552
NVDA,calibrated_random_forest,2,2022-01-07,0,1,0.5653072915656704,0.5653072915656704,0.34647760687377555,0.21882968469189484
NVDA,calibrated_random_forest,2,2022-01-10,-1,1,0.595980767584693,0.595980767584693,0.32173462722627216,0.2742461403584208
NVDA,calibrated_random_forest,2,2022-01-11,-1,1,0.608726346452455,0.608726346452455,0.30878321656592106,0.299943129886534
NVDA,calibrated_random_forest,2,2022-01-12,-1,1,0.6225301834451222,0.6225301834451222,0.2948560293718711,0.3276741540732511
NVDA,calibrated_random_forest,2,2022-01-13,-1,1,0.5544519456063922,0.5544519456063922,0.36192695671834163,0.19252498888805059
NVDA,calibrated_random_forest,2,2022-01-14,-1,1,0.612280561103715,0.612280561103715,0.30859339823147486,0.3036871628722401
NVDA,calibrated_random_forest,2,2022-01-18,-1,1,0.5935125509031808,0.5935125509031808,0.3089070115229827,0.28460553938019806
NVDA,calibrated_random_forest,2,2022-01-19,-1,1,0.5903449219074393,0.5903449219074393,0.3045674328045464,0.28577748910289286
NVDA,calibrated_random_forest,2,2022-01-20,-1,1,0.6375535793339179,0.6375535793339179,0.2786494637482136,0.3589041155857043
NVDA,calibrated_random_forest,2,2022-01-21,-1,1,0.6413766495688614,0.6413766495688614,0.2817326929691001,0.35964395659976134
NVDA,calibrated_random_forest,2,2022-01-24,1,1,0.6409476395336798,0.6409476395336798,0.2842768280020056,0.35667081153167424
NVDA,calibrated_random_forest,2,2022-01-25,1,1,0.6381390337814454,0.6381390337814454,0.29004910084626423,0.3480899329351812
NVDA,calibrated_random_forest,2,2022-01-26,1,1,0.6333352985317711,0.6333352985317711,0.2946625682129395,0.33867273031883155
NVDA,calibrated_random_forest,2,2022-01-27,1,1,0.634281015977427,0.634281015977427,0.2940794528606894,0.3402015631167376
NVDA,calibrated_random_forest,2,2022-01-28,1,1,0.5846471765418073,0.5846471765418073,0.33672822586205237,0.24791895067975495
NVDA,calibrated_random_forest,2,2022-01-31,0,1,0.5958059047637637,0.5958059047637637,0.32549111692062527,0.27031478784313845
NVDA,calibrated_random_forest,2,2022-02-01,0,1,0.5757695251579645,0.5757695251579645,0.3435852288687164,0.23218429628924814
NVDA,calibrated_random_forest,2,2022-02-02,1,1,0.6037512981450313,0.6037512981450313,0.30057098788052466,0.3031803102645066
NVDA,calibrated_random_forest,2,2022-02-03,1,1,0.6038966494359552,0.6038966494359552,0.3116084718156549,0.29228817762030035
NVDA,calibrated_random_forest,2,2022-02-04,0,1,0.5954931653619974,0.5954931653619974,0.32657012872527896,0.2689230366367184
NVDA,calibrated_random_forest,2,2022-02-07,0,1,0.6336278956481308,0.6336278956481308,0.2693424912116374,0.36428540443649343
NVDA,calibrated_random_forest,2,2022-02-08,1,1,0.6365958082258788,0.6365958082258788,0.2602316337933,0.3763641744325788
NVDA,calibrated_random_forest,2,2022-02-09,0,1,0.5983191800962482,0.5983191800962482,0.2961097448324501,0.30220943526379807
NVDA,calibrated_random_forest,2,2022-02-10,-1,1,0.6213530063010615,0.6213530063010615,0.2657390573827347,0.3556139489183268
NVDA,calibrated_random_forest,2,2022-02-11,0,1,0.6173041156231994,0.6173041156231994,0.2782146424031713,0.33908947322002814
NVDA,calibrated_random_forest,2,2022-02-14,-1,1,0.6166211306269112,0.6166211306269112,0.2907082671217462,0.32591286350516496
NVDA,calibrated_random_forest,2,2022-02-15,-1,1,0.6141418569069595,0.6141418569069595,0.2817249892719085,0.33241686763505107
NVDA,calibrated_random_forest,2,2022-02-16,-1,1,0.6028697172593489,0.6028697172593489,0.2851410914367401,0.3177286258226088
NVDA,calibrated_random_forest,2,2022-02-17,0,1,0.6163778086024937,0.6163778086024937,0.27714873307442844,0.33922907552806525
NVDA,calibrated_random_forest,2,2022-02-18,1,1,0.6153472565655087,0.6153472565655087,0.2858965869167109,0.3294506696487978
NVDA,calibrated_random_forest,2,2022-02-22,0,1,0.6100828763147066,0.6100828763147066,0.3009230148512548,0.3091598614634518
NVDA,calibrated_random_forest,2,2022-02-23,1,1,0.6134918832356963,0.6134918832356963,0.28429529864748915,0.3291965845882071
NVDA,calibrated_random_forest,2,2022-02-24,0,1,0.6198221871945363,0.6198221871945363,0.2916099272670909,0.3282122599274454
NVDA,calibrated_random_forest,2,2022-02-25,-1,1,0.6305978267618478,0.6305978267618478,0.27970161755339057,0.35089620920845727
NVDA,calibrated_random_forest,2,2022-02-28,-1,1,0.6288343318572397,0.6288343318572397,0.276657796312735,0.3521765355445047
NVDA,calibrated_random_forest,2,2022-03-01,-1,1,0.6090392913786045,0.6090392913786045,0.29636606392231246,0.312673227456292
NVDA,calibrated_random_forest,2,2022-03-02,-1,1,0.6187495956061397,0.6187495956061397,0.28818529749154864,0.3305642981145911
NVDA,calibrated_random_forest,2,2022-03-03,-1,1,0.614984680273391,0.614984680273391,0.2935069152866497,0.32147776498674135
NVDA,calibrated_random_forest,2,2022-03-04,-1,1,0.5932297365978046,0.5932297365978046,0.3046805045580613,0.28854923203974336
NVDA,calibrated_random_forest,2,2022-03-07,0,1,0.6124856391198347,0.6124856391198347,0.2802328348141219,0.33225280430571275
NVDA,calibrated_random_forest,2,2022-03-08,1,1,0.5926507161790341,0.5926507161790341,0.3170300404112248,0.2756206757678093
NVDA,calibrated_random_forest,2,2022-03-09,1,1,0.6200618475635233,0.6200618475635233,0.2926569185030398,0.3274049290604835
NVDA,calibrated_random_forest,2,2022-03-10,1,1,0.6001260295418973,0.6001260295418973,0.32033774925903363,0.2797882802828637
NVDA,calibrated_random_forest,2,2022-03-11,1,1,0.602938372133829,0.602938372133829,0.3179845130186718,0.28495385911515714
NVDA,calibrated_random_forest,2,2022-03-14,1,1,0.6041261458633193,0.6041261458633193,0.305487823293331,0.29863832256998823
NVDA,calibrated_random_forest,2,2022-03-15,1,1,0.6187805030495831,0.6187805030495831,0.2805183964064886,0.3382621066430945
NVDA,calibrated_random_forest,2,2022-03-16,1,1,0.5926907616713352,0.5926907616713352,0.30174446811524597,0.2909462935560892
NVDA,calibrated_random_forest,2,2022-03-17,1,1,0.5840656038566167,0.5840656038566167,0.30340818086310223,0.2806574229935144
NVDA,calibrated_random_forest,2,2022-03-18,1,1,0.5707027032208819,0.5707027032208819,0.3363727538762111,0.23432994934467083
NVDA,calibrated_random_forest,2,2022-03-21,1,1,0.5687645923365583,0.5687645923365583,0.3150649779380077,0.2536996143985506
NVDA,calibrated_random_forest,2,2022-03-22,1,1,0.5569433695130127,0.5569433695130127,0.32840241055806746,0.22854095895494525
NVDA,calibrated_random_forest,2,2022-03-23,1,1,0.574304757946076,0.574304757946076,0.3119441176959921,0.26236064025008393
NVDA,calibrated_random_forest,2,2022-03-24,-1,1,0.5749569203801262,0.5749569203801262,0.31958959067940645,0.2553673297007198
NVDA,calibrated_random_forest,2,2022-03-25,-1,1,0.5895467128235029,0.5895467128235029,0.2843296025972585,0.3052171102262444
NVDA,calibrated_random_forest,2,2022-03-28,-1,1,0.5925557744534837,0.5925557744534837,0.2900580336518586,0.3024977408016251
NVDA,calibrated_random_forest,2,2022-03-29,-1,1,0.5676931420168384,0.5676931420168384,0.31276092068469313,0.25493222133214527
NVDA,calibrated_random_forest,2,2022-03-30,-1,1,0.5939093288401481,0.5939093288401481,0.2691580534923573,0.32475127534779086
NVDA,calibrated_random_forest,2,2022-03-31,-1,1,0.5835714949497207,0.5835714949497207,0.2804014891668319,0.30317000578288883
NVDA,calibrated_random_forest,2,2022-04-01,-1,1,0.612253943690204,0.612253943690204,0.25731601340521726,0.35493793028498677
NVDA,calibrated_random_forest,2,2022-04-04,-1,1,0.6018457509960741,0.6018457509960741,0.2751353065099355,0.32671044448613856
NVDA,calibrated_random_forest,2,2022-04-05,-1,1,0.6036087912330174,0.6036087912330174,0.28103909761699464,0.3225696936160227
NVDA,calibrated_random_forest,2,2022-04-06,-1,1,0.6239789816843696,0.6239789816843696,0.26531628291602505,0.35866269876834456
NVDA,calibrated_random_forest,2,2022-04-07,-1,1,0.6206156171469491,0.6206156171469491,0.28239501780374787,0.33822059934320126
NVDA,calibrated_random_forest,2,2022-04-08,-1,1,0.6181941254638307,0.6181941254638307,0.28059865044143517,0.3375954750223955
NVDA,calibrated_random_forest,2,2022-04-11,0,1,0.6339311907880606,0.6339311907880606,0.2774353488075832,0.3564958419804774
NVDA,calibrated_random_forest,2,2022-04-12,0,1,0.6345324954893987,0.6345324954893987,0.28172036397772304,0.3528121315116757
NVDA,calibrated_random_forest,2,2022-04-13,-1,1,0.6085009265038157,0.6085009265038157,0.31502527638774436,0.29347565011607135
NVDA,calibrated_random_forest,2,2022-04-14,-1,1,0.62757992433348,0.62757992433348,0.2935482607343578,0.3340316635991222
NVDA,calibrated_random_forest,2,2022-04-18,-1,1,0.6004666784140243,0.6004666784140243,0.3296441932753121,0.27082248513871227
NVDA,calibrated_random_forest,2,2022-04-19,-1,1,0.5728880838329831,0.5728880838329831,0.3513001951446282,0.22158788868835488
NVDA,calibrated_random_forest,2,2022-04-20,-1,1,0.5887730851262954,0.5887730851262954,0.33295557642406154,0.2558175087022339
NVDA,calibrated_random_forest,2,2022-04-21,0,1,0.6134910223745681,0.6134910223745681,0.30777157422233153,0.30571944815223656
NVDA,calibrated_random_forest,2,2022-04-22,-1,1,0.6215135553953685,0.6215135553953685,0.3042275528499794,0.3172860025453891
NVDA,calibrated_random_forest,2,2022-04-25,0,1,0.6013001184849718,0.6013001184849718,0.32764496398440995,0.2736551545005618
NVDA,calibrated_random_forest,2,2022-04-26,1,1,0.6407186438483282,0.6407186438483282,0.2800453416441381,0.36067330220419014
NVDA,calibrated_random_forest,2,2022-04-27,1,1,0.6373513422239935,0.6373513422239935,0.28735399480912077,0.3499973474148727
NVDA,calibrated_random_forest,2,2022-04-28,-1,1,0.5879272009413677,0.5879272009413677,0.33240090848735027,0.2555262924540175
NVDA,calibrated_random_forest,2,2022-04-29,0,1,0.6331967992775537,0.6331967992775537,0.29299165741700095,0.34020514186055273
NVDA,calibrated_random_forest,2,2022-05-02,-1,1,0.5890487023559354,0.5890487023559354,0.3295600521765471,0.2594886501793883
NVDA,calibrated_random_forest,2,2022-05-03,-1,1,0.5633306348218364,0.5633306348218364,0.35984722659530605,0.20348340822653038
NVDA,calibrated_random_forest,2,2022-05-04,-1,1,0.5768429705490181,0.5768429705490181,0.3411351142848444,0.23570785626417373
NVDA,calibrated_random_forest,2,2022-05-05,-1,1,0.5738683272404749,0.5738683272404749,0.3407502236715749,0.23311810356889995
NVDA,calibrated_random_forest,2,2022-05-06,-1,1,0.5768110299499171,0.5768110299499171,0.34592363514339436,0.2308873948065227
NVDA,calibrated_random_forest,2,2022-05-09,0,1,0.6474558312722611,0.6474558312722611,0.2776097797242516,0.36984605154800954
NVDA,calibrated_random_forest,2,2022-05-10,1,1,0.5917375820688303,0.5917375820688303,0.3237772510192228,0.26796033104960754
NVDA,calibrated_random_forest,2,2022-05-11,0,1,0.6459279254594067,0.6459279254594067,0.27622656431143594,0.36970136114797075
NVDA,calibrated_random_forest,2,2022-05-12,1,1,0.6442402378232116,0.6442402378232116,0.2841455149883378,0.3600947228348738
NVDA,calibrated_random_forest,2,2022-05-13,-1,1,0.617281333481907,0.617281333481907,0.30344987238473475,0.3138314610971722
NVDA,calibrated_random_forest,2,2022-05-16,-1,1,0.5866698555367772,0.5866698555367772,0.33534360966811816,0.25132624586865904
NVDA,calibrated_random_forest,2,2022-05-17,-1,1,0.6140632573914897,0.6140632573914897,0.3020254760392254,0.3120377813522643
NVDA,calibrated_random_forest,2,2022-05-18,0,1,0.6124060484030512,0.6124060484030512,0.30630515329984087,0.30610089510321037
NVDA,calibrated_random_forest,2,2022-05-19,1,1,0.6084593896146732,0.6084593896146732,0.3152310204912758,0.29322836912339734
NVDA,calibrated_random_forest,2,2022-05-20,1,1,0.6073190640741225,0.6073190640741225,0.3082210964296805,0.299097967644442
NVDA,calibrated_random_forest,2,2022-05-23,1,1,0.6079326896940945,0.6079326896940945,0.31584035695991236,0.29209233273418217
NVDA,calibrated_random_forest,2,2022-05-24,1,1,0.6047605485620863,0.6047605485620863,0.3012166291962873,0.303543919365799
NVDA,calibrated_random_forest,2,2022-05-25,1,1,0.6220967735514041,0.6220967735514041,0.2942976064772886,0.32779916707411555
NVDA,calibrated_random_forest,2,2022-05-26,1,1,0.638757442480534,0.638757442480534,0.2682572660616373,0.3705001764188967
NVDA,calibrated_random_forest,2,2022-05-27,0,1,0.6247284302921106,0.6247284302921106,0.27785501705011323,0.34687341324199733
NVDA,calibrated_random_forest,2,2022-05-31,0,1,0.6204105585907539,0.6204105585907539,0.2714624340237826,0.3489481245669713
NVDA,calibrated_random_forest,2,2022-06-01,0,1,0.6240301859937453,0.6240301859937453,0.26601071908414786,0.3580194669095974
NVDA,calibrated_random_forest,2,2022-06-02,-1,1,0.6044988775466023,0.6044988775466023,0.29292571763254927,0.311573159914053
NVDA,calibrated_random_forest,2,2022-06-03,-1,1,0.6332284355271615,0.6332284355271615,0.266798945640505,0.36642948988665647
NVDA,calibrated_random_forest,2,2022-06-06,-1,1,0.6383530512657063,0.6383530512657063,0.26235501817088175,0.37599803309482455
NVDA,calibrated_random_forest,2,2022-06-07,-1,1,0.6261369128520929,0.6261369128520929,0.27699898478050494,0.349137928071588
NVDA,calibrated_random_forest,2,2022-06-08,-1,1,0.6302174302413652,0.6302174302413652,0.27124789612761585,0.3589695341137494
NVDA,calibrated_random_forest,2,2022-06-09,-1,1,0.6059283479572221,0.6059283479572221,0.28656925675438205,0.31935909120284
NVDA,calibrated_random_forest,2,2022-06-10,-1,1,0.604704112953362,0.604704112953362,0.2892768668370374,0.3154272461163246
NVDA,calibrated_random_forest,2,2022-06-13,1,1,0.6190168208584536,0.6190168208584536,0.2801671159378853,0.33884970492056826
NVDA,calibrated_random_forest,2,2022-06-14,1,1,0.6079147272088204,0.6079147272088204,0.2982551488740704,0.30965957833475005
NVDA,calibrated_random_forest,2,2022-06-15,0,1,0.6049858153310926,0.6049858153310926,0.3093270766451905,0.29565873868590214
NVDA,calibrated_random_forest,2,2022-06-16,1,1,0.60781163735238,0.60781163735238,0.2967094603110697,0.31110217704131027
NVDA,calibrated_random_forest,2,2022-06-17,1,1,0.5828842520036671,0.5828842520036671,0.3365600074934328,0.24632424451023432
NVDA,calibrated_random_forest,2,2022-06-21,-1,1,0.616753672298865,0.616753672298865,0.29505058109593624,0.3217030912029288
NVDA,calibrated_random_forest,2,2022-06-22,-1,1,0.6061594467722382,0.6061594467722382,0.309091953298525,0.2970674934737132
NVDA,calibrated_random_forest,2,2022-06-23,-1,1,0.6053957023369582,0.6053957023369582,0.3097184527410646,0.2956772495958936
NVDA,calibrated_random_forest,2,2022-06-24,-1,1,0.6160448243787293,0.6160448243787293,0.2841881901135463,0.331856634265183
NVDA,calibrated_random_forest,2,2022-06-27,-1,1,0.6158168431890042,0.6158168431890042,0.27709980383389254,0.33871703935511166
NVDA,calibrated_random_forest,2,2022-06-28,-1,1,0.6045229219472512,0.6045229219472512,0.30179184092697614,0.3027310810202751
NVDA,calibrated_random_forest,2,2022-06-29,1,1,0.5852168336115913,0.5852168336115913,0.3206867287642733,0.264530104847318
NVDA,calibrated_random_forest,2,2022-06-30,1,1,0.5742339913846827,0.5742339913846827,0.3388125077612429,0.2354214836234398
NVDA,calibrated_random_forest,2,2022-07-01,1,1,0.6101238999685048,0.6101238999685048,0.2942062414223107,0.3159176585461941
NVDA,calibrated_random_forest,2,2022-07-05,0,1,0.558420176158952,0.558420176158952,0.36583079555183734,0.19258938060711467
NVDA,calibrated_random_forest,2,2022-07-06,0,1,0.5520594730173516,0.5520594730173516,0.3797789196191417,0.1722805533982099
NVDA,calibrated_random_forest,2,2022-07-07,-1,1,0.6009846151668761,0.6009846151668761,0.31264141430499204,0.28834320086188403
NVDA,calibrated_random_forest,2,2022-07-08,0,1,0.6050328565175639,0.6050328565175639,0.30975891496012786,0.295273941557436
NVDA,calibrated_random_forest,2,2022-07-11,1,1,0.5692715376413795,0.5692715376413795,0.3516367346068412,0.2176348030345383
NVDA,calibrated_random_forest,2,2022-07-12,1,1,0.5871077776509199,0.5871077776509199,0.3393841424955517,0.24772363515536822
NVDA,calibrated_random_forest,2,2022-07-13,1,1,0.6152005072924934,0.6152005072924934,0.3007108067987311,0.31448970049376235
NVDA,calibrated_random_forest,2,2022-07-14,1,1,0.6296966988558274,0.6296966988558274,0.2830142308853859,0.34668246797044144
NVDA,calibrated_random_forest,2,2022-07-15,1,1,0.6188817286529883,0.6188817286529883,0.2721948273577724,0.3466869012952159
NVDA,calibrated_random_forest,2,2022-07-18,1,1,0.6293251824142668,0.6293251824142668,0.2643872285672703,0.3649379538469965
NVDA,calibrated_random_forest,2,2022-07-19,-1,1,0.5930891373797098,0.5930891373797098,0.30633867243218577,0.28675046494752404
NVDA,calibrated_random_forest,2,2022-07-20,0,1,0.5749956754972895,0.5749956754972895,0.33208261297989766,0.2429130625173918
NVDA,calibrated_random_forest,2,2022-07-21,0,1,0.5683128802762859,0.5683128802762859,0.32350028051675933,0.24481259975952657
NVDA,calibrated_random_forest,2,2022-07-22,1,1,0.5717451412566671,0.5717451412566671,0.3072582565873018,0.26448688466936526
NVDA,calibrated_random_forest,2,2022-07-25,1,1,0.591617634157875,0.591617634157875,0.2872111899129311,0.30440644424494395
NVDA,calibrated_random_forest,2,2022-07-26,1,1,0.6088901725576022,0.6088901725576022,0.2698818608064699,0.33900831175113233
NVDA,calibrated_random_forest,2,2022-07-27,1,1,0.5949760235923996,0.5949760235923996,0.2963457850854642,0.29863023850693543
NVDA,calibrated_random_forest,2,2022-07-28,1,1,0.5941400204098347,0.5941400204098347,0.2839850972240698,0.31015492318576493
NVDA,calibrated_random_forest,2,2022-07-29,1,1,0.5776432443479822,0.5776432443479822,0.30513028300610734,0.27251296134187486
NVDA,calibrated_random_forest,2,2022-08-01,-1,1,0.5763087412738942,0.5763087412738942,0.30015535879700245,0.27615338247689175
NVDA,calibrated_random_forest,2,2022-08-02,-1,1,0.5823675100468341,0.5823675100468341,0.28702449809168434,0.2953430119551497
NVDA,calibrated_random_forest,2,2022-08-03,-1,1,0.5900067524376831,0.5900067524376831,0.2859180394472371,0.304088712990446
NVDA,calibrated_random_forest,2,2022-08-04,-1,1,0.5813755610681334,0.5813755610681334,0.2783526767118003,0.30302288435633307
NVDA,calibrated_random_forest,2,2022-08-05,0,1,0.5830621508842125,0.5830621508842125,0.28116964298682606,0.3018925078973865
NVDA,calibrated_random_forest,2,2022-08-08,1,1,0.5973810064619856,0.5973810064619856,0.2612596247167403,0.33612138174524525
NVDA,calibrated_random_forest,2,2022-08-09,1,1,0.6286573324340975,0.6286573324340975,0.2646172106027241,0.3640401218313734
NVDA,calibrated_random_forest,2,2022-08-10,0,1,0.6075308031846341,0.6075308031846341,0.27469517772253904,0.3328356254620951
NVDA,calibrated_random_forest,2,2022-08-11,1,1,0.593669635244774,0.593669635244774,0.2649887294771401,0.3286809057676339
NVDA,calibrated_random_forest,2,2022-08-12,-1,1,0.619366691743816,0.619366691743816,0.2684398479625339,0.3509268437812821
NVDA,calibrated_random_forest,2,2022-08-15,-1,1,0.6089596905121616,0.6089596905121616,0.26405966145975573,0.34490002905240585
NVDA,calibrated_random_forest,2,2022-08-16,-1,1,0.5888072643189897,0.5888072643189897,0.2541761535785278,0.33463111074046187
NVDA,calibrated_random_forest,2,2022-08-17,-1,1,0.5881045001426827,0.5881045001426827,0.27043846303312824,0.31766603710955443
NVDA,calibrated_random_forest,2,2022-08-18,-1,1,0.5878911117518695,0.5878911117518695,0.2663537874478829,0.32153732430398657
NVDA,calibrated_random_forest,2,2022-08-19,-1,1,0.6100438997136591,0.6100438997136591,0.27632602266716727,0.33371787704649186
NVDA,calibrated_random_forest,2,2022-08-22,-1,1,0.615631671030949,0.615631671030949,0.2830098640616167,0.33262180696933225
NVDA,calibrated_random_forest,2,2022-08-23,-1,1,0.6229035032460438,0.6229035032460438,0.2819348894339562,0.3409686138120876
NVDA,calibrated_random_forest,2,2022-08-24,-1,1,0.6123992189860988,0.6123992189860988,0.2905249637746613,0.32187425521143753
NVDA,calibrated_random_forest,2,2022-08-25,-1,1,0.6104951323318466,0.6104951323318466,0.2738629664328976,0.336632165898949
NVDA,calibrated_random_forest,2,2022-08-26,-1,1,0.5939937207366147,0.5939937207366147,0.30551777979610145,0.28847594094051326
NVDA,calibrated_random_forest,2,2022-08-29,-1,1,0.5624333729352378,0.5624333729352378,0.35346374240019823,0.20896963053503953
NVDA,calibrated_random_forest,2,2022-08-30,-1,1,0.5761898919088574,0.5761898919088574,0.3359867028678242,0.24020318904103316
NVDA,calibrated_random_forest,2,2022-08-31,-1,1,0.6278595089590261,0.6278595089590261,0.29201915017959174,0.33584035877943436
NVDA,calibrated_random_forest,2,2022-09-01,1,1,0.6318172667244406,0.6318172667244406,0.2937535152892858,0.3380637514351548
NVDA,calibrated_random_forest,2,2022-09-02,1,1,0.633569653683501,0.633569653683501,0.2938315086183561,0.33973814506514494
NVDA,calibrated_random_forest,2,2022-09-06,-1,1,0.6345909890642972,0.6345909890642972,0.29290358469435834,0.3416874043699389
NVDA,calibrated_random_forest,2,2022-09-07,-1,1,0.6138245761978687,0.6138245761978687,0.31503103481085254,0.29879354138701614
NVDA,calibrated_random_forest,2,2022-09-08,-1,1,0.6083000895611799,0.6083000895611799,0.3194418521346643,0.28885823742651556
NVDA,calibrated_random_forest,2,2022-09-09,-1,1,0.5605858924839167,0.5605858924839167,0.3613874083990806,0.19919848408483604
NVDA,calibrated_random_forest,2,2022-09-12,-1,1,0.564684206529008,0.564684206529008,0.35002726124830924,0.21465694528069873
NVDA,calibrated_random_forest,2,2022-09-13,0,1,0.6199175007625898,0.6199175007625898,0.30542402508939476,0.314493475673195
NVDA,calibrated_random_forest,2,2022-09-14,0,1,0.6117418592251203,0.6117418592251203,0.31770353198794465,0.2940383272371756
NVDA,calibrated_random_forest,2,2022-09-15,-1,1,0.6119177573796489,0.6119177573796489,0.3171125140726951,0.29480524330695385
NVDA,calibrated_random_forest,2,2022-09-16,-1,1,0.5508212941515197,0.5508212941515197,0.373760301762079,0.17706099238944073
NVDA,calibrated_random_forest,2,2022-09-19,-1,1,0.548581508719888,0.548581508719888,0.3783601195390351,0.1702213891808529
NVDA,calibrated_random_forest,2,2022-09-20,-1,1,0.5535920545779113,0.5535920545779113,0.36977266095718964,0.18381939362072164
NVDA,calibrated_random_forest,2,2022-09-21,-1,1,0.5713292284493418,0.5713292284493418,0.35665447338259937,0.21467475506674238
NVDA,calibrated_random_forest,2,2022-09-22,-1,1,0.5781499614520101,0.5781499614520101,0.3387477907309116,0.23940217072109854
NVDA,calibrated_random_forest,2,2022-09-23,-1,1,0.5622086861130763,0.5622086861130763,0.36343624810065095,0.19877243801242533
NVDA,calibrated_random_forest,2,2022-09-26,1,1,0.5691596118928662,0.5691596118928662,0.3503448688721738,0.21881474302069243
NVDA,calibrated_random_forest,2,2022-09-27,1,1,0.5705715227599218,0.5705715227599218,0.3585232388440074,0.21204828391591446
NVDA,calibrated_random_forest,2,2022-09-28,1,1,0.5972774524960248,0.5972774524960248,0.32752444076348863,0.2697530117325362
NVDA,calibrated_random_forest,2,2022-09-29,1,1,0.5921363284395033,0.5921363284395033,0.32917184305658526,0.262964485382918
NVDA,calibrated_random_forest,2,2022-09-30,0,1,0.6007866763770288,0.6007866763770288,0.3241456874701093,0.27664098890691946
NVDA,calibrated_random_forest,2,2022-10-03,-1,1,0.6056909998855132,0.6056909998855132,0.3132418135101589,0.29244918637535433
NVDA,calibrated_random_forest,2,2022-10-04,-1,1,0.6255291411614667,0.6255291411614667,0.2745803270559511,0.35094881410551565
NVDA,calibrated_random_forest,2,2022-10-05,-1,1,0.6349827098240146,0.6349827098240146,0.27143609421884474,0.3635466156051699
NVDA,calibrated_random_forest,2,2022-10-06,-1,1,0.6292180070203711,0.6292180070203711,0.27475229427206577,0.35446571274830535
NVDA,calibrated_random_forest,2,2022-10-07,-1,1,0.6179412705884119,0.6179412705884119,0.2898710875835331,0.3280701830048788
NVDA,calibrated_random_forest,2,2022-10-10,0,1,0.5952896215295796,0.5952896215295796,0.309773417431763,0.28551620409781664
NVDA,calibrated_random_forest,2,2022-10-11,1,1,0.6107059941970356,0.6107059941970356,0.29753537214865045,0.3131706220483852
NVDA,calibrated_random_forest,2,2022-10-12,1,1,0.6103310754896233,0.6103310754896233,0.30391817621771555,0.30641289927190773
NVDA,calibrated_random_forest,2,2022-10-13,0,1,0.6017890405164413,0.6017890405164413,0.31268254881387325,0.2891064917025681
NVDA,calibrated_random_forest,2,2022-10-14,1,1,0.5988940184633388,0.5988940184633388,0.31372882797833773,0.28516519048500105
NVDA,calibrated_random_forest,2,2022-10-17,1,1,0.6223375058350062,0.6223375058350062,0.2992569196840208,0.32308058615098545
NVDA,calibrated_random_forest,2,2022-10-18,1,1,0.6370219455369216,0.6370219455369216,0.2737961179467161,0.3632258275902055
NVDA,calibrated_random_forest,2,2022-10-19,1,1,0.6273902134261126,0.6273902134261126,0.2846418275471039,0.3427483858790087
NVDA,calibrated_random_forest,2,2022-10-20,1,1,0.6283809199937849,0.6283809199937849,0.2812522948933543,0.3471286251004306
NVDA,calibrated_random_forest,2,2022-10-21,1,1,0.6341110955436013,0.6341110955436013,0.26812703975322427,0.36598405579037707
NVDA,calibrated_random_forest,2,2022-10-24,1,1,0.6435171488091777,0.6435171488091777,0.2554251081501912,0.38809204065898645
NVDA,calibrated_random_forest,2,2022-10-25,1,1,0.6020475162227763,0.6020475162227763,0.29366927128532755,0.30837824493744875
NVDA,calibrated_random_forest,2,2022-10-26,1,1,0.61894482073444,0.61894482073444,0.2656282205771128,0.35331660015732724
NVDA,calibrated_random_forest,2,2022-10-27,0,1,0.6133565456371696,0.6133565456371696,0.2768217591143219,0.3365347865228477
NVDA,calibrated_random_forest,2,2022-10-28,1,1,0.5657978782637799,0.5657978782637799,0.3313432429826059,0.234454635281174
NVDA,calibrated_random_forest,2,2022-10-31,1,1,0.5709685324220977,0.5709685324220977,0.307599862289792,0.26336867013230564
NVDA,calibrated_random_forest,2,2022-11-01,1,1,0.5938764388534418,0.5938764388534418,0.29454079838089825,0.2993356404725435
NVDA,calibrated_random_forest,2,2022-11-02,1,1,0.5997511288090331,0.5997511288090331,0.2926752441204363,0.30707588468859687
NVDA,calibrated_random_forest,3,2022-11-03,1,1,0.5227179503265613,0.5227179503265613,0.37697698648801875,0.14574096383854257
NVDA,calibrated_random_forest,3,2022-11-04,1,1,0.5409388193705501,0.5409388193705501,0.36320057965545627,0.17773823971509384
NVDA,calibrated_random_forest,3,2022-11-07,1,1,0.5428412959353598,0.5428412959353598,0.35127252565521855,0.19156877028014124
NVDA,calibrated_random_forest,3,2022-11-08,1,1,0.5424482571292485,0.5424482571292485,0.35273985363790605,0.18970840349134244
NVDA,calibrated_random_forest,3,2022-11-09,1,1,0.5340060521894925,0.5340060521894925,0.35688745397366667,0.17711859821582582
NVDA,calibrated_random_forest,3,2022-11-10,0,1,0.5544338457264407,0.5544338457264407,0.3352009347985099,0.21923291092793085
NVDA,calibrated_random_forest,3,2022-11-11,-1,1,0.5532249739496401,0.5532249739496401,0.3361460943329764,0.21707887961666372
NVDA,calibrated_random_forest,3,2022-11-14,-1,1,0.5489872170897806,0.5489872170897806,0.3333950305154368,0.2155921865743438
NVDA,calibrated_random_forest,3,2022-11-15,-1,1,0.5553591048077978,0.5553591048077978,0.3324977687434819,0.2228613360643159
NVDA,calibrated_random_forest,3,2022-11-16,1,1,0.543744795634525,0.543744795634525,0.33683958054307267,0.20690521509145238
NVDA,calibrated_random_forest,3,2022-11-17,1,1,0.5452080846598698,0.5452080846598698,0.34000833234622835,0.20519975231364146
NVDA,calibrated_random_forest,3,2022-11-18,1,1,0.5452173192441191,0.5452173192441191,0.34182552655564297,0.20339179268847613
NVDA,calibrated_random_forest,3,2022-11-21,1,1,0.5388914669086355,0.5388914669086355,0.3490161741205526,0.18987529278808296
NVDA,calibrated_random_forest,3,2022-11-22,1,1,0.5350966400594185,0.5350966400594185,0.3480548792335539,0.1870417608258646
NVDA,calibrated_random_forest,3,2022-11-23,1,1,0.5524035340777541,0.5524035340777541,0.3340379865934189,0.21836554748433523
NVDA,calibrated_random_forest,3,2022-11-25,1,1,0.5349542501825025,0.5349542501825025,0.33713871033843384,0.1978155398440687
NVDA,calibrated_random_forest,3,2022-11-28,1,1,0.5280919835600494,0.5280919835600494,0.3651156966401164,0.162976286919933
NVDA,calibrated_random_forest,3,2022-11-29,1,1,0.5362380019185098,0.5362380019185098,0.36071107122986096,0.17552693068864883
NVDA,calibrated_random_forest,3,2022-11-30,-1,1,0.5469646500541413,0.5469646500541413,0.33840681925001886,0.20855783080412243
NVDA,calibrated_random_forest,3,2022-12-01,0,1,0.5472132388370318,0.5472132388370318,0.3338425318683207,0.21337070696871108
NVDA,calibrated_random_forest,3,2022-12-02,0,1,0.5461639737600159,0.5461639737600159,0.33176500046862945,0.21439897329138646
NVDA,calibrated_random_forest,3,2022-12-05,1,1,0.526260067179193,0.526260067179193,0.3683588477311823,0.15790121944801072
NVDA,calibrated_random_forest,3,2022-12-06,1,1,0.5331349138262436,0.5331349138262436,0.3637721567501255,0.1693627570761181
NVDA,calibrated_random_forest,3,2022-12-07,1,1,0.5318214938236561,0.5318214938236561,0.36916936715729226,0.1626521266663638
NVDA,calibrated_random_forest,3,2022-12-08,0,1,0.5561168013277094,0.5561168013277094,0.33631770091782104,0.21979910040988831
NVDA,calibrated_random_forest,3,2022-12-09,-1,1,0.5381547945577501,0.5381547945577501,0.3526881357821538,0.18546665877559626
NVDA,calibrated_random_forest,3,2022-12-12,-1,1,0.5424324751607315,0.5424324751607315,0.3541577388919565,0.18827473626877494
NVDA,calibrated_random_forest,3,2022-12-13,-1,1,0.5328064183892388,0.5328064183892388,0.3554929130997806,0.17731350528945822
NVDA,calibrated_random_forest,3,2022-12-14,-1,1,0.5367617490931426,0.5367617490931426,0.35010381437370247,0.1866579347194401
NVDA,calibrated_random_forest,3,2022-12-15,-1,1,0.5275505635618666,0.5275505635618666,0.3640206535218668,0.16352991003999978
NVDA,calibrated_random_forest,3,2022-12-16,-1,1,0.5281122277169438,0.5281122277169438,0.3647408470860885,0.16337138063085527
NVDA,calibrated_random_forest,3,2022-12-19,-1,1,0.5337556488807488,0.5337556488807488,0.36509626206841617,0.1686593868123326
NVDA,calibrated_random_forest,3,2022-12-20,-1,1,0.5359485913415692,0.5359485913415692,0.36048897424104487,0.17545961710052438
NVDA,calibrated_random_forest,3,2022-12-21,-1,1,0.5280007136321867,0.5280007136321867,0.375876249782511,0.1521244638496757
NVDA,calibrated_random_forest,3,2022-12-22,-1,1,0.547248122785459,0.547248122785459,0.34408897774161723,0.20315914504384175
NVDA,calibrated_random_forest,3,2022-12-23,-1,1,0.5628878207971806,0.5628878207971806,0.3393687909682295,0.2235190298289511
NVDA,calibrated_random_forest,3,2022-12-27,1,1,0.5642184371583494,0.5642184371583494,0.33842061643412347,0.22579782072422594
NVDA,calibrated_random_forest,3,2022-12-28,0,1,0.5624203310647649,0.5624203310647649,0.34416573744166695,0.2182545936230979
NVDA,calibrated_random_forest,3,2022-12-29,0,1,0.5606671921867521,0.5606671921867521,0.34694733947243034,0.21371985271432176
NVDA,calibrated_random_forest,3,2022-12-30,1,1,0.5588675048475317,0.5588675048475317,0.3515894691727391,0.20727803567479258
NVDA,calibrated_random_forest,3,2023-01-03,1,1,0.5494517118606609,0.5494517118606609,0.35885863435480836,0.19059307750585253
NVDA,calibrated_random_forest,3,2023-01-04,1,1,0.5603808464179164,0.5603808464179164,0.34854528759665576,0.21183555882126065
NVDA,calibrated_random_forest,3,2023-01-05,1,1,0.5494519150269471,0.5494519150269471,0.35763882475882824,0.19181309026811888
NVDA,calibrated_random_forest,3,2023-01-06,1,1,0.5578797911259978,0.5578797911259978,0.3455039831185056,0.21237580800749223
NVDA,calibrated_random_forest,3,2023-01-09,1,1,0.5355148038806494,0.5355148038806494,0.36148359333705643,0.174031210543593
NVDA,calibrated_random_forest,3,2023-01-10,1,1,0.5356050932248014,0.5356050932248014,0.3581739274899946,0.17743116573480683
NVDA,calibrated_random_forest,3,2023-01-11,1,1,0.5337767097544697,0.5337767097544697,0.35858426923482684,0.17519244051964283
NVDA,calibrated_random_forest,3,2023-01-12,1,1,0.5386164968332495,0.5386164968332495,0.35771746748187727,0.18089902935137225
NVDA,calibrated_random_forest,3,2023-01-13,1,1,0.5465454829382873,0.5465454829382873,0.34288957738406206,0.20365590555422525
NVDA,calibrated_random_forest,3,2023-01-17,1,1,0.53936802252789,0.53936802252789,0.35575291139011256,0.1836151111377774
NVDA,calibrated_random_forest,3,2023-01-18,1,1,0.5287321944528627,0.5287321944528627,0.3599907551134707,0.168741439339392
NVDA,calibrated_random_forest,3,2023-01-19,1,1,0.5272380295154339,0.5272380295154339,0.36475800058007124,0.16248002893536262
NVDA,calibrated_random_forest,3,2023-01-20,1,1,0.5307307541078442,0.5307307541078442,0.3719670892633615,0.15876366484448273
NVDA,calibrated_random_forest,3,2023-01-23,0,1,0.5417241901316546,0.5417241901316546,0.3489030089526981,0.19282118117895652
NVDA,calibrated_random_forest,3,2023-01-24,0,1,0.5434663741395409,0.5434663741395409,0.34471047734866334,0.19875589679087757
NVDA,calibrated_random_forest,3,2023-01-25,1,1,0.5493811219305771,0.5493811219305771,0.34357852182038284,0.20580260011019424
NVDA,calibrated_random_forest,3,2023-01-26,1,1,0.5558575563547681,0.5558575563547681,0.33473003943539914,0.22112751691936894
NVDA,calibrated_random_forest,3,2023-01-27,1,1,0.5563495154080739,0.5563495154080739,0.33484760475462744,0.22150191065344643
NVDA,calibrated_random_forest,3,2023-01-30,1,1,0.5445954536967098,0.5445954536967098,0.34641035412561294,0.19818509957109687
NVDA,calibrated_random_forest,3,2023-01-31,1,1,0.544854290594383,0.544854290594383,0.34087595430570267,0.20397833628868028
NVDA,calibrated_random_forest,3,2023-02-01,1,1,0.5505719505329344,0.5505719505329344,0.33803839721362267,0.21253355331931173
NVDA,calibrated_random_forest,3,2023-02-02,1,1,0.5541115196606364,0.5541115196606364,0.33524071504071656,0.21887080461991987
NVDA,calibrated_random_forest,3,2023-02-03,0,1,0.5440533822769086,0.5440533822769086,0.33272779559503285,0.21132558668187573
NVDA,calibrated_random_forest,3,2023-02-06,1,1,0.5379937693374442,0.5379937693374442,0.34444638515624426,0.1935473841812
NVDA,calibrated_random_forest,3,2023-02-07,1,1,0.5498052892668296,0.5498052892668296,0.33887683889247827,0.21092845037435132
NVDA,calibrated_random_forest,3,2023-02-08,1,1,0.5419587989766301,0.5419587989766301,0.333759630847597,0.2081991681290331
NVDA,calibrated_random_forest,3,2023-02-09,0,1,0.5446677391129986,0.5446677391129986,0.33472398366526485,0.20994375544773375
NVDA,calibrated_random_forest,3,2023-02-10,0,1,0.5503450906462249,0.5503450906462249,0.3375548634866153,0.21279022715960966
NVDA,calibrated_random_forest,3,2023-02-13,-1,1,0.545669900808143,0.545669900808143,0.3405217850521253,0.2051481157560177
NVDA,calibrated_random_forest,3,2023-02-14,-1,1,0.5455839583577166,0.5455839583577166,0.34061227951596,0.20497167884175654
NVDA,calibrated_random_forest,3,2023-02-15,1,1,0.5339265536150805,0.5339265536150805,0.3375426430261876,0.19638391058889287
NVDA,calibrated_random_forest,3,2023-02-16,1,1,0.5457191587593445,0.5457191587593445,0.34020005065524694,0.20551910810409757
NVDA,calibrated_random_forest,3,2023-02-17,1,1,0.5451598969844578,0.5451598969844578,0.3425548091145112,0.20260508786994658
NVDA,calibrated_random_forest,3,2023-02-21,1,1,0.5341997631611609,0.5341997631611609,0.3616354829456716,0.1725642802154893
NVDA,calibrated_random_forest,3,2023-02-22,1,1,0.5377976978035223,0.5377976978035223,0.3582586813223468,0.17953901648117548
NVDA,calibrated_random_forest,3,2023-02-23,0,1,0.5486984371583513,0.5486984371583513,0.346574938123909,0.20212349903444232
NVDA,calibrated_random_forest,3,2023-02-24,1,1,0.5374336409655639,0.5374336409655639,0.34615347569912774,0.19128016526643615
NVDA,calibrated_random_forest,3,2023-02-27,0,1,0.5391980491360179,0.5391980491360179,0.3478181463454151,0.1913799027906028
NVDA,calibrated_random_forest,3,2023-02-28,0,1,0.5430494932765402,0.5430494932765402,0.345946157549214,0.1971033357273262
NVDA,calibrated_random_forest,3,2023-03-01,1,1,0.5418833198791563,0.5418833198791563,0.35136399742222846,0.19051932245692782
NVDA,calibrated_random_forest,3,2023-03-02,0,1,0.5461929797528503,0.5461929797528503,0.35425746434960326,0.19193551540324705
NVDA,calibrated_random_forest,3,2023-03-03,-1,1,0.5445016110391975,0.5445016110391975,0.35541626055291003,0.18908535048628744
NVDA,calibrated_random_forest,3,2023-03-06,-1,1,0.5336222482171498,0.5336222482171498,0.3610595161465156,0.17256273207063416
NVDA,calibrated_random_forest,3,2023-03-07,1,1,0.5263820908293431,0.5263820908293431,0.37195384360255684,0.15442824722678622
NVDA,calibrated_random_forest,3,2023-03-08,0,1,0.5399399778401268,0.5399399778401268,0.35865010396009245,0.18128987388003437
NVDA,calibrated_random_forest,3,2023-03-09,1,1,0.5216468928083059,0.5216468928083059,0.3737135357826133,0.1479333570256926
NVDA,calibrated_random_forest,3,2023-03-10,1,1,0.5184380133652514,0.5184380133652514,0.3781407196977041,0.14029729366754734
NVDA,calibrated_random_forest,3,2023-03-13,1,1,0.5257770038213218,0.5257770038213218,0.37137426772993337,0.15440273609138838
NVDA,calibrated_random_forest,3,2023-03-14,1,1,0.5549212014043258,0.5549212014043258,0.34474463029371116,0.2101765711106146
NVDA,calibrated_random_forest,3,2023-03-15,1,1,0.5397907688182396,0.5397907688182396,0.3550824852024262,0.18470828361581343
NVDA,calibrated_random_forest,3,2023-03-16,1,1,0.5452390134183298,0.5452390134183298,0.3515573165365913,0.19368169688173853
NVDA,calibrated_random_forest,3,2023-03-17,1,1,0.5397579369882753,0.5397579369882753,0.3482123468146758,0.19154559017359957
NVDA,calibrated_random_forest,3,2023-03-20,1,1,0.5309827953880766,0.5309827953880766,0.35415432006914216,0.17682847531893442
NVDA,calibrated_random_forest,3,2023-03-21,0,1,0.5368896789073514,0.5368896789073514,0.3538287891900889,0.18306088971726248
NVDA,calibrated_random_forest,3,2023-03-22,0,1,0.5346451817698608,0.5346451817698608,0.349257138327999,0.18538804344186177
NVDA,calibrated_random_forest,3,2023-03-23,0,1,0.5314641198736315,0.5314641198736315,0.3554418935199137,0.17602222635371784
NVDA,calibrated_random_forest,3,2023-03-24,1,1,0.5296353328250706,0.5296353328250706,0.3605483246677654,0.1690870081573052
NVDA,calibrated_random_forest,3,2023-03-27,1,1,0.5192188995624492,0.5192188995624492,0.36988918608970717,0.149329713472742
NVDA,calibrated_random_forest,3,2023-03-28,1,1,0.5173954175518024,0.5173954175518024,0.3729556966081278,0.14443972094367463
NVDA,calibrated_random_forest,3,2023-03-29,0,1,0.5298786865988973,0.5298786865988973,0.36127414464184465,0.1686045419570526
NVDA,calibrated_random_forest,3,2023-03-30,0,1,0.5250226385567364,0.5250226385567364,0.3546576427358051,0.1703649958209313
NVDA,calibrated_random_forest,3,2023-03-31,0,1,0.522771271962328,0.522771271962328,0.35025485155994973,0.17251642040237825
NVDA,calibrated_random_forest,3,2023-04-03,-1,1,0.5176405426799303,0.5176405426799303,0.3502253777646902,0.1674151649152401
NVDA,calibrated_random_forest,3,2023-04-04,-1,1,0.5260464071720733,0.5260464071720733,0.3535437331934834,0.17250267397858987
NVDA,calibrated_random_forest,3,2023-04-05,0,1,0.5153022904879139,0.5153022904879139,0.3686374163359534,0.14666487415196044
NVDA,calibrated_random_forest,3,2023-04-06,0,1,0.514912453272755,0.514912453272755,0.3691305950536572,0.14578185821909784
NVDA,calibrated_random_forest,3,2023-04-10,-1,1,0.5194006457108676,0.5194006457108676,0.36858114184097596,0.15081950386989168
NVDA,calibrated_random_forest,3,2023-04-11,0,1,0.5119977981359533,0.5119977981359533,0.359569485985765,0.15242831215018826
NVDA,calibrated_random_forest,3,2023-04-12,1,1,0.5136417725822974,0.5136417725822974,0.3642270953941198,0.14941467718817758
NVDA,calibrated_random_forest,3,2023-04-13,1,1,0.5182793752986263,0.5182793752986263,0.36391801486929615,0.15436136042933019
NVDA,calibrated_random_forest,3,2023-04-14,0,1,0.5156764313146397,0.5156764313146397,0.3638164811619295,0.1518599501527102
NVDA,calibrated_random_forest,3,2023-04-17,0,1,0.5243396288690891,0.5243396288690891,0.3587634021075449,0.1655762267615442
NVDA,calibrated_random_forest,3,2023-04-18,-1,1,0.5219780777896604,0.5219780777896604,0.3530709013826596,0.16890717640700081
NVDA,calibrated_random_forest,3,2023-04-19,-1,1,0.5213267040377397,0.5213267040377397,0.3528023317322988,0.16852437230544093
NVDA,calibrated_random_forest,3,2023-04-20,0,1,0.5178297260300657,0.5178297260300657,0.35799884613383104,0.15983087989623468
NVDA,calibrated_random_forest,3,2023-04-21,1,1,0.512072307543784,0.512072307543784,0.3563692922785184,0.1557030152652656
NVDA,calibrated_random_forest,3,2023-04-24,1,1,0.5167825372312257,0.5167825372312257,0.35884633940491045,0.15793619782631524
NVDA,calibrated_random_forest,3,2023-04-25,1,1,0.5498792838106042,0.5498792838106042,0.3476577237215596,0.20222156008904463
NVDA,calibrated_random_forest,3,2023-04-26,1,1,0.5199618593780565,0.5199618593780565,0.37269165823364897,0.14727020114440753
NVDA,calibrated_random_forest,3,2023-04-27,0,1,0.5174018671017615,0.5174018671017615,0.3518409613889177,0.16556090571284382
NVDA,calibrated_random_forest,3,2023-04-28,1,1,0.5261844141301375,0.5261844141301375,0.3462331693967369,0.17995124473340063
NVDA,calibrated_random_forest,3,2023-05-01,0,1,0.5367108670450975,0.5367108670450975,0.34999467834151304,0.18671618870358447
NVDA,calibrated_random_forest,3,2023-05-02,0,1,0.5320640430298534,0.5320640430298534,0.35613757085226744,0.175926472177586
NVDA,calibrated_random_forest,3,2023-05-03,1,1,0.5230777082607253,0.5230777082607253,0.3727001231338753,0.15037758512685
NVDA,calibrated_random_forest,3,2023-05-04,1,1,0.5188221843129274,0.5188221843129274,0.3796773412220924,0.13914484309083497
NVDA,calibrated_random_forest,3,2023-05-05,0,1,0.5362398612316767,0.5362398612316767,0.3643734126147751,0.17186644861690153
NVDA,calibrated_random_forest,3,2023-05-08,0,1,0.5435498768580964,0.5435498768580964,0.3527003586626491,0.19084951819544732
NVDA,calibrated_random_forest,3,2023-05-09,1,1,0.5311096165265929,0.5311096165265929,0.36154038076849626,0.16956923575809668
NVDA,calibrated_random_forest,3,2023-05-10,1,1,0.5244045907952993,0.5244045907952993,0.37164295215649457,0.15276163863880476
NVDA,calibrated_random_forest,3,2023-05-11,1,1,0.5156954247171789,0.5156954247171789,0.3704061277916977,0.1452892969254812
NVDA,calibrated_random_forest,3,2023-05-12,1,1,0.5116102375263477,0.5116102375263477,0.3723172722270823,0.13929296529926544
NVDA,calibrated_random_forest,3,2023-05-15,1,1,0.5275635899202901,0.5275635899202901,0.36788021298462364,0.15968337693566642
NVDA,calibrated_random_forest,3,2023-05-16,1,1,0.5228250740265182,0.5228250740265182,0.3731842277933359,0.14964084623318236
NVDA,calibrated_random_forest,3,2023-05-17,0,1,0.531599306492541,0.531599306492541,0.35363542086213345,0.1779638856304075
NVDA,calibrated_random_forest,3,2023-05-18,1,1,0.5461617999025682,0.5461617999025682,0.3445130306165702,0.201648769285998
NVDA,calibrated_random_forest,3,2023-05-19,1,1,0.5159769104738644,0.5159769104738644,0.3617825144663794,0.15419439600748502
NVDA,calibrated_random_forest,3,2023-05-22,1,1,0.5134749867207157,0.5134749867207157,0.3646077051144982,0.14886728160621748
NVDA,calibrated_random_forest,3,2023-05-23,1,1,0.5300983498588602,0.5300983498588602,0.3623288625942142,0.16776948726464597
NVDA,calibrated_random_forest,3,2023-05-24,1,1,0.5135450444702907,0.5135450444702907,0.3800194559370456,0.1335255885332451
NVDA,calibrated_random_forest,3,2023-05-25,1,1,0.5490916179873548,0.5490916179873548,0.34905450831719387,0.20003710967016097
NVDA,calibrated_random_forest,3,2023-05-26,0,1,0.5576184200786035,0.5576184200786035,0.3344887585713054,0.22312966150729813
NVDA,calibrated_random_forest,3,2023-05-30,-1,1,0.5584140946385175,0.5584140946385175,0.3322990190357388,0.22611507560277877
NVDA,calibrated_random_forest,3,2023-05-31,0,1,0.5443876109075467,0.5443876109075467,0.3442543098279569,0.20013330107958982
NVDA,calibrated_random_forest,3,2023-06-01,-1,1,0.5542593164089032,0.5542593164089032,0.33617716321788943,0.21808215319101382
NVDA,calibrated_random_forest,3,2023-06-02,0,1,0.5478407779065856,0.5478407779065856,0.33596997933698775,0.21187079856959784
NVDA,calibrated_random_forest,3,2023-06-05,0,1,0.5423642897456319,0.5423642897456319,0.3356457216398338,0.20671856810579808
NVDA,calibrated_random_forest,3,2023-06-06,1,1,0.5404848133122396,0.5404848133122396,0.3376369800136063,0.20284783329863332
NVDA,calibrated_random_forest,3,2023-06-07,1,1,0.5508248992399879,0.5508248992399879,0.3344210332338693,0.2164038660061186
NVDA,calibrated_random_forest,3,2023-06-08,1,1,0.5465419011121173,0.5465419011121173,0.33807480649537136,0.20846709461674595
NVDA,calibrated_random_forest,3,2023-06-09,1,1,0.537772493162803,0.537772493162803,0.34042171619277983,0.19735077697002312
NVDA,calibrated_random_forest,3,2023-06-12,1,1,0.5377014647054243,0.5377014647054243,0.3369603246532858,0.20074114005213856
NVDA,calibrated_random_forest,3,2023-06-13,1,1,0.539795008745948,0.539795008745948,0.3380606973183357,0.20173431142761228
NVDA,calibrated_random_forest,3,2023-06-14,0,1,0.5544987839622917,0.5544987839622917,0.33652494068885974,0.21797384327343194
NVDA,calibrated_random_forest,3,2023-06-15,0,1,0.5416820388242244,0.5416820388242244,0.33570562679065025,0.20597641203357414
NVDA,calibrated_random_forest,3,2023-06-16,-1,1,0.5363907452882929,0.5363907452882929,0.33234048784331327,0.20405025744497962
NVDA,calibrated_random_forest,3,2023-06-20,-1,1,0.5362849950143115,0.5362849950143115,0.3416310580112067,0.1946539370031048
NVDA,calibrated_random_forest,3,2023-06-21,-1,1,0.5268255387998126,0.5268255387998126,0.3481311515785038,0.17869438722130887
NVDA,calibrated_random_forest,3,2023-06-22,-1,1,0.5211960251387876,0.5211960251387876,0.35272433235160533,0.16847169278718227
NVDA,calibrated_random_forest,3,2023-06-23,0,1,0.5253872456490778,0.5253872456490778,0.34965837347964085,0.17572887216943694
NVDA,calibrated_random_forest,3,2023-06-26,1,1,0.5265245761921187,0.5265245761921187,0.3606891561634214,0.16583542002869728
NVDA,calibrated_random_forest,3,2023-06-27,0,1,0.5297167891406349,0.5297167891406349,0.35965404491068353,0.17006274422995138
NVDA,calibrated_random_forest,3,2023-06-28,1,1,0.5238698965023453,0.5238698965023453,0.3627187471060586,0.16115114939628666
NVDA,calibrated_random_forest,3,2023-06-29,1,1,0.5249554174942647,0.5249554174942647,0.3620635339125271,0.16289188358173756
NVDA,calibrated_random_forest,3,2023-06-30,0,1,0.5238843590486407,0.5238843590486407,0.3643291356658695,0.15955522338277123
NVDA,calibrated_random_forest,3,2023-07-03,0,1,0.5322169592243216,0.5322169592243216,0.35042392603485323,0.18179303318946832
NVDA,calibrated_random_forest,3,2023-07-05,1,1,0.5295664830364663,0.5295664830364663,0.3573811059888028,0.17218537704766346
NVDA,calibrated_random_forest,3,2023-07-06,1,1,0.5183608387263877,0.5183608387263877,0.37994158633668057,0.13841925238970715
NVDA,calibrated_random_forest,3,2023-07-07,1,1,0.5220217005804685,0.5220217005804685,0.37245407913042666,0.14956762145004182
NVDA,calibrated_random_forest,3,2023-07-10,1,1,0.5186090106476179,0.5186090106476179,0.3694161612153742,0.1491928494322437
NVDA,calibrated_random_forest,3,2023-07-11,1,1,0.5118401289782325,0.5118401289782325,0.3614300603210614,0.1504100686571711
NVDA,calibrated_random_forest,3,2023-07-12,1,1,0.5088137642023651,0.5088137642023651,0.35710081758628553,0.1517129466160796
NVDA,calibrated_random_forest,3,2023-07-13,0,1,0.5202781849631218,0.5202781849631218,0.35823780970895863,0.1620403752541632
NVDA,calibrated_random_forest,3,2023-07-14,-1,1,0.5151613060421731,0.5151613060421731,0.35248890177528375,0.1626724042668894
NVDA,calibrated_random_forest,3,2023-07-17,-1,1,0.51078816301867,0.51078816301867,0.35795310363921246,0.15283505937945757
NVDA,calibrated_random_forest,3,2023-07-18,-1,1,0.5200181932569362,0.5200181932569362,0.35605410531735254,0.16396408793958367
NVDA,calibrated_random_forest,3,2023-07-19,-1,1,0.5098879127242856,0.5098879127242856,0.34834577367653957,0.161542139047746
NVDA,calibrated_random_forest,3,2023-07-20,0,1,0.5211603334043439,0.5211603334043439,0.36224213026281404,0.15891820314152982
NVDA,calibrated_random_forest,3,2023-07-21,1,1,0.5248187193969571,0.5248187193969571,0.35551839170329663,0.1693003276936605
NVDA,calibrated_random_forest,3,2023-07-24,1,1,0.5188964135965823,0.5188964135965823,0.3606120635447682,0.15828435005181413
NVDA,calibrated_random_forest,3,2023-07-25,0,1,0.5303231551747868,0.5303231551747868,0.3664109965812366,0.16391215859355018
NVDA,calibrated_random_forest,3,2023-07-26,-1,1,0.5239134340830748,0.5239134340830748,0.3616741516130933,0.16223928246998148
NVDA,calibrated_random_forest,3,2023-07-27,-1,1,0.5242005165568794,0.5242005165568794,0.3584164834881472,0.16578403306873218
NVDA,calibrated_random_forest,3,2023-07-28,-1,1,0.5222882598161365,0.5222882598161365,0.3593567279304031,0.1629315318857334
NVDA,calibrated_random_forest,3,2023-07-31,-1,1,0.5147612775680278,0.5147612775680278,0.35546662877967256,0.15929464878835525
NVDA,calibrated_random_forest,3,2023-08-01,-1,1,0.5198524701463346,0.5198524701463346,0.36987844748317267,0.14997402266316195
NVDA,calibrated_random_forest,3,2023-08-02,-1,1,0.5365312020255996,0.5365312020255996,0.3533123566587743,0.18321884536682526
NVDA,calibrated_random_forest,3,2023-08-03,-1,1,0.5325977176249407,0.5325977176249407,0.36374787218219123,0.16884984544274945
NVDA,calibrated_random_forest,3,2023-08-04,-1,1,0.5151298902066795,0.5151298902066795,0.3688285454706332,0.14630134473604633
NVDA,calibrated_random_forest,3,2023-08-07,-1,1,0.524271393912818,0.524271393912818,0.35689005401971324,0.16738133989310472
NVDA,calibrated_random_forest,3,2023-08-08,0,1,0.5269445384439573,0.5269445384439573,0.35601070160549037,0.1709338368384669
NVDA,calibrated_random_forest,3,2023-08-09,1,1,0.5546930648692078,0.5546930648692078,0.3425547110684261,0.21213835380078166
NVDA,calibrated_random_forest,3,2023-08-10,1,1,0.568193224547647,0.568193224547647,0.33689556256663034,0.23129766198101664
NVDA,calibrated_random_forest,3,2023-08-11,1,1,0.5640578612998589,0.5640578612998589,0.334122550951218,0.2299353103486409
NVDA,calibrated_random_forest,3,2023-08-14,1,1,0.5508094941339167,0.5508094941339167,0.35391206643149076,0.1968974277024259
NVDA,calibrated_random_forest,3,2023-08-15,1,1,0.5473501383262143,0.5473501383262143,0.35279491512257843,0.19455522320363583
NVDA,calibrated_random_forest,3,2023-08-16,1,1,0.5507957707069032,0.5507957707069032,0.3519994036130079,0.1987963670938953
NVDA,calibrated_random_forest,3,2023-08-17,1,1,0.5538706177132809,0.5538706177132809,0.35428427837056725,0.1995863393427137
NVDA,calibrated_random_forest,3,2023-08-18,1,1,0.550651328168243,0.550651328168243,0.3542340270807571,0.19641730108748595
NVDA,calibrated_random_forest,3,2023-08-21,0,1,0.540594604923604,0.540594604923604,0.35628344402922996,0.18431116089437405
NVDA,calibrated_random_forest,3,2023-08-22,1,1,0.5391369720055367,0.5391369720055367,0.35426545626373457,0.1848715157418021
NVDA,calibrated_random_forest,3,2023-08-23,1,1,0.5420223310443676,0.5420223310443676,0.3589998617765373,0.18302246926783028
NVDA,calibrated_random_forest,3,2023-08-24,1,1,0.5274703854997117,0.5274703854997117,0.3700553536766861,0.15741503182302558
NVDA,calibrated_random_forest,3,2023-08-25,1,1,0.5317578179728897,0.5317578179728897,0.36571715989335174,0.16604065807953794
NVDA,calibrated_random_forest,3,2023-08-28,1,1,0.5364660349391669,0.5364660349391669,0.3695767940921411,0.16688924084702578
NVDA,calibrated_random_forest,3,2023-08-29,-1,1,0.5369803442802216,0.5369803442802216,0.3634589422065348,0.17352140207368677
NVDA,calibrated_random_forest,3,2023-08-30,-1,1,0.5384741936006904,0.5384741936006904,0.35613763905203166,0.1823365545486587
NVDA,calibrated_random_forest,3,2023-08-31,-1,1,0.5350958644481993,0.5350958644481993,0.3543702115623943,0.18072565288580505
NVDA,calibrated_random_forest,3,2023-09-01,-1,1,0.5275633566559971,0.5275633566559971,0.37188152102138766,0.1556818356346094
NVDA,calibrated_random_forest,3,2023-09-05,-1,1,0.5179769699735554,0.5179769699735554,0.3766141867266264,0.14136278324692897
NVDA,calibrated_random_forest,3,2023-09-06,-1,1,0.5095170147581053,0.5095170147581053,0.37523454184210187,0.13428247291600343
NVDA,calibrated_random_forest,3,2023-09-07,0,1,0.5273179087317729,0.5273179087317729,0.3680540938885102,0.15926381484326269
NVDA,calibrated_random_forest,3,2023-09-08,-1,1,0.545914861225799,0.545914861225799,0.3522034719815859,0.1937113892442131
NVDA,calibrated_random_forest,3,2023-09-11,-1,1,0.5357852894414482,0.5357852894414482,0.3635134511401093,0.1722718383013389
NVDA,calibrated_random_forest,3,2023-09-12,-1,1,0.5551229951840877,0.5551229951840877,0.349415170372498,0.20570782481158972
NVDA,calibrated_random_forest,3,2023-09-13,-1,1,0.5500824241380163,0.5500824241380163,0.3518525992808473,0.19822982485716906
NVDA,calibrated_random_forest,3,2023-09-14,-1,1,0.5489010173266736,0.5489010173266736,0.35284817643350147,0.19605284089317215
NVDA,calibrated_random_forest,3,2023-09-15,-1,1,0.555142979284141,0.555142979284141,0.3449135900202562,0.21022938926388485
NVDA,calibrated_random_forest,3,2023-09-18,-1,1,0.5639883655155759,0.5639883655155759,0.3416154750870084,0.22237289042856745
NVDA,calibrated_random_forest,3,2023-09-19,-1,1,0.5681358766639472,0.5681358766639472,0.33715254431074193,0.23098333235320523
NVDA,calibrated_random_forest,3,2023-09-20,0,1,0.5607922980323897,0.5607922980323897,0.3401303538825517,0.22066194414983803
NVDA,calibrated_random_forest,3,2023-09-21,1,1,0.5576934598291112,0.5576934598291112,0.3456870047424084,0.21200645508670285
NVDA,calibrated_random_forest,3,2023-09-22,1,1,0.557219835801171,0.557219835801171,0.35236766008983494,0.20485217571133602
NVDA,calibrated_random_forest,3,2023-09-25,1,1,0.5586234885994231,0.5586234885994231,0.34946789896972447,0.20915558962969866
NVDA,calibrated_random_forest,3,2023-09-26,1,1,0.5533621225490655,0.5533621225490655,0.35497343191192005,0.19838869063714543
NVDA,calibrated_random_forest,3,2023-09-27,1,1,0.5546184600868911,0.5546184600868911,0.35597286723691884,0.19864559284997224
NVDA,calibrated_random_forest,3,2023-09-28,1,1,0.5586033432764821,0.5586033432764821,0.35130662861314876,0.20729671466333333
NVDA,calibrated_random_forest,3,2023-09-29,1,1,0.5447986044720704,0.5447986044720704,0.35565400481559334,0.18914459965647706
NVDA,calibrated_random_forest,3,2023-10-02,0,1,0.5407439402227614,0.5407439402227614,0.3536120536480725,0.18713188657468888
NVDA,calibrated_random_forest,3,2023-10-03,1,1,0.5386945091964911,0.5386945091964911,0.3607455551366561,0.17794895405983496
NVDA,calibrated_random_forest,3,2023-10-04,1,1,0.535678874729247,0.535678874729247,0.3599837144893409,0.1756951602399061
NVDA,calibrated_random_forest,3,2023-10-05,1,1,0.5209752220849266,0.5209752220849266,0.37440740469023265,0.146567817394694
NVDA,calibrated_random_forest,3,2023-10-06,0,1,0.5391065207836189,0.5391065207836189,0.3510546058486508,0.1880519149349681
NVDA,calibrated_random_forest,3,2023-10-09,0,1,0.5292134910411136,0.5292134910411136,0.3543369922172057,0.17487649882390788
NVDA,calibrated_random_forest,3,2023-10-10,-1,1,0.5316810896983473,0.5316810896983473,0.35440806098126104,0.17727302871708622
NVDA,calibrated_random_forest,3,2023-10-11,-1,1,0.531231541504286,0.531231541504286,0.3621554378395168,0.16907610366476916
NVDA,calibrated_random_forest,3,2023-10-12,-1,1,0.532048792697939,0.532048792697939,0.35866790014254857,0.17338089255539046
NVDA,calibrated_random_forest,3,2023-10-13,-1,1,0.5185764700806984,0.5185764700806984,0.37410802813740324,0.14446844194329517
NVDA,calibrated_random_forest,3,2023-10-16,-1,1,0.5201632217568403,0.5201632217568403,0.3747228651549199,0.14544035660192034
NVDA,calibrated_random_forest,3,2023-10-17,0,1,0.5267922436356977,0.5267922436356977,0.36481308815854513,0.16197915547715253
NVDA,calibrated_random_forest,3,2023-10-18,0,1,0.5631251629382915,0.5631251629382915,0.33352877275909054,0.22959639017920097
NVDA,calibrated_random_forest,3,2023-10-19,-1,1,0.5540475604969785,0.5540475604969785,0.34821826101119835,0.2058292994857801
NVDA,calibrated_random_forest,3,2023-10-20,-1,1,0.5518078966808205,0.5518078966808205,0.34889219872594396,0.20291569795487657
NVDA,calibrated_random_forest,3,2023-10-23,-1,1,0.5523098733813824,0.5523098733813824,0.35451191123513026,0.19779796214625212
NVDA,calibrated_random_forest,3,2023-10-24,-1,1,0.5521192556779001,0.5521192556779001,0.3533900951468762,0.1987291605310239
NVDA,calibrated_random_forest,3,2023-10-25,0,1,0.5530217086845459,0.5530217086845459,0.3484201438091065,0.2046015648754394
NVDA,calibrated_random_forest,3,2023-10-26,1,1,0.5442551116438396,0.5442551116438396,0.3540227586148527,0.19023235302898683
NVDA,calibrated_random_forest,3,2023-10-27,1,1,0.5536236773499735,0.5536236773499735,0.35108379575043863,0.2025398815995349
NVDA,calibrated_random_forest,3,2023-10-30,1,1,0.5545072469336375,0.5545072469336375,0.3511984504470041,0.20330879648663341
NVDA,calibrated_random_forest,3,2023-10-31,1,1,0.55039363147045,0.55039363147045,0.3526533995765231,0.19774023189392687
NVDA,calibrated_random_forest,3,2023-11-01,1,1,0.5588817230901723,0.5588817230901723,0.34715760327685996,0.2117241198133123
NVDA,calibrated_random_forest,3,2023-11-02,1,1,0.5339321552517102,0.5339321552517102,0.36170107100581256,0.17223108424589767
NVDA,calibrated_random_forest,3,2023-11-03,1,1,0.5399454937550886,0.5399454937550886,0.35867591895927653,0.18126957479581207
NVDA,calibrated_random_forest,3,2023-11-06,1,1,0.5415037984058023,0.5415037984058023,0.35509056589012383,0.18641323251567848
NVDA,calibrated_random_forest,3,2023-11-07,1,1,0.5391574907765087,0.5391574907765087,0.3576109138329658,0.18154657694354287
NVDA,calibrated_random_forest,3,2023-11-08,1,1,0.5392544613775941,0.5392544613775941,0.3560706989261577,0.18318376245143642
NVDA,calibrated_random_forest,3,2023-11-09,1,1,0.5221544867525113,0.5221544867525113,0.36898892315874515,0.15316556359376615
NVDA,calibrated_random_forest,3,2023-11-10,0,1,0.5286125413938699,0.5286125413938699,0.36238975836592263,0.1662227830279473
NVDA,calibrated_random_forest,3,2023-11-13,1,1,0.5268910229442109,0.5268910229442109,0.3616484120157805,0.16524261092843034
NVDA,calibrated_random_forest,3,2023-11-14,0,1,0.5176458487020414,0.5176458487020414,0.3565795247427899,0.16106632395925152
NVDA,calibrated_random_forest,3,2023-11-15,0,1,0.5133591656823319,0.5133591656823319,0.3634097452686255,0.14994942041370635
NVDA,calibrated_random_forest,3,2023-11-16,-1,1,0.5113760858350838,0.5113760858350838,0.37312309158736534,0.13825299424771842
NVDA,calibrated_random_forest,3,2023-11-17,-1,1,0.5044129942469072,0.5044129942469072,0.373787039647876,0.1306259545990312
NVDA,calibrated_random_forest,3,2023-11-20,-1,1,0.5037341140925718,0.5037341140925718,0.36897979941329373,0.13475431467927812
NVDA,calibrated_random_forest,3,2023-11-21,-1,1,0.49882216509167066,0.49882216509167066,0.370164229867106,0.12865793522456465
NVDA,calibrated_random_forest,3,2023-11-22,-1,1,0.5075260818329385,0.5075260818329385,0.3672098804180073,0.14031620141493117
NVDA,calibrated_random_forest,3,2023-11-24,-1,1,0.5135602903754098,0.5135602903754098,0.3627681577312865,0.15079213264412333
NVDA,calibrated_random_forest,3,2023-11-27,-1,1,0.513980538928692,0.513980538928692,0.3671438567304092,0.14683668219828278
NVDA,calibrated_random_forest,3,2023-11-28,-1,1,0.5101590758269835,0.5101590758269835,0.36573251188225736,0.14442656394472614
NVDA,calibrated_random_forest,3,2023-11-29,-1,1,0.5247144610932982,0.5247144610932982,0.3607259979637141,0.16398846312958415
NVDA,calibrated_random_forest,3,2023-11-30,0,1,0.5398144613884889,0.5398144613884889,0.34942674306856,0.1903877183199289
NVDA,calibrated_random_forest,3,2023-12-01,0,1,0.5397510831162657,0.5397510831162657,0.35353525526551327,0.18621582785075247
NVDA,calibrated_random_forest,3,2023-12-04,1,1,0.5602284729894998,0.5602284729894998,0.340599786635624,0.21962868635387583
NVDA,calibrated_random_forest,3,2023-12-05,1,1,0.5493921301510433,0.5493921301510433,0.352384421187961,0.19700770896308228
NVDA,calibrated_random_forest,3,2023-12-06,1,1,0.5602849755881649,0.5602849755881649,0.3438931437156881,0.21639183187247685
NVDA,calibrated_random_forest,3,2023-12-07,1,1,0.5460543096242639,0.5460543096242639,0.351747971601827,0.1943063380224369
NVDA,calibrated_random_forest,3,2023-12-08,1,1,0.5222416442252008,0.5222416442252008,0.35644971125538455,0.16579193296981626
NVDA,calibrated_random_forest,3,2023-12-11,1,1,0.5490501559405182,0.5490501559405182,0.3471473235401364,0.20190283240038182
NVDA,calibrated_random_forest,3,2023-12-12,1,1,0.524270621877729,0.524270621877729,0.3574254885182316,0.1668451333594974
NVDA,calibrated_random_forest,3,2023-12-13,0,1,0.5137188091865984,0.5137188091865984,0.3546054345021954,0.159113374684403
NVDA,calibrated_random_forest,3,2023-12-14,0,1,0.5089120471719077,0.5089120471719077,0.3447495646116298,0.16416248256027793
NVDA,calibrated_random_forest,3,2023-12-15,0,1,0.5141660904836511,0.5141660904836511,0.3511191874063548,0.16304690307729636
NVDA,calibrated_random_forest,3,2023-12-18,0,1,0.5053090959290117,0.5053090959290117,0.3439019685447649,0.16140712738424684
NVDA,calibrated_random_forest,3,2023-12-19,0,1,0.49511077158706124,0.49511077158706124,0.34212624832152866,0.15298452326553258
NVDA,calibrated_random_forest,3,2023-12-20,1,1,0.5129158064950081,0.5129158064950081,0.35042977286379423,0.1624860336312139
NVDA,calibrated_random_forest,3,2023-12-21,0,1,0.49738756328259637,0.49738756328259637,0.3484890621895995,0.14889850109299685
NVDA,calibrated_random_forest,3,2023-12-22,0,1,0.49349869158283605,0.49349869158283605,0.3474513836238575,0.14604730795897852
NVDA,calibrated_random_forest,3,2023-12-26,-1,1,0.49552140854929444,0.49552140854929444,0.3440776506980536,0.1514437578512408
NVDA,calibrated_random_forest,3,2023-12-27,-1,1,0.4934752278519913,0.4934752278519913,0.34736447682565225,0.14611075102633908
NVDA,calibrated_random_forest,3,2023-12-28,0,1,0.49342590120499685,0.49342590120499685,0.3540559293688301,0.13936997183616673
NVDA,calibrated_random_forest,3,2023-12-29,1,1,0.5044592365360058,0.5044592365360058,0.36092563109466164,0.14353360544134414
NVDA,calibrated_random_forest,3,2024-01-02,1,1,0.5356751895089097,0.5356751895089097,0.3554438575794269,0.18023133192948276
NVDA,calibrated_random_forest,3,2024-01-03,1,1,0.5511765302691889,0.5511765302691889,0.3503022766367147,0.2008742536324742
NVDA,calibrated_random_forest,3,2024-01-04,1,1,0.5450218115911951,0.5450218115911951,0.3572196766873648,0.1878021349038303
NVDA,calibrated_random_forest,3,2024-01-05,1,1,0.5127491220459083,0.5127491220459083,0.3620430195560709,0.1507061024898374
NVDA,calibrated_random_forest,3,2024-01-08,1,1,0.5402574622365579,0.5402574622365579,0.35635086083794,0.18390660139861792
NVDA,calibrated_random_forest,3,2024-01-09,1,1,0.5282738740414448,0.5282738740414448,0.3598202170020351,0.16845365703940968
NVDA,calibrated_random_forest,3,2024-01-10,1,1,0.5331737380064107,0.5331737380064107,0.35240626773611466,0.180767470270296
NVDA,calibrated_random_forest,3,2024-01-11,1,1,0.5308282399832905,0.5308282399832905,0.35021666347558744,0.1806115765077031
NVDA,calibrated_random_forest,3,2024-01-12,1,1,0.5248811768650121,0.5248811768650121,0.35083525464927234,0.17404592221573978
NVDA,calibrated_random_forest,3,2024-01-16,1,1,0.5421698524578925,0.5421698524578925,0.3394941678316157,0.20267568462627683
NVDA,calibrated_random_forest,3,2024-01-17,1,1,0.5220794116410955,0.5220794116410955,0.36249803602507935,0.15958137561601615
NVDA,calibrated_random_forest,3,2024-01-18,1,1,0.5219491291060846,0.5219491291060846,0.35236287962630675,0.16958624947977785
NVDA,calibrated_random_forest,3,2024-01-19,1,1,0.5440205695943169,0.5440205695943169,0.3430927272102579,0.20092784238405897
NVDA,calibrated_random_forest,3,2024-01-22,1,1,0.5356034429042068,0.5356034429042068,0.3398129983495685,0.1957904445546383
NVDA,calibrated_random_forest,3,2024-01-23,1,1,0.5245680564400933,0.5245680564400933,0.3442920522143534,0.18027600422573992
NVDA,calibrated_random_forest,3,2024-01-24,0,1,0.5323623463484037,0.5323623463484037,0.34453572781444847,0.18782661853395527
NVDA,calibrated_random_forest,3,2024-01-25,1,1,0.5282545560531049,0.5282545560531049,0.33981873468141705,0.18843582137168785
NVDA,calibrated_random_forest,3,2024-01-26,1,1,0.5184126325805934,0.5184126325805934,0.3547060018842018,0.16370663069639163
NVDA,calibrated_random_forest,3,2024-01-29,1,1,0.526492413591854,0.526492413591854,0.353405985397647,0.17308642819420694
NVDA,calibrated_random_forest,3,2024-01-30,1,1,0.5209988578837698,0.5209988578837698,0.35461874106963087,0.1663801168141389
NVDA,calibrated_random_forest,3,2024-01-31,1,1,0.5213718813992233,0.5213718813992233,0.3530288394498223,0.16834304194940103
NVDA,calibrated_random_forest,3,2024-02-01,1,1,0.5251903489797787,0.5251903489797787,0.3486272717640399,0.17656307721573877
NVDA,calibrated_random_forest,3,2024-02-02,1,1,0.5362950114244737,0.5362950114244737,0.3473304900772063,0.18896452134726738
NVDA,calibrated_random_forest,3,2024-02-05,1,1,0.5452429043907828,0.5452429043907828,0.33909084226474323,0.2061520621260396
NVDA,calibrated_random_forest,3,2024-02-06,1,1,0.5477447467733377,0.5477447467733377,0.33440965296239256,0.21333509381094518
NVDA,calibrated_random_forest,3,2024-02-07,1,1,0.5504243484315127,0.5504243484315127,0.33722234768213505,0.21320200074937762
NVDA,calibrated_random_forest,3,2024-02-08,1,1,0.5324204387622168,0.5324204387622168,0.34426743688647415,0.18815300187574263
NVDA,calibrated_random_forest,3,2024-02-09,0,1,0.5423614794734357,0.5423614794734357,0.3389585981582807,0.203402881315155
NVDA,calibrated_random_forest,3,2024-02-12,-1,1,0.5461669157333673,0.5461669157333673,0.33371901918137725,0.21244789655199003
NVDA,calibrated_random_forest,3,2024-02-13,-1,1,0.5431272916030238,0.5431272916030238,0.339047406082023,0.20407988552100076
NVDA,calibrated_random_forest,3,2024-02-14,1,1,0.5329749917857359,0.5329749917857359,0.3481712583031242,0.18480373348261175
NVDA,calibrated_random_forest,3,2024-02-15,1,1,0.5335351640990793,0.5335351640990793,0.3441873804541169,0.1893477836449624
NVDA,calibrated_random_forest,3,2024-02-16,1,1,0.5218415182958103,0.5218415182958103,0.34841264647439724,0.17342887182141303
NVDA,calibrated_random_forest,3,2024-02-20,1,1,0.5200210248849215,0.5200210248849215,0.367887593510082,0.15213343137483953
NVDA,calibrated_random_forest,3,2024-02-21,1,1,0.5297213310312691,0.5297213310312691,0.3644820326300051,0.16523929840126395
NVDA,calibrated_random_forest,3,2024-02-22,0,1,0.5498832194484649,0.5498832194484649,0.3354970610202807,0.21438615842818415
NVDA,calibrated_random_forest,3,2024-02-23,1,1,0.5514369793337234,0.5514369793337234,0.33047513962903985,0.22096183970468353
NVDA,calibrated_random_forest,3,2024-02-26,1,1,0.540401393772807,0.540401393772807,0.3349037358228986,0.20549765794990843
NVDA,calibrated_random_forest,3,2024-02-27,1,1,0.5392387674741174,0.5392387674741174,0.33552444647842056,0.2037143209956968
NVDA,calibrated_random_forest,3,2024-02-28,1,1,0.5317941402312488,0.5317941402312488,0.3404271716523703,0.19136696857887853
NVDA,calibrated_random_forest,3,2024-02-29,1,1,0.532623608586051,0.532623608586051,0.3414665518144184,0.19115705677163258
NVDA,calibrated_random_forest,3,2024-03-01,1,1,0.5426404298521496,0.5426404298521496,0.33922713223188233,0.20341329762026722
NVDA,calibrated_random_forest,3,2024-03-04,0,1,0.5505439073834395,0.5505439073834395,0.33456444335349644,0.21597946402994306
NVDA,calibrated_random_forest,3,2024-03-05,1,1,0.5553885582326855,0.5553885582326855,0.33032614686382294,0.22506241136886257
NVDA,calibrated_random_forest,3,2024-03-06,1,1,0.5559050517531808,0.5559050517531808,0.3325408712145165,0.22336418053866436
NVDA,calibrated_random_forest,3,2024-03-07,-1,1,0.5449046236278023,0.5449046236278023,0.3430267460618004,0.20187787756600195
NVDA,calibrated_random_forest,3,2024-03-08,0,1,0.5323624838367226,0.5323624838367226,0.3377119708225432,0.1946505130141794
NVDA,calibrated_random_forest,3,2024-03-11,1,1,0.5366600919076695,0.5366600919076695,0.3434866019146092,0.19317348999306028
NVDA,calibrated_random_forest,3,2024-03-12,-1,1,0.5447564469706104,0.5447564469706104,0.3415111405580025,0.2032453064126079
NVDA,calibrated_random_forest,3,2024-03-13,0,1,0.5421241336745134,0.5421241336745134,0.33392713061819307,0.20819700305632033
NVDA,calibrated_random_forest,3,2024-03-14,1,1,0.5428222738966971,0.5428222738966971,0.3423713295613986,0.20045094433529853
NVDA,calibrated_random_forest,3,2024-03-15,1,1,0.5448877308906098,0.5448877308906098,0.34461157412430005,0.20027615676630978
NVDA,calibrated_random_forest,3,2024-03-18,1,1,0.5483230555160938,0.5483230555160938,0.34014265454535636,0.20818040097073748
NVDA,calibrated_random_forest,3,2024-03-19,1,1,0.548360897621635,0.548360897621635,0.34162126259128794,0.20673963503034704
NVDA,calibrated_random_forest,3,2024-03-20,0,1,0.5450899011209193,0.5450899011209193,0.33245186404603383,0.21263803707488543
NVDA,calibrated_random_forest,3,2024-03-21,0,1,0.5334206065050843,0.5334206065050843,0.3513631950393214,0.18205741146576288
NVDA,calibrated_random_forest,3,2024-03-22,-1,1,0.5306608074929612,0.5306608074929612,0.34558700888227384,0.18507379861068735
NVDA,calibrated_random_forest,3,2024-03-25,-1,1,0.5267057062788062,0.5267057062788062,0.34022140388856603,0.18648430239024016
NVDA,calibrated_random_forest,3,2024-03-26,-1,1,0.5274736357525261,0.5274736357525261,0.34870350565003494,0.1787701301024912
NVDA,calibrated_random_forest,3,2024-03-27,-1,1,0.5213682709497244,0.5213682709497244,0.36778064619739803,0.15358762475232635
NVDA,calibrated_random_forest,3,2024-03-28,-1,1,0.51270509888379,0.51270509888379,0.37230204151828666,0.14040305736550335
NVDA,calibrated_random_forest,3,2024-04-01,-1,1,0.5166609891562884,0.5166609891562884,0.36649181111589985,0.1501691780403886
NVDA,calibrated_random_forest,3,2024-04-02,-1,1,0.5110360681078671,0.5110360681078671,0.36088801571048895,0.1501480523973781
NVDA,calibrated_random_forest,3,2024-04-03,-1,1,0.5124387173873068,0.5124387173873068,0.36113817168361884,0.151300545703688
NVDA,calibrated_random_forest,3,2024-04-04,1,1,0.5521299947214511,0.5521299947214511,0.3453425950745817,0.20678739964686937
NVDA,calibrated_random_forest,3,2024-04-05,0,1,0.5368282735203038,0.5368282735203038,0.3568015598984329,0.18002671362187095
NVDA,calibrated_random_forest,3,2024-04-08,0,1,0.5334986336143297,0.5334986336143297,0.3539238006917506,0.1795748329225791
NVDA,calibrated_random_forest,3,2024-04-09,1,1,0.5473600100445046,0.5473600100445046,0.34386148146915246,0.20349852857535217
NVDA,calibrated_random_forest,3,2024-04-10,-1,1,0.5446271100887609,0.5446271100887609,0.35156996018242176,0.1930571499063391
NVDA,calibrated_random_forest,3,2024-04-11,-1,1,0.5413213454175446,0.5413213454175446,0.3576332675679644,0.18368807784958024
NVDA,calibrated_random_forest,3,2024-04-12,-1,1,0.5394511397792036,0.5394511397792036,0.3595898066516863,0.1798613331275173
NVDA,calibrated_random_forest,3,2024-04-15,-1,1,0.5576636879180166,0.5576636879180166,0.3478583575491882,0.20980533036882837
NVDA,calibrated_random_forest,3,2024-04-16,-1,1,0.5341473977091175,0.5341473977091175,0.3691646323203379,0.16498276538877954
NVDA,calibrated_random_forest,3,2024-04-17,-1,1,0.55150345931035,0.55150345931035,0.34768522333934276,0.2038182359710073
NVDA,calibrated_random_forest,3,2024-04-18,-1,1,0.5468018796059683,0.5468018796059683,0.3586178826158936,0.18818399699007465
NVDA,calibrated_random_forest,3,2024-04-19,1,1,0.5513108661591989,0.5513108661591989,0.3510217184406626,0.2002891477185363
NVDA,calibrated_random_forest,3,2024-04-22,1,1,0.5627355937071342,0.5627355937071342,0.34639074352087135,0.21634485018626287
NVDA,calibrated_random_forest,3,2024-04-23,1,1,0.5606038809178492,0.5606038809178492,0.3497379990556589,0.2108658818621903
NVDA,calibrated_random_forest,3,2024-04-24,1,1,0.5527059512983292,0.5527059512983292,0.3537385913469581,0.1989673599513711
NVDA,calibrated_random_forest,3,2024-04-25,1,1,0.564451092185874,0.564451092185874,0.3415640954625963,0.22288699672327766
NVDA,calibrated_random_forest,3,2024-04-26,0,1,0.54111693277539,0.54111693277539,0.35617634139316223,0.18494059138222774
NVDA,calibrated_random_forest,3,2024-04-29,1,1,0.5394909825706297,0.5394909825706297,0.3540557753102682,0.18543520726036145
NVDA,calibrated_random_forest,3,2024-04-30,1,1,0.5396621905547584,0.5396621905547584,0.3550995722755119,0.18456261827924647
NVDA,calibrated_random_forest,3,2024-05-01,1,1,0.536151550565136,0.536151550565136,0.3636001377420579,0.17255141282307807
NVDA,calibrated_random_forest,3,2024-05-02,1,1,0.5325980319155948,0.5325980319155948,0.37540258512175906,0.1571954467938358
NVDA,calibrated_random_forest,3,2024-05-03,0,1,0.5410162213731536,0.5410162213731536,0.3627452486568065,0.17827097271634712
NVDA,calibrated_random_forest,3,2024-05-06,0,1,0.5407242544118971,0.5407242544118971,0.36028916101668224,0.18043509339521485
NVDA,calibrated_random_forest,3,2024-05-07,0,1,0.5373557176834071,0.5373557176834071,0.35584371889817046,0.1815119987852366
NVDA,calibrated_random_forest,3,2024-05-08,1,1,0.5335825417016457,0.5335825417016457,0.3645252396722709,0.16905730202937475
NVDA,calibrated_random_forest,3,2024-05-09,1,1,0.529166860193219,0.529166860193219,0.3646445364715947,0.1645223237216243
NVDA,calibrated_random_forest,3,2024-05-10,1,1,0.5239636321219581,0.5239636321219581,0.3709416343802709,0.15302199774168718
NVDA,calibrated_random_forest,3,2024-05-13,1,1,0.5231407793570771,0.5231407793570771,0.3686582569172967,0.15448252243978045
NVDA,calibrated_random_forest,3,2024-05-14,1,1,0.5389332262475172,0.5389332262475172,0.35340946596511724,0.18552376028239992
NVDA,calibrated_random_forest,3,2024-05-15,0,1,0.5340522454589179,0.5340522454589179,0.3591327907024214,0.17491945475649656
NVDA,calibrated_random_forest,3,2024-05-16,1,1,0.5232823784927341,0.5232823784927341,0.35398835283845315,0.16929402565428092
NVDA,calibrated_random_forest,3,2024-05-17,1,1,0.5250283166560058,0.5250283166560058,0.35556066831265215,0.16946764834335365
NVDA,calibrated_random_forest,3,2024-05-20,1,1,0.5118410332148925,0.5118410332148925,0.3749028486945482,0.13693818452034429
NVDA,calibrated_random_forest,3,2024-05-21,1,1,0.5112228108221822,0.5112228108221822,0.3742084302052606,0.13701438061692162
NVDA,calibrated_random_forest,3,2024-05-22,1,1,0.5294529330386971,0.5294529330386971,0.34931311620924665,0.18013981682945046
