signal_date,trade_date,trade_price,market_close,predicted_signal,confidence,bullish_probability,trend_filter_passed,target_allocation,action,cash,shares,position_value,portfolio_value,explanation
2024-05-31,2024-06-03,113.56306583418551,114.94136047363281,BULLISH_SIGNAL,0.9536278151690629,0.9536278151690629,True,0.21687701083504493,BUY,7839.064122925076,19,2183.8858489990234,10022.9499719241,"Conservative trader saw BULLISH_SIGNAL with bullish_probability=0.95, confidence=0.95, probability_margin=0.93, trend_filter_passed=True, rule=bullish_signal, target_allocation=21.69%."
2024-06-03,2024-06-04,115.65699910856021,116.37762451171875,BULLISH_SIGNAL,0.46397949553015355,0.46397949553015355,True,0.2189481063414373,HOLD,7839.064122925076,19,2211.1748657226562,10050.238988647732,"Conservative trader saw BULLISH_SIGNAL with bullish_probability=0.46, confidence=0.46, probability_margin=0.13, trend_filter_passed=True, rule=neutral_hold, target_allocation=21.89%."
2024-06-04,2024-06-05,118.31064561773049,122.37757110595703,NEUTRAL_SIGNAL,0.5245722065566477,0.3830821286553919,True,0.22285216187899018,HOLD,7839.064122925076,19,2325.1738510131836,10164.23797393826,"Conservative trader saw NEUTRAL_SIGNAL with bullish_probability=0.38, confidence=0.52, probability_margin=0.14, trend_filter_passed=True, rule=neutral_hold, target_allocation=22.29%."
2024-06-05,2024-06-06,123.98473454180629,120.93629455566406,BULLISH_SIGNAL,0.5099580340185693,0.5099580340185693,True,0.23107034427531858,HOLD,7839.064122925076,19,2297.789596557617,10136.853719482693,"Conservative trader saw BULLISH_SIGNAL with bullish_probability=0.51, confidence=0.51, probability_margin=0.25, trend_filter_passed=True, rule=neutral_hold, target_allocation=23.11%."
2024-06-06,2024-06-07,119.70892124903274,120.82635498046875,NEUTRAL_SIGNAL,0.6349331541970419,0.2651680639651452,True,0.22489365118999555,HOLD,7839.064122925076,19,2295.7007446289062,10134.764867553982,"Conservative trader saw NEUTRAL_SIGNAL with bullish_probability=0.27, confidence=0.63, probability_margin=0.37, trend_filter_passed=True, rule=neutral_hold, target_allocation=22.49%."
2024-06-07,2024-06-10,120.30862356189567,121.72789764404297,NEUTRAL_SIGNAL,0.6330274841032093,0.31246137582751865,True,0.22576593673686268,HOLD,7839.064122925076,19,2312.8300552368164,10151.894178161892,"Conservative trader saw NEUTRAL_SIGNAL with bullish_probability=0.31, confidence=0.63, probability_margin=0.32, trend_filter_passed=True, rule=neutral_hold, target_allocation=22.58%."
2024-06-10,2024-06-11,121.71790142895497,120.8582763671875,BULLISH_SIGNAL,0.4911394259952664,0.4911394259952664,True,0.22780806751073432,HOLD,7839.064122925076,19,2296.3072509765625,10135.371373901638,"Conservative trader saw BULLISH_SIGNAL with bullish_probability=0.49, confidence=0.49, probability_margin=0.11, trend_filter_passed=True, rule=neutral_hold, target_allocation=22.78%."
2024-06-11,2024-06-12,123.00735466296415,125.14643859863281,BULLISH_SIGNAL,0.6738842555184908,0.6738842555184908,True,0.017060182513207733,REDUCE,10049.876415348723,1,125.14643859863281,10175.022853947356,"Conservative trader saw BULLISH_SIGNAL with bullish_probability=0.67, confidence=0.67, probability_margin=0.36, trend_filter_passed=True, rule=bullish_signal, target_allocation=1.71%."
2024-06-12,2024-06-13,129.33464307228707,129.55455017089844,BULLISH_SIGNAL,0.8481488536969923,0.8481488536969923,True,0.14153489549785167,BUY,8754.589318306553,11,1425.1000518798828,10179.689370186436,"Conservative trader saw BULLISH_SIGNAL with bullish_probability=0.85, confidence=0.85, probability_margin=0.74, trend_filter_passed=True, rule=bullish_signal, target_allocation=14.15%."
2024-06-13,2024-06-14,129.90441625095465,131.82359313964844,NEUTRAL_SIGNAL,0.7062879372773352,0.23852662762041968,True,0.1403194639430812,HOLD,8754.589318306553,11,1450.0595245361328,10204.648842842686,"Conservative trader saw NEUTRAL_SIGNAL with bullish_probability=0.24, confidence=0.71, probability_margin=0.47, trend_filter_passed=True, rule=neutral_hold, target_allocation=14.03%."
2024-06-14,2024-06-17,132.9331153831068,130.92396545410156,NEUTRAL_SIGNAL,0.4825294491393753,0.4180035475990344,True,0.14312275855653278,HOLD,8754.589318306553,11,1440.1636199951172,10194.75293830167,"Conservative trader saw NEUTRAL_SIGNAL with bullish_probability=0.42, confidence=0.48, probability_margin=0.06, trend_filter_passed=True, rule=neutral_hold, target_allocation=14.31%."
2024-06-17,2024-06-18,131.08388532556722,135.52198791503906,NEUTRAL_SIGNAL,0.8251463071586439,0.1300766901425066,True,0.14141333139573092,HOLD,8754.589318306553,11,1490.7418670654297,10245.331185371982,"Conservative trader saw NEUTRAL_SIGNAL with bullish_probability=0.13, confidence=0.83, probability_margin=0.70, trend_filter_passed=True, rule=neutral_hold, target_allocation=14.14%."
2024-06-18,2024-06-20,139.74020619139688,130.72406005859375,BEARISH_SIGNAL,0.48871692463505045,0.12261331145152823,True,0.0,EXIT TO CASH,10289.426641580894,0,0.0,10289.426641580894,"Conservative trader saw BEARISH_SIGNAL with bullish_probability=0.12, confidence=0.49, probability_margin=0.10, trend_filter_passed=True, rule=bearish_exit, target_allocation=0.00%."
2024-06-20,2024-06-21,127.0656139833598,126.5158462524414,BULLISH_SIGNAL,0.7195348693137343,0.7195348693137343,True,0.04966776379552451,HOLD,10289.426641580894,0,0.0,10289.426641580894,"Conservative trader saw BULLISH_SIGNAL with bullish_probability=0.72, confidence=0.72, probability_margin=0.51, trend_filter_passed=True, rule=bullish_signal, target_allocation=4.97%."
2024-06-21,2024-06-24,123.18725776161229,118.05945587158203,BULLISH_SIGNAL,0.7031045652005113,0.7031045652005113,True,0.03793183228607952,HOLD,10289.426641580894,0,0.0,10289.426641580894,"Conservative trader saw BULLISH_SIGNAL with bullish_probability=0.70, confidence=0.70, probability_margin=0.54, trend_filter_passed=True, rule=bullish_signal, target_allocation=3.79%."
2024-06-24,2024-06-25,121.14814167969276,126.03604888916016,BEARISH_SIGNAL,0.636693447114124,0.2644976703572694,True,0.0,HOLD,10289.426641580894,0,0.0,10289.426641580894,"Conservative trader saw BEARISH_SIGNAL with bullish_probability=0.26, confidence=0.64, probability_margin=0.37, trend_filter_passed=True, rule=bearish_exit, target_allocation=0.00%."
2024-06-25,2024-06-26,126.07603561970313,126.3459243774414,NEUTRAL_SIGNAL,0.502557380782779,0.20894479601049926,True,0.0,HOLD,10289.426641580894,0,0.0,10289.426641580894,"Conservative trader saw NEUTRAL_SIGNAL with bullish_probability=0.21, confidence=0.50, probability_margin=0.21, trend_filter_passed=True, rule=neutral_hold, target_allocation=0.00%."
2024-06-26,2024-06-27,124.04689659574252,123.93694305419922,BULLISH_SIGNAL,0.5227450367843328,0.5227450367843328,True,0.0,HOLD,10289.426641580894,0,0.0,10289.426641580894,"Conservative trader saw BULLISH_SIGNAL with bullish_probability=0.52, confidence=0.52, probability_margin=0.07, trend_filter_passed=True, rule=neutral_hold, target_allocation=0.00%."
2024-06-27,2024-06-28,124.52670042256338,123.48714447021484,BULLISH_SIGNAL,0.7818629892071258,0.7818629892071258,True,0.09418784943366129,BUY,9416.431772425061,7,864.4100112915039,10280.841783716565,"Conservative trader saw BULLISH_SIGNAL with bullish_probability=0.78, confidence=0.78, probability_margin=0.57, trend_filter_passed=True, rule=bullish_signal, target_allocation=9.42%."
2024-06-28,2024-07-01,123.41718700299181,124.24683380126953,BULLISH_SIGNAL,0.5818876204952629,0.5818876204952629,True,0.08403606240102879,HOLD,9416.431772425061,7,869.7278366088867,10286.159609033948,"Conservative trader saw BULLISH_SIGNAL with bullish_probability=0.58, confidence=0.58, probability_margin=0.20, trend_filter_passed=True, rule=neutral_hold, target_allocation=8.40%."
2024-07-01,2024-07-02,121.07817351581278,122.61751556396484,BULLISH_SIGNAL,0.6151996226427279,0.6151996226427279,True,0.08257491716236084,HOLD,9416.431772425061,7,858.3226089477539,10274.754381372815,"Conservative trader saw BULLISH_SIGNAL with bullish_probability=0.62, confidence=0.62, probability_margin=0.24, trend_filter_passed=True, rule=neutral_hold, target_allocation=8.26%."
2024-07-02,2024-07-03,121.60795022813568,128.22511291503906,BEARISH_SIGNAL,0.49495955633086663,0.43886279012603935,True,0.0,EXIT TO CASH,10266.410966172441,0,0.0,10266.410966172441,"Conservative trader saw BEARISH_SIGNAL with bullish_probability=0.44, confidence=0.49, probability_margin=0.06, trend_filter_passed=True, rule=bearish_exit, target_allocation=0.00%."
2024-07-03,2024-07-05,127.32550112143423,125.77616882324219,BEARISH_SIGNAL,0.8706692962953616,0.11444853260078418,True,0.0,HOLD,10266.410966172441,0,0.0,10266.410966172441,"Conservative trader saw BEARISH_SIGNAL with bullish_probability=0.11, confidence=0.87, probability_margin=0.76, trend_filter_passed=True, rule=bearish_exit, target_allocation=0.00%."
2024-07-05,2024-07-08,127.43544631776729,128.1451416015625,BEARISH_SIGNAL,0.6335206050298627,0.2829598439360237,True,0.0,HOLD,10266.410966172441,0,0.0,10266.410966172441,"Conservative trader saw BEARISH_SIGNAL with bullish_probability=0.28, confidence=0.63, probability_margin=0.35, trend_filter_passed=True, rule=bearish_exit, target_allocation=0.00%."
2024-07-08,2024-07-09,130.29424856790877,131.3238067626953,BEARISH_SIGNAL,0.4618259429034944,0.23546295394421293,True,0.0,HOLD,10266.410966172441,0,0.0,10266.410966172441,"Conservative trader saw BEARISH_SIGNAL with bullish_probability=0.24, confidence=0.46, probability_margin=0.16, trend_filter_passed=True, rule=bearish_exit, target_allocation=0.00%."
2024-07-09,2024-07-10,133.9726664675838,134.852294921875,BEARISH_SIGNAL,0.49537835345668096,0.3649269807891985,True,0.0,HOLD,10266.410966172441,0,0.0,10266.410966172441,"Conservative trader saw BEARISH_SIGNAL with bullish_probability=0.36, confidence=0.50, probability_margin=0.13, trend_filter_passed=True, rule=bearish_exit, target_allocation=0.00%."
2024-07-10,2024-07-11,135.69193143030844,127.34550476074219,BULLISH_SIGNAL,0.776221331759088,0.776221331759088,True,0.09015809411363429,BUY,9451.037743131923,6,764.0730285644531,10215.110771696376,"Conservative trader saw BULLISH_SIGNAL with bullish_probability=0.78, confidence=0.78, probability_margin=0.63, trend_filter_passed=True, rule=bullish_signal, target_allocation=9.02%."
2024-07-11,2024-07-12,128.20513111513003,129.18472290039062,BULLISH_SIGNAL,0.5674429988283882,0.5674429988283882,True,0.07526522267454792,HOLD,9451.037743131923,6,775.1083374023438,10226.146080534267,"Conservative trader saw BULLISH_SIGNAL with bullish_probability=0.57, confidence=0.57, probability_margin=0.30, trend_filter_passed=True, rule=neutral_hold, target_allocation=7.53%."
2024-07-12,2024-07-15,130.50415923151834,128.38507080078125,BULLISH_SIGNAL,0.6568329103086709,0.6568329103086709,True,0.004880650220479169,EXIT TO CASH,10232.888552600427,0,0.0,10232.888552600427,"Conservative trader saw BULLISH_SIGNAL with bullish_probability=0.66, confidence=0.66, probability_margin=0.47, trend_filter_passed=True, rule=bullish_signal, target_allocation=0.49%."
2024-07-15,2024-07-16,128.38505064333017,126.30593872070312,BULLISH_SIGNAL,0.8060170511012744,0.8060170511012744,True,0.11144075078662458,BUY,9204.267013305864,8,1010.447509765625,10214.714523071489,"Conservative trader saw BULLISH_SIGNAL with bullish_probability=0.81, confidence=0.81, probability_margin=0.69, trend_filter_passed=True, rule=bullish_signal, target_allocation=11.14%."
2024-07-16,2024-07-17,121.29808499297587,117.93952178955078,BEARISH_SIGNAL,0.6126615186037806,0.27723351956036746,True,0.0,EXIT TO CASH,10173.196601422094,0,0.0,10173.196601422094,"Conservative trader saw BEARISH_SIGNAL with bullish_probability=0.28, confidence=0.61, probability_margin=0.34, trend_filter_passed=True, rule=bearish_exit, target_allocation=0.00%."
2024-07-17,2024-07-18,121.79786974825338,121.03819274902344,NEUTRAL_SIGNAL,0.5082154717386569,0.41082105937544566,True,0.0,HOLD,10173.196601422094,0,0.0,10173.196601422094,"Conservative trader saw NEUTRAL_SIGNAL with bullish_probability=0.41, confidence=0.51, probability_margin=0.10, trend_filter_passed=True, rule=neutral_hold, target_allocation=0.00%."
2024-07-18,2024-07-19,120.29850995680886,117.87954711914062,BEARISH_SIGNAL,0.7834249609582152,0.21068975795343434,True,0.0,HOLD,10173.196601422094,0,0.0,10173.196601422094,"Conservative trader saw BEARISH_SIGNAL with bullish_probability=0.21, confidence=0.78, probability_margin=0.57, trend_filter_passed=True, rule=bearish_exit, target_allocation=0.00%."
2024-07-19,2024-07-22,120.2985068676328,123.48714447021484,BULLISH_SIGNAL,0.47735296701792873,0.47735296701792873,True,0.0,HOLD,10173.196601422094,0,0.0,10173.196601422094,"Conservative trader saw BULLISH_SIGNAL with bullish_probability=0.48, confidence=0.48, probability_margin=0.07, trend_filter_passed=True, rule=neutral_hold, target_allocation=0.00%."
2024-07-22,2024-07-23,122.72746539631609,122.53754425048828,BULLISH_SIGNAL,0.4985851974267248,0.4985851974267248,True,0.0,HOLD,10173.196601422094,0,0.0,10173.196601422094,"Conservative trader saw BULLISH_SIGNAL with bullish_probability=0.50, confidence=0.50, probability_margin=0.18, trend_filter_passed=True, rule=neutral_hold, target_allocation=0.00%."
2024-07-23,2024-07-24,119.11901958919532,114.20112609863281,NEUTRAL_SIGNAL,0.40119069590695444,0.29236326272362156,True,0.0,HOLD,10173.196601422094,0,0.0,10173.196601422094,"Conservative trader saw NEUTRAL_SIGNAL with bullish_probability=0.29, confidence=0.40, probability_margin=0.09, trend_filter_passed=True, rule=neutral_hold, target_allocation=0.00%."
2024-07-24,2024-07-25,112.99163342891377,112.2319564819336,BULLISH_SIGNAL,0.8427359318536733,0.8427359318536733,False,0.0,HOLD,10173.196601422094,0,0.0,10173.196601422094,"Conservative trader saw BULLISH_SIGNAL with bullish_probability=0.84, confidence=0.84, probability_margin=0.75, trend_filter_passed=False, rule=neutral_hold, target_allocation=0.00%."
2024-07-25,2024-07-26,116.14029297278634,113.01162719726562,BULLISH_SIGNAL,0.9618852163359058,0.9618852163359058,False,0.0,HOLD,10173.196601422094,0,0.0,10173.196601422094,"Conservative trader saw BULLISH_SIGNAL with bullish_probability=0.96, confidence=0.96, probability_margin=0.94, trend_filter_passed=False, rule=neutral_hold, target_allocation=0.00%."
2024-07-26,2024-07-29,113.64136695751597,111.5422592163086,BULLISH_SIGNAL,0.9881851120138911,0.9881851120138911,False,0.0,HOLD,10173.196601422094,0,0.0,10173.196601422094,"Conservative trader saw BULLISH_SIGNAL with bullish_probability=0.99, confidence=0.99, probability_margin=0.98, trend_filter_passed=False, rule=neutral_hold, target_allocation=0.00%."
2024-07-29,2024-07-30,111.47228355856528,103.68562316894531,BULLISH_SIGNAL,0.9206261938527456,0.9206261938527456,False,0.0,HOLD,10173.196601422094,0,0.0,10173.196601422094,"Conservative trader saw BULLISH_SIGNAL with bullish_probability=0.92, confidence=0.92, probability_margin=0.86, trend_filter_passed=False, rule=neutral_hold, target_allocation=0.00%."
2024-07-30,2024-07-31,112.85168535455355,116.96991729736328,BULLISH_SIGNAL,0.9385711421046702,0.9385711421046702,False,0.0,HOLD,10173.196601422094,0,0.0,10173.196601422094,"Conservative trader saw BULLISH_SIGNAL with bullish_probability=0.94, confidence=0.94, probability_margin=0.88, trend_filter_passed=False, rule=neutral_hold, target_allocation=0.00%."
2024-07-31,2024-08-01,117.47971689042026,109.16327667236328,BULLISH_SIGNAL,0.7693391730669555,0.7693391730669555,False,0.0,HOLD,10173.196601422094,0,0.0,10173.196601422094,"Conservative trader saw BULLISH_SIGNAL with bullish_probability=0.77, confidence=0.77, probability_margin=0.63, trend_filter_passed=False, rule=neutral_hold, target_allocation=0.00%."
2024-08-01,2024-08-02,103.71561292679569,107.22410583496094,NEUTRAL_SIGNAL,0.6260352898543322,0.3286022259427549,False,0.0,HOLD,10173.196601422094,0,0.0,10173.196601422094,"Conservative trader saw NEUTRAL_SIGNAL with bullish_probability=0.33, confidence=0.63, probability_margin=0.30, trend_filter_passed=False, rule=neutral_hold, target_allocation=0.00%."
2024-08-02,2024-08-05,92.020610744235,100.40702056884766,BULLISH_SIGNAL,0.9393126232398842,0.9393126232398842,False,0.0,HOLD,10173.196601422094,0,0.0,10173.196601422094,"Conservative trader saw BULLISH_SIGNAL with bullish_probability=0.94, confidence=0.94, probability_margin=0.88, trend_filter_passed=False, rule=neutral_hold, target_allocation=0.00%."
2024-08-05,2024-08-06,103.79557030996848,104.20539855957031,NEUTRAL_SIGNAL,0.7064619309135429,0.24981000651050211,False,0.0,HOLD,10173.196601422094,0,0.0,10173.196601422094,"Conservative trader saw NEUTRAL_SIGNAL with bullish_probability=0.25, confidence=0.71, probability_margin=0.46, trend_filter_passed=False, rule=neutral_hold, target_allocation=0.00%."
2024-08-06,2024-08-07,107.76386930019544,98.86768341064453,BULLISH_SIGNAL,0.6612801771870835,0.6612801771870835,False,0.0,HOLD,10173.196601422094,0,0.0,10173.196601422094,"Conservative trader saw BULLISH_SIGNAL with bullish_probability=0.66, confidence=0.66, probability_margin=0.47, trend_filter_passed=False, rule=neutral_hold, target_allocation=0.00%."
2024-08-07,2024-08-08,101.95636396303468,104.92509460449219,BULLISH_SIGNAL,0.938070497111202,0.938070497111202,False,0.0,HOLD,10173.196601422094,0,0.0,10173.196601422094,"Conservative trader saw BULLISH_SIGNAL with bullish_probability=0.94, confidence=0.94, probability_margin=0.88, trend_filter_passed=False, rule=neutral_hold, target_allocation=0.00%."
2024-08-08,2024-08-09,105.59480355882924,104.70518493652344,BULLISH_SIGNAL,0.8280020627515671,0.8280020627515671,False,0.0,HOLD,10173.196601422094,0,0.0,10173.196601422094,"Conservative trader saw BULLISH_SIGNAL with bullish_probability=0.83, confidence=0.83, probability_margin=0.72, trend_filter_passed=False, rule=neutral_hold, target_allocation=0.00%."
2024-08-09,2024-08-12,106.27452369861088,108.9733657836914,NEUTRAL_SIGNAL,0.561134366404885,0.26293169676501527,False,0.0,HOLD,10173.196601422094,0,0.0,10173.196601422094,"Conservative trader saw NEUTRAL_SIGNAL with bullish_probability=0.26, confidence=0.56, probability_margin=0.30, trend_filter_passed=False, rule=neutral_hold, target_allocation=0.00%."
2024-08-12,2024-08-13,112.3918952304853,116.0903091430664,BULLISH_SIGNAL,0.6070042792870599,0.6070042792870599,False,0.0,HOLD,10173.196601422094,0,0.0,10173.196601422094,"Conservative trader saw BULLISH_SIGNAL with bullish_probability=0.61, confidence=0.61, probability_margin=0.23, trend_filter_passed=False, rule=neutral_hold, target_allocation=0.00%."
2024-08-13,2024-08-14,118.47929970941885,118.02949523925781,NEUTRAL_SIGNAL,0.6873759336290614,0.31068411515601757,False,0.0,HOLD,10173.196601422094,0,0.0,10173.196601422094,"Conservative trader saw NEUTRAL_SIGNAL with bullish_probability=0.31, confidence=0.69, probability_margin=0.38, trend_filter_passed=False, rule=neutral_hold, target_allocation=0.00%."
2024-08-14,2024-08-15,118.7091971963176,122.80744171142578,NEUTRAL_SIGNAL,0.5837801729160755,0.36440687370740776,False,0.0,HOLD,10173.196601422094,0,0.0,10173.196601422094,"Conservative trader saw NEUTRAL_SIGNAL with bullish_probability=0.36, confidence=0.58, probability_margin=0.22, trend_filter_passed=False, rule=neutral_hold, target_allocation=0.00%."
2024-08-15,2024-08-16,121.88783295977665,124.52670288085938,NEUTRAL_SIGNAL,0.7302756250660636,0.1614797098679722,True,0.0,HOLD,10173.196601422094,0,0.0,10173.196601422094,"Conservative trader saw NEUTRAL_SIGNAL with bullish_probability=0.16, confidence=0.73, probability_margin=0.57, trend_filter_passed=True, rule=neutral_hold, target_allocation=0.00%."
2024-08-16,2024-08-19,124.22681311087396,129.94436645507812,BULLISH_SIGNAL,0.5537157230361754,0.5537157230361754,True,0.0,HOLD,10173.196601422094,0,0.0,10173.196601422094,"Conservative trader saw BULLISH_SIGNAL with bullish_probability=0.55, confidence=0.55, probability_margin=0.30, trend_filter_passed=True, rule=neutral_hold, target_allocation=0.00%."
2024-08-19,2024-08-20,128.345066215563,127.19556427001953,NEUTRAL_SIGNAL,0.5698830171077445,0.10033282674931161,True,0.0,HOLD,10173.196601422094,0,0.0,10173.196601422094,"Conservative trader saw NEUTRAL_SIGNAL with bullish_probability=0.10, confidence=0.57, probability_margin=0.24, trend_filter_passed=True, rule=neutral_hold, target_allocation=0.00%."
2024-08-20,2024-08-21,127.26551201028192,128.44500732421875,BULLISH_SIGNAL,0.7008461924948381,0.7008461924948381,True,0.036318708924884376,HOLD,10173.196601422094,0,0.0,10173.196601422094,"Conservative trader saw BULLISH_SIGNAL with bullish_probability=0.70, confidence=0.70, probability_margin=0.44, trend_filter_passed=True, rule=bullish_signal, target_allocation=3.63%."
2024-08-21,2024-08-22,129.96437709388331,123.68705749511719,BULLISH_SIGNAL,0.921605457381514,0.921605457381514,True,0.19400389812965285,BUY,8220.805771796404,15,1855.3058624267578,10076.111634223162,"Conservative trader saw BULLISH_SIGNAL with bullish_probability=0.92, confidence=0.92, probability_margin=0.87, trend_filter_passed=True, rule=bullish_signal, target_allocation=19.40%."
2024-08-22,2024-08-23,125.80614369005178,129.31463623046875,BULLISH_SIGNAL,0.7702763122566744,0.7702763122566744,True,0.08591165161191025,REDUCE,9351.3632481947,6,775.8878173828125,10127.251065577513,"Conservative trader saw BULLISH_SIGNAL with bullish_probability=0.77, confidence=0.77, probability_margin=0.65, trend_filter_passed=True, rule=bullish_signal, target_allocation=8.59%."
2024-08-23,2024-08-26,129.5145768150302,126.40589904785156,BULLISH_SIGNAL,0.8859230694645565,0.8859230694645565,True,0.1685164781889689,BUY,8443.400854131913,13,1643.2766876220703,10086.677541753983,"Conservative trader saw BULLISH_SIGNAL with bullish_probability=0.89, confidence=0.89, probability_margin=0.82, trend_filter_passed=True, rule=bullish_signal, target_allocation=16.85%."
2024-08-26,2024-08-27,124.99650751528328,128.2451171875,BEARISH_SIGNAL,0.5784867611911091,0.3813058560762824,True,0.0,EXIT TO CASH,10065.918832411346,0,0.0,10065.918832411346,"Conservative trader saw BEARISH_SIGNAL with bullish_probability=0.38, confidence=0.58, probability_margin=0.20, trend_filter_passed=True, rule=bearish_exit, target_allocation=0.00%."
2024-08-27,2024-08-28,128.06518755846798,125.55626678466797,BULLISH_SIGNAL,0.6689746640496238,0.6689746640496238,True,0.013553331464016986,HOLD,10065.918832411346,0,0.0,10065.918832411346,"Conservative trader saw BULLISH_SIGNAL with bullish_probability=0.67, confidence=0.67, probability_margin=0.45, trend_filter_passed=True, rule=bullish_signal, target_allocation=1.36%."
2024-08-28,2024-08-29,121.30807159752445,117.53968048095703,BULLISH_SIGNAL,0.5729036649101651,0.5729036649101651,True,0.0,HOLD,10065.918832411346,0,0.0,10065.918832411346,"Conservative trader saw BULLISH_SIGNAL with bullish_probability=0.57, confidence=0.57, probability_margin=0.27, trend_filter_passed=True, rule=neutral_hold, target_allocation=0.00%."
2024-08-29,2024-08-30,119.47885915972935,119.31893157958984,NEUTRAL_SIGNAL,0.5580970267148584,0.378805723860208,False,0.0,HOLD,10065.918832411346,0,0.0,10065.918832411346,"Conservative trader saw NEUTRAL_SIGNAL with bullish_probability=0.38, confidence=0.56, probability_margin=0.18, trend_filter_passed=False, rule=neutral_hold, target_allocation=0.00%."
2024-08-30,2024-09-03,115.96037175405029,107.95379638671875,BEARISH_SIGNAL,0.7326171897626415,0.21682200244918595,False,0.0,HOLD,10065.918832411346,0,0.0,10065.918832411346,"Conservative trader saw BEARISH_SIGNAL with bullish_probability=0.22, confidence=0.73, probability_margin=0.52, trend_filter_passed=False, rule=bearish_exit, target_allocation=0.00%."
2024-09-03,2024-09-04,105.36490525672457,106.16455841064453,BULLISH_SIGNAL,0.8092481050073645,0.8092481050073645,False,0.0,HOLD,10065.918832411346,0,0.0,10065.918832411346,"Conservative trader saw BULLISH_SIGNAL with bullish_probability=0.81, confidence=0.81, probability_margin=0.70, trend_filter_passed=False, rule=neutral_hold, target_allocation=0.00%."
2024-09-04,2024-09-05,104.94507973247826,107.16413116455078,BULLISH_SIGNAL,0.9434256317524979,0.9434256317524979,False,0.0,HOLD,10065.918832411346,0,0.0,10065.918832411346,"Conservative trader saw BULLISH_SIGNAL with bullish_probability=0.94, confidence=0.94, probability_margin=0.91, trend_filter_passed=False, rule=neutral_hold, target_allocation=0.00%."
2024-09-05,2024-09-06,107.9937729521253,102.78600311279297,BULLISH_SIGNAL,0.5090558932870244,0.5090558932870244,False,0.0,HOLD,10065.918832411346,0,0.0,10065.918832411346,"Conservative trader saw BULLISH_SIGNAL with bullish_probability=0.51, confidence=0.51, probability_margin=0.03, trend_filter_passed=False, rule=neutral_hold, target_allocation=0.00%."
2024-09-06,2024-09-09,104.83512996607128,106.42445373535156,BULLISH_SIGNAL,0.8839820156019954,0.8839820156019954,False,0.0,HOLD,10065.918832411346,0,0.0,10065.918832411346,"Conservative trader saw BULLISH_SIGNAL with bullish_probability=0.88, confidence=0.88, probability_margin=0.82, trend_filter_passed=False, rule=neutral_hold, target_allocation=0.00%."
2024-09-09,2024-09-10,107.76386463370491,108.05374145507812,BULLISH_SIGNAL,0.5784772996458097,0.5784772996458097,False,0.0,HOLD,10065.918832411346,0,0.0,10065.918832411346,"Conservative trader saw BULLISH_SIGNAL with bullish_probability=0.58, confidence=0.58, probability_margin=0.23, trend_filter_passed=False, rule=neutral_hold, target_allocation=0.00%."
2024-09-10,2024-09-11,109.34319840779227,116.8599853515625,BULLISH_SIGNAL,0.8128137095298879,0.8128137095298879,False,0.0,HOLD,10065.918832411346,0,0.0,10065.918832411346,"Conservative trader saw BULLISH_SIGNAL with bullish_probability=0.81, confidence=0.81, probability_margin=0.63, trend_filter_passed=False, rule=neutral_hold, target_allocation=0.00%."
2024-09-11,2024-09-12,116.80000446674823,119.0992202758789,BULLISH_SIGNAL,0.953575395569248,0.953575395569248,False,0.0,HOLD,10065.918832411346,0,0.0,10065.918832411346,"Conservative trader saw BULLISH_SIGNAL with bullish_probability=0.95, confidence=0.95, probability_margin=0.91, trend_filter_passed=False, rule=neutral_hold, target_allocation=0.00%."
2024-09-12,2024-09-13,119.0392295640139,119.05921936035156,BULLISH_SIGNAL,0.9164136492684781,0.9164136492684781,True,0.19029546376319867,BUY,8158.433265563751,16,1904.947509765625,10063.380775329377,"Conservative trader saw BULLISH_SIGNAL with bullish_probability=0.92, confidence=0.92, probability_margin=0.86, trend_filter_passed=True, rule=bullish_signal, target_allocation=19.03%."
2024-09-13,2024-09-16,116.75001183404176,116.7400131225586,BULLISH_SIGNAL,0.7852174998248518,0.7852174998248518,True,0.09658392844632269,REDUCE,9091.032827094125,8,933.9201049804688,10024.952932074593,"Conservative trader saw BULLISH_SIGNAL with bullish_probability=0.79, confidence=0.79, probability_margin=0.66, trend_filter_passed=True, rule=bullish_signal, target_allocation=9.66%."
2024-09-16,2024-09-17,118.12954900355818,115.55043029785156,BULLISH_SIGNAL,0.4217208398093428,0.4217208398093428,False,0.09416399701865408,HOLD,9091.032827094125,8,924.4034423828125,10015.436269476937,"Conservative trader saw BULLISH_SIGNAL with bullish_probability=0.42, confidence=0.42, probability_margin=0.04, trend_filter_passed=False, rule=neutral_hold, target_allocation=9.42%."
2024-09-17,2024-09-18,115.850318172966,113.33118438720703,BEARISH_SIGNAL,0.5594835647062206,0.23264225543598027,False,0.0,EXIT TO CASH,10016.44563206105,0,0.0,10016.44563206105,"Conservative trader saw BEARISH_SIGNAL with bullish_probability=0.23, confidence=0.56, probability_margin=0.33, trend_filter_passed=False, rule=bearish_exit, target_allocation=0.00%."
2024-09-18,2024-09-19,117.30982462581498,117.82965087890625,BULLISH_SIGNAL,0.6740545262581247,0.6740545262581247,False,0.0,HOLD,10016.44563206105,0,0.0,10016.44563206105,"Conservative trader saw BULLISH_SIGNAL with bullish_probability=0.67, confidence=0.67, probability_margin=0.38, trend_filter_passed=False, rule=neutral_hold, target_allocation=0.00%."
2024-09-19,2024-09-20,117.01992368452845,115.96028900146484,NEUTRAL_SIGNAL,0.5241251337283782,0.43737874601302684,True,0.0,HOLD,10016.44563206105,0,0.0,10016.44563206105,"Conservative trader saw NEUTRAL_SIGNAL with bullish_probability=0.44, confidence=0.52, probability_margin=0.09, trend_filter_passed=True, rule=neutral_hold, target_allocation=0.00%."
2024-09-20,2024-09-23,116.51010886475667,116.22020721435547,NEUTRAL_SIGNAL,0.4764988812585834,0.25985263711073303,False,0.0,HOLD,10016.44563206105,0,0.0,10016.44563206105,"Conservative trader saw NEUTRAL_SIGNAL with bullish_probability=0.26, confidence=0.48, probability_margin=0.21, trend_filter_passed=False, rule=neutral_hold, target_allocation=0.00%."
2024-09-23,2024-09-24,116.4801041033547,120.82862091064453,BEARISH_SIGNAL,0.4464299179347113,0.31304307437264245,True,0.0,HOLD,10016.44563206105,0,0.0,10016.44563206105,"Conservative trader saw BEARISH_SIGNAL with bullish_probability=0.31, confidence=0.45, probability_margin=0.13, trend_filter_passed=True, rule=bearish_exit, target_allocation=0.00%."
2024-09-24,2024-09-25,121.9782246233193,123.46772003173828,NEUTRAL_SIGNAL,0.5747602571157422,0.34833976459483357,True,0.0,HOLD,10016.44563206105,0,0.0,10016.44563206105,"Conservative trader saw NEUTRAL_SIGNAL with bullish_probability=0.35, confidence=0.57, probability_margin=0.23, trend_filter_passed=True, rule=neutral_hold, target_allocation=0.00%."
2024-09-25,2024-09-26,126.75660075164774,123.99754333496094,BULLISH_SIGNAL,0.7769190964240047,0.7769190964240047,True,0.09065649744571763,BUY,9127.818038843521,7,867.9828033447266,9995.800842188248,"Conservative trader saw BULLISH_SIGNAL with bullish_probability=0.78, confidence=0.78, probability_margin=0.56, trend_filter_passed=True, rule=bullish_signal, target_allocation=9.07%."
2024-09-26,2024-09-27,123.9275641535197,121.35844421386719,BULLISH_SIGNAL,0.8977168274420888,0.8977168274420888,True,0.17694059103006343,BUY,8259.023416598797,14,1699.0182189941406,9958.041635592937,"Conservative trader saw BULLISH_SIGNAL with bullish_probability=0.90, confidence=0.90, probability_margin=0.82, trend_filter_passed=True, rule=bullish_signal, target_allocation=17.69%."
2024-09-27,2024-09-30,118.26949648274505,121.39842987060547,BULLISH_SIGNAL,0.8255881142383363,0.8255881142383363,True,0.12542008159881166,HOLD,8259.023416598797,14,1699.5780181884766,9958.601434787273,"Conservative trader saw BULLISH_SIGNAL with bullish_probability=0.83, confidence=0.83, probability_margin=0.72, trend_filter_passed=True, rule=bullish_signal, target_allocation=12.54%."
2024-09-30,2024-10-01,121.72830933905863,116.95994567871094,BULLISH_SIGNAL,0.6431717469074528,0.6431717469074528,True,0.17104875471614983,HOLD,8259.023416598797,14,1637.4392395019531,9896.46265610075,"Conservative trader saw BULLISH_SIGNAL with bullish_probability=0.64, confidence=0.64, probability_margin=0.45, trend_filter_passed=True, rule=neutral_hold, target_allocation=17.10%."
2024-10-01,2024-10-02,116.40013992758973,118.80931091308594,BEARISH_SIGNAL,0.9680789096549601,0.02716751636501482,True,0.0,EXIT TO CASH,9886.181787447553,0,0.0,9886.181787447553,"Conservative trader saw BEARISH_SIGNAL with bullish_probability=0.03, confidence=0.97, probability_margin=0.94, trend_filter_passed=True, rule=bearish_exit, target_allocation=0.00%."
2024-10-02,2024-10-03,120.87860561160097,122.80794525146484,BEARISH_SIGNAL,0.7344159084612788,0.10825379766533587,True,0.0,HOLD,9886.181787447553,0,0.0,9886.181787447553,"Conservative trader saw BEARISH_SIGNAL with bullish_probability=0.11, confidence=0.73, probability_margin=0.58, trend_filter_passed=True, rule=bearish_exit, target_allocation=0.00%."
2024-10-03,2024-10-04,124.89723283717322,124.87723541259766,BULLISH_SIGNAL,0.7084542911905175,0.7084542911905175,True,0.04175306513608392,HOLD,9886.181787447553,0,0.0,9886.181787447553,"Conservative trader saw BULLISH_SIGNAL with bullish_probability=0.71, confidence=0.71, probability_margin=0.51, trend_filter_passed=True, rule=bullish_signal, target_allocation=4.18%."
2024-10-04,2024-10-07,124.94720840149982,127.67627716064453,BULLISH_SIGNAL,0.8195578210081519,0.8195578210081519,True,0.12111272929153706,BUY,8759.969562258197,9,1149.0864944458008,9909.056056703997,"Conservative trader saw BULLISH_SIGNAL with bullish_probability=0.82, confidence=0.82, probability_margin=0.70, trend_filter_passed=True, rule=bullish_signal, target_allocation=12.11%."
2024-10-07,2024-10-08,130.2153933149511,132.84449768066406,BEARISH_SIGNAL,0.5676800322334659,0.39516944693922057,True,0.0,EXIT TO CASH,9930.150780252274,0,0.0,9930.150780252274,"Conservative trader saw BEARISH_SIGNAL with bullish_probability=0.40, confidence=0.57, probability_margin=0.17, trend_filter_passed=True, rule=bearish_exit, target_allocation=0.00%."
2024-10-08,2024-10-09,134.06407522234613,132.6045684814453,BULLISH_SIGNAL,0.5420066111289508,0.5420066111289508,True,0.0,HOLD,9930.150780252274,0,0.0,9930.150780252274,"Conservative trader saw BULLISH_SIGNAL with bullish_probability=0.54, confidence=0.54, probability_margin=0.15, trend_filter_passed=True, rule=neutral_hold, target_allocation=0.00%."
2024-10-09,2024-10-10,131.86483875930813,134.7638397216797,BULLISH_SIGNAL,0.6543738254969398,0.6543738254969398,True,0.0031241610692426896,HOLD,9930.150780252274,0,0.0,9930.150780252274,"Conservative trader saw BULLISH_SIGNAL with bullish_probability=0.65, confidence=0.65, probability_margin=0.42, trend_filter_passed=True, rule=bullish_signal, target_allocation=0.31%."
2024-10-10,2024-10-11,133.9641223517835,134.7538604736328,BEARISH_SIGNAL,0.5363273429541032,0.42321143783086573,True,0.0,HOLD,9930.150780252274,0,0.0,9930.150780252274,"Conservative trader saw BEARISH_SIGNAL with bullish_probability=0.42, confidence=0.54, probability_margin=0.11, trend_filter_passed=True, rule=bearish_exit, target_allocation=0.00%."
2024-10-11,2024-10-14,136.42329237635488,138.0227508544922,BULLISH_SIGNAL,0.5538695542414228,0.5538695542414228,True,0.0,HOLD,9930.150780252274,0,0.0,9930.150780252274,"Conservative trader saw BULLISH_SIGNAL with bullish_probability=0.55, confidence=0.55, probability_margin=0.25, trend_filter_passed=True, rule=neutral_hold, target_allocation=0.00%."
2024-10-14,2024-10-15,137.82280508502743,131.55496215820312,BEARISH_SIGNAL,0.4024986253057276,0.3916062599540828,True,0.0,HOLD,9930.150780252274,0,0.0,9930.150780252274,"Conservative trader saw BEARISH_SIGNAL with bullish_probability=0.39, confidence=0.40, probability_margin=0.01, trend_filter_passed=True, rule=bearish_exit, target_allocation=0.00%."
2024-10-15,2024-10-16,133.9341283963689,135.6735382080078,BEARISH_SIGNAL,0.6396783170883273,0.20330957155284374,True,0.0,HOLD,9930.150780252274,0,0.0,9930.150780252274,"Conservative trader saw BEARISH_SIGNAL with bullish_probability=0.20, confidence=0.64, probability_margin=0.44, trend_filter_passed=True, rule=bearish_exit, target_allocation=0.00%."
2024-10-16,2024-10-17,139.2923118529861,136.8831329345703,BULLISH_SIGNAL,0.6080352522746304,0.6080352522746304,True,0.0,HOLD,9930.150780252274,0,0.0,9930.150780252274,"Conservative trader saw BULLISH_SIGNAL with bullish_probability=0.61, confidence=0.61, probability_margin=0.40, trend_filter_passed=True, rule=neutral_hold, target_allocation=0.00%."
2024-10-17,2024-10-18,138.62252759913224,137.9527587890625,BULLISH_SIGNAL,0.7100961278986603,0.7100961278986603,True,0.04292580564190018,HOLD,9930.150780252274,0,0.0,9930.150780252274,"Conservative trader saw BULLISH_SIGNAL with bullish_probability=0.71, confidence=0.71, probability_margin=0.47, trend_filter_passed=True, rule=bullish_signal, target_allocation=4.29%."
2024-10-18,2024-10-21,138.0827206747143,143.6608123779297,BULLISH_SIGNAL,0.43789676307588504,0.43789676307588504,True,0.0,HOLD,9930.150780252274,0,0.0,9930.150780252274,"Conservative trader saw BULLISH_SIGNAL with bullish_probability=0.44, confidence=0.44, probability_margin=0.02, trend_filter_passed=True, rule=neutral_hold, target_allocation=0.00%."
2024-10-21,2024-10-22,142.86110303968678,143.54086303710938,BULLISH_SIGNAL,0.46708171560416084,0.46708171560416084,True,0.0,HOLD,9930.150780252274,0,0.0,9930.150780252274,"Conservative trader saw BULLISH_SIGNAL with bullish_probability=0.47, confidence=0.47, probability_margin=0.16, trend_filter_passed=True, rule=neutral_hold, target_allocation=0.00%."
2024-10-22,2024-10-23,141.9813779606296,139.51222229003906,BULLISH_SIGNAL,0.3476357577529131,0.3476357577529131,True,0.0,HOLD,9930.150780252274,0,0.0,9930.150780252274,"Conservative trader saw BULLISH_SIGNAL with bullish_probability=0.35, confidence=0.35, probability_margin=0.01, trend_filter_passed=True, rule=neutral_hold, target_allocation=0.00%."
2024-10-23,2024-10-24,140.7718017861216,140.3619384765625,BULLISH_SIGNAL,0.443996779570753,0.443996779570753,True,0.0,HOLD,9930.150780252274,0,0.0,9930.150780252274,"Conservative trader saw BULLISH_SIGNAL with bullish_probability=0.44, confidence=0.44, probability_margin=0.03, trend_filter_passed=True, rule=neutral_hold, target_allocation=0.00%."
2024-10-24,2024-10-25,140.8817548130095,141.49154663085938,BULLISH_SIGNAL,0.5807486413646713,0.5807486413646713,True,0.0,HOLD,9930.150780252274,0,0.0,9930.150780252274,"Conservative trader saw BULLISH_SIGNAL with bullish_probability=0.58, confidence=0.58, probability_margin=0.24, trend_filter_passed=True, rule=neutral_hold, target_allocation=0.00%."
2024-10-25,2024-10-28,142.95105547012693,140.47190856933594,BULLISH_SIGNAL,0.6206611266301969,0.6206611266301969,True,0.0,HOLD,9930.150780252274,0,0.0,9930.150780252274,"Conservative trader saw BULLISH_SIGNAL with bullish_probability=0.62, confidence=0.62, probability_margin=0.34, trend_filter_passed=True, rule=neutral_hold, target_allocation=0.00%."
2024-10-28,2024-10-29,140.2419668294209,141.20164489746094,NEUTRAL_SIGNAL,0.6293727125035867,0.2501657209232376,True,0.0,HOLD,9930.150780252274,0,0.0,9930.150780252274,"Conservative trader saw NEUTRAL_SIGNAL with bullish_probability=0.25, confidence=0.63, probability_margin=0.38, trend_filter_passed=True, rule=neutral_hold, target_allocation=0.00%."
2024-10-29,2024-10-30,139.49222584841445,139.29229736328125,BULLISH_SIGNAL,0.5985990859197171,0.5985990859197171,True,0.0,HOLD,9930.150780252274,0,0.0,9930.150780252274,"Conservative trader saw BULLISH_SIGNAL with bullish_probability=0.60, confidence=0.60, probability_margin=0.37, trend_filter_passed=True, rule=neutral_hold, target_allocation=0.00%."
2024-10-30,2024-10-31,137.55292462080052,132.71456909179688,NEUTRAL_SIGNAL,0.5094928583661411,0.08817143201228146,True,0.0,HOLD,9930.150780252274,0,0.0,9930.150780252274,"Conservative trader saw NEUTRAL_SIGNAL with bullish_probability=0.09, confidence=0.51, probability_margin=0.11, trend_filter_passed=True, rule=neutral_hold, target_allocation=0.00%."
2024-10-31,2024-11-01,134.65389558133728,135.35365295410156,BEARISH_SIGNAL,0.8324909672954092,0.10008789977638972,True,0.0,HOLD,9930.150780252274,0,0.0,9930.150780252274,"Conservative trader saw BEARISH_SIGNAL with bullish_probability=0.10, confidence=0.83, probability_margin=0.73, trend_filter_passed=True, rule=bearish_exit, target_allocation=0.00%."
2024-11-01,2024-11-04,137.16303982117785,136.00343322753906,BEARISH_SIGNAL,0.9163880690263013,0.03693722464401774,True,0.0,HOLD,9930.150780252274,0,0.0,9930.150780252274,"Conservative trader saw BEARISH_SIGNAL with bullish_probability=0.04, confidence=0.92, probability_margin=0.87, trend_filter_passed=True, rule=bearish_exit, target_allocation=0.00%."
2024-11-04,2024-11-05,137.40294177771256,139.8621063232422,BEARISH_SIGNAL,0.8521688264586669,0.025782920829607193,True,0.0,HOLD,9930.150780252274,0,0.0,9930.150780252274,"Conservative trader saw BEARISH_SIGNAL with bullish_probability=0.03, confidence=0.85, probability_margin=0.73, trend_filter_passed=True, rule=bearish_exit, target_allocation=0.00%."
2024-11-05,2024-11-06,142.91106349142868,145.56015014648438,BEARISH_SIGNAL,0.5859908300215462,0.15747120324056302,True,0.0,HOLD,9930.150780252274,0,0.0,9930.150780252274,"Conservative trader saw BEARISH_SIGNAL with bullish_probability=0.16, confidence=0.59, probability_margin=0.33, trend_filter_passed=True, rule=bearish_exit, target_allocation=0.00%."
2024-11-06,2024-11-07,146.33990241230273,148.8290557861328,NEUTRAL_SIGNAL,0.6412095747542121,0.2694283402064947,True,0.0,HOLD,9930.150780252274,0,0.0,9930.150780252274,"Conservative trader saw NEUTRAL_SIGNAL with bullish_probability=0.27, confidence=0.64, probability_margin=0.37, trend_filter_passed=True, rule=neutral_hold, target_allocation=0.00%."
2024-11-07,2024-11-08,148.71907691535895,147.5794677734375,BULLISH_SIGNAL,0.9288755047866062,0.9288755047866062,True,0.19919678913329014,BUY,7993.901791678758,13,1918.5330810546875,9912.434872733445,"Conservative trader saw BULLISH_SIGNAL with bullish_probability=0.93, confidence=0.93, probability_margin=0.89, trend_filter_passed=True, rule=bullish_signal, target_allocation=19.92%."
2024-11-08,2024-11-11,148.6290778599626,145.2102508544922,BEARISH_SIGNAL,0.5061292413095322,0.3749858963664003,True,0.0,EXIT TO CASH,9923.182502929008,0,0.0,9923.182502929008,"Conservative trader saw BEARISH_SIGNAL with bullish_probability=0.37, confidence=0.51, probability_margin=0.13, trend_filter_passed=True, rule=bearish_exit, target_allocation=0.00%."
2024-11-11,2024-11-12,146.7297346202135,148.2392120361328,BEARISH_SIGNAL,0.5806665640596222,0.355232525360704,True,0.0,HOLD,9923.182502929008,0,0.0,9923.182502929008,"Conservative trader saw BEARISH_SIGNAL with bullish_probability=0.36, confidence=0.58, probability_margin=0.23, trend_filter_passed=True, rule=bearish_exit, target_allocation=0.00%."
2024-11-12,2024-11-13,149.01896932454213,146.2199249267578,BEARISH_SIGNAL,0.6111784852697006,0.28693478503513653,True,0.0,HOLD,9923.182502929008,0,0.0,9923.182502929008,"Conservative trader saw BEARISH_SIGNAL with bullish_probability=0.29, confidence=0.61, probability_margin=0.32, trend_filter_passed=True, rule=bearish_exit, target_allocation=0.00%."
2024-11-13,2024-11-14,147.58945090415918,146.70974731445312,BULLISH_SIGNAL,0.45015537557693797,0.45015537557693797,True,0.0,HOLD,9923.182502929008,0,0.0,9923.182502929008,"Conservative trader saw BULLISH_SIGNAL with bullish_probability=0.45, confidence=0.45, probability_margin=0.11, trend_filter_passed=True, rule=neutral_hold, target_allocation=0.00%."
2024-11-14,2024-11-15,144.8203910682193,141.93138122558594,BEARISH_SIGNAL,0.908840207890298,0.03776582795167072,True,0.0,HOLD,9923.182502929008,0,0.0,9923.182502929008,"Conservative trader saw BEARISH_SIGNAL with bullish_probability=0.04, confidence=0.91, probability_margin=0.86, trend_filter_passed=True, rule=bearish_exit, target_allocation=0.00%."
2024-11-15,2024-11-18,139.45223367342163,140.1020050048828,BULLISH_SIGNAL,0.5277877092693102,0.5277877092693102,True,0.0,HOLD,9923.182502929008,0,0.0,9923.182502929008,"Conservative trader saw BULLISH_SIGNAL with bullish_probability=0.53, confidence=0.53, probability_margin=0.28, trend_filter_passed=True, rule=neutral_hold, target_allocation=0.00%."
2024-11-18,2024-11-19,141.27163159656618,146.9596710205078,BEARISH_SIGNAL,0.5021138826497037,0.46744219907182,True,0.0,HOLD,9923.182502929008,0,0.0,9923.182502929008,"Conservative trader saw BEARISH_SIGNAL with bullish_probability=0.47, confidence=0.50, probability_margin=0.03, trend_filter_passed=True, rule=bearish_exit, target_allocation=0.00%."
2024-11-19,2024-11-20,147.35954130772643,145.84005737304688,BEARISH_SIGNAL,0.7236665668308396,0.2038017408749043,True,0.0,HOLD,9923.182502929008,0,0.0,9923.182502929008,"Conservative trader saw BEARISH_SIGNAL with bullish_probability=0.20, confidence=0.72, probability_margin=0.52, trend_filter_passed=True, rule=bearish_exit, target_allocation=0.00%."
2024-11-20,2024-11-21,149.29888738883682,146.6197967529297,NEUTRAL_SIGNAL,0.3821268970183871,0.26292812137339877,True,0.0,HOLD,9923.182502929008,0,0.0,9923.182502929008,"Conservative trader saw NEUTRAL_SIGNAL with bullish_probability=0.26, confidence=0.38, probability_margin=0.03, trend_filter_passed=True, rule=neutral_hold, target_allocation=0.00%."
2024-11-21,2024-11-22,145.88003080645086,141.90139770507812,BULLISH_SIGNAL,0.8027323296456794,0.8027323296456794,True,0.10909452117548529,BUY,8900.490036380277,7,993.3097839355469,9893.799820315824,"Conservative trader saw BULLISH_SIGNAL with bullish_probability=0.80, confidence=0.80, probability_margin=0.65, trend_filter_passed=True, rule=bullish_signal, target_allocation=10.91%."
2024-11-22,2024-11-25,141.94140761937004,135.97344970703125,BULLISH_SIGNAL,0.5258868871047968,0.5258868871047968,True,0.10042266329063608,HOLD,8900.490036380277,7,951.8141479492188,9852.304184329496,"Conservative trader saw BULLISH_SIGNAL with bullish_probability=0.53, confidence=0.53, probability_margin=0.11, trend_filter_passed=True, rule=neutral_hold, target_allocation=10.04%."
2024-11-25,2024-11-26,137.6528702588759,136.87313842773438,BULLISH_SIGNAL,0.9605973385061413,0.9605973385061413,True,0.2218552417901009,BUY,7797.614689254682,15,2053.0970764160156,9850.711765670698,"Conservative trader saw BULLISH_SIGNAL with bullish_probability=0.96, confidence=0.96, probability_margin=0.94, trend_filter_passed=True, rule=bullish_signal, target_allocation=22.19%."
2024-11-26,2024-11-27,134.96376655836661,135.2936553955078,BULLISH_SIGNAL,0.5241410936058573,0.5241410936058573,True,0.20611299385867612,HOLD,7797.614689254682,15,2029.4048309326172,9827.0195201873,"Conservative trader saw BULLISH_SIGNAL with bullish_probability=0.52, confidence=0.52, probability_margin=0.23, trend_filter_passed=True, rule=neutral_hold, target_allocation=20.61%."
2024-11-27,2024-11-29,136.7331843976686,138.2026824951172,BULLISH_SIGNAL,0.712373636303105,0.712373636303105,True,0.044552597359360714,REDUCE,9435.952525106653,3,414.60804748535156,9850.560572592005,"Conservative trader saw BULLISH_SIGNAL with bullish_probability=0.71, confidence=0.71, probability_margin=0.43, trend_filter_passed=True, rule=bullish_signal, target_allocation=4.46%."
2024-11-29,2024-12-02,138.78246325473978,138.58253479003906,BULLISH_SIGNAL,0.663449475392757,0.663449475392757,True,0.009606768137683559,HOLD,9435.952525106653,3,415.7476043701172,9851.70012947677,"Conservative trader saw BULLISH_SIGNAL with bullish_probability=0.66, confidence=0.66, probability_margin=0.36, trend_filter_passed=True, rule=bullish_signal, target_allocation=0.96%."
2024-12-02,2024-12-03,138.21267485883047,140.2119903564453,BULLISH_SIGNAL,0.6804690649606828,0.6804690649606828,True,0.021763617829059147,HOLD,9435.952525106653,3,420.63597106933594,9856.58849617599,"Conservative trader saw BULLISH_SIGNAL with bullish_probability=0.68, confidence=0.68, probability_margin=0.41, trend_filter_passed=True, rule=bullish_signal, target_allocation=2.18%."
2024-12-03,2024-12-04,141.95140715914127,145.09033203125,BULLISH_SIGNAL,0.5766507681708035,0.5766507681708035,True,0.04318217061239116,HOLD,9435.952525106653,3,435.27099609375,9871.223521200403,"Conservative trader saw BULLISH_SIGNAL with bullish_probability=0.58, confidence=0.58, probability_margin=0.24, trend_filter_passed=True, rule=neutral_hold, target_allocation=4.32%."
2024-12-04,2024-12-05,145.07032934736787,145.0203399658203,NEUTRAL_SIGNAL,0.5665199253923329,0.18586583174240562,True,0.04408912763549975,HOLD,9435.952525106653,3,435.06101989746094,9871.013545004114,"Conservative trader saw NEUTRAL_SIGNAL with bullish_probability=0.19, confidence=0.57, probability_margin=0.32, trend_filter_passed=True, rule=neutral_hold, target_allocation=4.41%."
2024-12-05,2024-12-06,144.56045967909182,142.4010467529297,BULLISH_SIGNAL,0.8772033903492432,0.8772033903492432,True,0.16228813596374514,BUY,8277.73354391593,11,1566.4115142822266,9844.145058198157,"Conservative trader saw BULLISH_SIGNAL with bullish_probability=0.88, confidence=0.88, probability_margin=0.79, trend_filter_passed=True, rule=bullish_signal, target_allocation=16.23%."
2024-12-06,2024-12-09,138.93199359328304,138.77203369140625,BULLISH_SIGNAL,0.4872813333335046,0.4872813333335046,True,0.15584888777014214,HOLD,8277.73354391593,11,1526.4923706054688,9804.2259145214,"Conservative trader saw BULLISH_SIGNAL with bullish_probability=0.49, confidence=0.49, probability_margin=0.08, trend_filter_passed=True, rule=neutral_hold, target_allocation=15.58%."
2024-12-09,2024-12-10,138.97197539548316,135.03306579589844,BULLISH_SIGNAL,0.7781103610262391,0.7781103610262391,True,0.09150740073302792,REDUCE,8971.55147850782,6,810.1983947753906,9781.74987328321,"Conservative trader saw BULLISH_SIGNAL with bullish_probability=0.78, confidence=0.78, probability_margin=0.67, trend_filter_passed=True, rule=bullish_signal, target_allocation=9.15%."
2024-12-10,2024-12-11,137.32243273699547,139.2718963623047,BULLISH_SIGNAL,0.9580905485678533,0.9580905485678533,False,0.08411370197653804,HOLD,8971.55147850782,6,835.6313781738281,9807.182856681648,"Conservative trader saw BULLISH_SIGNAL with bullish_probability=0.96, confidence=0.96, probability_margin=0.93, trend_filter_passed=False, rule=neutral_hold, target_allocation=8.41%."
2024-12-11,2024-12-12,137.04252103958567,137.3024444580078,NEUTRAL_SIGNAL,0.5259988603009117,0.41190384872384667,True,0.08395664315436979,HOLD,8971.55147850782,6,823.8146667480469,9795.366145255866,"Conservative trader saw NEUTRAL_SIGNAL with bullish_probability=0.41, confidence=0.53, probability_margin=0.11, trend_filter_passed=True, rule=neutral_hold, target_allocation=8.40%."
2024-12-12,2024-12-13,138.9020072444441,134.21328735351562,BULLISH_SIGNAL,0.6775787869653702,0.6775787869653702,False,0.08499899480491238,HOLD,8971.55147850782,6,805.2797241210938,9776.831202628913,"Conservative trader saw BULLISH_SIGNAL with bullish_probability=0.68, confidence=0.68, probability_margin=0.47, trend_filter_passed=False, rule=neutral_hold, target_allocation=8.50%."
2024-12-13,2024-12-16,134.14327863720246,131.96388244628906,BULLISH_SIGNAL,0.9190969071641362,0.9190969071641362,False,0.08232670040641261,HOLD,8971.55147850782,6,791.7832946777344,9763.334773185554,"Conservative trader saw BULLISH_SIGNAL with bullish_probability=0.92, confidence=0.92, probability_margin=0.84, trend_filter_passed=False, rule=neutral_hold, target_allocation=8.23%."
2024-12-16,2024-12-17,129.0546920799943,130.35433959960938,BULLISH_SIGNAL,0.5668986855527157,0.5668986855527157,False,0.07945184855535554,HOLD,8971.55147850782,6,782.1260375976562,9753.677516105476,"Conservative trader saw BULLISH_SIGNAL with bullish_probability=0.57, confidence=0.57, probability_margin=0.23, trend_filter_passed=False, rule=neutral_hold, target_allocation=7.95%."
2024-12-17,2024-12-18,133.82339933223892,128.874755859375,BEARISH_SIGNAL,0.6513923316542253,0.31065755620958985,False,0.0,EXIT TO CASH,9773.28786537746,0,0.0,9773.28786537746,"Conservative trader saw BEARISH_SIGNAL with bullish_probability=0.31, confidence=0.65, probability_margin=0.34, trend_filter_passed=False, rule=bearish_exit, target_allocation=0.00%."
2024-12-18,2024-12-19,131.72394769790225,130.6442413330078,BEARISH_SIGNAL,0.5060517316480787,0.4769059650360819,False,0.0,HOLD,9773.28786537746,0,0.0,9773.28786537746,"Conservative trader saw BEARISH_SIGNAL with bullish_probability=0.48, confidence=0.51, probability_margin=0.03, trend_filter_passed=False, rule=bearish_exit, target_allocation=0.00%."
2024-12-19,2024-12-20,129.7745000485284,134.6631622314453,BULLISH_SIGNAL,0.5546033071271957,0.5546033071271957,False,0.0,HOLD,9773.28786537746,0,0.0,9773.28786537746,"Conservative trader saw BULLISH_SIGNAL with bullish_probability=0.55, confidence=0.55, probability_margin=0.14, trend_filter_passed=False, rule=neutral_hold, target_allocation=0.00%."
2024-12-20,2024-12-23,136.24273302531586,139.63180541992188,BULLISH_SIGNAL,0.9886995870193571,0.9886995870193571,False,0.0,HOLD,9773.28786537746,0,0.0,9773.28786537746,"Conservative trader saw BULLISH_SIGNAL with bullish_probability=0.99, confidence=0.99, probability_margin=0.98, trend_filter_passed=False, rule=neutral_hold, target_allocation=0.00%."
2024-12-23,2024-12-24,139.9617148258363,140.18165588378906,BULLISH_SIGNAL,0.5797126256119367,0.5797126256119367,False,0.0,HOLD,9773.28786537746,0,0.0,9773.28786537746,"Conservative trader saw BULLISH_SIGNAL with bullish_probability=0.58, confidence=0.58, probability_margin=0.28, trend_filter_passed=False, rule=neutral_hold, target_allocation=0.00%."
2024-12-24,2024-12-26,139.66180603983884,139.89173889160156,BULLISH_SIGNAL,0.8696934474314965,0.8696934474314965,True,0.15692389102249746,BUY,8374.574179579444,10,1398.9173889160156,9773.49156849546,"Conservative trader saw BULLISH_SIGNAL with bullish_probability=0.87, confidence=0.87, probability_margin=0.76, trend_filter_passed=True, rule=bullish_signal, target_allocation=15.69%."
2024-12-26,2024-12-27,138.5121216661011,136.9725341796875,BULLISH_SIGNAL,0.630850501381678,0.630850501381678,True,0.14192258676378114,HOLD,8374.574179579444,10,1369.725341796875,9744.299521376319,"Conservative trader saw BULLISH_SIGNAL with bullish_probability=0.63, confidence=0.63, probability_margin=0.34, trend_filter_passed=True, rule=neutral_hold, target_allocation=14.19%."
2024-12-27,2024-12-30,134.79311660884966,137.452392578125,BULLISH_SIGNAL,0.46223393799445583,0.46223393799445583,False,0.13864031113020625,HOLD,8374.574179579444,10,1374.52392578125,9749.098105360694,"Conservative trader saw BULLISH_SIGNAL with bullish_probability=0.46, confidence=0.46, probability_margin=0.05, trend_filter_passed=False, rule=neutral_hold, target_allocation=13.86%."
2024-12-30,2024-12-31,137.99226367763055,134.25328063964844,BEARISH_SIGNAL,0.5981179549101592,0.38390196938373655,False,0.0,EXIT TO CASH,9752.427622361904,0,0.0,9752.427622361904,"Conservative trader saw BEARISH_SIGNAL with bullish_probability=0.38, confidence=0.60, probability_margin=0.21, trend_filter_passed=False, rule=bearish_exit, target_allocation=0.00%."
2024-12-31,2025-01-02,135.96280522543205,138.2721710205078,BEARISH_SIGNAL,0.5270273704093554,0.44241475708071104,False,0.0,HOLD,9752.427622361904,0,0.0,9752.427622361904,"Conservative trader saw BEARISH_SIGNAL with bullish_probability=0.44, confidence=0.53, probability_margin=0.08, trend_filter_passed=False, rule=bearish_exit, target_allocation=0.00%."
2025-01-02,2025-01-03,139.9717090810043,144.4304962158203,BULLISH_SIGNAL,0.5230369105616723,0.5230369105616723,False,0.0,HOLD,9752.427622361904,0,0.0,9752.427622361904,"Conservative trader saw BULLISH_SIGNAL with bullish_probability=0.52, confidence=0.52, probability_margin=0.07, trend_filter_passed=False, rule=neutral_hold, target_allocation=0.00%."
2025-01-03,2025-01-06,148.54936300568127,149.38912963867188,NEUTRAL_SIGNAL,0.37103893234828356,0.35315939189065204,True,0.0,HOLD,9752.427622361904,0,0.0,9752.427622361904,"Conservative trader saw NEUTRAL_SIGNAL with bullish_probability=0.35, confidence=0.37, probability_margin=0.02, trend_filter_passed=True, rule=neutral_hold, target_allocation=0.00%."
2025-01-06,2025-01-07,152.98814312185272,140.10166931152344,NEUTRAL_SIGNAL,0.45361973889987417,0.44164599684288,True,0.0,HOLD,9752.427622361904,0,0.0,9752.427622361904,"Conservative trader saw NEUTRAL_SIGNAL with bullish_probability=0.44, confidence=0.45, probability_margin=0.01, trend_filter_passed=True, rule=neutral_hold, target_allocation=0.00%."
2025-01-07,2025-01-08,142.54101155921632,140.07168579101562,BULLISH_SIGNAL,0.8133798943480787,0.8133798943480787,True,0.1166999245343419,BUY,8753.143361932478,7,980.5018005371094,9733.645162469587,"Conservative trader saw BULLISH_SIGNAL with bullish_probability=0.81, confidence=0.81, probability_margin=0.66, trend_filter_passed=True, rule=bullish_signal, target_allocation=11.67%."
2025-01-08,2025-01-10,137.41242079266553,135.8728485107422,BULLISH_SIGNAL,0.7125572075684778,0.7125572075684778,True,0.044683719691769874,REDUCE,9301.968845403226,3,407.61854553222656,9709.587390935452,"Conservative trader saw BULLISH_SIGNAL with bullish_probability=0.71, confidence=0.71, probability_margin=0.49, trend_filter_passed=True, rule=bullish_signal, target_allocation=4.47%."
2025-01-10,2025-01-13,129.95446851982027,133.19357299804688,BEARISH_SIGNAL,0.7414412197233505,0.23635715648645023,False,0.0,HOLD,9301.968845403226,3,399.5807189941406,9701.549564397366,"Conservative trader saw BEARISH_SIGNAL with bullish_probability=0.24, confidence=0.74, probability_margin=0.51, trend_filter_passed=False, rule=bearish_exit, target_allocation=0.00%."
2025-01-13,2025-01-14,136.01278831507346,131.7239532470703,NEUTRAL_SIGNAL,0.6835424166094854,0.24120598063444398,False,0.042022457461241974,HOLD,9301.968845403226,3,395.17185974121094,9697.140705144437,"Conservative trader saw NEUTRAL_SIGNAL with bullish_probability=0.24, confidence=0.68, probability_margin=0.44, trend_filter_passed=False, rule=neutral_hold, target_allocation=4.20%."
2025-01-14,2025-01-15,133.61345527658474,136.2027587890625,BEARISH_SIGNAL,0.4910736429795354,0.3815794652475297,False,0.0,HOLD,9301.968845403226,3,408.6082763671875,9710.577121770413,"Conservative trader saw BEARISH_SIGNAL with bullish_probability=0.38, confidence=0.49, probability_margin=0.11, trend_filter_passed=False, rule=bearish_exit, target_allocation=0.00%."
2025-01-15,2025-01-16,138.6020991142272,133.5334930419922,BEARISH_SIGNAL,0.5969030498446783,0.239631847675943,False,0.0,HOLD,9301.968845403226,3,400.60047912597656,9702.569324529202,"Conservative trader saw BEARISH_SIGNAL with bullish_probability=0.24, confidence=0.60, probability_margin=0.36, trend_filter_passed=False, rule=bearish_exit, target_allocation=0.00%."
2025-01-16,2025-01-17,136.65262268416788,137.67234802246094,BEARISH_SIGNAL,0.8132110998919021,0.12326654094500634,False,0.0,HOLD,9301.968845403226,3,413.0170440673828,9714.985889470609,"Conservative trader saw BEARISH_SIGNAL with bullish_probability=0.12, confidence=0.81, probability_margin=0.69, trend_filter_passed=False, rule=bearish_exit, target_allocation=0.00%."
2025-01-17,2025-01-21,139.12194717769367,140.79148864746094,NEUTRAL_SIGNAL,0.4240157031310583,0.1856749793780016,False,0.04294181186023563,HOLD,9301.968845403226,3,422.3744659423828,9724.343311345609,"Conservative trader saw NEUTRAL_SIGNAL with bullish_probability=0.19, confidence=0.42, probability_margin=0.03, trend_filter_passed=False, rule=neutral_hold, target_allocation=4.29%."
2025-01-21,2025-01-22,144.62047062339892,147.02981567382812,BEARISH_SIGNAL,0.6259550561940694,0.07359329658710202,True,0.0,HOLD,9301.968845403226,3,441.0894470214844,9743.05829242471,"Conservative trader saw BEARISH_SIGNAL with bullish_probability=0.07, confidence=0.63, probability_margin=0.33, trend_filter_passed=True, rule=bearish_exit, target_allocation=0.00%."
2025-01-22,2025-01-23,145.01034368405638,147.17974853515625,BULLISH_SIGNAL,0.564913743525499,0.564913743525499,True,0.0446781387051363,HOLD,9301.968845403226,3,441.53924560546875,9743.508091008694,"Conservative trader saw BULLISH_SIGNAL with bullish_probability=0.56, confidence=0.56, probability_margin=0.24, trend_filter_passed=True, rule=neutral_hold, target_allocation=4.47%."
2025-01-23,2025-01-24,148.32942123311412,142.58099365234375,BULLISH_SIGNAL,0.8040752236966316,0.8040752236966316,True,0.11005373121187974,BUY,8707.760887284529,7,998.0669555664062,9705.827842850935,"Conservative trader saw BULLISH_SIGNAL with bullish_probability=0.80, confidence=0.80, probability_margin=0.62, trend_filter_passed=True, rule=bullish_signal, target_allocation=11.01%."
2025-01-24,2025-01-27,124.76587139934672,118.38761138916016,BULLISH_SIGNAL,0.8094044490716235,0.8094044490716235,True,0.11386032076544532,HOLD,8707.760887284529,7,828.7132797241211,9536.47416700865,"Conservative trader saw BULLISH_SIGNAL with bullish_probability=0.81, confidence=0.81, probability_margin=0.64, trend_filter_passed=True, rule=bullish_signal, target_allocation=11.39%."
2025-01-27,2025-01-28,121.77668294561497,128.95472717285156,BULLISH_SIGNAL,0.781110424547153,0.781110424547153,False,0.08916518363225537,HOLD,8707.760887284529,7,902.6830902099609,9610.44397749449,"Conservative trader saw BULLISH_SIGNAL with bullish_probability=0.78, confidence=0.78, probability_margin=0.59, trend_filter_passed=False, rule=neutral_hold, target_allocation=8.92%."
2025-01-28,2025-01-29,126.46541333864903,123.66617584228516,BULLISH_SIGNAL,0.9834938555598103,0.9834938555598103,False,0.09228147193412377,HOLD,8707.760887284529,7,865.6632308959961,9573.424118180525,"Conservative trader saw BULLISH_SIGNAL with bullish_probability=0.98, confidence=0.98, probability_margin=0.97, trend_filter_passed=False, rule=neutral_hold, target_allocation=9.23%."
2025-01-29,2025-01-30,123.06634175444341,124.61592102050781,BULLISH_SIGNAL,0.9855050217891793,0.9855050217891793,False,0.09002446562949007,HOLD,8707.760887284529,7,872.3114471435547,9580.072334428083,"Conservative trader saw BULLISH_SIGNAL with bullish_probability=0.99, confidence=0.99, probability_margin=0.97, trend_filter_passed=False, rule=neutral_hold, target_allocation=9.00%."
2025-01-30,2025-01-31,123.74615511454752,120.03717041015625,BULLISH_SIGNAL,0.9440384868170717,0.9440384868170717,False,0.09047676372102686,HOLD,8707.760887284529,7,840.2601928710938,9548.021080155622,"Conservative trader saw BULLISH_SIGNAL with bullish_probability=0.94, confidence=0.94, probability_margin=0.89, trend_filter_passed=False, rule=neutral_hold, target_allocation=9.05%."
2025-01-31,2025-02-03,114.71862375628316,116.62810516357422,BULLISH_SIGNAL,0.9257838915403205,0.9257838915403205,False,0.08443360230326111,HOLD,8707.760887284529,7,816.3967361450195,9524.157623429548,"Conservative trader saw BULLISH_SIGNAL with bullish_probability=0.93, confidence=0.93, probability_margin=0.87, trend_filter_passed=False, rule=neutral_hold, target_allocation=8.44%."
2025-02-03,2025-02-04,116.92801344303115,118.6175537109375,BEARISH_SIGNAL,0.5508872856294214,0.3923714702837935,False,0.0,EXIT TO CASH,9525.029646492641,0,0.0,9525.029646492641,"Conservative trader saw BEARISH_SIGNAL with bullish_probability=0.39, confidence=0.55, probability_margin=0.16, trend_filter_passed=False, rule=bearish_exit, target_allocation=0.00%."
2025-02-04,2025-02-05,121.72670769553925,124.79586791992188,BEARISH_SIGNAL,0.809257138378758,0.1666284408334751,False,0.0,HOLD,9525.029646492641,0,0.0,9525.029646492641,"Conservative trader saw BEARISH_SIGNAL with bullish_probability=0.17, confidence=0.81, probability_margin=0.64, trend_filter_passed=False, rule=bearish_exit, target_allocation=0.00%."
2025-02-05,2025-02-06,127.38515593926263,128.64480590820312,BEARISH_SIGNAL,0.8782189126928963,0.061797093115350414,False,0.0,HOLD,9525.029646492641,0,0.0,9525.029646492641,"Conservative trader saw BEARISH_SIGNAL with bullish_probability=0.06, confidence=0.88, probability_margin=0.82, trend_filter_passed=False, rule=bearish_exit, target_allocation=0.00%."
2025-02-06,2025-02-07,129.18464838201572,129.80447387695312,BULLISH_SIGNAL,0.735230813857339,0.735230813857339,False,0.0,HOLD,9525.029646492641,0,0.0,9525.029646492641,"Conservative trader saw BULLISH_SIGNAL with bullish_probability=0.74, confidence=0.74, probability_margin=0.60, trend_filter_passed=False, rule=neutral_hold, target_allocation=0.00%."
2025-02-07,2025-02-10,130.05443339276326,133.5334930419922,BULLISH_SIGNAL,0.515337821862402,0.515337821862402,False,0.0,HOLD,9525.029646492641,0,0.0,9525.029646492641,"Conservative trader saw BULLISH_SIGNAL with bullish_probability=0.52, confidence=0.52, probability_margin=0.06, trend_filter_passed=False, rule=neutral_hold, target_allocation=0.00%."
2025-02-10,2025-02-11,132.54376130884148,132.76370239257812,BULLISH_SIGNAL,0.6882600917691527,0.6882600917691527,False,0.0,HOLD,9525.029646492641,0,0.0,9525.029646492641,"Conservative trader saw BULLISH_SIGNAL with bullish_probability=0.69, confidence=0.69, probability_margin=0.41, trend_filter_passed=False, rule=neutral_hold, target_allocation=0.00%."
2025-02-11,2025-02-12,129.9844674915493,131.10415649414062,BULLISH_SIGNAL,0.8325107818184565,0.8325107818184565,False,0.0,HOLD,9525.029646492641,0,0.0,9525.029646492641,"Conservative trader saw BULLISH_SIGNAL with bullish_probability=0.83, confidence=0.83, probability_margin=0.69, trend_filter_passed=False, rule=neutral_hold, target_allocation=0.00%."
2025-02-12,2025-02-13,131.52401516963508,135.25299072265625,BULLISH_SIGNAL,0.8766168677130426,0.8766168677130426,False,0.0,HOLD,9525.029646492641,0,0.0,9525.029646492641,"Conservative trader saw BULLISH_SIGNAL with bullish_probability=0.88, confidence=0.88, probability_margin=0.80, trend_filter_passed=False, rule=neutral_hold, target_allocation=0.00%."
2025-02-13,2025-02-14,136.44266486168982,138.81202697753906,BULLISH_SIGNAL,0.8124735588745282,0.8124735588745282,True,0.11605254205323443,BUY,8431.850469850124,8,1110.4962158203125,9542.346685670436,"Conservative trader saw BULLISH_SIGNAL with bullish_probability=0.81, confidence=0.81, probability_margin=0.70, trend_filter_passed=True, rule=bullish_signal, target_allocation=11.61%."
2025-02-14,2025-02-18,141.23137649622348,139.36187744140625,BULLISH_SIGNAL,0.5066388945374313,0.5066388945374313,True,0.11816422151622531,HOLD,8431.850469850124,8,1114.89501953125,9546.745489381374,"Conservative trader saw BULLISH_SIGNAL with bullish_probability=0.51, confidence=0.51, probability_margin=0.07, trend_filter_passed=True, rule=neutral_hold, target_allocation=11.82%."
2025-02-18,2025-02-19,139.47184726600554,139.19192504882812,BULLISH_SIGNAL,0.711751596555146,0.711751596555146,True,0.04410828325367568,REDUCE,9128.164016005274,3,417.5757751464844,9545.739791151758,"Conservative trader saw BULLISH_SIGNAL with bullish_probability=0.71, confidence=0.71, probability_margin=0.45, trend_filter_passed=True, rule=bullish_signal, target_allocation=4.41%."
2025-02-19,2025-02-20,139.991705837455,140.07168579101562,BULLISH_SIGNAL,0.8903860326846019,0.8903860326846019,True,0.17170430906042994,BUY,8006.549908868761,11,1540.7885437011719,9547.338452569933,"Conservative trader saw BULLISH_SIGNAL with bullish_probability=0.89, confidence=0.89, probability_margin=0.79, trend_filter_passed=True, rule=bullish_signal, target_allocation=17.17%."
2025-02-20,2025-02-21,140.0017008694862,134.3932342529297,BULLISH_SIGNAL,0.7196903437374622,0.7196903437374622,True,0.04977881695533014,REDUCE,9124.88405542102,3,403.17970275878906,9528.06375817981,"Conservative trader saw BULLISH_SIGNAL with bullish_probability=0.72, confidence=0.72, probability_margin=0.46, trend_filter_passed=True, rule=bullish_signal, target_allocation=4.98%."
2025-02-21,2025-02-24,136.52266681200447,130.244384765625,BULLISH_SIGNAL,0.6753942905105504,0.6753942905105504,False,0.0429566374697343,HOLD,9124.88405542102,3,390.733154296875,9515.617209717895,"Conservative trader saw BULLISH_SIGNAL with bullish_probability=0.68, confidence=0.68, probability_margin=0.48, trend_filter_passed=False, rule=neutral_hold, target_allocation=4.30%."
2025-02-24,2025-02-25,129.94445760453814,126.59537506103516,BULLISH_SIGNAL,0.7749211382573691,0.7749211382573691,False,0.04097161852193274,HOLD,9124.88405542102,3,379.78612518310547,9504.670180604126,"Conservative trader saw BULLISH_SIGNAL with bullish_probability=0.77, confidence=0.77, probability_margin=0.58, trend_filter_passed=False, rule=neutral_hold, target_allocation=4.10%."
2025-02-25,2025-02-26,129.95446947322534,131.24411010742188,BEARISH_SIGNAL,0.9275316696352905,0.03477523553212416,False,0.0,HOLD,9124.88405542102,3,393.7323303222656,9518.616385743286,"Conservative trader saw BEARISH_SIGNAL with bullish_probability=0.03, confidence=0.93, probability_margin=0.89, trend_filter_passed=False, rule=bearish_exit, target_allocation=0.00%."
2025-02-26,2025-02-27,134.96308744670299,120.11714935302734,BEARISH_SIGNAL,0.6063350835237488,0.176533687033768,False,0.0,HOLD,9124.88405542102,3,360.35144805908203,9485.235503480102,"Conservative trader saw BEARISH_SIGNAL with bullish_probability=0.18, confidence=0.61, probability_margin=0.39, trend_filter_passed=False, rule=bearish_exit, target_allocation=0.00%."
2025-02-27,2025-02-28,117.98772650698133,124.8858413696289,BULLISH_SIGNAL,0.7456547723456235,0.7456547723456235,False,0.03734242896289394,HOLD,9124.88405542102,3,374.6575241088867,9499.541579529907,"Conservative trader saw BULLISH_SIGNAL with bullish_probability=0.75, confidence=0.75, probability_margin=0.51, trend_filter_passed=False, rule=neutral_hold, target_allocation=3.73%."
2025-02-28,2025-03-03,123.47622912906817,114.02880859375,BEARISH_SIGNAL,0.832529054233322,0.14235238251791607,False,0.0,HOLD,9124.88405542102,3,342.08642578125,9466.97048120227,"Conservative trader saw BEARISH_SIGNAL with bullish_probability=0.14, confidence=0.83, probability_margin=0.69, trend_filter_passed=False, rule=bearish_exit, target_allocation=0.00%."
2025-03-03,2025-03-04,110.6197462594264,115.95828247070312,BULLISH_SIGNAL,0.6775064802065872,0.6775064802065872,False,0.035092338710498716,HOLD,9124.88405542102,3,347.8748474121094,9472.75890283313,"Conservative trader saw BULLISH_SIGNAL with bullish_probability=0.68, confidence=0.68, probability_margin=0.39, trend_filter_passed=False, rule=neutral_hold, target_allocation=3.51%."
2025-03-04,2025-03-05,117.54784364725772,117.2679214477539,BEARISH_SIGNAL,0.8047116348682654,0.17045449149530373,False,0.0,HOLD,9124.88405542102,3,351.8037643432617,9476.687819764282,"Conservative trader saw BEARISH_SIGNAL with bullish_probability=0.17, confidence=0.80, probability_margin=0.63, trend_filter_passed=False, rule=bearish_exit, target_allocation=0.00%."
2025-03-05,2025-03-06,113.49895407905146,110.53976440429688,BEARISH_SIGNAL,0.6469310962207369,0.18108438805953045,False,0.0,HOLD,9124.88405542102,3,331.6192932128906,9456.50334863391,"Conservative trader saw BEARISH_SIGNAL with bullish_probability=0.18, confidence=0.65, probability_margin=0.47, trend_filter_passed=False, rule=bearish_exit, target_allocation=0.00%."
2025-03-06,2025-03-07,111.21957864470976,112.65918731689453,BULLISH_SIGNAL,0.7997386325256522,0.7997386325256522,False,0.035275913350953404,HOLD,9124.88405542102,3,337.9775619506836,9462.861617371704,"Conservative trader saw BULLISH_SIGNAL with bullish_probability=0.80, confidence=0.80, probability_margin=0.66, trend_filter_passed=False, rule=neutral_hold, target_allocation=3.53%."
2025-03-07,2025-03-10,109.86995202425706,106.95075225830078,BULLISH_SIGNAL,0.8768697374343197,0.8768697374343197,False,0.03486277099105916,HOLD,9124.88405542102,3,320.85225677490234,9445.736312195922,"Conservative trader saw BULLISH_SIGNAL with bullish_probability=0.88, confidence=0.88, probability_margin=0.80, trend_filter_passed=False, rule=neutral_hold, target_allocation=3.49%."
2025-03-10,2025-03-11,106.96074247458567,108.73026275634766,BULLISH_SIGNAL,0.9620428838808945,0.9620428838808945,False,0.03397101069571637,HOLD,9124.88405542102,3,326.19078826904297,9451.074843690063,"Conservative trader saw BULLISH_SIGNAL with bullish_probability=0.96, confidence=0.96, probability_margin=0.93, trend_filter_passed=False, rule=neutral_hold, target_allocation=3.40%."
2025-03-11,2025-03-12,114.09930053195751,115.71900177001953,BULLISH_SIGNAL,0.9753514754731889,0.9753514754731889,False,0.03615626098135443,HOLD,9124.88405542102,3,347.1570053100586,9472.041060731079,"Conservative trader saw BULLISH_SIGNAL with bullish_probability=0.98, confidence=0.98, probability_margin=0.95, trend_filter_passed=False, rule=neutral_hold, target_allocation=3.62%."
2025-03-12,2025-03-13,117.00876245655117,115.55902862548828,BULLISH_SIGNAL,0.9225452353147996,0.9225452353147996,False,0.03704407013904646,HOLD,9124.88405542102,3,346.67708587646484,9471.561141297485,"Conservative trader saw BULLISH_SIGNAL with bullish_probability=0.92, confidence=0.92, probability_margin=0.87, trend_filter_passed=False, rule=neutral_hold, target_allocation=3.70%."
2025-03-13,2025-03-14,118.58847644066721,121.64791870117188,BULLISH_SIGNAL,0.9120047589270702,0.9120047589270702,False,0.037525427967200584,HOLD,9124.88405542102,3,364.9437561035156,9489.827811524536,"Conservative trader saw BULLISH_SIGNAL with bullish_probability=0.91, confidence=0.91, probability_margin=0.85, trend_filter_passed=False, rule=neutral_hold, target_allocation=3.75%."
2025-03-14,2025-03-17,122.71772499646224,119.50830841064453,BULLISH_SIGNAL,0.7087179135981074,0.7087179135981074,False,0.03878138956518877,HOLD,9124.88405542102,3,358.5249252319336,9483.408980652954,"Conservative trader saw BULLISH_SIGNAL with bullish_probability=0.71, confidence=0.71, probability_margin=0.45, trend_filter_passed=False, rule=neutral_hold, target_allocation=3.88%."
2025-03-17,2025-03-18,117.97858323274161,115.40904998779297,BULLISH_SIGNAL,0.8233173155616008,0.8233173155616008,False,0.0373396432229964,HOLD,9124.88405542102,3,346.2271499633789,9471.111205384399,"Conservative trader saw BULLISH_SIGNAL with bullish_probability=0.82, confidence=0.82, probability_margin=0.66, trend_filter_passed=False, rule=neutral_hold, target_allocation=3.73%."
2025-03-18,2025-03-19,117.24871784817985,117.49867248535156,BULLISH_SIGNAL,0.9855512181518402,0.9855512181518402,False,0.03711721844034421,HOLD,9124.88405542102,3,352.4960174560547,9477.380072877075,"Conservative trader saw BULLISH_SIGNAL with bullish_probability=0.99, confidence=0.99, probability_margin=0.98, trend_filter_passed=False, rule=neutral_hold, target_allocation=3.71%."
2025-03-19,2025-03-20,116.5288475567653,118.50848388671875,BULLISH_SIGNAL,0.910581836323899,0.910581836323899,False,0.03689773893442891,HOLD,9124.88405542102,3,355.52545166015625,9480.409507081176,"Conservative trader saw BULLISH_SIGNAL with bullish_probability=0.91, confidence=0.91, probability_margin=0.83, trend_filter_passed=False, rule=neutral_hold, target_allocation=3.69%."
2025-03-20,2025-03-21,116.91877807414131,117.67863464355469,BULLISH_SIGNAL,0.9383552542191803,0.9383552542191803,False,0.03701663632209901,HOLD,9124.88405542102,3,353.03590393066406,9477.919959351684,"Conservative trader saw BULLISH_SIGNAL with bullish_probability=0.94, confidence=0.94, probability_margin=0.88, trend_filter_passed=False, rule=neutral_hold, target_allocation=3.70%."
2025-03-21,2025-03-24,119.85824123014483,121.38796997070312,BULLISH_SIGNAL,0.899067968187575,0.899067968187575,False,0.037911991824178815,HOLD,9124.88405542102,3,364.1639099121094,9489.04796533313,"Conservative trader saw BULLISH_SIGNAL with bullish_probability=0.90, confidence=0.90, probability_margin=0.80, trend_filter_passed=False, rule=neutral_hold, target_allocation=3.79%."
2025-03-24,2025-03-25,120.52812446850508,120.66809844970703,BULLISH_SIGNAL,0.5006506804873975,0.5006506804873975,False,0.038115804223494656,HOLD,9124.88405542102,3,362.0042953491211,9486.888350770141,"Conservative trader saw BULLISH_SIGNAL with bullish_probability=0.50, confidence=0.50, probability_margin=0.01, trend_filter_passed=False, rule=neutral_hold, target_allocation=3.81%."
2025-03-25,2025-03-26,118.70845626054094,113.7393569946289,BULLISH_SIGNAL,0.975277084390587,0.975277084390587,False,0.03756196759730287,HOLD,9124.88405542102,3,341.2180709838867,9466.102126404907,"Conservative trader saw BULLISH_SIGNAL with bullish_probability=0.98, confidence=0.98, probability_margin=0.96, trend_filter_passed=False, rule=neutral_hold, target_allocation=3.76%."
2025-03-26,2025-03-27,111.32979509417153,111.40978240966797,BULLISH_SIGNAL,0.9533822273747018,0.9533822273747018,False,0.03530963675285976,HOLD,9124.88405542102,3,334.2293472290039,9459.113402650024,"Conservative trader saw BULLISH_SIGNAL with bullish_probability=0.95, confidence=0.95, probability_margin=0.93, trend_filter_passed=False, rule=neutral_hold, target_allocation=3.53%."
2025-03-27,2025-03-28,111.46977019973694,109.65010070800781,BULLISH_SIGNAL,0.8752754892656289,0.8752754892656289,False,0.035352462140616055,HOLD,9124.88405542102,3,328.95030212402344,9453.834357545044,"Conservative trader saw BULLISH_SIGNAL with bullish_probability=0.88, confidence=0.88, probability_margin=0.77, trend_filter_passed=False, rule=neutral_hold, target_allocation=3.54%."
2025-03-28,2025-03-31,105.11091847763528,108.3603286743164,BULLISH_SIGNAL,0.8596880879525337,0.8596880879525337,False,0.03340312640599004,HOLD,9124.88405542102,3,325.0809860229492,9449.96504144397,"Conservative trader saw BULLISH_SIGNAL with bullish_probability=0.86, confidence=0.86, probability_margin=0.76, trend_filter_passed=False, rule=neutral_hold, target_allocation=3.34%."
2025-03-31,2025-04-01,108.50029591126088,110.1300048828125,BEARISH_SIGNAL,0.386996002223496,0.24701144682717008,False,0.0,HOLD,9124.88405542102,3,330.3900146484375,9455.274070069458,"Conservative trader saw BEARISH_SIGNAL with bullish_probability=0.25, confidence=0.39, probability_margin=0.02, trend_filter_passed=False, rule=bearish_exit, target_allocation=0.00%."
2025-04-01,2025-04-02,107.2705266243207,110.39995574951172,BEARISH_SIGNAL,0.5557809368945661,0.27761713409415867,False,0.0,HOLD,9124.88405542102,3,331.19986724853516,9456.083922669555,"Conservative trader saw BEARISH_SIGNAL with bullish_probability=0.28, confidence=0.56, probability_margin=0.28, trend_filter_passed=False, rule=bearish_exit, target_allocation=0.00%."
2025-04-02,2025-04-03,103.49121334940355,101.78152465820312,BEARISH_SIGNAL,0.7095648601028256,0.24686542203154707,False,0.0,HOLD,9124.88405542102,3,305.3445739746094,9430.22862939563,"Conservative trader saw BEARISH_SIGNAL with bullish_probability=0.25, confidence=0.71, probability_margin=0.46, trend_filter_passed=False, rule=bearish_exit, target_allocation=0.00%."
2025-04-03,2025-04-04,98.89205625014841,94.29288482666016,BULLISH_SIGNAL,0.5115887601306582,0.5115887601306582,False,0.03148906993019142,HOLD,9124.88405542102,3,282.87865447998047,9407.762709901,"Conservative trader saw BULLISH_SIGNAL with bullish_probability=0.51, confidence=0.51, probability_margin=0.23, trend_filter_passed=False, rule=neutral_hold, target_allocation=3.15%."
2025-04-04,2025-04-07,87.444123819458,97.62227630615234,BULLISH_SIGNAL,0.9841478266132371,0.9841478266132371,False,0.027945703979638775,HOLD,9124.88405542102,3,292.86682891845703,9417.750884339477,"Conservative trader saw BULLISH_SIGNAL with bullish_probability=0.98, confidence=0.98, probability_margin=0.97, trend_filter_passed=False, rule=neutral_hold, target_allocation=2.79%."
2025-04-07,2025-04-08,103.79115551332612,96.28252410888672,BULLISH_SIGNAL,0.7160643639410331,0.7160643639410331,False,0.03299755923524968,HOLD,9124.88405542102,3,288.84757232666016,9413.73162774768,"Conservative trader saw BULLISH_SIGNAL with bullish_probability=0.72, confidence=0.72, probability_margin=0.44, trend_filter_passed=False, rule=neutral_hold, target_allocation=3.30%."
2025-04-08,2025-04-09,98.87204993981901,114.30924987792969,BULLISH_SIGNAL,0.9288559665798793,0.9288559665798793,False,0.031482900106977824,HOLD,9124.88405542102,3,342.92774963378906,9467.81180505481,"Conservative trader saw BULLISH_SIGNAL with bullish_probability=0.93, confidence=0.93, probability_margin=0.86, trend_filter_passed=False, rule=neutral_hold, target_allocation=3.15%."
2025-04-09,2025-04-10,109.35015243101728,107.55047607421875,BULLISH_SIGNAL,0.7319525893279669,0.7319525893279669,False,0.03470355759386975,HOLD,9124.88405542102,3,322.65142822265625,9447.535483643676,"Conservative trader saw BULLISH_SIGNAL with bullish_probability=0.73, confidence=0.73, probability_margin=0.50, trend_filter_passed=False, rule=neutral_hold, target_allocation=3.47%."
2025-04-10,2025-04-11,108.4803070767672,110.90986633300781,BULLISH_SIGNAL,0.8611751554423341,0.8611751554423341,False,0.0344370084663078,HOLD,9124.88405542102,3,332.72959899902344,9457.613654420044,"Conservative trader saw BULLISH_SIGNAL with bullish_probability=0.86, confidence=0.86, probability_margin=0.75, trend_filter_passed=False, rule=neutral_hold, target_allocation=3.44%."
2025-04-11,2025-04-14,114.08928762467488,110.68990325927734,BULLISH_SIGNAL,0.5544252231662524,0.5544252231662524,False,0.036153202761286654,HOLD,9124.88405542102,3,332.06970977783203,9456.953765198852,"Conservative trader saw BULLISH_SIGNAL with bullish_probability=0.55, confidence=0.55, probability_margin=0.12, trend_filter_passed=False, rule=neutral_hold, target_allocation=3.62%."
2025-04-14,2025-04-15,110.94986159507806,112.17963409423828,BULLISH_SIGNAL,0.8748029060775271,0.8748029060775271,False,0.035193376917514396,HOLD,9124.88405542102,3,336.53890228271484,9461.422957703735,"Conservative trader saw BULLISH_SIGNAL with bullish_probability=0.87, confidence=0.87, probability_margin=0.77, trend_filter_passed=False, rule=neutral_hold, target_allocation=3.52%."
2025-04-15,2025-04-16,104.53103311878802,104.47103881835938,BULLISH_SIGNAL,0.6893574366542013,0.6893574366542013,False,0.03322496777964183,HOLD,9124.88405542102,3,313.4131164550781,9438.297171876098,"Conservative trader saw BULLISH_SIGNAL with bullish_probability=0.69, confidence=0.69, probability_margin=0.53, trend_filter_passed=False, rule=neutral_hold, target_allocation=3.32%."
2025-04-16,2025-04-17,104.43103458781992,101.47157287597656,BULLISH_SIGNAL,0.9506625351113275,0.9506625351113275,False,0.03319423851443475,HOLD,9124.88405542102,3,304.4147186279297,9429.29877404895,"Conservative trader saw BULLISH_SIGNAL with bullish_probability=0.95, confidence=0.95, probability_margin=0.91, trend_filter_passed=False, rule=neutral_hold, target_allocation=3.32%."
2025-04-17,2025-04-21,98.75207336541831,96.89241790771484,BULLISH_SIGNAL,0.9863067966801805,0.9863067966801805,False,0.03144589841912621,HOLD,9124.88405542102,3,290.67725372314453,9415.561309144165,"Conservative trader saw BULLISH_SIGNAL with bullish_probability=0.99, confidence=0.99, probability_margin=0.97, trend_filter_passed=False, rule=neutral_hold, target_allocation=3.14%."
2025-04-21,2025-04-22,98.76206678289148,98.8720474243164,BULLISH_SIGNAL,0.8663011082504084,0.8663011082504084,False,0.03144898057300508,HOLD,9124.88405542102,3,296.6161422729492,9421.50019769397,"Conservative trader saw BULLISH_SIGNAL with bullish_probability=0.87, confidence=0.87, probability_margin=0.74, trend_filter_passed=False, rule=neutral_hold, target_allocation=3.14%."
2025-04-22,2025-04-23,104.5010295750129,102.69136047363281,BULLISH_SIGNAL,0.8256143289289104,0.8256143289289104,False,0.03321574798078523,HOLD,9124.88405542102,3,308.07408142089844,9432.958136841919,"Conservative trader saw BULLISH_SIGNAL with bullish_probability=0.83, confidence=0.83, probability_margin=0.69, trend_filter_passed=False, rule=neutral_hold, target_allocation=3.32%."
2025-04-23,2025-04-24,103.46122117055545,106.41068267822266,BULLISH_SIGNAL,0.624252711907405,0.624252711907405,False,0.032896116226660374,HOLD,9124.88405542102,3,319.23204803466797,9444.116103455688,"Conservative trader saw BULLISH_SIGNAL with bullish_probability=0.62, confidence=0.62, probability_margin=0.25, trend_filter_passed=False, rule=neutral_hold, target_allocation=3.29%."
2025-04-24,2025-04-25,106.83061166162848,110.98986053466797,BULLISH_SIGNAL,0.6962653693031325,0.6962653693031325,False,0.03393108317800496,HOLD,9124.88405542102,3,332.9695816040039,9457.853637025024,"Conservative trader saw BULLISH_SIGNAL with bullish_probability=0.70, confidence=0.70, probability_margin=0.45, trend_filter_passed=False, rule=neutral_hold, target_allocation=3.39%."
2025-04-25,2025-04-28,109.67009863041305,108.71027374267578,NEUTRAL_SIGNAL,0.46429869932381534,0.46200921093157754,False,0.034801562579929876,HOLD,9124.88405542102,3,326.13082122802734,9451.014876649047,"Conservative trader saw NEUTRAL_SIGNAL with bullish_probability=0.46, confidence=0.46, probability_margin=0.00, trend_filter_passed=False, rule=neutral_hold, target_allocation=3.48%."
2025-04-28,2025-04-29,107.65046012276234,109.00021362304688,BULLISH_SIGNAL,0.7888006411821682,0.7888006411821682,False,0.034182578915898154,HOLD,9124.88405542102,3,327.0006408691406,9451.88469629016,"Conservative trader saw BULLISH_SIGNAL with bullish_probability=0.79, confidence=0.79, probability_margin=0.66, trend_filter_passed=False, rule=neutral_hold, target_allocation=3.42%."
2025-04-29,2025-04-30,104.45104108413872,108.90023040771484,BULLISH_SIGNAL,0.8402978540464155,0.8402978540464155,False,0.033200386610379565,HOLD,9124.88405542102,3,326.70069122314453,9451.584746644165,"Conservative trader saw BULLISH_SIGNAL with bullish_probability=0.84, confidence=0.84, probability_margin=0.74, trend_filter_passed=False, rule=neutral_hold, target_allocation=3.32%."
2025-04-30,2025-05-01,113.05947899879722,111.5897445678711,BULLISH_SIGNAL,0.8086792043016944,0.8086792043016944,False,0.03583856692283475,HOLD,9124.88405542102,3,334.7692337036133,9459.653289124633,"Conservative trader saw BULLISH_SIGNAL with bullish_probability=0.81, confidence=0.81, probability_margin=0.63, trend_filter_passed=False, rule=neutral_hold, target_allocation=3.58%."
2025-05-01,2025-05-02,114.15928352450368,114.4792251586914,BULLISH_SIGNAL,0.8838480281662248,0.8838480281662248,False,0.03617458104740471,HOLD,9124.88405542102,3,343.4376754760742,9468.321730897094,"Conservative trader saw BULLISH_SIGNAL with bullish_probability=0.88, confidence=0.88, probability_margin=0.79, trend_filter_passed=False, rule=neutral_hold, target_allocation=3.62%."
2025-05-02,2025-05-05,112.88951601094917,113.79934692382812,NEUTRAL_SIGNAL,0.5711034694374669,0.3974039063021284,True,0.03578661864353618,HOLD,9124.88405542102,3,341.3980407714844,9466.282096192504,"Conservative trader saw NEUTRAL_SIGNAL with bullish_probability=0.40, confidence=0.57, probability_margin=0.17, trend_filter_passed=True, rule=neutral_hold, target_allocation=3.58%."
2025-05-05,2025-05-06,111.45977773347964,113.51940155029297,BULLISH_SIGNAL,0.9076414180523013,0.9076414180523013,True,0.18402958432307231,BUY,7785.359777861396,15,1702.7910232543945,9488.15080111579,"Conservative trader saw BULLISH_SIGNAL with bullish_probability=0.91, confidence=0.91, probability_margin=0.85, trend_filter_passed=True, rule=bullish_signal, target_allocation=18.40%."
2025-05-06,2025-05-07,113.02949042053457,117.03875732421875,BULLISH_SIGNAL,0.7188849809826187,0.7188849809826187,True,0.0492035578447276,REDUCE,9026.819807557535,4,468.155029296875,9494.97483685441,"Conservative trader saw BULLISH_SIGNAL with bullish_probability=0.72, confidence=0.72, probability_margin=0.51, trend_filter_passed=True, rule=bullish_signal, target_allocation=4.92%."
2025-05-07,2025-05-08,118.22854670795566,117.34870910644531,BULLISH_SIGNAL,0.608955694888908,0.608955694888908,True,0.04978183463991,HOLD,9026.819807557535,4,469.39483642578125,9496.214643983316,"Conservative trader saw BULLISH_SIGNAL with bullish_probability=0.61, confidence=0.61, probability_margin=0.26, trend_filter_passed=True, rule=neutral_hold, target_allocation=4.98%."
2025-05-08,2025-05-09,117.32869985728382,116.62882995605469,BULLISH_SIGNAL,0.6958199715415284,0.6958199715415284,True,0.03272855110109171,HOLD,9026.819807557535,4,466.51531982421875,9493.335127381753,"Conservative trader saw BULLISH_SIGNAL with bullish_probability=0.70, confidence=0.70, probability_margin=0.45, trend_filter_passed=True, rule=bullish_signal, target_allocation=3.27%."
2025-05-09,2025-05-12,121.94787211512306,122.9776840209961,BULLISH_SIGNAL,0.843525805070617,0.843525805070617,True,0.1382327179075836,BUY,8294.034678174145,10,1229.776840209961,9523.811518384106,"Conservative trader saw BULLISH_SIGNAL with bullish_probability=0.84, confidence=0.84, probability_margin=0.74, trend_filter_passed=True, rule=bullish_signal, target_allocation=13.82%."
2025-05-12,2025-05-13,124.95732666651305,129.9064178466797,BEARISH_SIGNAL,0.8062367909283252,0.02226837712331551,True,0.0,EXIT TO CASH,9541.734209725912,0,0.0,9541.734209725912,"Conservative trader saw BEARISH_SIGNAL with bullish_probability=0.02, confidence=0.81, probability_margin=0.63, trend_filter_passed=True, rule=bearish_exit, target_allocation=0.00%."
2025-05-13,2025-05-14,133.17581874633882,135.3154296875,NEUTRAL_SIGNAL,0.587015532411721,0.21114522648199296,True,0.0,HOLD,9541.734209725912,0,0.0,9541.734209725912,"Conservative trader saw NEUTRAL_SIGNAL with bullish_probability=0.21, confidence=0.59, probability_margin=0.38, trend_filter_passed=True, rule=neutral_hold, target_allocation=0.00%."
2025-05-14,2025-05-15,134.2656162138544,134.80552673339844,NEUTRAL_SIGNAL,0.532502948675974,0.04951685947760159,True,0.0,HOLD,9541.734209725912,0,0.0,9541.734209725912,"Conservative trader saw NEUTRAL_SIGNAL with bullish_probability=0.05, confidence=0.53, probability_margin=0.11, trend_filter_passed=True, rule=neutral_hold, target_allocation=0.00%."
2025-05-15,2025-05-16,136.19528579014883,135.37542724609375,NEUTRAL_SIGNAL,0.5415037965470363,0.23574846651466685,True,0.0,HOLD,9541.734209725912,0,0.0,9541.734209725912,"Conservative trader saw NEUTRAL_SIGNAL with bullish_probability=0.24, confidence=0.54, probability_margin=0.31, trend_filter_passed=True, rule=neutral_hold, target_allocation=0.00%."
2025-05-16,2025-05-19,132.36596428610483,135.54539489746094,BULLISH_SIGNAL,0.39382456262003174,0.39382456262003174,True,0.0,HOLD,9541.734209725912,0,0.0,9541.734209725912,"Conservative trader saw BULLISH_SIGNAL with bullish_probability=0.39, confidence=0.39, probability_margin=0.01, trend_filter_passed=True, rule=neutral_hold, target_allocation=0.00%."
2025-05-19,2025-05-20,134.26561082544316,134.35560607910156,BULLISH_SIGNAL,0.5753956195557254,0.5753956195557254,True,0.0,HOLD,9541.734209725912,0,0.0,9541.734209725912,"Conservative trader saw BULLISH_SIGNAL with bullish_probability=0.58, confidence=0.58, probability_margin=0.28, trend_filter_passed=True, rule=neutral_hold, target_allocation=0.00%."
2025-05-20,2025-05-21,133.0358430493297,131.7760772705078,BULLISH_SIGNAL,0.6191389079401883,0.6191389079401883,True,0.0,HOLD,9541.734209725912,0,0.0,9541.734209725912,"Conservative trader saw BULLISH_SIGNAL with bullish_probability=0.62, confidence=0.62, probability_margin=0.29, trend_filter_passed=True, rule=neutral_hold, target_allocation=0.00%."
2025-05-21,2025-05-22,132.20599574301846,132.80589294433594,BEARISH_SIGNAL,0.5278222693606801,0.39280667126602936,True,0.0,HOLD,9541.734209725912,0,0.0,9541.734209725912,"Conservative trader saw BEARISH_SIGNAL with bullish_probability=0.39, confidence=0.53, probability_margin=0.14, trend_filter_passed=True, rule=bearish_exit, target_allocation=0.00%."
2025-05-22,2025-05-23,129.97641506418768,131.26617431640625,BULLISH_SIGNAL,0.5608710724848633,0.5608710724848633,True,0.0,HOLD,9541.734209725912,0,0.0,9541.734209725912,"Conservative trader saw BULLISH_SIGNAL with bullish_probability=0.56, confidence=0.56, probability_margin=0.22, trend_filter_passed=True, rule=neutral_hold, target_allocation=0.00%."
2025-05-23,2025-05-27,134.1256417936587,135.47540283203125,BULLISH_SIGNAL,0.5246811709118877,0.5246811709118877,True,0.0,HOLD,9541.734209725912,0,0.0,9541.734209725912,"Conservative trader saw BULLISH_SIGNAL with bullish_probability=0.52, confidence=0.52, probability_margin=0.28, trend_filter_passed=True, rule=neutral_hold, target_allocation=0.00%."
2025-05-27,2025-05-28,136.00531758419635,134.78553771972656,NEUTRAL_SIGNAL,0.8758826167243612,0.05582907619177966,True,0.0,HOLD,9541.734209725912,0,0.0,9541.734209725912,"Conservative trader saw NEUTRAL_SIGNAL with bullish_probability=0.06, confidence=0.88, probability_margin=0.81, trend_filter_passed=True, rule=neutral_hold, target_allocation=0.00%."
2025-05-28,2025-05-29,142.22419152756274,139.1647491455078,BULLISH_SIGNAL,0.6616355842884717,0.6616355842884717,True,0.00831113163462262,HOLD,9541.734209725912,0,0.0,9541.734209725912,"Conservative trader saw BULLISH_SIGNAL with bullish_probability=0.66, confidence=0.66, probability_margin=0.48, trend_filter_passed=True, rule=bullish_signal, target_allocation=0.83%."
2025-05-29,2025-05-30,138.6948289010735,135.10548400878906,NEUTRAL_SIGNAL,0.8214880979830055,0.05184168607454362,True,0.0,HOLD,9541.734209725912,0,0.0,9541.734209725912,"Conservative trader saw NEUTRAL_SIGNAL with bullish_probability=0.05, confidence=0.82, probability_margin=0.69, trend_filter_passed=True, rule=neutral_hold, target_allocation=0.00%."
2025-05-30,2025-06-02,135.46541564458173,137.35507202148438,BEARISH_SIGNAL,0.9392441013985106,0.045435156476568095,True,0.0,HOLD,9541.734209725912,0,0.0,9541.734209725912,"Conservative trader saw BEARISH_SIGNAL with bullish_probability=0.05, confidence=0.94, probability_margin=0.89, trend_filter_passed=True, rule=bearish_exit, target_allocation=0.00%."
2025-06-02,2025-06-03,138.75480693174418,141.19436645507812,BEARISH_SIGNAL,0.4990765252481364,0.47976169843850336,True,0.0,HOLD,9541.734209725912,0,0.0,9541.734209725912,"Conservative trader saw BEARISH_SIGNAL with bullish_probability=0.48, confidence=0.50, probability_margin=0.02, trend_filter_passed=True, rule=bearish_exit, target_allocation=0.00%."
2025-06-03,2025-06-04,142.1641966028205,141.8942413330078,NEUTRAL_SIGNAL,0.6641971629002189,0.27657188895507223,True,0.0,HOLD,9541.734209725912,0,0.0,9541.734209725912,"Conservative trader saw NEUTRAL_SIGNAL with bullish_probability=0.28, confidence=0.66, probability_margin=0.39, trend_filter_passed=True, rule=neutral_hold, target_allocation=0.00%."
2025-06-04,2025-06-05,142.14419665233672,139.964599609375,BULLISH_SIGNAL,0.47221786328832177,0.47221786328832177,True,0.0,HOLD,9541.734209725912,0,0.0,9541.734209725912,"Conservative trader saw BULLISH_SIGNAL with bullish_probability=0.47, confidence=0.47, probability_margin=0.04, trend_filter_passed=True, rule=neutral_hold, target_allocation=0.00%."
2025-06-05,2025-06-06,142.4841247816278,141.69427490234375,BULLISH_SIGNAL,0.8242866843712089,0.8242866843712089,True,0.12449048883657778,BUY,8400.150832039011,8,1133.55419921875,9533.705031257761,"Conservative trader saw BULLISH_SIGNAL with bullish_probability=0.82, confidence=0.82, probability_margin=0.68, trend_filter_passed=True, rule=bullish_signal, target_allocation=12.45%."
2025-06-06,2025-06-09,143.16402192873528,142.6041259765625,BULLISH_SIGNAL,0.7390339383636746,0.7390339383636746,True,0.06359567025976755,REDUCE,8971.948221950424,4,570.41650390625,9542.364725856674,"Conservative trader saw BULLISH_SIGNAL with bullish_probability=0.74, confidence=0.74, probability_margin=0.60, trend_filter_passed=True, rule=bullish_signal, target_allocation=6.36%."
2025-06-09,2025-06-10,142.66410985007164,143.9338836669922,BEARISH_SIGNAL,0.42785208049324486,0.4072523984543705,True,0.0,EXIT TO CASH,9541.74896201983,0,0.0,9541.74896201983,"Conservative trader saw BEARISH_SIGNAL with bullish_probability=0.41, confidence=0.43, probability_margin=0.02, trend_filter_passed=True, rule=bearish_exit, target_allocation=0.00%."
2025-06-10,2025-06-11,144.59379466225064,142.81399536132812,BEARISH_SIGNAL,0.7198709660430148,0.22073527576777424,True,0.0,HOLD,9541.74896201983,0,0.0,9541.74896201983,"Conservative trader saw BEARISH_SIGNAL with bullish_probability=0.22, confidence=0.72, probability_margin=0.50, trend_filter_passed=True, rule=bearish_exit, target_allocation=0.00%."
2025-06-11,2025-06-12,141.9540901919345,144.98374938964844,BEARISH_SIGNAL,0.46290496621818233,0.3070251414081402,True,0.0,HOLD,9541.74896201983,0,0.0,9541.74896201983,"Conservative trader saw BEARISH_SIGNAL with bullish_probability=0.31, confidence=0.46, probability_margin=0.16, trend_filter_passed=True, rule=bearish_exit, target_allocation=0.00%."
2025-06-12,2025-06-13,142.4640236398758,141.95408630371094,BEARISH_SIGNAL,0.9134712020172525,0.05034627745728546,True,0.0,HOLD,9541.74896201983,0,0.0,9541.74896201983,"Conservative trader saw BEARISH_SIGNAL with bullish_probability=0.05, confidence=0.91, probability_margin=0.86, trend_filter_passed=True, rule=bearish_exit, target_allocation=0.00%."
2025-06-13,2025-06-16,143.33393622751285,144.6737823486328,BEARISH_SIGNAL,0.4259312268683241,0.20687533087040935,True,0.0,HOLD,9541.74896201983,0,0.0,9541.74896201983,"Conservative trader saw BEARISH_SIGNAL with bullish_probability=0.21, confidence=0.43, probability_margin=0.06, trend_filter_passed=True, rule=bearish_exit, target_allocation=0.00%."
2025-06-16,2025-06-17,144.4738049491523,144.1038360595703,BEARISH_SIGNAL,0.700443015918497,0.15925714852763714,True,0.0,HOLD,9541.74896201983,0,0.0,9541.74896201983,"Conservative trader saw BEARISH_SIGNAL with bullish_probability=0.16, confidence=0.70, probability_margin=0.54, trend_filter_passed=True, rule=bearish_exit, target_allocation=0.00%."
2025-06-17,2025-06-18,143.9938476821936,145.46368408203125,BEARISH_SIGNAL,0.8878328773073968,0.00025705461646164025,True,0.0,HOLD,9541.74896201983,0,0.0,9541.74896201983,"Conservative trader saw BEARISH_SIGNAL with bullish_probability=0.00, confidence=0.89, probability_margin=0.78, trend_filter_passed=True, rule=bearish_exit, target_allocation=0.00%."
2025-06-18,2025-06-20,145.43368901636921,143.83387756347656,BEARISH_SIGNAL,0.738059941625429,0.00613286493914695,True,0.0,HOLD,9541.74896201983,0,0.0,9541.74896201983,"Conservative trader saw BEARISH_SIGNAL with bullish_probability=0.01, confidence=0.74, probability_margin=0.48, trend_filter_passed=True, rule=bearish_exit, target_allocation=0.00%."
2025-06-20,2025-06-23,142.48402812138661,144.15383911132812,BEARISH_SIGNAL,0.7054324799663356,0.006965393370692106,True,0.0,HOLD,9541.74896201983,0,0.0,9541.74896201983,"Conservative trader saw BEARISH_SIGNAL with bullish_probability=0.01, confidence=0.71, probability_margin=0.42, trend_filter_passed=True, rule=bearish_exit, target_allocation=0.00%."
2025-06-23,2025-06-24,145.54367367470394,147.88340759277344,BEARISH_SIGNAL,0.7134774451338097,0.005664870296485956,True,0.0,HOLD,9541.74896201983,0,0.0,9541.74896201983,"Conservative trader saw BEARISH_SIGNAL with bullish_probability=0.01, confidence=0.71, probability_margin=0.43, trend_filter_passed=True, rule=bearish_exit, target_allocation=0.00%."
2025-06-24,2025-06-25,149.25328072295656,154.29270935058594,NEUTRAL_SIGNAL,0.7115974567172074,0.022090997759238132,True,0.0,HOLD,9541.74896201983,0,0.0,9541.74896201983,"Conservative trader saw NEUTRAL_SIGNAL with bullish_probability=0.02, confidence=0.71, probability_margin=0.45, trend_filter_passed=True, rule=neutral_hold, target_allocation=0.00%."
2025-06-25,2025-06-26,155.9625083392563,155.00262451171875,NEUTRAL_SIGNAL,0.8684008533864659,0.07097859221104713,True,0.0,HOLD,9541.74896201983,0,0.0,9541.74896201983,"Conservative trader saw NEUTRAL_SIGNAL with bullish_probability=0.07, confidence=0.87, probability_margin=0.80, trend_filter_passed=True, rule=neutral_hold, target_allocation=0.00%."
2025-06-26,2025-06-27,156.02250005395288,157.73231506347656,NEUTRAL_SIGNAL,0.6780677110177101,0.2658089565997165,True,0.0,HOLD,9541.74896201983,0,0.0,9541.74896201983,"Conservative trader saw NEUTRAL_SIGNAL with bullish_probability=0.27, confidence=0.68, probability_margin=0.41, trend_filter_passed=True, rule=neutral_hold, target_allocation=0.00%."
2025-06-27,2025-06-30,158.38224776867892,157.97230529785156,BEARISH_SIGNAL,0.39031186590036104,0.3612814219901043,True,0.0,HOLD,9541.74896201983,0,0.0,9541.74896201983,"Conservative trader saw BEARISH_SIGNAL with bullish_probability=0.36, confidence=0.39, probability_margin=0.03, trend_filter_passed=True, rule=bearish_exit, target_allocation=0.00%."
2025-06-30,2025-07-01,156.27249233706732,153.2828369140625,BULLISH_SIGNAL,0.4369271288843223,0.4369271288843223,True,0.0,HOLD,9541.74896201983,0,0.0,9541.74896201983,"Conservative trader saw BULLISH_SIGNAL with bullish_probability=0.44, confidence=0.44, probability_margin=0.06, trend_filter_passed=True, rule=neutral_hold, target_allocation=0.00%."
2025-07-01,2025-07-02,152.962850389823,157.2323760986328,BEARISH_SIGNAL,0.481734613427611,0.100096724529344,True,0.0,HOLD,9541.74896201983,0,0.0,9541.74896201983,"Conservative trader saw BEARISH_SIGNAL with bullish_probability=0.10, confidence=0.48, probability_margin=0.06, trend_filter_passed=True, rule=bearish_exit, target_allocation=0.00%."
2025-07-02,2025-07-03,158.35225101493015,159.3221435546875,BEARISH_SIGNAL,0.8679882591248096,0.03508060882743677,True,0.0,HOLD,9541.74896201983,0,0.0,9541.74896201983,"Conservative trader saw BEARISH_SIGNAL with bullish_probability=0.04, confidence=0.87, probability_margin=0.77, trend_filter_passed=True, rule=bearish_exit, target_allocation=0.00%."
2025-07-03,2025-07-07,158.18227071828886,158.22227478027344,BULLISH_SIGNAL,0.5930616371030923,0.5930616371030923,True,0.0,HOLD,9541.74896201983,0,0.0,9541.74896201983,"Conservative trader saw BULLISH_SIGNAL with bullish_probability=0.59, confidence=0.59, probability_margin=0.26, trend_filter_passed=True, rule=neutral_hold, target_allocation=0.00%."
2025-07-07,2025-07-08,159.31214783171163,159.98207092285156,BEARISH_SIGNAL,0.9124091179186212,0.025687785829022803,True,0.0,HOLD,9541.74896201983,0,0.0,9541.74896201983,"Conservative trader saw BEARISH_SIGNAL with bullish_probability=0.03, confidence=0.91, probability_margin=0.85, trend_filter_passed=True, rule=bearish_exit, target_allocation=0.00%."
2025-07-08,2025-07-09,161.20193770023792,162.86175537109375,BEARISH_SIGNAL,0.8823305295580409,0.03499940771596135,True,0.0,HOLD,9541.74896201983,0,0.0,9541.74896201983,"Conservative trader saw BEARISH_SIGNAL with bullish_probability=0.03, confidence=0.88, probability_margin=0.80, trend_filter_passed=True, rule=bearish_exit, target_allocation=0.00%."
2025-07-09,2025-07-10,164.30159583301895,164.0816192626953,BULLISH_SIGNAL,0.6345531794757323,0.6345531794757323,True,0.0,HOLD,9541.74896201983,0,0.0,9541.74896201983,"Conservative trader saw BULLISH_SIGNAL with bullish_probability=0.63, confidence=0.63, probability_margin=0.29, trend_filter_passed=True, rule=neutral_hold, target_allocation=0.00%."
2025-07-10,2025-07-11,163.70165728031435,164.90151977539062,BEARISH_SIGNAL,0.5156001410947862,0.27647299991897,True,0.0,HOLD,9541.74896201983,0,0.0,9541.74896201983,"Conservative trader saw BEARISH_SIGNAL with bullish_probability=0.28, confidence=0.52, probability_margin=0.24, trend_filter_passed=True, rule=bearish_exit, target_allocation=0.00%."
2025-07-11,2025-07-14,165.35146259057728,164.05162048339844,BEARISH_SIGNAL,0.9160870180896515,0.053667072949052416,True,0.0,HOLD,9541.74896201983,0,0.0,9541.74896201983,"Conservative trader saw BEARISH_SIGNAL with bullish_probability=0.05, confidence=0.92, probability_margin=0.86, trend_filter_passed=True, rule=bearish_exit, target_allocation=0.00%."
2025-07-14,2025-07-15,171.17081299302788,170.6808624267578,BEARISH_SIGNAL,0.7765584350341952,0.1275122222008971,True,0.0,HOLD,9541.74896201983,0,0.0,9541.74896201983,"Conservative trader saw BEARISH_SIGNAL with bullish_probability=0.13, confidence=0.78, probability_margin=0.65, trend_filter_passed=True, rule=bearish_exit, target_allocation=0.00%."
2025-07-15,2025-07-16,171.04083672550954,171.35079956054688,BULLISH_SIGNAL,0.7299439454350677,0.7299439454350677,True,0.05710281816790548,BUY,9027.856511516782,3,514.0523986816406,9541.908910198423,"Conservative trader saw BULLISH_SIGNAL with bullish_probability=0.73, confidence=0.73, probability_margin=0.57, trend_filter_passed=True, rule=bullish_signal, target_allocation=5.71%."
2025-07-16,2025-07-17,172.00073538495315,172.98062133789062,BEARISH_SIGNAL,0.49719591153433734,0.327816763732974,True,0.0,EXIT TO CASH,9543.084972363513,0,0.0,9543.084972363513,"Conservative trader saw BEARISH_SIGNAL with bullish_probability=0.33, confidence=0.50, probability_margin=0.17, trend_filter_passed=True, rule=bearish_exit, target_allocation=0.00%."
2025-07-17,2025-07-18,173.62054394819432,172.39068603515625,BEARISH_SIGNAL,0.8299081240860063,0.1269595059854313,True,0.0,HOLD,9543.084972363513,0,0.0,9543.084972363513,"Conservative trader saw BEARISH_SIGNAL with bullish_probability=0.13, confidence=0.83, probability_margin=0.70, trend_filter_passed=True, rule=bearish_exit, target_allocation=0.00%."
2025-07-18,2025-07-21,172.73065099594356,171.36080932617188,NEUTRAL_SIGNAL,0.42021951759594295,0.18820027901268424,True,0.0,HOLD,9543.084972363513,0,0.0,9543.084972363513,"Conservative trader saw NEUTRAL_SIGNAL with bullish_probability=0.19, confidence=0.42, probability_margin=0.03, trend_filter_passed=True, rule=neutral_hold, target_allocation=0.00%."
2025-07-21,2025-07-22,171.32080634495316,167.01129150390625,BEARISH_SIGNAL,0.6270249814891063,0.034210001090714794,True,0.0,HOLD,9543.084972363513,0,0.0,9543.084972363513,"Conservative trader saw BEARISH_SIGNAL with bullish_probability=0.03, confidence=0.63, probability_margin=0.29, trend_filter_passed=True, rule=bearish_exit, target_allocation=0.00%."
2025-07-22,2025-07-23,169.511004310231,170.7608642578125,BEARISH_SIGNAL,0.8014542763132264,0.15790345065476824,True,0.0,HOLD,9543.084972363513,0,0.0,9543.084972363513,"Conservative trader saw BEARISH_SIGNAL with bullish_probability=0.16, confidence=0.80, probability_margin=0.64, trend_filter_passed=True, rule=bearish_exit, target_allocation=0.00%."
2025-07-23,2025-07-24,172.42067791171223,173.7205352783203,BEARISH_SIGNAL,0.8155376825048415,0.11136077927387668,True,0.0,HOLD,9543.084972363513,0,0.0,9543.084972363513,"Conservative trader saw BEARISH_SIGNAL with bullish_probability=0.11, confidence=0.82, probability_margin=0.70, trend_filter_passed=True, rule=bearish_exit, target_allocation=0.00%."
2025-07-24,2025-07-25,173.59054858813744,173.48056030273438,BEARISH_SIGNAL,0.6701487880798331,0.15276561483865006,True,0.0,HOLD,9543.084972363513,0,0.0,9543.084972363513,"Conservative trader saw BEARISH_SIGNAL with bullish_probability=0.15, confidence=0.67, probability_margin=0.49, trend_filter_passed=True, rule=bearish_exit, target_allocation=0.00%."
2025-07-25,2025-07-28,174.00050427681666,176.73019409179688,BEARISH_SIGNAL,0.6874882985150826,0.04273078620703146,True,0.0,HOLD,9543.084972363513,0,0.0,9543.084972363513,"Conservative trader saw BEARISH_SIGNAL with bullish_probability=0.04, confidence=0.69, probability_margin=0.42, trend_filter_passed=True, rule=bearish_exit, target_allocation=0.00%."
2025-07-28,2025-07-29,177.94006357342778,175.49032592773438,BEARISH_SIGNAL,0.801480579146397,0.09401517062412384,True,0.0,HOLD,9543.084972363513,0,0.0,9543.084972363513,"Conservative trader saw BEARISH_SIGNAL with bullish_probability=0.09, confidence=0.80, probability_margin=0.70, trend_filter_passed=True, rule=bearish_exit, target_allocation=0.00%."
2025-07-29,2025-07-30,176.49022309733303,179.2499237060547,BEARISH_SIGNAL,0.5547296169720546,0.021109521070162934,True,0.0,HOLD,9543.084972363513,0,0.0,9543.084972363513,"Conservative trader saw BEARISH_SIGNAL with bullish_probability=0.02, confidence=0.55, probability_margin=0.13, trend_filter_passed=True, rule=bearish_exit, target_allocation=0.00%."
2025-07-30,2025-07-31,182.87950237318685,177.85006713867188,NEUTRAL_SIGNAL,0.5359663420599902,0.1404075960943149,True,0.0,HOLD,9543.084972363513,0,0.0,9543.084972363513,"Conservative trader saw NEUTRAL_SIGNAL with bullish_probability=0.14, confidence=0.54, probability_margin=0.21, trend_filter_passed=True, rule=neutral_hold, target_allocation=0.00%."
2025-07-31,2025-08-01,174.07048465468185,173.70053100585938,BEARISH_SIGNAL,0.6759332621340238,0.08123407209732075,True,0.0,HOLD,9543.084972363513,0,0.0,9543.084972363513,"Conservative trader saw BEARISH_SIGNAL with bullish_probability=0.08, confidence=0.68, probability_margin=0.43, trend_filter_passed=True, rule=bearish_exit, target_allocation=0.00%."
2025-08-01,2025-08-04,175.14037394842856,179.97982788085938,BEARISH_SIGNAL,0.8329061035457732,0.07499531305246487,True,0.0,HOLD,9543.084972363513,0,0.0,9543.084972363513,"Conservative trader saw BEARISH_SIGNAL with bullish_probability=0.07, confidence=0.83, probability_margin=0.74, trend_filter_passed=True, rule=bearish_exit, target_allocation=0.00%."
2025-08-04,2025-08-05,179.59986897635343,178.24002075195312,NEUTRAL_SIGNAL,0.47864418176043144,0.24486914653639408,True,0.0,HOLD,9543.084972363513,0,0.0,9543.084972363513,"Conservative trader saw NEUTRAL_SIGNAL with bullish_probability=0.24, confidence=0.48, probability_margin=0.20, trend_filter_passed=True, rule=neutral_hold, target_allocation=0.00%."
2025-08-05,2025-08-06,176.31023710297544,179.39988708496094,BEARISH_SIGNAL,0.7043975691599039,0.13349210947440637,True,0.0,HOLD,9543.084972363513,0,0.0,9543.084972363513,"Conservative trader saw BEARISH_SIGNAL with bullish_probability=0.13, confidence=0.70, probability_margin=0.54, trend_filter_passed=True, rule=bearish_exit, target_allocation=0.00%."
2025-08-06,2025-08-07,181.54965397485878,180.74974060058594,BEARISH_SIGNAL,0.6069784958364092,0.14739835211816893,True,0.0,HOLD,9543.084972363513,0,0.0,9543.084972363513,"Conservative trader saw BEARISH_SIGNAL with bullish_probability=0.15, confidence=0.61, probability_margin=0.36, trend_filter_passed=True, rule=bearish_exit, target_allocation=0.00%."
2025-08-07,2025-08-08,181.52965464990967,182.6795196533203,BEARISH_SIGNAL,0.6848790959097588,0.10117715185145462,True,0.0,HOLD,9543.084972363513,0,0.0,9543.084972363513,"Conservative trader saw BEARISH_SIGNAL with bullish_probability=0.10, confidence=0.68, probability_margin=0.47, trend_filter_passed=True, rule=bearish_exit, target_allocation=0.00%."
2025-08-08,2025-08-11,182.02960317073044,182.0395965576172,BEARISH_SIGNAL,0.49224909004320505,0.09289660272670776,True,0.0,HOLD,9543.084972363513,0,0.0,9543.084972363513,"Conservative trader saw BEARISH_SIGNAL with bullish_probability=0.09, confidence=0.49, probability_margin=0.08, trend_filter_passed=True, rule=bearish_exit, target_allocation=0.00%."
2025-08-11,2025-08-12,182.9395060522284,183.1394805908203,BEARISH_SIGNAL,0.8876143553339684,0.04440978263078544,True,0.0,HOLD,9543.084972363513,0,0.0,9543.084972363513,"Conservative trader saw BEARISH_SIGNAL with bullish_probability=0.04, confidence=0.89, probability_margin=0.82, trend_filter_passed=True, rule=bearish_exit, target_allocation=0.00%."
2025-08-12,2025-08-13,182.59952443546638,181.56964111328125,NEUTRAL_SIGNAL,0.6177075535835972,0.12401330441551835,True,0.0,HOLD,9543.084972363513,0,0.0,9543.084972363513,"Conservative trader saw NEUTRAL_SIGNAL with bullish_probability=0.12, confidence=0.62, probability_margin=0.36, trend_filter_passed=True, rule=neutral_hold, target_allocation=0.00%."
2025-08-13,2025-08-14,179.7298534235828,181.99960327148438,BEARISH_SIGNAL,0.6327291654742567,0.019804366546999543,True,0.0,HOLD,9543.084972363513,0,0.0,9543.084972363513,"Conservative trader saw BEARISH_SIGNAL with bullish_probability=0.02, confidence=0.63, probability_margin=0.29, trend_filter_passed=True, rule=bearish_exit, target_allocation=0.00%."
2025-08-14,2025-08-15,181.85962676701382,180.42977905273438,BEARISH_SIGNAL,0.6305696436331504,0.015528397450915185,True,0.0,HOLD,9543.084972363513,0,0.0,9543.084972363513,"Conservative trader saw BEARISH_SIGNAL with bullish_probability=0.02, confidence=0.63, probability_margin=0.28, trend_filter_passed=True, rule=bearish_exit, target_allocation=0.00%."
2025-08-15,2025-08-18,180.57976314427117,181.98959350585938,NEUTRAL_SIGNAL,0.5904173417954357,0.01167752169629353,True,0.0,HOLD,9543.084972363513,0,0.0,9543.084972363513,"Conservative trader saw NEUTRAL_SIGNAL with bullish_probability=0.01, confidence=0.59, probability_margin=0.19, trend_filter_passed=True, rule=neutral_hold, target_allocation=0.00%."
2025-08-18,2025-08-19,182.4095478886331,175.6203155517578,BEARISH_SIGNAL,0.963839412919077,0.0005009122074373095,True,0.0,HOLD,9543.084972363513,0,0.0,9543.084972363513,"Conservative trader saw BEARISH_SIGNAL with bullish_probability=0.00, confidence=0.96, probability_margin=0.93, trend_filter_passed=True, rule=bearish_exit, target_allocation=0.00%."
2025-08-19,2025-08-20,175.1503706193276,175.38034057617188,BEARISH_SIGNAL,0.8025391095731483,0.021864582144233514,True,0.0,HOLD,9543.084972363513,0,0.0,9543.084972363513,"Conservative trader saw BEARISH_SIGNAL with bullish_probability=0.02, confidence=0.80, probability_margin=0.63, trend_filter_passed=True, rule=bearish_exit, target_allocation=0.00%."
2025-08-20,2025-08-21,174.83041312567687,174.96038818359375,BEARISH_SIGNAL,0.8175639675219315,0.03723720665205325,True,0.0,HOLD,9543.084972363513,0,0.0,9543.084972363513,"Conservative trader saw BEARISH_SIGNAL with bullish_probability=0.04, confidence=0.82, probability_margin=0.67, trend_filter_passed=True, rule=bearish_exit, target_allocation=0.00%."
2025-08-21,2025-08-22,172.59066018618677,177.97006225585938,BEARISH_SIGNAL,0.8547793222614052,0.02875679799840651,True,0.0,HOLD,9543.084972363513,0,0.0,9543.084972363513,"Conservative trader saw BEARISH_SIGNAL with bullish_probability=0.03, confidence=0.85, probability_margin=0.74, trend_filter_passed=True, rule=bearish_exit, target_allocation=0.00%."
2025-08-22,2025-08-25,178.33002804439553,179.78985595703125,BULLISH_SIGNAL,0.4263220902384347,0.4263220902384347,True,0.0,HOLD,9543.084972363513,0,0.0,9543.084972363513,"Conservative trader saw BULLISH_SIGNAL with bullish_probability=0.43, confidence=0.43, probability_margin=0.13, trend_filter_passed=True, rule=neutral_hold, target_allocation=0.00%."
2025-08-25,2025-08-26,180.0398187111229,181.7496337890625,BEARISH_SIGNAL,0.478574328027618,0.38456254757709796,True,0.0,HOLD,9543.084972363513,0,0.0,9543.084972363513,"Conservative trader saw BEARISH_SIGNAL with bullish_probability=0.38, confidence=0.48, probability_margin=0.09, trend_filter_passed=True, rule=bearish_exit, target_allocation=0.00%."
2025-08-26,2025-08-27,181.95959791056248,181.57965087890625,BEARISH_SIGNAL,0.8018802941501786,0.09451443605991598,True,0.0,HOLD,9543.084972363513,0,0.0,9543.084972363513,"Conservative trader saw BEARISH_SIGNAL with bullish_probability=0.09, confidence=0.80, probability_margin=0.70, trend_filter_passed=True, rule=bearish_exit, target_allocation=0.00%."
2025-08-27,2025-08-28,180.79974711518173,180.14981079101562,NEUTRAL_SIGNAL,0.4888209004781823,0.2755522143805916,True,0.0,HOLD,9543.084972363513,0,0.0,9543.084972363513,"Conservative trader saw NEUTRAL_SIGNAL with bullish_probability=0.28, confidence=0.49, probability_margin=0.21, trend_filter_passed=True, rule=neutral_hold, target_allocation=0.00%."
2025-08-28,2025-08-29,178.09004428153852,174.1604766845703,NEUTRAL_SIGNAL,0.48153643106300104,0.06375034677030647,True,0.0,HOLD,9543.084972363513,0,0.0,9543.084972363513,"Conservative trader saw NEUTRAL_SIGNAL with bullish_probability=0.06, confidence=0.48, probability_margin=0.03, trend_filter_passed=True, rule=neutral_hold, target_allocation=0.00%."
2025-08-29,2025-09-02,169.980952871088,170.7608642578125,BULLISH_SIGNAL,0.7340110053667825,0.7340110053667825,True,0.06000786097627323,BUY,9032.3769444909,3,512.2825927734375,9544.659537264337,"Conservative trader saw BULLISH_SIGNAL with bullish_probability=0.73, confidence=0.73, probability_margin=0.58, trend_filter_passed=True, rule=bullish_signal, target_allocation=6.00%."
2025-09-02,2025-09-03,171.0408442884315,170.60089111328125,BULLISH_SIGNAL,0.7939575118560503,0.7939575118560503,False,0.05375544088421169,HOLD,9032.3769444909,3,511.80267333984375,9544.179617830743,"Conservative trader saw BULLISH_SIGNAL with bullish_probability=0.79, confidence=0.79, probability_margin=0.68, trend_filter_passed=False, rule=neutral_hold, target_allocation=5.38%."
2025-09-03,2025-09-04,170.55090333056648,171.64077758789062,BULLISH_SIGNAL,0.7487933204608154,0.7487933204608154,False,0.05360971502759199,HOLD,9032.3769444909,3,514.9223327636719,9547.299277254571,"Conservative trader saw BULLISH_SIGNAL with bullish_probability=0.75, confidence=0.75, probability_margin=0.55, trend_filter_passed=False, rule=neutral_hold, target_allocation=5.36%."
2025-09-04,2025-09-05,168.01117837826322,167.0012969970703,BEARISH_SIGNAL,0.41050989921461395,0.18289070786282188,False,0.0,EXIT TO CASH,9535.654681339754,0,0.0,9535.654681339754,"Conservative trader saw BEARISH_SIGNAL with bullish_probability=0.18, confidence=0.41, probability_margin=0.00, trend_filter_passed=False, rule=bearish_exit, target_allocation=0.00%."
2025-09-05,2025-09-08,167.53122834914853,168.2911376953125,BEARISH_SIGNAL,0.7350945847904549,0.19214757243305283,False,0.0,HOLD,9535.654681339754,0,0.0,9535.654681339754,"Conservative trader saw BEARISH_SIGNAL with bullish_probability=0.19, confidence=0.74, probability_margin=0.54, trend_filter_passed=False, rule=bearish_exit, target_allocation=0.00%."
2025-09-08,2025-09-09,169.0710489481518,170.74085998535156,BULLISH_SIGNAL,0.41817578013728934,0.41817578013728934,False,0.0,HOLD,9535.654681339754,0,0.0,9535.654681339754,"Conservative trader saw BULLISH_SIGNAL with bullish_probability=0.42, confidence=0.42, probability_margin=0.05, trend_filter_passed=False, rule=neutral_hold, target_allocation=0.00%."
2025-09-09,2025-09-10,176.62020974984335,177.3101348876953,BULLISH_SIGNAL,0.5530814707568628,0.5530814707568628,False,0.0,HOLD,9535.654681339754,0,0.0,9535.654681339754,"Conservative trader saw BULLISH_SIGNAL with bullish_probability=0.55, confidence=0.55, probability_margin=0.31, trend_filter_passed=False, rule=neutral_hold, target_allocation=0.00%."
2025-09-10,2025-09-11,179.66999584989978,177.16014099121094,BULLISH_SIGNAL,0.6568316088963997,0.6568316088963997,True,0.004879720640285475,HOLD,9535.654681339754,0,0.0,9535.654681339754,"Conservative trader saw BULLISH_SIGNAL with bullish_probability=0.66, confidence=0.66, probability_margin=0.34, trend_filter_passed=True, rule=bullish_signal, target_allocation=0.49%."
2025-09-11,2025-09-12,177.76010410307373,177.8101043701172,NEUTRAL_SIGNAL,0.603951734493557,0.3860581356964288,True,0.0,HOLD,9535.654681339754,0,0.0,9535.654681339754,"Conservative trader saw NEUTRAL_SIGNAL with bullish_probability=0.39, confidence=0.60, probability_margin=0.22, trend_filter_passed=True, rule=neutral_hold, target_allocation=0.00%."
2025-09-12,2025-09-15,175.66021109761542,177.74009704589844,BULLISH_SIGNAL,0.7778649850083429,0.7778649850083429,True,0.09133213214881634,BUY,8831.959524362284,4,710.9603881835938,9542.919912545878,"Conservative trader saw BULLISH_SIGNAL with bullish_probability=0.78, confidence=0.78, probability_margin=0.57, trend_filter_passed=True, rule=bullish_signal, target_allocation=9.13%."
2025-09-15,2025-09-16,176.99014687805604,174.87026977539062,BULLISH_SIGNAL,0.7106353043955398,0.7106353043955398,True,0.043310931711099836,HOLD,8831.959524362284,4,699.4810791015625,9531.440603463847,"Conservative trader saw BULLISH_SIGNAL with bullish_probability=0.71, confidence=0.71, probability_margin=0.45, trend_filter_passed=True, rule=bullish_signal, target_allocation=4.33%."
2025-09-16,2025-09-17,172.63039291663662,170.280517578125,NEUTRAL_SIGNAL,0.7900493654270877,0.1555934016050564,True,0.07251487975696957,HOLD,8831.959524362284,4,681.1220703125,9513.081594674784,"Conservative trader saw NEUTRAL_SIGNAL with bullish_probability=0.16, confidence=0.79, probability_margin=0.63, trend_filter_passed=True, rule=neutral_hold, target_allocation=7.25%."
2025-09-17,2025-09-18,173.9703101424577,176.23019409179688,BULLISH_SIGNAL,0.9437222190193678,0.9437222190193678,False,0.07303661529809256,HOLD,8831.959524362284,4,704.9207763671875,9536.880300729472,"Conservative trader saw BULLISH_SIGNAL with bullish_probability=0.94, confidence=0.94, probability_margin=0.91, trend_filter_passed=False, rule=neutral_hold, target_allocation=7.30%."
2025-09-18,2025-09-19,175.7602124903078,176.66015625,BULLISH_SIGNAL,0.7443050744954189,0.7443050744954189,True,0.0673607674967278,HOLD,8831.959524362284,4,706.640625,9538.600149362284,"Conservative trader saw BULLISH_SIGNAL with bullish_probability=0.74, confidence=0.74, probability_margin=0.56, trend_filter_passed=True, rule=bullish_signal, target_allocation=6.74%."
2025-09-19,2025-09-22,175.29024236301854,183.5997772216797,BULLISH_SIGNAL,0.7907202612685494,0.7907202612685494,True,0.10051447233467817,HOLD,8831.959524362284,4,734.3991088867188,9566.358633249003,"Conservative trader saw BULLISH_SIGNAL with bullish_probability=0.79, confidence=0.79, probability_margin=0.62, trend_filter_passed=True, rule=bullish_signal, target_allocation=10.05%."
2025-09-22,2025-09-23,181.9598706713119,178.42005920410156,BULLISH_SIGNAL,0.5871276911202873,0.5871276911202873,True,0.07613543780038479,HOLD,8831.959524362284,4,713.6802368164062,9545.63976117869,"Conservative trader saw BULLISH_SIGNAL with bullish_probability=0.59, confidence=0.59, probability_margin=0.28, trend_filter_passed=True, rule=neutral_hold, target_allocation=7.61%."
2025-09-23,2025-09-24,179.75999113536878,176.96014404296875,BULLISH_SIGNAL,0.6356248989543747,0.6356248989543747,True,0.0752842637440037,HOLD,8831.959524362284,4,707.840576171875,9539.80010053416,"Conservative trader saw BULLISH_SIGNAL with bullish_probability=0.64, confidence=0.64, probability_margin=0.34, trend_filter_passed=True, rule=neutral_hold, target_allocation=7.53%."
2025-09-24,2025-09-25,174.47028665549124,177.68011474609375,BULLISH_SIGNAL,0.545310851565749,0.545310851565749,True,0.07323114527473913,HOLD,8831.959524362284,4,710.720458984375,9542.67998334666,"Conservative trader saw BULLISH_SIGNAL with bullish_probability=0.55, confidence=0.55, probability_margin=0.28, trend_filter_passed=True, rule=neutral_hold, target_allocation=7.32%."
2025-09-25,2025-09-26,178.16008106951017,178.18008422851562,BULLISH_SIGNAL,0.9118127168204783,0.9118127168204783,True,0.18700908344319875,BUY,7761.395062735355,10,1781.8008422851562,9543.195905020511,"Conservative trader saw BULLISH_SIGNAL with bullish_probability=0.91, confidence=0.91, probability_margin=0.84, trend_filter_passed=True, rule=bullish_signal, target_allocation=18.70%."
2025-09-26,2025-09-29,180.4199550960203,181.8398895263672,BULLISH_SIGNAL,0.820823282833341,0.820823282833341,True,0.1220166305952436,REDUCE,8481.99272422877,6,1091.0393371582031,9573.032061386974,"Conservative trader saw BULLISH_SIGNAL with bullish_probability=0.82, confidence=0.82, probability_margin=0.73, trend_filter_passed=True, rule=bullish_signal, target_allocation=12.20%."
2025-09-29,2025-09-30,182.06986121505474,186.56961059570312,BULLISH_SIGNAL,0.7541019379762629,0.7541019379762629,True,0.07435852712590206,HOLD,8481.99272422877,6,1119.4176635742188,9601.41038780299,"Conservative trader saw BULLISH_SIGNAL with bullish_probability=0.75, confidence=0.75, probability_margin=0.56, trend_filter_passed=True, rule=bullish_signal, target_allocation=7.44%."
2025-09-30,2025-10-01,185.22969505995906,187.22958374023438,NEUTRAL_SIGNAL,0.48216469168926407,0.3854381570391218,True,0.11584855652632652,HOLD,8481.99272422877,6,1123.3775024414062,9605.370226670177,"Conservative trader saw NEUTRAL_SIGNAL with bullish_probability=0.39, confidence=0.48, probability_margin=0.10, trend_filter_passed=True, rule=neutral_hold, target_allocation=11.58%."
2025-10-01,2025-10-02,189.5894532800495,188.87948608398438,BULLISH_SIGNAL,0.8003890845945897,0.8003890845945897,True,0.10742077471042119,HOLD,8481.99272422877,6,1133.2769165039062,9615.269640732677,"Conservative trader saw BULLISH_SIGNAL with bullish_probability=0.80, confidence=0.80, probability_margin=0.70, trend_filter_passed=True, rule=bullish_signal, target_allocation=10.74%."
2025-10-02,2025-10-03,189.1794627061203,187.6095428466797,BULLISH_SIGNAL,0.7529202885005233,0.7529202885005233,True,0.07351449178608804,HOLD,8481.99272422877,6,1125.6572570800781,9607.649981308849,"Conservative trader saw BULLISH_SIGNAL with bullish_probability=0.75, confidence=0.75, probability_margin=0.56, trend_filter_passed=True, rule=bullish_signal, target_allocation=7.35%."
2025-10-03,2025-10-06,185.48967202648717,185.5296630859375,BULLISH_SIGNAL,0.7767984301052444,0.7767984301052444,True,0.0905703072180317,HOLD,8481.99272422877,6,1113.177978515625,9595.170702744395,"Conservative trader saw BULLISH_SIGNAL with bullish_probability=0.78, confidence=0.78, probability_margin=0.66, trend_filter_passed=True, rule=bullish_signal, target_allocation=9.06%."
2025-10-06,2025-10-07,186.21962980709273,185.02969360351562,NEUTRAL_SIGNAL,0.574516476469576,0.24645408474986266,True,0.11639562846571819,HOLD,8481.99272422877,6,1110.1781616210938,9592.170885849864,"Conservative trader saw NEUTRAL_SIGNAL with bullish_probability=0.25, confidence=0.57, probability_margin=0.33, trend_filter_passed=True, rule=neutral_hold, target_allocation=11.64%."
2025-10-07,2025-10-08,186.55962017208088,189.09947204589844,BEARISH_SIGNAL,0.707292524583929,0.026802052321060484,True,0.0,EXIT TO CASH,9599.671968358567,0,0.0,9599.671968358567,"Conservative trader saw BEARISH_SIGNAL with bullish_probability=0.03, confidence=0.71, probability_margin=0.44, trend_filter_passed=True, rule=bearish_exit, target_allocation=0.00%."
2025-10-08,2025-10-09,192.21928773885006,192.5592803955078,BULLISH_SIGNAL,0.5659806355572206,0.5659806355572206,True,0.0,HOLD,9599.671968358567,0,0.0,9599.671968358567,"Conservative trader saw BULLISH_SIGNAL with bullish_probability=0.57, confidence=0.57, probability_margin=0.26, trend_filter_passed=True, rule=neutral_hold, target_allocation=0.00%."
2025-10-09,2025-10-10,193.49922565779727,183.14981079101562,BULLISH_SIGNAL,0.5017561151667694,0.5017561151667694,True,0.0,HOLD,9599.671968358567,0,0.0,9599.671968358567,"Conservative trader saw BULLISH_SIGNAL with bullish_probability=0.50, confidence=0.50, probability_margin=0.05, trend_filter_passed=True, rule=neutral_hold, target_allocation=0.00%."
2025-10-10,2025-10-13,187.9595379156231,188.3095245361328,BEARISH_SIGNAL,0.8319319479710856,0.15626010542642946,True,0.0,HOLD,9599.671968358567,0,0.0,9599.671968358567,"Conservative trader saw BEARISH_SIGNAL with bullish_probability=0.16, confidence=0.83, probability_margin=0.68, trend_filter_passed=True, rule=bearish_exit, target_allocation=0.00%."
2025-10-13,2025-10-14,184.75971529942103,180.0199737548828,BULLISH_SIGNAL,0.8183781671058775,0.8183781671058775,True,0.12027011936134108,BUY,8489.4502848452,6,1080.1198425292969,9569.570127374496,"Conservative trader saw BULLISH_SIGNAL with bullish_probability=0.82, confidence=0.82, probability_margin=0.72, trend_filter_passed=True, rule=bullish_signal, target_allocation=12.03%."
2025-10-14,2025-10-15,184.7897166440438,179.8199920654297,BULLISH_SIGNAL,0.5223192863573237,0.5223192863573237,True,0.11551536939277846,HOLD,8489.4502848452,6,1078.9199523925781,9568.370237237777,"Conservative trader saw BULLISH_SIGNAL with bullish_probability=0.52, confidence=0.52, probability_margin=0.21, trend_filter_passed=True, rule=neutral_hold, target_allocation=11.55%."
2025-10-15,2025-10-16,182.21985578014733,181.7998809814453,BEARISH_SIGNAL,0.9565196905095442,0.04205060802551342,True,0.0,EXIT TO CASH,9581.12998748363,0,0.0,9581.12998748363,"Conservative trader saw BEARISH_SIGNAL with bullish_probability=0.04, confidence=0.96, probability_margin=0.91, trend_filter_passed=True, rule=bearish_exit, target_allocation=0.00%."
2025-10-16,2025-10-17,180.16996892604442,183.20980834960938,BEARISH_SIGNAL,0.7807246921999442,0.17066467757171644,True,0.0,HOLD,9581.12998748363,0,0.0,9581.12998748363,"Conservative trader saw BEARISH_SIGNAL with bullish_probability=0.17, confidence=0.78, probability_margin=0.61, trend_filter_passed=True, rule=bearish_exit, target_allocation=0.00%."
2025-10-17,2025-10-20,183.1198152646831,182.6298370361328,BEARISH_SIGNAL,0.49611627463415386,0.38254454938775384,True,0.0,HOLD,9581.12998748363,0,0.0,9581.12998748363,"Conservative trader saw BEARISH_SIGNAL with bullish_probability=0.38, confidence=0.50, probability_margin=0.11, trend_filter_passed=True, rule=bearish_exit, target_allocation=0.00%."
2025-10-20,2025-10-21,182.77981647710283,181.14991760253906,BULLISH_SIGNAL,0.48039400010767097,0.48039400010767097,True,0.0,HOLD,9581.12998748363,0,0.0,9581.12998748363,"Conservative trader saw BULLISH_SIGNAL with bullish_probability=0.48, confidence=0.48, probability_margin=0.13, trend_filter_passed=True, rule=neutral_hold, target_allocation=0.00%."
2025-10-21,2025-10-22,181.1299112106735,180.26995849609375,BULLISH_SIGNAL,0.7523614199834061,0.7523614199834061,True,0.07311529998814721,BUY,9036.924897556295,3,540.8098754882812,9577.734773044576,"Conservative trader saw BULLISH_SIGNAL with bullish_probability=0.75, confidence=0.75, probability_margin=0.57, trend_filter_passed=True, rule=bullish_signal, target_allocation=7.31%."
2025-10-22,2025-10-23,180.40994799999942,182.1498565673828,BULLISH_SIGNAL,0.5393419612991868,0.5393419612991868,True,0.056506692427069447,HOLD,9036.924897556295,3,546.4495697021484,9583.374467258443,"Conservative trader saw BULLISH_SIGNAL with bullish_probability=0.54, confidence=0.54, probability_margin=0.09, trend_filter_passed=True, rule=neutral_hold, target_allocation=5.65%."
2025-10-23,2025-10-24,183.8297551720498,186.24961853027344,BULLISH_SIGNAL,0.6994354738101841,0.6994354738101841,True,0.03531105272156007,HOLD,9036.924897556295,3,558.7488555908203,9595.673753147115,"Conservative trader saw BULLISH_SIGNAL with bullish_probability=0.70, confidence=0.70, probability_margin=0.52, trend_filter_passed=True, rule=bullish_signal, target_allocation=3.53%."
2025-10-24,2025-10-27,189.979423148828,191.47933959960938,BULLISH_SIGNAL,0.487020286248194,0.487020286248194,True,0.05932615667974561,HOLD,9036.924897556295,3,574.4380187988281,9611.362916355123,"Conservative trader saw BULLISH_SIGNAL with bullish_probability=0.49, confidence=0.49, probability_margin=0.22, trend_filter_passed=True, rule=neutral_hold, target_allocation=5.93%."
2025-10-27,2025-10-28,193.03926234185508,201.01881408691406,BULLISH_SIGNAL,0.6061207577655235,0.6061207577655235,True,0.06022412815971681,HOLD,9036.924897556295,3,603.0564422607422,9639.981339817037,"Conservative trader saw BULLISH_SIGNAL with bullish_probability=0.61, confidence=0.61, probability_margin=0.26, trend_filter_passed=True, rule=neutral_hold, target_allocation=6.02%."
2025-10-28,2025-10-29,207.96842303697136,207.02847290039062,NEUTRAL_SIGNAL,0.8137217405806924,0.0759463534697351,True,0.06458091678948838,HOLD,9036.924897556295,3,621.0854187011719,9658.010316257467,"Conservative trader saw NEUTRAL_SIGNAL with bullish_probability=0.08, confidence=0.81, probability_margin=0.70, trend_filter_passed=True, rule=neutral_hold, target_allocation=6.46%."
2025-10-29,2025-10-30,205.1385766163601,202.8787078857422,BEARISH_SIGNAL,0.6312035131449112,0.2094459723229256,True,0.0,EXIT TO CASH,9651.417811518466,0,0.0,9651.417811518466,"Conservative trader saw BEARISH_SIGNAL with bullish_probability=0.21, confidence=0.63, probability_margin=0.42, trend_filter_passed=True, rule=bearish_exit, target_allocation=0.00%."
2025-10-30,2025-10-31,206.43850017947892,202.47872924804688,BULLISH_SIGNAL,0.4881775254463951,0.4881775254463951,True,0.0,HOLD,9651.417811518466,0,0.0,9651.417811518466,"Conservative trader saw BULLISH_SIGNAL with bullish_probability=0.49, confidence=0.49, probability_margin=0.14, trend_filter_passed=True, rule=neutral_hold, target_allocation=0.00%."
2025-10-31,2025-11-03,208.06841462190084,206.8684844970703,NEUTRAL_SIGNAL,0.5049529720565122,0.2858379281278952,True,0.0,HOLD,9651.417811518466,0,0.0,9651.417811518466,"Conservative trader saw NEUTRAL_SIGNAL with bullish_probability=0.29, confidence=0.50, probability_margin=0.22, trend_filter_passed=True, rule=neutral_hold, target_allocation=0.00%."
2025-11-03,2025-11-04,202.98869740675082,198.67893981933594,NEUTRAL_SIGNAL,0.4391428507261453,0.13834601850522113,True,0.0,HOLD,9651.417811518466,0,0.0,9651.417811518466,"Conservative trader saw NEUTRAL_SIGNAL with bullish_probability=0.14, confidence=0.44, probability_margin=0.02, trend_filter_passed=True, rule=neutral_hold, target_allocation=0.00%."
2025-11-04,2025-11-05,198.75894188581304,195.1991424560547,BULLISH_SIGNAL,0.5046453090109052,0.5046453090109052,True,0.0,HOLD,9651.417811518466,0,0.0,9651.417811518466,"Conservative trader saw BULLISH_SIGNAL with bullish_probability=0.50, confidence=0.50, probability_margin=0.09, trend_filter_passed=True, rule=neutral_hold, target_allocation=0.00%."
2025-11-05,2025-11-06,196.40906647995496,188.0695343017578,BULLISH_SIGNAL,0.6929516600917904,0.6929516600917904,True,0.030679757208421723,HOLD,9651.417811518466,0,0.0,9651.417811518466,"Conservative trader saw BULLISH_SIGNAL with bullish_probability=0.69, confidence=0.69, probability_margin=0.41, trend_filter_passed=True, rule=bullish_signal, target_allocation=3.07%."
2025-11-06,2025-11-07,184.8897071775586,188.1395263671875,BULLISH_SIGNAL,0.8453932289502792,0.8453932289502792,True,0.13956659210734232,BUY,8355.247872236216,7,1316.9766845703125,9672.224556806528,"Conservative trader saw BULLISH_SIGNAL with bullish_probability=0.85, confidence=0.85, probability_margin=0.71, trend_filter_passed=True, rule=bullish_signal, target_allocation=13.96%."
2025-11-07,2025-11-10,195.09914200543773,199.03892517089844,BEARISH_SIGNAL,0.5331106966572974,0.46408955250741835,True,0.0,EXIT TO CASH,9718.89400813022,0,0.0,9718.89400813022,"Conservative trader saw BEARISH_SIGNAL with bullish_probability=0.46, confidence=0.53, probability_margin=0.07, trend_filter_passed=True, rule=bearish_exit, target_allocation=0.00%."
2025-11-10,2025-11-11,195.14913483203398,193.1492462158203,NEUTRAL_SIGNAL,0.7615081138813827,0.1281746158514296,True,0.0,HOLD,9718.89400813022,0,0.0,9718.89400813022,"Conservative trader saw NEUTRAL_SIGNAL with bullish_probability=0.13, confidence=0.76, probability_margin=0.63, trend_filter_passed=True, rule=neutral_hold, target_allocation=0.00%."
2025-11-11,2025-11-12,195.70910637927892,193.78921508789062,NEUTRAL_SIGNAL,0.42262466073281657,0.3559627975201267,True,0.0,HOLD,9718.89400813022,0,0.0,9718.89400813022,"Conservative trader saw NEUTRAL_SIGNAL with bullish_probability=0.36, confidence=0.42, probability_margin=0.07, trend_filter_passed=True, rule=neutral_hold, target_allocation=0.00%."
2025-11-12,2025-11-13,191.03936321053533,186.84959411621094,BEARISH_SIGNAL,0.5717357509824941,0.2136744697636393,True,0.0,HOLD,9718.89400813022,0,0.0,9718.89400813022,"Conservative trader saw BEARISH_SIGNAL with bullish_probability=0.21, confidence=0.57, probability_margin=0.36, trend_filter_passed=True, rule=bearish_exit, target_allocation=0.00%."
2025-11-13,2025-11-14,182.8498180673128,190.15940856933594,BULLISH_SIGNAL,0.8718925391163016,0.8718925391163016,True,0.1584946707973583,BUY,8253.900534375638,8,1521.2752685546875,9775.175802930326,"Conservative trader saw BULLISH_SIGNAL with bullish_probability=0.87, confidence=0.87, probability_margin=0.76, trend_filter_passed=True, rule=bullish_signal, target_allocation=15.85%."
2025-11-14,2025-11-17,185.95964506857126,186.58961486816406,BEARISH_SIGNAL,0.7023333970208593,0.24732119859507548,True,0.0,EXIT TO CASH,9739.346923021965,0,0.0,9739.346923021965,"Conservative trader saw BEARISH_SIGNAL with bullish_probability=0.25, confidence=0.70, probability_margin=0.46, trend_filter_passed=True, rule=bearish_exit, target_allocation=0.00%."
2025-11-17,2025-11-18,183.36979105504545,181.3498992919922,BEARISH_SIGNAL,0.920062375846654,0.0582514715303066,True,0.0,HOLD,9739.346923021965,0,0.0,9739.346923021965,"Conservative trader saw BEARISH_SIGNAL with bullish_probability=0.06, confidence=0.92, probability_margin=0.86, trend_filter_passed=True, rule=bearish_exit, target_allocation=0.00%."
2025-11-18,2025-11-19,184.7796984316032,186.50961303710938,BEARISH_SIGNAL,0.8399563585520216,0.12409685327231428,False,0.0,HOLD,9739.346923021965,0,0.0,9739.346923021965,"Conservative trader saw BEARISH_SIGNAL with bullish_probability=0.12, confidence=0.84, probability_margin=0.72, trend_filter_passed=False, rule=bearish_exit, target_allocation=0.00%."
2025-11-19,2025-11-20,195.9390891568929,180.62994384765625,BEARISH_SIGNAL,0.8786500223685422,0.09488874577440361,True,0.0,HOLD,9739.346923021965,0,0.0,9739.346923021965,"Conservative trader saw BEARISH_SIGNAL with bullish_probability=0.09, confidence=0.88, probability_margin=0.78, trend_filter_passed=True, rule=bearish_exit, target_allocation=0.00%."
2025-11-20,2025-11-21,181.22991004695137,178.8700408935547,BULLISH_SIGNAL,0.5758713707491893,0.5758713707491893,False,0.0,HOLD,9739.346923021965,0,0.0,9739.346923021965,"Conservative trader saw BULLISH_SIGNAL with bullish_probability=0.58, confidence=0.58, probability_margin=0.27, trend_filter_passed=False, rule=neutral_hold, target_allocation=0.00%."
2025-11-21,2025-11-24,179.48001348627363,182.5398406982422,BEARISH_SIGNAL,0.6135205779130587,0.3132558261441762,False,0.0,HOLD,9739.346923021965,0,0.0,9739.346923021965,"Conservative trader saw BEARISH_SIGNAL with bullish_probability=0.31, confidence=0.61, probability_margin=0.30, trend_filter_passed=False, rule=bearish_exit, target_allocation=0.00%."
2025-11-24,2025-11-25,174.90026276869568,177.8101043701172,BEARISH_SIGNAL,0.5876438864985913,0.20911159543401595,False,0.0,HOLD,9739.346923021965,0,0.0,9739.346923021965,"Conservative trader saw BEARISH_SIGNAL with bullish_probability=0.21, confidence=0.59, probability_margin=0.38, trend_filter_passed=False, rule=bearish_exit, target_allocation=0.00%."
2025-11-25,2025-11-26,181.61988829154,180.2499542236328,BULLISH_SIGNAL,0.9783005749563425,0.9783005749563425,False,0.0,HOLD,9739.346923021965,0,0.0,9739.346923021965,"Conservative trader saw BULLISH_SIGNAL with bullish_probability=0.98, confidence=0.98, probability_margin=0.96, trend_filter_passed=False, rule=neutral_hold, target_allocation=0.00%."
2025-11-26,2025-11-28,179.0000253919654,176.99014282226562,BULLISH_SIGNAL,0.8538045725991387,0.8538045725991387,False,0.0,HOLD,9739.346923021965,0,0.0,9739.346923021965,"Conservative trader saw BULLISH_SIGNAL with bullish_probability=0.85, confidence=0.85, probability_margin=0.75, trend_filter_passed=False, rule=neutral_hold, target_allocation=0.00%."
2025-11-28,2025-12-01,174.75027181562072,179.9099884033203,BEARISH_SIGNAL,0.5221091235924208,0.11360086688522729,False,0.0,HOLD,9739.346923021965,0,0.0,9739.346923021965,"Conservative trader saw BEARISH_SIGNAL with bullish_probability=0.11, confidence=0.52, probability_margin=0.16, trend_filter_passed=False, rule=bearish_exit, target_allocation=0.00%."
2025-12-01,2025-12-02,181.74987648908228,181.4499053955078,BULLISH_SIGNAL,0.9662803488175273,0.9662803488175273,False,0.0,HOLD,9739.346923021965,0,0.0,9739.346923021965,"Conservative trader saw BULLISH_SIGNAL with bullish_probability=0.97, confidence=0.97, probability_margin=0.94, trend_filter_passed=False, rule=neutral_hold, target_allocation=0.00%."
2025-12-02,2025-12-03,181.06992440272873,179.5800018310547,BULLISH_SIGNAL,0.6675363198245586,0.6675363198245586,False,0.0,HOLD,9739.346923021965,0,0.0,9739.346923021965,"Conservative trader saw BULLISH_SIGNAL with bullish_probability=0.67, confidence=0.67, probability_margin=0.36, trend_filter_passed=False, rule=neutral_hold, target_allocation=0.00%."
2025-12-03,2025-12-04,181.6199951171875,183.3800048828125,BULLISH_SIGNAL,0.9357452987475503,0.9357452987475503,False,0.0,HOLD,9739.346923021965,0,0.0,9739.346923021965,"Conservative trader saw BULLISH_SIGNAL with bullish_probability=0.94, confidence=0.94, probability_margin=0.90, trend_filter_passed=False, rule=neutral_hold, target_allocation=0.00%."
2025-12-04,2025-12-05,183.88999938964844,182.41000366210938,NEUTRAL_SIGNAL,0.6374378054076838,0.34950756364722024,False,0.0,HOLD,9739.346923021965,0,0.0,9739.346923021965,"Conservative trader saw NEUTRAL_SIGNAL with bullish_probability=0.35, confidence=0.64, probability_margin=0.29, trend_filter_passed=False, rule=neutral_hold, target_allocation=0.00%."
2025-12-05,2025-12-08,182.63999938964844,185.5500030517578,BULLISH_SIGNAL,0.8834770012902304,0.8834770012902304,False,0.0,HOLD,9739.346923021965,0,0.0,9739.346923021965,"Conservative trader saw BULLISH_SIGNAL with bullish_probability=0.88, confidence=0.88, probability_margin=0.81, trend_filter_passed=False, rule=neutral_hold, target_allocation=0.00%."
2025-12-08,2025-12-09,185.55999755859375,184.97000122070312,BULLISH_SIGNAL,0.6037955041245328,0.6037955041245328,False,0.0,HOLD,9739.346923021965,0,0.0,9739.346923021965,"Conservative trader saw BULLISH_SIGNAL with bullish_probability=0.60, confidence=0.60, probability_margin=0.29, trend_filter_passed=False, rule=neutral_hold, target_allocation=0.00%."
2025-12-09,2025-12-10,184.97000122070312,183.77999877929688,NEUTRAL_SIGNAL,0.5717014852100772,0.35330186675011416,False,0.0,HOLD,9739.346923021965,0,0.0,9739.346923021965,"Conservative trader saw NEUTRAL_SIGNAL with bullish_probability=0.35, confidence=0.57, probability_margin=0.22, trend_filter_passed=False, rule=neutral_hold, target_allocation=0.00%."
2025-12-10,2025-12-11,180.27999877929688,180.92999267578125,NEUTRAL_SIGNAL,0.9667458070785676,0.024905817904133456,False,0.0,HOLD,9739.346923021965,0,0.0,9739.346923021965,"Conservative trader saw NEUTRAL_SIGNAL with bullish_probability=0.02, confidence=0.97, probability_margin=0.94, trend_filter_passed=False, rule=neutral_hold, target_allocation=0.00%."
2025-12-11,2025-12-12,181.11000061035156,175.02000427246094,NEUTRAL_SIGNAL,0.9015894662761093,0.07468737471013805,False,0.0,HOLD,9739.346923021965,0,0.0,9739.346923021965,"Conservative trader saw NEUTRAL_SIGNAL with bullish_probability=0.07, confidence=0.90, probability_margin=0.83, trend_filter_passed=False, rule=neutral_hold, target_allocation=0.00%."
2025-12-12,2025-12-15,177.94000244140625,176.2899932861328,BULLISH_SIGNAL,0.8889796705679374,0.8889796705679374,False,0.0,HOLD,9739.346923021965,0,0.0,9739.346923021965,"Conservative trader saw BULLISH_SIGNAL with bullish_probability=0.89, confidence=0.89, probability_margin=0.79, trend_filter_passed=False, rule=neutral_hold, target_allocation=0.00%."
2025-12-15,2025-12-16,176.25999450683594,177.72000122070312,BULLISH_SIGNAL,0.6330373677676748,0.6330373677676748,False,0.0,HOLD,9739.346923021965,0,0.0,9739.346923021965,"Conservative trader saw BULLISH_SIGNAL with bullish_probability=0.63, confidence=0.63, probability_margin=0.29, trend_filter_passed=False, rule=neutral_hold, target_allocation=0.00%."
2025-12-16,2025-12-17,176.10000610351562,170.94000244140625,BEARISH_SIGNAL,0.416643083125631,0.4032556390407749,False,0.0,HOLD,9739.346923021965,0,0.0,9739.346923021965,"Conservative trader saw BEARISH_SIGNAL with bullish_probability=0.40, confidence=0.42, probability_margin=0.01, trend_filter_passed=False, rule=bearish_exit, target_allocation=0.00%."
2025-12-17,2025-12-18,174.52999877929688,174.13999938964844,BEARISH_SIGNAL,0.5703456644164375,0.16028471236811118,False,0.0,HOLD,9739.346923021965,0,0.0,9739.346923021965,"Conservative trader saw BEARISH_SIGNAL with bullish_probability=0.16, confidence=0.57, probability_margin=0.30, trend_filter_passed=False, rule=bearish_exit, target_allocation=0.00%."
2025-12-18,2025-12-19,176.6699981689453,180.99000549316406,BULLISH_SIGNAL,0.789914194988526,0.789914194988526,False,0.0,HOLD,9739.346923021965,0,0.0,9739.346923021965,"Conservative trader saw BULLISH_SIGNAL with bullish_probability=0.79, confidence=0.79, probability_margin=0.66, trend_filter_passed=False, rule=neutral_hold, target_allocation=0.00%."
2025-12-19,2025-12-22,183.9199981689453,183.69000244140625,NEUTRAL_SIGNAL,0.5132740243982069,0.46129979349106776,False,0.0,HOLD,9739.346923021965,0,0.0,9739.346923021965,"Conservative trader saw NEUTRAL_SIGNAL with bullish_probability=0.46, confidence=0.51, probability_margin=0.05, trend_filter_passed=False, rule=neutral_hold, target_allocation=0.00%."
