ticker,model,fold,date,y_true,y_pred,confidence,bullish_probability,second_best_probability,probability_margin
NVDA,hist_gradient_boosting,1,2019-10-03,0,-1,0.9562034851381292,0.04242410310506981,0.04242410310506981,0.9137793820330594
NVDA,hist_gradient_boosting,1,2019-10-04,1,-1,0.9892902817592985,0.0017040800098079973,0.009005638230893625,0.9802846435284048
NVDA,hist_gradient_boosting,1,2019-10-07,0,-1,0.8724009358434536,0.08705481413742738,0.08705481413742738,0.7853461217060262
NVDA,hist_gradient_boosting,1,2019-10-08,1,-1,0.9899216395236934,0.007717933267037442,0.007717933267037442,0.982203706256656
NVDA,hist_gradient_boosting,1,2019-10-09,1,-1,0.9994949420959733,0.00014265198760108513,0.0003624059164255122,0.9991325361795478
NVDA,hist_gradient_boosting,1,2019-10-10,1,-1,0.992327605673228,0.0033306881203489735,0.004341706206422895,0.987985899466805
NVDA,hist_gradient_boosting,1,2019-10-11,1,-1,0.9764884102980989,0.0167670398201513,0.0167670398201513,0.9597213704779476
NVDA,hist_gradient_boosting,1,2019-10-14,1,-1,0.89253408283737,0.07160694742016561,0.07160694742016561,0.8209271354172044
NVDA,hist_gradient_boosting,1,2019-10-15,0,-1,0.9405690354175289,0.0016822492785836113,0.057748715303887484,0.8828203201136414
NVDA,hist_gradient_boosting,1,2019-10-16,0,0,0.8246968713569398,0.017182300700608565,0.15812082794245147,0.6665760434144883
NVDA,hist_gradient_boosting,1,2019-10-17,0,0,0.4738387868726772,0.3698415419875978,0.3698415419875978,0.10399724488507944
NVDA,hist_gradient_boosting,1,2019-10-18,1,1,0.6501335946471403,0.6501335946471403,0.3013276925947117,0.34880590205242856
NVDA,hist_gradient_boosting,1,2019-10-21,1,1,0.9958119358049659,0.9958119358049659,0.0021687661575468136,0.9936431696474191
NVDA,hist_gradient_boosting,1,2019-10-22,1,-1,0.7891584903738397,0.20961267737262065,0.20961267737262065,0.579545813001219
NVDA,hist_gradient_boosting,1,2019-10-23,1,-1,0.904319577152846,0.027995631242488706,0.06768479160466526,0.8366347855481808
NVDA,hist_gradient_boosting,1,2019-10-24,1,1,0.6086006795445456,0.6086006795445456,0.33462091469598293,0.2739797648485626
NVDA,hist_gradient_boosting,1,2019-10-25,0,0,0.7051929163062183,0.001084444769393149,0.29372263892438855,0.41147027738182973
NVDA,hist_gradient_boosting,1,2019-10-28,0,0,0.8738173829442364,0.00019301109824857473,0.125989605957515,0.7478277769867214
NVDA,hist_gradient_boosting,1,2019-10-29,1,-1,0.6024034373044657,0.29190179477993883,0.29190179477993883,0.31050164252452683
NVDA,hist_gradient_boosting,1,2019-10-30,1,-1,0.4169633893609415,0.24732622690543812,0.3357103837336203,0.08125300562732124
NVDA,hist_gradient_boosting,1,2019-10-31,1,-1,0.9130186608100617,0.01310703580372687,0.07387430338621147,0.8391443574238502
NVDA,hist_gradient_boosting,1,2019-11-01,1,-1,0.6785978628112084,0.0017112611810629502,0.3196908760077287,0.35890698680347966
NVDA,hist_gradient_boosting,1,2019-11-04,0,0,0.8211087751085232,0.034927380974369295,0.14396384391710754,0.6771449311914157
NVDA,hist_gradient_boosting,1,2019-11-05,0,0,0.5040171798020453,0.008364772247024529,0.4876180479509302,0.01639913185111508
NVDA,hist_gradient_boosting,1,2019-11-06,0,-1,0.8418040523064839,0.008896861842960487,0.14929908585055568,0.6925049664559282
NVDA,hist_gradient_boosting,1,2019-11-07,0,-1,0.7231549179473736,0.1125733274157099,0.16427175463691646,0.5588831633104572
NVDA,hist_gradient_boosting,1,2019-11-08,0,-1,0.6948177921872835,0.010324159933740303,0.2948580478789762,0.3999597443083073
NVDA,hist_gradient_boosting,1,2019-11-11,0,-1,0.8969054249725353,0.018886095948054356,0.08420847907941029,0.812696945893125
NVDA,hist_gradient_boosting,1,2019-11-12,0,0,0.5959486580027133,0.0007475434235152319,0.40330379857377135,0.192644859428942
NVDA,hist_gradient_boosting,1,2019-11-13,0,0,0.521043168261722,0.0014142518337700715,0.4775425799045078,0.04350058835721421
NVDA,hist_gradient_boosting,1,2019-11-14,0,-1,0.6979137497500127,0.0008288115392849809,0.3012574387107023,0.3966563110393104
NVDA,hist_gradient_boosting,1,2019-11-15,1,0,0.9711021777667508,0.01589625720519232,0.01589625720519232,0.9552059205615585
NVDA,hist_gradient_boosting,1,2019-11-18,1,-1,0.9576863262437593,0.010537079118430001,0.03177659463781072,0.9259097316059486
NVDA,hist_gradient_boosting,1,2019-11-19,1,0,0.9595565364571973,0.01183916541476707,0.028604298128035572,0.9309522383291617
NVDA,hist_gradient_boosting,1,2019-11-20,1,-1,0.412227411270567,0.40479443299874196,0.40479443299874196,0.0074329782718250414
NVDA,hist_gradient_boosting,1,2019-11-21,1,-1,0.8951349808080961,0.010994426542361413,0.09387059264954244,0.8012643881585536
NVDA,hist_gradient_boosting,1,2019-11-22,0,0,0.6134071162355773,0.006771191935110766,0.37982169182931186,0.23358542440626545
NVDA,hist_gradient_boosting,1,2019-11-25,-1,0,0.7253506928060265,0.18752212324920473,0.18752212324920473,0.5378285695568218
NVDA,hist_gradient_boosting,1,2019-11-26,-1,1,0.7579087701705755,0.7579087701705755,0.20776624116502612,0.5501425290055493
NVDA,hist_gradient_boosting,1,2019-11-27,-1,1,0.4411820464728588,0.4411820464728588,0.3128453452706795,0.12833670120217933
NVDA,hist_gradient_boosting,1,2019-11-29,-1,1,0.8294454523419781,0.8294454523419781,0.1323795662589345,0.6970658860830437
NVDA,hist_gradient_boosting,1,2019-12-02,0,-1,0.5428732517719138,0.061630946361410116,0.3954958018666761,0.1473774499052377
NVDA,hist_gradient_boosting,1,2019-12-03,1,-1,0.9966115281258918,0.00026626945170036447,0.0031222024224077712,0.993489325703484
NVDA,hist_gradient_boosting,1,2019-12-04,1,-1,0.92267986498607,0.0020163691543644674,0.07530376585956548,0.8473760991265046
NVDA,hist_gradient_boosting,1,2019-12-05,1,-1,0.8445144427704026,0.00612331499413391,0.14936224223546332,0.6951522005349392
NVDA,hist_gradient_boosting,1,2019-12-06,1,-1,0.45623115397475567,0.3783196015107677,0.3783196015107677,0.07791155246398795
NVDA,hist_gradient_boosting,1,2019-12-09,1,-1,0.7515820968252174,0.18085945880147208,0.18085945880147208,0.5707226380237453
NVDA,hist_gradient_boosting,1,2019-12-10,1,-1,0.9859405274200456,0.0028457136215323028,0.011213758958422172,0.9747267684616234
NVDA,hist_gradient_boosting,1,2019-12-11,1,0,0.9624833824058732,0.003065886640852907,0.034450730953273834,0.9280326514525994
NVDA,hist_gradient_boosting,1,2019-12-12,1,0,0.9236531844791701,0.05248253771285027,0.05248253771285027,0.8711706467663198
NVDA,hist_gradient_boosting,1,2019-12-13,1,0,0.9865349519706017,0.0068321167036924915,0.0068321167036924915,0.9797028352669093
NVDA,hist_gradient_boosting,1,2019-12-16,1,0,0.9034997769650766,0.0012164143833495633,0.09528380865157396,0.8082159683135026
NVDA,hist_gradient_boosting,1,2019-12-17,1,-1,0.5358247101876462,0.0011257410383198768,0.4630495487740339,0.07277516141361229
NVDA,hist_gradient_boosting,1,2019-12-18,1,-1,0.5572745637428179,0.00053235005642388,0.44219308620075815,0.11508147754205977
NVDA,hist_gradient_boosting,1,2019-12-19,0,0,0.8288658449067917,0.0017448330303353537,0.1693893220628728,0.6594765228439189
NVDA,hist_gradient_boosting,1,2019-12-20,-1,0,0.7726969988084124,0.0002779603970711373,0.2270250407945165,0.5456719580138959
NVDA,hist_gradient_boosting,1,2019-12-23,0,0,0.8802421520610422,0.000149063561487098,0.11960878437747068,0.7606333676835715
NVDA,hist_gradient_boosting,1,2019-12-24,0,-1,0.9928361457302459,0.00014575184294985738,0.007018102426804288,0.9858180433034416
NVDA,hist_gradient_boosting,1,2019-12-26,0,-1,0.9394589837839473,0.0011774195626166734,0.05936359665343603,0.8800953871305113
NVDA,hist_gradient_boosting,1,2019-12-27,0,-1,0.9470501626590269,0.00032871668274697826,0.0526211206582261,0.8944290420008008
NVDA,hist_gradient_boosting,1,2019-12-30,1,-1,0.5680679033514134,0.137553292581056,0.2943788040675306,0.27368909928388285
NVDA,hist_gradient_boosting,1,2019-12-31,1,-1,0.8920720271012876,0.09567969308867214,0.09567969308867214,0.7963923340126156
NVDA,hist_gradient_boosting,1,2020-01-02,0,-1,0.9977441441078043,0.0003272382681299895,0.0019286176240655996,0.9958155264837387
NVDA,hist_gradient_boosting,1,2020-01-03,1,-1,0.7497562919030404,0.22628051162028434,0.22628051162028434,0.5234757802827561
NVDA,hist_gradient_boosting,1,2020-01-06,1,1,0.4690366816756953,0.4690366816756953,0.46708523472667873,0.0019514469490165554
NVDA,hist_gradient_boosting,1,2020-01-07,1,1,0.7565034775754856,0.7565034775754856,0.16224041039215503,0.5942630671833307
NVDA,hist_gradient_boosting,1,2020-01-08,1,-1,0.8553381427931035,0.034943873622660986,0.1097179835842356,0.7456201592088679
NVDA,hist_gradient_boosting,1,2020-01-09,1,-1,0.9958531854739758,0.0003952837087481375,0.0037515308172760566,0.9921016546566997
NVDA,hist_gradient_boosting,1,2020-01-10,1,-1,0.8191726385384381,0.0031337362017559156,0.17769362525980584,0.6414790132786323
NVDA,hist_gradient_boosting,1,2020-01-13,0,0,0.7510973006226823,0.011802950646840957,0.23709974873047662,0.5139975518922058
NVDA,hist_gradient_boosting,1,2020-01-14,0,-1,0.5089591858417921,0.28878776735038214,0.28878776735038214,0.22017141849140998
NVDA,hist_gradient_boosting,1,2020-01-15,1,0,0.6708165196598397,0.08965351356909693,0.23952996677106342,0.43128655288877626
NVDA,hist_gradient_boosting,1,2020-01-16,0,-1,0.8049772831691498,0.0031363441616608606,0.19188637266918943,0.6130909104999605
NVDA,hist_gradient_boosting,1,2020-01-17,-1,-1,0.8474429606164916,0.019352194531567033,0.13320484485194134,0.7142381157645503
NVDA,hist_gradient_boosting,1,2020-01-21,0,-1,0.5588822895060764,0.1255381386676358,0.3155795718262877,0.24330271767978873
NVDA,hist_gradient_boosting,1,2020-01-22,0,-1,0.8649235322792657,0.013233467755754007,0.12184299996498035,0.7430805323142853
NVDA,hist_gradient_boosting,1,2020-01-23,-1,-1,0.8867126943795236,0.0008964203521148426,0.11239088526836151,0.7743218091111621
NVDA,hist_gradient_boosting,1,2020-01-24,-1,-1,0.9255361760134582,0.004124747902843058,0.07033907608369873,0.8551970999297595
NVDA,hist_gradient_boosting,1,2020-01-27,0,-1,0.9827070781220454,0.0020147828749062383,0.015278139003048346,0.9674289391189971
NVDA,hist_gradient_boosting,1,2020-01-28,0,-1,0.5619396349404993,0.09979984202914059,0.33826052303036014,0.22367911191013912
NVDA,hist_gradient_boosting,1,2020-01-29,1,0,0.6841805219819692,0.06635480842675678,0.24946466959127395,0.43471585239069527
NVDA,hist_gradient_boosting,1,2020-01-30,1,0,0.836837494905814,0.09704394671957514,0.09704394671957514,0.7397935481862389
NVDA,hist_gradient_boosting,1,2020-01-31,1,-1,0.9731367055138066,0.02349100115324116,0.02349100115324116,0.9496457043605654
NVDA,hist_gradient_boosting,1,2020-02-03,1,-1,0.946835149088411,0.02276252708748125,0.03040232382410776,0.9164328252643033
NVDA,hist_gradient_boosting,1,2020-02-04,1,1,0.701422996114423,0.701422996114423,0.27433167930382557,0.4270913168105975
NVDA,hist_gradient_boosting,1,2020-02-05,1,1,0.5500223595042051,0.5500223595042051,0.44518441863935004,0.10483794086485504
NVDA,hist_gradient_boosting,1,2020-02-06,1,1,0.736901781134195,0.736901781134195,0.26219523649765414,0.4747065446365409
NVDA,hist_gradient_boosting,1,2020-02-07,1,0,0.8385722460210056,0.06908446264144448,0.09234329133755,0.7462289546834555
NVDA,hist_gradient_boosting,1,2020-02-10,1,1,0.6946264509382459,0.6946264509382459,0.2539327931567451,0.4406936577815008
NVDA,hist_gradient_boosting,1,2020-02-11,1,0,0.6133469452984905,0.11214141732925577,0.27451163737225376,0.3388353079262368
NVDA,hist_gradient_boosting,1,2020-02-12,1,0,0.7933223884088365,0.00035784023250291726,0.20631977135866064,0.5870026170501759
NVDA,hist_gradient_boosting,1,2020-02-13,1,0,0.792610044677054,0.014063043200032252,0.19332691212291386,0.5992831325541401
NVDA,hist_gradient_boosting,1,2020-02-14,-1,-1,0.7192376571506202,0.004358764822448491,0.2764035780269314,0.4428340791236888
NVDA,hist_gradient_boosting,1,2020-02-18,-1,-1,0.5204748836722848,0.0005851037801501217,0.4789400125475651,0.04153487112471971
NVDA,hist_gradient_boosting,1,2020-02-19,-1,-1,0.9927940620979002,0.0008923320008697043,0.006313605901230242,0.98648045619667
NVDA,hist_gradient_boosting,1,2020-02-20,-1,-1,0.9374711005732994,5.659041599914016e-05,0.06247230901070154,0.8749987915625979
NVDA,hist_gradient_boosting,1,2020-02-21,-1,-1,0.928728946934347,0.0002953286651483209,0.07097572440050458,0.8577532225338425
NVDA,hist_gradient_boosting,1,2020-02-24,0,0,0.6615036751027072,0.18192977482853273,0.18192977482853273,0.4795739002741745
NVDA,hist_gradient_boosting,1,2020-02-25,0,1,0.8756806580426294,0.8756806580426294,0.09678054169668039,0.778900116345949
NVDA,hist_gradient_boosting,1,2020-02-26,1,1,0.7185660851894237,0.7185660851894237,0.27185486880410026,0.4467112163853234
NVDA,hist_gradient_boosting,1,2020-02-27,1,1,0.5826109571152175,0.5826109571152175,0.4060131587928031,0.1765977983224144
NVDA,hist_gradient_boosting,1,2020-02-28,0,1,0.8845409246710045,0.8845409246710045,0.11528188080174426,0.7692590438692603
NVDA,hist_gradient_boosting,1,2020-03-02,-1,1,0.9184234937180218,0.9184234937180218,0.0708867844572716,0.8475367092607502
NVDA,hist_gradient_boosting,1,2020-03-03,0,1,0.918454750723056,0.918454750723056,0.07586570128721597,0.8425890494358401
NVDA,hist_gradient_boosting,1,2020-03-04,-1,1,0.9595740312315235,0.9595740312315235,0.03140137749910944,0.9281726537324141
NVDA,hist_gradient_boosting,1,2020-03-05,-1,-1,0.682574419505008,0.1542615513696542,0.16316402912533778,0.5194103903796702
NVDA,hist_gradient_boosting,1,2020-03-06,-1,1,0.6348575352950921,0.6348575352950921,0.36108185346716354,0.2737756818279286
NVDA,hist_gradient_boosting,1,2020-03-09,-1,1,0.9520733734013305,0.9520733734013305,0.038646152281604874,0.9134272211197256
NVDA,hist_gradient_boosting,1,2020-03-10,-1,-1,0.9058983612888238,0.09379735356193264,0.09379735356193264,0.8121010077268912
NVDA,hist_gradient_boosting,1,2020-03-11,-1,1,0.9011587104450035,0.9011587104450035,0.07150031173224419,0.8296583987127593
NVDA,hist_gradient_boosting,1,2020-03-12,0,1,0.7613867078774796,0.7613867078774796,0.2379437597011638,0.5234429481763159
NVDA,hist_gradient_boosting,1,2020-03-13,-1,1,0.9104048767385022,0.9104048767385022,0.07248823324114155,0.8379166434973607
NVDA,hist_gradient_boosting,1,2020-03-16,1,1,0.9914451991592541,0.9914451991592541,0.008229954328046216,0.9832152448312079
NVDA,hist_gradient_boosting,1,2020-03-17,1,1,0.9958734687737555,0.9958734687737555,0.004055810165980489,0.991817658607775
NVDA,hist_gradient_boosting,1,2020-03-18,1,1,0.9905786023390583,0.9905786023390583,0.0069771837593982245,0.98360141857966
NVDA,hist_gradient_boosting,1,2020-03-19,1,1,0.9579295262160396,0.9579295262160396,0.0420430731351284,0.9158864530809111
NVDA,hist_gradient_boosting,1,2020-03-20,1,1,0.9906945907117687,0.9906945907117687,0.006008274059854602,0.9846863166519141
NVDA,hist_gradient_boosting,1,2020-03-23,1,1,0.5273946445740385,0.5273946445740385,0.463100926499626,0.06429371807441253
NVDA,hist_gradient_boosting,1,2020-03-24,1,1,0.5212606228163805,0.5212606228163805,0.4778515048668094,0.04340911794957114
NVDA,hist_gradient_boosting,1,2020-03-25,0,-1,0.7013686967463243,0.2776340031852989,0.2776340031852989,0.4237346935610254
NVDA,hist_gradient_boosting,1,2020-03-26,0,-1,0.8758052146471612,0.12212334821257538,0.12212334821257538,0.7536818664345858
NVDA,hist_gradient_boosting,1,2020-03-27,-1,-1,0.9606331566001695,0.028449873168463213,0.028449873168463213,0.9321832834317062
NVDA,hist_gradient_boosting,1,2020-03-30,0,-1,0.9976898007346939,0.0019410004436867035,0.0019410004436867035,0.9957488002910072
NVDA,hist_gradient_boosting,1,2020-03-31,0,-1,0.988400628302171,0.007239577722791424,0.007239577722791424,0.9811610505793796
NVDA,hist_gradient_boosting,1,2020-04-01,1,-1,0.8260768843713712,0.1716530407784108,0.1716530407784108,0.6544238435929604
NVDA,hist_gradient_boosting,1,2020-04-02,1,-1,0.9717871118579673,0.027953235837489626,0.027953235837489626,0.9438338760204776
NVDA,hist_gradient_boosting,1,2020-04-03,1,-1,0.5952165412495327,0.29490896077597994,0.29490896077597994,0.30030758047355277
NVDA,hist_gradient_boosting,1,2020-04-06,1,-1,0.8242812713796748,0.1710410853712342,0.1710410853712342,0.6532401860084406
NVDA,hist_gradient_boosting,1,2020-04-07,1,-1,0.6569313216348845,0.1359009427656776,0.20716773559943782,0.44976358603544675
NVDA,hist_gradient_boosting,1,2020-04-08,1,-1,0.9393233793336159,0.025194476446306277,0.03548214422007779,0.9038412351135381
NVDA,hist_gradient_boosting,1,2020-04-09,1,-1,0.9146642566958589,0.011541388820714425,0.07379435448342672,0.8408699022124322
NVDA,hist_gradient_boosting,1,2020-04-13,1,-1,0.7157982412738485,0.03879798592958584,0.24540377279656567,0.47039446847728283
NVDA,hist_gradient_boosting,1,2020-04-14,-1,-1,0.5997736944988841,0.36392542168197783,0.36392542168197783,0.23584827281690623
NVDA,hist_gradient_boosting,1,2020-04-15,0,-1,0.4922935757640371,0.06078075371660586,0.446925670519357,0.045367905244680096
NVDA,hist_gradient_boosting,1,2020-04-16,-1,-1,0.8635560306366742,0.09159148772113286,0.09159148772113286,0.7719645429155413
NVDA,hist_gradient_boosting,1,2020-04-17,0,-1,0.9401577566025231,0.004375000810211495,0.05546724258726524,0.8846905140152579
NVDA,hist_gradient_boosting,1,2020-04-20,1,-1,0.9334588870484515,0.0005339136606783081,0.06600719929087022,0.8674516877575813
NVDA,hist_gradient_boosting,1,2020-04-21,1,-1,0.8652197234594566,0.0024143975459422424,0.13236587899460117,0.7328538444648555
NVDA,hist_gradient_boosting,1,2020-04-22,1,-1,0.990754777417445,0.0083629676005166,0.0083629676005166,0.9823918098169284
NVDA,hist_gradient_boosting,1,2020-04-23,1,-1,0.545816814866644,0.01143300546593205,0.4427501796674239,0.1030666351992201
NVDA,hist_gradient_boosting,1,2020-04-24,-1,-1,0.7076348755238758,0.12824221895421256,0.16412290552191164,0.5435119700019642
NVDA,hist_gradient_boosting,1,2020-04-27,0,-1,0.7809059136073009,0.029947303061655165,0.18914678333104398,0.5917591302762569
NVDA,hist_gradient_boosting,1,2020-04-28,0,0,0.9313477522079112,0.0024169850184813427,0.0662352627736074,0.8651124894343039
NVDA,hist_gradient_boosting,1,2020-04-29,0,0,0.5686999752103966,0.3397973413847675,0.3397973413847675,0.2289026338256291
NVDA,hist_gradient_boosting,1,2020-04-30,1,0,0.6289482216850077,0.12212651979685463,0.24892525851813768,0.38002296316687006
NVDA,hist_gradient_boosting,1,2020-05-01,1,0,0.8220115266363378,0.11122521637719134,0.11122521637719134,0.7107863102591465
NVDA,hist_gradient_boosting,1,2020-05-04,1,-1,0.6455125747681051,0.1662845970483579,0.188202828183537,0.4573097465845681
NVDA,hist_gradient_boosting,1,2020-05-05,1,0,0.39157209724801634,0.2917049058680066,0.31672299688397704,0.0748491003640393
NVDA,hist_gradient_boosting,1,2020-05-06,1,1,0.9579932066568922,0.9579932066568922,0.032791171632264846,0.9252020350246274
NVDA,hist_gradient_boosting,1,2020-05-07,1,1,0.8636210775072571,0.8636210775072571,0.10157971848524809,0.7620413590220091
NVDA,hist_gradient_boosting,1,2020-05-08,1,1,0.8041845589846096,0.8041845589846096,0.1585249724038109,0.6456595865807987
NVDA,hist_gradient_boosting,1,2020-05-11,1,-1,0.462808793465235,0.24887059436245434,0.28832061217231053,0.17448818129292448
NVDA,hist_gradient_boosting,1,2020-05-12,1,1,0.7475519375687736,0.7475519375687736,0.23334496857557338,0.5142069689932002
NVDA,hist_gradient_boosting,1,2020-05-13,1,1,0.8514146954860383,0.8514146954860383,0.14221894253086403,0.7091957529551742
NVDA,hist_gradient_boosting,1,2020-05-14,1,-1,0.693431548013339,0.18737014256550746,0.18737014256550746,0.5060614054478315
NVDA,hist_gradient_boosting,1,2020-05-15,1,-1,0.9660804615905899,0.0007355096710330394,0.033184028738377135,0.9328964328522128
NVDA,hist_gradient_boosting,1,2020-05-18,0,-1,0.8189330302766491,0.0001187577578061289,0.18094821196554495,0.6379848183111041
NVDA,hist_gradient_boosting,1,2020-05-19,-1,-1,0.5589327798916125,0.00027196734275572866,0.44079525276563164,0.11813752712598086
NVDA,hist_gradient_boosting,1,2020-05-20,-1,-1,0.8588294253776471,0.0001476088115070817,0.14102296581084586,0.7178064595668012
NVDA,hist_gradient_boosting,1,2020-05-21,0,-1,0.6940232583513964,5.888539625623034e-05,0.3059178562523474,0.38810540209904903
NVDA,hist_gradient_boosting,1,2020-05-22,-1,-1,0.9522009840219573,0.00018353395630886865,0.04761548202173372,0.9045855020002236
NVDA,hist_gradient_boosting,1,2020-05-26,0,-1,0.7717506624980685,0.02810207962088655,0.200147257881045,0.5716034046170234
NVDA,hist_gradient_boosting,1,2020-05-27,1,-1,0.37685669512185904,0.3341681790414263,0.3341681790414263,0.042688516080432726
NVDA,hist_gradient_boosting,1,2020-05-28,1,0,0.5266228514223477,0.149540873607514,0.3238362749701384,0.20278657645220927
NVDA,hist_gradient_boosting,1,2020-05-29,0,-1,0.9823542966405631,0.009715891198632039,0.009715891198632039,0.972638405441931
NVDA,hist_gradient_boosting,1,2020-06-01,0,1,0.7352420268670313,0.7352420268670313,0.17793613192486757,0.5573058949421638
NVDA,hist_gradient_boosting,1,2020-06-02,1,1,0.5636544135194271,0.5636544135194271,0.3730884653385153,0.19056594818091183
NVDA,hist_gradient_boosting,1,2020-06-03,1,1,0.5163014807826712,0.5163014807826712,0.3304812682983845,0.18582021248428676
NVDA,hist_gradient_boosting,1,2020-06-04,0,-1,0.5415013891058355,0.4041904669720077,0.4041904669720077,0.13731092213382773
NVDA,hist_gradient_boosting,1,2020-06-05,0,-1,0.7721353116906341,0.1542867829235264,0.1542867829235264,0.6178485287671077
NVDA,hist_gradient_boosting,1,2020-06-08,1,0,0.7920839588805648,0.136655044029457,0.136655044029457,0.6554289148511079
NVDA,hist_gradient_boosting,1,2020-06-09,0,1,0.8266806122611511,0.8266806122611511,0.11847755692166352,0.7082030553394876
NVDA,hist_gradient_boosting,1,2020-06-10,0,-1,0.8761611690599727,0.01717271225022384,0.10666611868980344,0.7694950503701692
NVDA,hist_gradient_boosting,1,2020-06-11,1,1,0.5406787217502065,0.5406787217502065,0.3242454555937987,0.2164332661564078
NVDA,hist_gradient_boosting,1,2020-06-12,1,-1,0.8467470551980376,0.060146107439739215,0.09310683736222333,0.7536402178358143
NVDA,hist_gradient_boosting,1,2020-06-15,1,0,0.4801281566934976,0.24187663369167234,0.2779952096148301,0.20213294707866752
NVDA,hist_gradient_boosting,1,2020-06-16,1,0,0.6713242500459377,0.3179393969479592,0.3179393969479592,0.35338485309797846
NVDA,hist_gradient_boosting,1,2020-06-17,0,1,0.5129038593694346,0.5129038593694346,0.4848138922562311,0.028089967113203496
NVDA,hist_gradient_boosting,1,2020-06-18,1,1,0.5233910236607048,0.5233910236607048,0.37279855387634986,0.15059246978435492
NVDA,hist_gradient_boosting,1,2020-06-19,0,1,0.5260509970044724,0.5260509970044724,0.4138918629814115,0.11215913402306094
NVDA,hist_gradient_boosting,1,2020-06-22,-1,0,0.5200057436430253,0.46634235887967607,0.46634235887967607,0.05366338476334925
NVDA,hist_gradient_boosting,1,2020-06-23,0,0,0.3969993012857451,0.25004990489262696,0.3529507938216281,0.04404850746411704
NVDA,hist_gradient_boosting,1,2020-06-24,1,1,0.5099179809604896,0.5099179809604896,0.2620830667308101,0.24783491422967946
NVDA,hist_gradient_boosting,1,2020-06-25,0,-1,0.6503742323359164,0.02597549281309285,0.32365027485099057,0.32672395748492583
NVDA,hist_gradient_boosting,1,2020-06-26,1,-1,0.980363804414379,0.0009536348806758403,0.018682560704944968,0.961681243709434
NVDA,hist_gradient_boosting,1,2020-06-29,1,0,0.6740626545527281,0.11234201629865824,0.2135953291486137,0.4604673254041144
NVDA,hist_gradient_boosting,1,2020-06-30,1,1,0.8720772501036944,0.8720772501036944,0.10679569441321177,0.7652815556904826
NVDA,hist_gradient_boosting,1,2020-07-01,1,1,0.9441120232522238,0.9441120232522238,0.04489191092410407,0.8992201123281197
NVDA,hist_gradient_boosting,1,2020-07-02,1,1,0.990513915701496,0.990513915701496,0.006896886762253231,0.9836170289392429
NVDA,hist_gradient_boosting,1,2020-07-06,1,0,0.5165240151373838,0.1392401834339216,0.3442358014286946,0.1722882137086892
NVDA,hist_gradient_boosting,1,2020-07-07,1,1,0.6965882415073867,0.6965882415073867,0.24646929271030313,0.4501189487970836
NVDA,hist_gradient_boosting,1,2020-07-08,0,0,0.7181226380957618,0.0011912733954432624,0.28068608850879495,0.43743654958696687
NVDA,hist_gradient_boosting,1,2020-07-09,-1,-1,0.8172422358229655,0.0011031989260314617,0.18165456525100318,0.6355876705719623
NVDA,hist_gradient_boosting,1,2020-07-10,-1,0,0.5159378599413972,0.0001133451223189354,0.48394879493628395,0.031989065005113226
NVDA,hist_gradient_boosting,1,2020-07-13,1,-1,0.867946864847795,0.0815549532767605,0.0815549532767605,0.7863919115710345
NVDA,hist_gradient_boosting,1,2020-07-14,0,-1,0.9385347735416012,0.05881049218959054,0.05881049218959054,0.8797242813520106
NVDA,hist_gradient_boosting,1,2020-07-15,1,0,0.48986242678850417,0.10762428295165663,0.4025132902598391,0.08734913652866505
NVDA,hist_gradient_boosting,1,2020-07-16,0,1,0.5852407286270802,0.5852407286270802,0.3523618973006703,0.2328788313264099
NVDA,hist_gradient_boosting,1,2020-07-17,0,1,0.6516217137431393,0.6516217137431393,0.3033508308466073,0.34827088289653196
NVDA,hist_gradient_boosting,1,2020-07-20,0,1,0.9285425362938415,0.9285425362938415,0.055684065162160276,0.8728584711316812
NVDA,hist_gradient_boosting,1,2020-07-21,0,0,0.5268464381177408,0.29227213971880844,0.29227213971880844,0.23457429839893235
NVDA,hist_gradient_boosting,1,2020-07-22,0,-1,0.8216783734806803,0.1532325880605097,0.1532325880605097,0.6684457854201706
NVDA,hist_gradient_boosting,1,2020-07-23,1,0,0.6583127161914512,0.2055246748425396,0.2055246748425396,0.45278804134891154
NVDA,hist_gradient_boosting,1,2020-07-24,1,0,0.4533724015211059,0.34486066903901047,0.34486066903901047,0.10851173248209545
NVDA,hist_gradient_boosting,1,2020-07-27,1,1,0.6382977543652689,0.6382977543652689,0.22948311443083255,0.40881463993443634
NVDA,hist_gradient_boosting,1,2020-07-28,1,-1,0.8606624340583346,0.02020170701241596,0.11913585892924933,0.7415265751290854
NVDA,hist_gradient_boosting,1,2020-07-29,1,-1,0.7157829510435976,0.08593670737660719,0.19828034157979524,0.5175026094638023
NVDA,hist_gradient_boosting,1,2020-07-30,1,1,0.6266895272778061,0.6266895272778061,0.36308837986120307,0.26360114741660307
NVDA,hist_gradient_boosting,1,2020-07-31,1,1,0.8260760387000621,0.8260760387000621,0.1081314304888284,0.7179446082112337
NVDA,hist_gradient_boosting,1,2020-08-03,0,1,0.6709647141623498,0.6709647141623498,0.19036315052220323,0.4806015636401466
NVDA,hist_gradient_boosting,1,2020-08-04,-1,0,0.909729653784403,0.005984218011093307,0.08428612820450375,0.8254435255798992
NVDA,hist_gradient_boosting,1,2020-08-05,0,0,0.8814144009438408,0.0012047869436032723,0.11738081211255587,0.7640335888312849
NVDA,hist_gradient_boosting,1,2020-08-06,0,0,0.9934622240221892,7.651893721072884e-05,0.006461257040599908,0.9870009669815893
NVDA,hist_gradient_boosting,1,2020-08-07,1,0,0.8475105426208317,0.004445678020173988,0.14804377935899427,0.6994667632618374
NVDA,hist_gradient_boosting,1,2020-08-10,1,0,0.7102369235405047,0.0030351440952485266,0.2867279323642467,0.423508991176258
NVDA,hist_gradient_boosting,1,2020-08-11,1,0,0.993591326528615,0.005980553533974496,0.005980553533974496,0.9876107729946405
NVDA,hist_gradient_boosting,1,2020-08-12,1,1,0.7185567509362142,0.7185567509362142,0.27721567736386366,0.44134107357235053
NVDA,hist_gradient_boosting,1,2020-08-13,1,1,0.5596142404235355,0.5596142404235355,0.25465691535873913,0.30495732506479634
NVDA,hist_gradient_boosting,1,2020-08-14,1,0,0.6006317273232585,0.03841035281865045,0.36095791985809106,0.23967380746516748
NVDA,hist_gradient_boosting,1,2020-08-17,1,-1,0.7509304623588522,0.0034930793640102686,0.2455764582771376,0.5053540040817146
NVDA,hist_gradient_boosting,1,2020-08-18,1,0,0.8502205105272247,0.00012661754850604146,0.14965287192426924,0.7005676386029555
NVDA,hist_gradient_boosting,1,2020-08-19,1,0,0.7721533210349865,0.0014063644693624038,0.22644031449565122,0.5457130065393352
NVDA,hist_gradient_boosting,1,2020-08-20,1,0,0.6925331310677374,0.0006381652977266297,0.30682870363453596,0.38570442743320144
NVDA,hist_gradient_boosting,1,2020-08-21,1,-1,0.7324352046665147,0.00040491719209827416,0.26715987814138703,0.46527532652512765
NVDA,hist_gradient_boosting,1,2020-08-24,1,0,0.5199734252795379,0.00026324515489817605,0.47976332956556395,0.04021009571397399
NVDA,hist_gradient_boosting,1,2020-08-25,1,0,0.6185157999364307,0.00015023310751129533,0.38133396695605815,0.23718183298037254
NVDA,hist_gradient_boosting,1,2020-08-26,1,-1,0.6617150887953426,0.0001213219900958214,0.3381635892145615,0.32355149958078105
NVDA,hist_gradient_boosting,1,2020-08-27,1,-1,0.9618142013058082,0.0014616264010091995,0.03672417229318268,0.9250900290126255
NVDA,hist_gradient_boosting,1,2020-08-28,-1,-1,0.8353142169620476,0.004467346245879189,0.16021843679207326,0.6750957801699743
NVDA,hist_gradient_boosting,1,2020-08-31,-1,0,0.8941946746206035,0.00046476213010139653,0.10534056324929511,0.7888541113713085
NVDA,hist_gradient_boosting,1,2020-09-01,-1,-1,0.9112983660514612,0.00010940119539694474,0.08859223275314185,0.8227061332983193
NVDA,hist_gradient_boosting,1,2020-09-02,-1,-1,0.966554446030022,0.0010211943924944937,0.03242435957748353,0.9341300864525385
NVDA,hist_gradient_boosting,1,2020-09-03,-1,1,0.7794039580633193,0.7794039580633193,0.13778644785275113,0.6416175102105681
NVDA,hist_gradient_boosting,1,2020-09-04,0,1,0.5062817975452395,0.5062817975452395,0.4290257617840104,0.07725603576122908
NVDA,hist_gradient_boosting,1,2020-09-08,1,-1,0.6657276048354828,0.28988344982348624,0.28988344982348624,0.37584415501199653
NVDA,hist_gradient_boosting,1,2020-09-09,0,1,0.9374582654458086,0.9374582654458086,0.060397860162229956,0.8770604052835786
NVDA,hist_gradient_boosting,1,2020-09-10,0,1,0.8863285129098332,0.8863285129098332,0.05878565928700345,0.8275428536228298
NVDA,hist_gradient_boosting,1,2020-09-11,0,-1,0.7662768298901043,0.2275302352818496,0.2275302352818496,0.5387465946082547
NVDA,hist_gradient_boosting,1,2020-09-14,-1,1,0.9884122032001952,0.9884122032001952,0.006691249697079837,0.9817209535031154
NVDA,hist_gradient_boosting,1,2020-09-15,-1,0,0.6776918207804192,0.08436442901925566,0.2379437502003252,0.439748070580094
NVDA,hist_gradient_boosting,1,2020-09-16,-1,-1,0.9552745845712965,0.02313297686033072,0.02313297686033072,0.9321416077109659
NVDA,hist_gradient_boosting,1,2020-09-17,0,-1,0.9983684033315535,0.0014024352055675632,0.0014024352055675632,0.9969659681259859
NVDA,hist_gradient_boosting,1,2020-09-18,1,-1,0.9895416996258618,0.007163673014246146,0.007163673014246146,0.9823780266116157
NVDA,hist_gradient_boosting,1,2020-09-21,1,-1,0.9958667140099414,0.0035845912188874544,0.0035845912188874544,0.992282122791054
NVDA,hist_gradient_boosting,1,2020-09-22,1,-1,0.9883776074953324,0.003690236796984643,0.007932155707682761,0.9804454517876496
NVDA,hist_gradient_boosting,1,2020-09-23,1,-1,0.9740682854275409,0.003020802873170745,0.022910911699288553,0.9511573737282523
NVDA,hist_gradient_boosting,1,2020-09-24,1,-1,0.997684520417966,0.0018414281302872168,0.0018414281302872168,0.9958430922876788
NVDA,hist_gradient_boosting,1,2020-09-25,0,-1,0.8495372517328693,0.14379682085176115,0.14379682085176115,0.7057404308811082
NVDA,hist_gradient_boosting,1,2020-09-28,1,-1,0.990660653636443,0.005286202615765105,0.005286202615765105,0.9853744510206779
NVDA,hist_gradient_boosting,1,2020-09-29,1,-1,0.8368148322280036,0.05173174630901729,0.11145342146297914,0.7253614107650245
NVDA,hist_gradient_boosting,1,2020-09-30,1,-1,0.9881815403975356,0.01066468409556892,0.01066468409556892,0.9775168563019667
NVDA,hist_gradient_boosting,1,2020-10-01,0,-1,0.9992528175531374,0.00027757183042512434,0.0004696106164373444,0.9987832069367001
NVDA,hist_gradient_boosting,1,2020-10-02,1,-1,0.9873285123192996,0.0003632696558669627,0.012308218024833334,0.9750202942944663
NVDA,hist_gradient_boosting,1,2020-10-05,1,1,0.6047561050938922,0.6047561050938922,0.39374540539125674,0.21101069970263547
NVDA,hist_gradient_boosting,1,2020-10-06,1,1,0.9326665017356436,0.9326665017356436,0.0668976076814811,0.8657688940541625
NVDA,hist_gradient_boosting,1,2020-10-07,0,-1,0.8241327811632896,0.12445229188896804,0.12445229188896804,0.6996804892743216
NVDA,hist_gradient_boosting,1,2020-10-08,0,-1,0.6626586830284619,0.2643831472453762,0.2643831472453762,0.39827553578308567
NVDA,hist_gradient_boosting,1,2020-10-09,0,-1,0.6254471495092214,0.06591807780675006,0.3086347726840286,0.3168123768251928
NVDA,hist_gradient_boosting,1,2020-10-12,-1,-1,0.7071413114433031,0.18458311045808148,0.18458311045808148,0.5225582009852215
NVDA,hist_gradient_boosting,1,2020-10-13,-1,1,0.6355610599659229,0.6355610599659229,0.26350515213943476,0.3720559078264882
NVDA,hist_gradient_boosting,1,2020-10-14,-1,-1,0.47627231514625984,0.32817864817335907,0.32817864817335907,0.14809366697290077
NVDA,hist_gradient_boosting,1,2020-10-15,-1,-1,0.9022423268614569,0.045334562233726644,0.05242311090481632,0.8498192159566406
NVDA,hist_gradient_boosting,1,2020-10-16,0,0,0.6645530256696087,0.15601937693333992,0.1794275973970514,0.48512542827255734
NVDA,hist_gradient_boosting,1,2020-10-19,-1,0,0.9286075788289346,0.0008201081497880694,0.07057231302127732,0.8580352658076573
NVDA,hist_gradient_boosting,1,2020-10-20,0,0,0.8073897769727132,0.008157845482943096,0.1844523775443438,0.6229373994283693
NVDA,hist_gradient_boosting,1,2020-10-21,-1,-1,0.6575180224428742,0.00750333708421061,0.3349786404729152,0.32253938196995896
NVDA,hist_gradient_boosting,1,2020-10-22,-1,0,0.9449995767010956,0.015709671838171003,0.03929075146073346,0.9057088252403621
NVDA,hist_gradient_boosting,1,2020-10-23,-1,-1,0.5221597841331838,0.032352740236339966,0.44548747563047625,0.07667230850270751
NVDA,hist_gradient_boosting,1,2020-10-26,-1,-1,0.8365312125539363,0.08042203994677828,0.08304674749928552,0.7534844650546507
NVDA,hist_gradient_boosting,1,2020-10-27,-1,-1,0.9066249710543949,0.08549879516896723,0.08549879516896723,0.8211261758854277
NVDA,hist_gradient_boosting,1,2020-10-28,1,-1,0.7983862736546659,0.11657259221823067,0.11657259221823067,0.6818136814364352
NVDA,hist_gradient_boosting,1,2020-10-29,1,-1,0.9940144827609155,0.000835463408881081,0.005150053830203374,0.9888644289307121
NVDA,hist_gradient_boosting,1,2020-10-30,1,-1,0.6984705177249533,0.04339743516740398,0.2581320471076426,0.4403384706173107
NVDA,hist_gradient_boosting,1,2020-11-02,1,-1,0.5781533568637096,0.2602009131654657,0.2602009131654657,0.31795244369824394
NVDA,hist_gradient_boosting,1,2020-11-03,0,-1,0.5268179050503085,0.21189306924508639,0.2612890257046052,0.26552887934570324
NVDA,hist_gradient_boosting,1,2020-11-04,-1,-1,0.9979139354663913,0.0006088620570869328,0.0014772024765217445,0.9964367329898696
NVDA,hist_gradient_boosting,1,2020-11-05,-1,-1,0.8462968411888393,0.009450610642432798,0.14425254816872782,0.7020442930201115
NVDA,hist_gradient_boosting,1,2020-11-06,-1,1,0.7278349158901538,0.7278349158901538,0.258147778455689,0.46968713743446483
NVDA,hist_gradient_boosting,1,2020-11-09,0,0,0.9561807879973735,0.010263903516962599,0.03355530848566394,0.9226254795117096
NVDA,hist_gradient_boosting,1,2020-11-10,1,0,0.6589714421854442,0.32436184300214255,0.32436184300214255,0.3346095991833017
NVDA,hist_gradient_boosting,1,2020-11-11,0,1,0.5110966692370361,0.5110966692370361,0.37903252500376333,0.13206414423327278
NVDA,hist_gradient_boosting,1,2020-11-12,0,0,0.6251920750866445,0.36474132930434366,0.36474132930434366,0.2604507457823009
NVDA,hist_gradient_boosting,1,2020-11-13,0,1,0.6157166507268418,0.6157166507268418,0.35694484707265145,0.25877180365419034
NVDA,hist_gradient_boosting,1,2020-11-16,-1,1,0.5021004869978583,0.5021004869978583,0.47936800335544105,0.0227324836424172
NVDA,hist_gradient_boosting,1,2020-11-17,-1,0,0.6056949714696167,0.35723733935816426,0.35723733935816426,0.24845763211145244
NVDA,hist_gradient_boosting,1,2020-11-18,0,1,0.5801424033102056,0.5801424033102056,0.3127905381784636,0.26735186513174203
NVDA,hist_gradient_boosting,1,2020-11-19,0,1,0.6647002222865303,0.6647002222865303,0.32423498510854676,0.3404652371779835
NVDA,hist_gradient_boosting,1,2020-11-20,1,1,0.8486115862850436,0.8486115862850436,0.134690842489656,0.7139207437953876
NVDA,hist_gradient_boosting,1,2020-11-23,0,0,0.6083775419287177,0.3873268181494895,0.3873268181494895,0.22105072377922824
NVDA,hist_gradient_boosting,1,2020-11-24,1,1,0.578821949879637,0.578821949879637,0.36950133088094794,0.20932061899868903
NVDA,hist_gradient_boosting,1,2020-11-25,0,0,0.506827062646074,0.4129918878368426,0.4129918878368426,0.09383517480923143
NVDA,hist_gradient_boosting,1,2020-11-27,1,0,0.5620874292003094,0.40587722601148574,0.40587722601148574,0.15621020318882367
NVDA,hist_gradient_boosting,1,2020-11-30,0,0,0.9015715210846035,0.05257871372727167,0.05257871372727167,0.8489928073573318
NVDA,hist_gradient_boosting,1,2020-12-01,0,0,0.9374599707955737,0.05676948393246453,0.05676948393246453,0.8806904868631092
NVDA,hist_gradient_boosting,1,2020-12-02,-1,0,0.9695713875760797,0.016919305707440692,0.016919305707440692,0.952652081868639
NVDA,hist_gradient_boosting,1,2020-12-03,-1,0,0.8334220977083608,0.11600404556118585,0.11600404556118585,0.717418052147175
NVDA,hist_gradient_boosting,1,2020-12-04,-1,0,0.9065441750638287,0.0031613318443991173,0.09029449309177234,0.8162496819720564
NVDA,hist_gradient_boosting,1,2020-12-07,-1,0,0.9873051517062975,0.006525475811950062,0.006525475811950062,0.9807796758943474
NVDA,hist_gradient_boosting,1,2020-12-08,0,0,0.966649048157736,0.029243646065115335,0.029243646065115335,0.9374054020926207
NVDA,hist_gradient_boosting,1,2020-12-09,1,1,0.784719020885131,0.784719020885131,0.20748989828418773,0.5772291226009433
NVDA,hist_gradient_boosting,1,2020-12-10,1,1,0.9740243635640056,0.9740243635640056,0.014151840416546756,0.9598725231474589
NVDA,hist_gradient_boosting,1,2020-12-11,0,1,0.8953883145725556,0.8953883145725556,0.0792215952719631,0.8161667193005926
NVDA,hist_gradient_boosting,1,2020-12-14,0,0,0.5528036661077309,0.35574097899517876,0.35574097899517876,0.19706268711255215
NVDA,hist_gradient_boosting,1,2020-12-15,0,0,0.544507928022635,0.3986598840687648,0.3986598840687648,0.14584804395387024
NVDA,hist_gradient_boosting,1,2020-12-16,0,0,0.7775419051965523,0.21380771200328355,0.21380771200328355,0.5637341931932688
NVDA,hist_gradient_boosting,1,2020-12-17,-1,0,0.9041725142965736,0.08224953017661961,0.08224953017661961,0.821922984119954
NVDA,hist_gradient_boosting,1,2020-12-18,-1,0,0.7502372805028618,0.22817686505153723,0.22817686505153723,0.5220604154513245
NVDA,hist_gradient_boosting,1,2020-12-21,-1,1,0.6610580585743544,0.6610580585743544,0.2575550116451207,0.4035030469292337
NVDA,hist_gradient_boosting,1,2020-12-22,0,1,0.720874968225824,0.720874968225824,0.16592349329609546,0.5549514749297285
NVDA,hist_gradient_boosting,1,2020-12-23,0,1,0.8830667190080045,0.8830667190080045,0.07315019466497188,0.8099165243430326
NVDA,hist_gradient_boosting,1,2020-12-24,0,1,0.957459635824087,0.957459635824087,0.029617783624439876,0.9278418521996471
NVDA,hist_gradient_boosting,1,2020-12-28,1,0,0.6578856693066044,0.32466309669763516,0.32466309669763516,0.33322257260896926
NVDA,hist_gradient_boosting,1,2020-12-29,-1,1,0.9816405576590439,0.9816405576590439,0.01169678176095022,0.9699437758980937
NVDA,hist_gradient_boosting,1,2020-12-30,0,1,0.6154454862610605,0.6154454862610605,0.3292153143952312,0.28623017186582933
NVDA,hist_gradient_boosting,1,2020-12-31,0,1,0.9142027132711333,0.9142027132711333,0.054857681481934296,0.8593450317891991
NVDA,hist_gradient_boosting,1,2021-01-04,1,-1,0.5718588395960345,0.1607278829463898,0.26741327745757576,0.3044455621384587
NVDA,hist_gradient_boosting,1,2021-01-05,0,0,0.9743865124265251,0.023462799645572987,0.023462799645572987,0.9509237127809521
NVDA,hist_gradient_boosting,1,2021-01-06,1,1,0.6226180738794226,0.6226180738794226,0.35022822954730637,0.2723898443321162
NVDA,hist_gradient_boosting,1,2021-01-07,0,-1,0.5107134955514424,0.32475710013688397,0.32475710013688397,0.18595639541455844
NVDA,hist_gradient_boosting,1,2021-01-08,-1,1,0.7233470273153902,0.7233470273153902,0.2519869939122949,0.47136003340309535
NVDA,hist_gradient_boosting,1,2021-01-11,-1,1,0.6774015409852048,0.6774015409852048,0.31858221671355363,0.35881932427165114
NVDA,hist_gradient_boosting,1,2021-01-12,0,1,0.6586178969614256,0.6586178969614256,0.32782363043340684,0.33079426652801874
NVDA,hist_gradient_boosting,1,2021-01-13,1,0,0.9901208282744466,0.0031390013221372875,0.0067401704034162025,0.9833806578710304
NVDA,hist_gradient_boosting,1,2021-01-14,1,0,0.7020138841805281,0.2777631718486171,0.2777631718486171,0.42425071233191103
NVDA,hist_gradient_boosting,1,2021-01-15,1,1,0.7658285009884702,0.7658285009884702,0.19965530228327363,0.5661731987051966
NVDA,hist_gradient_boosting,1,2021-01-19,1,1,0.49829856171572834,0.49829856171572834,0.25296076059174777,0.24533780112398057
NVDA,hist_gradient_boosting,1,2021-01-20,-1,1,0.4814444301499863,0.4814444301499863,0.41970908554223146,0.061735344607754816
NVDA,hist_gradient_boosting,1,2021-01-21,-1,1,0.8882299583215798,0.8882299583215798,0.07176911776634118,0.8164608405552386
NVDA,hist_gradient_boosting,1,2021-01-22,-1,0,0.8564329195135421,0.1397046820758359,0.1397046820758359,0.7167282374377062
NVDA,hist_gradient_boosting,1,2021-01-25,-1,0,0.9829039558521255,0.013572586756438593,0.013572586756438593,0.969331369095687
NVDA,hist_gradient_boosting,1,2021-01-26,0,1,0.7495095340394907,0.7495095340394907,0.17158255713746595,0.5779269769020248
NVDA,hist_gradient_boosting,1,2021-01-27,1,-1,0.8031118735273586,0.0821794581139935,0.1147086683586479,0.6884032051687107
NVDA,hist_gradient_boosting,1,2021-01-28,1,-1,0.9462793016085912,0.02982785090618667,0.02982785090618667,0.9164514507024045
NVDA,hist_gradient_boosting,1,2021-01-29,1,-1,0.9575866320198235,0.025023913145428733,0.025023913145428733,0.9325627188743948
NVDA,hist_gradient_boosting,1,2021-02-01,1,-1,0.9235435765645803,0.04117042013565869,0.04117042013565869,0.8823731564289217
NVDA,hist_gradient_boosting,1,2021-02-02,1,0,0.5738744436085084,0.30851972825767987,0.30851972825767987,0.2653547153508285
NVDA,hist_gradient_boosting,1,2021-02-03,1,0,0.6520053688825069,0.05523083509830513,0.29276379601918795,0.359241572863319
NVDA,hist_gradient_boosting,1,2021-02-04,1,0,0.9378422687742615,0.01639666447470062,0.04576106675103781,0.8920812020232236
NVDA,hist_gradient_boosting,1,2021-02-05,1,0,0.9830491559121565,0.014190593603716488,0.014190593603716488,0.96885856230844
NVDA,hist_gradient_boosting,1,2021-02-08,1,1,0.9843939465067432,0.9843939465067432,0.009804676641048534,0.9745892698656946
NVDA,hist_gradient_boosting,1,2021-02-09,1,0,0.5643692313007884,0.3930854312662824,0.3930854312662824,0.171283800034506
NVDA,hist_gradient_boosting,1,2021-02-10,0,-1,0.9108767257339468,0.035623524241682976,0.05349975002437018,0.8573769757095767
NVDA,hist_gradient_boosting,1,2021-02-11,-1,-1,0.9426389906662124,0.0002367076136776062,0.05712430172010998,0.8855146889461024
NVDA,hist_gradient_boosting,1,2021-02-12,-1,0,0.6555163721334342,0.0012999277836899742,0.3431837000828758,0.31233267205055837
NVDA,hist_gradient_boosting,1,2021-02-16,-1,0,0.7379878487539213,0.000129889698391392,0.2618822615476872,0.47610558720623414
NVDA,hist_gradient_boosting,1,2021-02-17,-1,-1,0.7042945902448614,0.10459034247973677,0.19111506727540192,0.5131795229694595
NVDA,hist_gradient_boosting,1,2021-02-18,-1,-1,0.7892981567932871,0.05417676472355444,0.15652507848315858,0.6327730783101285
NVDA,hist_gradient_boosting,1,2021-02-19,-1,-1,0.6091088335060172,0.30317537784889853,0.30317537784889853,0.30593345565711866
NVDA,hist_gradient_boosting,1,2021-02-22,-1,0,0.8744077719765454,0.06721607339219922,0.06721607339219922,0.8071916985843461
NVDA,hist_gradient_boosting,1,2021-02-23,-1,-1,0.5154681058833889,0.12973062465859975,0.3548012694580115,0.16066683642537738
NVDA,hist_gradient_boosting,1,2021-02-24,-1,0,0.6913739787897271,0.12587480578111776,0.1827512154291553,0.5086227633605718
NVDA,hist_gradient_boosting,1,2021-02-25,-1,-1,0.9547380631678286,0.0020947722408461975,0.04316716459132522,0.9115708985765034
NVDA,hist_gradient_boosting,1,2021-02-26,-1,-1,0.9118446416726734,0.08526115733559686,0.08526115733559686,0.8265834843370765
NVDA,hist_gradient_boosting,1,2021-03-01,-1,1,0.7085359379276066,0.7085359379276066,0.20894594633257565,0.4995899915950309
NVDA,hist_gradient_boosting,1,2021-03-02,-1,-1,0.813975740494074,0.10232613578616981,0.10232613578616981,0.7116496047079042
NVDA,hist_gradient_boosting,1,2021-03-03,-1,0,0.9337799122791848,0.013345211839357683,0.05287487588145752,0.8809050363977272
NVDA,hist_gradient_boosting,1,2021-03-04,1,-1,0.8234379747028214,0.018780828369142084,0.1577811969280365,0.6656567777747849
NVDA,hist_gradient_boosting,1,2021-03-05,1,-1,0.9058773040374837,0.05292264032046239,0.05292264032046239,0.8529546637170213
NVDA,hist_gradient_boosting,1,2021-03-08,1,-1,0.3986400045288023,0.35692282903447403,0.35692282903447403,0.041717175494328296
NVDA,hist_gradient_boosting,1,2021-03-09,1,-1,0.9579628680733346,0.04099699749766121,0.04099699749766121,0.9169658705756735
NVDA,hist_gradient_boosting,1,2021-03-10,1,-1,0.6080855588439253,0.3539041889373299,0.3539041889373299,0.25418136990659546
NVDA,hist_gradient_boosting,1,2021-03-11,-1,0,0.5556731469973183,0.05503829700292,0.38928855599976175,0.16638459099755654
NVDA,hist_gradient_boosting,1,2021-03-12,0,-1,0.8074799984078685,0.14480989797731159,0.14480989797731159,0.662670100430557
NVDA,hist_gradient_boosting,1,2021-03-15,0,-1,0.5575303968796357,0.021382187979604693,0.4210874151407595,0.1364429817388762
NVDA,hist_gradient_boosting,1,2021-03-16,0,0,0.6189579195424328,0.0032090042277693374,0.3778330762297979,0.24112484331263495
NVDA,hist_gradient_boosting,1,2021-03-17,-1,0,0.5409203842998701,0.019280614849090057,0.4397990008510399,0.1011213834488302
NVDA,hist_gradient_boosting,1,2021-03-18,0,-1,0.9443532751020404,0.0033966731711978218,0.05225005172676175,0.8921032233752786
NVDA,hist_gradient_boosting,1,2021-03-19,0,-1,0.9531278152775808,0.0017331247728157553,0.045139059949603356,0.9079887553279775
NVDA,hist_gradient_boosting,1,2021-03-22,0,-1,0.7158465091117776,0.14925058706492442,0.14925058706492442,0.5665959220468532
NVDA,hist_gradient_boosting,1,2021-03-23,0,0,0.5516754316150869,0.10134152365380202,0.3469830447311111,0.20469238688397584
NVDA,hist_gradient_boosting,1,2021-03-24,1,-1,0.8849110380000693,0.0008350575649518065,0.11425390443497896,0.7706571335650904
NVDA,hist_gradient_boosting,1,2021-03-25,1,-1,0.4367671954099855,0.3369271837697142,0.3369271837697142,0.09984001164027129
NVDA,hist_gradient_boosting,1,2021-03-26,1,-1,0.6303147965502021,0.0561176057655473,0.31356759768425047,0.3167471988659516
NVDA,hist_gradient_boosting,1,2021-03-29,1,0,0.7069413364948463,0.21408679033417932,0.21408679033417932,0.49285454616066693
NVDA,hist_gradient_boosting,1,2021-03-30,1,1,0.685385954647289,0.685385954647289,0.2675551166864617,0.4178308379608273
NVDA,hist_gradient_boosting,1,2021-03-31,1,0,0.506364988059766,0.088274049551879,0.40536096238835495,0.10100402567141109
NVDA,hist_gradient_boosting,1,2021-04-01,1,-1,0.7077383178871546,0.13166301872491226,0.16059866338793324,0.5471396544992213
NVDA,hist_gradient_boosting,1,2021-04-05,1,-1,0.47921476301582555,0.20765357539868146,0.31313166158549294,0.1660831014303326
NVDA,hist_gradient_boosting,1,2021-04-06,1,0,0.9189829861048097,0.04315292363990607,0.04315292363990607,0.8758300624649036
NVDA,hist_gradient_boosting,1,2021-04-07,1,1,0.865045673372174,0.865045673372174,0.0750664660573228,0.7899792073148512
NVDA,hist_gradient_boosting,1,2021-04-08,1,0,0.6685916016424488,0.03617266172289807,0.2952357366346532,0.3733558650077956
NVDA,hist_gradient_boosting,1,2021-04-09,1,-1,0.6080087686902433,0.024671172271009244,0.36732005903874754,0.2406887096514958
NVDA,hist_gradient_boosting,1,2021-04-12,0,-1,0.8331238640802423,0.0008114612958563231,0.1660646746239012,0.6670591894563411
NVDA,hist_gradient_boosting,1,2021-04-13,-1,-1,0.7565489319437656,0.00020279610718112746,0.2432482719490532,0.5133006599947124
NVDA,hist_gradient_boosting,1,2021-04-14,0,0,0.9125969795575389,0.0014971469605903778,0.0859058734818706,0.8266911060756683
NVDA,hist_gradient_boosting,1,2021-04-15,-1,-1,0.969249012933715,0.0011843224925338304,0.029566664573751088,0.9396823483599639
NVDA,hist_gradient_boosting,1,2021-04-16,-1,0,0.505942162409763,2.3236849789728663e-05,0.49403460074044725,0.011907561669315725
NVDA,hist_gradient_boosting,1,2021-04-19,0,-1,0.7166942382833517,0.021624133182439206,0.2616816285342092,0.4550126097491425
NVDA,hist_gradient_boosting,1,2021-04-20,0,0,0.680352424212712,0.1922815510975059,0.1922815510975059,0.48807087311520614
NVDA,hist_gradient_boosting,2,2021-04-21,0,1,0.4633709368339351,0.4633709368339351,0.4524946481275698,0.010876288706365311
NVDA,hist_gradient_boosting,2,2021-04-22,1,-1,0.6978088396651166,0.18491429455761013,0.18491429455761013,0.5128945451075065
NVDA,hist_gradient_boosting,2,2021-04-23,0,-1,0.7839372727522868,0.12914649585240678,0.12914649585240678,0.65479077689988
NVDA,hist_gradient_boosting,2,2021-04-26,-1,-1,0.5022312076508043,0.479583818851041,0.479583818851041,0.0226473887997633
NVDA,hist_gradient_boosting,2,2021-04-27,-1,1,0.5742689894327768,0.5742689894327768,0.4211901118581867,0.1530788775745901
NVDA,hist_gradient_boosting,2,2021-04-28,-1,-1,0.524967307841408,0.4696743071512263,0.4696743071512263,0.05529300069018167
NVDA,hist_gradient_boosting,2,2021-04-29,-1,1,0.675816868717526,0.675816868717526,0.20406040295584765,0.47175646576167835
NVDA,hist_gradient_boosting,2,2021-04-30,0,1,0.7315914283790155,0.7315914283790155,0.23951875859049948,0.492072669788516
NVDA,hist_gradient_boosting,2,2021-05-03,-1,0,0.34280945799325135,0.330778636884319,0.330778636884319,0.012030821108932332
NVDA,hist_gradient_boosting,2,2021-05-04,0,-1,0.5936797439814725,0.3725092808354137,0.3725092808354137,0.22117046314605882
NVDA,hist_gradient_boosting,2,2021-05-05,-1,1,0.5535506249833052,0.5535506249833052,0.41720540033983095,0.13634522464347426
NVDA,hist_gradient_boosting,2,2021-05-06,-1,-1,0.5260261566685158,0.45902684785619663,0.45902684785619663,0.06699930881231919
NVDA,hist_gradient_boosting,2,2021-05-07,-1,-1,0.6557766962535825,0.27022178044051043,0.27022178044051043,0.38555491581307205
NVDA,hist_gradient_boosting,2,2021-05-10,0,1,0.4848775940273922,0.4848775940273922,0.44345539580963217,0.04142219821776005
NVDA,hist_gradient_boosting,2,2021-05-11,-1,-1,0.6794191046485509,0.28619767277909947,0.28619767277909947,0.39322143186945147
NVDA,hist_gradient_boosting,2,2021-05-12,1,1,0.6441635641471676,0.6441635641471676,0.3501661606088452,0.2939974035383224
NVDA,hist_gradient_boosting,2,2021-05-13,1,1,0.7967015426423646,0.7967015426423646,0.18547555200099444,0.6112259906413702
NVDA,hist_gradient_boosting,2,2021-05-14,1,-1,0.8476884707580778,0.1348552633593037,0.1348552633593037,0.7128332073987742
NVDA,hist_gradient_boosting,2,2021-05-17,1,-1,0.636783115450573,0.2827579548810448,0.2827579548810448,0.35402516056952815
NVDA,hist_gradient_boosting,2,2021-05-18,1,1,0.625419696773867,0.625419696773867,0.3090347967376676,0.3163849000361994
NVDA,hist_gradient_boosting,2,2021-05-19,1,-1,0.6434112001487882,0.07695241430029082,0.2796363855509211,0.3637748145978671
NVDA,hist_gradient_boosting,2,2021-05-20,1,-1,0.6267142377203461,0.0605882743219719,0.31269748795768204,0.314016749762664
NVDA,hist_gradient_boosting,2,2021-05-21,1,-1,0.8900993831015842,0.038640081110784284,0.07126053578763136,0.8188388473139528
NVDA,hist_gradient_boosting,2,2021-05-24,1,-1,0.8362528570550327,0.146542213755873,0.146542213755873,0.6897106432991598
NVDA,hist_gradient_boosting,2,2021-05-25,1,-1,0.9685643141785334,0.021472018886063718,0.021472018886063718,0.9470922952924696
NVDA,hist_gradient_boosting,2,2021-05-26,1,-1,0.9152660357460058,0.03625415547382433,0.048479808780169796,0.8667862269658361
NVDA,hist_gradient_boosting,2,2021-05-27,1,-1,0.7538007349606769,0.20704318121830467,0.20704318121830467,0.5467575537423722
NVDA,hist_gradient_boosting,2,2021-05-28,1,1,0.488812362426724,0.488812362426724,0.3195005829481173,0.1693117794786067
NVDA,hist_gradient_boosting,2,2021-06-01,1,0,0.5418442416777394,0.14094417046142024,0.3172115878608404,0.22463265381689895
NVDA,hist_gradient_boosting,2,2021-06-02,1,-1,0.9127332349022094,0.013930075245799527,0.07333668985199103,0.8393965450502183
NVDA,hist_gradient_boosting,2,2021-06-03,1,-1,0.8084445015622453,0.013244461690588448,0.17831103674716625,0.6301334648150791
NVDA,hist_gradient_boosting,2,2021-06-04,0,-1,0.9296749223471592,0.001868458370133164,0.06845661928270771,0.8612183030644515
NVDA,hist_gradient_boosting,2,2021-06-07,1,-1,0.8433468028451148,0.007768788059994191,0.14888440909489123,0.6944623937502236
NVDA,hist_gradient_boosting,2,2021-06-08,0,0,0.5131230483820417,0.01393777532758159,0.4729391762903767,0.04018387209166502
NVDA,hist_gradient_boosting,2,2021-06-09,1,-1,0.6258665606777245,0.00808964786420316,0.36604379145807237,0.25982276921965214
NVDA,hist_gradient_boosting,2,2021-06-10,1,-1,0.6436251504457029,0.01159226008039096,0.3447825894739061,0.2988425609717968
NVDA,hist_gradient_boosting,2,2021-06-11,1,-1,0.9753799744341967,0.00786194528738919,0.016758080278414276,0.9586218941557824
NVDA,hist_gradient_boosting,2,2021-06-14,1,-1,0.9447073550232679,0.010420929224358687,0.04487171575237327,0.8998356392708946
NVDA,hist_gradient_boosting,2,2021-06-15,1,0,0.5879355464301633,0.021691833084681308,0.39037262048515536,0.19756292594500796
NVDA,hist_gradient_boosting,2,2021-06-16,1,-1,0.6854576408153664,0.01587115923268452,0.29867119995194896,0.38678644086341746
NVDA,hist_gradient_boosting,2,2021-06-17,1,-1,0.8746026967033655,0.008211330495203633,0.11718597280143093,0.7574167239019346
NVDA,hist_gradient_boosting,2,2021-06-18,1,-1,0.704922818245587,0.22866556036797203,0.22866556036797203,0.47625725787761497
NVDA,hist_gradient_boosting,2,2021-06-21,1,0,0.6298330402264207,0.18332180071483745,0.18684515905874177,0.44298788116767895
NVDA,hist_gradient_boosting,2,2021-06-22,1,-1,0.7705569381198888,0.016672310912450052,0.21277075096766118,0.5577861871522276
NVDA,hist_gradient_boosting,2,2021-06-23,1,0,0.5856589881715103,0.07266720867708555,0.3416738031514042,0.24398518502010608
NVDA,hist_gradient_boosting,2,2021-06-24,1,-1,0.5185049319027318,0.0946554692304137,0.3868395988668544,0.13166533303587746
NVDA,hist_gradient_boosting,2,2021-06-25,1,-1,0.8109750636790182,0.020828143050073057,0.16819679327090883,0.6427782704081093
NVDA,hist_gradient_boosting,2,2021-06-28,1,-1,0.8438867818122378,0.013880537915320955,0.14223268027244138,0.7016541015397963
NVDA,hist_gradient_boosting,2,2021-06-29,0,-1,0.6292873060583877,0.013136831463974298,0.3575758624776382,0.2717114435807495
NVDA,hist_gradient_boosting,2,2021-06-30,0,-1,0.8317494753460885,0.10835071087835493,0.10835071087835493,0.7233987644677335
NVDA,hist_gradient_boosting,2,2021-07-01,0,-1,0.8628971516087243,0.1105132493532473,0.1105132493532473,0.752383902255477
NVDA,hist_gradient_boosting,2,2021-07-02,0,-1,0.41443477822307434,0.220052641667773,0.36551258010915266,0.04892219811392168
NVDA,hist_gradient_boosting,2,2021-07-06,-1,-1,0.876865799009802,0.016879030348463275,0.10625517064173469,0.7706106283680673
NVDA,hist_gradient_boosting,2,2021-07-07,-1,-1,0.6779335091676266,0.16429630876300813,0.16429630876300813,0.5136372004046185
NVDA,hist_gradient_boosting,2,2021-07-08,-1,-1,0.5324937076231885,0.3463717876036114,0.3463717876036114,0.18612192001957706
NVDA,hist_gradient_boosting,2,2021-07-09,-1,-1,0.44712929344385455,0.1903600583463153,0.36251064820983003,0.08461864523402451
NVDA,hist_gradient_boosting,2,2021-07-12,-1,1,0.4310334563817637,0.4310334563817637,0.41659142658851606,0.014442029793247657
NVDA,hist_gradient_boosting,2,2021-07-13,-1,-1,0.6846362980976862,0.019083038774240536,0.2962806631280732,0.388355634969613
NVDA,hist_gradient_boosting,2,2021-07-14,-1,0,0.626672783525037,0.041424741636727935,0.3319024748382351,0.2947703086868019
NVDA,hist_gradient_boosting,2,2021-07-15,1,1,0.5518354895707923,0.5518354895707923,0.37673361462466204,0.17510187494613028
NVDA,hist_gradient_boosting,2,2021-07-16,1,1,0.6461496998196675,0.6461496998196675,0.3335921196308545,0.312557580188813
NVDA,hist_gradient_boosting,2,2021-07-19,1,1,0.7452885490089495,0.7452885490089495,0.23750705972051128,0.5077814892884382
NVDA,hist_gradient_boosting,2,2021-07-20,1,1,0.9103401374206153,0.9103401374206153,0.08115902469884023,0.829181112721775
NVDA,hist_gradient_boosting,2,2021-07-21,0,-1,0.6277175535446262,0.2825071493753805,0.2825071493753805,0.3452104041692457
NVDA,hist_gradient_boosting,2,2021-07-22,0,1,0.4708241446757393,0.4708241446757393,0.3240195035133777,0.14680464116236158
NVDA,hist_gradient_boosting,2,2021-07-23,0,-1,0.705980453759907,0.15308144472526627,0.15308144472526627,0.5528990090346407
NVDA,hist_gradient_boosting,2,2021-07-26,1,-1,0.49442899314809624,0.30129726432646026,0.30129726432646026,0.19313172882163598
NVDA,hist_gradient_boosting,2,2021-07-27,1,-1,0.45418803496313004,0.2531881780306135,0.2926237870062564,0.16156424795687363
NVDA,hist_gradient_boosting,2,2021-07-28,1,1,0.433049307430978,0.433049307430978,0.2898809109897602,0.14316839644121782
NVDA,hist_gradient_boosting,2,2021-07-29,1,0,0.4502388124148715,0.17318131512296736,0.3765798724621612,0.07365893995271033
NVDA,hist_gradient_boosting,2,2021-07-30,1,0,0.7861654560135432,0.041028720838382715,0.17280582314807405,0.6133596328654691
NVDA,hist_gradient_boosting,2,2021-08-02,1,0,0.6203471076844931,0.1443833117377864,0.23526958057772043,0.3850775271067727
NVDA,hist_gradient_boosting,2,2021-08-03,0,0,0.5173040001836909,0.1328379935412398,0.3498580062750692,0.16744599390862175
NVDA,hist_gradient_boosting,2,2021-08-04,-1,0,0.5678671107977122,0.010351922135672383,0.42178096706661544,0.1460861437310968
NVDA,hist_gradient_boosting,2,2021-08-05,-1,0,0.7478767481297094,0.01339968429423503,0.23872356757605565,0.5091531805536538
NVDA,hist_gradient_boosting,2,2021-08-06,0,0,0.87364905804165,0.022481523055462055,0.10386941890288798,0.7697796391387621
NVDA,hist_gradient_boosting,2,2021-08-09,0,0,0.8373274545300253,0.030743704237564323,0.13192884123241053,0.7053986132976148
NVDA,hist_gradient_boosting,2,2021-08-10,-1,0,0.8848393996948126,0.05139541632129077,0.06376518398389662,0.821074215710916
NVDA,hist_gradient_boosting,2,2021-08-11,-1,0,0.8421613286327272,0.07995021494837512,0.07995021494837512,0.7622111136843521
NVDA,hist_gradient_boosting,2,2021-08-12,0,0,0.8998569006582595,0.006712712733969705,0.0934303866077707,0.8064265140504888
NVDA,hist_gradient_boosting,2,2021-08-13,1,0,0.4883897893075529,0.1416374531083053,0.36997275758414183,0.11841703172341106
NVDA,hist_gradient_boosting,2,2021-08-16,1,-1,0.8664263336656692,0.05034986248796614,0.08322380384636453,0.7832025298193047
NVDA,hist_gradient_boosting,2,2021-08-17,1,1,0.7781419076493173,0.7781419076493173,0.17276431747549076,0.6053775901738265
NVDA,hist_gradient_boosting,2,2021-08-18,1,1,0.9520759389641321,0.9520759389641321,0.04065885960829947,0.9114170793558326
NVDA,hist_gradient_boosting,2,2021-08-19,1,1,0.6034609820369129,0.6034609820369129,0.3208717622939065,0.2825892197430064
NVDA,hist_gradient_boosting,2,2021-08-20,1,1,0.8263455555711604,0.8263455555711604,0.10172905540744397,0.7246165001637165
NVDA,hist_gradient_boosting,2,2021-08-23,1,0,0.47767695597088883,0.45241171255108564,0.45241171255108564,0.025265243419803185
NVDA,hist_gradient_boosting,2,2021-08-24,1,0,0.4923249217692123,0.2627703490397412,0.2627703490397412,0.22955457272947105
NVDA,hist_gradient_boosting,2,2021-08-25,0,0,0.5212547915338317,0.024502195481180745,0.4542430129849876,0.0670117785488441
NVDA,hist_gradient_boosting,2,2021-08-26,0,1,0.4209818455354037,0.4209818455354037,0.36442839726059906,0.05655344827480463
NVDA,hist_gradient_boosting,2,2021-08-27,0,-1,0.501051108001736,0.14119961744716827,0.35774927455109573,0.1433018334506403
NVDA,hist_gradient_boosting,2,2021-08-30,0,0,0.7070478586493223,0.03603191193057975,0.25692022942009796,0.45012762922922434
NVDA,hist_gradient_boosting,2,2021-08-31,0,0,0.7158754846622576,0.07713228368122857,0.20699223165651384,0.5088832530057438
NVDA,hist_gradient_boosting,2,2021-09-01,0,-1,0.6559260352454357,0.07422604921351086,0.26984791554105353,0.38607811970438216
NVDA,hist_gradient_boosting,2,2021-09-02,0,0,0.7589689256635977,0.029219516934516385,0.21181155740188604,0.5471573682617117
NVDA,hist_gradient_boosting,2,2021-09-03,-1,0,0.56692239959628,0.29303554174123564,0.29303554174123564,0.27388685785504435
NVDA,hist_gradient_boosting,2,2021-09-07,0,0,0.89760548285826,0.01723083671453692,0.085163680427203,0.812441802431057
NVDA,hist_gradient_boosting,2,2021-09-08,0,0,0.6110110858668782,0.08422647953953179,0.30476243459359,0.30624865127328826
NVDA,hist_gradient_boosting,2,2021-09-09,0,-1,0.5354654752487559,0.06591903480495181,0.39861548994629237,0.1368499853024635
NVDA,hist_gradient_boosting,2,2021-09-10,-1,0,0.6511576593455551,0.19372012181958612,0.19372012181958612,0.45743753752596905
NVDA,hist_gradient_boosting,2,2021-09-13,-1,0,0.8527953677062009,0.10916434352901792,0.10916434352901792,0.743631024177183
NVDA,hist_gradient_boosting,2,2021-09-14,-1,1,0.6822398881209248,0.6822398881209248,0.18834455710672787,0.49389533101419697
NVDA,hist_gradient_boosting,2,2021-09-15,0,1,0.47218013614238585,0.47218013614238585,0.3620257272680745,0.11015440887431133
NVDA,hist_gradient_boosting,2,2021-09-16,0,-1,0.5829551945402122,0.21821365625568115,0.21821365625568115,0.36474153828453104
NVDA,hist_gradient_boosting,2,2021-09-17,0,0,0.835313804413355,0.11145034514916118,0.11145034514916118,0.7238634592641938
NVDA,hist_gradient_boosting,2,2021-09-20,1,-1,0.639097613456324,0.32833027754704486,0.32833027754704486,0.31076733590927913
NVDA,hist_gradient_boosting,2,2021-09-21,-1,1,0.9628779904430559,0.9628779904430559,0.020942916082534426,0.9419350743605215
NVDA,hist_gradient_boosting,2,2021-09-22,-1,1,0.7972538549442316,0.7972538549442316,0.15468750754489188,0.6425663473993397
NVDA,hist_gradient_boosting,2,2021-09-23,-1,1,0.7811273867118506,0.7811273867118506,0.14806179102646602,0.6330655956853846
NVDA,hist_gradient_boosting,2,2021-09-24,-1,1,0.82859750107584,0.82859750107584,0.135354497105894,0.693243003969946
NVDA,hist_gradient_boosting,2,2021-09-27,-1,1,0.485889200485829,0.485889200485829,0.46231123056041457,0.023577969925414444
NVDA,hist_gradient_boosting,2,2021-09-28,0,1,0.9857938228478288,0.9857938228478288,0.010481888333719358,0.9753119345141095
NVDA,hist_gradient_boosting,2,2021-09-29,0,1,0.9267638421657587,0.9267638421657587,0.050136487491226275,0.8766273546745325
NVDA,hist_gradient_boosting,2,2021-09-30,0,1,0.9680816757247108,0.9680816757247108,0.025631776320043632,0.9424498994046672
NVDA,hist_gradient_boosting,2,2021-10-01,0,1,0.9930721393060583,0.9930721393060583,0.004538628738312442,0.9885335105677459
NVDA,hist_gradient_boosting,2,2021-10-04,1,1,0.9846021049585308,0.9846021049585308,0.0085853540649422,0.9760167508935886
NVDA,hist_gradient_boosting,2,2021-10-05,0,1,0.9640412912655776,0.9640412912655776,0.026310838938738822,0.9377304523268387
NVDA,hist_gradient_boosting,2,2021-10-06,0,1,0.9852874890717156,0.9852874890717156,0.013236885221663258,0.9720506038500524
NVDA,hist_gradient_boosting,2,2021-10-07,1,1,0.8997135323911384,0.8997135323911384,0.09826545098906313,0.8014480814020752
NVDA,hist_gradient_boosting,2,2021-10-08,1,1,0.8567607406147684,0.8567607406147684,0.1334387750441978,0.7233219655705706
NVDA,hist_gradient_boosting,2,2021-10-11,1,1,0.9691907823111914,0.9691907823111914,0.02436213517692484,0.9448286471342665
NVDA,hist_gradient_boosting,2,2021-10-12,1,1,0.7303419236013868,0.7303419236013868,0.2684729075063326,0.4618690160950542
NVDA,hist_gradient_boosting,2,2021-10-13,1,1,0.7114374622217914,0.7114374622217914,0.2853931473656412,0.4260443148561502
NVDA,hist_gradient_boosting,2,2021-10-14,1,1,0.8358368424211622,0.8358368424211622,0.09552364137373409,0.740313201047428
NVDA,hist_gradient_boosting,2,2021-10-15,1,1,0.5862173171621332,0.5862173171621332,0.3488618061553285,0.2373555110068047
NVDA,hist_gradient_boosting,2,2021-10-18,1,0,0.5721994329041048,0.24011860264120316,0.24011860264120316,0.33208083026290164
NVDA,hist_gradient_boosting,2,2021-10-19,1,0,0.7658662628707206,0.11730332810420432,0.11730332810420432,0.6485629347665163
NVDA,hist_gradient_boosting,2,2021-10-20,1,0,0.745003627417357,0.08406966379768119,0.1709267087849618,0.5740769186323953
NVDA,hist_gradient_boosting,2,2021-10-21,1,-1,0.43650173743855253,0.20384292963306128,0.35965533292838614,0.07684640451016639
NVDA,hist_gradient_boosting,2,2021-10-22,1,-1,0.5775520459002624,0.1561287931648898,0.26631916093484775,0.3112328849654147
NVDA,hist_gradient_boosting,2,2021-10-25,1,0,0.7946550364147494,0.01466738316755817,0.19067758041769253,0.6039774559970569
NVDA,hist_gradient_boosting,2,2021-10-26,1,-1,0.8867038523084295,0.0965891096058355,0.0965891096058355,0.7901147427025941
NVDA,hist_gradient_boosting,2,2021-10-27,1,-1,0.6126881876308993,0.09656764330753502,0.2907441690615657,0.3219440185693336
NVDA,hist_gradient_boosting,2,2021-10-28,1,-1,0.5833314038614615,0.36312864856543986,0.36312864856543986,0.22020275529602168
NVDA,hist_gradient_boosting,2,2021-10-29,1,-1,0.9320353333136288,0.018488267949047774,0.04947639873732363,0.8825589345763051
NVDA,hist_gradient_boosting,2,2021-11-01,1,-1,0.8667434018497218,0.03963460469975514,0.09362199345052317,0.7731214083991986
NVDA,hist_gradient_boosting,2,2021-11-02,1,-1,0.7642468978314986,0.07901147527347122,0.15674162689503013,0.6075052709364684
NVDA,hist_gradient_boosting,2,2021-11-03,1,-1,0.7662062146969832,0.024355234514561615,0.209438550788455,0.5567676639085283
NVDA,hist_gradient_boosting,2,2021-11-04,0,-1,0.8371424634262612,0.08529967677801441,0.08529967677801441,0.7518427866482468
NVDA,hist_gradient_boosting,2,2021-11-05,1,0,0.514120613032851,0.06435241382701724,0.4215269731401319,0.09259363989271907
NVDA,hist_gradient_boosting,2,2021-11-08,-1,-1,0.9247076797632768,0.016995714479818565,0.05829660575690459,0.8664110740063723
NVDA,hist_gradient_boosting,2,2021-11-09,0,-1,0.48096282014731967,0.04869887473109416,0.4703383051215863,0.010624515025733361
NVDA,hist_gradient_boosting,2,2021-11-10,0,-1,0.6380040944916842,0.16262421713162692,0.19937168837668903,0.4386324061149951
NVDA,hist_gradient_boosting,2,2021-11-11,1,-1,0.5905043328878109,0.05253564855978258,0.35696001855240644,0.23354431433540446
NVDA,hist_gradient_boosting,2,2021-11-12,1,-1,0.5688205988392085,0.2605563733880423,0.2605563733880423,0.3082642254511663
NVDA,hist_gradient_boosting,2,2021-11-15,1,0,0.5396641671053193,0.03855040699172681,0.421785425902954,0.1178787412023653
NVDA,hist_gradient_boosting,2,2021-11-16,1,-1,0.6624024819135342,0.1720201608434569,0.1720201608434569,0.49038232107007734
NVDA,hist_gradient_boosting,2,2021-11-17,1,0,0.7544673140554157,0.100512611330859,0.14502007461372546,0.6094472394416902
NVDA,hist_gradient_boosting,2,2021-11-18,0,-1,0.8621743441997254,0.08180282628319208,0.08180282628319208,0.7803715179165334
NVDA,hist_gradient_boosting,2,2021-11-19,0,-1,0.6387684418910109,0.051956569294747124,0.309274988814242,0.3294934530767689
NVDA,hist_gradient_boosting,2,2021-11-22,1,0,0.7995349052514205,0.12870193719218767,0.12870193719218767,0.6708329680592328
NVDA,hist_gradient_boosting,2,2021-11-23,0,0,0.6376134638930966,0.17404273754646452,0.18834379856043898,0.4492696653326576
NVDA,hist_gradient_boosting,2,2021-11-24,0,-1,0.8123815212987437,0.04940672977435701,0.13821174892689933,0.6741697723718444
NVDA,hist_gradient_boosting,2,2021-11-26,-1,1,0.49182991307922325,0.49182991307922325,0.3366034496083392,0.15522646347088404
NVDA,hist_gradient_boosting,2,2021-11-29,-1,0,0.4938814533805201,0.09714214085390377,0.40897640576557626,0.08490504761494383
NVDA,hist_gradient_boosting,2,2021-11-30,0,0,0.5742105397807976,0.2109187665740815,0.2148706936451209,0.3593398461356767
NVDA,hist_gradient_boosting,2,2021-12-01,0,0,0.41571990251662844,0.1925117089100491,0.39176838857332247,0.02395151394330597
NVDA,hist_gradient_boosting,2,2021-12-02,-1,0,0.6617724544475079,0.17025576532219058,0.17025576532219058,0.4915166891253173
NVDA,hist_gradient_boosting,2,2021-12-03,0,1,0.6431158135994018,0.6431158135994018,0.24947733157575466,0.39363848202364715
NVDA,hist_gradient_boosting,2,2021-12-06,-1,1,0.43914915445193214,0.43914915445193214,0.31953556226686475,0.1196135921850674
NVDA,hist_gradient_boosting,2,2021-12-07,-1,-1,0.3790668232164333,0.35295253625580747,0.35295253625580747,0.026114286960625843
NVDA,hist_gradient_boosting,2,2021-12-08,-1,-1,0.6677262560926216,0.21777934700495333,0.21777934700495333,0.44994690908766827
NVDA,hist_gradient_boosting,2,2021-12-09,-1,-1,0.5595379951713513,0.17190886716104084,0.26855313766760786,0.2909848575037434
NVDA,hist_gradient_boosting,2,2021-12-10,-1,1,0.8854625165696425,0.8854625165696425,0.06906571704702476,0.8163967995226177
NVDA,hist_gradient_boosting,2,2021-12-13,0,1,0.7459429522168681,0.7459429522168681,0.1570233574352897,0.5889195947815784
NVDA,hist_gradient_boosting,2,2021-12-14,1,1,0.7660885239378178,0.7660885239378178,0.17638924164595654,0.5896992822918612
NVDA,hist_gradient_boosting,2,2021-12-15,-1,0,0.5736755797101138,0.3743176389048844,0.3743176389048844,0.19935794080522945
NVDA,hist_gradient_boosting,2,2021-12-16,1,-1,0.5650227190234535,0.31167278874919996,0.31167278874919996,0.2533499302742535
NVDA,hist_gradient_boosting,2,2021-12-17,1,-1,0.5879636591220027,0.4089310126143494,0.4089310126143494,0.17903264650765327
NVDA,hist_gradient_boosting,2,2021-12-20,1,1,0.595916467198663,0.595916467198663,0.3957826302481705,0.20013383695049247
NVDA,hist_gradient_boosting,2,2021-12-21,1,-1,0.3963297781719362,0.3430195586597931,0.3430195586597931,0.0533102195121431
NVDA,hist_gradient_boosting,2,2021-12-22,0,-1,0.41983374624595,0.33817600680041054,0.33817600680041054,0.08165773944553945
NVDA,hist_gradient_boosting,2,2021-12-23,0,0,0.6110362928005943,0.02681888324622551,0.36214482395318015,0.2488914688474142
NVDA,hist_gradient_boosting,2,2021-12-27,-1,-1,0.782431779872188,0.029623805273544277,0.1879444148542678,0.5944873650179202
NVDA,hist_gradient_boosting,2,2021-12-28,-1,-1,0.4670903995278091,0.12773884205540997,0.40517075841678096,0.061919641111028156
NVDA,hist_gradient_boosting,2,2021-12-29,-1,-1,0.7029208345638153,0.012355918378503932,0.284723247057681,0.4181975875061343
NVDA,hist_gradient_boosting,2,2021-12-30,-1,0,0.5800352898502014,0.2505583863669161,0.2505583863669161,0.3294769034832853
NVDA,hist_gradient_boosting,2,2021-12-31,-1,0,0.9117347182549039,0.04319022877288862,0.045075052972207465,0.8666596652826964
NVDA,hist_gradient_boosting,2,2022-01-03,-1,1,0.45290613206100633,0.45290613206100633,0.29540577340615404,0.1575003586548523
NVDA,hist_gradient_boosting,2,2022-01-04,-1,1,0.6418838187276756,0.6418838187276756,0.34781556278893955,0.2940682559387361
NVDA,hist_gradient_boosting,2,2022-01-05,0,-1,0.5616532440013887,0.41363498094275986,0.41363498094275986,0.14801826305862886
NVDA,hist_gradient_boosting,2,2022-01-06,-1,1,0.9831379401316053,0.9831379401316053,0.014799741304500732,0.9683381988271046
NVDA,hist_gradient_boosting,2,2022-01-07,0,1,0.9233857849182916,0.9233857849182916,0.07342917826708414,0.8499566066512074
NVDA,hist_gradient_boosting,2,2022-01-10,-1,1,0.992249401194376,0.992249401194376,0.006126163396441826,0.9861232377979342
NVDA,hist_gradient_boosting,2,2022-01-11,-1,1,0.9961267648578634,0.9961267648578634,0.0022665281707485124,0.993860236687115
NVDA,hist_gradient_boosting,2,2022-01-12,-1,1,0.991673505079362,0.991673505079362,0.007758588753525262,0.9839149163258367
NVDA,hist_gradient_boosting,2,2022-01-13,-1,1,0.9861302647196133,0.9861302647196133,0.011186377219127313,0.974943887500486
NVDA,hist_gradient_boosting,2,2022-01-14,-1,1,0.9973716307681626,0.9973716307681626,0.002027391529317279,0.9953442392388453
NVDA,hist_gradient_boosting,2,2022-01-18,-1,1,0.9635163672083471,0.9635163672083471,0.029235590038117338,0.9342807771702297
NVDA,hist_gradient_boosting,2,2022-01-19,-1,1,0.8464457647857045,0.8464457647857045,0.11104417111325536,0.7354015936724492
NVDA,hist_gradient_boosting,2,2022-01-20,-1,1,0.9983049099644653,0.9983049099644653,0.0012862494034896468,0.9970186605609757
NVDA,hist_gradient_boosting,2,2022-01-21,-1,1,0.9944924081782747,0.9944924081782747,0.0033260171252229597,0.9911663910530517
NVDA,hist_gradient_boosting,2,2022-01-24,1,1,0.9977191601840137,0.9977191601840137,0.0015763348561704299,0.9961428253278433
NVDA,hist_gradient_boosting,2,2022-01-25,1,1,0.9984721196031506,0.9984721196031506,0.0009338152467791062,0.9975383043563715
NVDA,hist_gradient_boosting,2,2022-01-26,1,1,0.9995602305980371,0.9995602305980371,0.00031702728941122496,0.9992432033086259
NVDA,hist_gradient_boosting,2,2022-01-27,1,1,0.9989197260084922,0.9989197260084922,0.0006087209914011219,0.9983110050170911
NVDA,hist_gradient_boosting,2,2022-01-28,1,1,0.8468646449632631,0.8468646449632631,0.11002414041397568,0.7368405045492874
NVDA,hist_gradient_boosting,2,2022-01-31,0,1,0.9936538650419641,0.9936538650419641,0.0033571265243639904,0.9902967385176
NVDA,hist_gradient_boosting,2,2022-02-01,0,1,0.6226203791208853,0.6226203791208853,0.24961947299064433,0.37300090613024095
NVDA,hist_gradient_boosting,2,2022-02-02,1,1,0.8631844143967642,0.8631844143967642,0.12394750844789931,0.7392369059488648
NVDA,hist_gradient_boosting,2,2022-02-03,1,1,0.9582925656189012,0.9582925656189012,0.034140715970728285,0.9241518496481729
NVDA,hist_gradient_boosting,2,2022-02-04,0,1,0.9774508214918446,0.9774508214918446,0.016611380195662575,0.960839441296182
NVDA,hist_gradient_boosting,2,2022-02-07,0,1,0.8667096145277028,0.8667096145277028,0.13274150580967808,0.7339681087180248
NVDA,hist_gradient_boosting,2,2022-02-08,1,1,0.9590518829914357,0.9590518829914357,0.040861103960933315,0.9181907790305024
NVDA,hist_gradient_boosting,2,2022-02-09,0,1,0.8202376602643416,0.8202376602643416,0.1756263173691771,0.6446113428951645
NVDA,hist_gradient_boosting,2,2022-02-10,-1,1,0.8818243341099612,0.8818243341099612,0.11683650910124055,0.7649878250087206
NVDA,hist_gradient_boosting,2,2022-02-11,0,1,0.8876784441748286,0.8876784441748286,0.11120273826621187,0.7764757059086167
NVDA,hist_gradient_boosting,2,2022-02-14,-1,1,0.966534520373148,0.966534520373148,0.03319404422419714,0.9333404761489509
NVDA,hist_gradient_boosting,2,2022-02-15,-1,1,0.9722199516200872,0.9722199516200872,0.027197725775010197,0.945022225845077
NVDA,hist_gradient_boosting,2,2022-02-16,-1,1,0.8396402463508603,0.8396402463508603,0.15757982833889164,0.6820604180119687
NVDA,hist_gradient_boosting,2,2022-02-17,0,1,0.7162043302994306,0.7162043302994306,0.2484218737130038,0.4677824565864268
NVDA,hist_gradient_boosting,2,2022-02-18,1,1,0.9912197611818484,0.9912197611818484,0.008498929454626969,0.9827208317272215
NVDA,hist_gradient_boosting,2,2022-02-22,0,1,0.9960137044385324,0.9960137044385324,0.0026895187504665657,0.9933241856880659
NVDA,hist_gradient_boosting,2,2022-02-23,1,1,0.5549320227151944,0.5549320227151944,0.42904351918787687,0.1258885035273175
NVDA,hist_gradient_boosting,2,2022-02-24,0,1,0.9441315032637834,0.9441315032637834,0.05098985889758154,0.8931416443662018
NVDA,hist_gradient_boosting,2,2022-02-25,-1,1,0.9483317663114058,0.9483317663114058,0.050976246604659305,0.8973555197067465
NVDA,hist_gradient_boosting,2,2022-02-28,-1,1,0.9576904448473678,0.9576904448473678,0.04202705147842425,0.9156633933689435
NVDA,hist_gradient_boosting,2,2022-03-01,-1,1,0.9852837004762445,0.9852837004762445,0.011702265892210195,0.9735814345840342
NVDA,hist_gradient_boosting,2,2022-03-02,-1,1,0.8450701138884288,0.8450701138884288,0.15247622927646817,0.6925938846119606
NVDA,hist_gradient_boosting,2,2022-03-03,-1,1,0.9648745234332001,0.9648745234332001,0.03275991621369833,0.9321146072195018
NVDA,hist_gradient_boosting,2,2022-03-04,-1,1,0.9843849964656451,0.9843849964656451,0.01388851699284058,0.9704964794728046
NVDA,hist_gradient_boosting,2,2022-03-07,0,0,0.5115476593392609,0.48559282820704985,0.48559282820704985,0.025954831132211087
NVDA,hist_gradient_boosting,2,2022-03-08,1,1,0.906982343497286,0.906982343497286,0.08363462454687805,0.8233477189504079
NVDA,hist_gradient_boosting,2,2022-03-09,1,1,0.9685638270231671,0.9685638270231671,0.03054443248228329,0.9380193945408838
NVDA,hist_gradient_boosting,2,2022-03-10,1,1,0.9928821350463393,0.9928821350463393,0.005396412284558278,0.987485722761781
NVDA,hist_gradient_boosting,2,2022-03-11,1,1,0.9866843284844173,0.9866843284844173,0.009871963513672425,0.9768123649707449
NVDA,hist_gradient_boosting,2,2022-03-14,1,1,0.9856581835541606,0.9856581835541606,0.008895031706408749,0.9767631518477519
NVDA,hist_gradient_boosting,2,2022-03-15,1,1,0.9084827318746171,0.9084827318746171,0.0912766624810718,0.8172060693935453
NVDA,hist_gradient_boosting,2,2022-03-16,1,1,0.6969197010742135,0.6969197010742135,0.2102188545727643,0.48670084650144924
NVDA,hist_gradient_boosting,2,2022-03-17,1,0,0.7822165171990669,0.15890466864184186,0.15890466864184186,0.6233118485572251
NVDA,hist_gradient_boosting,2,2022-03-18,1,1,0.7386043503626137,0.7386043503626137,0.13327582155989967,0.605328528802714
NVDA,hist_gradient_boosting,2,2022-03-21,1,0,0.5489771573087558,0.03215722885580264,0.4188656138354415,0.13011154347331433
NVDA,hist_gradient_boosting,2,2022-03-22,1,0,0.8851928477742064,0.030296197893346224,0.08451095433244751,0.8006818934417589
NVDA,hist_gradient_boosting,2,2022-03-23,1,1,0.4303939317999821,0.4303939317999821,0.379385195723518,0.05100873607646411
NVDA,hist_gradient_boosting,2,2022-03-24,-1,0,0.5721132276643125,0.1855329561491355,0.24235381618655205,0.32975941147776044
NVDA,hist_gradient_boosting,2,2022-03-25,-1,0,0.6354323789042875,0.21234998499235233,0.21234998499235233,0.42308239391193514
NVDA,hist_gradient_boosting,2,2022-03-28,-1,0,0.696811846458462,0.10685271773663071,0.1963354358049074,0.5004764106535545
NVDA,hist_gradient_boosting,2,2022-03-29,-1,-1,0.5505444715541908,0.11501500167707576,0.33444052676873337,0.21610394478545747
NVDA,hist_gradient_boosting,2,2022-03-30,-1,0,0.5650021877910039,0.06553967629947731,0.3694581359095188,0.19554405188148505
NVDA,hist_gradient_boosting,2,2022-03-31,-1,0,0.7265397175175818,0.19589635009323006,0.19589635009323006,0.5306433674243518
NVDA,hist_gradient_boosting,2,2022-04-01,-1,1,0.7043024213767427,0.7043024213767427,0.2187394832179405,0.4855629381588022
NVDA,hist_gradient_boosting,2,2022-04-04,-1,0,0.7209188950372254,0.10224479999213965,0.17683630497063502,0.5440825900665904
NVDA,hist_gradient_boosting,2,2022-04-05,-1,-1,0.7355054100025119,0.20903587060900405,0.20903587060900405,0.5264695393935078
NVDA,hist_gradient_boosting,2,2022-04-06,-1,-1,0.5186642234951926,0.3982389532178664,0.3982389532178664,0.12042527027732619
NVDA,hist_gradient_boosting,2,2022-04-07,-1,1,0.635731911911786,0.635731911911786,0.3456602431305508,0.2900716687812352
NVDA,hist_gradient_boosting,2,2022-04-08,-1,1,0.8687484566463359,0.8687484566463359,0.07483918648751486,0.7939092701588211
NVDA,hist_gradient_boosting,2,2022-04-11,0,1,0.9923711428889067,0.9923711428889067,0.004670904156345492,0.9877002387325612
NVDA,hist_gradient_boosting,2,2022-04-12,0,1,0.9991198171903706,0.9991198171903706,0.000674065728299846,0.9984457514620707
NVDA,hist_gradient_boosting,2,2022-04-13,-1,1,0.9878117725459133,0.9878117725459133,0.0107718206343211,0.9770399519115922
NVDA,hist_gradient_boosting,2,2022-04-14,-1,1,0.9952696273486064,0.9952696273486064,0.004289670085606423,0.9909799572629999
NVDA,hist_gradient_boosting,2,2022-04-18,-1,1,0.9971206733313989,0.9971206733313989,0.0017365509217451705,0.9953841224096537
NVDA,hist_gradient_boosting,2,2022-04-19,-1,1,0.48278176071678247,0.48278176071678247,0.40027771795525774,0.08250404276152473
NVDA,hist_gradient_boosting,2,2022-04-20,-1,1,0.9793265051653632,0.9793265051653632,0.01683509571242593,0.9624914094529373
NVDA,hist_gradient_boosting,2,2022-04-21,0,1,0.9912309609010882,0.9912309609010882,0.006106911429917085,0.9851240494711712
NVDA,hist_gradient_boosting,2,2022-04-22,-1,1,0.9986687857670383,0.9986687857670383,0.00077828711965304,0.9978904986473853
NVDA,hist_gradient_boosting,2,2022-04-25,0,1,0.9974117280579642,0.9974117280579642,0.0023810138529348703,0.9950307142050293
NVDA,hist_gradient_boosting,2,2022-04-26,1,1,0.9988415604791925,0.9988415604791925,0.0007011296922108472,0.9981404307869817
NVDA,hist_gradient_boosting,2,2022-04-27,1,1,0.9974401510530968,0.9974401510530968,0.0018947636185699765,0.9955453874345268
NVDA,hist_gradient_boosting,2,2022-04-28,-1,1,0.9158219345154713,0.9158219345154713,0.05209081714110416,0.8637311173743671
NVDA,hist_gradient_boosting,2,2022-04-29,0,1,0.9973823813867132,0.9973823813867132,0.0014811661092498677,0.9959012152774633
NVDA,hist_gradient_boosting,2,2022-05-02,-1,1,0.9538057670275503,0.9538057670275503,0.030925910622028232,0.9228798564055221
NVDA,hist_gradient_boosting,2,2022-05-03,-1,1,0.7509522880469113,0.7509522880469113,0.14576799925432474,0.6051842887925866
NVDA,hist_gradient_boosting,2,2022-05-04,-1,1,0.8235976421773431,0.8235976421773431,0.09512595055715405,0.7284716916201891
NVDA,hist_gradient_boosting,2,2022-05-05,-1,1,0.5981927100010844,0.5981927100010844,0.22736232519001476,0.37083038481106967
NVDA,hist_gradient_boosting,2,2022-05-06,-1,1,0.7095836732561266,0.7095836732561266,0.23571858174280244,0.4738650915133241
NVDA,hist_gradient_boosting,2,2022-05-09,0,1,0.9846140313245145,0.9846140313245145,0.009563218857839973,0.9750508124666746
NVDA,hist_gradient_boosting,2,2022-05-10,1,1,0.8972944237487985,0.8972944237487985,0.07848974133024932,0.8188046824185492
NVDA,hist_gradient_boosting,2,2022-05-11,0,1,0.9974086210500849,0.9974086210500849,0.0017941385906410866,0.9956144824594438
NVDA,hist_gradient_boosting,2,2022-05-12,1,1,0.9960543626261279,0.9960543626261279,0.0030820472857008086,0.9929723153404271
NVDA,hist_gradient_boosting,2,2022-05-13,-1,1,0.9863416818092396,0.9863416818092396,0.011457713166937097,0.9748839686423025
NVDA,hist_gradient_boosting,2,2022-05-16,-1,1,0.9575053040759159,0.9575053040759159,0.03867421609292398,0.918831087982992
NVDA,hist_gradient_boosting,2,2022-05-17,-1,1,0.9799456219470767,0.9799456219470767,0.013509803697504456,0.9664358182495723
NVDA,hist_gradient_boosting,2,2022-05-18,0,1,0.9694911107227576,0.9694911107227576,0.01941193605379335,0.9500791746689643
NVDA,hist_gradient_boosting,2,2022-05-19,1,1,0.9690815949025763,0.9690815949025763,0.023433700642056913,0.9456478942605193
NVDA,hist_gradient_boosting,2,2022-05-20,1,1,0.858065160133818,0.858065160133818,0.13554609359365713,0.7225190665401608
NVDA,hist_gradient_boosting,2,2022-05-23,1,1,0.9940519561346661,0.9940519561346661,0.005116520196749657,0.9889354359379164
NVDA,hist_gradient_boosting,2,2022-05-24,1,1,0.9608296862712072,0.9608296862712072,0.030512357517434145,0.930317328753773
NVDA,hist_gradient_boosting,2,2022-05-25,1,1,0.9975573973184054,0.9975573973184054,0.0022446393444358506,0.9953127579739696
NVDA,hist_gradient_boosting,2,2022-05-26,1,1,0.8187550625238749,0.8187550625238749,0.17545377838688328,0.6433012841369916
NVDA,hist_gradient_boosting,2,2022-05-27,0,1,0.7108549792522874,0.7108549792522874,0.2650087278957944,0.445846251356493
NVDA,hist_gradient_boosting,2,2022-05-31,0,0,0.5417765175539141,0.45235527603067,0.45235527603067,0.0894212415232441
NVDA,hist_gradient_boosting,2,2022-06-01,0,1,0.7711678813956666,0.7711678813956666,0.22199063747531889,0.5491772439203477
NVDA,hist_gradient_boosting,2,2022-06-02,-1,1,0.9146360377878991,0.9146360377878991,0.08316761695154425,0.8314684208363549
NVDA,hist_gradient_boosting,2,2022-06-03,-1,1,0.9895468950002912,0.9895468950002912,0.009284350747609369,0.9802625442526819
NVDA,hist_gradient_boosting,2,2022-06-06,-1,1,0.8688437474258537,0.8688437474258537,0.1306683553130797,0.738175392112774
NVDA,hist_gradient_boosting,2,2022-06-07,-1,1,0.9812891831032295,0.9812891831032295,0.018255989497611896,0.9630331936056177
NVDA,hist_gradient_boosting,2,2022-06-08,-1,1,0.9619845420787656,0.9619845420787656,0.03634094042201857,0.9256436016567471
NVDA,hist_gradient_boosting,2,2022-06-09,-1,1,0.9075177791525092,0.9075177791525092,0.08732157566828776,0.8201962034842214
NVDA,hist_gradient_boosting,2,2022-06-10,-1,1,0.9609862287101972,0.9609862287101972,0.027349384544655148,0.933636844165542
NVDA,hist_gradient_boosting,2,2022-06-13,1,0,0.5869202701773635,0.3874159420047596,0.3874159420047596,0.19950432817260388
NVDA,hist_gradient_boosting,2,2022-06-14,1,1,0.6785857296965666,0.6785857296965666,0.301231346828358,0.3773543828682086
NVDA,hist_gradient_boosting,2,2022-06-15,0,1,0.9474812340309923,0.9474812340309923,0.027991990623579703,0.9194892434074126
NVDA,hist_gradient_boosting,2,2022-06-16,1,1,0.7582601380510715,0.7582601380510715,0.13128987137355186,0.6269702666775196
NVDA,hist_gradient_boosting,2,2022-06-17,1,1,0.9658710349171123,0.9658710349171123,0.019999396244322364,0.94587163867279
NVDA,hist_gradient_boosting,2,2022-06-21,-1,1,0.850267687244899,0.850267687244899,0.09980141238709735,0.7504662748578016
NVDA,hist_gradient_boosting,2,2022-06-22,-1,1,0.9477020732959985,0.9477020732959985,0.042694922417228116,0.9050071508787704
NVDA,hist_gradient_boosting,2,2022-06-23,-1,1,0.9640911349803085,0.9640911349803085,0.03462710581565941,0.9294640291646491
NVDA,hist_gradient_boosting,2,2022-06-24,-1,0,0.5710690512815769,0.4269583254277674,0.4269583254277674,0.14411072585380952
NVDA,hist_gradient_boosting,2,2022-06-27,-1,1,0.9040250374144703,0.9040250374144703,0.09548699647564661,0.8085380409388236
NVDA,hist_gradient_boosting,2,2022-06-28,-1,1,0.9478991355752725,0.9478991355752725,0.05035817629653954,0.897540959278733
NVDA,hist_gradient_boosting,2,2022-06-29,1,1,0.981729792786302,0.981729792786302,0.017184283561761906,0.9645455092245401
NVDA,hist_gradient_boosting,2,2022-06-30,1,1,0.9472365108919566,0.9472365108919566,0.03837342180098823,0.9088630890909684
NVDA,hist_gradient_boosting,2,2022-07-01,1,1,0.9509320247989377,0.9509320247989377,0.04703305678089213,0.9038989680180456
NVDA,hist_gradient_boosting,2,2022-07-05,0,1,0.6277804777128013,0.6277804777128013,0.3029120535786502,0.3248684241341511
NVDA,hist_gradient_boosting,2,2022-07-06,0,1,0.8592212483407189,0.8592212483407189,0.12979705936139763,0.7294241889793213
NVDA,hist_gradient_boosting,2,2022-07-07,-1,1,0.7791208838258787,0.7791208838258787,0.20574765831066022,0.5733732255152185
NVDA,hist_gradient_boosting,2,2022-07-08,0,1,0.9234627017859591,0.9234627017859591,0.07055962896114217,0.8529030728248169
NVDA,hist_gradient_boosting,2,2022-07-11,1,1,0.9915340933902214,0.9915340933902214,0.007014787996991706,0.9845193053932296
NVDA,hist_gradient_boosting,2,2022-07-12,1,1,0.9967471632237215,0.9967471632237215,0.002584280249989121,0.9941628829737323
NVDA,hist_gradient_boosting,2,2022-07-13,1,1,0.9976059305916396,0.9976059305916396,0.0013589314862749089,0.9962469991053647
NVDA,hist_gradient_boosting,2,2022-07-14,1,1,0.9971035962137098,0.9971035962137098,0.0027526479327258865,0.9943509482809839
NVDA,hist_gradient_boosting,2,2022-07-15,1,1,0.6907581803943887,0.6907581803943887,0.3089905912328775,0.38176758916151127
NVDA,hist_gradient_boosting,2,2022-07-18,1,1,0.8249343027577699,0.8249343027577699,0.1485700644728757,0.6763642382848942
NVDA,hist_gradient_boosting,2,2022-07-19,-1,1,0.49489208132874174,0.49489208132874174,0.30282735102506847,0.19206473030367327
NVDA,hist_gradient_boosting,2,2022-07-20,0,-1,0.7893705084027038,0.12869208659232148,0.12869208659232148,0.6606784218103824
NVDA,hist_gradient_boosting,2,2022-07-21,0,-1,0.6693135837931086,0.0820044314166515,0.24868198479024003,0.4206315990028685
NVDA,hist_gradient_boosting,2,2022-07-22,1,1,0.6971100455263277,0.6971100455263277,0.15973118288340618,0.5373788626429216
NVDA,hist_gradient_boosting,2,2022-07-25,1,1,0.6252021738132549,0.6252021738132549,0.24660252795465,0.37859964585860495
NVDA,hist_gradient_boosting,2,2022-07-26,1,1,0.8643066108672333,0.8643066108672333,0.10818138393920679,0.7561252269280265
NVDA,hist_gradient_boosting,2,2022-07-27,1,-1,0.47327856837753596,0.39035053126103453,0.39035053126103453,0.08292803711650143
NVDA,hist_gradient_boosting,2,2022-07-28,1,0,0.676140977057217,0.1431345066378882,0.1807245163048947,0.49541646075232226
NVDA,hist_gradient_boosting,2,2022-07-29,1,1,0.6907658713422403,0.6907658713422403,0.18929113218207427,0.501474739160166
NVDA,hist_gradient_boosting,2,2022-08-01,-1,0,0.6828101347052339,0.03847657740696774,0.2787132878877984,0.40409684681743546
NVDA,hist_gradient_boosting,2,2022-08-02,-1,-1,0.4850981989813569,0.18151677567046842,0.3333850253481747,0.1517131736331822
NVDA,hist_gradient_boosting,2,2022-08-03,-1,1,0.3670958921281803,0.3670958921281803,0.33254405527805697,0.03455183685012331
NVDA,hist_gradient_boosting,2,2022-08-04,-1,1,0.8785352959822846,0.8785352959822846,0.09837528687074434,0.7801600091115403
NVDA,hist_gradient_boosting,2,2022-08-05,0,1,0.5420734683768063,0.5420734683768063,0.38786023352552523,0.15421323485128102
NVDA,hist_gradient_boosting,2,2022-08-08,1,0,0.6123853713954347,0.21377369821948453,0.21377369821948453,0.39861167317595014
NVDA,hist_gradient_boosting,2,2022-08-09,1,1,0.8609843125876795,0.8609843125876795,0.06953493123405986,0.7914493813536196
NVDA,hist_gradient_boosting,2,2022-08-10,0,0,0.7016428146515397,0.1927257245087642,0.1927257245087642,0.5089170901427754
NVDA,hist_gradient_boosting,2,2022-08-11,1,0,0.9008962950259078,0.03379952227514835,0.06530418269894385,0.835592112326964
NVDA,hist_gradient_boosting,2,2022-08-12,-1,-1,0.39248461845102156,0.24655888572310247,0.36095649582587597,0.031528122625145594
NVDA,hist_gradient_boosting,2,2022-08-15,-1,0,0.8457256152459525,0.054734812201970795,0.09953957255207682,0.7461860426938757
NVDA,hist_gradient_boosting,2,2022-08-16,-1,0,0.881393855079623,0.037490125419320855,0.08111601950105622,0.8002778355785668
NVDA,hist_gradient_boosting,2,2022-08-17,-1,0,0.6135698240467534,0.04325377307747833,0.3431764028757683,0.27039342117098514
NVDA,hist_gradient_boosting,2,2022-08-18,-1,0,0.8411353240221539,0.051392242120427964,0.1074724338574182,0.7336628901647356
NVDA,hist_gradient_boosting,2,2022-08-19,-1,1,0.540861637363784,0.540861637363784,0.3355426320791133,0.20531900528467073
NVDA,hist_gradient_boosting,2,2022-08-22,-1,1,0.8647918272015419,0.8647918272015419,0.07044997713243134,0.7943418500691106
NVDA,hist_gradient_boosting,2,2022-08-23,-1,-1,0.4965298785014306,0.4840128378654212,0.4840128378654212,0.012517040636009391
NVDA,hist_gradient_boosting,2,2022-08-24,-1,1,0.8253561700930723,0.8253561700930723,0.1621264180433944,0.6632297520496779
NVDA,hist_gradient_boosting,2,2022-08-25,-1,0,0.5271896822522388,0.1846340148489996,0.28817630289876167,0.23901337935347716
NVDA,hist_gradient_boosting,2,2022-08-26,-1,1,0.8748911194671135,0.8748911194671135,0.08991063748302383,0.7849804819840897
NVDA,hist_gradient_boosting,2,2022-08-29,-1,1,0.6638878191749285,0.6638878191749285,0.3293007255908934,0.33458709358403504
NVDA,hist_gradient_boosting,2,2022-08-30,-1,1,0.918812621713701,0.918812621713701,0.0625974060879064,0.8562152156257946
NVDA,hist_gradient_boosting,2,2022-08-31,-1,1,0.992953707839244,0.992953707839244,0.004102764842089173,0.9888509429971548
NVDA,hist_gradient_boosting,2,2022-09-01,1,1,0.831454451094558,0.831454451094558,0.1300857641646478,0.7013686869299102
NVDA,hist_gradient_boosting,2,2022-09-02,1,1,0.9976490158158695,0.9976490158158695,0.001603577549916141,0.9960454382659534
NVDA,hist_gradient_boosting,2,2022-09-06,-1,1,0.994809282015852,0.994809282015852,0.00385215672905043,0.9909571252868015
NVDA,hist_gradient_boosting,2,2022-09-07,-1,1,0.9911769048008449,0.9911769048008449,0.006457020927114676,0.9847198838737302
NVDA,hist_gradient_boosting,2,2022-09-08,-1,1,0.9982401824544421,0.9982401824544421,0.0009388137246148833,0.9973013687298272
NVDA,hist_gradient_boosting,2,2022-09-09,-1,-1,0.7713200043585325,0.10728684667645581,0.12139314896501155,0.649926855393521
NVDA,hist_gradient_boosting,2,2022-09-12,-1,-1,0.529614176633075,0.10676610013964041,0.36361972322728453,0.16599445340579044
NVDA,hist_gradient_boosting,2,2022-09-13,0,1,0.9387160138980952,0.9387160138980952,0.05470583184652013,0.8840101820515751
NVDA,hist_gradient_boosting,2,2022-09-14,0,1,0.9963990653257807,0.9963990653257807,0.002186581642840653,0.99421248368294
NVDA,hist_gradient_boosting,2,2022-09-15,-1,1,0.9913563000936868,0.9913563000936868,0.007935345909413933,0.9834209541842729
NVDA,hist_gradient_boosting,2,2022-09-16,-1,1,0.6370587879369211,0.6370587879369211,0.21583657200688974,0.4212222159300313
NVDA,hist_gradient_boosting,2,2022-09-19,-1,1,0.6200641675537221,0.6200641675537221,0.2809325137359475,0.33913165381777455
NVDA,hist_gradient_boosting,2,2022-09-20,-1,1,0.6014005941331529,0.6014005941331529,0.23236210547361702,0.3690384886595359
NVDA,hist_gradient_boosting,2,2022-09-21,-1,1,0.7945126701029817,0.7945126701029817,0.1155295799955232,0.6789830901074585
NVDA,hist_gradient_boosting,2,2022-09-22,-1,1,0.8395244418286365,0.8395244418286365,0.10593993678652404,0.7335845050421125
NVDA,hist_gradient_boosting,2,2022-09-23,-1,1,0.5328023014357419,0.5328023014357419,0.34894058784108795,0.18386171359465397
NVDA,hist_gradient_boosting,2,2022-09-26,1,-1,0.46275588866738215,0.3976864064462294,0.3976864064462294,0.06506948222115277
NVDA,hist_gradient_boosting,2,2022-09-27,1,1,0.9852771302423711,0.9852771302423711,0.0084755669866295,0.9768015632557415
NVDA,hist_gradient_boosting,2,2022-09-28,1,1,0.9894220147005911,0.9894220147005911,0.007047389578785357,0.9823746251218057
NVDA,hist_gradient_boosting,2,2022-09-29,1,1,0.9935647922564723,0.9935647922564723,0.005765134023524933,0.9877996582329474
NVDA,hist_gradient_boosting,2,2022-09-30,0,1,0.9954467143271365,0.9954467143271365,0.0031557826655633546,0.9922909316615731
NVDA,hist_gradient_boosting,2,2022-10-03,-1,1,0.9939890093333665,0.9939890093333665,0.004983054826767573,0.989005954506599
NVDA,hist_gradient_boosting,2,2022-10-04,-1,1,0.8342688781945234,0.8342688781945234,0.16457001673368463,0.6696988614608388
NVDA,hist_gradient_boosting,2,2022-10-05,-1,1,0.9886737237485579,0.9886737237485579,0.010738436493456684,0.9779352872551011
NVDA,hist_gradient_boosting,2,2022-10-06,-1,1,0.9810813776880435,0.9810813776880435,0.01784407338146953,0.963237304306574
NVDA,hist_gradient_boosting,2,2022-10-07,-1,1,0.9786471285976482,0.9786471285976482,0.017281782709598743,0.9613653458880494
NVDA,hist_gradient_boosting,2,2022-10-10,0,1,0.9524487357766666,0.9524487357766666,0.04375389109115948,0.9086948446855071
NVDA,hist_gradient_boosting,2,2022-10-11,1,1,0.9587460257405337,0.9587460257405337,0.03896695036387508,0.9197790753766586
NVDA,hist_gradient_boosting,2,2022-10-12,1,1,0.8739453636335732,0.8739453636335732,0.11755857623393941,0.7563867873996338
NVDA,hist_gradient_boosting,2,2022-10-13,0,1,0.6396115716940121,0.6396115716940121,0.350056439166353,0.2895551325276591
NVDA,hist_gradient_boosting,2,2022-10-14,1,1,0.8057712542894744,0.8057712542894744,0.1828441735737537,0.6229270807157207
NVDA,hist_gradient_boosting,2,2022-10-17,1,1,0.9414543906574527,0.9414543906574527,0.05601931170206767,0.8854350789553851
NVDA,hist_gradient_boosting,2,2022-10-18,1,1,0.9878463966840451,0.9878463966840451,0.011771674225285685,0.9760747224587594
NVDA,hist_gradient_boosting,2,2022-10-19,1,1,0.9941818781520706,0.9941818781520706,0.00463090364202198,0.9895509745100486
NVDA,hist_gradient_boosting,2,2022-10-20,1,1,0.9770800127178183,0.9770800127178183,0.022727322813155277,0.954352689904663
NVDA,hist_gradient_boosting,2,2022-10-21,1,1,0.982397583605637,0.982397583605637,0.017273487152829427,0.9651240964528076
NVDA,hist_gradient_boosting,2,2022-10-24,1,1,0.8889288323884867,0.8889288323884867,0.11090862395070919,0.7780202084377775
NVDA,hist_gradient_boosting,2,2022-10-25,1,1,0.6747863237136371,0.6747863237136371,0.32222691984680135,0.35255940386683576
NVDA,hist_gradient_boosting,2,2022-10-26,1,1,0.8595334832104218,0.8595334832104218,0.13907167283663088,0.7204618103737909
NVDA,hist_gradient_boosting,2,2022-10-27,0,1,0.9433025829702548,0.9433025829702548,0.05105196219631443,0.8922506207739404
NVDA,hist_gradient_boosting,2,2022-10-28,1,1,0.5495351966819113,0.5495351966819113,0.24125245360230768,0.3082827430796036
NVDA,hist_gradient_boosting,2,2022-10-31,1,1,0.529334410800993,0.529334410800993,0.24527508057952746,0.2840593302214655
NVDA,hist_gradient_boosting,2,2022-11-01,1,0,0.8826243188250636,0.09432618068790156,0.09432618068790156,0.7882981381371621
NVDA,hist_gradient_boosting,2,2022-11-02,1,1,0.9860285017004949,0.9860285017004949,0.011144301238092963,0.974884200462402
NVDA,hist_gradient_boosting,3,2022-11-03,1,1,0.9376723431841303,0.9376723431841303,0.042486189079721015,0.8951861541044093
NVDA,hist_gradient_boosting,3,2022-11-04,1,-1,0.5682871490326774,0.33604250797676855,0.33604250797676855,0.23224464105590886
NVDA,hist_gradient_boosting,3,2022-11-07,1,0,0.49506606283887233,0.2879891296514986,0.2879891296514986,0.20707693318737375
NVDA,hist_gradient_boosting,3,2022-11-08,1,-1,0.48091115729666306,0.36506973313144825,0.36506973313144825,0.11584142416521481
NVDA,hist_gradient_boosting,3,2022-11-09,1,1,0.6181066744539261,0.6181066744539261,0.20786570030545218,0.41024097414847394
NVDA,hist_gradient_boosting,3,2022-11-10,0,-1,0.569082592375302,0.1685803141279387,0.2623370934967593,0.3067454988785427
NVDA,hist_gradient_boosting,3,2022-11-11,-1,-1,0.8083304693659809,0.06631799782090746,0.1253515328131117,0.6829789365528691
NVDA,hist_gradient_boosting,3,2022-11-14,-1,-1,0.6216416151108836,0.2455410191787748,0.2455410191787748,0.37610059593210876
NVDA,hist_gradient_boosting,3,2022-11-15,-1,-1,0.851778455724652,0.04190072539492213,0.10632081888042574,0.7454576368442263
NVDA,hist_gradient_boosting,3,2022-11-16,1,0,0.5866738691865818,0.1752577594797426,0.23806837133367564,0.3486054978529062
NVDA,hist_gradient_boosting,3,2022-11-17,1,1,0.6524004474796726,0.6524004474796726,0.2421654912487405,0.4102349562309321
NVDA,hist_gradient_boosting,3,2022-11-18,1,0,0.49874459668012955,0.1813041843725809,0.3199512189472896,0.17879337773283993
NVDA,hist_gradient_boosting,3,2022-11-21,1,0,0.6745248515333564,0.05837756123588727,0.26709758723075644,0.40742726430259996
NVDA,hist_gradient_boosting,3,2022-11-22,1,-1,0.8085195405886538,0.03652279455119866,0.15495766486014736,0.6535618757285064
NVDA,hist_gradient_boosting,3,2022-11-23,1,-1,0.5003516429862772,0.30719854062835056,0.30719854062835056,0.19315310235792665
NVDA,hist_gradient_boosting,3,2022-11-25,1,-1,0.5670658034979773,0.23651215346827137,0.23651215346827137,0.33055365002970594
NVDA,hist_gradient_boosting,3,2022-11-28,1,-1,0.5171179344531736,0.08906965859673689,0.3938124069500895,0.12330552750308404
NVDA,hist_gradient_boosting,3,2022-11-29,1,1,0.5478151492273508,0.5478151492273508,0.2272018380966884,0.3206133111306624
NVDA,hist_gradient_boosting,3,2022-11-30,-1,-1,0.8493209335183877,0.025240814200063865,0.12543825228154842,0.7238826812368393
NVDA,hist_gradient_boosting,3,2022-12-01,0,1,0.35290257573963096,0.35290257573963096,0.3244161933704308,0.028486382369200147
NVDA,hist_gradient_boosting,3,2022-12-02,0,-1,0.7041296859222675,0.18177069353156516,0.18177069353156516,0.5223589923907024
NVDA,hist_gradient_boosting,3,2022-12-05,1,-1,0.8130151798652984,0.09559623418110029,0.09559623418110029,0.7174189456841981
NVDA,hist_gradient_boosting,3,2022-12-06,1,-1,0.8545186135808781,0.041673342857367734,0.10380804356175415,0.750710570019124
NVDA,hist_gradient_boosting,3,2022-12-07,1,0,0.46805139630873616,0.25445287059667754,0.27749573309458614,0.19055566321415002
NVDA,hist_gradient_boosting,3,2022-12-08,0,-1,0.7133545183910334,0.1784594594927193,0.1784594594927193,0.5348950588983141
NVDA,hist_gradient_boosting,3,2022-12-09,-1,-1,0.7454872442592224,0.16805943961805686,0.16805943961805686,0.5774278046411656
NVDA,hist_gradient_boosting,3,2022-12-12,-1,-1,0.8093158913213978,0.14870002419050707,0.14870002419050707,0.6606158671308907
NVDA,hist_gradient_boosting,3,2022-12-13,-1,0,0.6440676678943061,0.010477090558517612,0.34545524154717616,0.29861242634713
NVDA,hist_gradient_boosting,3,2022-12-14,-1,-1,0.7868199601315028,0.09434663617080434,0.11883340369769282,0.66798655643381
NVDA,hist_gradient_boosting,3,2022-12-15,-1,-1,0.831736302996109,0.1165011893667166,0.1165011893667166,0.7152351136293924
NVDA,hist_gradient_boosting,3,2022-12-16,-1,-1,0.6295792375343767,0.08964102669783044,0.28077973576779275,0.348799501766584
NVDA,hist_gradient_boosting,3,2022-12-19,-1,-1,0.5532495772783004,0.06024516907615156,0.38650525364554816,0.1667443236327522
NVDA,hist_gradient_boosting,3,2022-12-20,-1,-1,0.5894167719733022,0.14564638237018127,0.2649368456565165,0.32447992631678574
NVDA,hist_gradient_boosting,3,2022-12-21,-1,-1,0.608839818031688,0.11375537579922772,0.27740480616908425,0.3314350118626037
NVDA,hist_gradient_boosting,3,2022-12-22,-1,0,0.6844963164656214,0.26564284113838105,0.26564284113838105,0.4188534753272403
NVDA,hist_gradient_boosting,3,2022-12-23,-1,1,0.5875004638077698,0.5875004638077698,0.34803866856410115,0.23946179524366862
NVDA,hist_gradient_boosting,3,2022-12-27,1,1,0.6576862954983642,0.6576862954983642,0.20311281625425318,0.45457347924411107
NVDA,hist_gradient_boosting,3,2022-12-28,0,1,0.48260273474308446,0.48260273474308446,0.4201928138640244,0.062409920879060055
NVDA,hist_gradient_boosting,3,2022-12-29,0,-1,0.7895279836461916,0.14886734107945537,0.14886734107945537,0.6406606425667363
NVDA,hist_gradient_boosting,3,2022-12-30,1,1,0.6801011250152016,0.6801011250152016,0.28477905059876596,0.39532207441643563
NVDA,hist_gradient_boosting,3,2023-01-03,1,-1,0.6509084617138143,0.323588949931881,0.323588949931881,0.32731951178193336
NVDA,hist_gradient_boosting,3,2023-01-04,1,1,0.8739937184394088,0.8739937184394088,0.06361953131385346,0.8103741871255553
NVDA,hist_gradient_boosting,3,2023-01-05,1,1,0.8217279774657048,0.8217279774657048,0.1635714520020452,0.6581565254636597
NVDA,hist_gradient_boosting,3,2023-01-06,1,-1,0.4454969003366427,0.2884203427205742,0.2884203427205742,0.15707655761606848
NVDA,hist_gradient_boosting,3,2023-01-09,1,-1,0.4787391212043367,0.35270198895088123,0.35270198895088123,0.12603713225345547
NVDA,hist_gradient_boosting,3,2023-01-10,1,1,0.683555600743761,0.683555600743761,0.22859656134379866,0.4549590393999623
NVDA,hist_gradient_boosting,3,2023-01-11,1,1,0.4285214185489419,0.4285214185489419,0.4150895419589147,0.013431876590027203
NVDA,hist_gradient_boosting,3,2023-01-12,1,0,0.5912291926660466,0.30645638325613683,0.30645638325613683,0.28477280940990973
NVDA,hist_gradient_boosting,3,2023-01-13,1,0,0.7019324783678749,0.20021499289664027,0.20021499289664027,0.5017174854712346
NVDA,hist_gradient_boosting,3,2023-01-17,1,-1,0.517726153591184,0.3263714175074812,0.3263714175074812,0.1913547360837028
NVDA,hist_gradient_boosting,3,2023-01-18,1,1,0.8091090212127577,0.8091090212127577,0.13574904208201163,0.6733599791307461
NVDA,hist_gradient_boosting,3,2023-01-19,1,1,0.8386353230524626,0.8386353230524626,0.08091989925469942,0.7577154237977631
NVDA,hist_gradient_boosting,3,2023-01-20,1,1,0.839152337316374,0.839152337316374,0.1112199195987117,0.7279324177176623
NVDA,hist_gradient_boosting,3,2023-01-23,0,-1,0.4278452161773285,0.38205133171785305,0.38205133171785305,0.045793884459475465
NVDA,hist_gradient_boosting,3,2023-01-24,0,1,0.5821280633254704,0.5821280633254704,0.2656198918536425,0.3165081714718279
NVDA,hist_gradient_boosting,3,2023-01-25,1,1,0.5629364969515003,0.5629364969515003,0.2450590404979219,0.31787745645357834
NVDA,hist_gradient_boosting,3,2023-01-26,1,-1,0.7625006455380096,0.12494609545336806,0.12494609545336806,0.6375545500846415
NVDA,hist_gradient_boosting,3,2023-01-27,1,-1,0.6568990372079552,0.1838430247310267,0.1838430247310267,0.47305601247692847
NVDA,hist_gradient_boosting,3,2023-01-30,1,1,0.7247580154374523,0.7247580154374523,0.1918203567266487,0.5329376587108037
NVDA,hist_gradient_boosting,3,2023-01-31,1,-1,0.6406491326039361,0.2864071440915823,0.2864071440915823,0.3542419885123538
NVDA,hist_gradient_boosting,3,2023-02-01,1,1,0.4360758298179409,0.4360758298179409,0.38518598261741394,0.05088984720052697
NVDA,hist_gradient_boosting,3,2023-02-02,1,1,0.5405919768150087,0.5405919768150087,0.35879066906237705,0.18180130775263165
NVDA,hist_gradient_boosting,3,2023-02-03,0,1,0.8822072088777959,0.8822072088777959,0.06685611132393306,0.8153510975538628
NVDA,hist_gradient_boosting,3,2023-02-06,1,1,0.4588492711300168,0.4588492711300168,0.4090045245154377,0.049844746614579105
NVDA,hist_gradient_boosting,3,2023-02-07,1,0,0.5457361021920093,0.09568557824047892,0.3585783195675118,0.1871577826244975
NVDA,hist_gradient_boosting,3,2023-02-08,1,1,0.7597259443134857,0.7597259443134857,0.14069117483226662,0.619034769481219
NVDA,hist_gradient_boosting,3,2023-02-09,0,1,0.7719069076925942,0.7719069076925942,0.14403943333741231,0.6278674743551819
NVDA,hist_gradient_boosting,3,2023-02-10,0,-1,0.6041552375889527,0.31351336159730037,0.31351336159730037,0.29064187599165237
NVDA,hist_gradient_boosting,3,2023-02-13,-1,0,0.5876625518576698,0.19209753995584333,0.22023990818648678,0.36742264367118305
NVDA,hist_gradient_boosting,3,2023-02-14,-1,1,0.6414183465585747,0.6414183465585747,0.24874542792908225,0.3926729186294924
NVDA,hist_gradient_boosting,3,2023-02-15,1,1,0.7683578451635037,0.7683578451635037,0.1965477531648379,0.5718100919986657
NVDA,hist_gradient_boosting,3,2023-02-16,1,-1,0.7402872980892204,0.20288600740993998,0.20288600740993998,0.5374012906792804
NVDA,hist_gradient_boosting,3,2023-02-17,1,-1,0.9051869745303054,0.034774275525512856,0.060038749944181805,0.8451482245861236
NVDA,hist_gradient_boosting,3,2023-02-21,1,-1,0.8957298840600965,0.05949088168647881,0.05949088168647881,0.8362390023736177
NVDA,hist_gradient_boosting,3,2023-02-22,1,-1,0.9412446832419435,0.007894914745338313,0.050860402012718214,0.8903842812292253
NVDA,hist_gradient_boosting,3,2023-02-23,0,1,0.6126944869190055,0.6126944869190055,0.23273977152467512,0.3799547153943304
NVDA,hist_gradient_boosting,3,2023-02-24,1,1,0.47184442198349397,0.47184442198349397,0.3171713637098927,0.15467305827360128
NVDA,hist_gradient_boosting,3,2023-02-27,0,-1,0.40928281241867487,0.29060256969128834,0.3001146178900368,0.10916819452863807
NVDA,hist_gradient_boosting,3,2023-02-28,0,-1,0.5766509784439213,0.11509264079130567,0.3082563807647729,0.2683945976791484
NVDA,hist_gradient_boosting,3,2023-03-01,1,-1,0.9294245430988702,0.037059683934364325,0.037059683934364325,0.8923648591645059
NVDA,hist_gradient_boosting,3,2023-03-02,0,-1,0.9029696608733502,0.04802283200670325,0.0490075071199465,0.8539621537534037
NVDA,hist_gradient_boosting,3,2023-03-03,-1,-1,0.8242440337369105,0.13008870893209837,0.13008870893209837,0.6941553248048121
NVDA,hist_gradient_boosting,3,2023-03-06,-1,-1,0.8837732003777351,0.049562354441538455,0.06666444518072634,0.8171087551970088
NVDA,hist_gradient_boosting,3,2023-03-07,1,-1,0.79724254792844,0.13330006291324595,0.13330006291324595,0.663942485015194
NVDA,hist_gradient_boosting,3,2023-03-08,0,-1,0.429287742223475,0.33384447695485264,0.33384447695485264,0.09544326526862235
NVDA,hist_gradient_boosting,3,2023-03-09,1,-1,0.76375544720572,0.15080844999902007,0.15080844999902007,0.6129469972066999
NVDA,hist_gradient_boosting,3,2023-03-10,1,-1,0.8450423115940545,0.05381992678525445,0.10113776162069096,0.7439045499733635
NVDA,hist_gradient_boosting,3,2023-03-13,1,-1,0.9683064636493912,0.02530891040047602,0.02530891040047602,0.9429975532489152
NVDA,hist_gradient_boosting,3,2023-03-14,1,-1,0.8904606220867567,0.09085196232066772,0.09085196232066772,0.799608659766089
NVDA,hist_gradient_boosting,3,2023-03-15,1,-1,0.6820616745354137,0.2675525566694235,0.2675525566694235,0.41450911786599015
NVDA,hist_gradient_boosting,3,2023-03-16,1,1,0.5829740228641386,0.5829740228641386,0.22366056875195525,0.3593134541121833
NVDA,hist_gradient_boosting,3,2023-03-17,1,1,0.597004010428213,0.597004010428213,0.3316299023937716,0.26537410803444145
NVDA,hist_gradient_boosting,3,2023-03-20,1,0,0.8700576228769943,0.07806690702330575,0.07806690702330575,0.7919907158536885
NVDA,hist_gradient_boosting,3,2023-03-21,0,1,0.6277658880424605,0.6277658880424605,0.32406266551715285,0.3037032225253076
NVDA,hist_gradient_boosting,3,2023-03-22,0,1,0.8763353823605993,0.8763353823605993,0.09475724771505367,0.7815781346455456
NVDA,hist_gradient_boosting,3,2023-03-23,0,1,0.5769720325910015,0.5769720325910015,0.24615686669763315,0.33081516589336835
NVDA,hist_gradient_boosting,3,2023-03-24,1,1,0.7012138959522598,0.7012138959522598,0.18131202158289836,0.5199018743693614
NVDA,hist_gradient_boosting,3,2023-03-27,1,1,0.7489028517122727,0.7489028517122727,0.14159586677011923,0.6073069849421534
NVDA,hist_gradient_boosting,3,2023-03-28,1,-1,0.5040553971175445,0.24490121829395992,0.25104338458849546,0.2530120125290491
NVDA,hist_gradient_boosting,3,2023-03-29,0,1,0.5062532551997332,0.5062532551997332,0.43217442882662704,0.07407882637310614
NVDA,hist_gradient_boosting,3,2023-03-30,0,-1,0.5424907131954011,0.23171905072274715,0.23171905072274715,0.310771662472654
NVDA,hist_gradient_boosting,3,2023-03-31,0,1,0.5102099578450541,0.5102099578450541,0.36331001722405276,0.1468999406210013
NVDA,hist_gradient_boosting,3,2023-04-03,-1,0,0.38511783338467986,0.30185039799265784,0.31303176862266235,0.07208606476201751
NVDA,hist_gradient_boosting,3,2023-04-04,-1,1,0.48148840543919014,0.48148840543919014,0.30830672455404073,0.1731816808851494
NVDA,hist_gradient_boosting,3,2023-04-05,0,-1,0.496857757155734,0.23278797758348793,0.27035426526077805,0.22650349189495594
NVDA,hist_gradient_boosting,3,2023-04-06,0,-1,0.49912437392732023,0.07987733727237092,0.4209982888003089,0.07812608512701136
NVDA,hist_gradient_boosting,3,2023-04-10,-1,-1,0.5844266613404794,0.2146247965547054,0.2146247965547054,0.369801864785774
NVDA,hist_gradient_boosting,3,2023-04-11,0,-1,0.5372433370667148,0.1991468549322479,0.2636098080010374,0.2736335290656774
NVDA,hist_gradient_boosting,3,2023-04-12,1,1,0.47392521047351,0.47392521047351,0.3567643333277131,0.11716087714579687
NVDA,hist_gradient_boosting,3,2023-04-13,1,-1,0.5238444539846704,0.22281605623438006,0.2533394897809495,0.2705049642037209
NVDA,hist_gradient_boosting,3,2023-04-14,0,-1,0.893697436750336,0.06101476375244844,0.06101476375244844,0.8326826729978876
NVDA,hist_gradient_boosting,3,2023-04-17,0,-1,0.8552858928982113,0.07891860618294837,0.07891860618294837,0.776367286715263
NVDA,hist_gradient_boosting,3,2023-04-18,-1,-1,0.9701353868524206,0.014881109341467563,0.01498350380611167,0.9551518830463089
NVDA,hist_gradient_boosting,3,2023-04-19,-1,-1,0.6773236243392077,0.24605065546252414,0.24605065546252414,0.43127296887668354
NVDA,hist_gradient_boosting,3,2023-04-20,0,-1,0.6485276475186438,0.2708449083022523,0.2708449083022523,0.3776827392163915
NVDA,hist_gradient_boosting,3,2023-04-21,1,-1,0.7810427688539807,0.07996105335434281,0.13899617779167642,0.6420465910623043
NVDA,hist_gradient_boosting,3,2023-04-24,1,-1,0.8986297971098745,0.041238284106583596,0.06013191878354192,0.8384978783263325
NVDA,hist_gradient_boosting,3,2023-04-25,1,-1,0.9162679318405493,0.06992356465939047,0.06992356465939047,0.8463443671811589
NVDA,hist_gradient_boosting,3,2023-04-26,1,-1,0.7796944727894908,0.1834782020379001,0.1834782020379001,0.5962162707515907
NVDA,hist_gradient_boosting,3,2023-04-27,0,-1,0.5748471229303583,0.3760803771859605,0.3760803771859605,0.19876674574439784
NVDA,hist_gradient_boosting,3,2023-04-28,1,-1,0.7221106730595882,0.20404450851735534,0.20404450851735534,0.5180661645422329
NVDA,hist_gradient_boosting,3,2023-05-01,0,1,0.782533614927529,0.782533614927529,0.14885163685937536,0.6336819780681537
NVDA,hist_gradient_boosting,3,2023-05-02,0,-1,0.49535424366202524,0.42792285075229314,0.42792285075229314,0.0674313929097321
NVDA,hist_gradient_boosting,3,2023-05-03,1,1,0.65658786624795,0.65658786624795,0.284679011578352,0.37190885466959794
NVDA,hist_gradient_boosting,3,2023-05-04,1,1,0.6613936389733456,0.6613936389733456,0.2717138679543685,0.38967977101897705
NVDA,hist_gradient_boosting,3,2023-05-05,0,-1,0.585165420627305,0.3524435907954545,0.3524435907954545,0.23272182983185052
NVDA,hist_gradient_boosting,3,2023-05-08,0,-1,0.7358834686046896,0.24517691175459227,0.24517691175459227,0.4907065568500973
NVDA,hist_gradient_boosting,3,2023-05-09,1,1,0.5997600195258717,0.5997600195258717,0.37160041858337983,0.22815960094249182
NVDA,hist_gradient_boosting,3,2023-05-10,1,1,0.56111300608764,0.56111300608764,0.4111685665804033,0.14994443950723674
NVDA,hist_gradient_boosting,3,2023-05-11,1,1,0.4356799236336904,0.4356799236336904,0.35996601953646995,0.07571390409722045
NVDA,hist_gradient_boosting,3,2023-05-12,1,-1,0.41588372936143925,0.4022781453120909,0.4022781453120909,0.013605584049348363
NVDA,hist_gradient_boosting,3,2023-05-15,1,-1,0.70742483304155,0.2445275050966444,0.2445275050966444,0.4628973279449056
NVDA,hist_gradient_boosting,3,2023-05-16,1,1,0.6533822485319347,0.6533822485319347,0.3045501542814398,0.34883209425049494
NVDA,hist_gradient_boosting,3,2023-05-17,0,-1,0.5309390178226854,0.34628892901942837,0.34628892901942837,0.184650088803257
NVDA,hist_gradient_boosting,3,2023-05-18,1,1,0.9111295740028924,0.9111295740028924,0.05131330561387849,0.8598162683890139
NVDA,hist_gradient_boosting,3,2023-05-19,1,1,0.6574009247242458,0.6574009247242458,0.19507652630426808,0.46232439841997774
NVDA,hist_gradient_boosting,3,2023-05-22,1,0,0.4487598518105228,0.4245787787539384,0.4245787787539384,0.0241810730565844
NVDA,hist_gradient_boosting,3,2023-05-23,1,-1,0.5322638770204472,0.3018344699997056,0.3018344699997056,0.2304294070207416
NVDA,hist_gradient_boosting,3,2023-05-24,1,0,0.41369235306743046,0.36216724372001696,0.36216724372001696,0.0515251093474135
NVDA,hist_gradient_boosting,3,2023-05-25,1,1,0.6675144468772178,0.6675144468772178,0.23002167318079778,0.43749277369642003
NVDA,hist_gradient_boosting,3,2023-05-26,0,0,0.5022262624938149,0.19044893557726947,0.30732480192891565,0.1949014605648992
NVDA,hist_gradient_boosting,3,2023-05-30,-1,0,0.37503300049067373,0.3456198901854086,0.3456198901854086,0.02941311030526511
NVDA,hist_gradient_boosting,3,2023-05-31,0,0,0.5193770845940717,0.43569317649230277,0.43569317649230277,0.08368390810176896
NVDA,hist_gradient_boosting,3,2023-06-01,-1,1,0.5175726198598223,0.5175726198598223,0.33417017121635395,0.18340244864346833
NVDA,hist_gradient_boosting,3,2023-06-02,0,1,0.7375126576828837,0.7375126576828837,0.18686942886064556,0.550643228822238
NVDA,hist_gradient_boosting,3,2023-06-05,0,1,0.6268649503229337,0.6268649503229337,0.22715924082128877,0.39970570950164486
NVDA,hist_gradient_boosting,3,2023-06-06,1,0,0.43264384471404216,0.42684478471407666,0.42684478471407666,0.005799059999965495
NVDA,hist_gradient_boosting,3,2023-06-07,1,1,0.7359919572628324,0.7359919572628324,0.1436281314774754,0.592363825785357
NVDA,hist_gradient_boosting,3,2023-06-08,1,1,0.5555094275168249,0.5555094275168249,0.35517247442726824,0.20033695308955662
NVDA,hist_gradient_boosting,3,2023-06-09,1,0,0.5715472904393325,0.1382503254880922,0.2902023840725753,0.2813449063667572
NVDA,hist_gradient_boosting,3,2023-06-12,1,-1,0.8802793587280978,0.037931670049481295,0.08178897122242089,0.7984903875056769
NVDA,hist_gradient_boosting,3,2023-06-13,1,0,0.4977401849457279,0.030740131205399562,0.4715196838488726,0.02622050109685531
NVDA,hist_gradient_boosting,3,2023-06-14,0,-1,0.48813412528563754,0.06536156293661169,0.4465043117777507,0.04162981350788686
NVDA,hist_gradient_boosting,3,2023-06-15,0,1,0.515981337213732,0.515981337213732,0.28206201668049397,0.233919320533238
NVDA,hist_gradient_boosting,3,2023-06-16,-1,1,0.44231966135038003,0.44231966135038003,0.35470266806666645,0.08761699328371358
NVDA,hist_gradient_boosting,3,2023-06-20,-1,0,0.5917612190944899,0.07344983564827909,0.3347889452572311,0.2569722738372588
NVDA,hist_gradient_boosting,3,2023-06-21,-1,0,0.5849835134551606,0.2699683754642893,0.2699683754642893,0.31501513799087133
NVDA,hist_gradient_boosting,3,2023-06-22,-1,1,0.4568974764776343,0.4568974764776343,0.3777865463681168,0.07911093010951747
NVDA,hist_gradient_boosting,3,2023-06-23,0,-1,0.46098873840886506,0.4277286213591377,0.4277286213591377,0.03326011704972737
NVDA,hist_gradient_boosting,3,2023-06-26,1,-1,0.948142145284312,0.007540506389457048,0.04431734832623108,0.9038247969580808
NVDA,hist_gradient_boosting,3,2023-06-27,0,-1,0.8685588339248987,0.0006868450374291675,0.13075432103767196,0.7378045128872268
NVDA,hist_gradient_boosting,3,2023-06-28,1,-1,0.9714523573322662,0.0040181796719857225,0.024529462995748083,0.9469228943365181
NVDA,hist_gradient_boosting,3,2023-06-29,1,-1,0.9732139833654669,0.001550471746273834,0.025235544888259263,0.9479784384772076
NVDA,hist_gradient_boosting,3,2023-06-30,0,-1,0.978581036629904,0.0007683150853004736,0.020650648284795365,0.9579303883451087
NVDA,hist_gradient_boosting,3,2023-07-03,0,-1,0.9730490298060424,0.006620027489888323,0.020330942704069224,0.9527180871019731
NVDA,hist_gradient_boosting,3,2023-07-05,1,-1,0.9656201924926501,0.024182211521236775,0.024182211521236775,0.9414379809714133
NVDA,hist_gradient_boosting,3,2023-07-06,1,-1,0.9749949703722968,0.016445278914885533,0.016445278914885533,0.9585496914574112
NVDA,hist_gradient_boosting,3,2023-07-07,1,-1,0.8644970936777656,0.10229515471403462,0.10229515471403462,0.762201938963731
NVDA,hist_gradient_boosting,3,2023-07-10,1,-1,0.9340954983216004,0.041915365428293966,0.041915365428293966,0.8921801328933064
NVDA,hist_gradient_boosting,3,2023-07-11,1,-1,0.908322284484717,0.03204653057353985,0.05963118494174304,0.848691099542974
NVDA,hist_gradient_boosting,3,2023-07-12,1,-1,0.8991758249090266,0.00251259545880201,0.09831157963217135,0.8008642452768553
NVDA,hist_gradient_boosting,3,2023-07-13,0,0,0.5821006920791488,0.05331711680251963,0.3645821911183317,0.21751850096081715
NVDA,hist_gradient_boosting,3,2023-07-14,-1,-1,0.6492766644865885,0.06798860383935182,0.28273473167405966,0.36654193281252884
NVDA,hist_gradient_boosting,3,2023-07-17,-1,-1,0.6534254176226918,0.015524457216336843,0.33105012516097143,0.32237529246172036
NVDA,hist_gradient_boosting,3,2023-07-18,-1,-1,0.8210821692284793,0.008248139577139175,0.17066969119438144,0.6504124780340979
NVDA,hist_gradient_boosting,3,2023-07-19,-1,0,0.7332026347225604,0.020599014045970063,0.24619835123146944,0.487004283491091
NVDA,hist_gradient_boosting,3,2023-07-20,0,-1,0.9617882299511435,0.007574921826564641,0.030636848222291714,0.9311513817288518
NVDA,hist_gradient_boosting,3,2023-07-21,1,0,0.5216442524421818,0.010274322137428132,0.46808142542038994,0.05356282702179188
NVDA,hist_gradient_boosting,3,2023-07-24,1,-1,0.757302855413449,0.0012793257015328186,0.2414178188850182,0.5158850365284308
NVDA,hist_gradient_boosting,3,2023-07-25,0,-1,0.8890330983640766,0.0027208361152877393,0.10824606552063576,0.7807870328434409
NVDA,hist_gradient_boosting,3,2023-07-26,-1,-1,0.8829236668284771,0.006716628927937628,0.1103597042435853,0.7725639625848918
NVDA,hist_gradient_boosting,3,2023-07-27,-1,-1,0.9763880776971706,0.006975641156515903,0.01663628114631347,0.9597517965508572
NVDA,hist_gradient_boosting,3,2023-07-28,-1,-1,0.8578724823691622,0.010141318153645364,0.13198619947719237,0.7258862828919699
NVDA,hist_gradient_boosting,3,2023-07-31,-1,-1,0.9353373153596308,0.01681543734208693,0.0478472472982823,0.8874900680613486
NVDA,hist_gradient_boosting,3,2023-08-01,-1,-1,0.9901734803138089,0.002054985307210371,0.007771534378980631,0.9824019459348283
NVDA,hist_gradient_boosting,3,2023-08-02,-1,-1,0.9179695552420782,0.043629042611672275,0.043629042611672275,0.874340512630406
NVDA,hist_gradient_boosting,3,2023-08-03,-1,-1,0.9584244437500479,0.030416272434171807,0.030416272434171807,0.9280081713158761
NVDA,hist_gradient_boosting,3,2023-08-04,-1,-1,0.9591832098993178,0.004831199088867723,0.0359855910118143,0.9231976188875035
NVDA,hist_gradient_boosting,3,2023-08-07,-1,-1,0.9018085895309194,0.07132998219993318,0.07132998219993318,0.8304786073309862
NVDA,hist_gradient_boosting,3,2023-08-08,0,-1,0.9543716571365116,0.014772544588477059,0.030855798275011254,0.9235158588615003
NVDA,hist_gradient_boosting,3,2023-08-09,1,-1,0.882041904639561,0.11135037200269472,0.11135037200269472,0.7706915326368663
NVDA,hist_gradient_boosting,3,2023-08-10,1,-1,0.635410919140244,0.2762113312146271,0.2762113312146271,0.35919958792561685
NVDA,hist_gradient_boosting,3,2023-08-11,1,-1,0.5094249364542377,0.4338083576610788,0.4338083576610788,0.07561657879315892
NVDA,hist_gradient_boosting,3,2023-08-14,1,1,0.5229490747724201,0.5229490747724201,0.3961004481774652,0.12684862659495494
NVDA,hist_gradient_boosting,3,2023-08-15,1,0,0.7528382834433919,0.14021462384014258,0.14021462384014258,0.6126236596032493
NVDA,hist_gradient_boosting,3,2023-08-16,1,0,0.7134039506866361,0.19029668272231912,0.19029668272231912,0.523107267964317
NVDA,hist_gradient_boosting,3,2023-08-17,1,-1,0.5441595175486064,0.14907119912924519,0.3067692833221485,0.23739023422645789
NVDA,hist_gradient_boosting,3,2023-08-18,1,-1,0.7320271026865532,0.2159744238261742,0.2159744238261742,0.516052678860379
NVDA,hist_gradient_boosting,3,2023-08-21,0,1,0.5316738687001059,0.5316738687001059,0.2961964373449556,0.2354774313551503
NVDA,hist_gradient_boosting,3,2023-08-22,1,1,0.5599952628673592,0.5599952628673592,0.2882062805448128,0.27178898232254645
NVDA,hist_gradient_boosting,3,2023-08-23,1,1,0.6289457906937822,0.6289457906937822,0.34895232795228265,0.27999346274149955
NVDA,hist_gradient_boosting,3,2023-08-24,1,1,0.5139633057356153,0.5139633057356153,0.2767676878574388,0.2371956178781765
NVDA,hist_gradient_boosting,3,2023-08-25,1,0,0.39876014755368244,0.3405981759860783,0.3405981759860783,0.058161971567604165
NVDA,hist_gradient_boosting,3,2023-08-28,1,-1,0.53510277830367,0.10755972695125059,0.35733749474507936,0.17776528355859067
NVDA,hist_gradient_boosting,3,2023-08-29,-1,0,0.4548932688798158,0.10606699621661735,0.43903973490356685,0.015853533976248946
NVDA,hist_gradient_boosting,3,2023-08-30,-1,0,0.846497312239761,0.061954998804330315,0.09154768895590873,0.7549496232838523
NVDA,hist_gradient_boosting,3,2023-08-31,-1,0,0.9041375898357993,0.026338632906289853,0.06952377725791069,0.8346138125778886
NVDA,hist_gradient_boosting,3,2023-09-01,-1,1,0.43259383858687883,0.43259383858687883,0.38484710251810933,0.0477467360687695
NVDA,hist_gradient_boosting,3,2023-09-05,-1,-1,0.5754557865921266,0.1966233506534376,0.22792086275443574,0.34753492383769086
NVDA,hist_gradient_boosting,3,2023-09-06,-1,-1,0.6882306735384864,0.2734973558233409,0.2734973558233409,0.41473331771514554
NVDA,hist_gradient_boosting,3,2023-09-07,0,-1,0.4928932815489968,0.12991012244390018,0.377196596007103,0.11569668554189383
NVDA,hist_gradient_boosting,3,2023-09-08,-1,-1,0.8036557601538818,0.07743755401078317,0.11890668583533509,0.6847490743185467
NVDA,hist_gradient_boosting,3,2023-09-11,-1,-1,0.8564194629356685,0.036777278485217904,0.10680325857911342,0.7496162043565551
NVDA,hist_gradient_boosting,3,2023-09-12,-1,-1,0.8826483110387312,0.028252083799628753,0.08909960516164003,0.7935487058770911
NVDA,hist_gradient_boosting,3,2023-09-13,-1,-1,0.6827221745333946,0.20844217859216466,0.20844217859216466,0.47427999594122994
NVDA,hist_gradient_boosting,3,2023-09-14,-1,-1,0.39195002768451087,0.22138747742328616,0.3866624948922029,0.005287532792307981
NVDA,hist_gradient_boosting,3,2023-09-15,-1,-1,0.69893557880087,0.24539617493543636,0.24539617493543636,0.4535394038654336
NVDA,hist_gradient_boosting,3,2023-09-18,-1,-1,0.705156238031644,0.1851968338056136,0.1851968338056136,0.5199594042260304
NVDA,hist_gradient_boosting,3,2023-09-19,-1,1,0.6258186733715402,0.6258186733715402,0.26266497789781296,0.3631536954737272
NVDA,hist_gradient_boosting,3,2023-09-20,0,1,0.6693177304056013,0.6693177304056013,0.3118473029946892,0.35747042741091206
NVDA,hist_gradient_boosting,3,2023-09-21,1,-1,0.40867635736999186,0.36041975106952234,0.36041975106952234,0.04825660630046952
NVDA,hist_gradient_boosting,3,2023-09-22,1,-1,0.5842532646392622,0.3589394934433821,0.3589394934433821,0.22531377119588009
NVDA,hist_gradient_boosting,3,2023-09-25,1,1,0.5499810498523366,0.5499810498523366,0.2524212450716736,0.2975598047806631
NVDA,hist_gradient_boosting,3,2023-09-26,1,1,0.6764705953315322,0.6764705953315322,0.2746796603564992,0.401790934975033
NVDA,hist_gradient_boosting,3,2023-09-27,1,1,0.6436321034253135,0.6436321034253135,0.3257574039150482,0.3178746995102653
NVDA,hist_gradient_boosting,3,2023-09-28,1,1,0.7678471897092803,0.7678471897092803,0.12903220773988047,0.6388149819693999
NVDA,hist_gradient_boosting,3,2023-09-29,1,1,0.7962313720577298,0.7962313720577298,0.13187710015197587,0.6643542719057539
NVDA,hist_gradient_boosting,3,2023-10-02,0,0,0.457697280147085,0.13827741426216886,0.4040253055907462,0.05367197455633882
NVDA,hist_gradient_boosting,3,2023-10-03,1,1,0.7982782756707173,0.7982782756707173,0.1666733875422673,0.63160488812845
NVDA,hist_gradient_boosting,3,2023-10-04,1,1,0.4397575657708926,0.4397575657708926,0.39681718222249884,0.042940383548393746
NVDA,hist_gradient_boosting,3,2023-10-05,1,-1,0.7975145471077767,0.17816617742455576,0.17816617742455576,0.6193483696832209
NVDA,hist_gradient_boosting,3,2023-10-06,0,-1,0.56237712209948,0.4210096368275388,0.4210096368275388,0.1413674852719412
NVDA,hist_gradient_boosting,3,2023-10-09,0,-1,0.9142701992714215,0.06749676399261308,0.06749676399261308,0.8467734352788084
NVDA,hist_gradient_boosting,3,2023-10-10,-1,1,0.5077438520827346,0.5077438520827346,0.46773382164976857,0.04001003043296608
NVDA,hist_gradient_boosting,3,2023-10-11,-1,1,0.6907984544118299,0.6907984544118299,0.26232592907260227,0.4284725253392276
NVDA,hist_gradient_boosting,3,2023-10-12,-1,1,0.6819557312896016,0.6819557312896016,0.30010440208523304,0.3818513292043686
NVDA,hist_gradient_boosting,3,2023-10-13,-1,-1,0.727635835794125,0.21957400988766837,0.21957400988766837,0.5080618259064567
NVDA,hist_gradient_boosting,3,2023-10-16,-1,-1,0.7873983517757204,0.18715319468813904,0.18715319468813904,0.6002451570875813
NVDA,hist_gradient_boosting,3,2023-10-17,0,-1,0.5299700574448578,0.156801730836705,0.3132282117184371,0.2167418457264207
NVDA,hist_gradient_boosting,3,2023-10-18,0,-1,0.7496184661532262,0.11565828496027376,0.13472324888650006,0.6148952172667261
NVDA,hist_gradient_boosting,3,2023-10-19,-1,-1,0.901342984925947,0.009900733500658463,0.08875628157339463,0.8125867033525523
NVDA,hist_gradient_boosting,3,2023-10-20,-1,-1,0.9802023831624455,0.013056705640822116,0.013056705640822116,0.9671456775216234
NVDA,hist_gradient_boosting,3,2023-10-23,-1,-1,0.6737274343581279,0.194507471475574,0.194507471475574,0.47921996288255386
NVDA,hist_gradient_boosting,3,2023-10-24,-1,-1,0.7892318005916293,0.13037233252385017,0.13037233252385017,0.6588594680677792
NVDA,hist_gradient_boosting,3,2023-10-25,0,-1,0.8813353513254906,0.07809406717794252,0.07809406717794252,0.803241284147548
NVDA,hist_gradient_boosting,3,2023-10-26,1,-1,0.7231350553470789,0.2549754145200967,0.2549754145200967,0.4681596408269822
NVDA,hist_gradient_boosting,3,2023-10-27,1,-1,0.5150517286740611,0.468170776935543,0.468170776935543,0.04688095173851814
NVDA,hist_gradient_boosting,3,2023-10-30,1,-1,0.4542838978570075,0.39582564485891236,0.39582564485891236,0.05845825299809515
NVDA,hist_gradient_boosting,3,2023-10-31,1,0,0.508162699284734,0.35992373156573604,0.35992373156573604,0.14823896771899797
NVDA,hist_gradient_boosting,3,2023-11-01,1,-1,0.4594786007255895,0.17842987838439742,0.3620915208900131,0.09738707983557637
NVDA,hist_gradient_boosting,3,2023-11-02,1,-1,0.8836767546995333,0.05968953749465303,0.05968953749465303,0.8239872172048803
NVDA,hist_gradient_boosting,3,2023-11-03,1,-1,0.7168946262694812,0.2632490433918529,0.2632490433918529,0.4536455828776283
NVDA,hist_gradient_boosting,3,2023-11-06,1,-1,0.5759102263959628,0.32536975013453984,0.32536975013453984,0.25054047626142295
NVDA,hist_gradient_boosting,3,2023-11-07,1,-1,0.622592667755812,0.2633660115965348,0.2633660115965348,0.35922665615927724
NVDA,hist_gradient_boosting,3,2023-11-08,1,1,0.542779133860016,0.542779133860016,0.4210853902084666,0.12169374365154939
NVDA,hist_gradient_boosting,3,2023-11-09,1,-1,0.6297934322473643,0.18850083524362032,0.18850083524362032,0.44129259700374396
NVDA,hist_gradient_boosting,3,2023-11-10,0,-1,0.4059942601956869,0.24566514688716645,0.34834059291714664,0.057653667278540266
NVDA,hist_gradient_boosting,3,2023-11-13,1,1,0.6435532636776747,0.6435532636776747,0.21074386884992674,0.432809394827748
NVDA,hist_gradient_boosting,3,2023-11-14,0,0,0.5321711435565325,0.04259710922877372,0.42523174721469387,0.10693939634183863
NVDA,hist_gradient_boosting,3,2023-11-15,0,-1,0.5121990148182289,0.1669891342164634,0.32081185096530757,0.19138716385292137
NVDA,hist_gradient_boosting,3,2023-11-16,-1,-1,0.838147631865391,0.007011066836877053,0.15484130129773183,0.6833063305676592
NVDA,hist_gradient_boosting,3,2023-11-17,-1,0,0.5544556615870767,0.09454726474312325,0.35099707366980004,0.20345858791727667
NVDA,hist_gradient_boosting,3,2023-11-20,-1,-1,0.9205136756744264,0.007014779585577328,0.07247154473999631,0.8480421309344301
NVDA,hist_gradient_boosting,3,2023-11-21,-1,-1,0.6834504878625365,0.01594687026826578,0.3006026418691976,0.3828478459933389
NVDA,hist_gradient_boosting,3,2023-11-22,-1,-1,0.8071515696517424,0.08611768325605268,0.10673074709220487,0.7004208225595375
NVDA,hist_gradient_boosting,3,2023-11-24,-1,-1,0.667607710633511,0.08150293316482887,0.2508893562016601,0.4167183544318509
NVDA,hist_gradient_boosting,3,2023-11-27,-1,-1,0.7729083355804324,0.05470626405643606,0.1723854003631316,0.6005229352173007
NVDA,hist_gradient_boosting,3,2023-11-28,-1,-1,0.8719470601294651,0.02162489257150988,0.10642804729902498,0.7655190128304401
NVDA,hist_gradient_boosting,3,2023-11-29,-1,-1,0.8223938173405458,0.10836410183859857,0.10836410183859857,0.7140297155019473
NVDA,hist_gradient_boosting,3,2023-11-30,0,-1,0.9455964702598597,0.01926672558133193,0.03513680415880841,0.9104596661010513
NVDA,hist_gradient_boosting,3,2023-12-01,0,-1,0.9871506903889278,0.003189299889690189,0.009660009721382066,0.9774906806675457
NVDA,hist_gradient_boosting,3,2023-12-04,1,-1,0.9611680547849374,0.016630256800984563,0.0222016884140779,0.9389663663708595
NVDA,hist_gradient_boosting,3,2023-12-05,1,-1,0.9882325989590571,0.00354353258371561,0.008223868457227406,0.9800087305018297
NVDA,hist_gradient_boosting,3,2023-12-06,1,-1,0.9851147577434956,0.0113588483903869,0.0113588483903869,0.9737559093531086
NVDA,hist_gradient_boosting,3,2023-12-07,1,-1,0.9929103906981216,0.0011003920630789294,0.0059892172387994306,0.9869211734593222
NVDA,hist_gradient_boosting,3,2023-12-08,1,-1,0.9811916030922079,0.0012750418037948072,0.01753335510399743,0.9636582479882104
NVDA,hist_gradient_boosting,3,2023-12-11,1,-1,0.9781944040307828,0.011463146550005649,0.011463146550005649,0.9667312574807772
NVDA,hist_gradient_boosting,3,2023-12-12,1,-1,0.9540203960904805,0.029228490925476126,0.029228490925476126,0.9247919051650044
NVDA,hist_gradient_boosting,3,2023-12-13,0,-1,0.750657530630141,0.23909691510720024,0.23909691510720024,0.5115606155229407
NVDA,hist_gradient_boosting,3,2023-12-14,0,-1,0.9640432594855065,0.005075544074509707,0.03088119643998394,0.9331620630455225
NVDA,hist_gradient_boosting,3,2023-12-15,0,-1,0.9843586567206961,0.004512557181769757,0.011128786097534184,0.9732298706231619
NVDA,hist_gradient_boosting,3,2023-12-18,0,-1,0.9216583864366559,0.010432630698109216,0.06790898286523486,0.853749403571421
NVDA,hist_gradient_boosting,3,2023-12-19,0,-1,0.7332372104239903,0.04153464269446196,0.2252281468815477,0.5080090635424426
NVDA,hist_gradient_boosting,3,2023-12-20,1,-1,0.9476328369351386,0.013599444930548467,0.03876771813431293,0.9088651188008257
NVDA,hist_gradient_boosting,3,2023-12-21,0,-1,0.9536848548189658,0.0012553737084586968,0.04505977147257546,0.9086250833463904
NVDA,hist_gradient_boosting,3,2023-12-22,0,-1,0.9722874146007224,0.006510247397099863,0.02120233800217783,0.9510850765985446
NVDA,hist_gradient_boosting,3,2023-12-26,-1,-1,0.9085186398093831,0.021874374010149883,0.0696069861804669,0.8389116536289162
NVDA,hist_gradient_boosting,3,2023-12-27,-1,-1,0.9521765198605661,0.016729650085193965,0.031093830054239914,0.9210826898063261
NVDA,hist_gradient_boosting,3,2023-12-28,0,-1,0.9682555662402403,0.01647471932800139,0.01647471932800139,0.951780846912239
NVDA,hist_gradient_boosting,3,2023-12-29,1,-1,0.9539390388303798,0.03628158913664328,0.03628158913664328,0.9176574496937365
NVDA,hist_gradient_boosting,3,2024-01-02,1,-1,0.9412649442377405,0.04110442571560823,0.04110442571560823,0.9001605185221323
NVDA,hist_gradient_boosting,3,2024-01-03,1,-1,0.8306408393305288,0.13365107064827542,0.13365107064827542,0.6969897686822534
NVDA,hist_gradient_boosting,3,2024-01-04,1,-1,0.799338381615106,0.15513657736975972,0.15513657736975972,0.6442018042453462
NVDA,hist_gradient_boosting,3,2024-01-05,1,-1,0.9298056752905449,0.049947667587575295,0.049947667587575295,0.8798580077029696
NVDA,hist_gradient_boosting,3,2024-01-08,1,0,0.4352526688579291,0.22531977443438278,0.3394275567076881,0.09582511215024103
NVDA,hist_gradient_boosting,3,2024-01-09,1,-1,0.5522009993342083,0.4267669214233218,0.4267669214233218,0.1254340779108865
NVDA,hist_gradient_boosting,3,2024-01-10,1,-1,0.6308837268527568,0.11325607419197972,0.2558601989552634,0.37502352789749344
NVDA,hist_gradient_boosting,3,2024-01-11,1,-1,0.738088659003942,0.10602271280018256,0.1558886281958754,0.5822000308080666
NVDA,hist_gradient_boosting,3,2024-01-12,1,0,0.5031779475411429,0.08537083437117034,0.41145121808768675,0.09172672945345611
NVDA,hist_gradient_boosting,3,2024-01-16,1,-1,0.7988966318226283,0.12169690801428057,0.12169690801428057,0.6771997238083477
NVDA,hist_gradient_boosting,3,2024-01-17,1,-1,0.3669993478568509,0.30781630614762284,0.3251843459955263,0.041815001861324586
NVDA,hist_gradient_boosting,3,2024-01-18,1,-1,0.7347072280347223,0.1387465163297496,0.1387465163297496,0.5959607117049728
NVDA,hist_gradient_boosting,3,2024-01-19,1,-1,0.8111975334573659,0.030019738618468662,0.15878272792416545,0.6524148055332004
NVDA,hist_gradient_boosting,3,2024-01-22,1,-1,0.4674267044700254,0.41928514444193166,0.41928514444193166,0.04814156002809372
NVDA,hist_gradient_boosting,3,2024-01-23,1,-1,0.6792216721544736,0.1972773611983208,0.1972773611983208,0.4819443109561528
NVDA,hist_gradient_boosting,3,2024-01-24,0,-1,0.7305072963042873,0.09018630045350215,0.17930640324221048,0.5512008930620769
NVDA,hist_gradient_boosting,3,2024-01-25,1,0,0.4606651578552167,0.3017480683664418,0.3017480683664418,0.15891708948877492
NVDA,hist_gradient_boosting,3,2024-01-26,1,1,0.6613776998855367,0.6613776998855367,0.18040117627285532,0.4809765236126814
NVDA,hist_gradient_boosting,3,2024-01-29,1,-1,0.550443663667033,0.0686816868738343,0.3808746494591328,0.16956901420790021
NVDA,hist_gradient_boosting,3,2024-01-30,1,0,0.41727362484585717,0.398166334598572,0.398166334598572,0.01910729024728519
NVDA,hist_gradient_boosting,3,2024-01-31,1,1,0.6760901048310725,0.6760901048310725,0.2093612420328855,0.4667288627981869
NVDA,hist_gradient_boosting,3,2024-02-01,1,1,0.5212458893667329,0.5212458893667329,0.3059267297525718,0.2153191596141611
NVDA,hist_gradient_boosting,3,2024-02-02,1,0,0.6481637321132814,0.05088520717021016,0.3009510607165085,0.34721267139677287
NVDA,hist_gradient_boosting,3,2024-02-05,1,-1,0.45393280158777305,0.11657179830675002,0.4294954001054769,0.024437401482296173
NVDA,hist_gradient_boosting,3,2024-02-06,1,0,0.4486563150344777,0.31621169207214894,0.31621169207214894,0.13244462296232878
NVDA,hist_gradient_boosting,3,2024-02-07,1,-1,0.549822583953345,0.046902461739546285,0.4032749543071087,0.14654762964623635
NVDA,hist_gradient_boosting,3,2024-02-08,1,0,0.7071619123537253,0.2315497961439709,0.2315497961439709,0.4756121162097544
NVDA,hist_gradient_boosting,3,2024-02-09,0,0,0.5187126159388988,0.10018016042414984,0.3811072236369513,0.13760539230194752
NVDA,hist_gradient_boosting,3,2024-02-12,-1,1,0.5314447728412236,0.5314447728412236,0.27089712472709176,0.26054764811413184
NVDA,hist_gradient_boosting,3,2024-02-13,-1,1,0.35611637950851455,0.35611637950851455,0.3517018664349859,0.004414513073528636
NVDA,hist_gradient_boosting,3,2024-02-14,1,0,0.43257570286205554,0.39407395864521044,0.39407395864521044,0.0385017442168451
NVDA,hist_gradient_boosting,3,2024-02-15,1,1,0.48475886788053496,0.48475886788053496,0.42373810550761787,0.06102076237291709
NVDA,hist_gradient_boosting,3,2024-02-16,1,-1,0.3875541256982373,0.3429147956283869,0.3429147956283869,0.04463933006985038
NVDA,hist_gradient_boosting,3,2024-02-20,1,-1,0.8392969860721987,0.029741790190288758,0.13096122373751262,0.7083357623346861
NVDA,hist_gradient_boosting,3,2024-02-21,1,-1,0.7595458129538712,0.009823588251875473,0.2306305987942532,0.5289152141596181
NVDA,hist_gradient_boosting,3,2024-02-22,0,-1,0.4611815511408926,0.09902779108983828,0.43979065776926907,0.02139089337162353
NVDA,hist_gradient_boosting,3,2024-02-23,1,0,0.6759276236904556,0.21783853330319441,0.21783853330319441,0.45808909038726114
NVDA,hist_gradient_boosting,3,2024-02-26,1,0,0.5823751741523682,0.1620828228023332,0.2555420030452986,0.32683317110706955
NVDA,hist_gradient_boosting,3,2024-02-27,1,0,0.8579798868871382,0.08722123941552955,0.08722123941552955,0.7707586474716087
NVDA,hist_gradient_boosting,3,2024-02-28,1,0,0.792206388410168,0.07199081614022176,0.1358027954496102,0.6564035929605578
NVDA,hist_gradient_boosting,3,2024-02-29,1,0,0.5561953717266608,0.1366033144961087,0.3072013137772305,0.2489940579494303
NVDA,hist_gradient_boosting,3,2024-03-01,1,0,0.5409191245032868,0.05726805792372739,0.4018128175729858,0.13910630693030102
NVDA,hist_gradient_boosting,3,2024-03-04,0,0,0.48342298979323445,0.07204234347166798,0.44453466673509767,0.038888323058136776
NVDA,hist_gradient_boosting,3,2024-03-05,1,-1,0.40065333179311563,0.25009456261033747,0.34925210559654685,0.05140122619656878
NVDA,hist_gradient_boosting,3,2024-03-06,1,-1,0.6416565899665716,0.04280865687378774,0.31553475315964064,0.32612183680693096
NVDA,hist_gradient_boosting,3,2024-03-07,-1,0,0.6884376447465497,0.024116260695263524,0.28744609455818687,0.4009915501883628
NVDA,hist_gradient_boosting,3,2024-03-08,0,0,0.9782764899085747,0.019810647549497358,0.019810647549497358,0.9584658423590774
NVDA,hist_gradient_boosting,3,2024-03-11,1,0,0.7297678396303763,0.039105520196015126,0.23112664017360848,0.49864119945676777
NVDA,hist_gradient_boosting,3,2024-03-12,-1,0,0.5403503017015184,0.05468341877840664,0.4049662795200749,0.13538402218144352
NVDA,hist_gradient_boosting,3,2024-03-13,0,0,0.7161387832560587,0.1077261042746501,0.17613511246929114,0.5400036707867676
NVDA,hist_gradient_boosting,3,2024-03-14,1,-1,0.5240870175614745,0.020158328154820743,0.45575465428370476,0.0683323632777697
NVDA,hist_gradient_boosting,3,2024-03-15,1,-1,0.8918487862972395,0.00868617434378837,0.09946503935897211,0.7923837469382674
NVDA,hist_gradient_boosting,3,2024-03-18,1,-1,0.8181091418084799,0.013308478932527134,0.16858237925899294,0.6495267625494869
NVDA,hist_gradient_boosting,3,2024-03-19,1,-1,0.6387356524248824,0.1044027324133363,0.2568616151617813,0.3818740372631011
NVDA,hist_gradient_boosting,3,2024-03-20,0,0,0.5348686323768207,0.04031258859837031,0.42481877902480897,0.11004985335201173
NVDA,hist_gradient_boosting,3,2024-03-21,0,-1,0.7802845535559985,0.013308396287741674,0.20640705015625982,0.5738775033997386
NVDA,hist_gradient_boosting,3,2024-03-22,-1,-1,0.7314010404939247,0.035381495511419545,0.2332174639946557,0.49818357649926903
NVDA,hist_gradient_boosting,3,2024-03-25,-1,-1,0.6516696095600745,0.020600544731558836,0.3277298457083667,0.32393976385170775
NVDA,hist_gradient_boosting,3,2024-03-26,-1,-1,0.9027586472971136,0.018765942775533947,0.07847540992735239,0.8242832373697613
NVDA,hist_gradient_boosting,3,2024-03-27,-1,-1,0.9273483630046946,0.024219671878129508,0.048431965117176026,0.8789163978875185
NVDA,hist_gradient_boosting,3,2024-03-28,-1,-1,0.8827702469013372,0.005279218467075091,0.11195053463158762,0.7708197122697495
NVDA,hist_gradient_boosting,3,2024-04-01,-1,-1,0.7806409148403143,0.005662979049616751,0.21369610611006898,0.5669448087302453
NVDA,hist_gradient_boosting,3,2024-04-02,-1,-1,0.8781833766937316,0.00452773910639746,0.11728888419987092,0.7608944924938607
NVDA,hist_gradient_boosting,3,2024-04-03,-1,-1,0.802936526328293,0.005574541049951468,0.19148893262175556,0.6114475937065375
NVDA,hist_gradient_boosting,3,2024-04-04,1,-1,0.9210328412473819,0.05978079871447331,0.05978079871447331,0.8612520425329087
NVDA,hist_gradient_boosting,3,2024-04-05,0,-1,0.8779556127731131,0.003091304594490926,0.1189530826323959,0.7590025301407172
NVDA,hist_gradient_boosting,3,2024-04-08,0,-1,0.9712072787672026,0.00553868190710197,0.02325403932569545,0.9479532394415071
NVDA,hist_gradient_boosting,3,2024-04-09,1,-1,0.9660756209764874,0.019921288291613815,0.019921288291613815,0.9461543326848736
NVDA,hist_gradient_boosting,3,2024-04-10,-1,-1,0.8010930637521055,0.10767534476529018,0.10767534476529018,0.6934177189868154
NVDA,hist_gradient_boosting,3,2024-04-11,-1,-1,0.7816239052833438,0.19209716866571644,0.19209716866571644,0.5895267366176273
NVDA,hist_gradient_boosting,3,2024-04-12,-1,-1,0.844683360783951,0.1093668264929795,0.1093668264929795,0.7353165342909715
NVDA,hist_gradient_boosting,3,2024-04-15,-1,-1,0.5753909196266622,0.34622905602496135,0.34622905602496135,0.22916186360170088
NVDA,hist_gradient_boosting,3,2024-04-16,-1,-1,0.819279097889208,0.0698522497575669,0.1108686523532251,0.708410445535983
NVDA,hist_gradient_boosting,3,2024-04-17,-1,1,0.4683883031511757,0.4683883031511757,0.33838319329074495,0.13000510986043073
NVDA,hist_gradient_boosting,3,2024-04-18,-1,-1,0.46470089800923403,0.2778893094022563,0.2778893094022563,0.18681158860697772
NVDA,hist_gradient_boosting,3,2024-04-19,1,0,0.8961112589181274,0.07182266343762385,0.07182266343762385,0.8242885954805035
NVDA,hist_gradient_boosting,3,2024-04-22,1,1,0.6138659375923848,0.6138659375923848,0.22219321021864286,0.391672727373742
NVDA,hist_gradient_boosting,3,2024-04-23,1,0,0.635698216840553,0.17250969479107262,0.19179208836837436,0.4439061284721787
NVDA,hist_gradient_boosting,3,2024-04-24,1,1,0.7791279812643971,0.7791279812643971,0.1548740140568359,0.6242539672075612
NVDA,hist_gradient_boosting,3,2024-04-25,1,1,0.875949252782443,0.875949252782443,0.09878304721458195,0.777166205567861
NVDA,hist_gradient_boosting,3,2024-04-26,0,-1,0.4721586156882412,0.3756127833747223,0.3756127833747223,0.09654583231351888
NVDA,hist_gradient_boosting,3,2024-04-29,1,-1,0.7474385622760745,0.21378094298568176,0.21378094298568176,0.5336576192903928
NVDA,hist_gradient_boosting,3,2024-04-30,1,-1,0.7250180278621041,0.17410290718566634,0.17410290718566634,0.5509151206764378
NVDA,hist_gradient_boosting,3,2024-05-01,1,1,0.852935845258063,0.852935845258063,0.07659310774275797,0.776342737515305
NVDA,hist_gradient_boosting,3,2024-05-02,1,-1,0.8800035240269495,0.04643313467109473,0.07356334130195588,0.8064401827249936
NVDA,hist_gradient_boosting,3,2024-05-03,0,-1,0.6432486374187528,0.29862737532435846,0.29862737532435846,0.34462126209439436
NVDA,hist_gradient_boosting,3,2024-05-06,0,-1,0.48975547597546676,0.17679788498842114,0.33344663903611227,0.1563088369393545
NVDA,hist_gradient_boosting,3,2024-05-07,0,-1,0.7216994488123448,0.2602104587324892,0.2602104587324892,0.4614889900798556
NVDA,hist_gradient_boosting,3,2024-05-08,1,-1,0.8326830999897887,0.07173211630337131,0.09558478370683995,0.7370983162829488
NVDA,hist_gradient_boosting,3,2024-05-09,1,-1,0.8468690735132341,0.13572180099705988,0.13572180099705988,0.7111472725161743
NVDA,hist_gradient_boosting,3,2024-05-10,1,-1,0.8302655729773794,0.10052130786946499,0.10052130786946499,0.7297442651079143
NVDA,hist_gradient_boosting,3,2024-05-13,1,-1,0.7737188065548618,0.12583179898227792,0.12583179898227792,0.6478870075725839
NVDA,hist_gradient_boosting,3,2024-05-14,1,-1,0.8599019377710703,0.08115830675679475,0.08115830675679475,0.7787436310142755
NVDA,hist_gradient_boosting,3,2024-05-15,0,-1,0.543792959131873,0.29369889429233004,0.29369889429233004,0.25009406483954294
NVDA,hist_gradient_boosting,3,2024-05-16,1,1,0.5417416323932044,0.5417416323932044,0.2691314456283735,0.2726101867648309
NVDA,hist_gradient_boosting,3,2024-05-17,1,-1,0.896245251478521,0.06228603612152237,0.06228603612152237,0.8339592153569986
NVDA,hist_gradient_boosting,3,2024-05-20,1,-1,0.7113948207191441,0.18551654305509285,0.18551654305509285,0.5258782776640512
NVDA,hist_gradient_boosting,3,2024-05-21,1,-1,0.6396844637182889,0.2252155388326614,0.2252155388326614,0.4144689248856275
NVDA,hist_gradient_boosting,3,2024-05-22,1,-1,0.7384967364717142,0.1835421046499772,0.1835421046499772,0.554954631821737
