ticker,model,fold,date,y_true,y_pred,confidence,bullish_probability,second_best_probability,probability_margin
NVDA,lightgbm,1,2019-10-03,0,-1,0.6228110073446156,0.3723210654535422,0.3723210654535422,0.2504899418910734
NVDA,lightgbm,1,2019-10-04,1,-1,0.9280391056505134,0.007597502987635532,0.06436339136185089,0.8636757142886625
NVDA,lightgbm,1,2019-10-07,0,-1,0.8612835478321083,0.0166419613429366,0.12207449082495515,0.7392090570071531
NVDA,lightgbm,1,2019-10-08,1,-1,0.9815254272922994,0.014292746202692549,0.014292746202692549,0.9672326810896069
NVDA,lightgbm,1,2019-10-09,1,-1,0.9989403593947545,0.0003937056277148568,0.000665934977530855,0.9982744244172236
NVDA,lightgbm,1,2019-10-10,1,-1,0.9902501623418661,0.008492160405180301,0.008492160405180301,0.9817580019366858
NVDA,lightgbm,1,2019-10-11,1,-1,0.972261043376701,0.024973859730425794,0.024973859730425794,0.9472871836462753
NVDA,lightgbm,1,2019-10-14,1,-1,0.8799772192376292,0.1030834004076234,0.1030834004076234,0.7768938188300057
NVDA,lightgbm,1,2019-10-15,0,-1,0.6831695810847264,0.045041775330214195,0.2717886435850594,0.411380937499667
NVDA,lightgbm,1,2019-10-16,0,0,0.9016718207047905,0.0029257356060864276,0.09540244368912329,0.8062693770156671
NVDA,lightgbm,1,2019-10-17,0,0,0.7791867196222574,0.1067469772163871,0.11406630316135548,0.6651204164609019
NVDA,lightgbm,1,2019-10-18,1,1,0.6464184549258096,0.6464184549258096,0.3293721832458705,0.31704627167993915
NVDA,lightgbm,1,2019-10-21,1,1,0.9672156890021748,0.9672156890021748,0.028416846197650756,0.9387988428045241
NVDA,lightgbm,1,2019-10-22,1,1,0.6306341890943813,0.6306341890943813,0.3627429465272993,0.26789124256708197
NVDA,lightgbm,1,2019-10-23,1,-1,0.8515519075547124,0.13994216496939968,0.13994216496939968,0.7116097425853127
NVDA,lightgbm,1,2019-10-24,1,1,0.8444796359863405,0.8444796359863405,0.14675778758144806,0.6977218484048924
NVDA,lightgbm,1,2019-10-25,0,0,0.922935267821662,0.0006089062338028257,0.076455825944535,0.846479441877127
NVDA,lightgbm,1,2019-10-28,0,0,0.8408461727231816,0.0004672386409715164,0.15868658863584684,0.6821595840873348
NVDA,lightgbm,1,2019-10-29,1,0,0.6404004447314129,0.05200462511497094,0.3075949301536161,0.3328055145777968
NVDA,lightgbm,1,2019-10-30,1,0,0.637388698632068,0.022602320448551677,0.3400089809193803,0.29737971771268773
NVDA,lightgbm,1,2019-10-31,1,-1,0.9862133455344723,0.003940391272181095,0.009846263193346718,0.9763670823411256
NVDA,lightgbm,1,2019-11-01,1,-1,0.9728740881889937,0.00042689833740222307,0.0266990134736042,0.9461750747153895
NVDA,lightgbm,1,2019-11-04,0,0,0.9403918123484002,0.04171579695235884,0.04171579695235884,0.8986760153960414
NVDA,lightgbm,1,2019-11-05,0,-1,0.6527537121645287,0.015396211744727916,0.3318500760907434,0.3209036360737853
NVDA,lightgbm,1,2019-11-06,0,-1,0.9412918161208907,0.0029084784926206295,0.05579970538648864,0.8854921107344021
NVDA,lightgbm,1,2019-11-07,0,-1,0.8059074102130059,0.0216212150904727,0.17247137469652138,0.6334360355164845
NVDA,lightgbm,1,2019-11-08,0,-1,0.6587326924700676,0.007855620577698216,0.3334116869522342,0.3253210055178334
NVDA,lightgbm,1,2019-11-11,0,-1,0.9547366281577319,0.02787923093087681,0.02787923093087681,0.926857397226855
NVDA,lightgbm,1,2019-11-12,0,0,0.6838661475930042,0.0004339423592215557,0.31569991004777415,0.3681662375452301
NVDA,lightgbm,1,2019-11-13,0,-1,0.5155782585612705,0.00018493074899012088,0.48423681068973945,0.031341447871531036
NVDA,lightgbm,1,2019-11-14,0,-1,0.8993915448130022,0.0002455538364951209,0.1003629013505027,0.7990286434624995
NVDA,lightgbm,1,2019-11-15,1,0,0.9952102560337364,0.0018988461523102012,0.002890897813953331,0.992319358219783
NVDA,lightgbm,1,2019-11-18,1,-1,0.8591885216447658,0.00686217388339772,0.1339493044718365,0.7252392171729293
NVDA,lightgbm,1,2019-11-19,1,0,0.9754468474515933,0.0031364342840054494,0.021416718264401214,0.9540301291871921
NVDA,lightgbm,1,2019-11-20,1,0,0.5745569385115606,0.06105809305620435,0.3643849684322351,0.21017197007932553
NVDA,lightgbm,1,2019-11-21,1,-1,0.8802844863971786,0.0074406889014259365,0.11227482470139538,0.7680096616957832
NVDA,lightgbm,1,2019-11-22,0,-1,0.6676562733510404,0.001285174829879931,0.3310585518190795,0.3365977215319609
NVDA,lightgbm,1,2019-11-25,-1,0,0.9315375649960612,0.06498267979726793,0.06498267979726793,0.8665548851987933
NVDA,lightgbm,1,2019-11-26,-1,1,0.48922960722664716,0.48922960722664716,0.48331900089095337,0.005910606335693791
NVDA,lightgbm,1,2019-11-27,-1,0,0.5134746210777745,0.4760184691735732,0.4760184691735732,0.03745615190420132
NVDA,lightgbm,1,2019-11-29,-1,1,0.5789472423306374,0.5789472423306374,0.25186674100114165,0.3270805013294958
NVDA,lightgbm,1,2019-12-02,0,-1,0.5692155730190354,0.14182470168382616,0.2889597252971384,0.28025584772189693
NVDA,lightgbm,1,2019-12-03,1,-1,0.997150849481423,0.00046261133375273,0.0023865391848242653,0.9947643102965987
NVDA,lightgbm,1,2019-12-04,1,-1,0.8985894507721538,0.007323711529361535,0.09408683769848471,0.8045026130736691
NVDA,lightgbm,1,2019-12-05,1,-1,0.9581073257998508,0.01408404647756628,0.027808627722582788,0.9302986980772681
NVDA,lightgbm,1,2019-12-06,1,-1,0.5551264460759182,0.3404064913655666,0.3404064913655666,0.2147199547103516
NVDA,lightgbm,1,2019-12-09,1,-1,0.8169757949371237,0.1566736182218071,0.1566736182218071,0.6603021767153165
NVDA,lightgbm,1,2019-12-10,1,-1,0.981473233608061,0.00735259894359456,0.01117416744834441,0.9702990661597166
NVDA,lightgbm,1,2019-12-11,1,0,0.9240525083051011,0.001362285519856181,0.07458520617504273,0.8494673021300584
NVDA,lightgbm,1,2019-12-12,1,0,0.9897465379082185,0.0012240519330214503,0.00902941015875991,0.9807171277494586
NVDA,lightgbm,1,2019-12-13,1,0,0.9958825370413517,0.000837576982430791,0.003279885976217595,0.992602651065134
NVDA,lightgbm,1,2019-12-16,1,0,0.9055025917232548,0.010666563240235604,0.08383084503650956,0.8216717466867451
NVDA,lightgbm,1,2019-12-17,1,0,0.9134272358358921,0.0032479955434097556,0.08332476862069814,0.830102467215194
NVDA,lightgbm,1,2019-12-18,1,-1,0.6849274997697468,0.05036016204787364,0.2647123381823796,0.42021516158736716
NVDA,lightgbm,1,2019-12-19,0,0,0.9322711161029023,0.003456413557644799,0.06427247033945299,0.8679986457634492
NVDA,lightgbm,1,2019-12-20,-1,0,0.9722529017928322,0.00047388585610505583,0.027273212351062896,0.9449796894417692
NVDA,lightgbm,1,2019-12-23,0,0,0.9219050317613559,0.0005146480481812881,0.07758032019046289,0.844324711570893
NVDA,lightgbm,1,2019-12-24,0,-1,0.9920789206052069,0.0013595579695390664,0.006561521425254011,0.9855173991799528
NVDA,lightgbm,1,2019-12-26,0,-1,0.9722751306346672,0.0008349090498887988,0.026889960315443887,0.9453851703192233
NVDA,lightgbm,1,2019-12-27,0,-1,0.8357924505630857,0.002608396836039345,0.1615991526008751,0.6741932979622106
NVDA,lightgbm,1,2019-12-30,1,0,0.5454554782409675,0.03655340759360187,0.4179911141654307,0.1274643640755368
NVDA,lightgbm,1,2019-12-31,1,-1,0.930337779043125,0.05703124017883674,0.05703124017883674,0.8733065388642882
NVDA,lightgbm,1,2020-01-02,0,-1,0.9721923423797824,0.020264866379378684,0.020264866379378684,0.9519274760004037
NVDA,lightgbm,1,2020-01-03,1,1,0.7344732178609366,0.7344732178609366,0.24398157624290984,0.4904916416180267
NVDA,lightgbm,1,2020-01-06,1,-1,0.889708056699049,0.07195854111046456,0.07195854111046456,0.8177495155885844
NVDA,lightgbm,1,2020-01-07,1,-1,0.6104328741329897,0.37041075388012074,0.37041075388012074,0.240022120252869
NVDA,lightgbm,1,2020-01-08,1,-1,0.9689038378570175,0.002437165450419798,0.02865899669256293,0.9402448411644546
NVDA,lightgbm,1,2020-01-09,1,-1,0.9952781785068735,0.0024946061996072998,0.0024946061996072998,0.9927835723072662
NVDA,lightgbm,1,2020-01-10,1,-1,0.8803924654109226,0.06894497155010477,0.06894497155010477,0.8114474938608178
NVDA,lightgbm,1,2020-01-13,0,0,0.9857477527538978,0.006901237527834494,0.007351009718267533,0.9783967430356303
NVDA,lightgbm,1,2020-01-14,0,-1,0.7537590176364318,0.042554183650936314,0.2036867987126318,0.5500722189238001
NVDA,lightgbm,1,2020-01-15,1,-1,0.6211107811462887,0.03150426093369418,0.3473849579200171,0.2737258232262716
NVDA,lightgbm,1,2020-01-16,0,-1,0.9106747905294229,0.0006523152298005966,0.08867289424077657,0.8220018962886464
NVDA,lightgbm,1,2020-01-17,-1,-1,0.8117321833149881,0.0046094265584819515,0.18365839012652996,0.6280737931884581
NVDA,lightgbm,1,2020-01-21,0,-1,0.7896706878092838,0.08239340985539126,0.1279359023353248,0.661734785473959
NVDA,lightgbm,1,2020-01-22,0,-1,0.9565022346491856,0.00235994216745798,0.041137823183356396,0.9153644114658293
NVDA,lightgbm,1,2020-01-23,-1,-1,0.9758496934905495,0.004302383647706314,0.01984792286174397,0.9560017706288055
NVDA,lightgbm,1,2020-01-24,-1,-1,0.6912665407319069,0.002115431714997567,0.3066180275530956,0.38464851317881127
NVDA,lightgbm,1,2020-01-27,0,-1,0.9890105621909749,0.003019934215640603,0.007969503593384488,0.9810410585975905
NVDA,lightgbm,1,2020-01-28,0,0,0.4473739502150627,0.1981864639348488,0.35443958585008856,0.09293436436497415
NVDA,lightgbm,1,2020-01-29,1,0,0.7597690429542201,0.015038471775823615,0.22519248526995628,0.5345765576842638
NVDA,lightgbm,1,2020-01-30,1,0,0.9407966319606149,0.021324614929234032,0.03787875311015102,0.9029178788504639
NVDA,lightgbm,1,2020-01-31,1,-1,0.9933317636963027,0.0019763690787138054,0.004691867224983539,0.9886398964713192
NVDA,lightgbm,1,2020-02-03,1,-1,0.7325635722215457,0.05333733627932942,0.2140990914991249,0.5184644807224208
NVDA,lightgbm,1,2020-02-04,1,1,0.9446350960366338,0.9446350960366338,0.02818014175101764,0.9164549542856161
NVDA,lightgbm,1,2020-02-05,1,0,0.5823884750781859,0.40534015967234654,0.40534015967234654,0.17704831540583937
NVDA,lightgbm,1,2020-02-06,1,0,0.5846745922625396,0.4136259023837942,0.4136259023837942,0.17104868987874539
NVDA,lightgbm,1,2020-02-07,1,0,0.956630269727228,0.006111462802486989,0.03725826747028503,0.9193720022569429
NVDA,lightgbm,1,2020-02-10,1,0,0.657599389895891,0.3103811541243486,0.3103811541243486,0.34721823577154237
NVDA,lightgbm,1,2020-02-11,1,0,0.907953128043563,0.07268934531258714,0.07268934531258714,0.8352637827309759
NVDA,lightgbm,1,2020-02-12,1,0,0.9852448048710858,0.0006899993628705722,0.014065195766043646,0.9711796091050422
NVDA,lightgbm,1,2020-02-13,1,0,0.9743516434280095,0.012082263146991047,0.013566093424999459,0.96078555000301
NVDA,lightgbm,1,2020-02-14,-1,0,0.6393105379947892,0.016498621362822454,0.3441908406423884,0.2951196973524008
NVDA,lightgbm,1,2020-02-18,-1,-1,0.9190009071439676,0.0005712285514827103,0.08042786430454955,0.8385730428394181
NVDA,lightgbm,1,2020-02-19,-1,-1,0.9950025907245293,0.0015840270982187903,0.0034133821772518473,0.9915892085472775
NVDA,lightgbm,1,2020-02-20,-1,-1,0.9804358337246558,0.00015609215687431915,0.01940807411846995,0.9610277596061859
NVDA,lightgbm,1,2020-02-21,-1,0,0.8046686279223496,0.00021485532597985912,0.19511651675167063,0.609552111170679
NVDA,lightgbm,1,2020-02-24,0,0,0.545773769103244,0.20074918674583583,0.25347704415092015,0.2922967249523239
NVDA,lightgbm,1,2020-02-25,0,0,0.6825550451287746,0.20908502661989256,0.20908502661989256,0.47347001850888204
NVDA,lightgbm,1,2020-02-26,1,0,0.7287111439451973,0.16664878579626252,0.16664878579626252,0.5620623581489348
NVDA,lightgbm,1,2020-02-27,1,1,0.660163885098036,0.660163885098036,0.32223915514475926,0.33792472995327677
NVDA,lightgbm,1,2020-02-28,0,1,0.9448462508958277,0.9448462508958277,0.05280407866288506,0.8920421722329427
NVDA,lightgbm,1,2020-03-02,-1,0,0.4916237768228429,0.4872426626466258,0.4872426626466258,0.004381114176217116
NVDA,lightgbm,1,2020-03-03,0,1,0.8539763034149065,0.8539763034149065,0.08531209471409953,0.768664208700807
NVDA,lightgbm,1,2020-03-04,-1,1,0.7009303719285701,0.7009303719285701,0.2525014215691681,0.448428950359402
NVDA,lightgbm,1,2020-03-05,-1,1,0.4134974410990788,0.4134974410990788,0.318484316773875,0.09501312432520381
NVDA,lightgbm,1,2020-03-06,-1,1,0.8897729467550403,0.8897729467550403,0.10495183705922013,0.7848211096958201
NVDA,lightgbm,1,2020-03-09,-1,1,0.7487067161812392,0.7487067161812392,0.19472303145131167,0.5539836847299275
NVDA,lightgbm,1,2020-03-10,-1,1,0.5147276453353752,0.5147276453353752,0.4745327025906087,0.04019494274476648
NVDA,lightgbm,1,2020-03-11,-1,1,0.711149290082393,0.711149290082393,0.2507951842158786,0.46035410586651443
NVDA,lightgbm,1,2020-03-12,0,1,0.6639357457566988,0.6639357457566988,0.33516354015563316,0.3287722056010656
NVDA,lightgbm,1,2020-03-13,-1,1,0.8118329431057009,0.8118329431057009,0.13217353203936097,0.6796594110663399
NVDA,lightgbm,1,2020-03-16,1,1,0.9962400843472317,0.9962400843472317,0.0032175296428361842,0.9930225547043955
NVDA,lightgbm,1,2020-03-17,1,1,0.9992726206112279,0.9992726206112279,0.0006942284707915517,0.9985783921404363
NVDA,lightgbm,1,2020-03-18,1,1,0.9963691316290678,0.9963691316290678,0.002288703009391549,0.9940804286196763
NVDA,lightgbm,1,2020-03-19,1,1,0.9925874838257359,0.9925874838257359,0.007399296194161644,0.9851881876315742
NVDA,lightgbm,1,2020-03-20,1,1,0.9980580150990603,0.9980580150990603,0.0013595101274453054,0.996698504971615
NVDA,lightgbm,1,2020-03-23,1,-1,0.922056766651094,0.05812886584147863,0.05812886584147863,0.8639279008096155
NVDA,lightgbm,1,2020-03-24,1,1,0.9595443446624469,0.9595443446624469,0.03450767644599705,0.9250366682164498
NVDA,lightgbm,1,2020-03-25,0,1,0.7120340435018151,0.7120340435018151,0.1527643704160428,0.5592696730857722
NVDA,lightgbm,1,2020-03-26,0,-1,0.8461675313088172,0.1361810434379208,0.1361810434379208,0.7099864878708964
NVDA,lightgbm,1,2020-03-27,-1,-1,0.8344166457858337,0.14612008456773756,0.14612008456773756,0.6882965612180962
NVDA,lightgbm,1,2020-03-30,0,-1,0.9973492344540512,0.0014361007243824833,0.0014361007243824833,0.9959131337296687
NVDA,lightgbm,1,2020-03-31,0,-1,0.8345588467083606,0.01357016159076678,0.1518709917008727,0.6826878550074879
NVDA,lightgbm,1,2020-04-01,1,-1,0.9289453932424123,0.06634878557964721,0.06634878557964721,0.8625966076627651
NVDA,lightgbm,1,2020-04-02,1,-1,0.9825944342587003,0.017085959022842948,0.017085959022842948,0.9655084752358574
NVDA,lightgbm,1,2020-04-03,1,-1,0.8329833124321895,0.07109738366970594,0.0959193038981046,0.7370640085340849
NVDA,lightgbm,1,2020-04-06,1,-1,0.6599190056933556,0.32244465238482234,0.32244465238482234,0.33747435330853326
NVDA,lightgbm,1,2020-04-07,1,-1,0.4790463114912908,0.08180881713393359,0.4391448713747756,0.0399014401165152
NVDA,lightgbm,1,2020-04-08,1,-1,0.4029332472718866,0.3038281111034168,0.3038281111034168,0.09910513616846983
NVDA,lightgbm,1,2020-04-09,1,-1,0.9039304760549532,0.01636485886456483,0.07970466508048192,0.8242258109744713
NVDA,lightgbm,1,2020-04-13,1,0,0.49605123377681615,0.05763348134803956,0.4463152848751444,0.04973594890167177
NVDA,lightgbm,1,2020-04-14,-1,-1,0.779090491988675,0.18017902926959217,0.18017902926959217,0.5989114627190828
NVDA,lightgbm,1,2020-04-15,0,0,0.8738123684527713,0.012523481227912628,0.11366415031931598,0.7601482181334553
NVDA,lightgbm,1,2020-04-16,-1,-1,0.9899859352214052,0.0017952184231346587,0.008218846355460087,0.9817670888659451
NVDA,lightgbm,1,2020-04-17,0,-1,0.9722794158703452,0.0005966806580772907,0.02712390347157756,0.9451555123987676
NVDA,lightgbm,1,2020-04-20,1,-1,0.8749559881267787,0.0002672964599970834,0.12477671541322428,0.7501792727135543
NVDA,lightgbm,1,2020-04-21,1,-1,0.9044948052952378,0.0006727492991544482,0.09483244540560766,0.8096623598896302
NVDA,lightgbm,1,2020-04-22,1,-1,0.9673265834788266,0.028734116324923984,0.028734116324923984,0.9385924671539027
NVDA,lightgbm,1,2020-04-23,1,0,0.6539151980875137,0.008300815871437632,0.33778398604104864,0.3161312120464651
NVDA,lightgbm,1,2020-04-24,-1,-1,0.7698456430792999,0.1586633734766765,0.1586633734766765,0.6111822696026235
NVDA,lightgbm,1,2020-04-27,0,-1,0.6463577926343613,0.1417511361173596,0.2118910712482791,0.4344667213860822
NVDA,lightgbm,1,2020-04-28,0,0,0.9761120645795288,0.0015732811602248262,0.022314654260246335,0.9537974103192824
NVDA,lightgbm,1,2020-04-29,0,0,0.6521934746662219,0.2848842497265316,0.2848842497265316,0.3673092249396903
NVDA,lightgbm,1,2020-04-30,1,-1,0.8864499914252241,0.013628169893337662,0.09992183868143824,0.7865281527437858
NVDA,lightgbm,1,2020-05-01,1,0,0.5796787345563824,0.14013628646715015,0.2801849789764674,0.29949375557991503
NVDA,lightgbm,1,2020-05-04,1,-1,0.9271262497123989,0.03421426513256787,0.03865948515503308,0.8884667645573658
NVDA,lightgbm,1,2020-05-05,1,0,0.5571281203360446,0.3466107731903074,0.3466107731903074,0.21051734714573722
NVDA,lightgbm,1,2020-05-06,1,1,0.7813631821328854,0.7813631821328854,0.20278994733024208,0.5785732348026433
NVDA,lightgbm,1,2020-05-07,1,1,0.9160218922887117,0.9160218922887117,0.06913705847152829,0.8468848338171834
NVDA,lightgbm,1,2020-05-08,1,1,0.82532132923742,0.82532132923742,0.166712416147236,0.658608913090184
NVDA,lightgbm,1,2020-05-11,1,-1,0.47319051805621304,0.0670719341350152,0.45973754780877185,0.013452970247441187
NVDA,lightgbm,1,2020-05-12,1,0,0.8282590748884401,0.1672143922513468,0.1672143922513468,0.6610446826370933
NVDA,lightgbm,1,2020-05-13,1,1,0.9210727623966115,0.9210727623966115,0.05459840610411587,0.8664743562924957
NVDA,lightgbm,1,2020-05-14,1,-1,0.587983609641151,0.2540477707273884,0.2540477707273884,0.33393583891376266
NVDA,lightgbm,1,2020-05-15,1,-1,0.8052163447236298,0.016353106113574278,0.17843054916279594,0.6267857955608338
NVDA,lightgbm,1,2020-05-18,0,-1,0.9798055398991846,0.000551162205136109,0.019643297895679375,0.9601622420035052
NVDA,lightgbm,1,2020-05-19,-1,-1,0.8863560777003864,0.0007111138797319096,0.11293280841988158,0.7734232692805048
NVDA,lightgbm,1,2020-05-20,-1,-1,0.9837783550468951,0.0011215535979235958,0.015100091355181353,0.9686782636917138
NVDA,lightgbm,1,2020-05-21,0,-1,0.9194574363346432,0.0002786453291581715,0.08026391833619871,0.8391935179984444
NVDA,lightgbm,1,2020-05-22,-1,-1,0.9391449826394663,0.00017137529310435262,0.060683642067429315,0.8784613405720371
NVDA,lightgbm,1,2020-05-26,0,0,0.9311130078680402,0.058549567294074414,0.058549567294074414,0.8725634405739657
NVDA,lightgbm,1,2020-05-27,1,1,0.6986192267211077,0.6986192267211077,0.21028432128171107,0.4883349054393966
NVDA,lightgbm,1,2020-05-28,1,0,0.4573273017574282,0.37836350244562883,0.37836350244562883,0.07896379931179937
NVDA,lightgbm,1,2020-05-29,0,-1,0.8956710695199097,0.028995299672597653,0.0753336308074927,0.820337438712417
NVDA,lightgbm,1,2020-06-01,0,-1,0.5752289870311516,0.318744898545848,0.318744898545848,0.2564840884853036
NVDA,lightgbm,1,2020-06-02,1,-1,0.9074968830176418,0.08180321709881855,0.08180321709881855,0.8256936659188232
NVDA,lightgbm,1,2020-06-03,1,-1,0.7335205884223371,0.257431566368521,0.257431566368521,0.47608902205381615
NVDA,lightgbm,1,2020-06-04,0,-1,0.9064653779162997,0.07394960720695426,0.07394960720695426,0.8325157707093453
NVDA,lightgbm,1,2020-06-05,0,1,0.5194985178364576,0.5194985178364576,0.43729164594282866,0.08220687189362896
NVDA,lightgbm,1,2020-06-08,1,0,0.878589751862124,0.04038019145101877,0.08103005668685728,0.7975596951752667
NVDA,lightgbm,1,2020-06-09,0,1,0.7919099560229859,0.7919099560229859,0.11636336792647063,0.6755465880965152
NVDA,lightgbm,1,2020-06-10,0,-1,0.7836556139268339,0.05066853396943323,0.1656758521037329,0.617979761823101
NVDA,lightgbm,1,2020-06-11,1,1,0.47260285791958356,0.47260285791958356,0.2943665918489807,0.1782362660706029
NVDA,lightgbm,1,2020-06-12,1,0,0.4437307143308557,0.13820940294622253,0.41805988272292177,0.02567083160793393
NVDA,lightgbm,1,2020-06-15,1,0,0.46569440800946305,0.24718726279598405,0.2871183291945529,0.17857607881491017
NVDA,lightgbm,1,2020-06-16,1,0,0.7426361650713401,0.2499757738744727,0.2499757738744727,0.49266039119686744
NVDA,lightgbm,1,2020-06-17,0,0,0.8778494601771757,0.11745341791498237,0.11745341791498237,0.7603960422621934
NVDA,lightgbm,1,2020-06-18,1,0,0.5913195654799976,0.26320503408728485,0.26320503408728485,0.3281145313927128
NVDA,lightgbm,1,2020-06-19,0,0,0.6693263795469686,0.1175641224211771,0.2131094980318544,0.4562168815151142
NVDA,lightgbm,1,2020-06-22,-1,1,0.5291907109821244,0.5291907109821244,0.39684526414910715,0.1323454468330173
NVDA,lightgbm,1,2020-06-23,0,0,0.7249323827816488,0.21773526013297634,0.21773526013297634,0.5071971226486724
NVDA,lightgbm,1,2020-06-24,1,1,0.5167515342943251,0.5167515342943251,0.3087025220319243,0.2080490122624008
NVDA,lightgbm,1,2020-06-25,0,0,0.6009875804700076,0.1838559121505906,0.21515650737940187,0.3858310730906057
NVDA,lightgbm,1,2020-06-26,1,-1,0.9898553570070453,0.00019085256493816567,0.009953790428016668,0.9799015665790286
NVDA,lightgbm,1,2020-06-29,1,0,0.5442013391182214,0.15270718387525306,0.3030914770065255,0.24110986211169594
NVDA,lightgbm,1,2020-06-30,1,1,0.8648019419017634,0.8648019419017634,0.07157100249300369,0.7932309394087598
NVDA,lightgbm,1,2020-07-01,1,1,0.7276238963343494,0.7276238963343494,0.26423389038319806,0.4633900059511514
NVDA,lightgbm,1,2020-07-02,1,1,0.9711017385306069,0.9711017385306069,0.02673684392395284,0.9443648946066541
NVDA,lightgbm,1,2020-07-06,1,0,0.6074483555640676,0.36626558133857623,0.36626558133857623,0.2411827742254914
NVDA,lightgbm,1,2020-07-07,1,0,0.9208423584327959,0.07488417213749526,0.07488417213749526,0.8459581862953007
NVDA,lightgbm,1,2020-07-08,0,0,0.9915936605331092,0.007149269145196488,0.007149269145196488,0.9844443913879126
NVDA,lightgbm,1,2020-07-09,-1,0,0.5555878584079402,0.01343754184588679,0.4309745997461729,0.12461325866176731
NVDA,lightgbm,1,2020-07-10,-1,0,0.8057007592182865,0.001014117293183212,0.19328512348853016,0.6124156357297563
NVDA,lightgbm,1,2020-07-13,1,1,0.5354173216419523,0.5354173216419523,0.31851111673571314,0.2169062049062392
NVDA,lightgbm,1,2020-07-14,0,-1,0.953125156184644,0.039297186139800634,0.039297186139800634,0.9138279700448434
NVDA,lightgbm,1,2020-07-15,1,0,0.5143128694269412,0.44309860785622146,0.44309860785622146,0.07121426157071975
NVDA,lightgbm,1,2020-07-16,0,0,0.5448015622934405,0.4286069589811106,0.4286069589811106,0.11619460331232984
NVDA,lightgbm,1,2020-07-17,0,1,0.49340023919429393,0.49340023919429393,0.4909080205768824,0.002492218617411557
NVDA,lightgbm,1,2020-07-20,0,1,0.9740588809625604,0.9740588809625604,0.02347226905461004,0.9505866119079504
NVDA,lightgbm,1,2020-07-21,0,0,0.7258013603127901,0.22484979717147832,0.22484979717147832,0.5009515631413117
NVDA,lightgbm,1,2020-07-22,0,-1,0.600463327962205,0.37803953024409276,0.37803953024409276,0.22242379771811227
NVDA,lightgbm,1,2020-07-23,1,0,0.8833122004765046,0.0809149830862248,0.0809149830862248,0.8023972173902798
NVDA,lightgbm,1,2020-07-24,1,0,0.48821289044345884,0.37693662158509733,0.37693662158509733,0.1112762688583615
NVDA,lightgbm,1,2020-07-27,1,-1,0.5013122176304057,0.4092067733236069,0.4092067733236069,0.09210544430679879
NVDA,lightgbm,1,2020-07-28,1,-1,0.7706479097146407,0.04355318130675579,0.18579890897860352,0.5848490007360372
NVDA,lightgbm,1,2020-07-29,1,0,0.7766392898166523,0.05339566201693507,0.16996504816641245,0.6066742416502399
NVDA,lightgbm,1,2020-07-30,1,1,0.6324645049287998,0.6324645049287998,0.35703844296390636,0.27542606196489344
NVDA,lightgbm,1,2020-07-31,1,1,0.7238267651546011,0.7238267651546011,0.2330420512127072,0.4907847139418939
NVDA,lightgbm,1,2020-08-03,0,0,0.5281128988209214,0.4243689940762734,0.4243689940762734,0.10374390474464801
NVDA,lightgbm,1,2020-08-04,-1,0,0.9407549343045635,0.052754168109392666,0.052754168109392666,0.8880007661951708
NVDA,lightgbm,1,2020-08-05,0,0,0.956378937586468,0.013751334973621857,0.029869727439910145,0.9265092101465578
NVDA,lightgbm,1,2020-08-06,0,0,0.99687492430381,8.804720763086448e-05,0.0030370284885591335,0.9938378958152508
NVDA,lightgbm,1,2020-08-07,1,0,0.9564701239362733,0.00020285622477391068,0.04332701983895277,0.9131431040973205
NVDA,lightgbm,1,2020-08-10,1,0,0.9508121848618247,0.00031085916413238664,0.04887695597404302,0.9019352288877817
NVDA,lightgbm,1,2020-08-11,1,0,0.9958678321687976,0.003722225163727329,0.003722225163727329,0.9921456070050703
NVDA,lightgbm,1,2020-08-12,1,1,0.7975362262466951,0.7975362262466951,0.18416101982756428,0.6133752064191308
NVDA,lightgbm,1,2020-08-13,1,1,0.571419568904183,0.571419568904183,0.2960063572549021,0.2754132116492809
NVDA,lightgbm,1,2020-08-14,1,0,0.45966152199190446,0.44783438049380875,0.44783438049380875,0.011827141498095717
NVDA,lightgbm,1,2020-08-17,1,0,0.8168154139663147,0.06981293984507031,0.11337164618861494,0.7034437677776998
NVDA,lightgbm,1,2020-08-18,1,0,0.8250307697474257,0.00901316361304447,0.16595606663952986,0.6590747031078958
NVDA,lightgbm,1,2020-08-19,1,0,0.970762921762745,0.017206201208591957,0.017206201208591957,0.9535567205541531
NVDA,lightgbm,1,2020-08-20,1,-1,0.6870690785305021,0.002366162304769142,0.3105647591647286,0.37650431936577355
NVDA,lightgbm,1,2020-08-21,1,-1,0.6253214381946732,0.004216317732121445,0.3704622440732053,0.2548591941214679
NVDA,lightgbm,1,2020-08-24,1,-1,0.8800084669292687,0.0009763243065069909,0.11901520876422429,0.7609932581650444
NVDA,lightgbm,1,2020-08-25,1,-1,0.8521806655781368,0.0007221220298489325,0.14709721239201443,0.7050834531861223
NVDA,lightgbm,1,2020-08-26,1,-1,0.5654123073563819,0.0023101454668216018,0.43227754717679645,0.13313476017958548
NVDA,lightgbm,1,2020-08-27,1,-1,0.9938927941880515,0.0013359326252912042,0.004771273186657213,0.9891215210013943
NVDA,lightgbm,1,2020-08-28,-1,-1,0.9886225424058063,0.0016411061617637808,0.009736351432429957,0.9788861909733764
NVDA,lightgbm,1,2020-08-31,-1,0,0.9252349051276404,0.0028956797866254774,0.07186941508573419,0.8533654900419062
NVDA,lightgbm,1,2020-09-01,-1,0,0.8148162415710948,0.0007367905060471138,0.18444696792285808,0.6303692736482367
NVDA,lightgbm,1,2020-09-02,-1,-1,0.9965754762538538,0.0004857233911455234,0.0029388003550004766,0.9936366758988533
NVDA,lightgbm,1,2020-09-03,-1,1,0.818567933415191,0.818567933415191,0.09947789175190444,0.7190900416632865
NVDA,lightgbm,1,2020-09-04,0,1,0.6910307101503715,0.6910307101503715,0.26411804548002443,0.4269126646703471
NVDA,lightgbm,1,2020-09-08,1,-1,0.9206640439907762,0.06108353473169358,0.06108353473169358,0.8595805092590826
NVDA,lightgbm,1,2020-09-09,0,1,0.9540579846792101,0.9540579846792101,0.04086637208628941,0.9131916125929207
NVDA,lightgbm,1,2020-09-10,0,-1,0.40067435063197854,0.3933756406766669,0.3933756406766669,0.007298709955311622
NVDA,lightgbm,1,2020-09-11,0,-1,0.9192052193898659,0.0674387613008834,0.0674387613008834,0.8517664580889824
NVDA,lightgbm,1,2020-09-14,-1,1,0.9037074548227292,0.9037074548227292,0.06688953388316624,0.836817920939563
NVDA,lightgbm,1,2020-09-15,-1,0,0.7902740772241786,0.09492354229541997,0.11480238048040126,0.6754716967437774
NVDA,lightgbm,1,2020-09-16,-1,-1,0.9937253240582082,0.0024469322248933784,0.003827743716898293,0.9898975803413099
NVDA,lightgbm,1,2020-09-17,0,-1,0.9990408503806206,0.0008811278904212261,0.0008811278904212261,0.9981597224901994
NVDA,lightgbm,1,2020-09-18,1,-1,0.996681409760265,0.002452590242471663,0.002452590242471663,0.9942288195177933
NVDA,lightgbm,1,2020-09-21,1,-1,0.9986466319353489,0.0012578076273465674,0.0012578076273465674,0.9973888243080022
NVDA,lightgbm,1,2020-09-22,1,-1,0.9851803770929952,0.0012823936770906784,0.01353722922991405,0.9716431478630811
NVDA,lightgbm,1,2020-09-23,1,-1,0.9928198688122714,0.0014341842162737181,0.005745946971454977,0.9870739218408163
NVDA,lightgbm,1,2020-09-24,1,-1,0.9995756796352008,0.0001492697388044202,0.0002750506259947385,0.999300629009206
NVDA,lightgbm,1,2020-09-25,0,-1,0.9573938054106228,0.0376818230706661,0.0376818230706661,0.9197119823399567
NVDA,lightgbm,1,2020-09-28,1,-1,0.9603134041734592,0.03147055733931293,0.03147055733931293,0.9288428468341463
NVDA,lightgbm,1,2020-09-29,1,-1,0.8383364771400708,0.13736279317394062,0.13736279317394062,0.7009736839661301
NVDA,lightgbm,1,2020-09-30,1,-1,0.9740218719443555,0.024070678826959523,0.024070678826959523,0.949951193117396
NVDA,lightgbm,1,2020-10-01,0,-1,0.9994522803144043,0.0002504785212939315,0.0002972411643017996,0.9991550391501024
NVDA,lightgbm,1,2020-10-02,1,-1,0.9967402433042577,0.0003664758978134688,0.002893280797928848,0.9938469625063289
NVDA,lightgbm,1,2020-10-05,1,1,0.6812138843084177,0.6812138843084177,0.31685035809559625,0.3643635262128214
NVDA,lightgbm,1,2020-10-06,1,1,0.9803499334230695,0.9803499334230695,0.015621682068115261,0.9647282513549542
NVDA,lightgbm,1,2020-10-07,0,-1,0.8942547187862864,0.09970497429654988,0.09970497429654988,0.7945497444897365
NVDA,lightgbm,1,2020-10-08,0,1,0.4933563455991454,0.4933563455991454,0.4343951286030614,0.058961216996083976
NVDA,lightgbm,1,2020-10-09,0,-1,0.7431784312280594,0.048075277035054244,0.20874629173688622,0.5344321394911732
NVDA,lightgbm,1,2020-10-12,-1,1,0.7509209785326949,0.7509209785326949,0.13624276944146874,0.6146782090912262
NVDA,lightgbm,1,2020-10-13,-1,1,0.8671467487417093,0.8671467487417093,0.0788558057221399,0.7882909430195694
NVDA,lightgbm,1,2020-10-14,-1,1,0.6402562703704775,0.6402562703704775,0.2527577538491934,0.3874985165212841
NVDA,lightgbm,1,2020-10-15,-1,-1,0.7919991533075059,0.17902002429454822,0.17902002429454822,0.6129791290129577
NVDA,lightgbm,1,2020-10-16,0,0,0.9220917736019343,0.05585206855845773,0.05585206855845773,0.8662397050434766
NVDA,lightgbm,1,2020-10-19,-1,0,0.93591895560837,0.00031973474253864105,0.06376130964909131,0.8721576459592787
NVDA,lightgbm,1,2020-10-20,0,0,0.595778625290999,0.0014804811398621198,0.40274089356913884,0.19303773172186017
NVDA,lightgbm,1,2020-10-21,-1,-1,0.8691063661873822,0.008616613732333415,0.12227702008028436,0.7468293461070978
NVDA,lightgbm,1,2020-10-22,-1,0,0.9623579684252641,0.0023830111369696257,0.035259020437766235,0.9270989479874979
NVDA,lightgbm,1,2020-10-23,-1,-1,0.8066401761158067,0.030689852427514534,0.1626699714566789,0.6439702046591278
NVDA,lightgbm,1,2020-10-26,-1,-1,0.9305191962300522,0.02106830629482994,0.04841249747511802,0.8821066987549342
NVDA,lightgbm,1,2020-10-27,-1,-1,0.869832096016189,0.11178842801642953,0.11178842801642953,0.7580436679997595
NVDA,lightgbm,1,2020-10-28,1,-1,0.8030630394296617,0.043187475280968564,0.15374948528936963,0.6493135541402921
NVDA,lightgbm,1,2020-10-29,1,-1,0.9955566025990668,0.0006518533661452752,0.00379154403478798,0.9917650585642788
NVDA,lightgbm,1,2020-10-30,1,-1,0.8101702821215143,0.008825050991791336,0.18100466688669445,0.6291656152348198
NVDA,lightgbm,1,2020-11-02,1,1,0.5219338015560194,0.5219338015560194,0.284051789362375,0.2378820121936444
NVDA,lightgbm,1,2020-11-03,0,-1,0.8543409267784767,0.10837026272264079,0.10837026272264079,0.7459706640558359
NVDA,lightgbm,1,2020-11-04,-1,-1,0.9885310985997228,0.009999054005334327,0.009999054005334327,0.9785320445943885
NVDA,lightgbm,1,2020-11-05,-1,-1,0.9786994925203564,0.010822721394619388,0.010822721394619388,0.967876771125737
NVDA,lightgbm,1,2020-11-06,-1,-1,0.5011873003657745,0.4747481530336272,0.4747481530336272,0.026439147332147306
NVDA,lightgbm,1,2020-11-09,0,0,0.984545870337953,0.0018857709417368289,0.013568358720310125,0.9709775116176429
NVDA,lightgbm,1,2020-11-10,1,0,0.8075954893478663,0.15154429622529655,0.15154429622529655,0.6560511931225698
NVDA,lightgbm,1,2020-11-11,0,1,0.5409151073466999,0.5409151073466999,0.35570614834149106,0.18520895900520884
NVDA,lightgbm,1,2020-11-12,0,0,0.7897102887124948,0.16584614470477832,0.16584614470477832,0.6238641440077165
NVDA,lightgbm,1,2020-11-13,0,0,0.6114660634610627,0.35617011056261466,0.35617011056261466,0.25529595289844803
NVDA,lightgbm,1,2020-11-16,-1,0,0.6546634762355343,0.28487958469705277,0.28487958469705277,0.36978389153848157
NVDA,lightgbm,1,2020-11-17,-1,0,0.844078085971386,0.02662537446317327,0.12929653956544068,0.7147815464059453
NVDA,lightgbm,1,2020-11-18,0,0,0.5332806772604826,0.32675861293982045,0.32675861293982045,0.2065220643206621
NVDA,lightgbm,1,2020-11-19,0,1,0.6768684112232152,0.6768684112232152,0.2568697537523533,0.41999865747086185
NVDA,lightgbm,1,2020-11-20,1,1,0.7195457747831686,0.7195457747831686,0.2572629008095428,0.46228287397362583
NVDA,lightgbm,1,2020-11-23,0,0,0.5719579993478663,0.4181507193531678,0.4181507193531678,0.1538072799946985
NVDA,lightgbm,1,2020-11-24,1,1,0.5613907573387392,0.5613907573387392,0.3605020354620207,0.20088872187671852
NVDA,lightgbm,1,2020-11-25,0,1,0.618912314632665,0.618912314632665,0.2924010451523737,0.32651126948029136
NVDA,lightgbm,1,2020-11-27,1,0,0.6628660683923322,0.275933198643937,0.275933198643937,0.3869328697483952
NVDA,lightgbm,1,2020-11-30,0,0,0.8658493739493234,0.0759460967736431,0.0759460967736431,0.7899032771756803
NVDA,lightgbm,1,2020-12-01,0,0,0.9715155494379459,0.016107829491208862,0.016107829491208862,0.9554077199467371
NVDA,lightgbm,1,2020-12-02,-1,0,0.8419347902572252,0.05176295802163342,0.10630225172114134,0.7356325385360838
NVDA,lightgbm,1,2020-12-03,-1,0,0.8281770625052207,0.05987251519895085,0.11195042229582834,0.7162266402093924
NVDA,lightgbm,1,2020-12-04,-1,0,0.7883334057811131,0.0018768999743100532,0.2097896942445768,0.5785437115365363
NVDA,lightgbm,1,2020-12-07,-1,0,0.9798135245788425,0.003104391332389299,0.01708208408876801,0.9627314404900745
NVDA,lightgbm,1,2020-12-08,0,0,0.9581905813334451,0.006119476547802592,0.035689942118752274,0.9225006392146928
NVDA,lightgbm,1,2020-12-09,1,1,0.8159288196981813,0.8159288196981813,0.14815029433171292,0.6677785253664684
NVDA,lightgbm,1,2020-12-10,1,1,0.9518327313275127,0.9518327313275127,0.025095846649654606,0.9267368846778581
NVDA,lightgbm,1,2020-12-11,0,1,0.4476739126913226,0.4476739126913226,0.409476033885392,0.03819787880593062
NVDA,lightgbm,1,2020-12-14,0,-1,0.36035392314274034,0.33067242216890125,0.33067242216890125,0.029681500973839092
NVDA,lightgbm,1,2020-12-15,0,0,0.5556333777568282,0.29273144565360754,0.29273144565360754,0.26290193210322066
NVDA,lightgbm,1,2020-12-16,0,0,0.8757222935349447,0.09949833458128023,0.09949833458128023,0.7762239589536645
NVDA,lightgbm,1,2020-12-17,-1,0,0.8598281675358748,0.03852888943420677,0.10164294302991844,0.7581852245059564
NVDA,lightgbm,1,2020-12-18,-1,0,0.7820086757985165,0.08598524671221704,0.13200607748926646,0.6500025983092501
NVDA,lightgbm,1,2020-12-21,-1,1,0.7609671348609961,0.7609671348609961,0.1902831612833679,0.5706839735776282
NVDA,lightgbm,1,2020-12-22,0,1,0.7060158858098633,0.7060158858098633,0.23167271207419032,0.474343173735673
NVDA,lightgbm,1,2020-12-23,0,1,0.9040119361907452,0.9040119361907452,0.07851552553457675,0.8254964106561684
NVDA,lightgbm,1,2020-12-24,0,1,0.8161274583011916,0.8161274583011916,0.13448982088152706,0.6816376374196645
NVDA,lightgbm,1,2020-12-28,1,0,0.6953422147164815,0.1664524666143657,0.1664524666143657,0.5288897481021158
NVDA,lightgbm,1,2020-12-29,-1,1,0.8163561776254042,0.8163561776254042,0.15401003649770192,0.6623461411277023
NVDA,lightgbm,1,2020-12-30,0,1,0.6080226014362073,0.6080226014362073,0.3346248195930574,0.27339778184314995
NVDA,lightgbm,1,2020-12-31,0,1,0.5193043399112076,0.5193043399112076,0.33581898402409854,0.18348535588710907
NVDA,lightgbm,1,2021-01-04,1,-1,0.5602250640580994,0.044552005601959925,0.3952229303399407,0.16500213371815864
NVDA,lightgbm,1,2021-01-05,0,0,0.9508358840508312,0.011572329575593494,0.03759178637357529,0.9132440976772559
NVDA,lightgbm,1,2021-01-06,1,0,0.514450744159099,0.4280036034429814,0.4280036034429814,0.08644714071611759
NVDA,lightgbm,1,2021-01-07,0,1,0.7190418667625417,0.7190418667625417,0.21228572223665265,0.506756144525889
NVDA,lightgbm,1,2021-01-08,-1,1,0.6878980940136294,0.6878980940136294,0.2911502567635967,0.39674783725003276
NVDA,lightgbm,1,2021-01-11,-1,0,0.5313117207900656,0.4511522748576635,0.4511522748576635,0.0801594459324021
NVDA,lightgbm,1,2021-01-12,0,0,0.6202952072678074,0.37366088538772413,0.37366088538772413,0.24663432188008327
NVDA,lightgbm,1,2021-01-13,1,0,0.9747010902468861,0.0024792957417136344,0.022819614011400275,0.9518814762354858
NVDA,lightgbm,1,2021-01-14,1,0,0.549664854724742,0.44080316408679165,0.44080316408679165,0.10886169063795037
NVDA,lightgbm,1,2021-01-15,1,1,0.9060535578659811,0.9060535578659811,0.08109398987443318,0.8249595679915479
NVDA,lightgbm,1,2021-01-19,1,1,0.4681870942558901,0.4681870942558901,0.28119347734221034,0.18699361691367977
NVDA,lightgbm,1,2021-01-20,-1,1,0.5424730322554311,0.5424730322554311,0.4033744169698968,0.1390986152855343
NVDA,lightgbm,1,2021-01-21,-1,1,0.8216255319216517,0.8216255319216517,0.11470548100297599,0.7069200509186757
NVDA,lightgbm,1,2021-01-22,-1,0,0.9764619327803105,0.0186984223663161,0.0186984223663161,0.9577635104139943
NVDA,lightgbm,1,2021-01-25,-1,0,0.9990211801907252,0.00036518820814225524,0.0006136316011325455,0.9984075485895926
NVDA,lightgbm,1,2021-01-26,0,1,0.82134703302983,0.82134703302983,0.09695447205564711,0.7243925609741829
NVDA,lightgbm,1,2021-01-27,1,-1,0.7777489532872756,0.13585219915010716,0.13585219915010716,0.6418967541371684
NVDA,lightgbm,1,2021-01-28,1,-1,0.7415961312909273,0.12130111702604722,0.1371027516830255,0.6044933796079017
NVDA,lightgbm,1,2021-01-29,1,-1,0.9944824613499067,0.00415775721410788,0.00415775721410788,0.9903247041357989
NVDA,lightgbm,1,2021-02-01,1,-1,0.8380385623890035,0.07677552590149456,0.08518591170950184,0.7528526506795017
NVDA,lightgbm,1,2021-02-02,1,0,0.5249424825079007,0.2871099138408367,0.2871099138408367,0.23783256866706398
NVDA,lightgbm,1,2021-02-03,1,0,0.9236947482172524,0.0349734988672875,0.041331752915460006,0.8823629953017924
NVDA,lightgbm,1,2021-02-04,1,0,0.9952581201586721,0.0011247690276123782,0.003617110813715505,0.9916410093449566
NVDA,lightgbm,1,2021-02-05,1,0,0.9901668194418396,0.0025953989875284462,0.007237781570631887,0.9829290378712077
NVDA,lightgbm,1,2021-02-08,1,1,0.9717502140277712,0.9717502140277712,0.01856400114476899,0.9531862128830022
NVDA,lightgbm,1,2021-02-09,1,0,0.7926789047012087,0.19603821319183104,0.19603821319183104,0.5966406915093777
NVDA,lightgbm,1,2021-02-10,0,-1,0.9328355778478241,0.011273268793379334,0.055891153358796554,0.8769444244890275
NVDA,lightgbm,1,2021-02-11,-1,-1,0.6580157564003061,0.003636889744443391,0.3383473538552506,0.31966840254505546
NVDA,lightgbm,1,2021-02-12,-1,0,0.905046383088795,0.0025154550419302225,0.09243816186927467,0.8126082212195204
NVDA,lightgbm,1,2021-02-16,-1,0,0.7059334463714563,8.174782735756007e-05,0.29398480580118613,0.41194864057027014
NVDA,lightgbm,1,2021-02-17,-1,0,0.4247478874695002,0.3216819280053242,0.3216819280053242,0.10306595946417602
NVDA,lightgbm,1,2021-02-18,-1,1,0.5031938514638317,0.5031938514638317,0.39407031859547265,0.10912353286835902
NVDA,lightgbm,1,2021-02-19,-1,1,0.6031314180837871,0.6031314180837871,0.35347393644219033,0.2496574816415968
NVDA,lightgbm,1,2021-02-22,-1,0,0.9271780386673862,0.03265404388276767,0.04016791744984603,0.8870101212175402
NVDA,lightgbm,1,2021-02-23,-1,-1,0.731199212332314,0.04346438415810256,0.22533640350958342,0.5058628088227306
NVDA,lightgbm,1,2021-02-24,-1,0,0.4132895467571994,0.21678933979462453,0.3699211134481761,0.043368433309023346
NVDA,lightgbm,1,2021-02-25,-1,-1,0.8357651446843267,0.004428702861465601,0.1598061524542077,0.675958992230119
NVDA,lightgbm,1,2021-02-26,-1,-1,0.9056770339138357,0.08903413385489888,0.08903413385489888,0.8166429000589368
NVDA,lightgbm,1,2021-03-01,-1,1,0.7489428749281073,0.7489428749281073,0.13050626080710093,0.6184366141210064
NVDA,lightgbm,1,2021-03-02,-1,-1,0.9110316263215106,0.07583373423076345,0.07583373423076345,0.8351978920907471
NVDA,lightgbm,1,2021-03-03,-1,0,0.964121510476894,0.0011224251714175065,0.03475606435168859,0.9293654461252054
NVDA,lightgbm,1,2021-03-04,1,-1,0.6843524618936792,0.002278731791926642,0.3133688063143943,0.37098365557928487
NVDA,lightgbm,1,2021-03-05,1,-1,0.8989611467661259,0.027977159385011625,0.07306169384886246,0.8258994529172634
NVDA,lightgbm,1,2021-03-08,1,1,0.8420937146461729,0.8420937146461729,0.12365984485341185,0.718433869792761
NVDA,lightgbm,1,2021-03-09,1,-1,0.9140783180486532,0.07486574174257589,0.07486574174257589,0.8392125763060774
NVDA,lightgbm,1,2021-03-10,1,-1,0.7705388043819803,0.1566968617220146,0.1566968617220146,0.6138419426599657
NVDA,lightgbm,1,2021-03-11,-1,0,0.6023059047503481,0.07344579090029466,0.3242483043493573,0.27805760040099076
NVDA,lightgbm,1,2021-03-12,0,-1,0.6320737003757592,0.3155335288758276,0.3155335288758276,0.3165401714999316
NVDA,lightgbm,1,2021-03-15,0,-1,0.5899530458757071,0.03607825358537223,0.37396870053892073,0.21598434533678634
NVDA,lightgbm,1,2021-03-16,0,0,0.8084319667263737,0.0006194270342833483,0.19094860623934293,0.6174833604870308
NVDA,lightgbm,1,2021-03-17,-1,0,0.5016978558805979,0.015153988401933279,0.4831481557174688,0.018549700163129124
NVDA,lightgbm,1,2021-03-18,0,-1,0.8664181382598308,0.007248239842547762,0.12633362189762135,0.7400845163622095
NVDA,lightgbm,1,2021-03-19,0,-1,0.8523946076516526,0.004920332760093804,0.14268505958825348,0.7097095480633991
NVDA,lightgbm,1,2021-03-22,0,-1,0.9114875828084953,0.049611066671392,0.049611066671392,0.8618765161371033
NVDA,lightgbm,1,2021-03-23,0,0,0.675452393360482,0.19327405132122005,0.19327405132122005,0.48217834203926196
NVDA,lightgbm,1,2021-03-24,1,-1,0.7373435759539742,0.005198283925629122,0.25745814012039664,0.4798854358335775
NVDA,lightgbm,1,2021-03-25,1,-1,0.7016135994030325,0.2588410756352019,0.2588410756352019,0.44277252376783055
NVDA,lightgbm,1,2021-03-26,1,-1,0.8089636208960352,0.06273870011758932,0.12829767898637545,0.6806659419096598
NVDA,lightgbm,1,2021-03-29,1,0,0.8052111754390537,0.1318608709596953,0.1318608709596953,0.6733503044793585
NVDA,lightgbm,1,2021-03-30,1,1,0.8390768222589845,0.8390768222589845,0.125621917773541,0.7134549044854435
NVDA,lightgbm,1,2021-03-31,1,0,0.43415528372688966,0.3027128861650186,0.3027128861650186,0.13144239756187104
NVDA,lightgbm,1,2021-04-01,1,0,0.7040923459752727,0.2352210529118629,0.2352210529118629,0.4688712930634098
NVDA,lightgbm,1,2021-04-05,1,1,0.7426582510865276,0.7426582510865276,0.14791475731654932,0.5947434937699783
NVDA,lightgbm,1,2021-04-06,1,0,0.9101795005758121,0.017544019619003485,0.07227647980518438,0.8379030207706277
NVDA,lightgbm,1,2021-04-07,1,1,0.8874335418256483,0.8874335418256483,0.07689573424785906,0.8105378075777891
NVDA,lightgbm,1,2021-04-08,1,0,0.9677493128164478,0.008429756507528323,0.023820930676023748,0.9439283821404241
NVDA,lightgbm,1,2021-04-09,1,-1,0.808297570398477,0.010196884423099014,0.18150554517842393,0.6267920252200532
NVDA,lightgbm,1,2021-04-12,0,-1,0.9901864015711714,0.000159466376898837,0.009654132051929715,0.9805322695192418
NVDA,lightgbm,1,2021-04-13,-1,-1,0.9283995251284365,0.00039716606331233005,0.07120330880825118,0.8571962163201853
NVDA,lightgbm,1,2021-04-14,0,0,0.9806702936714944,0.00023525555204579308,0.01909445077645974,0.9615758428950346
NVDA,lightgbm,1,2021-04-15,-1,-1,0.9913677407001631,0.0008922000094736758,0.007740059290363118,0.9836276814098
NVDA,lightgbm,1,2021-04-16,-1,-1,0.8668145443764367,0.00032267743449999675,0.1328627781890634,0.7339517661873733
NVDA,lightgbm,1,2021-04-19,0,-1,0.9080172963795452,0.03489034424492162,0.057092359375533114,0.8509249370040121
NVDA,lightgbm,1,2021-04-20,0,1,0.5098941802280097,0.5098941802280097,0.4374782418649528,0.07241593836305688
NVDA,lightgbm,2,2021-04-21,0,1,0.7633126483930013,0.7633126483930013,0.2076739950323978,0.5556386533606035
NVDA,lightgbm,2,2021-04-22,1,-1,0.7352690426771611,0.1486078312471442,0.1486078312471442,0.5866612114300169
NVDA,lightgbm,2,2021-04-23,0,-1,0.5233131243525718,0.20604021286634386,0.27064666278108435,0.2526664615714875
NVDA,lightgbm,2,2021-04-26,-1,1,0.8253064466742811,0.8253064466742811,0.1616942218776309,0.6636122247966502
NVDA,lightgbm,2,2021-04-27,-1,1,0.8685477543055021,0.8685477543055021,0.10741739772205326,0.7611303565834489
NVDA,lightgbm,2,2021-04-28,-1,1,0.7906586978246907,0.7906586978246907,0.19941348675248655,0.5912452110722042
NVDA,lightgbm,2,2021-04-29,-1,0,0.5312602473437391,0.46041065988827007,0.46041065988827007,0.07084958745546904
NVDA,lightgbm,2,2021-04-30,0,1,0.7526898087386128,0.7526898087386128,0.2346424055497755,0.5180474031888374
NVDA,lightgbm,2,2021-05-03,-1,0,0.7850848569136354,0.06659809784090244,0.1483170452454622,0.6367678116681732
NVDA,lightgbm,2,2021-05-04,0,1,0.6722551913807426,0.6722551913807426,0.20478828771651522,0.4674669036642274
NVDA,lightgbm,2,2021-05-05,-1,-1,0.7379686171117792,0.16060386644622743,0.16060386644622743,0.5773647506655517
NVDA,lightgbm,2,2021-05-06,-1,1,0.6215370378052458,0.6215370378052458,0.29669366868699604,0.3248433691182498
NVDA,lightgbm,2,2021-05-07,-1,-1,0.5728949459174099,0.3403459262762657,0.3403459262762657,0.23254901964114416
NVDA,lightgbm,2,2021-05-10,0,1,0.621673385897874,0.621673385897874,0.330178539370177,0.291494846527697
NVDA,lightgbm,2,2021-05-11,-1,1,0.5307086129772846,0.5307086129772846,0.44458297067677777,0.08612564230050679
NVDA,lightgbm,2,2021-05-12,1,-1,0.7837168814716076,0.2150351363138825,0.2150351363138825,0.5686817451577251
NVDA,lightgbm,2,2021-05-13,1,-1,0.9132466599963677,0.08042698173600538,0.08042698173600538,0.8328196782603623
NVDA,lightgbm,2,2021-05-14,1,-1,0.7997778696267323,0.15744392251460443,0.15744392251460443,0.6423339471121279
NVDA,lightgbm,2,2021-05-17,1,1,0.5080510946691849,0.5080510946691849,0.469345112267467,0.03870598240171785
NVDA,lightgbm,2,2021-05-18,1,-1,0.6751519410636989,0.2861393354149348,0.2861393354149348,0.3890126056487641
NVDA,lightgbm,2,2021-05-19,1,0,0.5562100829489027,0.13797636478645078,0.3058135522646465,0.2503965306842562
NVDA,lightgbm,2,2021-05-20,1,-1,0.6619443873943142,0.09679582218814951,0.2412597904175363,0.42068459697677785
NVDA,lightgbm,2,2021-05-21,1,-1,0.9639757582108902,0.012412536548849109,0.023611705240260537,0.9403640529706296
NVDA,lightgbm,2,2021-05-24,1,-1,0.9518359388383739,0.04474834823744308,0.04474834823744308,0.9070875906009308
NVDA,lightgbm,2,2021-05-25,1,-1,0.9811424024671557,0.013227391486331841,0.013227391486331841,0.9679150109808239
NVDA,lightgbm,2,2021-05-26,1,-1,0.9787219286731077,0.013693830145883313,0.013693830145883313,0.9650280985272244
NVDA,lightgbm,2,2021-05-27,1,-1,0.43024135220028503,0.3137470537147874,0.3137470537147874,0.11649429848549764
NVDA,lightgbm,2,2021-05-28,1,-1,0.42605620764652286,0.3881605723334795,0.3881605723334795,0.03789563531304335
NVDA,lightgbm,2,2021-06-01,1,-1,0.8845897287912078,0.0036976829908421695,0.11171258821795005,0.7728771405732577
NVDA,lightgbm,2,2021-06-02,1,-1,0.9464020374717828,0.0012516804927459623,0.0523462820354712,0.8940557554363115
NVDA,lightgbm,2,2021-06-03,1,-1,0.9749303577712598,0.003388425753124299,0.021681216475615855,0.953249141295644
NVDA,lightgbm,2,2021-06-04,0,-1,0.9998434027797183,2.005121933523164e-05,0.00013654600094646454,0.9997068567787718
NVDA,lightgbm,2,2021-06-07,1,-1,0.9909924786439785,5.585775729210252e-05,0.008951663598729391,0.9820408150452492
NVDA,lightgbm,2,2021-06-08,0,-1,0.6351538810153166,0.0017955083759400162,0.3630506106087434,0.27210327040657317
NVDA,lightgbm,2,2021-06-09,1,0,0.5598016834154536,0.0037452791970088357,0.4364530373875377,0.12334864602791584
NVDA,lightgbm,2,2021-06-10,1,0,0.6331972703044205,0.003531023836308505,0.3632717058592709,0.26992556444514965
NVDA,lightgbm,2,2021-06-11,1,-1,0.9935671246523692,0.0004339435658040277,0.005998931781826779,0.9875681928705424
NVDA,lightgbm,2,2021-06-14,1,-1,0.948919044624361,0.0028479928462598098,0.04823296252937898,0.900686082094982
NVDA,lightgbm,2,2021-06-15,1,0,0.8080534079469569,0.0032239155620510758,0.18872267649099198,0.619330731455965
NVDA,lightgbm,2,2021-06-16,1,-1,0.602444726317753,0.003553189405420997,0.39400208427682604,0.208442642040927
NVDA,lightgbm,2,2021-06-17,1,-1,0.956891678552363,0.008281422954583876,0.0348268984930532,0.9220647800593098
NVDA,lightgbm,2,2021-06-18,1,-1,0.899930871910314,0.06833378905786816,0.06833378905786816,0.8315970828524458
NVDA,lightgbm,2,2021-06-21,1,0,0.579185165944364,0.15591887365028373,0.2648959604053523,0.3142892055390117
NVDA,lightgbm,2,2021-06-22,1,-1,0.9419458487140925,0.0020203897093091397,0.05603376157659831,0.8859120871374941
NVDA,lightgbm,2,2021-06-23,1,-1,0.8651580168707081,0.018655063398489772,0.11618691973080209,0.7489710971399061
NVDA,lightgbm,2,2021-06-24,1,-1,0.8623271077078831,0.01651007056372082,0.12116282172839611,0.741164285979487
NVDA,lightgbm,2,2021-06-25,1,-1,0.7897438034179415,0.015906363128430155,0.19434983345362836,0.5953939699643132
NVDA,lightgbm,2,2021-06-28,1,-1,0.8389295060132111,0.019165661834748115,0.14190483215204086,0.6970246738611703
NVDA,lightgbm,2,2021-06-29,0,-1,0.9150586406109777,0.013435991207778795,0.07150536818124355,0.8435532724297342
NVDA,lightgbm,2,2021-06-30,0,-1,0.9333051265513648,0.05268036171186931,0.05268036171186931,0.8806247648394955
NVDA,lightgbm,2,2021-07-01,0,-1,0.9445237251151107,0.041807541248830155,0.041807541248830155,0.9027161838662806
NVDA,lightgbm,2,2021-07-02,0,-1,0.5380412374921141,0.3302089847026331,0.3302089847026331,0.20783225278948098
NVDA,lightgbm,2,2021-07-06,-1,-1,0.9951509264312118,0.0017888310363530576,0.0030602425324351983,0.9920906838987766
NVDA,lightgbm,2,2021-07-07,-1,-1,0.7798366362747452,0.11598966379461471,0.11598966379461471,0.6638469724801305
NVDA,lightgbm,2,2021-07-08,-1,-1,0.6123735439445267,0.33379209655138753,0.33379209655138753,0.27858144739313917
NVDA,lightgbm,2,2021-07-09,-1,1,0.7910531566129558,0.7910531566129558,0.10532904731555028,0.6857241092974056
NVDA,lightgbm,2,2021-07-12,-1,1,0.6660686993569094,0.6660686993569094,0.23908661410602783,0.42698208525088155
NVDA,lightgbm,2,2021-07-13,-1,0,0.8679117589234405,0.022249708321241294,0.10983853275531817,0.7580732261681223
NVDA,lightgbm,2,2021-07-14,-1,0,0.8888722908442488,0.035885075261249004,0.07524263389450231,0.8136296569497465
NVDA,lightgbm,2,2021-07-15,1,-1,0.43356672935518525,0.4079160007545313,0.4079160007545313,0.025650728600653927
NVDA,lightgbm,2,2021-07-16,1,-1,0.750139628400559,0.23752445506436226,0.23752445506436226,0.5126151733361968
NVDA,lightgbm,2,2021-07-19,1,1,0.8215157098938618,0.8215157098938618,0.15080942931812782,0.670706280575734
NVDA,lightgbm,2,2021-07-20,1,1,0.6373196668226617,0.6373196668226617,0.3303199299806477,0.30699973684201404
NVDA,lightgbm,2,2021-07-21,0,1,0.4525906030692555,0.4525906030692555,0.40633163592656846,0.04625896714268707
NVDA,lightgbm,2,2021-07-22,0,1,0.5625225249308683,0.5625225249308683,0.394095381149263,0.16842714378160528
NVDA,lightgbm,2,2021-07-23,0,1,0.4583124454203439,0.4583124454203439,0.44025376177186465,0.018058683648479235
NVDA,lightgbm,2,2021-07-26,1,1,0.5447240095579713,0.5447240095579713,0.3950206279131705,0.1497033816448008
NVDA,lightgbm,2,2021-07-27,1,0,0.7764006616454111,0.07733223734512792,0.14626710100946105,0.63013356063595
NVDA,lightgbm,2,2021-07-28,1,0,0.5236283697481009,0.31045997513822476,0.31045997513822476,0.21316839460987613
NVDA,lightgbm,2,2021-07-29,1,0,0.734166062663665,0.06680033919992387,0.19903359813641108,0.5351324645272539
NVDA,lightgbm,2,2021-07-30,1,0,0.8307429153125799,0.0033332153971720236,0.16592386929024813,0.6648190460223318
NVDA,lightgbm,2,2021-08-02,1,0,0.7689079469802887,0.021778107572907924,0.2093139454468032,0.5595940015334855
NVDA,lightgbm,2,2021-08-03,0,0,0.8939777018943685,0.028176173252647707,0.07784612485298385,0.8161315770413847
NVDA,lightgbm,2,2021-08-04,-1,0,0.8816037546828543,0.0011663008608842375,0.11722994445626138,0.764373810226593
NVDA,lightgbm,2,2021-08-05,-1,0,0.9515356281430261,0.015584893241104434,0.032879478615869574,0.9186561495271565
NVDA,lightgbm,2,2021-08-06,0,0,0.991682981763503,0.0010243450817528947,0.007292673154744079,0.9843903086087589
NVDA,lightgbm,2,2021-08-09,0,0,0.9883942614483167,0.0005360929328147484,0.011069645618868662,0.977324615829448
NVDA,lightgbm,2,2021-08-10,-1,0,0.9904964201068596,0.0026967975242151573,0.0068067823689252314,0.9836896377379344
NVDA,lightgbm,2,2021-08-11,-1,0,0.9468556669174304,0.041178617639479574,0.041178617639479574,0.9056770492779508
NVDA,lightgbm,2,2021-08-12,0,0,0.9952071431959101,0.00022755299539545552,0.004565303808694309,0.9906418393872157
NVDA,lightgbm,2,2021-08-13,1,0,0.9169876943494538,0.02435211844323433,0.05866018720731185,0.858327507142142
NVDA,lightgbm,2,2021-08-16,1,-1,0.864448627344726,0.01113453635193978,0.1244168363033342,0.7400317910413918
NVDA,lightgbm,2,2021-08-17,1,1,0.8994437953014288,0.8994437953014288,0.06154061709221334,0.8379031782092154
NVDA,lightgbm,2,2021-08-18,1,1,0.9583029736273101,0.9583029736273101,0.03220897549615743,0.9260939981311527
NVDA,lightgbm,2,2021-08-19,1,0,0.7961852592987603,0.13869728035212328,0.13869728035212328,0.657487978946637
NVDA,lightgbm,2,2021-08-20,1,1,0.8457524170919413,0.8457524170919413,0.08172320876065192,0.7640292083312894
NVDA,lightgbm,2,2021-08-23,1,0,0.5318464128321037,0.44255321246296925,0.44255321246296925,0.0892932003691344
NVDA,lightgbm,2,2021-08-24,1,-1,0.461380499724859,0.10537663849334708,0.43324286178179383,0.028137637943065175
NVDA,lightgbm,2,2021-08-25,0,0,0.5737822477869778,0.05729634784140276,0.36892140437161935,0.20486084341535848
NVDA,lightgbm,2,2021-08-26,0,0,0.6776484803328012,0.17720981979205577,0.17720981979205577,0.5004386605407455
NVDA,lightgbm,2,2021-08-27,0,0,0.8933398647002935,0.05667251933706328,0.05667251933706328,0.8366673453632302
NVDA,lightgbm,2,2021-08-30,0,0,0.8614283968077222,0.04555736133312756,0.09301424185915037,0.7684141549485718
NVDA,lightgbm,2,2021-08-31,0,0,0.6553947304044352,0.08178503751535957,0.2628202320802052,0.39257449832422997
NVDA,lightgbm,2,2021-09-01,0,-1,0.4938596264686033,0.05653904345907383,0.4496013300723229,0.04425829639628043
NVDA,lightgbm,2,2021-09-02,0,0,0.7930538395189456,0.019920073880991453,0.18702608660006306,0.6060277529188826
NVDA,lightgbm,2,2021-09-03,-1,0,0.7557904073698436,0.09534662715181264,0.14886296547834382,0.6069274418914998
NVDA,lightgbm,2,2021-09-07,0,0,0.8352834487484417,0.011284740551615635,0.15343181069994263,0.6818516380484991
NVDA,lightgbm,2,2021-09-08,0,0,0.8784737475230185,0.02315402079704986,0.09837223167993162,0.780101515843087
NVDA,lightgbm,2,2021-09-09,0,0,0.6655533122854963,0.04244263335545685,0.2920040543590468,0.3735492579264495
NVDA,lightgbm,2,2021-09-10,-1,0,0.6696243806716674,0.30245649359405874,0.30245649359405874,0.36716788707760867
NVDA,lightgbm,2,2021-09-13,-1,0,0.9242535335998215,0.018072498971234734,0.057673967428943713,0.8665795661708778
NVDA,lightgbm,2,2021-09-14,-1,1,0.7805610061744414,0.7805610061744414,0.12548600964979453,0.6550749965246468
NVDA,lightgbm,2,2021-09-15,0,0,0.46430519169467366,0.2743731885851756,0.2743731885851756,0.18993200310949804
NVDA,lightgbm,2,2021-09-16,0,-1,0.7398978630658243,0.08472748823217963,0.1753746487019961,0.5645232143638281
NVDA,lightgbm,2,2021-09-17,0,0,0.8333406021188879,0.05215897873428085,0.1145004191468312,0.7188401829720568
NVDA,lightgbm,2,2021-09-20,1,-1,0.5759789077726987,0.4101182943832717,0.4101182943832717,0.16586061338942698
NVDA,lightgbm,2,2021-09-21,-1,1,0.972291787644049,0.972291787644049,0.023441275212389076,0.94885051243166
NVDA,lightgbm,2,2021-09-22,-1,-1,0.5507413931457176,0.3225246590242482,0.3225246590242482,0.22821673412146937
NVDA,lightgbm,2,2021-09-23,-1,1,0.6065537252029766,0.6065537252029766,0.34686803417588946,0.2596856910270871
NVDA,lightgbm,2,2021-09-24,-1,1,0.6902017442648128,0.6902017442648128,0.23538894601353091,0.45481279825128196
NVDA,lightgbm,2,2021-09-27,-1,0,0.8495067560113732,0.07903486672710441,0.07903486672710441,0.7704718892842688
NVDA,lightgbm,2,2021-09-28,0,1,0.9961566968832263,0.9961566968832263,0.0026036475954129145,0.9935530492878134
NVDA,lightgbm,2,2021-09-29,0,1,0.9477619979073344,0.9477619979073344,0.0391250406949747,0.9086369572123597
NVDA,lightgbm,2,2021-09-30,0,1,0.9348635879430519,0.9348635879430519,0.06038181482879982,0.8744817731142521
NVDA,lightgbm,2,2021-10-01,0,1,0.9953587639840847,0.9953587639840847,0.0038332400789868907,0.9915255239050978
NVDA,lightgbm,2,2021-10-04,1,1,0.9761203023020805,0.9761203023020805,0.015201389363365687,0.9609189129387148
NVDA,lightgbm,2,2021-10-05,0,1,0.9796287221111007,0.9796287221111007,0.01868056040213234,0.9609481617089684
NVDA,lightgbm,2,2021-10-06,0,1,0.9815498598716407,0.9815498598716407,0.016552412150945637,0.9649974477206951
NVDA,lightgbm,2,2021-10-07,1,1,0.7217278199708389,0.7217278199708389,0.2743392974346208,0.4473885225362181
NVDA,lightgbm,2,2021-10-08,1,1,0.9118584517164526,0.9118584517164526,0.08360887589414644,0.8282495758223062
NVDA,lightgbm,2,2021-10-11,1,1,0.9682361957803274,0.9682361957803274,0.0286702111304147,0.9395659846499127
NVDA,lightgbm,2,2021-10-12,1,1,0.86572606025255,0.86572606025255,0.13377703539483474,0.7319490248577152
NVDA,lightgbm,2,2021-10-13,1,1,0.693588453103749,0.693588453103749,0.30088502370810666,0.3927034293956423
NVDA,lightgbm,2,2021-10-14,1,1,0.942657849169668,0.942657849169668,0.029287497678339682,0.9133703514913283
NVDA,lightgbm,2,2021-10-15,1,0,0.5718986662411822,0.3722697026802219,0.3722697026802219,0.19962896356096033
NVDA,lightgbm,2,2021-10-18,1,1,0.5108389948458064,0.5108389948458064,0.3595567340314447,0.1512822608143617
NVDA,lightgbm,2,2021-10-19,1,0,0.9587935926222922,0.027805726024730373,0.027805726024730373,0.9309878665975618
NVDA,lightgbm,2,2021-10-20,1,0,0.9800467089184212,0.0027768503056647873,0.017176440775914185,0.962870268142507
NVDA,lightgbm,2,2021-10-21,1,0,0.6487124465826202,0.05329506072901219,0.29799249268836764,0.35071995389425253
NVDA,lightgbm,2,2021-10-22,1,-1,0.6293477292248019,0.06874048231035682,0.3019117884648414,0.32743594075996046
NVDA,lightgbm,2,2021-10-25,1,0,0.8088536793835284,0.009546603403164862,0.18159971721330675,0.6272539621702216
NVDA,lightgbm,2,2021-10-26,1,-1,0.9820604409401079,0.005815179829350019,0.012124379230542041,0.9699360617095659
NVDA,lightgbm,2,2021-10-27,1,0,0.6335594939781394,0.007414155417159854,0.3590263506047007,0.2745331433734387
NVDA,lightgbm,2,2021-10-28,1,-1,0.9701809106226207,0.018931377191098105,0.018931377191098105,0.9512495334315226
NVDA,lightgbm,2,2021-10-29,1,-1,0.9920834710907329,0.0007621737475721882,0.00715435516169506,0.9849291159290379
NVDA,lightgbm,2,2021-11-01,1,-1,0.9900291385425573,0.0009812675213109493,0.008989593936131914,0.9810395446064253
NVDA,lightgbm,2,2021-11-02,1,-1,0.9948064124736844,0.002880361542978175,0.002880361542978175,0.9919260509307062
NVDA,lightgbm,2,2021-11-03,1,-1,0.9965241642796673,0.0011730071225546255,0.002302828597778051,0.9942213356818892
NVDA,lightgbm,2,2021-11-04,0,-1,0.9354829528395462,0.036575040459754043,0.036575040459754043,0.8989079123797922
NVDA,lightgbm,2,2021-11-05,1,-1,0.9180167400468474,0.018187948143961317,0.06379531180919122,0.8542214282376562
NVDA,lightgbm,2,2021-11-08,-1,-1,0.9978863129988266,0.0011586006770080586,0.0011586006770080586,0.9967277123218186
NVDA,lightgbm,2,2021-11-09,0,-1,0.9431173511148289,0.024854152939808118,0.03202849594536303,0.9110888551694658
NVDA,lightgbm,2,2021-11-10,0,-1,0.9377251286612522,0.04290725814844684,0.04290725814844684,0.8948178705128054
NVDA,lightgbm,2,2021-11-11,1,-1,0.9922557512025664,0.0031286064359297623,0.004615642361504013,0.9876401088410623
NVDA,lightgbm,2,2021-11-12,1,-1,0.9581713569019751,0.034755189195975415,0.034755189195975415,0.9234161677059997
NVDA,lightgbm,2,2021-11-15,1,-1,0.44150601152291163,0.27298677228778434,0.2855072161893041,0.15599879533360755
NVDA,lightgbm,2,2021-11-16,1,-1,0.5833809735840751,0.37140063466093587,0.37140063466093587,0.21198033892313928
NVDA,lightgbm,2,2021-11-17,1,0,0.7996409707388631,0.07033050423090166,0.1300285250302353,0.6696124457086278
NVDA,lightgbm,2,2021-11-18,0,-1,0.9837460361063528,0.011809852719566673,0.011809852719566673,0.9719361833867861
NVDA,lightgbm,2,2021-11-19,0,-1,0.98797796242409,0.006180483292140723,0.006180483292140723,0.9817974791319493
NVDA,lightgbm,2,2021-11-22,1,0,0.9050232189794782,0.08317765587922697,0.08317765587922697,0.8218455631002513
NVDA,lightgbm,2,2021-11-23,0,0,0.6668199511505528,0.1542188649430825,0.17896118390636462,0.4878587672441882
NVDA,lightgbm,2,2021-11-24,0,-1,0.8357253239861382,0.05008592461842869,0.11418875139543315,0.721536572590705
NVDA,lightgbm,2,2021-11-26,-1,1,0.37768177215826376,0.37768177215826376,0.3315818231478466,0.04609994901041714
NVDA,lightgbm,2,2021-11-29,-1,0,0.6651366414610234,0.1070738724001851,0.22778948613879152,0.43734715532223184
NVDA,lightgbm,2,2021-11-30,0,1,0.5080887971921015,0.5080887971921015,0.42829152035353507,0.07979727683856647
NVDA,lightgbm,2,2021-12-01,0,0,0.658133246164366,0.22378775762649822,0.22378775762649822,0.43434548853786775
NVDA,lightgbm,2,2021-12-02,-1,0,0.5007885700171522,0.28318841101683745,0.28318841101683745,0.2176001590003147
NVDA,lightgbm,2,2021-12-03,0,1,0.4263205947354584,0.4263205947354584,0.3401494649848663,0.0861711297505921
NVDA,lightgbm,2,2021-12-06,-1,0,0.645561564714688,0.10797647257594453,0.24646196270936763,0.39909960200532035
NVDA,lightgbm,2,2021-12-07,-1,1,0.5738531237730964,0.5738531237730964,0.27276738662941075,0.30108573714368564
NVDA,lightgbm,2,2021-12-08,-1,-1,0.4627244546606782,0.3406131363634948,0.3406131363634948,0.12211131829718341
NVDA,lightgbm,2,2021-12-09,-1,-1,0.535420866091882,0.16790225684596197,0.2966768770621561,0.23874398902972588
NVDA,lightgbm,2,2021-12-10,-1,0,0.6085513997226544,0.3511333416006825,0.3511333416006825,0.2574180581219719
NVDA,lightgbm,2,2021-12-13,0,1,0.7337704278971032,0.7337704278971032,0.172149325246971,0.5616211026501322
NVDA,lightgbm,2,2021-12-14,1,1,0.6560399735504956,0.6560399735504956,0.22335886473012517,0.4326811088203704
NVDA,lightgbm,2,2021-12-15,-1,0,0.7655968522237871,0.23115448465263166,0.23115448465263166,0.5344423675711555
NVDA,lightgbm,2,2021-12-16,1,-1,0.5432859767027693,0.25005469328994273,0.25005469328994273,0.2932312834128266
NVDA,lightgbm,2,2021-12-17,1,-1,0.615164562884823,0.36005261167360747,0.36005261167360747,0.25511195121121555
NVDA,lightgbm,2,2021-12-20,1,-1,0.8224615522205713,0.1434615887575697,0.1434615887575697,0.6789999634630015
NVDA,lightgbm,2,2021-12-21,1,0,0.4473743226944988,0.11967609969785781,0.43294957760764335,0.014424745086855428
NVDA,lightgbm,2,2021-12-22,0,0,0.803443989783576,0.06498503286502522,0.13157097735139867,0.6718730124321773
NVDA,lightgbm,2,2021-12-23,0,0,0.8524935858458632,0.0179287701205306,0.12957764403360622,0.722915941812257
NVDA,lightgbm,2,2021-12-27,-1,0,0.7373949628253409,0.039115715349104664,0.22348932182555445,0.5139056409997864
NVDA,lightgbm,2,2021-12-28,-1,0,0.682807797058851,0.00925578257766914,0.3079364203634798,0.3748713766953712
NVDA,lightgbm,2,2021-12-29,-1,0,0.6251948013291349,0.00038618194105557004,0.37441901672980954,0.2507757845993253
NVDA,lightgbm,2,2021-12-30,-1,0,0.7110588446312226,0.23020644095017548,0.23020644095017548,0.4808524036810471
NVDA,lightgbm,2,2021-12-31,-1,0,0.9816555306820017,0.008829757832824777,0.009514711485173598,0.9721408191968282
NVDA,lightgbm,2,2022-01-03,-1,0,0.7696662179595566,0.15841885499604572,0.15841885499604572,0.6112473629635109
NVDA,lightgbm,2,2022-01-04,-1,1,0.6040430583199009,0.6040430583199009,0.39427091359265476,0.20977214472724615
NVDA,lightgbm,2,2022-01-05,0,-1,0.8341949185332026,0.10523637554297785,0.10523637554297785,0.7289585429902248
NVDA,lightgbm,2,2022-01-06,-1,1,0.9957242805044796,0.9957242805044796,0.0034608142355405007,0.9922634662689391
NVDA,lightgbm,2,2022-01-07,0,1,0.9853480199055885,0.9853480199055885,0.014274424288821159,0.9710735956167673
NVDA,lightgbm,2,2022-01-10,-1,1,0.9524112912988904,0.9524112912988904,0.044809575829775856,0.9076017154691145
NVDA,lightgbm,2,2022-01-11,-1,1,0.9954983779563972,0.9954983779563972,0.004099292694085289,0.9913990852623119
NVDA,lightgbm,2,2022-01-12,-1,1,0.9968278686841435,0.9968278686841435,0.0030729586465118746,0.9937549100376316
NVDA,lightgbm,2,2022-01-13,-1,1,0.9956993022692135,0.9956993022692135,0.003091649354088627,0.9926076529151249
NVDA,lightgbm,2,2022-01-14,-1,1,0.9993674108828348,0.9993674108828348,0.0003241470877988782,0.9990432637950358
NVDA,lightgbm,2,2022-01-18,-1,1,0.9874514704604331,0.9874514704604331,0.010382144957791748,0.9770693255026414
NVDA,lightgbm,2,2022-01-19,-1,1,0.8035232574211449,0.8035232574211449,0.12336504516835252,0.6801582122527924
NVDA,lightgbm,2,2022-01-20,-1,1,0.9989423853891322,0.9989423853891322,0.0008923233410925547,0.9980500620480396
NVDA,lightgbm,2,2022-01-21,-1,1,0.9908000503065986,0.9908000503065986,0.006212401049716869,0.9845876492568817
NVDA,lightgbm,2,2022-01-24,1,1,0.990144344628731,0.990144344628731,0.005100648459394128,0.9850436961693368
NVDA,lightgbm,2,2022-01-25,1,1,0.9973376831929399,0.9973376831929399,0.0018869118714794906,0.9954507713214604
NVDA,lightgbm,2,2022-01-26,1,1,0.9995626513629376,0.9995626513629376,0.0003232171414342309,0.9992394342215034
NVDA,lightgbm,2,2022-01-27,1,1,0.9992631709184113,0.9992631709184113,0.0005413385864929812,0.9987218323319184
NVDA,lightgbm,2,2022-01-28,1,-1,0.49170210095644523,0.3386877730579242,0.3386877730579242,0.15301432789852104
NVDA,lightgbm,2,2022-01-31,0,1,0.9988561252907308,0.9988561252907308,0.0008691771931071501,0.9979869480976236
NVDA,lightgbm,2,2022-02-01,0,-1,0.9232675988762656,0.007577634313955233,0.0691547668097791,0.8541128320664866
NVDA,lightgbm,2,2022-02-02,1,1,0.618054363854017,0.618054363854017,0.20129178304004317,0.4167625808139739
NVDA,lightgbm,2,2022-02-03,1,1,0.9947102552665391,0.9947102552665391,0.0038315659079994867,0.9908786893585396
NVDA,lightgbm,2,2022-02-04,0,1,0.9751672326168208,0.9751672326168208,0.015132675310890612,0.9600345573059302
NVDA,lightgbm,2,2022-02-07,0,1,0.9614104222531382,0.9614104222531382,0.038503320558450606,0.9229071016946876
NVDA,lightgbm,2,2022-02-08,1,1,0.9666316489362274,0.9666316489362274,0.033221347616054865,0.9334103013201726
NVDA,lightgbm,2,2022-02-09,0,1,0.8429218990458235,0.8429218990458235,0.14700048499741472,0.6959214140484088
NVDA,lightgbm,2,2022-02-10,-1,0,0.5089024232115635,0.48642583453632793,0.48642583453632793,0.02247658867523561
NVDA,lightgbm,2,2022-02-11,0,1,0.7248999317663513,0.7248999317663513,0.2742626819872882,0.45063724977906305
NVDA,lightgbm,2,2022-02-14,-1,1,0.9879631367591364,0.9879631367591364,0.011876654822015968,0.9760864819371204
NVDA,lightgbm,2,2022-02-15,-1,1,0.8553042996524398,0.8553042996524398,0.14392200183799853,0.7113822978144413
NVDA,lightgbm,2,2022-02-16,-1,1,0.7566608946239259,0.7566608946239259,0.2369185275342572,0.5197423670896687
NVDA,lightgbm,2,2022-02-17,0,1,0.8282265781897319,0.8282265781897319,0.15243155199439118,0.6757950261953407
NVDA,lightgbm,2,2022-02-18,1,1,0.9978062095119101,0.9978062095119101,0.0019641953916902442,0.9958420141202199
NVDA,lightgbm,2,2022-02-22,0,1,0.9994549826377382,0.9994549826377382,0.00035298140318174747,0.9991020012345565
NVDA,lightgbm,2,2022-02-23,1,1,0.9059509613888796,0.9059509613888796,0.08459750481536252,0.8213534565735171
NVDA,lightgbm,2,2022-02-24,0,1,0.9265470922423176,0.9265470922423176,0.06400963428074695,0.8625374579615707
NVDA,lightgbm,2,2022-02-25,-1,1,0.986806049346459,0.986806049346459,0.01235708588190871,0.9744489634645502
NVDA,lightgbm,2,2022-02-28,-1,1,0.9591831133122771,0.9591831133122771,0.04014316862485825,0.9190399446874189
NVDA,lightgbm,2,2022-03-01,-1,1,0.990360283856889,0.990360283856889,0.00672359117265506,0.9836366926842339
NVDA,lightgbm,2,2022-03-02,-1,1,0.782792630419475,0.782792630419475,0.19749323225116194,0.585299398168313
NVDA,lightgbm,2,2022-03-03,-1,1,0.9470006059848199,0.9470006059848199,0.045040006930095175,0.9019605990547248
NVDA,lightgbm,2,2022-03-04,-1,1,0.9949943602335058,0.9949943602335058,0.00400530630669415,0.9909890539268117
NVDA,lightgbm,2,2022-03-07,0,0,0.836021568292273,0.15973176614593157,0.15973176614593157,0.6762898021463415
NVDA,lightgbm,2,2022-03-08,1,1,0.8719752674785454,0.8719752674785454,0.10644202506226713,0.7655332424162782
NVDA,lightgbm,2,2022-03-09,1,1,0.9635160840537343,0.9635160840537343,0.03345418554581694,0.9300618985079174
NVDA,lightgbm,2,2022-03-10,1,1,0.994349422197851,0.994349422197851,0.0034335856057058785,0.9909158365921452
NVDA,lightgbm,2,2022-03-11,1,1,0.9779711623653125,0.9779711623653125,0.019106702677748864,0.9588644596875636
NVDA,lightgbm,2,2022-03-14,1,1,0.9930302982637284,0.9930302982637284,0.004567177529703501,0.9884631207340249
NVDA,lightgbm,2,2022-03-15,1,1,0.890948629287212,0.890948629287212,0.10873901018361709,0.7822096191035949
NVDA,lightgbm,2,2022-03-16,1,-1,0.47930160299305624,0.16676348414750908,0.3539349128594347,0.12536669013362156
NVDA,lightgbm,2,2022-03-17,1,0,0.6381681917683116,0.059824129867567966,0.3020076783641204,0.33616051340419123
NVDA,lightgbm,2,2022-03-18,1,1,0.5440080851832665,0.5440080851832665,0.439873713889529,0.10413437129373748
NVDA,lightgbm,2,2022-03-21,1,-1,0.8016813647681658,0.000638772174531483,0.19767986305730276,0.604001501710863
NVDA,lightgbm,2,2022-03-22,1,0,0.8472672274971573,0.006115327769513613,0.1466174447333289,0.7006497827638284
NVDA,lightgbm,2,2022-03-23,1,0,0.780742299847781,0.1688144300535823,0.1688144300535823,0.6119278697941987
NVDA,lightgbm,2,2022-03-24,-1,0,0.9389243455504303,0.030721295355980525,0.030721295355980525,0.9082030501944497
NVDA,lightgbm,2,2022-03-25,-1,0,0.6933568545271775,0.02611902153377197,0.2805241239390505,0.41283273058812703
NVDA,lightgbm,2,2022-03-28,-1,-1,0.706861257780508,0.0024611032830936393,0.29067763893639836,0.41618361884410965
NVDA,lightgbm,2,2022-03-29,-1,-1,0.7668013042890737,0.020353423382784924,0.21284527232814132,0.5539560319609323
NVDA,lightgbm,2,2022-03-30,-1,0,0.8073973045960969,0.01807929179077625,0.17452340361312674,0.6328739009829702
NVDA,lightgbm,2,2022-03-31,-1,0,0.8768679122831154,0.10621836601934531,0.10621836601934531,0.7706495462637701
NVDA,lightgbm,2,2022-04-01,-1,1,0.7630554151903137,0.7630554151903137,0.1912392844074846,0.5718161307828291
NVDA,lightgbm,2,2022-04-04,-1,0,0.7931808963461476,0.13597322211499063,0.13597322211499063,0.657207674231157
NVDA,lightgbm,2,2022-04-05,-1,-1,0.7496410921007517,0.14310505891159522,0.14310505891159522,0.6065360331891565
NVDA,lightgbm,2,2022-04-06,-1,1,0.7263781177597862,0.7263781177597862,0.19521067241992313,0.5311674453398632
NVDA,lightgbm,2,2022-04-07,-1,-1,0.7090696594087499,0.28132433864077944,0.28132433864077944,0.42774532076797045
NVDA,lightgbm,2,2022-04-08,-1,1,0.7724294653864526,0.7724294653864526,0.1306977664631831,0.6417316989232695
NVDA,lightgbm,2,2022-04-11,0,1,0.9908016873611819,0.9908016873611819,0.007603907513705169,0.9831977798474767
NVDA,lightgbm,2,2022-04-12,0,1,0.9992371395923764,0.9992371395923764,0.0006107688224903039,0.998626370769886
NVDA,lightgbm,2,2022-04-13,-1,1,0.9905646953906097,0.9905646953906097,0.009172017833225861,0.9813926775573838
NVDA,lightgbm,2,2022-04-14,-1,1,0.9979990112839573,0.9979990112839573,0.0017393926672904655,0.9962596186166668
NVDA,lightgbm,2,2022-04-18,-1,1,0.9948722274960786,0.9948722274960786,0.004724476831630551,0.990147750664448
NVDA,lightgbm,2,2022-04-19,-1,-1,0.6947921775514646,0.222985072122974,0.222985072122974,0.4718071054284906
NVDA,lightgbm,2,2022-04-20,-1,1,0.99918237493818,0.99918237493818,0.00041303366128304204,0.9987693412768969
NVDA,lightgbm,2,2022-04-21,0,1,0.994147997058261,0.994147997058261,0.004304156829970641,0.9898438402282903
NVDA,lightgbm,2,2022-04-22,-1,1,0.9993077261747549,0.9993077261747549,0.0005216528383864308,0.9987860733363685
NVDA,lightgbm,2,2022-04-25,0,1,0.9893136347828518,0.9893136347828518,0.01022002661671161,0.9790936081661402
NVDA,lightgbm,2,2022-04-26,1,1,0.9992662214885671,0.9992662214885671,0.0005019853386699661,0.9987642361498972
NVDA,lightgbm,2,2022-04-27,1,1,0.9960020415495415,0.9960020415495415,0.002752016962855691,0.9932500245866859
NVDA,lightgbm,2,2022-04-28,-1,1,0.6502117367497451,0.6502117367497451,0.17536419370554307,0.474847543044202
NVDA,lightgbm,2,2022-04-29,0,1,0.9992724250273736,0.9992724250273736,0.0005185971135466256,0.9987538279138269
NVDA,lightgbm,2,2022-05-02,-1,1,0.7440432579133115,0.7440432579133115,0.1500246415953193,0.5940186163179921
NVDA,lightgbm,2,2022-05-03,-1,0,0.474829674942361,0.18400600716028698,0.3411643178973521,0.13366535704500893
NVDA,lightgbm,2,2022-05-04,-1,0,0.49204999914861663,0.10420729300378408,0.4037427078475993,0.08830729130101733
NVDA,lightgbm,2,2022-05-05,-1,-1,0.8246863988522778,0.07234504514911815,0.10296855599860408,0.7217178428536737
NVDA,lightgbm,2,2022-05-06,-1,0,0.6199725913524943,0.25600746337606217,0.25600746337606217,0.3639651279764321
NVDA,lightgbm,2,2022-05-09,0,1,0.994360913414563,0.994360913414563,0.004976777815430445,0.9893841355991325
NVDA,lightgbm,2,2022-05-10,1,1,0.8992676876167978,0.8992676876167978,0.09448040743630556,0.8047872801804922
NVDA,lightgbm,2,2022-05-11,0,1,0.9993579253255487,0.9993579253255487,0.0003218121889453504,0.9990361131366033
NVDA,lightgbm,2,2022-05-12,1,1,0.9983045121750947,0.9983045121750947,0.0015377223114030718,0.9967667898636917
NVDA,lightgbm,2,2022-05-13,-1,1,0.9973423357767225,0.9973423357767225,0.0014871293263507275,0.9958552064503717
NVDA,lightgbm,2,2022-05-16,-1,1,0.9909543974992951,0.9909543974992951,0.008608133885469965,0.9823462636138252
NVDA,lightgbm,2,2022-05-17,-1,1,0.9836518833100382,0.9836518833100382,0.014861776946706436,0.9687901063633317
NVDA,lightgbm,2,2022-05-18,0,1,0.9769912702420818,0.9769912702420818,0.02048989516109066,0.9565013750809911
NVDA,lightgbm,2,2022-05-19,1,1,0.9741579867736141,0.9741579867736141,0.022538962684721383,0.9516190240888928
NVDA,lightgbm,2,2022-05-20,1,1,0.9673494627854825,0.9673494627854825,0.022798307456221165,0.9445511553292614
NVDA,lightgbm,2,2022-05-23,1,1,0.9977574724446041,0.9977574724446041,0.0011971921963329505,0.9965602802482711
NVDA,lightgbm,2,2022-05-24,1,1,0.9622318736325466,0.9622318736325466,0.021753896151904848,0.9404779774806418
NVDA,lightgbm,2,2022-05-25,1,1,0.998565216044968,0.998565216044968,0.00091882537193737,0.9976463906730306
NVDA,lightgbm,2,2022-05-26,1,1,0.9604525248081482,0.9604525248081482,0.03134853278348963,0.9291039920246587
NVDA,lightgbm,2,2022-05-27,0,1,0.5603743990050454,0.5603743990050454,0.2471085378738892,0.3132658611311562
NVDA,lightgbm,2,2022-05-31,0,0,0.8247405723689611,0.15805074068379207,0.15805074068379207,0.666689831685169
NVDA,lightgbm,2,2022-06-01,0,0,0.5177707717185548,0.4613607078190366,0.4613607078190366,0.05641006389951819
NVDA,lightgbm,2,2022-06-02,-1,1,0.6407009856216892,0.6407009856216892,0.35828236848506684,0.28241861713662236
NVDA,lightgbm,2,2022-06-03,-1,1,0.980779270402166,0.980779270402166,0.01824349997396724,0.9625357704281987
NVDA,lightgbm,2,2022-06-06,-1,1,0.9529198604000008,0.9529198604000008,0.046848441305108936,0.9060714190948919
NVDA,lightgbm,2,2022-06-07,-1,1,0.9621464897373048,0.9621464897373048,0.03754399883646846,0.9246024909008363
NVDA,lightgbm,2,2022-06-08,-1,1,0.9481129791542188,0.9481129791542188,0.05097314710148098,0.8971398320527378
NVDA,lightgbm,2,2022-06-09,-1,1,0.9874719188460298,0.9874719188460298,0.010864327229791002,0.9766075916162388
NVDA,lightgbm,2,2022-06-10,-1,1,0.9980915588346392,0.9980915588346392,0.001109895091734826,0.9969816637429043
NVDA,lightgbm,2,2022-06-13,1,0,0.80582311550456,0.08091338874409441,0.11326349575134566,0.6925596197532143
NVDA,lightgbm,2,2022-06-14,1,1,0.7573348964074273,0.7573348964074273,0.12216329727529775,0.6351715991321296
NVDA,lightgbm,2,2022-06-15,0,1,0.6248776260570589,0.6248776260570589,0.36248602283859394,0.26239160321846494
NVDA,lightgbm,2,2022-06-16,1,1,0.6841774919494779,0.6841774919494779,0.268541164488985,0.41563632746049284
NVDA,lightgbm,2,2022-06-17,1,1,0.7721894910531173,0.7721894910531173,0.22011280003307743,0.5520766910200399
NVDA,lightgbm,2,2022-06-21,-1,1,0.4965943602093261,0.4965943602093261,0.2961241030940255,0.20047025711530064
NVDA,lightgbm,2,2022-06-22,-1,1,0.7253182305130872,0.7253182305130872,0.26897317423788136,0.45634505627520583
NVDA,lightgbm,2,2022-06-23,-1,1,0.9397942122456308,0.9397942122456308,0.038281177198088656,0.9015130350475421
NVDA,lightgbm,2,2022-06-24,-1,0,0.6148108240028567,0.37193571137838155,0.37193571137838155,0.24287511262447514
NVDA,lightgbm,2,2022-06-27,-1,0,0.5917176055269169,0.4073890277951507,0.4073890277951507,0.1843285777317662
NVDA,lightgbm,2,2022-06-28,-1,1,0.9940042767913645,0.9940042767913645,0.005224022229952027,0.9887802545614125
NVDA,lightgbm,2,2022-06-29,1,1,0.9919461674706764,0.9919461674706764,0.007827787722730791,0.9841183797479457
NVDA,lightgbm,2,2022-06-30,1,1,0.9334862887835178,0.9334862887835178,0.03929442623071589,0.8941918625528019
NVDA,lightgbm,2,2022-07-01,1,1,0.45457324454203135,0.45457324454203135,0.3474585874245673,0.10711465711746404
NVDA,lightgbm,2,2022-07-05,0,-1,0.9401706591923424,0.032078427756359607,0.032078427756359607,0.9080922314359828
NVDA,lightgbm,2,2022-07-06,0,-1,0.7483575382522071,0.237340942710063,0.237340942710063,0.5110165955421441
NVDA,lightgbm,2,2022-07-07,-1,1,0.9608674102660584,0.9608674102660584,0.021248741067217483,0.9396186691988409
NVDA,lightgbm,2,2022-07-08,0,1,0.976716871119172,0.976716871119172,0.022503289238169657,0.9542135818810024
NVDA,lightgbm,2,2022-07-11,1,1,0.9975066700422007,0.9975066700422007,0.001500309556987994,0.9960063604852127
NVDA,lightgbm,2,2022-07-12,1,1,0.9971351769802151,0.9971351769802151,0.0020503348870591054,0.9950848420931561
NVDA,lightgbm,2,2022-07-13,1,1,0.9985360795241359,0.9985360795241359,0.0012243924423483413,0.9973116870817876
NVDA,lightgbm,2,2022-07-14,1,1,0.9998442117391416,0.9998442117391416,9.815736119946446e-05,0.9997460543779422
NVDA,lightgbm,2,2022-07-15,1,0,0.7225392666178584,0.27643300055392545,0.27643300055392545,0.44610626606393294
NVDA,lightgbm,2,2022-07-18,1,1,0.870519366962426,0.870519366962426,0.07150229209921939,0.7990170748632066
NVDA,lightgbm,2,2022-07-19,-1,-1,0.4704619781993652,0.34941866213908235,0.34941866213908235,0.12104331606028285
NVDA,lightgbm,2,2022-07-20,0,-1,0.46721749318322603,0.317189169616457,0.317189169616457,0.15002832356676904
NVDA,lightgbm,2,2022-07-21,0,-1,0.826809017595031,0.01722163863853068,0.15596934376643823,0.6708396738285928
NVDA,lightgbm,2,2022-07-22,1,1,0.5499099502910242,0.5499099502910242,0.2593727223146184,0.2905372279764058
NVDA,lightgbm,2,2022-07-25,1,0,0.642898305757361,0.28932371112303357,0.28932371112303357,0.3535745946343274
NVDA,lightgbm,2,2022-07-26,1,1,0.8824824949064142,0.8824824949064142,0.10460707403671328,0.7778754208697009
NVDA,lightgbm,2,2022-07-27,1,1,0.4487100382344411,0.4487100382344411,0.32944028053113156,0.11926975770330955
NVDA,lightgbm,2,2022-07-28,1,0,0.8039424196392679,0.09923510093914865,0.09923510093914865,0.7047073187001193
NVDA,lightgbm,2,2022-07-29,1,-1,0.46768585396683526,0.31632822587943216,0.31632822587943216,0.1513576280874031
NVDA,lightgbm,2,2022-08-01,-1,0,0.9202325138308667,0.009791740853242083,0.06997574531589126,0.8502567685149754
NVDA,lightgbm,2,2022-08-02,-1,-1,0.5455337849674501,0.30868228713073004,0.30868228713073004,0.23685149783672005
NVDA,lightgbm,2,2022-08-03,-1,1,0.578658679699779,0.578658679699779,0.3557821985671495,0.22287648113262953
NVDA,lightgbm,2,2022-08-04,-1,1,0.6419229840206931,0.6419229840206931,0.3170705140095633,0.3248524700111298
NVDA,lightgbm,2,2022-08-05,0,-1,0.5427915882860291,0.1419297725398568,0.3152786391741141,0.22751294911191505
NVDA,lightgbm,2,2022-08-08,1,0,0.7790428723242394,0.08521614176776234,0.13574098590799832,0.6433018864162411
NVDA,lightgbm,2,2022-08-09,1,1,0.7817260921777728,0.7817260921777728,0.15211757711378127,0.6296085150639915
NVDA,lightgbm,2,2022-08-10,0,0,0.8285392268907364,0.1102796060771454,0.1102796060771454,0.7182596208135911
NVDA,lightgbm,2,2022-08-11,1,0,0.8577510465057163,0.057695313628701075,0.0845536398655826,0.7731974066401337
NVDA,lightgbm,2,2022-08-12,-1,0,0.7337105168838662,0.2271569817967857,0.2271569817967857,0.5065535350870806
NVDA,lightgbm,2,2022-08-15,-1,0,0.9153986681852418,0.060492747503051704,0.060492747503051704,0.8549059206821902
NVDA,lightgbm,2,2022-08-16,-1,0,0.9480126673877731,0.029204014776229904,0.029204014776229904,0.9188086526115432
NVDA,lightgbm,2,2022-08-17,-1,0,0.7752774647399346,0.07473493978600541,0.14998759547405996,0.6252898692658747
NVDA,lightgbm,2,2022-08-18,-1,0,0.8870034720491404,0.02788203682164103,0.08511449112921846,0.801888980919922
NVDA,lightgbm,2,2022-08-19,-1,1,0.7197842270291127,0.7197842270291127,0.24483943130330982,0.4749447957258029
NVDA,lightgbm,2,2022-08-22,-1,1,0.838857103680963,0.838857103680963,0.08075903714584551,0.7580980665351175
NVDA,lightgbm,2,2022-08-23,-1,-1,0.49109826760644604,0.21976199253404924,0.28913973985950475,0.20195852774694129
NVDA,lightgbm,2,2022-08-24,-1,1,0.9338296163082493,0.9338296163082493,0.05998559586997092,0.8738440204382785
NVDA,lightgbm,2,2022-08-25,-1,0,0.6388055734543677,0.22488979549978333,0.22488979549978333,0.4139157779545844
NVDA,lightgbm,2,2022-08-26,-1,1,0.6525515281198969,0.6525515281198969,0.18253299826447364,0.47001852985542325
NVDA,lightgbm,2,2022-08-29,-1,1,0.7372569107186485,0.7372569107186485,0.2550949758325341,0.4821619348861144
NVDA,lightgbm,2,2022-08-30,-1,-1,0.5437808086227774,0.252596372657546,0.252596372657546,0.29118443596523147
NVDA,lightgbm,2,2022-08-31,-1,1,0.9832646523566922,0.9832646523566922,0.010993624410594415,0.9722710279460979
NVDA,lightgbm,2,2022-09-01,1,1,0.8225712881614945,0.8225712881614945,0.13014922295823086,0.6924220652032637
NVDA,lightgbm,2,2022-09-02,1,1,0.9989944367247815,0.9989944367247815,0.0005307491930658904,0.9984636875317157
NVDA,lightgbm,2,2022-09-06,-1,1,0.9970055338584294,0.9970055338584294,0.002351782387342363,0.994653751471087
NVDA,lightgbm,2,2022-09-07,-1,1,0.9946176114867634,0.9946176114867634,0.0028005672329134462,0.99181704425385
NVDA,lightgbm,2,2022-09-08,-1,1,0.9911532669719936,0.9911532669719936,0.008251641459378829,0.9829016255126147
NVDA,lightgbm,2,2022-09-09,-1,-1,0.85299361049176,0.0404248527102198,0.1065815367980201,0.74641207369374
NVDA,lightgbm,2,2022-09-12,-1,0,0.8356611514356734,0.048398610829643154,0.11594023773468344,0.71972091370099
NVDA,lightgbm,2,2022-09-13,0,1,0.9304510922116773,0.9304510922116773,0.06876524951844358,0.8616858426932338
NVDA,lightgbm,2,2022-09-14,0,1,0.9969683639245003,0.9969683639245003,0.0025869762749790052,0.9943813876495212
NVDA,lightgbm,2,2022-09-15,-1,1,0.995506027677258,0.995506027677258,0.004147975813647249,0.9913580518636108
NVDA,lightgbm,2,2022-09-16,-1,-1,0.9186959330347677,0.025410530616806575,0.05589353634842563,0.8628023966863421
NVDA,lightgbm,2,2022-09-19,-1,-1,0.7733377750792925,0.13452481065628838,0.13452481065628838,0.6388129644230041
NVDA,lightgbm,2,2022-09-20,-1,0,0.5765377483580518,0.07476833278342193,0.34869391885852624,0.22784382949952559
NVDA,lightgbm,2,2022-09-21,-1,-1,0.41215316669074054,0.25083791437075914,0.3370089189385003,0.07514424775224021
NVDA,lightgbm,2,2022-09-22,-1,-1,0.7692725754628493,0.14179767598097376,0.14179767598097376,0.6274748994818755
NVDA,lightgbm,2,2022-09-23,-1,-1,0.820446441433797,0.052489719954775395,0.12706383861142767,0.6933826028223693
NVDA,lightgbm,2,2022-09-26,1,-1,0.8981697064251661,0.022274692789779164,0.07955560078505468,0.8186141056401115
NVDA,lightgbm,2,2022-09-27,1,1,0.953056589948064,0.953056589948064,0.044400220210949734,0.9086563697371143
NVDA,lightgbm,2,2022-09-28,1,1,0.9961663417952338,0.9961663417952338,0.0030520100501711424,0.9931143317450626
NVDA,lightgbm,2,2022-09-29,1,1,0.9966603492923025,0.9966603492923025,0.003225808657853487,0.993434540634449
NVDA,lightgbm,2,2022-09-30,0,1,0.9853484341215211,0.9853484341215211,0.012608534640672986,0.972739899480848
NVDA,lightgbm,2,2022-10-03,-1,1,0.9992196714695434,0.9992196714695434,0.000458678207926071,0.9987609932616173
NVDA,lightgbm,2,2022-10-04,-1,1,0.8269103622250321,0.8269103622250321,0.16461023988573054,0.6623001223393016
NVDA,lightgbm,2,2022-10-05,-1,1,0.9961920142662278,0.9961920142662278,0.002831271879209749,0.9933607423870181
NVDA,lightgbm,2,2022-10-06,-1,1,0.96006869858792,0.96006869858792,0.0391147218141887,0.9209539767737313
NVDA,lightgbm,2,2022-10-07,-1,1,0.993723604749849,0.993723604749849,0.0038086350416832435,0.9899149697081657
NVDA,lightgbm,2,2022-10-10,0,1,0.9690232151939179,0.9690232151939179,0.027464206792227427,0.9415590084016905
NVDA,lightgbm,2,2022-10-11,1,1,0.9698403697146682,0.9698403697146682,0.01944371827267694,0.9503966514419913
NVDA,lightgbm,2,2022-10-12,1,1,0.7133869859742539,0.7133869859742539,0.24623489885343372,0.4671520871208201
NVDA,lightgbm,2,2022-10-13,0,1,0.6616147218932817,0.6616147218932817,0.22359758728890625,0.4380171346043755
NVDA,lightgbm,2,2022-10-14,1,1,0.9776094393348156,0.9776094393348156,0.015110680786983629,0.962498758547832
NVDA,lightgbm,2,2022-10-17,1,1,0.9667235760037218,0.9667235760037218,0.021147929110496642,0.9455756468932252
NVDA,lightgbm,2,2022-10-18,1,1,0.9989036092180081,0.9989036092180081,0.0007542143810233527,0.9981493948369848
NVDA,lightgbm,2,2022-10-19,1,1,0.9983691491034663,0.9983691491034663,0.001262569863969037,0.9971065792394973
NVDA,lightgbm,2,2022-10-20,1,1,0.9954566188559111,0.9954566188559111,0.004132305890821907,0.9913243129650892
NVDA,lightgbm,2,2022-10-21,1,1,0.9875493800164415,0.9875493800164415,0.011893166371034438,0.9756562136454071
NVDA,lightgbm,2,2022-10-24,1,1,0.9231404597229997,0.9231404597229997,0.07662708461355294,0.8465133751094468
NVDA,lightgbm,2,2022-10-25,1,1,0.5123980986249093,0.5123980986249093,0.48569418389219626,0.026703914732712997
NVDA,lightgbm,2,2022-10-26,1,0,0.5010056652403532,0.4942711353742468,0.4942711353742468,0.006734529866106398
NVDA,lightgbm,2,2022-10-27,0,1,0.8251072420043895,0.8251072420043895,0.13634526715554984,0.6887619748488396
NVDA,lightgbm,2,2022-10-28,1,1,0.40214742112412427,0.40214742112412427,0.30510653624577877,0.0970408848783455
NVDA,lightgbm,2,2022-10-31,1,0,0.8889620490999959,0.0203523744848226,0.09068557641518159,0.7982764726848143
NVDA,lightgbm,2,2022-11-01,1,0,0.9446284491100165,0.026649185742950193,0.02872236514703339,0.9159060839629831
NVDA,lightgbm,2,2022-11-02,1,1,0.9841606299965082,0.9841606299965082,0.01518321317644756,0.9689774168200607
NVDA,lightgbm,3,2022-11-03,1,1,0.9389095967933141,0.9389095967933141,0.049722766253145464,0.8891868305401687
NVDA,lightgbm,3,2022-11-04,1,1,0.654762319277258,0.654762319277258,0.3110756423821492,0.34368667689510884
NVDA,lightgbm,3,2022-11-07,1,0,0.6596149485709225,0.31131309154566117,0.31131309154566117,0.34830185702526134
NVDA,lightgbm,3,2022-11-08,1,-1,0.48603800963936405,0.4164045361079971,0.4164045361079971,0.06963347353136695
NVDA,lightgbm,3,2022-11-09,1,1,0.8571931032935963,0.8571931032935963,0.10412672766088706,0.7530663756327093
NVDA,lightgbm,3,2022-11-10,0,0,0.6170792712359254,0.2797133826126075,0.2797133826126075,0.33736588862331796
NVDA,lightgbm,3,2022-11-11,-1,-1,0.680864993483978,0.22767154064915252,0.22767154064915252,0.4531934528348255
NVDA,lightgbm,3,2022-11-14,-1,-1,0.7945156961945896,0.18260239992670957,0.18260239992670957,0.61191329626788
NVDA,lightgbm,3,2022-11-15,-1,-1,0.9134317095422891,0.0245881287150766,0.06198016174263426,0.8514515477996549
NVDA,lightgbm,3,2022-11-16,1,0,0.9073968920162535,0.04785742032133659,0.04785742032133659,0.859539471694917
NVDA,lightgbm,3,2022-11-17,1,1,0.8411962986393016,0.8411962986393016,0.12157544257780614,0.7196208560614954
NVDA,lightgbm,3,2022-11-18,1,-1,0.555308546859789,0.25209147872390797,0.25209147872390797,0.30321706813588106
NVDA,lightgbm,3,2022-11-21,1,0,0.5994208163695016,0.08993327162291363,0.3106459120075846,0.288774904361917
NVDA,lightgbm,3,2022-11-22,1,-1,0.9571342859124908,0.010107762122838537,0.03275795196467074,0.9243763339478202
NVDA,lightgbm,3,2022-11-23,1,-1,0.5790934639103058,0.3550765837332352,0.3550765837332352,0.2240168801770706
NVDA,lightgbm,3,2022-11-25,1,-1,0.46766253084683523,0.3261602233317528,0.3261602233317528,0.14150230751508242
NVDA,lightgbm,3,2022-11-28,1,-1,0.5752552730385802,0.15987349297706216,0.26487123398435775,0.3103840390542224
NVDA,lightgbm,3,2022-11-29,1,1,0.47864946548985027,0.47864946548985027,0.37780299703264236,0.1008464684572079
NVDA,lightgbm,3,2022-11-30,-1,0,0.5766249934673305,0.02067771487170041,0.402697291660969,0.17392770180636152
NVDA,lightgbm,3,2022-12-01,0,-1,0.4250397246710904,0.19499056236061757,0.37996971296829185,0.04507001170279856
NVDA,lightgbm,3,2022-12-02,0,-1,0.5691012715909506,0.28802844074307443,0.28802844074307443,0.28107283084787615
NVDA,lightgbm,3,2022-12-05,1,-1,0.5447069531600491,0.4056377805348656,0.4056377805348656,0.13906917262518353
NVDA,lightgbm,3,2022-12-06,1,-1,0.8800025259026553,0.029661267060556027,0.09033620703678885,0.7896663188658664
NVDA,lightgbm,3,2022-12-07,1,0,0.675348290679562,0.20123607471635965,0.20123607471635965,0.4741122159632024
NVDA,lightgbm,3,2022-12-08,0,-1,0.5837847093902909,0.1992622183364973,0.2169530722732117,0.3668316371170792
NVDA,lightgbm,3,2022-12-09,-1,-1,0.888075764471302,0.06650854745999148,0.06650854745999148,0.8215672170113105
NVDA,lightgbm,3,2022-12-12,-1,-1,0.8289538286963404,0.14075665782808575,0.14075665782808575,0.6881971708682546
NVDA,lightgbm,3,2022-12-13,-1,0,0.504801920803479,0.013162805423991885,0.4820352737725292,0.02276664703094977
NVDA,lightgbm,3,2022-12-14,-1,-1,0.7469578231724916,0.14187476458208068,0.14187476458208068,0.6050830585904109
NVDA,lightgbm,3,2022-12-15,-1,-1,0.8579310942614464,0.11672527719812921,0.11672527719812921,0.7412058170633172
NVDA,lightgbm,3,2022-12-16,-1,-1,0.5043232234385144,0.20091967839126432,0.2947570981702212,0.2095661252682932
NVDA,lightgbm,3,2022-12-19,-1,-1,0.6866230337098496,0.042442291759918066,0.27093467453023234,0.4156883591796172
NVDA,lightgbm,3,2022-12-20,-1,-1,0.8544422469929377,0.05897559400413439,0.08658215900292782,0.7678600879900099
NVDA,lightgbm,3,2022-12-21,-1,-1,0.4933306065292499,0.16596544440723116,0.3407039490635189,0.152626657465731
NVDA,lightgbm,3,2022-12-22,-1,0,0.7425799142834191,0.05727847177653744,0.2001416139400435,0.5424383003433756
NVDA,lightgbm,3,2022-12-23,-1,-1,0.7918391194942473,0.1560484569851844,0.1560484569851844,0.6357906625090629
NVDA,lightgbm,3,2022-12-27,1,0,0.7066100333909269,0.27226857779711766,0.27226857779711766,0.4343414555938092
NVDA,lightgbm,3,2022-12-28,0,-1,0.5012953914582986,0.1927964042459907,0.3059082042957106,0.19538718716258802
NVDA,lightgbm,3,2022-12-29,0,-1,0.6991409936608035,0.22935720840894583,0.22935720840894583,0.4697837852518577
NVDA,lightgbm,3,2022-12-30,1,1,0.5366877866964552,0.5366877866964552,0.45522206062225623,0.081465726074199
NVDA,lightgbm,3,2023-01-03,1,-1,0.6141783816799782,0.374586716653612,0.374586716653612,0.2395916650263662
NVDA,lightgbm,3,2023-01-04,1,1,0.8609703163304105,0.8609703163304105,0.10667822649525999,0.7542920898351506
NVDA,lightgbm,3,2023-01-05,1,1,0.8896428217766627,0.8896428217766627,0.10549896709962824,0.7841438546770344
NVDA,lightgbm,3,2023-01-06,1,1,0.5411497368037564,0.5411497368037564,0.3396035147619574,0.20154622204179906
NVDA,lightgbm,3,2023-01-09,1,1,0.4924443657208093,0.4924443657208093,0.30627530775209993,0.18616905796870936
NVDA,lightgbm,3,2023-01-10,1,-1,0.7886571724809528,0.1454761811712098,0.1454761811712098,0.643180991309743
NVDA,lightgbm,3,2023-01-11,1,1,0.7000709390763491,0.7000709390763491,0.23132026957868387,0.4687506694976652
NVDA,lightgbm,3,2023-01-12,1,0,0.6147543580502884,0.3534760595416627,0.3534760595416627,0.2612782985086257
NVDA,lightgbm,3,2023-01-13,1,0,0.5406556164743558,0.387898105429485,0.387898105429485,0.1527575110448708
NVDA,lightgbm,3,2023-01-17,1,-1,0.7163702213779874,0.2659481408642743,0.2659481408642743,0.45042208051371313
NVDA,lightgbm,3,2023-01-18,1,1,0.6108127638136392,0.6108127638136392,0.2217869230545343,0.38902584075910496
NVDA,lightgbm,3,2023-01-19,1,1,0.9188424802701111,0.9188424802701111,0.05169051104102475,0.8671519692290863
NVDA,lightgbm,3,2023-01-20,1,1,0.6235035784422749,0.6235035784422749,0.353036263814102,0.27046731462817286
NVDA,lightgbm,3,2023-01-23,0,1,0.43932084472529287,0.43932084472529287,0.29840646885322664,0.14091437587206623
NVDA,lightgbm,3,2023-01-24,0,-1,0.7524768830442495,0.16197097301187488,0.16197097301187488,0.5905059100323746
NVDA,lightgbm,3,2023-01-25,1,-1,0.5548288097948025,0.4057343107082121,0.4057343107082121,0.14909449908659045
NVDA,lightgbm,3,2023-01-26,1,-1,0.6075288211856115,0.0751531543571482,0.31731802445724033,0.29021079672837113
NVDA,lightgbm,3,2023-01-27,1,-1,0.5757428567105446,0.23240923333361643,0.23240923333361643,0.3433336233769282
NVDA,lightgbm,3,2023-01-30,1,1,0.8789599320249336,0.8789599320249336,0.09061541175400882,0.7883445202709248
NVDA,lightgbm,3,2023-01-31,1,1,0.6335851708084457,0.6335851708084457,0.3505532853372375,0.28303188547120817
NVDA,lightgbm,3,2023-02-01,1,-1,0.458582780332036,0.25803783010213405,0.2833793895658299,0.17520339076620606
NVDA,lightgbm,3,2023-02-02,1,-1,0.6979260279026636,0.29682844321758195,0.29682844321758195,0.4010975846850816
NVDA,lightgbm,3,2023-02-03,0,1,0.9350041511353754,0.9350041511353754,0.04464811049732046,0.890356040638055
NVDA,lightgbm,3,2023-02-06,1,0,0.7047981565196136,0.16198725899261315,0.16198725899261315,0.5428108975270005
NVDA,lightgbm,3,2023-02-07,1,0,0.8144883357831283,0.052349490949742575,0.13316217326712912,0.6813261625159992
NVDA,lightgbm,3,2023-02-08,1,1,0.7711808077447,0.7711808077447,0.13061235177631658,0.6405684559683834
NVDA,lightgbm,3,2023-02-09,0,1,0.8587454246776725,0.8587454246776725,0.0745442964192769,0.7842011282583956
NVDA,lightgbm,3,2023-02-10,0,-1,0.5051929746901204,0.3782742214506913,0.3782742214506913,0.12691875323942908
NVDA,lightgbm,3,2023-02-13,-1,-1,0.44563056336075496,0.17920417592218357,0.3751652607170615,0.07046530264369344
NVDA,lightgbm,3,2023-02-14,-1,1,0.5126292114564075,0.5126292114564075,0.46592536393209594,0.04670384752431156
NVDA,lightgbm,3,2023-02-15,1,1,0.5555096985653455,0.5555096985653455,0.42672718440228297,0.12878251416306252
NVDA,lightgbm,3,2023-02-16,1,-1,0.4750485118289869,0.4083595141701161,0.4083595141701161,0.06668899765887076
NVDA,lightgbm,3,2023-02-17,1,-1,0.9784919456376551,0.011648275958800143,0.011648275958800143,0.9668436696788549
NVDA,lightgbm,3,2023-02-21,1,-1,0.8241821189241244,0.055679995840168583,0.12013788523570693,0.7040442336884175
NVDA,lightgbm,3,2023-02-22,1,-1,0.9706528523959551,0.005033271243150537,0.0243138763608943,0.9463389760350608
NVDA,lightgbm,3,2023-02-23,0,1,0.6249605146359604,0.6249605146359604,0.27374232952965594,0.3512181851063044
NVDA,lightgbm,3,2023-02-24,1,1,0.6898152240743186,0.6898152240743186,0.2207909321405033,0.46902429193381534
NVDA,lightgbm,3,2023-02-27,0,1,0.44580365481530376,0.44580365481530376,0.279897500231148,0.16590615458415575
NVDA,lightgbm,3,2023-02-28,0,0,0.47859580886284125,0.08778526344275278,0.433618927694406,0.044976881168435234
NVDA,lightgbm,3,2023-03-01,1,-1,0.9608645171894837,0.017139376070125317,0.02199610674039106,0.9388684104490926
NVDA,lightgbm,3,2023-03-02,0,-1,0.8946869394817822,0.08037641589252094,0.08037641589252094,0.8143105235892613
NVDA,lightgbm,3,2023-03-03,-1,-1,0.9157145411554816,0.07592266949781468,0.07592266949781468,0.8397918716576669
NVDA,lightgbm,3,2023-03-06,-1,-1,0.9387742612675821,0.024520631272433778,0.036705107459984086,0.902069153807598
NVDA,lightgbm,3,2023-03-07,1,-1,0.7003530057725098,0.16427896581480564,0.16427896581480564,0.5360740399577042
NVDA,lightgbm,3,2023-03-08,0,1,0.5605154365232836,0.5605154365232836,0.22515215471076552,0.33536328181251807
NVDA,lightgbm,3,2023-03-09,1,-1,0.670447613281713,0.3040672798377268,0.3040672798377268,0.3663803334439862
NVDA,lightgbm,3,2023-03-10,1,-1,0.8050790316711464,0.13661103279785483,0.13661103279785483,0.6684679988732916
NVDA,lightgbm,3,2023-03-13,1,-1,0.7404110450177726,0.13243928048702444,0.13243928048702444,0.6079717645307481
NVDA,lightgbm,3,2023-03-14,1,-1,0.6186688217727085,0.36799266134600356,0.36799266134600356,0.250676160426705
NVDA,lightgbm,3,2023-03-15,1,-1,0.5458589315780168,0.4431277612845324,0.4431277612845324,0.10273117029348439
NVDA,lightgbm,3,2023-03-16,1,1,0.7571023277735088,0.7571023277735088,0.12304705804223505,0.6340552697312738
NVDA,lightgbm,3,2023-03-17,1,1,0.4819934497267868,0.4819934497267868,0.4400992577478409,0.041894191978945894
NVDA,lightgbm,3,2023-03-20,1,0,0.9388842718904199,0.04288540099134535,0.04288540099134535,0.8959988708990746
NVDA,lightgbm,3,2023-03-21,0,0,0.4755114279129957,0.3873871242049527,0.3873871242049527,0.08812430370804303
NVDA,lightgbm,3,2023-03-22,0,1,0.6555941200301084,0.6555941200301084,0.23693508554164797,0.4186590344884604
NVDA,lightgbm,3,2023-03-23,0,-1,0.5768471284152326,0.34366609946610804,0.34366609946610804,0.2331810289491245
NVDA,lightgbm,3,2023-03-24,1,-1,0.5758254369457457,0.3176867164410486,0.3176867164410486,0.2581387205046971
NVDA,lightgbm,3,2023-03-27,1,1,0.5708349849474975,0.5708349849474975,0.2859745383192808,0.2848604466282167
NVDA,lightgbm,3,2023-03-28,1,-1,0.6206143066366221,0.2568909378575684,0.2568909378575684,0.3637233687790537
NVDA,lightgbm,3,2023-03-29,0,1,0.4954337559519791,0.4954337559519791,0.4589860730418932,0.03644768291008588
NVDA,lightgbm,3,2023-03-30,0,-1,0.6156679169421317,0.22849019210767718,0.22849019210767718,0.38717772483445456
NVDA,lightgbm,3,2023-03-31,0,-1,0.7009713355016363,0.19970077309970327,0.19970077309970327,0.501270562401933
NVDA,lightgbm,3,2023-04-03,-1,0,0.45048976769548327,0.22457678439596315,0.32493344790855355,0.12555631978692972
NVDA,lightgbm,3,2023-04-04,-1,1,0.5765194624536161,0.5765194624536161,0.2676404906758167,0.3088789717777994
NVDA,lightgbm,3,2023-04-05,0,1,0.499779003902758,0.499779003902758,0.35572734704674264,0.14405165685601534
NVDA,lightgbm,3,2023-04-06,0,0,0.39594647429270485,0.2229196142818108,0.38113391142548436,0.014812562867220491
NVDA,lightgbm,3,2023-04-10,-1,1,0.5189916496519286,0.5189916496519286,0.41276833674501473,0.10622331290691384
NVDA,lightgbm,3,2023-04-11,0,0,0.6223105569787655,0.24306684984932492,0.24306684984932492,0.37924370712944055
NVDA,lightgbm,3,2023-04-12,1,1,0.619156557306335,0.619156557306335,0.21316206818001093,0.4059944891263241
NVDA,lightgbm,3,2023-04-13,1,0,0.4052388776581749,0.23463464875182657,0.36012647358999844,0.04511240406817646
NVDA,lightgbm,3,2023-04-14,0,-1,0.8083046938752586,0.05169428020733038,0.14000102591741095,0.6683036679578477
NVDA,lightgbm,3,2023-04-17,0,-1,0.7295727916374892,0.10953722218279882,0.16088998617971212,0.568682805457777
NVDA,lightgbm,3,2023-04-18,-1,-1,0.9735411699162762,0.009621089302392891,0.01683774078133089,0.9567034291349452
NVDA,lightgbm,3,2023-04-19,-1,-1,0.722342082681876,0.21769391222886655,0.21769391222886655,0.5046481704530095
NVDA,lightgbm,3,2023-04-20,0,1,0.5315080131888582,0.5315080131888582,0.4357199026049119,0.09578811058394632
NVDA,lightgbm,3,2023-04-21,1,-1,0.6034661737195929,0.12204103105399222,0.27449279522641484,0.32897337849317804
NVDA,lightgbm,3,2023-04-24,1,-1,0.6273018167042749,0.07976883896072448,0.2929293443350007,0.3343724723692742
NVDA,lightgbm,3,2023-04-25,1,-1,0.8427290642423956,0.15505259862198548,0.15505259862198548,0.6876764656204101
NVDA,lightgbm,3,2023-04-26,1,-1,0.7442176551781922,0.22531809229769958,0.22531809229769958,0.5188995628804925
NVDA,lightgbm,3,2023-04-27,0,1,0.7599140747356252,0.7599140747356252,0.19886564531585937,0.5610484294197658
NVDA,lightgbm,3,2023-04-28,1,-1,0.7958763257002608,0.13572841772935307,0.13572841772935307,0.6601479079709077
NVDA,lightgbm,3,2023-05-01,0,1,0.824140932553615,0.824140932553615,0.09205232752428473,0.7320886050293303
NVDA,lightgbm,3,2023-05-02,0,1,0.521082273336967,0.521082273336967,0.4216441388571215,0.09943813447984551
NVDA,lightgbm,3,2023-05-03,1,1,0.8557779503655127,0.8557779503655127,0.13769700762222342,0.7180809427432893
NVDA,lightgbm,3,2023-05-04,1,1,0.519271550188146,0.519271550188146,0.39502820377747544,0.12424334641067053
NVDA,lightgbm,3,2023-05-05,0,1,0.48620570308864647,0.48620570308864647,0.4705002667590708,0.01570543632957566
NVDA,lightgbm,3,2023-05-08,0,-1,0.5949938162929835,0.39248674197232064,0.39248674197232064,0.2025070743206629
NVDA,lightgbm,3,2023-05-09,1,1,0.5569962896871512,0.5569962896871512,0.43136575205691496,0.12563053763023624
NVDA,lightgbm,3,2023-05-10,1,1,0.8334531972669903,0.8334531972669903,0.1311728816121207,0.7022803156548696
NVDA,lightgbm,3,2023-05-11,1,0,0.5431006792992741,0.36033740470128367,0.36033740470128367,0.1827632745979904
NVDA,lightgbm,3,2023-05-12,1,0,0.3938721914230047,0.35577087357822884,0.35577087357822884,0.038101317844775884
NVDA,lightgbm,3,2023-05-15,1,1,0.799807881090916,0.799807881090916,0.1869260484611255,0.6128818326297906
NVDA,lightgbm,3,2023-05-16,1,1,0.7667476730426587,0.7667476730426587,0.2034421310268676,0.5633055420157911
NVDA,lightgbm,3,2023-05-17,0,1,0.6721615290131734,0.6721615290131734,0.20157823910655492,0.47058328990661846
NVDA,lightgbm,3,2023-05-18,1,1,0.9508951150577487,0.9508951150577487,0.03115881977836225,0.9197362952793865
NVDA,lightgbm,3,2023-05-19,1,0,0.5745531865151666,0.4154072635639883,0.4154072635639883,0.1591459229511783
NVDA,lightgbm,3,2023-05-22,1,0,0.7527820703841357,0.1806418781314971,0.1806418781314971,0.5721401922526386
NVDA,lightgbm,3,2023-05-23,1,1,0.9224049807565072,0.9224049807565072,0.03990880198537509,0.8824961787711322
NVDA,lightgbm,3,2023-05-24,1,1,0.5125939967907661,0.5125939967907661,0.31178311218541127,0.20081088460535484
NVDA,lightgbm,3,2023-05-25,1,1,0.4638258888243469,0.4638258888243469,0.46148189407599627,0.0023439947483506196
NVDA,lightgbm,3,2023-05-26,0,1,0.4327650731386306,0.4327650731386306,0.3295541641571878,0.1032109089814428
NVDA,lightgbm,3,2023-05-30,-1,1,0.39325070349852526,0.39325070349852526,0.35577207184704873,0.037478631651476524
NVDA,lightgbm,3,2023-05-31,0,0,0.8923266963128529,0.08009142851627217,0.08009142851627217,0.8122352677965807
NVDA,lightgbm,3,2023-06-01,-1,1,0.44404854072789035,0.44404854072789035,0.4302865442301423,0.013761996497748064
NVDA,lightgbm,3,2023-06-02,0,1,0.784791562647441,0.784791562647441,0.11863695398822702,0.6661546086592139
NVDA,lightgbm,3,2023-06-05,0,1,0.6947395357611797,0.6947395357611797,0.20118931997189538,0.4935502157892844
NVDA,lightgbm,3,2023-06-06,1,1,0.49747791038772604,0.49747791038772604,0.3028547317481036,0.19462317863962242
NVDA,lightgbm,3,2023-06-07,1,1,0.8616691773178371,0.8616691773178371,0.10147384097010785,0.7601953363477293
NVDA,lightgbm,3,2023-06-08,1,1,0.7924719105891779,0.7924719105891779,0.10659915487745698,0.6858727557117209
NVDA,lightgbm,3,2023-06-09,1,0,0.48615713705769725,0.247713923356505,0.2661289395857978,0.22002819747189944
NVDA,lightgbm,3,2023-06-12,1,-1,0.6736052726359129,0.08101310704933258,0.2453816203147546,0.4282236523211582
NVDA,lightgbm,3,2023-06-13,1,0,0.5994414133398773,0.0061072410006658305,0.39445134565945683,0.2049900676804205
NVDA,lightgbm,3,2023-06-14,0,0,0.5978579017393458,0.0767550071534522,0.325387091107202,0.27247081063214384
NVDA,lightgbm,3,2023-06-15,0,1,0.6604693567184249,0.6604693567184249,0.21039232273086542,0.4500770339875595
NVDA,lightgbm,3,2023-06-16,-1,0,0.5229085593855409,0.27291116228883794,0.27291116228883794,0.249997397096703
NVDA,lightgbm,3,2023-06-20,-1,0,0.8753392924649767,0.025696355293130996,0.09896435224189247,0.7763749402230842
NVDA,lightgbm,3,2023-06-21,-1,0,0.9651010388606273,0.016086093266358188,0.0188128678730144,0.9462881709876129
NVDA,lightgbm,3,2023-06-22,-1,0,0.8005068198327218,0.116299968704938,0.116299968704938,0.6842068511277838
NVDA,lightgbm,3,2023-06-23,0,0,0.4350135135667509,0.17570816358313815,0.3892783228501108,0.04573519071664006
NVDA,lightgbm,3,2023-06-26,1,-1,0.7958634833659146,0.0035318849229732164,0.20060463171111217,0.5952588516548024
NVDA,lightgbm,3,2023-06-27,0,-1,0.9051270261976659,0.0002549254243370507,0.094618048377997,0.8105089778196689
NVDA,lightgbm,3,2023-06-28,1,-1,0.9812178218676062,0.004402562734667284,0.01437961539772675,0.9668382064698795
NVDA,lightgbm,3,2023-06-29,1,-1,0.9173868321971796,0.003833342423653212,0.07877982537916713,0.8386070068180125
NVDA,lightgbm,3,2023-06-30,0,-1,0.9899270964047915,0.0006278846619960756,0.009445018933212578,0.9804820774715789
NVDA,lightgbm,3,2023-07-03,0,-1,0.9718537322579246,0.013800623197269194,0.014345644544806174,0.9575080877131185
NVDA,lightgbm,3,2023-07-05,1,-1,0.9825054251635634,0.010492038109620487,0.010492038109620487,0.9720133870539429
NVDA,lightgbm,3,2023-07-06,1,-1,0.9915455713159914,0.00699357347273358,0.00699357347273358,0.9845519978432579
NVDA,lightgbm,3,2023-07-07,1,-1,0.9665190031608993,0.02112834188489001,0.02112834188489001,0.9453906612760093
NVDA,lightgbm,3,2023-07-10,1,-1,0.9389293468313401,0.023703911556505215,0.03736674161215475,0.9015626052191854
NVDA,lightgbm,3,2023-07-11,1,-1,0.8640704633291618,0.007708243247758375,0.12822129342307984,0.735849169906082
NVDA,lightgbm,3,2023-07-12,1,-1,0.9274555737836199,0.0009723965108442786,0.07157202970553599,0.8558835440780839
NVDA,lightgbm,3,2023-07-13,0,-1,0.556457333727067,0.08041093069405018,0.3631317355788829,0.19332559814818406
NVDA,lightgbm,3,2023-07-14,-1,-1,0.41817241402488026,0.22940138284425182,0.352426203130868,0.06574621089401228
NVDA,lightgbm,3,2023-07-17,-1,-1,0.8288178956386456,0.009363237333616282,0.16181886702773818,0.6669990286109074
NVDA,lightgbm,3,2023-07-18,-1,-1,0.9324059891547885,0.02077014286938746,0.04682386797582403,0.8855821211789644
NVDA,lightgbm,3,2023-07-19,-1,0,0.6324108564501414,0.018398792623085237,0.34919035092677336,0.283220505523368
NVDA,lightgbm,3,2023-07-20,0,-1,0.9923754284608348,0.0023281275955548235,0.005296443943610439,0.9870789845172244
NVDA,lightgbm,3,2023-07-21,1,-1,0.7468675815483709,0.002665209090631969,0.25046720936099703,0.4964003721873738
NVDA,lightgbm,3,2023-07-24,1,-1,0.7314059444229274,0.0014842819002600142,0.2671097736768126,0.4642961707461148
NVDA,lightgbm,3,2023-07-25,0,-1,0.9323010072895429,0.0016121798182132446,0.06608681289224387,0.8662141943972991
NVDA,lightgbm,3,2023-07-26,-1,-1,0.8083532039356246,0.0013850173976949372,0.1902617786666804,0.6180914252689442
NVDA,lightgbm,3,2023-07-27,-1,-1,0.9868304648598418,0.007881812354841396,0.007881812354841396,0.9789486525050004
NVDA,lightgbm,3,2023-07-28,-1,-1,0.7337876482538924,0.010632682380219445,0.25557966936588805,0.47820797888800437
NVDA,lightgbm,3,2023-07-31,-1,-1,0.802927959450842,0.013565339397519117,0.18350670115163878,0.6194212582992032
NVDA,lightgbm,3,2023-08-01,-1,-1,0.9936627686933107,0.0025583301035864126,0.0037789012031029965,0.9898838674902077
NVDA,lightgbm,3,2023-08-02,-1,-1,0.748296757169067,0.019482209280326748,0.23222103355060625,0.5160757236184608
NVDA,lightgbm,3,2023-08-03,-1,-1,0.961841967596521,0.015274264036920213,0.022883768366558806,0.9389581992299622
NVDA,lightgbm,3,2023-08-04,-1,-1,0.9462439006671503,0.0031818805899103742,0.0505742187429394,0.8956696819242108
NVDA,lightgbm,3,2023-08-07,-1,-1,0.9081459218206427,0.02338926945307604,0.0684648087262813,0.8396811130943613
NVDA,lightgbm,3,2023-08-08,0,-1,0.9929591154056292,0.000770550312246534,0.006270334282124405,0.9866887811235048
NVDA,lightgbm,3,2023-08-09,1,-1,0.9116560975306518,0.049928778717121945,0.049928778717121945,0.8617273188135298
NVDA,lightgbm,3,2023-08-10,1,-1,0.6428509984203414,0.05367486425201588,0.30347413732764256,0.3393768610926989
NVDA,lightgbm,3,2023-08-11,1,-1,0.5915086021847167,0.30582813036612677,0.30582813036612677,0.2856804718185899
NVDA,lightgbm,3,2023-08-14,1,0,0.6348205048792234,0.18147686955019166,0.1837026255705851,0.4511178793086383
NVDA,lightgbm,3,2023-08-15,1,0,0.8304038431475897,0.09882276330250267,0.09882276330250267,0.731581079845087
NVDA,lightgbm,3,2023-08-16,1,0,0.6514363214452078,0.15146943885041306,0.19709423970437917,0.45434208174082863
NVDA,lightgbm,3,2023-08-17,1,-1,0.7508532601123475,0.07053235173872424,0.17861438814892833,0.5722388719634193
NVDA,lightgbm,3,2023-08-18,1,-1,0.9003317926194631,0.0653977480254847,0.0653977480254847,0.8349340445939784
NVDA,lightgbm,3,2023-08-21,0,-1,0.6576795898168935,0.25765523674889007,0.25765523674889007,0.4000243530680034
NVDA,lightgbm,3,2023-08-22,1,1,0.4907176521523964,0.4907176521523964,0.3201660070879629,0.1705516450644335
NVDA,lightgbm,3,2023-08-23,1,-1,0.7827315265044118,0.1886967430009325,0.1886967430009325,0.5940347835034793
NVDA,lightgbm,3,2023-08-24,1,1,0.4842091943488527,0.4842091943488527,0.27911587440453867,0.205093319944314
NVDA,lightgbm,3,2023-08-25,1,-1,0.617996339910841,0.19743561413761446,0.19743561413761446,0.42056072577322656
NVDA,lightgbm,3,2023-08-28,1,-1,0.8502120320037043,0.046838148429449944,0.10294981956684565,0.7472622124368586
NVDA,lightgbm,3,2023-08-29,-1,-1,0.5142817749091149,0.021057603786893576,0.4646606213039917,0.04962115360512315
NVDA,lightgbm,3,2023-08-30,-1,0,0.8094980548768692,0.019821152940158186,0.1706807921829726,0.6388172626938966
NVDA,lightgbm,3,2023-08-31,-1,0,0.8387562078587154,0.011375017185424021,0.1498687749558605,0.6888874329028549
NVDA,lightgbm,3,2023-09-01,-1,-1,0.4851594127347296,0.14643255053701448,0.3684080367282559,0.11675137600647373
NVDA,lightgbm,3,2023-09-05,-1,-1,0.7247626008103525,0.044709417066928867,0.23052798212271855,0.49423461868763396
NVDA,lightgbm,3,2023-09-06,-1,-1,0.6665608415251223,0.0817451411272082,0.2516940173476695,0.4148668241774528
NVDA,lightgbm,3,2023-09-07,0,-1,0.626639567800583,0.028086221029784825,0.34527421116963214,0.2813653566309509
NVDA,lightgbm,3,2023-09-08,-1,-1,0.9086276891709218,0.00895993280878511,0.08241237802029303,0.8262153111506289
NVDA,lightgbm,3,2023-09-11,-1,-1,0.9565099675899519,0.02112018162282371,0.022369850787224404,0.9341401168027275
NVDA,lightgbm,3,2023-09-12,-1,-1,0.9620313225523601,0.008750167939307864,0.02921850950833201,0.9328128130440281
NVDA,lightgbm,3,2023-09-13,-1,-1,0.9319476031834482,0.027761919198625362,0.040290477617926285,0.8916571255655219
NVDA,lightgbm,3,2023-09-14,-1,-1,0.6823442317163034,0.26745611919043966,0.26745611919043966,0.4148881125258638
NVDA,lightgbm,3,2023-09-15,-1,-1,0.8760199588625629,0.05581387615472998,0.06816616498270699,0.8078537938798559
NVDA,lightgbm,3,2023-09-18,-1,-1,0.9399763756975043,0.0206353720366628,0.039388252265832834,0.9005881234316714
NVDA,lightgbm,3,2023-09-19,-1,-1,0.550799217023139,0.33119282900746905,0.33119282900746905,0.21960638801567
NVDA,lightgbm,3,2023-09-20,0,1,0.7589808875623664,0.7589808875623664,0.23381684981166806,0.5251640377506983
NVDA,lightgbm,3,2023-09-21,1,-1,0.5088168476712253,0.12587390600100742,0.3653092463277674,0.14350760134345786
NVDA,lightgbm,3,2023-09-22,1,-1,0.6082190127856112,0.30547444816566416,0.30547444816566416,0.30274456461994703
NVDA,lightgbm,3,2023-09-25,1,-1,0.47983125152950706,0.10754959733650163,0.4126191511339913,0.06721210039551578
NVDA,lightgbm,3,2023-09-26,1,-1,0.45180759644770435,0.35382267194677913,0.35382267194677913,0.09798492450092522
NVDA,lightgbm,3,2023-09-27,1,1,0.5372973230842175,0.5372973230842175,0.33498346301309384,0.20231386007112367
NVDA,lightgbm,3,2023-09-28,1,1,0.6053709256163206,0.6053709256163206,0.28758560896573265,0.3177853166505879
NVDA,lightgbm,3,2023-09-29,1,1,0.7184661007724842,0.7184661007724842,0.17446226075460808,0.5440038400178762
NVDA,lightgbm,3,2023-10-02,0,-1,0.8804270240526183,0.03687135374752222,0.0827016221998595,0.7977254018527588
NVDA,lightgbm,3,2023-10-03,1,-1,0.48325075093833625,0.46498093944835106,0.46498093944835106,0.018269811489985188
NVDA,lightgbm,3,2023-10-04,1,-1,0.8609537993068427,0.0259237584898921,0.11312244220326524,0.7478313571035774
NVDA,lightgbm,3,2023-10-05,1,-1,0.9830996908383254,0.01530991424074321,0.01530991424074321,0.9677897765975821
NVDA,lightgbm,3,2023-10-06,0,-1,0.8803297324365758,0.11671609328039244,0.11671609328039244,0.7636136391561833
NVDA,lightgbm,3,2023-10-09,0,-1,0.9729956714604229,0.014848375349403227,0.014848375349403227,0.9581472961110197
NVDA,lightgbm,3,2023-10-10,-1,-1,0.5142622033986587,0.463953513475328,0.463953513475328,0.05030868992333071
NVDA,lightgbm,3,2023-10-11,-1,1,0.48408750188936867,0.48408750188936867,0.4836973845000779,0.00039011738929078943
NVDA,lightgbm,3,2023-10-12,-1,1,0.6838607395085028,0.6838607395085028,0.3021958813423039,0.3816648581661989
NVDA,lightgbm,3,2023-10-13,-1,-1,0.875789195629883,0.07203528172595045,0.07203528172595045,0.8037539139039326
NVDA,lightgbm,3,2023-10-16,-1,-1,0.9106677804674359,0.040518759059167596,0.04881346047339654,0.8618543199940394
NVDA,lightgbm,3,2023-10-17,0,0,0.9088689063645603,0.030641611951636397,0.06048948168380341,0.8483794246807569
NVDA,lightgbm,3,2023-10-18,0,-1,0.6427311777869468,0.07603070875044723,0.2812381134626059,0.36149306432434086
NVDA,lightgbm,3,2023-10-19,-1,-1,0.7949200491387698,0.02159049357485672,0.18348945728637345,0.6114305918523963
NVDA,lightgbm,3,2023-10-20,-1,-1,0.9730539189025779,0.00856164154805792,0.018384439549364084,0.9546694793532138
NVDA,lightgbm,3,2023-10-23,-1,-1,0.703323273445469,0.1290871584128039,0.1675895681417272,0.5357337053037418
NVDA,lightgbm,3,2023-10-24,-1,-1,0.9058018793638984,0.03130585132564165,0.06289226931045985,0.8429096100534386
NVDA,lightgbm,3,2023-10-25,0,-1,0.9080881865694896,0.08092713425368052,0.08092713425368052,0.8271610523158092
NVDA,lightgbm,3,2023-10-26,1,-1,0.857125777023398,0.13080451447814137,0.13080451447814137,0.7263212625452566
NVDA,lightgbm,3,2023-10-27,1,-1,0.8698141476654688,0.11700619423112955,0.11700619423112955,0.7528079534343393
NVDA,lightgbm,3,2023-10-30,1,-1,0.528511275792179,0.18953250193096036,0.28195622227686057,0.24655505351531848
NVDA,lightgbm,3,2023-10-31,1,0,0.4119164177471904,0.17969348543615923,0.40839009681665034,0.003526320930540061
NVDA,lightgbm,3,2023-11-01,1,-1,0.545442203503116,0.060894099868187085,0.39366369662869694,0.15177850687441907
NVDA,lightgbm,3,2023-11-02,1,-1,0.8911777245361827,0.07297795063091683,0.07297795063091683,0.8181997739052659
NVDA,lightgbm,3,2023-11-03,1,-1,0.6346773391870019,0.3528886071539847,0.3528886071539847,0.2817887320330172
NVDA,lightgbm,3,2023-11-06,1,-1,0.6203515267962443,0.35643756119312364,0.35643756119312364,0.26391396560312064
NVDA,lightgbm,3,2023-11-07,1,-1,0.6910020798561656,0.1848802353618899,0.1848802353618899,0.5061218444942757
NVDA,lightgbm,3,2023-11-08,1,-1,0.6274331136384143,0.36624651875864694,0.36624651875864694,0.2611865948797673
NVDA,lightgbm,3,2023-11-09,1,-1,0.6906745689793059,0.2260677969861642,0.2260677969861642,0.4646067719931417
NVDA,lightgbm,3,2023-11-10,0,-1,0.52323056157791,0.14781554577451161,0.32895389264757835,0.1942766689303317
NVDA,lightgbm,3,2023-11-13,1,1,0.4192933364618252,0.4192933364618252,0.41733727563744033,0.0019560608243848754
NVDA,lightgbm,3,2023-11-14,0,-1,0.9032864315327298,0.007971376771110778,0.08874219169615945,0.8145442398365703
NVDA,lightgbm,3,2023-11-15,0,-1,0.8293291268242969,0.030992521348060846,0.13967835182764224,0.6896507749966547
NVDA,lightgbm,3,2023-11-16,-1,-1,0.9518251434477295,0.0010446891754914214,0.0471301673767791,0.9046949760709504
NVDA,lightgbm,3,2023-11-17,-1,0,0.7064932444881248,0.004731034400576944,0.2887757211112983,0.4177175233768265
NVDA,lightgbm,3,2023-11-20,-1,-1,0.9596941220674935,0.0021702458594010034,0.03813563207310557,0.9215584899943879
NVDA,lightgbm,3,2023-11-21,-1,0,0.8074002047247797,0.002603540532848213,0.18999625474237214,0.6174039499824076
NVDA,lightgbm,3,2023-11-22,-1,-1,0.9345170005111274,0.022243998548882187,0.04323900093999051,0.8912779995711368
NVDA,lightgbm,3,2023-11-24,-1,-1,0.7858276503072187,0.022627306349752786,0.19154504334302858,0.5942826069641901
NVDA,lightgbm,3,2023-11-27,-1,-1,0.8701160354258344,0.024760635969497513,0.10512332860466822,0.7649927068211662
NVDA,lightgbm,3,2023-11-28,-1,-1,0.8501120489253104,0.029808218263042766,0.1200797328116468,0.7300323161136637
NVDA,lightgbm,3,2023-11-29,-1,-1,0.9520157102624603,0.027349312094492022,0.027349312094492022,0.9246663981679684
NVDA,lightgbm,3,2023-11-30,0,-1,0.9853982820590662,0.008514474447613047,0.008514474447613047,0.9768838076114532
NVDA,lightgbm,3,2023-12-01,0,-1,0.9793999352297895,0.004263373774615516,0.016336690995594986,0.9630632442341945
NVDA,lightgbm,3,2023-12-04,1,-1,0.9859762876734395,0.0057539821104507696,0.008269730216109824,0.9777065574573297
NVDA,lightgbm,3,2023-12-05,1,-1,0.9945715918906035,0.0011044308729575164,0.004323977236438833,0.9902476146541647
NVDA,lightgbm,3,2023-12-06,1,-1,0.9949631616030425,0.0029446655514922338,0.0029446655514922338,0.9920184960515503
NVDA,lightgbm,3,2023-12-07,1,-1,0.9911424888003777,0.002002809377547935,0.006854701822074385,0.9842877869783033
NVDA,lightgbm,3,2023-12-08,1,-1,0.9553900641842042,0.002667411572876727,0.04194252424291907,0.9134475399412851
NVDA,lightgbm,3,2023-12-11,1,-1,0.969658799347221,0.024075034048469234,0.024075034048469234,0.9455837652987518
NVDA,lightgbm,3,2023-12-12,1,-1,0.9594939940381395,0.03487287154241101,0.03487287154241101,0.9246211224957285
NVDA,lightgbm,3,2023-12-13,0,-1,0.8671665176563126,0.1289355426831825,0.1289355426831825,0.7382309749731301
NVDA,lightgbm,3,2023-12-14,0,-1,0.98483734183449,0.0022431774486867803,0.012919480716823046,0.971917861117667
NVDA,lightgbm,3,2023-12-15,0,-1,0.9724583777339849,0.002956839317581934,0.024584782948433154,0.9478735947855518
NVDA,lightgbm,3,2023-12-18,0,-1,0.9159846328261216,0.005677937404244389,0.07833742976963388,0.8376472030564878
NVDA,lightgbm,3,2023-12-19,0,-1,0.9166094673962728,0.020803680459658237,0.06258685214406905,0.8540226152522038
NVDA,lightgbm,3,2023-12-20,1,-1,0.9143600961433409,0.010966108360377279,0.07467379549628166,0.8396863006470593
NVDA,lightgbm,3,2023-12-21,0,-1,0.8636386963653644,0.0013957797900941025,0.13496552384454144,0.728673172520823
NVDA,lightgbm,3,2023-12-22,0,-1,0.964214385180743,0.0035099721754963953,0.03227564264376049,0.9319387425369825
NVDA,lightgbm,3,2023-12-26,-1,-1,0.9181931604879143,0.014848732177597256,0.0669581073344884,0.851235053153426
NVDA,lightgbm,3,2023-12-27,-1,-1,0.9526308338771415,0.009835174923486921,0.03753399119937158,0.9150968426777699
NVDA,lightgbm,3,2023-12-28,0,-1,0.9065577754094429,0.01607450854599342,0.07736771604456354,0.8291900593648794
NVDA,lightgbm,3,2023-12-29,1,-1,0.9522256864507825,0.009464350403876163,0.038309963145341276,0.9139157233054412
NVDA,lightgbm,3,2024-01-02,1,-1,0.9844421257860433,0.01038280365126248,0.01038280365126248,0.9740593221347809
NVDA,lightgbm,3,2024-01-03,1,-1,0.8670762781181287,0.10461620855338083,0.10461620855338083,0.7624600695647479
NVDA,lightgbm,3,2024-01-04,1,-1,0.8893852371997419,0.046599882773227824,0.0640148800270302,0.8253703571727118
NVDA,lightgbm,3,2024-01-05,1,-1,0.9794496163050447,0.010614752703830338,0.010614752703830338,0.9688348636012143
NVDA,lightgbm,3,2024-01-08,1,1,0.5740917348171699,0.5740917348171699,0.2497556033152831,0.3243361315018868
NVDA,lightgbm,3,2024-01-09,1,-1,0.554977597429135,0.4235321061420997,0.4235321061420997,0.1314454912870353
NVDA,lightgbm,3,2024-01-10,1,-1,0.59911247094277,0.1682037733873751,0.23268375566985494,0.36642871527291504
NVDA,lightgbm,3,2024-01-11,1,-1,0.5359677560383234,0.13459742682020312,0.32943481714147343,0.20653293889684993
NVDA,lightgbm,3,2024-01-12,1,0,0.7860604575864328,0.06101886551186322,0.15292067690170402,0.6331397806847288
NVDA,lightgbm,3,2024-01-16,1,-1,0.8508494240657924,0.07014284320196022,0.07900773273224737,0.7718416913335451
NVDA,lightgbm,3,2024-01-17,1,0,0.6173530567562309,0.057928784808301416,0.32471815843546775,0.2926348983207631
NVDA,lightgbm,3,2024-01-18,1,-1,0.6195141667305792,0.2874056641546368,0.2874056641546368,0.33210850257594243
NVDA,lightgbm,3,2024-01-19,1,-1,0.9704145741393464,0.008023351054040334,0.021562074806613398,0.948852499332733
NVDA,lightgbm,3,2024-01-22,1,-1,0.6179375964249223,0.36388654914337903,0.36388654914337903,0.25405104728154326
NVDA,lightgbm,3,2024-01-23,1,-1,0.763891458300709,0.10183058504650204,0.13427795665278902,0.6296135016479201
NVDA,lightgbm,3,2024-01-24,0,-1,0.8144342523443145,0.06208953572236761,0.12347621193331776,0.6909580404109967
NVDA,lightgbm,3,2024-01-25,1,0,0.5047722792053297,0.1264921516540666,0.3687355691406037,0.13603671006472606
NVDA,lightgbm,3,2024-01-26,1,-1,0.4507158114281911,0.2965963062881557,0.2965963062881557,0.15411950514003542
NVDA,lightgbm,3,2024-01-29,1,-1,0.8665763977283105,0.029882993613716935,0.1035406086579726,0.7630357890703379
NVDA,lightgbm,3,2024-01-30,1,-1,0.4854604310206641,0.1397633968886324,0.37477617209070363,0.11068425892996048
NVDA,lightgbm,3,2024-01-31,1,0,0.391932902447859,0.36278520795508545,0.36278520795508545,0.029147694492773546
NVDA,lightgbm,3,2024-02-01,1,1,0.5461134057206042,0.5461134057206042,0.26168362121855876,0.2844297845020454
NVDA,lightgbm,3,2024-02-02,1,0,0.7650273811273394,0.023457193710910606,0.21151542516174998,0.5535119559655894
NVDA,lightgbm,3,2024-02-05,1,-1,0.4548093856865485,0.127400577830979,0.41779003648247237,0.037019349204076124
NVDA,lightgbm,3,2024-02-06,1,-1,0.48003532260795856,0.2949605878481865,0.2949605878481865,0.18507473475977204
NVDA,lightgbm,3,2024-02-07,1,0,0.5795545795470379,0.05370011486171422,0.36674530559124785,0.21280927395579008
NVDA,lightgbm,3,2024-02-08,1,0,0.8869532397129942,0.0387014014867299,0.07434535880027579,0.8126078809127184
NVDA,lightgbm,3,2024-02-09,0,0,0.7060535501778867,0.07843680167225027,0.2155096481498629,0.49054390202802384
NVDA,lightgbm,3,2024-02-12,-1,1,0.5896093690571331,0.5896093690571331,0.2580483504186738,0.3315610186384593
NVDA,lightgbm,3,2024-02-13,-1,0,0.4703170870719694,0.12212134049519355,0.40756157243283697,0.06275551463913243
NVDA,lightgbm,3,2024-02-14,1,1,0.5609731313880592,0.5609731313880592,0.2889877189764216,0.27198541241163754
NVDA,lightgbm,3,2024-02-15,1,0,0.7979282961137628,0.06429432093973385,0.1377773829465033,0.6601509131672595
NVDA,lightgbm,3,2024-02-16,1,0,0.7301103564335475,0.07957980345002935,0.19030984011642327,0.5398005163171242
NVDA,lightgbm,3,2024-02-20,1,-1,0.8226254031904976,0.008351259399425994,0.1690233374100764,0.6536020657804211
NVDA,lightgbm,3,2024-02-21,1,-1,0.693435807415604,0.004616869374322764,0.3019473232100732,0.39148848420553073
NVDA,lightgbm,3,2024-02-22,0,-1,0.4899372083867905,0.047273967283218456,0.4627888243299909,0.02714838405679959
NVDA,lightgbm,3,2024-02-23,1,0,0.42545421002053085,0.26410789392081435,0.3104378960586547,0.11501631396187617
NVDA,lightgbm,3,2024-02-26,1,-1,0.3520254881008417,0.2972102226414181,0.35076428925774017,0.001261198843101552
NVDA,lightgbm,3,2024-02-27,1,0,0.885704506102234,0.03342014328548482,0.08087535061228113,0.8048291554899528
NVDA,lightgbm,3,2024-02-28,1,0,0.9301843174092662,0.004246386012363326,0.06556929657837035,0.8646150208308958
NVDA,lightgbm,3,2024-02-29,1,0,0.48506136570399727,0.1354616424740884,0.3794769918219143,0.10558437388208297
NVDA,lightgbm,3,2024-03-01,1,0,0.5682981106095625,0.04671406724465751,0.38498782214578003,0.18331028846378244
NVDA,lightgbm,3,2024-03-04,0,-1,0.5010342648503082,0.037483258591245995,0.4614824765584457,0.03955178829186251
NVDA,lightgbm,3,2024-03-05,1,-1,0.8535162519198772,0.05144908745927762,0.09503466062084523,0.758481591299032
NVDA,lightgbm,3,2024-03-06,1,-1,0.9226556874031031,0.008948083377508423,0.06839622921938848,0.8542594581837146
NVDA,lightgbm,3,2024-03-07,-1,0,0.9087783878678299,0.006215969690323078,0.0850056424418469,0.823772745425983
NVDA,lightgbm,3,2024-03-08,0,0,0.9749320750056287,0.015857693336457448,0.015857693336457448,0.9590743816691712
NVDA,lightgbm,3,2024-03-11,1,0,0.6917697725412288,0.0058205039925176,0.3024097234662536,0.38936004907497523
NVDA,lightgbm,3,2024-03-12,-1,0,0.6911025340286453,0.028478349633345064,0.28041911633800964,0.41068341769063565
NVDA,lightgbm,3,2024-03-13,0,0,0.7265445014638194,0.027764211816289745,0.24569128671989077,0.48085321474392867
NVDA,lightgbm,3,2024-03-14,1,-1,0.803648231396541,0.012093575482418174,0.18425819312104078,0.6193900382755002
NVDA,lightgbm,3,2024-03-15,1,-1,0.8807877142010204,0.001271368727898635,0.11794091707108087,0.7628467971299395
NVDA,lightgbm,3,2024-03-18,1,-1,0.7022108609285337,0.007657037942518223,0.2901321011289481,0.4120787597995856
NVDA,lightgbm,3,2024-03-19,1,0,0.6149463922661832,0.02285976594499219,0.36219384178882463,0.25275255047735856
NVDA,lightgbm,3,2024-03-20,0,0,0.7439788179540289,0.030244547582493553,0.2257766344634776,0.5182021834905512
NVDA,lightgbm,3,2024-03-21,0,-1,0.8309210313474295,0.00904015484223157,0.16003881381033894,0.6708822175370905
NVDA,lightgbm,3,2024-03-22,-1,-1,0.5794521823544602,0.004383289031697904,0.416164528613842,0.16328765374061815
NVDA,lightgbm,3,2024-03-25,-1,-1,0.5670670367649822,0.006946632716553167,0.4259863305184648,0.14108070624651736
NVDA,lightgbm,3,2024-03-26,-1,-1,0.9185519154342046,0.01871713889184208,0.06273094567395347,0.8558209697602511
NVDA,lightgbm,3,2024-03-27,-1,-1,0.9814868875755375,0.009848247025193073,0.009848247025193073,0.9716386405503444
NVDA,lightgbm,3,2024-03-28,-1,-1,0.8786765710617908,0.00100175264173977,0.12032167629646956,0.7583548947653211
NVDA,lightgbm,3,2024-04-01,-1,-1,0.7640614134280793,0.0020636181876827735,0.2338749683842379,0.5301864450438414
NVDA,lightgbm,3,2024-04-02,-1,-1,0.8296809309602434,0.0026332152130384995,0.16768585382671805,0.6619950771335253
NVDA,lightgbm,3,2024-04-03,-1,-1,0.7851013277365694,0.0035172492130157423,0.21138142305041493,0.5737199046861544
NVDA,lightgbm,3,2024-04-04,1,-1,0.6923521943849253,0.2646225142215635,0.2646225142215635,0.4277296801633618
NVDA,lightgbm,3,2024-04-05,0,-1,0.6331790623421102,0.006832369437313278,0.3599885682205765,0.2731904941215337
NVDA,lightgbm,3,2024-04-08,0,-1,0.9898471163969889,0.0017616425458191975,0.008391241057191997,0.9814558753397968
NVDA,lightgbm,3,2024-04-09,1,-1,0.956532980521275,0.03751218840132824,0.03751218840132824,0.9190207921199468
NVDA,lightgbm,3,2024-04-10,-1,-1,0.5375547830719138,0.08984920368673206,0.3725960132413541,0.16495876983055974
NVDA,lightgbm,3,2024-04-11,-1,-1,0.9442451646015357,0.04182293905612494,0.04182293905612494,0.9024222255454108
NVDA,lightgbm,3,2024-04-12,-1,-1,0.7928004839849305,0.1528279686572208,0.1528279686572208,0.6399725153277097
NVDA,lightgbm,3,2024-04-15,-1,1,0.522493255715118,0.522493255715118,0.46317937402401865,0.0593138816910993
NVDA,lightgbm,3,2024-04-16,-1,-1,0.9584800870011546,0.029446915836011167,0.029446915836011167,0.9290331711651434
NVDA,lightgbm,3,2024-04-17,-1,0,0.5565516402647894,0.1380355175619868,0.30541284217322384,0.2511387980915656
NVDA,lightgbm,3,2024-04-18,-1,-1,0.6054188346707005,0.12452355215665255,0.27005761317264687,0.3353612214980536
NVDA,lightgbm,3,2024-04-19,1,0,0.785218825697363,0.17071630133517554,0.17071630133517554,0.6145025243621874
NVDA,lightgbm,3,2024-04-22,1,1,0.7060805146160358,0.7060805146160358,0.24172271952243785,0.464357795093598
NVDA,lightgbm,3,2024-04-23,1,0,0.9035228924610095,0.055285133967617396,0.055285133967617396,0.8482377584933921
NVDA,lightgbm,3,2024-04-24,1,1,0.7051066682598809,0.7051066682598809,0.2656958047426992,0.43941086351718167
NVDA,lightgbm,3,2024-04-25,1,1,0.6306783678048719,0.6306783678048719,0.3411509974856294,0.28952737031924247
NVDA,lightgbm,3,2024-04-26,0,-1,0.748315382234082,0.209909296190024,0.209909296190024,0.538406086044058
NVDA,lightgbm,3,2024-04-29,1,-1,0.9068016292947351,0.05558205079818565,0.05558205079818565,0.8512195784965494
NVDA,lightgbm,3,2024-04-30,1,-1,0.9265822030412297,0.034213659292530764,0.03920413766623948,0.8873780653749903
NVDA,lightgbm,3,2024-05-01,1,1,0.5379534494569027,0.5379534494569027,0.2584037450050691,0.27954970445183364
NVDA,lightgbm,3,2024-05-02,1,-1,0.7208774056556473,0.08226482976881555,0.19685776457553716,0.5240196410801101
NVDA,lightgbm,3,2024-05-03,0,1,0.5144819105425477,0.5144819105425477,0.4609400372358735,0.05354187330667415
NVDA,lightgbm,3,2024-05-06,0,-1,0.6200423995546989,0.21190026491410605,0.21190026491410605,0.4081421346405928
NVDA,lightgbm,3,2024-05-07,0,-1,0.7631930906167688,0.21863210676047276,0.21863210676047276,0.544560983856296
NVDA,lightgbm,3,2024-05-08,1,-1,0.8091336549216488,0.06063571134456256,0.1302306337337887,0.6789030211878601
NVDA,lightgbm,3,2024-05-09,1,-1,0.9628109952568097,0.021281144630536153,0.021281144630536153,0.9415298506262735
NVDA,lightgbm,3,2024-05-10,1,-1,0.7812884874725226,0.15883806536844033,0.15883806536844033,0.6224504221040822
NVDA,lightgbm,3,2024-05-13,1,-1,0.8769154558364955,0.06807602300640608,0.06807602300640608,0.8088394328300894
NVDA,lightgbm,3,2024-05-14,1,-1,0.8871819567040157,0.053748513052872864,0.05906953024311135,0.8281124264609043
NVDA,lightgbm,3,2024-05-15,0,-1,0.7744506540975438,0.15302739875314503,0.15302739875314503,0.6214232553443988
NVDA,lightgbm,3,2024-05-16,1,-1,0.5205523578909832,0.18282391401238773,0.2966237280966292,0.22392862979435402
NVDA,lightgbm,3,2024-05-17,1,-1,0.9669617454546612,0.006683874223695709,0.026354380321643008,0.9406073651330181
NVDA,lightgbm,3,2024-05-20,1,-1,0.8376465384745984,0.060066191309576036,0.10228727021582566,0.7353592682587727
NVDA,lightgbm,3,2024-05-21,1,-1,0.8236857345922551,0.019139071131432397,0.1571751942763125,0.6665105403159426
NVDA,lightgbm,3,2024-05-22,1,-1,0.7875223110324743,0.028910136601765144,0.18356755236576067,0.6039547586667136
