ticker,model,fold,date,y_true,y_pred,confidence,bullish_probability,second_best_probability,probability_margin
NVDA,logistic_regression,1,2019-10-03,0,-1,0.5671169309110541,0.31509636491740145,0.31509636491740145,0.25202056599365263
NVDA,logistic_regression,1,2019-10-04,1,-1,0.5156334272427391,0.23932454649289966,0.24504202626436125,0.27059140097837786
NVDA,logistic_regression,1,2019-10-07,0,0,0.4331533434935559,0.13392655159797992,0.4329201049084642,0.00023323858509166628
NVDA,logistic_regression,1,2019-10-08,1,-1,0.4939568376034642,0.1882490679397728,0.31779409445676293,0.17616274314670127
NVDA,logistic_regression,1,2019-10-09,1,-1,0.5986481354596139,0.22465049824225203,0.22465049824225203,0.3739976372173619
NVDA,logistic_regression,1,2019-10-10,1,-1,0.45690367499781964,0.22767777498976388,0.31541855001241637,0.14148512498540328
NVDA,logistic_regression,1,2019-10-11,1,0,0.47334105009945726,0.16655313930356574,0.36010581059697705,0.11323523950248021
NVDA,logistic_regression,1,2019-10-14,1,0,0.4186987722402674,0.28380574471871645,0.2974954830410162,0.12120328919925122
NVDA,logistic_regression,1,2019-10-15,0,0,0.4622377507135504,0.09383112371569934,0.44393112557075026,0.018306625142800126
NVDA,logistic_regression,1,2019-10-16,0,0,0.44528195542021554,0.23888836213465142,0.315829682445133,0.12945227297508255
NVDA,logistic_regression,1,2019-10-17,0,0,0.37303896544998977,0.33188109512602443,0.33188109512602443,0.04115787032396534
NVDA,logistic_regression,1,2019-10-18,1,0,0.4476008397376462,0.33666778672141573,0.33666778672141573,0.11093305301623047
NVDA,logistic_regression,1,2019-10-21,1,1,0.4007158578372965,0.4007158578372965,0.30574459318491204,0.09497126465238448
NVDA,logistic_regression,1,2019-10-22,1,0,0.592781088431442,0.2389373263683932,0.2389373263683932,0.35384376206304874
NVDA,logistic_regression,1,2019-10-23,1,0,0.35166623226869137,0.32940482622214334,0.32940482622214334,0.022261406046548027
NVDA,logistic_regression,1,2019-10-24,1,0,0.5486854475485361,0.23481675270576718,0.23481675270576718,0.3138686948427689
NVDA,logistic_regression,1,2019-10-25,0,0,0.485487778444753,0.2738522666276862,0.2738522666276862,0.2116355118170668
NVDA,logistic_regression,1,2019-10-28,0,0,0.5454775110115095,0.2862971490115224,0.2862971490115224,0.2591803619999871
NVDA,logistic_regression,1,2019-10-29,1,0,0.5014936082972005,0.2805961967921776,0.2805961967921776,0.22089741150502284
NVDA,logistic_regression,1,2019-10-30,1,0,0.49399510471082864,0.19878407875206094,0.3072208165371103,0.18677428817371833
NVDA,logistic_regression,1,2019-10-31,1,0,0.4365597947016717,0.16696306139678765,0.39647714390154054,0.04008265080013118
NVDA,logistic_regression,1,2019-11-01,1,0,0.43556565922815305,0.21765707436401538,0.3467772664078316,0.08878839282032147
NVDA,logistic_regression,1,2019-11-04,0,0,0.5664278478344713,0.15392244110006928,0.2796497110654594,0.2867781367690119
NVDA,logistic_regression,1,2019-11-05,0,0,0.577816450832206,0.1801839682651433,0.2419995809026506,0.3358168699295554
NVDA,logistic_regression,1,2019-11-06,0,0,0.46902117504354573,0.22929616134374875,0.30168266361270557,0.16733851143084016
NVDA,logistic_regression,1,2019-11-07,0,0,0.5727073071596689,0.1614132238880314,0.2658794689522997,0.3068278382073692
NVDA,logistic_regression,1,2019-11-08,0,0,0.4580890017039488,0.22498372981083073,0.31692726848522046,0.14116173321872832
NVDA,logistic_regression,1,2019-11-11,0,0,0.5499249752457248,0.19882432659593585,0.25125069815833945,0.29867427708738536
NVDA,logistic_regression,1,2019-11-12,0,0,0.6065180099839975,0.1046345972116033,0.28884739280439914,0.3176706171795984
NVDA,logistic_regression,1,2019-11-13,0,0,0.5218838959106044,0.15277894601465064,0.3253371580747451,0.19654673783585924
NVDA,logistic_regression,1,2019-11-14,0,0,0.6076356719741122,0.11031559307126144,0.2820487349546264,0.32558693701948577
NVDA,logistic_regression,1,2019-11-15,1,0,0.5393193962503664,0.18268194554897665,0.27799865820065695,0.26132073804970946
NVDA,logistic_regression,1,2019-11-18,1,1,0.4145900623081382,0.4145900623081382,0.394596537546164,0.019993524761974246
NVDA,logistic_regression,1,2019-11-19,1,0,0.5358257791036319,0.20109509290548885,0.2630791279908791,0.2727466511127528
NVDA,logistic_regression,1,2019-11-20,1,-1,0.36841904294114636,0.3258390566003845,0.3258390566003845,0.04257998634076188
NVDA,logistic_regression,1,2019-11-21,1,0,0.5378606185868421,0.19757068728581,0.2645686941273479,0.2732919244594942
NVDA,logistic_regression,1,2019-11-22,0,-1,0.44089548399290096,0.15656004103729557,0.40254447496980345,0.038351009023097515
NVDA,logistic_regression,1,2019-11-25,-1,0,0.6589089691555128,0.06790193886804434,0.27318909197644287,0.3857198771790699
NVDA,logistic_regression,1,2019-11-26,-1,0,0.5944362760641104,0.15549301466244111,0.25007070927344854,0.3443655667906619
NVDA,logistic_regression,1,2019-11-27,-1,0,0.4999327545500158,0.24229459349720237,0.2577726519527819,0.24216010259723392
NVDA,logistic_regression,1,2019-11-29,-1,0,0.5356371327365773,0.2307215968233304,0.23364127044009225,0.30199586229648506
NVDA,logistic_regression,1,2019-12-02,0,0,0.6147677914379724,0.16494180114197132,0.22029040742005612,0.3944773840179163
NVDA,logistic_regression,1,2019-12-03,1,-1,0.3846682816030012,0.37798218176251447,0.37798218176251447,0.006686099840486737
NVDA,logistic_regression,1,2019-12-04,1,0,0.4342114147450404,0.27810376831276473,0.28768481694219483,0.14652659780284555
NVDA,logistic_regression,1,2019-12-05,1,0,0.4282141492669551,0.3394033411066907,0.3394033411066907,0.08881080816026443
NVDA,logistic_regression,1,2019-12-06,1,0,0.5686831919398192,0.22782854320464302,0.22782854320464302,0.3408546487351762
NVDA,logistic_regression,1,2019-12-09,1,0,0.43739192288635975,0.32733219885121334,0.32733219885121334,0.11005972403514641
NVDA,logistic_regression,1,2019-12-10,1,0,0.43168121237018203,0.25104611563570667,0.31727267199411135,0.11440854037607068
NVDA,logistic_regression,1,2019-12-11,1,0,0.4375051180753244,0.2357594565847663,0.3267354253399093,0.11076969273541509
NVDA,logistic_regression,1,2019-12-12,1,-1,0.4172037708854864,0.2466616740936885,0.3361345550208252,0.0810692158646612
NVDA,logistic_regression,1,2019-12-13,1,0,0.5333455889775885,0.1885428244093111,0.2781115866131002,0.25523400236448834
NVDA,logistic_regression,1,2019-12-16,1,0,0.5480916149170176,0.22617536722928833,0.22617536722928833,0.3219162476877293
NVDA,logistic_regression,1,2019-12-17,1,0,0.5753366088546187,0.12526248989368677,0.2994009012516946,0.2759357076029241
NVDA,logistic_regression,1,2019-12-18,1,0,0.6339284870640336,0.13899889184587222,0.22707262109009438,0.4068558659739392
NVDA,logistic_regression,1,2019-12-19,0,0,0.590869560866468,0.12479736515243264,0.28433307398109936,0.30653648688536866
NVDA,logistic_regression,1,2019-12-20,-1,0,0.7329668194386397,0.07095207346821249,0.19608110709314786,0.5368857123454919
NVDA,logistic_regression,1,2019-12-23,0,0,0.6435778212053089,0.12969040193604905,0.226731776858642,0.41684604434666694
NVDA,logistic_regression,1,2019-12-24,0,0,0.5905758949224481,0.10945887199509713,0.2999652330824549,0.29061066183999323
NVDA,logistic_regression,1,2019-12-26,0,0,0.687069611107438,0.0861766016192368,0.22675378727332524,0.4603158238341128
NVDA,logistic_regression,1,2019-12-27,0,0,0.7139999706846446,0.10426200369670599,0.18173802561864932,0.5322619450659953
NVDA,logistic_regression,1,2019-12-30,1,0,0.5926537362958751,0.21415201576572973,0.21415201576572973,0.3785017205301454
NVDA,logistic_regression,1,2019-12-31,1,1,0.3927716003739021,0.3927716003739021,0.37649408875038204,0.016277511623520036
NVDA,logistic_regression,1,2020-01-02,0,0,0.6033241829455698,0.22810072494498232,0.22810072494498232,0.37522345800058743
NVDA,logistic_regression,1,2020-01-03,1,0,0.45706983474926166,0.37035719637043324,0.37035719637043324,0.08671263837882842
NVDA,logistic_regression,1,2020-01-06,1,1,0.3878285494561419,0.3878285494561419,0.3770728470547908,0.010755702401351097
NVDA,logistic_regression,1,2020-01-07,1,0,0.4878391823858634,0.29802280677099874,0.29802280677099874,0.18981637561486464
NVDA,logistic_regression,1,2020-01-08,1,0,0.4536818479122641,0.31798675182450414,0.31798675182450414,0.13569509608775998
NVDA,logistic_regression,1,2020-01-09,1,0,0.5683802509338106,0.24783729950995384,0.24783729950995384,0.3205429514238568
NVDA,logistic_regression,1,2020-01-10,1,0,0.6690033075410361,0.15191257830080024,0.17908411415816358,0.4899191933828725
NVDA,logistic_regression,1,2020-01-13,0,0,0.506422028508886,0.1902480425654387,0.3033299289256754,0.20309209958321056
NVDA,logistic_regression,1,2020-01-14,0,0,0.6522789932107832,0.13620122595988568,0.2115197808293312,0.440759212381452
NVDA,logistic_regression,1,2020-01-15,1,0,0.4969594498866457,0.2541048746577398,0.2541048746577398,0.2428545752289059
NVDA,logistic_regression,1,2020-01-16,0,0,0.6254551659400523,0.14441010590062225,0.2301347281593254,0.39532043778072695
NVDA,logistic_regression,1,2020-01-17,-1,0,0.6011108155638373,0.16309875158089526,0.23579043285526743,0.3653203827085698
NVDA,logistic_regression,1,2020-01-21,0,0,0.6116689266740537,0.16632744272510258,0.22200363060084372,0.38966529607321
NVDA,logistic_regression,1,2020-01-22,0,0,0.6070253720655194,0.1293626831961455,0.26361194473833505,0.3434134273271844
NVDA,logistic_regression,1,2020-01-23,-1,0,0.5658922828518417,0.1433328221267446,0.29077489502141374,0.27511738783042794
NVDA,logistic_regression,1,2020-01-24,-1,0,0.6512430318978489,0.12255791185283636,0.22619905624931477,0.42504397564853413
NVDA,logistic_regression,1,2020-01-27,0,-1,0.40770103513316247,0.32298954031226074,0.32298954031226074,0.08471149482090173
NVDA,logistic_regression,1,2020-01-28,0,-1,0.40392325406245233,0.35501667450185603,0.35501667450185603,0.0489065795605963
NVDA,logistic_regression,1,2020-01-29,1,0,0.49826879535243607,0.24781083895292602,0.25392036569463783,0.24434842965779824
NVDA,logistic_regression,1,2020-01-30,1,-1,0.346527203505419,0.34015089300202994,0.34015089300202994,0.006376310503389049
NVDA,logistic_regression,1,2020-01-31,1,0,0.5002776441572404,0.26778016721448916,0.26778016721448916,0.23249747694275125
NVDA,logistic_regression,1,2020-02-03,1,-1,0.429426302836699,0.40934657142036385,0.40934657142036385,0.020079731416335178
NVDA,logistic_regression,1,2020-02-04,1,0,0.5258081315495957,0.22895117914618862,0.24524068930421564,0.2805674422453801
NVDA,logistic_regression,1,2020-02-05,1,0,0.5090407405687605,0.23753486938662743,0.2534243900446121,0.2556163505241484
NVDA,logistic_regression,1,2020-02-06,1,0,0.5565894138037542,0.22283216394013636,0.22283216394013636,0.33375724986361777
NVDA,logistic_regression,1,2020-02-07,1,0,0.5041989996321007,0.2162785451978468,0.2795224551700524,0.22467654446204827
NVDA,logistic_regression,1,2020-02-10,1,-1,0.4575559236516918,0.10901676500130945,0.4334273113469988,0.024128612304692987
NVDA,logistic_regression,1,2020-02-11,1,0,0.6457421093093506,0.07906861136293118,0.27518927932771825,0.37055282998163236
NVDA,logistic_regression,1,2020-02-12,1,0,0.5498859856746718,0.1434644943347137,0.30664951999061446,0.24323646568405738
NVDA,logistic_regression,1,2020-02-13,1,0,0.7106338108803251,0.08603850219777924,0.20332768692189562,0.5073061239584294
NVDA,logistic_regression,1,2020-02-14,-1,0,0.7466674324640442,0.042294516712013716,0.2110380508239419,0.5356293816401023
NVDA,logistic_regression,1,2020-02-18,-1,0,0.49345447381592816,0.13936276423986035,0.36718276194421157,0.1262717118717166
NVDA,logistic_regression,1,2020-02-19,-1,0,0.5048826688342257,0.1187808334948482,0.37633649767092614,0.12854617116329958
NVDA,logistic_regression,1,2020-02-20,-1,0,0.7221319895658989,0.05191573367089138,0.22595227676320986,0.496179712802689
NVDA,logistic_regression,1,2020-02-21,-1,0,0.558768584814523,0.09156562483145093,0.34966579035402606,0.2091027944604969
NVDA,logistic_regression,1,2020-02-24,0,-1,0.47305772034696286,0.21949618162851922,0.3074460980245179,0.16561162232244497
NVDA,logistic_regression,1,2020-02-25,0,-1,0.3431713266578748,0.31794706251671195,0.3388816108254133,0.004289715832461516
NVDA,logistic_regression,1,2020-02-26,1,-1,0.40153891148096205,0.3877711754784816,0.3877711754784816,0.013767736002480435
NVDA,logistic_regression,1,2020-02-27,1,1,0.4803060433218794,0.4803060433218794,0.32886073717360514,0.15144530614827423
NVDA,logistic_regression,1,2020-02-28,0,1,0.5706743552840795,0.5706743552840795,0.42078656792544344,0.14988778735863606
NVDA,logistic_regression,1,2020-03-02,-1,-1,0.5360190882202044,0.18240680421546868,0.28157410756432705,0.25444498065587734
NVDA,logistic_regression,1,2020-03-03,0,-1,0.44249468184051033,0.3083210852151653,0.3083210852151653,0.134173596625345
NVDA,logistic_regression,1,2020-03-04,-1,-1,0.662698481814638,0.22143622339351554,0.22143622339351554,0.44126225842112243
NVDA,logistic_regression,1,2020-03-05,-1,-1,0.5049314900567958,0.1788830165820103,0.31618549336119384,0.188745996695602
NVDA,logistic_regression,1,2020-03-06,-1,-1,0.6105046774985827,0.23156908424953415,0.23156908424953415,0.3789355932490486
NVDA,logistic_regression,1,2020-03-09,-1,-1,0.6291109607620786,0.32403321172419375,0.32403321172419375,0.30507774903788487
NVDA,logistic_regression,1,2020-03-10,-1,-1,0.8964517980567691,0.07826872132425382,0.07826872132425382,0.8181830767325153
NVDA,logistic_regression,1,2020-03-11,-1,-1,0.5479465213398043,0.17412134067172186,0.2779321379884738,0.27001438335133043
NVDA,logistic_regression,1,2020-03-12,0,-1,0.732351143649493,0.23981765400058289,0.23981765400058289,0.4925334896489102
NVDA,logistic_regression,1,2020-03-13,-1,-1,0.8880853088305893,0.10615929007195242,0.10615929007195242,0.7819260187586369
NVDA,logistic_regression,1,2020-03-16,1,-1,0.7453711456065647,0.2430089729509149,0.2430089729509149,0.5023621726556498
NVDA,logistic_regression,1,2020-03-17,1,-1,0.8568047917401818,0.1428087425451396,0.1428087425451396,0.7139960491950421
NVDA,logistic_regression,1,2020-03-18,1,-1,0.920682346374792,0.06498543434628953,0.06498543434628953,0.8556969120285024
NVDA,logistic_regression,1,2020-03-19,1,-1,0.9598018119538794,0.03974909318446106,0.03974909318446106,0.9200527187694183
NVDA,logistic_regression,1,2020-03-20,1,-1,0.8109157633124041,0.07822976642070367,0.11085447026689225,0.7000612930455119
NVDA,logistic_regression,1,2020-03-23,1,-1,0.9743751672386989,0.024815563479865174,0.024815563479865174,0.9495596037588337
NVDA,logistic_regression,1,2020-03-24,1,-1,0.9848306059180025,0.01244492594949489,0.01244492594949489,0.9723856799685077
NVDA,logistic_regression,1,2020-03-25,0,-1,0.9616453702217814,0.011906774954251237,0.02644785482396726,0.9351975153978141
NVDA,logistic_regression,1,2020-03-26,0,-1,0.9763855799910591,0.005464092383657047,0.018150327625283857,0.9582352523657752
NVDA,logistic_regression,1,2020-03-27,-1,-1,0.9721963885308261,0.002261292047062814,0.025542319422110882,0.9466540691087153
NVDA,logistic_regression,1,2020-03-30,0,-1,0.993383520881761,0.0008039939823450267,0.005812485135894053,0.9875710357458669
NVDA,logistic_regression,1,2020-03-31,0,-1,0.7977175215331804,0.002621169766794147,0.1996613087000254,0.598056212833155
NVDA,logistic_regression,1,2020-04-01,1,-1,0.92423087828977,0.006812453281155194,0.06895666842907461,0.8552742098606954
NVDA,logistic_regression,1,2020-04-02,1,-1,0.9699014127369556,0.003745703887422191,0.02635288337562207,0.9435485293613336
NVDA,logistic_regression,1,2020-04-03,1,-1,0.8695040055220515,0.006149975628168143,0.12434601884978037,0.7451579866722712
NVDA,logistic_regression,1,2020-04-06,1,-1,0.9688890203540395,0.0038450703165960978,0.02726590932936455,0.9416231110246749
NVDA,logistic_regression,1,2020-04-07,1,0,0.6724060378199702,0.0018532384061780403,0.3257407237738517,0.3466653140461185
NVDA,logistic_regression,1,2020-04-08,1,-1,0.9002294922337071,0.0023221556782944976,0.09744835208799842,0.8027811401457087
NVDA,logistic_regression,1,2020-04-09,1,-1,0.5495981118903177,0.0012373658671286994,0.4491645222425536,0.10043358964776411
NVDA,logistic_regression,1,2020-04-13,1,-1,0.8908393602404242,0.007233085373461421,0.10192755438611423,0.78891180585431
NVDA,logistic_regression,1,2020-04-14,-1,-1,0.5656389981097167,0.008890145816257482,0.4254708560740258,0.14016814203569095
NVDA,logistic_regression,1,2020-04-15,0,-1,0.5969771423946467,0.013342748475499447,0.3896801091298539,0.20729703326479282
NVDA,logistic_regression,1,2020-04-16,-1,-1,0.613166834079664,0.005012158894298763,0.3818210070260372,0.23134582705362677
NVDA,logistic_regression,1,2020-04-17,0,-1,0.6303593907044355,0.0018784006129260857,0.3677622086826384,0.26259718202179705
NVDA,logistic_regression,1,2020-04-20,1,-1,0.7654344281288082,0.002507372569101702,0.2320581993020902,0.5333762288267181
NVDA,logistic_regression,1,2020-04-21,1,-1,0.7800931436118215,0.0004837141766532774,0.21942314221152534,0.5606700014002961
NVDA,logistic_regression,1,2020-04-22,1,-1,0.9355248318067716,0.0006306291917700622,0.06384453900145837,0.8716802928053132
NVDA,logistic_regression,1,2020-04-23,1,0,0.5166712242404935,0.0014096792974891005,0.48191909646201747,0.03475212777847603
NVDA,logistic_regression,1,2020-04-24,-1,-1,0.5777130369888499,0.0075071666886254275,0.4147797963225247,0.1629332406663252
NVDA,logistic_regression,1,2020-04-27,0,0,0.6939449834951619,0.0015374230681355786,0.3045175934367025,0.3894273900584594
NVDA,logistic_regression,1,2020-04-28,0,0,0.6266585549061395,0.0027070595001419287,0.37063438559371836,0.25602416931242117
NVDA,logistic_regression,1,2020-04-29,0,0,0.632806391669858,0.0024527685782518346,0.3647408397518902,0.26806555191796777
NVDA,logistic_regression,1,2020-04-30,1,0,0.7368788221291033,0.002706081942083848,0.260415095928813,0.47646372620029026
NVDA,logistic_regression,1,2020-05-01,1,0,0.551410281335424,0.007964796488501196,0.44062492217607474,0.11078535915934928
NVDA,logistic_regression,1,2020-05-04,1,-1,0.5535068986279394,0.018224311024772177,0.42826879034728843,0.12523810828065102
NVDA,logistic_regression,1,2020-05-05,1,0,0.7497119666384744,0.006609952129085442,0.2436780812324401,0.5060338854060342
NVDA,logistic_regression,1,2020-05-06,1,0,0.813516547490325,0.016547094883670708,0.16993635762600431,0.6435801898643206
NVDA,logistic_regression,1,2020-05-07,1,0,0.876392049676612,0.01179466998509716,0.1118132803382909,0.7645787693383211
NVDA,logistic_regression,1,2020-05-08,1,0,0.8283270033559385,0.03563163517036122,0.1360413614737003,0.6922856418822382
NVDA,logistic_regression,1,2020-05-11,1,0,0.8012468932656429,0.028536768157589522,0.17021633857676757,0.6310305546888754
NVDA,logistic_regression,1,2020-05-12,1,0,0.9119182028461175,0.015467909280249601,0.07261388787363313,0.8393043149724844
NVDA,logistic_regression,1,2020-05-13,1,0,0.7517074467834011,0.026698608759571356,0.2215939444570276,0.5301135023263734
NVDA,logistic_regression,1,2020-05-14,1,0,0.6472843512400697,0.014128190750372804,0.3385874580095574,0.30869689323051225
NVDA,logistic_regression,1,2020-05-15,1,0,0.5457843707093403,0.044337982566756196,0.4098776467239035,0.1359067239854368
NVDA,logistic_regression,1,2020-05-18,0,0,0.951891876529333,0.0038210120404316085,0.04428711143023537,0.9076047650990977
NVDA,logistic_regression,1,2020-05-19,-1,0,0.9249316079448614,0.009714417105588282,0.06535397494955042,0.859577632995311
NVDA,logistic_regression,1,2020-05-20,-1,0,0.9265309425922136,0.0037459400233652014,0.0697231173844211,0.8568078252077925
NVDA,logistic_regression,1,2020-05-21,0,0,0.9553627179913318,0.004822877399805763,0.0398144046088623,0.9155483133824694
NVDA,logistic_regression,1,2020-05-22,-1,0,0.8976570788275888,0.016574273580874856,0.08576864759153639,0.8118884312360525
NVDA,logistic_regression,1,2020-05-26,0,0,0.9658618783437903,0.008505082579480846,0.025633039076728883,0.9402288392670615
NVDA,logistic_regression,1,2020-05-27,1,0,0.9163222985149513,0.021670376198957536,0.06200732528609124,0.8543149732288601
NVDA,logistic_regression,1,2020-05-28,1,0,0.9432534099200041,0.027143250867875557,0.02960333921212037,0.9136500707078837
NVDA,logistic_regression,1,2020-05-29,0,0,0.9073536649829462,0.04423634344747213,0.048409991569581604,0.8589436734133646
NVDA,logistic_regression,1,2020-06-01,0,0,0.9702239817989086,0.01361602982769012,0.016159988373401282,0.9540639934255073
NVDA,logistic_regression,1,2020-06-02,1,0,0.9512048367242041,0.01346806938208094,0.035327093893715106,0.915877742830489
NVDA,logistic_regression,1,2020-06-03,1,0,0.9568314676442427,0.012019981233508439,0.031148551122248735,0.925682916521994
NVDA,logistic_regression,1,2020-06-04,0,0,0.9108466749935579,0.019953915448416765,0.0691994095580253,0.8416472654355326
NVDA,logistic_regression,1,2020-06-05,0,0,0.9358847350635361,0.014365157556412683,0.04975010738005138,0.8861346276834847
NVDA,logistic_regression,1,2020-06-08,1,0,0.9632552205672615,0.011231821813175745,0.02551295761956275,0.9377422629476988
NVDA,logistic_regression,1,2020-06-09,0,0,0.9249495689425663,0.014810467703521365,0.06023996335391222,0.8647096055886541
NVDA,logistic_regression,1,2020-06-10,0,0,0.9395503853500792,0.006597901194496502,0.05385171345542434,0.8856986718946548
NVDA,logistic_regression,1,2020-06-11,1,0,0.873451902667427,0.016526773371405186,0.11002132396116779,0.7634305787062592
NVDA,logistic_regression,1,2020-06-12,1,0,0.7415816570846845,0.010889012998444442,0.24752932991687104,0.49405232716781344
NVDA,logistic_regression,1,2020-06-15,1,-1,0.5488738651855309,0.007931046238302732,0.4431950885761664,0.10567877660936453
NVDA,logistic_regression,1,2020-06-16,1,0,0.7903880731431148,0.00443241414573017,0.20517951271115498,0.5852085604319598
NVDA,logistic_regression,1,2020-06-17,0,0,0.8469241875716025,0.004322062939765733,0.14875374948863174,0.6981704380829707
NVDA,logistic_regression,1,2020-06-18,1,0,0.7879028892182371,0.004506479102641224,0.2075906316791215,0.5803122575391156
NVDA,logistic_regression,1,2020-06-19,0,0,0.8168360292938259,0.003369502882945627,0.17979446782322836,0.6370415614705975
NVDA,logistic_regression,1,2020-06-22,-1,0,0.6892516963078176,0.006747716972289108,0.3040005867198933,0.3852511095879243
NVDA,logistic_regression,1,2020-06-23,0,0,0.8379269846692553,0.008821484778510425,0.1532515305522343,0.684675454117021
NVDA,logistic_regression,1,2020-06-24,1,0,0.8520697554440372,0.026563151179725186,0.12136709337623759,0.7307026620677995
NVDA,logistic_regression,1,2020-06-25,0,0,0.6872163158435214,0.02618067401075126,0.2866030101457273,0.4006133056977941
NVDA,logistic_regression,1,2020-06-26,1,0,0.8273754978857988,0.009338831359042224,0.163285670755159,0.6640898271306398
NVDA,logistic_regression,1,2020-06-29,1,0,0.5788438282519517,0.040944224536229465,0.3802119472118188,0.1986318810401329
NVDA,logistic_regression,1,2020-06-30,1,0,0.7826986132550136,0.02153532645864755,0.19576606028633875,0.5869325529686749
NVDA,logistic_regression,1,2020-07-01,1,0,0.8152603128761151,0.032848393026249416,0.15189129409763558,0.6633690187784795
NVDA,logistic_regression,1,2020-07-02,1,0,0.8876504450329442,0.022687199685200016,0.08966235528185583,0.7979880897510884
NVDA,logistic_regression,1,2020-07-06,1,0,0.8493063697132369,0.03700042682721516,0.11369320345954803,0.7356131662536889
NVDA,logistic_regression,1,2020-07-07,1,0,0.8909723374956046,0.04485961724438807,0.06416804526000727,0.8268042922355973
NVDA,logistic_regression,1,2020-07-08,0,0,0.8251127711382009,0.04474119257574682,0.13014603628605237,0.6949667348521485
NVDA,logistic_regression,1,2020-07-09,-1,0,0.8645905588573675,0.012498630692554557,0.12291081045007783,0.7416797484072897
NVDA,logistic_regression,1,2020-07-10,-1,0,0.8039447368603614,0.009615519742421882,0.18643974339721675,0.6175049934631447
NVDA,logistic_regression,1,2020-07-13,1,0,0.8059803537073081,0.016983066883013438,0.1770365794096786,0.6289437742976296
NVDA,logistic_regression,1,2020-07-14,0,0,0.5429389986970113,0.01895650387031067,0.43810449743267793,0.10483450126433341
NVDA,logistic_regression,1,2020-07-15,1,0,0.8978667391185311,0.012804046826624687,0.0893292140548441,0.808537525063687
NVDA,logistic_regression,1,2020-07-16,0,0,0.8165219321184621,0.024769119439960928,0.15870894844157685,0.6578129836768853
NVDA,logistic_regression,1,2020-07-17,0,0,0.9185482147845819,0.011324651449717265,0.07012713376570064,0.8484210810188813
NVDA,logistic_regression,1,2020-07-20,0,0,0.7693164684933994,0.020831060077426217,0.20985247142917432,0.5594639970642251
NVDA,logistic_regression,1,2020-07-21,0,0,0.9102945109552931,0.008360107143973684,0.08134538190073312,0.82894912905456
NVDA,logistic_regression,1,2020-07-22,0,0,0.8587489419081714,0.014460444551409227,0.12679061354041932,0.7319583283677521
NVDA,logistic_regression,1,2020-07-23,1,0,0.8494611735806609,0.012093810705722484,0.13844501571361678,0.7110161578670441
NVDA,logistic_regression,1,2020-07-24,1,-1,0.504855509984524,0.03318422438129675,0.46196026563417925,0.04289524435034475
NVDA,logistic_regression,1,2020-07-27,1,0,0.7478472702138149,0.01173668393581086,0.24041604585037413,0.5074312243634408
NVDA,logistic_regression,1,2020-07-28,1,0,0.8226732432981274,0.01163811778176067,0.1656886389201119,0.6569846043780155
NVDA,logistic_regression,1,2020-07-29,1,0,0.8048601099719734,0.010353183848550546,0.184786706179476,0.6200734037924974
NVDA,logistic_regression,1,2020-07-30,1,0,0.7089727437625527,0.01616848513950391,0.2748587710979433,0.4341139726646094
NVDA,logistic_regression,1,2020-07-31,1,0,0.7162011918600083,0.013839247876117537,0.26995956026387413,0.44624163159613417
NVDA,logistic_regression,1,2020-08-03,0,0,0.7731752473153101,0.013758657160373488,0.21306609552431635,0.5601091517909937
NVDA,logistic_regression,1,2020-08-04,-1,0,0.7354117058788691,0.008179672100799675,0.25640862202033127,0.4790030838585378
NVDA,logistic_regression,1,2020-08-05,0,0,0.784857404667602,0.0049446695600402725,0.21019792577235777,0.5746594788952443
NVDA,logistic_regression,1,2020-08-06,0,0,0.8027604878318992,0.0018151262441457431,0.19542438592395492,0.6073361019079443
NVDA,logistic_regression,1,2020-08-07,1,0,0.7712101534666536,0.003323393045185294,0.22546645348816133,0.5457436999784923
NVDA,logistic_regression,1,2020-08-10,1,0,0.8266169904329614,0.0053044302701930135,0.1680785792968456,0.6585384111361159
NVDA,logistic_regression,1,2020-08-11,1,0,0.8481980836771456,0.005981273190999486,0.14582064313185503,0.7023774405452905
NVDA,logistic_regression,1,2020-08-12,1,0,0.7453561784818457,0.01519927005126967,0.23944455146688476,0.5059116270149608
NVDA,logistic_regression,1,2020-08-13,1,0,0.9300380991831952,0.0052900406064019505,0.06467186021040285,0.8653662389727924
NVDA,logistic_regression,1,2020-08-14,1,0,0.8790505345779597,0.008445124667046734,0.11250434075499358,0.7665461938229661
NVDA,logistic_regression,1,2020-08-17,1,0,0.8650668836169267,0.004079701964050515,0.1308534144190228,0.734213469197904
NVDA,logistic_regression,1,2020-08-18,1,0,0.8996922843483842,0.004043016703528528,0.09626469894808742,0.8034275854002968
NVDA,logistic_regression,1,2020-08-19,1,0,0.9322816569216004,0.003939208055215345,0.06377913502318429,0.868502521898416
NVDA,logistic_regression,1,2020-08-20,1,0,0.8603842648808965,0.008065341426270183,0.1315503936928335,0.728833871188063
NVDA,logistic_regression,1,2020-08-21,1,0,0.7391535826046952,0.013101096745155296,0.24774532065014945,0.4914082619545458
NVDA,logistic_regression,1,2020-08-24,1,0,0.9464532564519121,0.003218044637467399,0.05032869891062043,0.8961245575412917
NVDA,logistic_regression,1,2020-08-25,1,0,0.9221029561026823,0.005500402963568262,0.07239664093374937,0.849706315168933
NVDA,logistic_regression,1,2020-08-26,1,0,0.9482641255617483,0.0024555437694808654,0.049280330668770765,0.8989837948929775
NVDA,logistic_regression,1,2020-08-27,1,0,0.921925368837372,0.00397129518033862,0.07410333598228941,0.8478220328550825
NVDA,logistic_regression,1,2020-08-28,-1,0,0.9097140593899843,0.00692402453126821,0.08336191607874749,0.8263521433112369
NVDA,logistic_regression,1,2020-08-31,-1,0,0.9243923998351375,0.003187153295546695,0.07242044686931583,0.8519719529658217
NVDA,logistic_regression,1,2020-09-01,-1,0,0.8887896331387156,0.0025627945903798324,0.10864757227090471,0.7801420608678109
NVDA,logistic_regression,1,2020-09-02,-1,0,0.9788864504883567,0.00023757633806506276,0.020875973173578238,0.9580104773147784
NVDA,logistic_regression,1,2020-09-03,-1,0,0.9367362830940636,0.001864552956852449,0.0613991639490841,0.8753371191449796
NVDA,logistic_regression,1,2020-09-04,0,0,0.7236982577724907,0.005835548167579909,0.27046619405992933,0.4532320637125614
NVDA,logistic_regression,1,2020-09-08,1,0,0.6832494197494753,0.008700355497064051,0.3080502247534608,0.3751991949960145
NVDA,logistic_regression,1,2020-09-09,0,0,0.8498291134387362,0.005472798932212131,0.1446980876290517,0.7051310258096846
NVDA,logistic_regression,1,2020-09-10,0,0,0.9828390802303641,0.0005491138842330672,0.016611805885402644,0.9662272743449615
NVDA,logistic_regression,1,2020-09-11,0,0,0.8766268151995364,0.0019374367029808656,0.12143574809748284,0.7551910671020536
NVDA,logistic_regression,1,2020-09-14,-1,0,0.9684660173518397,0.0001227266296203873,0.03141125601853999,0.9370547613332997
NVDA,logistic_regression,1,2020-09-15,-1,0,0.8752612733348619,0.00020558031036309313,0.12453314635477498,0.750728126980087
NVDA,logistic_regression,1,2020-09-16,-1,0,0.911330460251687,0.0003585520222941584,0.0883109877260189,0.8230194725256681
NVDA,logistic_regression,1,2020-09-17,0,0,0.7194930995692391,0.0007062251387594633,0.2798006752920014,0.4396924242772377
NVDA,logistic_regression,1,2020-09-18,1,0,0.7839951109303944,0.00044569200011884414,0.21555919706948692,0.5684359138609075
NVDA,logistic_regression,1,2020-09-21,1,-1,0.5428340830243523,0.0008668226142660671,0.45629909436138166,0.08653498866297066
NVDA,logistic_regression,1,2020-09-22,1,0,0.7768582989625132,0.0002896940927916671,0.2228520069446951,0.5540062920178181
NVDA,logistic_regression,1,2020-09-23,1,0,0.7557759713045044,0.0003838510994896236,0.24384017759600599,0.5119357937084984
NVDA,logistic_regression,1,2020-09-24,1,0,0.5132305923510304,0.0006589841307945863,0.48611042351817507,0.02712016883285534
NVDA,logistic_regression,1,2020-09-25,0,-1,0.5034921137556008,0.0008499133348633337,0.49565797290953595,0.007834140846064819
NVDA,logistic_regression,1,2020-09-28,1,0,0.7896095691118209,0.00024342687279998274,0.21014700401537909,0.5794625650964418
NVDA,logistic_regression,1,2020-09-29,1,0,0.7180608706072887,0.00034435305128680335,0.2815947763414246,0.43646609426586414
NVDA,logistic_regression,1,2020-09-30,1,0,0.5531069437415589,0.0001851761800000558,0.44670788007844103,0.10639906366311785
NVDA,logistic_regression,1,2020-10-01,0,0,0.7573916006641704,0.00012234686308453945,0.242486052472745,0.5149055481914254
NVDA,logistic_regression,1,2020-10-02,1,0,0.7491859907720506,0.00045043182891395305,0.2503635773990354,0.4988224133730152
NVDA,logistic_regression,1,2020-10-05,1,0,0.6670901111991794,0.0009220351589394584,0.33198785364188116,0.3351022575572982
NVDA,logistic_regression,1,2020-10-06,1,0,0.903642241969321,0.0003644674239376595,0.09599329060674137,0.8076489513625796
NVDA,logistic_regression,1,2020-10-07,0,0,0.8060678240546398,0.0004593074024336155,0.19347286854292658,0.6125949555117133
NVDA,logistic_regression,1,2020-10-08,0,0,0.9084605864935112,0.00030563051692573945,0.09123378298956293,0.8172268035039483
NVDA,logistic_regression,1,2020-10-09,0,0,0.8042712762639737,0.0008938038526913023,0.19483491988333515,0.6094363563806385
NVDA,logistic_regression,1,2020-10-12,-1,0,0.8477105537074398,0.0005206756395449986,0.15176877065301522,0.6959417830544246
NVDA,logistic_regression,1,2020-10-13,-1,0,0.9037652766857541,0.0005866846068516965,0.09564803870739413,0.80811723797836
NVDA,logistic_regression,1,2020-10-14,-1,0,0.9052508981572958,0.0013877392430319219,0.09336136259967227,0.8118895355576234
NVDA,logistic_regression,1,2020-10-15,-1,0,0.8264489301709458,0.0017871252711952309,0.17176394455785884,0.654684985613087
NVDA,logistic_regression,1,2020-10-16,0,0,0.8335565677156124,0.0018894352977399786,0.1645539969866477,0.6690025707289646
NVDA,logistic_regression,1,2020-10-19,-1,0,0.8109845809444299,0.0011990999793289779,0.18781631907624113,0.6231682618681889
NVDA,logistic_regression,1,2020-10-20,0,0,0.7244059102036237,0.0023576931966769916,0.2732363965996994,0.45116951360392427
NVDA,logistic_regression,1,2020-10-21,-1,0,0.7574758616484163,0.0023657715089536123,0.24015836684263014,0.5173174948057861
NVDA,logistic_regression,1,2020-10-22,-1,0,0.7117260592287341,0.0021711545185234124,0.2861027862527425,0.4256232729759916
NVDA,logistic_regression,1,2020-10-23,-1,0,0.6729334924602758,0.003006961761527902,0.3240595457781963,0.3488739466820795
NVDA,logistic_regression,1,2020-10-26,-1,0,0.6752340800868978,0.003070298752509702,0.32169562116059247,0.3535384589263053
NVDA,logistic_regression,1,2020-10-27,-1,0,0.553195517367096,0.0037715263659347095,0.44303295626696915,0.1101625611001269
NVDA,logistic_regression,1,2020-10-28,1,0,0.6531240778834463,0.0024349537412164377,0.3444409683753374,0.3086831095081089
NVDA,logistic_regression,1,2020-10-29,1,-1,0.7278246880495742,0.005133292554804885,0.26704201939562094,0.4607826686539533
NVDA,logistic_regression,1,2020-10-30,1,0,0.6108526554183331,0.003825898954226767,0.3853214456274401,0.22553120979089303
NVDA,logistic_regression,1,2020-11-02,1,-1,0.6550137052262973,0.006161597836039751,0.33882469693766276,0.31618900828863455
NVDA,logistic_regression,1,2020-11-03,0,-1,0.5097604514933836,0.003014067967962541,0.4872254805386539,0.02253497095472967
NVDA,logistic_regression,1,2020-11-04,-1,0,0.5490008868365474,0.001729512621788228,0.4492696005416645,0.09973128629488287
NVDA,logistic_regression,1,2020-11-05,-1,0,0.8682150842160902,0.0010980120578114147,0.1306869037260985,0.7375281804899917
NVDA,logistic_regression,1,2020-11-06,-1,0,0.6929576152395073,0.0025409173728933388,0.3045014673875994,0.38845614785190785
NVDA,logistic_regression,1,2020-11-09,0,0,0.8745595754692667,0.000595937277288079,0.12484448725344521,0.7497150882158214
NVDA,logistic_regression,1,2020-11-10,1,0,0.8491013797946146,0.0012377060950744456,0.14966091411031088,0.6994404656843037
NVDA,logistic_regression,1,2020-11-11,0,0,0.8477365356557481,0.0014423850194143191,0.1508210793248375,0.6969154563309107
NVDA,logistic_regression,1,2020-11-12,0,0,0.945681858432957,0.0007488576210183302,0.0535692839460246,0.8921125744869325
NVDA,logistic_regression,1,2020-11-13,0,0,0.9592946547274601,0.0007241786294916455,0.039981166643048204,0.9193134880844119
NVDA,logistic_regression,1,2020-11-16,-1,0,0.9237875569396222,0.000753688339117353,0.07545875472126042,0.8483288022183618
NVDA,logistic_regression,1,2020-11-17,-1,0,0.9210071378816665,0.0007580097838818218,0.07823485233445157,0.842772285547215
NVDA,logistic_regression,1,2020-11-18,0,0,0.9322306604436114,0.0007104155487593373,0.06705892400762921,0.8651717364359821
NVDA,logistic_regression,1,2020-11-19,0,0,0.8838575832072488,0.001848634775287752,0.11429378201746354,0.7695638011897853
NVDA,logistic_regression,1,2020-11-20,1,0,0.9030333257599165,0.0018921047865444825,0.09507456945353908,0.8079587563063774
NVDA,logistic_regression,1,2020-11-23,0,0,0.8721404108057536,0.0016688159465976546,0.1261907732476488,0.7459496375581047
NVDA,logistic_regression,1,2020-11-24,1,0,0.8817085031889373,0.0006990443690088167,0.1175924524420537,0.7641160507468836
NVDA,logistic_regression,1,2020-11-25,0,0,0.811853551454321,0.0014300402490427648,0.18671640829663622,0.6251371431576849
NVDA,logistic_regression,1,2020-11-27,1,0,0.8852332459815848,0.0007640516355314688,0.11400270238288379,0.771230543598701
NVDA,logistic_regression,1,2020-11-30,0,0,0.7992500889724513,0.0011635871911105187,0.19958632383643807,0.5996637651360133
NVDA,logistic_regression,1,2020-12-01,0,0,0.8591038173271761,0.001140453342853957,0.13975572932996985,0.7193480879972063
NVDA,logistic_regression,1,2020-12-02,-1,0,0.7423167053276795,0.0023288820305953748,0.2553544126417251,0.48696229268595437
NVDA,logistic_regression,1,2020-12-03,-1,0,0.8550342180321628,0.0012494854619145026,0.1437162965059227,0.7113179215262402
NVDA,logistic_regression,1,2020-12-04,-1,0,0.8372880723213167,0.0016040604427586796,0.16110786723592466,0.6761802050853921
NVDA,logistic_regression,1,2020-12-07,-1,0,0.860620325443699,0.000859839905128411,0.13851983465117274,0.7221004907925264
NVDA,logistic_regression,1,2020-12-08,0,0,0.8974610471990047,0.0032349866336393424,0.09930396616735597,0.7981570810316487
NVDA,logistic_regression,1,2020-12-09,1,0,0.9162441969528199,0.009188350309565772,0.0745674527376142,0.8416767442152057
NVDA,logistic_regression,1,2020-12-10,1,0,0.7876653618127917,0.015978769472073245,0.1963558687151351,0.5913094930976566
NVDA,logistic_regression,1,2020-12-11,0,0,0.8386126275567841,0.008643775278739208,0.15274359716447683,0.6858690303923073
NVDA,logistic_regression,1,2020-12-14,0,0,0.8513458054761078,0.015201126385057688,0.13345306813883456,0.7178927373372732
NVDA,logistic_regression,1,2020-12-15,0,0,0.8824951561493674,0.011753297751818678,0.1057515460988139,0.7767436100505535
NVDA,logistic_regression,1,2020-12-16,0,0,0.8739023332502138,0.010042730573324526,0.11605493617646177,0.757847397073752
NVDA,logistic_regression,1,2020-12-17,-1,0,0.8329647460975206,0.009603361805953054,0.15743189209652636,0.6755328540009942
NVDA,logistic_regression,1,2020-12-18,-1,0,0.8416486829130181,0.009324522895331413,0.14902679419165044,0.6926218887213677
NVDA,logistic_regression,1,2020-12-21,-1,0,0.6948875634981839,0.03100736516107751,0.2741050713407385,0.4207824921574454
NVDA,logistic_regression,1,2020-12-22,0,0,0.8008810740391786,0.021215532292747884,0.17790339366807356,0.6229776803711051
NVDA,logistic_regression,1,2020-12-23,0,0,0.8311166345077889,0.02658521755697076,0.14229814793524026,0.6888184865725486
NVDA,logistic_regression,1,2020-12-24,0,0,0.7700482148906719,0.03470514636870256,0.1952466387406255,0.5748015761500463
NVDA,logistic_regression,1,2020-12-28,1,0,0.8761936291089223,0.010679154470916916,0.11312721642016076,0.7630664126887615
NVDA,logistic_regression,1,2020-12-29,-1,0,0.7735989187020154,0.029013041081565098,0.1973880402164196,0.5762108784855957
NVDA,logistic_regression,1,2020-12-30,0,0,0.8122617646908473,0.024777569566379446,0.16296066574277326,0.6493010989480741
NVDA,logistic_regression,1,2020-12-31,0,0,0.7956775397819065,0.02351659006608029,0.1808058701520133,0.6148716696298931
NVDA,logistic_regression,1,2021-01-04,1,0,0.8279938498567395,0.009669302313631872,0.16233684782962873,0.6656570020271108
NVDA,logistic_regression,1,2021-01-05,0,0,0.656903346457996,0.029111967044190445,0.31398468649781364,0.34291865996018234
NVDA,logistic_regression,1,2021-01-06,1,0,0.8346423516872261,0.01063657146453793,0.15472107684823588,0.6799212748389902
NVDA,logistic_regression,1,2021-01-07,0,0,0.7469879233808956,0.03794022527514534,0.215071851343959,0.5319160720369366
NVDA,logistic_regression,1,2021-01-08,-1,0,0.9107870668125253,0.012432513393349767,0.07678041979412491,0.8340066470184004
NVDA,logistic_regression,1,2021-01-11,-1,0,0.8469653987158002,0.014560870070370154,0.13847373121382958,0.7084916675019707
NVDA,logistic_regression,1,2021-01-12,0,0,0.933491409951789,0.006101269718158508,0.060407320330052396,0.8730840896217367
NVDA,logistic_regression,1,2021-01-13,1,0,0.7266614361188838,0.009337936445113623,0.2640006274360025,0.4626608086828813
NVDA,logistic_regression,1,2021-01-14,1,0,0.9056084863354154,0.00555442528629238,0.08883708837829214,0.8167713979571232
NVDA,logistic_regression,1,2021-01-15,1,0,0.8165559724254825,0.01658431939522267,0.16685970817929474,0.6496962642461878
NVDA,logistic_regression,1,2021-01-19,1,0,0.8335098745162113,0.017344258468079545,0.1491458670157091,0.6843640075005022
NVDA,logistic_regression,1,2021-01-20,-1,0,0.8150658132030281,0.015856373567323008,0.16907781322964896,0.6459879999733791
NVDA,logistic_regression,1,2021-01-21,-1,0,0.7789793943679733,0.0102272308749384,0.21079337475708831,0.568186019610885
NVDA,logistic_regression,1,2021-01-22,-1,0,0.8679389015505883,0.0037944172922570072,0.12826668115715467,0.7396722203934336
NVDA,logistic_regression,1,2021-01-25,-1,0,0.7678001687057167,0.006548041354696129,0.2256517899395873,0.5421483787661294
NVDA,logistic_regression,1,2021-01-26,0,0,0.8194516411073774,0.006615603299282113,0.1739327555933403,0.6455188855140371
NVDA,logistic_regression,1,2021-01-27,1,0,0.8690069744301258,0.0052647161088247825,0.12572830946104963,0.7432786649690761
NVDA,logistic_regression,1,2021-01-28,1,0,0.7268524782494239,0.018936783295460356,0.2542107384551159,0.472641739794308
NVDA,logistic_regression,1,2021-01-29,1,0,0.807911055607273,0.00957580003965824,0.18251314435306865,0.6253979112542044
NVDA,logistic_regression,1,2021-02-01,1,0,0.6732887580684657,0.016763610676811896,0.30994763125472247,0.3633411268137432
NVDA,logistic_regression,1,2021-02-02,1,0,0.8035129909472535,0.0053469198150274885,0.19114008923771897,0.6123729017095345
NVDA,logistic_regression,1,2021-02-03,1,0,0.7635354354719234,0.0044963537549383955,0.23196821077313823,0.5315672246987851
NVDA,logistic_regression,1,2021-02-04,1,0,0.7785874124704429,0.013455112045500187,0.2079574754840569,0.5706299369863861
NVDA,logistic_regression,1,2021-02-05,1,0,0.8458425386631685,0.0057359162731622166,0.1484215450636694,0.697420993599499
NVDA,logistic_regression,1,2021-02-08,1,0,0.7699165690227939,0.00709804185145365,0.22298538912575233,0.5469311798970415
NVDA,logistic_regression,1,2021-02-09,1,0,0.8861801971690823,0.0031923375318019184,0.11062746529911602,0.7755527318699662
NVDA,logistic_regression,1,2021-02-10,0,0,0.8130792348995651,0.0028361516318715467,0.18408461346856342,0.6289946214310017
NVDA,logistic_regression,1,2021-02-11,-1,0,0.8854106318156127,0.001418967629666456,0.11317040055472093,0.7722402312608918
NVDA,logistic_regression,1,2021-02-12,-1,0,0.8010456623008773,0.0035796490673989665,0.1953746886317238,0.6056709736691535
NVDA,logistic_regression,1,2021-02-16,-1,0,0.8829586517832765,0.004471561411618225,0.11256978680510522,0.7703888649781713
NVDA,logistic_regression,1,2021-02-17,-1,0,0.9014949908368454,0.00305431536296178,0.095450693800193,0.8060442970366524
NVDA,logistic_regression,1,2021-02-18,-1,0,0.8533209922284064,0.007074466966532514,0.1396045408050611,0.7137164514233453
NVDA,logistic_regression,1,2021-02-19,-1,0,0.929638213460488,0.0019153061700300394,0.06844648036948205,0.8611917330910059
NVDA,logistic_regression,1,2021-02-22,-1,0,0.8427095947410281,0.005298012311546381,0.15199239294742561,0.6907172017936025
NVDA,logistic_regression,1,2021-02-23,-1,0,0.7654385438923746,0.006274195884269642,0.22828726022335571,0.5371512836690189
NVDA,logistic_regression,1,2021-02-24,-1,0,0.7886175585435489,0.00476082125700267,0.20662162019944866,0.5819959383441002
NVDA,logistic_regression,1,2021-02-25,-1,0,0.873373633263438,0.0025509065972364794,0.12407546013932567,0.7492981731241123
NVDA,logistic_regression,1,2021-02-26,-1,0,0.8318660976778794,0.005308336541689925,0.16282556578043067,0.6690405318974488
NVDA,logistic_regression,1,2021-03-01,-1,0,0.8419866823828978,0.0014352090222760413,0.15657810859482615,0.6854085737880716
NVDA,logistic_regression,1,2021-03-02,-1,0,0.8464901584094768,0.0032648908999226185,0.15024495069060048,0.6962452077188763
NVDA,logistic_regression,1,2021-03-03,-1,0,0.9145387098023879,0.001619853884551825,0.08384143631305999,0.830697273489328
NVDA,logistic_regression,1,2021-03-04,1,0,0.6490154751272059,0.003601062730223202,0.3473834621425709,0.30163201298463505
NVDA,logistic_regression,1,2021-03-05,1,0,0.6093323401723773,0.00530828866334519,0.38535937116427765,0.2239729690080996
NVDA,logistic_regression,1,2021-03-08,1,0,0.8783519534172031,0.002604170275785156,0.11904387630701177,0.7593080771101913
NVDA,logistic_regression,1,2021-03-09,1,0,0.7446714851065549,0.002801771331041544,0.25252674356240357,0.49214474154415133
NVDA,logistic_regression,1,2021-03-10,1,0,0.9364639566912685,0.000529426479873488,0.06300661682885798,0.8734573398624105
NVDA,logistic_regression,1,2021-03-11,-1,0,0.8000992514614805,0.0006730545420251188,0.1992276939964944,0.6008715574649861
NVDA,logistic_regression,1,2021-03-12,0,0,0.8321851181459105,0.00029301369463058613,0.16752186815945888,0.6646632499864515
NVDA,logistic_regression,1,2021-03-15,0,0,0.5151339059243284,0.0009517163306015493,0.4839143777450701,0.03121952817925827
NVDA,logistic_regression,1,2021-03-16,0,0,0.8677206762460001,0.00021992100152008393,0.13205940275247963,0.7356612734935205
NVDA,logistic_regression,1,2021-03-17,-1,0,0.629670680224373,0.000897303671580844,0.36943201610404613,0.26023866412032687
NVDA,logistic_regression,1,2021-03-18,0,0,0.8745751311464273,0.0003500397090374209,0.12507482914453535,0.7495003020018919
NVDA,logistic_regression,1,2021-03-19,0,0,0.6859673758388801,0.0008382060201689689,0.31319441814095084,0.3727729576979293
NVDA,logistic_regression,1,2021-03-22,0,0,0.717297467378804,0.0007078505771136023,0.28199468204408246,0.4353027853347215
NVDA,logistic_regression,1,2021-03-23,0,0,0.8384796053242193,0.00061577741952669,0.16090461725625416,0.6775749880679651
NVDA,logistic_regression,1,2021-03-24,1,0,0.8647889550959391,0.0005186430896234177,0.13469240181443745,0.7300965532815017
NVDA,logistic_regression,1,2021-03-25,1,0,0.6438875331632709,0.0014449755056611159,0.35466749133106806,0.2892200418322028
NVDA,logistic_regression,1,2021-03-26,1,0,0.596093551853058,0.0010018179089487734,0.40290463023799317,0.19318892161506485
NVDA,logistic_regression,1,2021-03-29,1,0,0.8183004121199329,0.0016020807032360775,0.18009750717683098,0.638202904943102
NVDA,logistic_regression,1,2021-03-30,1,0,0.8318071078764079,0.002120956457060335,0.1660719356665318,0.6657351722098761
NVDA,logistic_regression,1,2021-03-31,1,0,0.7776514284771964,0.002255920818902412,0.22009265070390105,0.5575587777732953
NVDA,logistic_regression,1,2021-04-01,1,0,0.8091578244084373,0.001660959828435823,0.18918121576312694,0.6199766086453103
NVDA,logistic_regression,1,2021-04-05,1,0,0.8777518674702743,0.0022597563245876197,0.11998837620513804,0.7577634912651363
NVDA,logistic_regression,1,2021-04-06,1,0,0.9388952357098852,0.00528352556474519,0.05582123872536949,0.8830739969845157
NVDA,logistic_regression,1,2021-04-07,1,0,0.8300699813439857,0.003739993560928044,0.16619002509508624,0.6638799562488995
NVDA,logistic_regression,1,2021-04-08,1,0,0.9235462916546614,0.0019846477674370032,0.07446906057790165,0.8490772310767598
NVDA,logistic_regression,1,2021-04-09,1,0,0.8994738843155924,0.002483726076598835,0.09804238960780882,0.8014314947077835
NVDA,logistic_regression,1,2021-04-12,0,0,0.9089478794337014,0.0006507987484422453,0.0904013218178563,0.818546557615845
NVDA,logistic_regression,1,2021-04-13,-1,0,0.8974734342202935,0.0012088556022278045,0.1013177101774788,0.7961557240428146
NVDA,logistic_regression,1,2021-04-14,0,0,0.9345909019115823,0.0008494826482672929,0.06455961544015039,0.8700312864714319
NVDA,logistic_regression,1,2021-04-15,-1,0,0.9189496441382039,0.000514479565603195,0.08053587629619276,0.8384137678420112
NVDA,logistic_regression,1,2021-04-16,-1,0,0.9553602925848158,0.0007421643441242104,0.04389754307105987,0.9114627495137559
NVDA,logistic_regression,1,2021-04-19,0,0,0.9323940039597575,0.0015185662445544974,0.06608742979568807,0.8663065741640694
NVDA,logistic_regression,1,2021-04-20,0,0,0.9510385270304816,0.0011855570711304985,0.04777591589838787,0.9032626111320937
NVDA,logistic_regression,2,2021-04-21,0,1,0.4005940444346035,0.4005940444346035,0.3721719631037346,0.028422081330868876
NVDA,logistic_regression,2,2021-04-22,1,0,0.454838240432837,0.3890223205112892,0.3890223205112892,0.06581591992154778
NVDA,logistic_regression,2,2021-04-23,0,1,0.46632435396589494,0.46632435396589494,0.35129827462606306,0.11502607933983189
NVDA,logistic_regression,2,2021-04-26,-1,1,0.4562190442773035,0.4562190442773035,0.31953251475732325,0.13668652951998023
NVDA,logistic_regression,2,2021-04-27,-1,1,0.4469365327715415,0.4469365327715415,0.34957491109732974,0.09736162167421175
NVDA,logistic_regression,2,2021-04-28,-1,0,0.4191587371443059,0.3839672665014359,0.3839672665014359,0.03519147064286998
NVDA,logistic_regression,2,2021-04-29,-1,1,0.43132498297842314,0.43132498297842314,0.2903303760011822,0.14099460697724092
NVDA,logistic_regression,2,2021-04-30,0,1,0.3924094779886238,0.3924094779886238,0.3537490780924996,0.03866039989612419
NVDA,logistic_regression,2,2021-05-03,-1,1,0.3887216527808871,0.3887216527808871,0.36631342854468363,0.022408224236203478
NVDA,logistic_regression,2,2021-05-04,0,0,0.4132994273952003,0.3495891388701414,0.3495891388701414,0.06371028852505889
NVDA,logistic_regression,2,2021-05-05,-1,1,0.4212433485193956,0.4212433485193956,0.3252537934013313,0.09598955511806428
NVDA,logistic_regression,2,2021-05-06,-1,1,0.38460739790639004,0.38460739790639004,0.3432063348066521,0.041401063099737956
NVDA,logistic_regression,2,2021-05-07,-1,0,0.4150340753316286,0.334513335980562,0.334513335980562,0.08052073935106663
NVDA,logistic_regression,2,2021-05-10,0,0,0.3723112187314152,0.32855964865086984,0.32855964865086984,0.043751570080545366
NVDA,logistic_regression,2,2021-05-11,-1,-1,0.4329240897244078,0.3713280258495299,0.3713280258495299,0.06159606387487793
NVDA,logistic_regression,2,2021-05-12,1,1,0.37436934952146206,0.37436934952146206,0.3631841738476372,0.011185175673824876
NVDA,logistic_regression,2,2021-05-13,1,-1,0.36938253060244813,0.36597632973615163,0.36597632973615163,0.003406200866296505
NVDA,logistic_regression,2,2021-05-14,1,-1,0.3728960779114202,0.35840352592106656,0.35840352592106656,0.014492551990353653
NVDA,logistic_regression,2,2021-05-17,1,1,0.34299856646346805,0.34299856646346805,0.34079697118173574,0.002201595281732305
NVDA,logistic_regression,2,2021-05-18,1,0,0.3718997670338211,0.3256398874550243,0.3256398874550243,0.04625987957879679
NVDA,logistic_regression,2,2021-05-19,1,-1,0.4296071711827024,0.2978345504541531,0.2978345504541531,0.13177262072854934
NVDA,logistic_regression,2,2021-05-20,1,-1,0.40250847375300425,0.33028479641398606,0.33028479641398606,0.07222367733901819
NVDA,logistic_regression,2,2021-05-21,1,0,0.5559275495488273,0.20248834545295508,0.24158410499821756,0.3143434445506097
NVDA,logistic_regression,2,2021-05-24,1,-1,0.4073496701478884,0.28375923025630856,0.308891099595803,0.0984585705520854
NVDA,logistic_regression,2,2021-05-25,1,0,0.4014623502921463,0.2473278110998972,0.3512098386079564,0.05025251168418987
NVDA,logistic_regression,2,2021-05-26,1,0,0.44481515885473466,0.22268152096562285,0.33250332017964246,0.1123118386750922
NVDA,logistic_regression,2,2021-05-27,1,0,0.5589929320722552,0.18424727583107306,0.2567597920966718,0.3022331399755834
NVDA,logistic_regression,2,2021-05-28,1,-1,0.42110188251825387,0.316632121568517,0.316632121568517,0.10446976094973687
NVDA,logistic_regression,2,2021-06-01,1,0,0.4255418156437062,0.28460607318103404,0.2898521111752597,0.13568970446844647
NVDA,logistic_regression,2,2021-06-02,1,0,0.3912229528189044,0.2995350648624934,0.30924198231860217,0.08198097050030223
NVDA,logistic_regression,2,2021-06-03,1,0,0.3894082248309969,0.2808025806697903,0.32978919449921285,0.05961903033178406
NVDA,logistic_regression,2,2021-06-04,0,0,0.3586804621262378,0.2974759555433184,0.34384358233044393,0.014836879795793845
NVDA,logistic_regression,2,2021-06-07,1,0,0.4056722110230884,0.29665445750577474,0.29767333147113684,0.10799887955195159
NVDA,logistic_regression,2,2021-06-08,0,1,0.38043956513423505,0.38043956513423505,0.3451305880996121,0.035308977034622935
NVDA,logistic_regression,2,2021-06-09,1,0,0.4687261247647589,0.3068166425443589,0.3068166425443589,0.16190948222039997
NVDA,logistic_regression,2,2021-06-10,1,0,0.38325390693306066,0.3783530509015287,0.3783530509015287,0.004900856031531953
NVDA,logistic_regression,2,2021-06-11,1,0,0.462449228198253,0.3364229735310228,0.3364229735310228,0.12602625466723022
NVDA,logistic_regression,2,2021-06-14,1,0,0.40241186583694344,0.36962868245860003,0.36962868245860003,0.032783183378343406
NVDA,logistic_regression,2,2021-06-15,1,0,0.41486851474361874,0.37028739275237843,0.37028739275237843,0.04458112199124031
NVDA,logistic_regression,2,2021-06-16,1,0,0.3950138166193606,0.3704651809557875,0.3704651809557875,0.02454863566357307
NVDA,logistic_regression,2,2021-06-17,1,1,0.34891090201293357,0.34891090201293357,0.34184249995179433,0.007068402061139234
NVDA,logistic_regression,2,2021-06-18,1,1,0.3893518797393184,0.3893518797393184,0.3427098577147235,0.04664202202459489
NVDA,logistic_regression,2,2021-06-21,1,1,0.42323188006681794,0.42323188006681794,0.29312193052777125,0.1301099495390467
NVDA,logistic_regression,2,2021-06-22,1,1,0.35654739225999904,0.35654739225999904,0.3219542699452413,0.03459312231475775
NVDA,logistic_regression,2,2021-06-23,1,0,0.4120833976227104,0.32294743931810943,0.32294743931810943,0.08913595830460097
NVDA,logistic_regression,2,2021-06-24,1,0,0.5069760318419435,0.28640222666357285,0.28640222666357285,0.22057380517837066
NVDA,logistic_regression,2,2021-06-25,1,0,0.44237628650361577,0.33293146572218485,0.33293146572218485,0.10944482078143092
NVDA,logistic_regression,2,2021-06-28,1,0,0.4410539315001104,0.2801448524544141,0.2801448524544141,0.1609090790456963
NVDA,logistic_regression,2,2021-06-29,0,0,0.4656089145815004,0.2897654656480403,0.2897654656480403,0.1758434489334601
NVDA,logistic_regression,2,2021-06-30,0,0,0.5508117554167623,0.24467624328777574,0.24467624328777574,0.3061355121289866
NVDA,logistic_regression,2,2021-07-01,0,0,0.5403229616381096,0.2228993339716546,0.23677770439023588,0.3035452572478737
NVDA,logistic_regression,2,2021-07-02,0,0,0.5072040377682645,0.2386970433655319,0.2540989188662035,0.253105118902061
NVDA,logistic_regression,2,2021-07-06,-1,0,0.607391441862887,0.19437257361229177,0.1982359845248211,0.40915545733806585
NVDA,logistic_regression,2,2021-07-07,-1,0,0.5299023178777363,0.25195300645151997,0.25195300645151997,0.27794931142621637
NVDA,logistic_regression,2,2021-07-08,-1,0,0.4615458429984053,0.3040855454840264,0.3040855454840264,0.1574602975143789
NVDA,logistic_regression,2,2021-07-09,-1,0,0.42104067558920116,0.3390676728557639,0.3390676728557639,0.08197300273343727
NVDA,logistic_regression,2,2021-07-12,-1,0,0.5325511582690781,0.26065243355093826,0.26065243355093826,0.2718987247181398
NVDA,logistic_regression,2,2021-07-13,-1,0,0.47654005058730653,0.30219620852867307,0.30219620852867307,0.17434384205863346
NVDA,logistic_regression,2,2021-07-14,-1,0,0.44978437804705884,0.3138220844566588,0.3138220844566588,0.13596229359040002
NVDA,logistic_regression,2,2021-07-15,1,0,0.36291485574010085,0.36043531499878634,0.36043531499878634,0.002479540741314512
NVDA,logistic_regression,2,2021-07-16,1,1,0.40428499693622066,0.40428499693622066,0.3043794314181308,0.09990556551808988
NVDA,logistic_regression,2,2021-07-19,1,1,0.46885149003445575,0.46885149003445575,0.3613868485388917,0.10746464149556406
NVDA,logistic_regression,2,2021-07-20,1,1,0.44873327136242797,0.44873327136242797,0.28652206920152223,0.16221120216090573
NVDA,logistic_regression,2,2021-07-21,0,1,0.41768848700795674,0.41768848700795674,0.29846057353535216,0.11922791347260459
NVDA,logistic_regression,2,2021-07-22,0,0,0.3686793731072345,0.3147168020645115,0.31660382482825405,0.05207554827898042
NVDA,logistic_regression,2,2021-07-23,0,-1,0.3443263211074276,0.3421421292573064,0.3421421292573064,0.0021841918501211977
NVDA,logistic_regression,2,2021-07-26,1,1,0.35648722547775946,0.35648722547775946,0.3229286934491994,0.03355853202856007
NVDA,logistic_regression,2,2021-07-27,1,-1,0.37854652417033985,0.33776847856982617,0.33776847856982617,0.04077804560051368
NVDA,logistic_regression,2,2021-07-28,1,1,0.3420150845015299,0.3420150845015299,0.3302041240947609,0.011810960406768989
NVDA,logistic_regression,2,2021-07-29,1,0,0.42418274502650377,0.2815132271018535,0.2943040278716427,0.12987871715486105
NVDA,logistic_regression,2,2021-07-30,1,0,0.481750178589788,0.24425452554584462,0.2739952958643674,0.20775488272542064
NVDA,logistic_regression,2,2021-08-02,1,0,0.41642623683587154,0.2516629273677231,0.33191083579640535,0.0845154010394662
NVDA,logistic_regression,2,2021-08-03,0,-1,0.4023405724292714,0.24673539131893146,0.3509240362517972,0.051416536177474215
NVDA,logistic_regression,2,2021-08-04,-1,-1,0.3616204172162285,0.29508610257756845,0.343293480206203,0.018326937010025524
NVDA,logistic_regression,2,2021-08-05,-1,0,0.39896960452820157,0.2663318673621558,0.3346985281096427,0.06427107641855889
NVDA,logistic_regression,2,2021-08-06,0,0,0.3934697042656271,0.2835696186708294,0.3229606770635435,0.07050902720208363
NVDA,logistic_regression,2,2021-08-09,0,0,0.4092198971023823,0.2702464679483159,0.32053363494930176,0.08868626215308056
NVDA,logistic_regression,2,2021-08-10,-1,0,0.41010778137488135,0.2712766504701472,0.3186155681549714,0.09149221321990997
NVDA,logistic_regression,2,2021-08-11,-1,0,0.3658860838398166,0.3364128376523748,0.3364128376523748,0.029473246187441793
NVDA,logistic_regression,2,2021-08-12,0,1,0.3775916513909535,0.3775916513909535,0.35440954264723434,0.023182108743719176
NVDA,logistic_regression,2,2021-08-13,1,0,0.38704105837376956,0.35892871387961084,0.35892871387961084,0.028112344494158725
NVDA,logistic_regression,2,2021-08-16,1,1,0.35525777642117806,0.35525777642117806,0.3272836950375219,0.027974081383656146
NVDA,logistic_regression,2,2021-08-17,1,1,0.3977185833798926,0.3977185833798926,0.31606937237676497,0.08164921100312761
NVDA,logistic_regression,2,2021-08-18,1,1,0.36936084676426073,0.36936084676426073,0.3167152023432346,0.05264564442102615
NVDA,logistic_regression,2,2021-08-19,1,-1,0.41393720401783085,0.35023411460183396,0.35023411460183396,0.0637030894159969
NVDA,logistic_regression,2,2021-08-20,1,1,0.41991142457185304,0.41991142457185304,0.35447581433043973,0.06543561024141331
NVDA,logistic_regression,2,2021-08-23,1,1,0.4168599906647821,0.4168599906647821,0.35347539548651297,0.06338459517826911
NVDA,logistic_regression,2,2021-08-24,1,1,0.3500870475674341,0.3500870475674341,0.34454461687343835,0.005542430693995737
NVDA,logistic_regression,2,2021-08-25,0,-1,0.3799090809888069,0.3118535529765666,0.3118535529765666,0.0680555280122403
NVDA,logistic_regression,2,2021-08-26,0,0,0.3515310430601754,0.32791823073205445,0.32791823073205445,0.023612812328120958
NVDA,logistic_regression,2,2021-08-27,0,0,0.41739000329216686,0.31727516650087567,0.31727516650087567,0.10011483679129118
NVDA,logistic_regression,2,2021-08-30,0,0,0.5177090588368499,0.27557127191242115,0.27557127191242115,0.24213778692442878
NVDA,logistic_regression,2,2021-08-31,0,0,0.527234304678271,0.27416217441471596,0.27416217441471596,0.2530721302635551
NVDA,logistic_regression,2,2021-09-01,0,0,0.5728370558541576,0.23437712129977903,0.23437712129977903,0.3384599345543785
NVDA,logistic_regression,2,2021-09-02,0,0,0.5539439737664518,0.2411989610379237,0.2411989610379237,0.31274501272852806
NVDA,logistic_regression,2,2021-09-03,-1,0,0.44229407178220503,0.303026181058607,0.303026181058607,0.13926789072359802
NVDA,logistic_regression,2,2021-09-07,0,0,0.3957617609804087,0.3487577154413486,0.3487577154413486,0.047004045539060124
NVDA,logistic_regression,2,2021-09-08,0,0,0.3833139982303651,0.35454519226236997,0.35454519226236997,0.028768805967995137
NVDA,logistic_regression,2,2021-09-09,0,1,0.41221815906421316,0.41221815906421316,0.32322944898309336,0.0889887100811198
NVDA,logistic_regression,2,2021-09-10,-1,0,0.39067053426945975,0.3568538841858199,0.3568538841858199,0.03381665008363982
NVDA,logistic_regression,2,2021-09-13,-1,1,0.40599130302315806,0.40599130302315806,0.3035536645828532,0.10243763844030485
NVDA,logistic_regression,2,2021-09-14,-1,1,0.43108949112226336,0.43108949112226336,0.30995290264489805,0.1211365884773653
NVDA,logistic_regression,2,2021-09-15,0,1,0.4096717509012033,0.4096717509012033,0.3084146922513105,0.10125705864989276
NVDA,logistic_regression,2,2021-09-16,0,1,0.4237954801274941,0.4237954801274941,0.3080442093332934,0.11575127079420067
NVDA,logistic_regression,2,2021-09-17,0,0,0.45531301667778384,0.3098874133190648,0.3098874133190648,0.14542560335871907
NVDA,logistic_regression,2,2021-09-20,1,1,0.42788543637638965,0.42788543637638965,0.34873369688124045,0.0791517394951492
NVDA,logistic_regression,2,2021-09-21,-1,1,0.398311240772036,0.398311240772036,0.33997602844367264,0.05833521232836336
NVDA,logistic_regression,2,2021-09-22,-1,-1,0.3593995476697194,0.35039582604229513,0.35039582604229513,0.009003721627424244
NVDA,logistic_regression,2,2021-09-23,-1,0,0.34140449698685144,0.3244535122069752,0.3341419908061734,0.00726250618067803
NVDA,logistic_regression,2,2021-09-24,-1,0,0.3726662986696704,0.3198996217395402,0.3198996217395402,0.05276667693013021
NVDA,logistic_regression,2,2021-09-27,-1,-1,0.3609093086488537,0.3130856717820977,0.32600501956904865,0.03490428907980503
NVDA,logistic_regression,2,2021-09-28,0,1,0.35268219660816996,0.35268219660816996,0.346845515647129,0.005836680961040952
NVDA,logistic_regression,2,2021-09-29,0,1,0.4243643935423488,0.4243643935423488,0.30967981735370514,0.11468457618864364
NVDA,logistic_regression,2,2021-09-30,0,1,0.38046943837264824,0.38046943837264824,0.34639909255050544,0.0340703458221428
NVDA,logistic_regression,2,2021-10-01,0,1,0.38163175877207606,0.38163175877207606,0.3139900704956542,0.06764168827642186
NVDA,logistic_regression,2,2021-10-04,1,1,0.3545023805954487,0.3545023805954487,0.33827783430756875,0.01622454628787995
NVDA,logistic_regression,2,2021-10-05,0,-1,0.3996405505729541,0.39668988349662293,0.39668988349662293,0.0029506670763311815
NVDA,logistic_regression,2,2021-10-06,0,-1,0.4097742588671742,0.37622765078442905,0.37622765078442905,0.03354660808274518
NVDA,logistic_regression,2,2021-10-07,1,1,0.37556066085160006,0.37556066085160006,0.3177202842307536,0.057840376620846456
NVDA,logistic_regression,2,2021-10-08,1,1,0.35554610319748897,0.35554610319748897,0.3548598667525633,0.0006862364449256586
NVDA,logistic_regression,2,2021-10-11,1,-1,0.413478908625564,0.35338415290064656,0.35338415290064656,0.06009475572491746
NVDA,logistic_regression,2,2021-10-12,1,-1,0.3781099671242482,0.3143233427036169,0.3143233427036169,0.06378662442063132
NVDA,logistic_regression,2,2021-10-13,1,0,0.38682607123213486,0.28846526405352724,0.3247086647143379,0.06211740651779696
NVDA,logistic_regression,2,2021-10-14,1,0,0.3647499793079216,0.2834493845962691,0.35180063609580936,0.012949343212112219
NVDA,logistic_regression,2,2021-10-15,1,0,0.414893607138655,0.27207648217997654,0.31302991068136843,0.10186369645728655
NVDA,logistic_regression,2,2021-10-18,1,-1,0.4001259323089138,0.2825039117825227,0.3173701559085634,0.08275577640035042
NVDA,logistic_regression,2,2021-10-19,1,-1,0.37488463826815593,0.25590605803543487,0.36920930369640914,0.005675334571746793
NVDA,logistic_regression,2,2021-10-20,1,0,0.37394113096624926,0.2660748138675836,0.3599840551661671,0.013957075800082153
NVDA,logistic_regression,2,2021-10-21,1,-1,0.37037797176783366,0.2681426816336798,0.3614793465984866,0.008898625169347085
NVDA,logistic_regression,2,2021-10-22,1,0,0.4541604307061066,0.24035909109720227,0.30548047819669105,0.14867995250941557
NVDA,logistic_regression,2,2021-10-25,1,0,0.40994910218774416,0.27879922026199255,0.31125167755026323,0.09869742463748093
NVDA,logistic_regression,2,2021-10-26,1,0,0.4431418406143529,0.23458479435277707,0.3222733650328701,0.12086847558148284
NVDA,logistic_regression,2,2021-10-27,1,0,0.3400151413011073,0.3334542845589283,0.3334542845589283,0.006560856742179044
NVDA,logistic_regression,2,2021-10-28,1,0,0.45304084661030214,0.27945148731458874,0.27945148731458874,0.1735893592957134
NVDA,logistic_regression,2,2021-10-29,1,0,0.3902753373661327,0.2846790579788974,0.32504560465496996,0.06522973271116272
NVDA,logistic_regression,2,2021-11-01,1,0,0.3731675737628241,0.35520079105637026,0.35520079105637026,0.017966782706453854
NVDA,logistic_regression,2,2021-11-02,1,0,0.42470235689027097,0.32657469992662125,0.32657469992662125,0.09812765696364972
NVDA,logistic_regression,2,2021-11-03,1,0,0.5038754182792912,0.27528358768908984,0.27528358768908984,0.22859183059020133
NVDA,logistic_regression,2,2021-11-04,0,-1,0.3950634756070749,0.25549554795302665,0.34944097643989847,0.04562249916717642
NVDA,logistic_regression,2,2021-11-05,1,0,0.4119059023074663,0.3532625925572545,0.3532625925572545,0.058643309750211814
NVDA,logistic_regression,2,2021-11-08,-1,0,0.4077937990479108,0.3939068063162904,0.3939068063162904,0.013886992731620418
NVDA,logistic_regression,2,2021-11-09,0,0,0.4238332142997807,0.3612135499843966,0.3612135499843966,0.06261966431538413
NVDA,logistic_regression,2,2021-11-10,0,1,0.5230277218753144,0.5230277218753144,0.2428923133082475,0.2801354085670669
NVDA,logistic_regression,2,2021-11-11,1,0,0.490000317205065,0.3985760118886384,0.3985760118886384,0.09142430531642659
NVDA,logistic_regression,2,2021-11-12,1,0,0.48728546051375554,0.38955440224956356,0.38955440224956356,0.09773105826419198
NVDA,logistic_regression,2,2021-11-15,1,0,0.48733079661725326,0.4126211640115479,0.4126211640115479,0.07470963260570535
NVDA,logistic_regression,2,2021-11-16,1,0,0.46280960611580324,0.4319816872894233,0.4319816872894233,0.03082791882637992
NVDA,logistic_regression,2,2021-11-17,1,0,0.47271377982523544,0.41572814987307793,0.41572814987307793,0.0569856299521575
NVDA,logistic_regression,2,2021-11-18,0,0,0.4890358473452074,0.40976334260611713,0.40976334260611713,0.07927250473909025
NVDA,logistic_regression,2,2021-11-19,0,1,0.5556545249191123,0.5556545249191123,0.29265367779069185,0.2630008471284204
NVDA,logistic_regression,2,2021-11-22,1,1,0.5787454552347859,0.5787454552347859,0.26041522465426536,0.31833023058052057
NVDA,logistic_regression,2,2021-11-23,0,1,0.5504860187912968,0.5504860187912968,0.25272626056047515,0.2977597582308216
NVDA,logistic_regression,2,2021-11-24,0,1,0.5485158136034163,0.5485158136034163,0.26274102154634255,0.28577479205707373
NVDA,logistic_regression,2,2021-11-26,-1,1,0.5235336538934026,0.5235336538934026,0.3421473446520398,0.1813863092413628
NVDA,logistic_regression,2,2021-11-29,-1,0,0.43843647205097813,0.43028465716377773,0.43028465716377773,0.008151814887200404
NVDA,logistic_regression,2,2021-11-30,0,0,0.4534528829025053,0.40096129270451125,0.40096129270451125,0.05249159019799404
NVDA,logistic_regression,2,2021-12-01,0,1,0.4991296466661767,0.4991296466661767,0.35562923089386,0.1435004157723167
NVDA,logistic_regression,2,2021-12-02,-1,1,0.47945877871545073,0.47945877871545073,0.34402524747582364,0.1354335312396271
NVDA,logistic_regression,2,2021-12-03,0,1,0.4393710245705237,0.4393710245705237,0.33276928962559066,0.10660173494493302
NVDA,logistic_regression,2,2021-12-06,-1,1,0.5649528337250516,0.5649528337250516,0.21896081032993517,0.34599202339511637
NVDA,logistic_regression,2,2021-12-07,-1,1,0.47650410077643046,0.47650410077643046,0.27942129342724487,0.1970828073491856
NVDA,logistic_regression,2,2021-12-08,-1,0,0.4393207427761145,0.3840471857519963,0.3840471857519963,0.05527355702411818
NVDA,logistic_regression,2,2021-12-09,-1,1,0.4888995366643702,0.4888995366643702,0.35115572430277303,0.13774381236159716
NVDA,logistic_regression,2,2021-12-10,-1,1,0.4078250113364276,0.4078250113364276,0.3843476113302982,0.023477400006129412
NVDA,logistic_regression,2,2021-12-13,0,1,0.5262660644541576,0.5262660644541576,0.25483589860329275,0.2714301658508648
NVDA,logistic_regression,2,2021-12-14,1,1,0.5937275715888494,0.5937275715888494,0.2331468318648482,0.3605807397240012
NVDA,logistic_regression,2,2021-12-15,-1,1,0.587395726094763,0.587395726094763,0.2697882967331252,0.31760742936163777
NVDA,logistic_regression,2,2021-12-16,1,1,0.5776817393588898,0.5776817393588898,0.24484010484513904,0.3328416345137507
NVDA,logistic_regression,2,2021-12-17,1,1,0.4768794542583576,0.4768794542583576,0.3557668622911968,0.12111259196716079
NVDA,logistic_regression,2,2021-12-20,1,1,0.45377747425685294,0.45377747425685294,0.28199264884095776,0.17178482541589518
NVDA,logistic_regression,2,2021-12-21,1,1,0.5025554753190086,0.5025554753190086,0.3095791973670018,0.19297627795200678
NVDA,logistic_regression,2,2021-12-22,0,1,0.47468749027208035,0.47468749027208035,0.3027795300291518,0.17190796024292854
NVDA,logistic_regression,2,2021-12-23,0,0,0.4181473030752429,0.35391703750743936,0.35391703750743936,0.06423026556780354
NVDA,logistic_regression,2,2021-12-27,-1,1,0.37267316474367496,0.37267316474367496,0.3683341084993555,0.004339056244319461
NVDA,logistic_regression,2,2021-12-28,-1,0,0.45533529861503785,0.25970691138782864,0.2849577899971334,0.17037750861790446
NVDA,logistic_regression,2,2021-12-29,-1,0,0.41246368833090075,0.31721671666982415,0.31721671666982415,0.0952469716610766
NVDA,logistic_regression,2,2021-12-30,-1,1,0.3666583825549516,0.3666583825549516,0.34066136100948285,0.025997021545468735
NVDA,logistic_regression,2,2021-12-31,-1,0,0.42083971177572704,0.3155863214614795,0.3155863214614795,0.10525339031424752
NVDA,logistic_regression,2,2022-01-03,-1,0,0.5020094805047535,0.274875480095267,0.274875480095267,0.22713400040948645
NVDA,logistic_regression,2,2022-01-04,-1,1,0.36558474454175016,0.36558474454175016,0.3616162621890652,0.003968482352684988
NVDA,logistic_regression,2,2022-01-05,0,1,0.4442695122473364,0.4442695122473364,0.278249310420975,0.1660202018263614
NVDA,logistic_regression,2,2022-01-06,-1,1,0.4715257318797216,0.4715257318797216,0.31541898797756257,0.156106743902159
NVDA,logistic_regression,2,2022-01-07,0,1,0.48016468798640094,0.48016468798640094,0.262187310285493,0.21797737770090791
NVDA,logistic_regression,2,2022-01-10,-1,1,0.5652424842538795,0.5652424842538795,0.2864984058959743,0.27874407835790516
NVDA,logistic_regression,2,2022-01-11,-1,1,0.5700243484897095,0.5700243484897095,0.2708857224966979,0.2991386259930116
NVDA,logistic_regression,2,2022-01-12,-1,1,0.501845666553349,0.501845666553349,0.280977461079492,0.22086820547385694
NVDA,logistic_regression,2,2022-01-13,-1,1,0.4560041384028729,0.4560041384028729,0.27854527001554374,0.17745886838732916
NVDA,logistic_regression,2,2022-01-14,-1,1,0.5583703168812659,0.5583703168812659,0.29378767841740605,0.2645826384638599
NVDA,logistic_regression,2,2022-01-18,-1,1,0.5395331526298003,0.5395331526298003,0.26255274338376033,0.27698040924603995
NVDA,logistic_regression,2,2022-01-19,-1,1,0.5568077255584174,0.5568077255584174,0.24936142712047674,0.3074462984379407
NVDA,logistic_regression,2,2022-01-20,-1,1,0.5163348138133282,0.5163348138133282,0.2703848216820025,0.24594999213132573
NVDA,logistic_regression,2,2022-01-21,-1,1,0.5274910000531471,0.5274910000531471,0.32098869095564614,0.20650230909750095
NVDA,logistic_regression,2,2022-01-24,1,1,0.5479195166196361,0.5479195166196361,0.3979494269475688,0.14997008967206732
NVDA,logistic_regression,2,2022-01-25,1,1,0.5459260691419805,0.5459260691419805,0.29974927357232206,0.24617679556965844
NVDA,logistic_regression,2,2022-01-26,1,1,0.5323661494405569,0.5323661494405569,0.3460535849021026,0.18631256453845435
NVDA,logistic_regression,2,2022-01-27,1,1,0.5313559703842119,0.5313559703842119,0.3890025271560254,0.1423534432281865
NVDA,logistic_regression,2,2022-01-28,1,1,0.519031782767505,0.519031782767505,0.40286466675945254,0.1161671160080524
NVDA,logistic_regression,2,2022-01-31,0,1,0.4720846338237702,0.4720846338237702,0.4225388331847645,0.04954580063900571
NVDA,logistic_regression,2,2022-02-01,0,1,0.41238814052802103,0.41238814052802103,0.38725439739581136,0.025133743132209674
NVDA,logistic_regression,2,2022-02-02,1,1,0.3834237754574911,0.3834237754574911,0.35866431441664176,0.024759461040849362
NVDA,logistic_regression,2,2022-02-03,1,1,0.43960828661734397,0.43960828661734397,0.4028191644840988,0.036789122133245145
NVDA,logistic_regression,2,2022-02-04,0,1,0.4262815816584343,0.4262815816584343,0.37395825122621595,0.05232333043221837
NVDA,logistic_regression,2,2022-02-07,0,1,0.4160380292917842,0.4160380292917842,0.3080982051479113,0.10793982414387288
NVDA,logistic_regression,2,2022-02-08,1,1,0.402156347634496,0.402156347634496,0.33233942538396155,0.06981692225053443
NVDA,logistic_regression,2,2022-02-09,0,1,0.3533210484706138,0.3533210484706138,0.3257958025837672,0.027525245886846572
NVDA,logistic_regression,2,2022-02-10,-1,-1,0.34162051738313964,0.33360857552259193,0.33360857552259193,0.008011941860547711
NVDA,logistic_regression,2,2022-02-11,0,1,0.46851360997305525,0.46851360997305525,0.29919213621000984,0.1693214737630454
NVDA,logistic_regression,2,2022-02-14,-1,1,0.5146531257639579,0.5146531257639579,0.3234377550737501,0.19121537069020783
NVDA,logistic_regression,2,2022-02-15,-1,1,0.48325806013603867,0.48325806013603867,0.35300300762900155,0.13025505250703712
NVDA,logistic_regression,2,2022-02-16,-1,1,0.496958808859951,0.496958808859951,0.2977832687123279,0.19917554014762306
NVDA,logistic_regression,2,2022-02-17,0,1,0.5274828623125599,0.5274828623125599,0.27180787173854526,0.25567499057401466
NVDA,logistic_regression,2,2022-02-18,1,1,0.569748338024098,0.569748338024098,0.28220856570486297,0.287539772319235
NVDA,logistic_regression,2,2022-02-22,0,1,0.6147118365378695,0.6147118365378695,0.24883233429650198,0.36587950224136756
NVDA,logistic_regression,2,2022-02-23,1,1,0.6730290663124657,0.6730290663124657,0.16523222469627175,0.507796841616194
NVDA,logistic_regression,2,2022-02-24,0,1,0.6968116393040445,0.6968116393040445,0.2791182727566871,0.41769336654735745
NVDA,logistic_regression,2,2022-02-25,-1,1,0.6149460461985033,0.6149460461985033,0.2154126195219184,0.399533426676585
NVDA,logistic_regression,2,2022-02-28,-1,1,0.5549155073391261,0.5549155073391261,0.2291039268906859,0.32581158044844016
NVDA,logistic_regression,2,2022-03-01,-1,1,0.49986373780980764,0.49986373780980764,0.26561123158449695,0.23425250622531069
NVDA,logistic_regression,2,2022-03-02,-1,1,0.5228406381384941,0.5228406381384941,0.35803864941356117,0.16480198872493296
NVDA,logistic_regression,2,2022-03-03,-1,1,0.5128750729900413,0.5128750729900413,0.2736777993333411,0.23919727365670024
NVDA,logistic_regression,2,2022-03-04,-1,1,0.5268160557607772,0.5268160557607772,0.25955990340512836,0.2672561523556488
NVDA,logistic_regression,2,2022-03-07,0,1,0.540726324464338,0.540726324464338,0.25285451172397844,0.28787181274035956
NVDA,logistic_regression,2,2022-03-08,1,1,0.5454408209150583,0.5454408209150583,0.33032777514569994,0.21511304576935836
NVDA,logistic_regression,2,2022-03-09,1,1,0.45246017999964394,0.45246017999964394,0.27540118178705614,0.1770589982125878
NVDA,logistic_regression,2,2022-03-10,1,1,0.4581986102698712,0.4581986102698712,0.28105792776803956,0.17714068250183163
NVDA,logistic_regression,2,2022-03-11,1,1,0.45866444199321177,0.45866444199321177,0.2834647936082182,0.17519964838499358
NVDA,logistic_regression,2,2022-03-14,1,1,0.48331004129358357,0.48331004129358357,0.362659736862161,0.12065030443142255
NVDA,logistic_regression,2,2022-03-15,1,1,0.46375738000162114,0.46375738000162114,0.4488224066139639,0.014934973387657258
NVDA,logistic_regression,2,2022-03-16,1,1,0.39201869399639333,0.39201869399639333,0.3846219305418894,0.007396763454503907
NVDA,logistic_regression,2,2022-03-17,1,1,0.4043290888941378,0.4043290888941378,0.33854854585289296,0.06578054304124487
NVDA,logistic_regression,2,2022-03-18,1,-1,0.4687410203092701,0.3625981652424964,0.3625981652424964,0.10614285506677373
NVDA,logistic_regression,2,2022-03-21,1,-1,0.4330066287326588,0.3009719552104011,0.3009719552104011,0.13203467352225773
NVDA,logistic_regression,2,2022-03-22,1,0,0.37277072454841315,0.32697009901131563,0.32697009901131563,0.04580062553709752
NVDA,logistic_regression,2,2022-03-23,1,1,0.41747467813943506,0.41747467813943506,0.3437008041800129,0.07377387395942214
NVDA,logistic_regression,2,2022-03-24,-1,1,0.4038124510177893,0.4038124510177893,0.3901453982602614,0.013667052757527887
NVDA,logistic_regression,2,2022-03-25,-1,0,0.5023351155298048,0.3190513613715971,0.3190513613715971,0.1832837541582077
NVDA,logistic_regression,2,2022-03-28,-1,0,0.5465285926515072,0.29251644719891007,0.29251644719891007,0.25401214545259715
NVDA,logistic_regression,2,2022-03-29,-1,0,0.5386478474501066,0.27671335138547914,0.27671335138547914,0.2619344960646275
NVDA,logistic_regression,2,2022-03-30,-1,0,0.3955650608559363,0.3937404635326756,0.3937404635326756,0.0018245973232606794
NVDA,logistic_regression,2,2022-03-31,-1,0,0.4617840930572279,0.3980944397526622,0.3980944397526622,0.06368965330456572
NVDA,logistic_regression,2,2022-04-01,-1,1,0.521759041806301,0.521759041806301,0.2953112735460665,0.22644776826023444
NVDA,logistic_regression,2,2022-04-04,-1,1,0.6132063382427188,0.6132063382427188,0.2267488016493986,0.38645753659332016
NVDA,logistic_regression,2,2022-04-05,-1,1,0.5350379527857058,0.5350379527857058,0.32635312719539605,0.2086848255903097
NVDA,logistic_regression,2,2022-04-06,-1,1,0.5003014305285901,0.5003014305285901,0.34918135509611414,0.15112007543247596
NVDA,logistic_regression,2,2022-04-07,-1,1,0.6233181989745028,0.6233181989745028,0.21211727008024073,0.4112009288942621
NVDA,logistic_regression,2,2022-04-08,-1,1,0.5870700202374879,0.5870700202374879,0.23979375377411505,0.34727626646337284
NVDA,logistic_regression,2,2022-04-11,0,1,0.6417279377115792,0.6417279377115792,0.21822921197027803,0.4234987257413012
NVDA,logistic_regression,2,2022-04-12,0,1,0.6022505274664771,0.6022505274664771,0.21658530534864226,0.3856652221178348
NVDA,logistic_regression,2,2022-04-13,-1,1,0.5807113139441398,0.5807113139441398,0.27256098089226155,0.3081503330518782
NVDA,logistic_regression,2,2022-04-14,-1,1,0.5494795202222986,0.5494795202222986,0.24441938518395911,0.3050601350383395
NVDA,logistic_regression,2,2022-04-18,-1,1,0.5232930744249797,0.5232930744249797,0.3071717775026225,0.21612129692235726
NVDA,logistic_regression,2,2022-04-19,-1,1,0.44669132834170444,0.44669132834170444,0.40747913900700516,0.03921218933469928
NVDA,logistic_regression,2,2022-04-20,-1,1,0.47001807059359696,0.47001807059359696,0.34460827754538026,0.1254097930482167
NVDA,logistic_regression,2,2022-04-21,0,1,0.4930142428973255,0.4930142428973255,0.35005062947143917,0.14296361342588632
NVDA,logistic_regression,2,2022-04-22,-1,1,0.45089302522733593,0.45089302522733593,0.31790612527959233,0.1329868999477436
NVDA,logistic_regression,2,2022-04-25,0,1,0.46123414658833556,0.46123414658833556,0.3483504468371664,0.11288369975116913
NVDA,logistic_regression,2,2022-04-26,1,1,0.4264270139098044,0.4264270139098044,0.31214243968137273,0.11428457422843169
NVDA,logistic_regression,2,2022-04-27,1,1,0.45811044381196964,0.45811044381196964,0.2994857847354764,0.15862465907649326
NVDA,logistic_regression,2,2022-04-28,-1,-1,0.4584298592173929,0.4190581644372131,0.4190581644372131,0.03937169478017977
NVDA,logistic_regression,2,2022-04-29,0,1,0.444387351937023,0.444387351937023,0.38441435816715314,0.059972993769869865
NVDA,logistic_regression,2,2022-05-02,-1,1,0.46679638339400015,0.46679638339400015,0.3906120939958348,0.07618428939816535
NVDA,logistic_regression,2,2022-05-03,-1,-1,0.44882947102378495,0.3709644955311743,0.3709644955311743,0.07786497549261068
NVDA,logistic_regression,2,2022-05-04,-1,-1,0.4968625295155095,0.3868956480044709,0.3868956480044709,0.10996688151103862
NVDA,logistic_regression,2,2022-05-05,-1,1,0.44881009921229476,0.44881009921229476,0.31651030583677603,0.13229979337551873
NVDA,logistic_regression,2,2022-05-06,-1,1,0.4720150335030678,0.4720150335030678,0.40349991602111224,0.06851511748195555
NVDA,logistic_regression,2,2022-05-09,0,1,0.5601021989124771,0.5601021989124771,0.27514084006098827,0.2849613588514889
NVDA,logistic_regression,2,2022-05-10,1,1,0.5523112714788505,0.5523112714788505,0.24196341657164108,0.3103478549072094
NVDA,logistic_regression,2,2022-05-11,0,1,0.5431225864983102,0.5431225864983102,0.2374866747551324,0.30563591174317783
NVDA,logistic_regression,2,2022-05-12,1,1,0.6140623249643878,0.6140623249643878,0.27306400449051915,0.3409983204738687
NVDA,logistic_regression,2,2022-05-13,-1,1,0.5364451711545523,0.5364451711545523,0.3454938073348046,0.19095136381974764
NVDA,logistic_regression,2,2022-05-16,-1,1,0.4881231854873191,0.4881231854873191,0.3293460775169465,0.1587771079703726
NVDA,logistic_regression,2,2022-05-17,-1,1,0.4775916151938731,0.4775916151938731,0.2868899917233167,0.19070162347055641
NVDA,logistic_regression,2,2022-05-18,0,1,0.5263020837008,0.5263020837008,0.3635466125265187,0.1627554711742813
NVDA,logistic_regression,2,2022-05-19,1,1,0.5382871936237485,0.5382871936237485,0.35913111725897173,0.17915607636477682
NVDA,logistic_regression,2,2022-05-20,1,1,0.534947029347173,0.534947029347173,0.3546448428436721,0.18030218650350088
NVDA,logistic_regression,2,2022-05-23,1,1,0.5077834119003353,0.5077834119003353,0.3385363446015016,0.16924706729883365
NVDA,logistic_regression,2,2022-05-24,1,1,0.5226024567647559,0.5226024567647559,0.26278120603844307,0.25982125072631285
NVDA,logistic_regression,2,2022-05-25,1,1,0.5035097025462161,0.5035097025462161,0.3735182098383289,0.12999149270788718
NVDA,logistic_regression,2,2022-05-26,1,-1,0.5429124912163118,0.40801924727504857,0.40801924727504857,0.13489324394126323
NVDA,logistic_regression,2,2022-05-27,0,1,0.45075430793358207,0.45075430793358207,0.3940914386839408,0.05666286924964126
NVDA,logistic_regression,2,2022-05-31,0,-1,0.3808584959301812,0.3579704089038109,0.3579704089038109,0.022888087026370296
NVDA,logistic_regression,2,2022-06-01,0,-1,0.4555695653101764,0.39683189224462184,0.39683189224462184,0.05873767306555455
NVDA,logistic_regression,2,2022-06-02,-1,-1,0.5613318250018524,0.34136654428225716,0.34136654428225716,0.21996528071959526
NVDA,logistic_regression,2,2022-06-03,-1,1,0.4089661516789542,0.4089661516789542,0.3212584408560565,0.08770771082289774
NVDA,logistic_regression,2,2022-06-06,-1,1,0.41534840262258105,0.41534840262258105,0.33131953039450807,0.08402887222807298
NVDA,logistic_regression,2,2022-06-07,-1,1,0.4587217969249563,0.4587217969249563,0.31454476787943486,0.14417702904552143
NVDA,logistic_regression,2,2022-06-08,-1,1,0.3797322034628985,0.3797322034628985,0.35407840301841337,0.02565380044448512
NVDA,logistic_regression,2,2022-06-09,-1,1,0.4675278631069149,0.4675278631069149,0.31117203811158156,0.15635582499533335
NVDA,logistic_regression,2,2022-06-10,-1,1,0.545107396432215,0.545107396432215,0.2312078273202339,0.313899569111981
NVDA,logistic_regression,2,2022-06-13,1,1,0.5739524671553199,0.5739524671553199,0.24262140518058595,0.33133106197473394
NVDA,logistic_regression,2,2022-06-14,1,1,0.6121281538163736,0.6121281538163736,0.24435965357667475,0.36776850023969887
NVDA,logistic_regression,2,2022-06-15,0,1,0.531375278700125,0.531375278700125,0.3016704025593442,0.22970487614078083
NVDA,logistic_regression,2,2022-06-16,1,1,0.578078884349612,0.578078884349612,0.24646600633090088,0.3316128780187111
NVDA,logistic_regression,2,2022-06-17,1,1,0.49946539712290033,0.49946539712290033,0.3532394464574078,0.14622595066549254
NVDA,logistic_regression,2,2022-06-21,-1,1,0.4458397710583288,0.4458397710583288,0.43265613513318446,0.013183635925144321
NVDA,logistic_regression,2,2022-06-22,-1,1,0.5068359176229718,0.5068359176229718,0.35357356880817303,0.15326234881479872
NVDA,logistic_regression,2,2022-06-23,-1,1,0.5218130591257669,0.5218130591257669,0.30522401024391516,0.21658904888185176
NVDA,logistic_regression,2,2022-06-24,-1,-1,0.4471127282921039,0.43413710514083154,0.43413710514083154,0.012975623151272375
NVDA,logistic_regression,2,2022-06-27,-1,1,0.38238219596233125,0.38238219596233125,0.34918202002013676,0.03320017594219449
NVDA,logistic_regression,2,2022-06-28,-1,1,0.3852804195333121,0.3852804195333121,0.33085246212832653,0.05442795740498557
NVDA,logistic_regression,2,2022-06-29,1,1,0.381443144266787,0.381443144266787,0.323662205311616,0.057780938955171
NVDA,logistic_regression,2,2022-06-30,1,1,0.41742952478253303,0.41742952478253303,0.3293713510851091,0.08805817369742391
NVDA,logistic_regression,2,2022-07-01,1,1,0.4170359884258868,0.4170359884258868,0.30604052245848606,0.11099546596740073
NVDA,logistic_regression,2,2022-07-05,0,1,0.4726598502409563,0.4726598502409563,0.3603588836876558,0.11230096655330052
NVDA,logistic_regression,2,2022-07-06,0,1,0.41817843161291623,0.41817843161291623,0.3501440953533822,0.06803433625953403
NVDA,logistic_regression,2,2022-07-07,-1,1,0.39508226655303763,0.39508226655303763,0.36230071574066625,0.032781550812371385
NVDA,logistic_regression,2,2022-07-08,0,-1,0.43153703210477157,0.3704778310714092,0.3704778310714092,0.061059201033362376
NVDA,logistic_regression,2,2022-07-11,1,-1,0.40868737281483725,0.3961577272097696,0.3961577272097696,0.01252964560506764
NVDA,logistic_regression,2,2022-07-12,1,1,0.4119175575903751,0.4119175575903751,0.3972294915621637,0.014688066028211433
NVDA,logistic_regression,2,2022-07-13,1,-1,0.4720196081317468,0.42562253605328254,0.42562253605328254,0.046397072078464274
NVDA,logistic_regression,2,2022-07-14,1,1,0.4240929655890993,0.4240929655890993,0.3909110276493448,0.03318193793975449
NVDA,logistic_regression,2,2022-07-15,1,0,0.34578683915655856,0.3149592084892033,0.33925395235423816,0.006532886802320392
NVDA,logistic_regression,2,2022-07-18,1,-1,0.39987914121734985,0.2502202242579607,0.3499006345246895,0.04997850669266035
NVDA,logistic_regression,2,2022-07-19,-1,-1,0.5231496003123772,0.27689936913207347,0.27689936913207347,0.24625023118030376
NVDA,logistic_regression,2,2022-07-20,0,-1,0.565811267783589,0.2673936778112038,0.2673936778112038,0.2984175899723852
NVDA,logistic_regression,2,2022-07-21,0,-1,0.4571994368930745,0.2882350643056293,0.2882350643056293,0.16896437258744523
NVDA,logistic_regression,2,2022-07-22,1,-1,0.37940834455460876,0.32666078682530425,0.32666078682530425,0.052747557729304506
NVDA,logistic_regression,2,2022-07-25,1,-1,0.3530978412663104,0.3096727614500722,0.3372293972836173,0.015868443982693103
NVDA,logistic_regression,2,2022-07-26,1,0,0.41696354252688805,0.32572926122479917,0.32572926122479917,0.09123428130208888
NVDA,logistic_regression,2,2022-07-27,1,1,0.37225853642066975,0.37225853642066975,0.33784907984489043,0.03440945657577932
NVDA,logistic_regression,2,2022-07-28,1,0,0.44834544035802365,0.34294785740563033,0.34294785740563033,0.10539758295239332
NVDA,logistic_regression,2,2022-07-29,1,1,0.390611830411462,0.390611830411462,0.3859659620344056,0.004645868377056439
NVDA,logistic_regression,2,2022-08-01,-1,1,0.44445711037528884,0.44445711037528884,0.29908634641114484,0.145370763964144
NVDA,logistic_regression,2,2022-08-02,-1,1,0.47462288076800735,0.47462288076800735,0.3217820298831124,0.15284085088489496
NVDA,logistic_regression,2,2022-08-03,-1,1,0.5203717207149984,0.5203717207149984,0.28807874953545715,0.23229297117954123
NVDA,logistic_regression,2,2022-08-04,-1,1,0.435786154516891,0.435786154516891,0.31686123907858993,0.11892491543830108
NVDA,logistic_regression,2,2022-08-05,0,1,0.41223302734217776,0.41223302734217776,0.34637800712082684,0.06585502022135092
NVDA,logistic_regression,2,2022-08-08,1,1,0.405976932003557,0.405976932003557,0.38206453444090394,0.023912397562653065
NVDA,logistic_regression,2,2022-08-09,1,1,0.5218286057341552,0.5218286057341552,0.2883454900065313,0.23348311572762392
NVDA,logistic_regression,2,2022-08-10,0,1,0.5252495904992766,0.5252495904992766,0.2634058118101319,0.26184377868914466
NVDA,logistic_regression,2,2022-08-11,1,1,0.482496891700587,0.482496891700587,0.33742083943102474,0.14507605226956227
NVDA,logistic_regression,2,2022-08-12,-1,1,0.4859021881763646,0.4859021881763646,0.3261292852064006,0.159772902969964
NVDA,logistic_regression,2,2022-08-15,-1,1,0.38777124919316774,0.38777124919316774,0.36002011367172965,0.027751135521438097
NVDA,logistic_regression,2,2022-08-16,-1,1,0.38526907528521975,0.38526907528521975,0.3404088942985437,0.044860180986676046
NVDA,logistic_regression,2,2022-08-17,-1,0,0.3968447940874978,0.36951580678692575,0.36951580678692575,0.02732898730057204
NVDA,logistic_regression,2,2022-08-18,-1,1,0.4218820429244331,0.4218820429244331,0.29460365057938026,0.12727839234505284
NVDA,logistic_regression,2,2022-08-19,-1,1,0.41860186445923486,0.41860186445923486,0.38421443509719366,0.0343874293620412
NVDA,logistic_regression,2,2022-08-22,-1,1,0.4293105723765564,0.4293105723765564,0.4120458890611451,0.01726468331541131
NVDA,logistic_regression,2,2022-08-23,-1,1,0.41137332031495577,0.41137332031495577,0.3954772977944089,0.015896022520546893
NVDA,logistic_regression,2,2022-08-24,-1,0,0.39290685510383844,0.37322125460928723,0.37322125460928723,0.019685600494551203
NVDA,logistic_regression,2,2022-08-25,-1,1,0.4383902193624159,0.4383902193624159,0.30258432694015985,0.13580589242225605
NVDA,logistic_regression,2,2022-08-26,-1,1,0.5000895323109911,0.5000895323109911,0.2699354976227422,0.23015403468824885
NVDA,logistic_regression,2,2022-08-29,-1,1,0.5221886512209224,0.5221886512209224,0.26316036995404457,0.2590282812668778
NVDA,logistic_regression,2,2022-08-30,-1,1,0.46744442168602796,0.46744442168602796,0.29684896687183093,0.17059545481419702
NVDA,logistic_regression,2,2022-08-31,-1,1,0.4765286803167138,0.4765286803167138,0.2841933974338599,0.1923352828828539
NVDA,logistic_regression,2,2022-09-01,1,1,0.4912660243153881,0.4912660243153881,0.27056741533196976,0.2206986089834183
NVDA,logistic_regression,2,2022-09-02,1,1,0.5182276022469388,0.5182276022469388,0.25307635679755347,0.2651512454493853
NVDA,logistic_regression,2,2022-09-06,-1,1,0.5017978673186265,0.5017978673186265,0.25071863509698894,0.2510792322216376
NVDA,logistic_regression,2,2022-09-07,-1,1,0.5243397922613053,0.5243397922613053,0.26463268875545165,0.2597071035058537
NVDA,logistic_regression,2,2022-09-08,-1,1,0.4820067328454819,0.4820067328454819,0.3341538786285156,0.1478528542169663
NVDA,logistic_regression,2,2022-09-09,-1,1,0.4518561563898749,0.4518561563898749,0.36690293364220605,0.08495322274766887
NVDA,logistic_regression,2,2022-09-12,-1,-1,0.4143405831534213,0.34569922502896083,0.34569922502896083,0.06864135812446048
NVDA,logistic_regression,2,2022-09-13,0,1,0.3981813696778055,0.3981813696778055,0.37364926857504044,0.024532101102765047
NVDA,logistic_regression,2,2022-09-14,0,1,0.4289633287729753,0.4289633287729753,0.34222850821953754,0.08673482055343779
NVDA,logistic_regression,2,2022-09-15,-1,1,0.43022095874257416,0.43022095874257416,0.34223168175731133,0.08798927698526282
NVDA,logistic_regression,2,2022-09-16,-1,1,0.39874529910476597,0.39874529910476597,0.35531594812127687,0.0434293509834891
NVDA,logistic_regression,2,2022-09-19,-1,1,0.3657279528543654,0.3657279528543654,0.3545921713328463,0.011135781521519061
NVDA,logistic_regression,2,2022-09-20,-1,-1,0.39770219718773947,0.34323880201024287,0.34323880201024287,0.0544633951774966
NVDA,logistic_regression,2,2022-09-21,-1,-1,0.5004986741688767,0.32930552610059904,0.32930552610059904,0.17119314806827768
NVDA,logistic_regression,2,2022-09-22,-1,-1,0.4607797226418789,0.37365129074200776,0.37365129074200776,0.08712843189987113
NVDA,logistic_regression,2,2022-09-23,-1,-1,0.42072627751729563,0.41523362091359745,0.41523362091359745,0.005492656603698187
NVDA,logistic_regression,2,2022-09-26,1,1,0.4314523907899436,0.4314523907899436,0.4086080409918728,0.022844349798070762
NVDA,logistic_regression,2,2022-09-27,1,-1,0.44178769229315507,0.3717521794602461,0.3717521794602461,0.07003551283290899
NVDA,logistic_regression,2,2022-09-28,1,-1,0.4930182748816777,0.3460599155396505,0.3460599155396505,0.14695835934202722
NVDA,logistic_regression,2,2022-09-29,1,-1,0.4702357800181595,0.3667537080849608,0.3667537080849608,0.1034820719331987
NVDA,logistic_regression,2,2022-09-30,0,-1,0.4530248436325089,0.43594748513127185,0.43594748513127185,0.01707735850123704
NVDA,logistic_regression,2,2022-10-03,-1,-1,0.5165506467414982,0.3891221396059189,0.3891221396059189,0.1274285071355793
NVDA,logistic_regression,2,2022-10-04,-1,-1,0.42863508437982883,0.3904111936254893,0.3904111936254893,0.03822389075433952
NVDA,logistic_regression,2,2022-10-05,-1,-1,0.4421296070839933,0.4368225696841391,0.4368225696841391,0.00530703739985422
NVDA,logistic_regression,2,2022-10-06,-1,-1,0.45741494153695844,0.3417384680717053,0.3417384680717053,0.11567647346525312
NVDA,logistic_regression,2,2022-10-07,-1,-1,0.42807165730734525,0.41270224660364346,0.41270224660364346,0.015369410703701791
NVDA,logistic_regression,2,2022-10-10,0,1,0.4602299544989101,0.4602299544989101,0.3797915329498153,0.08043842154909475
NVDA,logistic_regression,2,2022-10-11,1,1,0.518067046975081,0.518067046975081,0.3312784057344452,0.18678864124063577
NVDA,logistic_regression,2,2022-10-12,1,1,0.5433706372038476,0.5433706372038476,0.28198282913315986,0.26138780807068773
NVDA,logistic_regression,2,2022-10-13,0,1,0.4723618589099789,0.4723618589099789,0.4670193379164829,0.005342520993495969
NVDA,logistic_regression,2,2022-10-14,1,1,0.4550904201933535,0.4550904201933535,0.3726599839525436,0.08243043624080987
NVDA,logistic_regression,2,2022-10-17,1,1,0.4506809997716518,0.4506809997716518,0.4047378299366395,0.04594316983501234
NVDA,logistic_regression,2,2022-10-18,1,-1,0.47238939981991424,0.3953001198525551,0.3953001198525551,0.07708927996735915
NVDA,logistic_regression,2,2022-10-19,1,1,0.4502925258021441,0.4502925258021441,0.4285367929476919,0.021755732854452148
NVDA,logistic_regression,2,2022-10-20,1,1,0.4344481969286891,0.4344481969286891,0.4181325508054246,0.01631564612326447
NVDA,logistic_regression,2,2022-10-21,1,-1,0.5509601609564483,0.3361957125227713,0.3361957125227713,0.21476444843367698
NVDA,logistic_regression,2,2022-10-24,1,-1,0.45733181972264314,0.35191150287646694,0.35191150287646694,0.1054203168461762
NVDA,logistic_regression,2,2022-10-25,1,-1,0.48151756628947956,0.3182046718259673,0.3182046718259673,0.16331289446351227
NVDA,logistic_regression,2,2022-10-26,1,-1,0.42689379676650535,0.31636606062701694,0.31636606062701694,0.11052773613948841
NVDA,logistic_regression,2,2022-10-27,0,-1,0.3563663920662615,0.3299469173357502,0.3299469173357502,0.02641947473051126
NVDA,logistic_regression,2,2022-10-28,1,-1,0.5277767609899444,0.2802293047022356,0.2802293047022356,0.2475474562877088
NVDA,logistic_regression,2,2022-10-31,1,-1,0.3502486332010253,0.3066897090525919,0.34306165774638275,0.00718697545464253
NVDA,logistic_regression,2,2022-11-01,1,0,0.4412297155538883,0.28599522710501923,0.28599522710501923,0.15523448844886906
NVDA,logistic_regression,2,2022-11-02,1,-1,0.37962928637067983,0.2958348748051421,0.32453583882417814,0.055093447546501695
NVDA,logistic_regression,3,2022-11-03,1,1,0.4439379569225945,0.4439379569225945,0.3197257387761909,0.1242122181464036
NVDA,logistic_regression,3,2022-11-04,1,1,0.34804290175147057,0.34804290175147057,0.3303310980414212,0.01771180371004938
NVDA,logistic_regression,3,2022-11-07,1,1,0.3921182284365848,0.3921182284365848,0.3321949083497923,0.059923320086792464
NVDA,logistic_regression,3,2022-11-08,1,1,0.3609708274895428,0.3609708274895428,0.32828992014012326,0.03268090734941953
NVDA,logistic_regression,3,2022-11-09,1,1,0.3630416745076444,0.3630416745076444,0.34173053119288016,0.021311143314764247
NVDA,logistic_regression,3,2022-11-10,0,-1,0.4635327683767006,0.31769371983793254,0.31769371983793254,0.14583904853876806
NVDA,logistic_regression,3,2022-11-11,-1,-1,0.47246586099198146,0.28287665137087753,0.28287665137087753,0.18958920962110393
NVDA,logistic_regression,3,2022-11-14,-1,-1,0.3784282249500027,0.3200683778717542,0.3200683778717542,0.05835984707824854
NVDA,logistic_regression,3,2022-11-15,-1,0,0.4070372625776719,0.21890930005306627,0.3740534373692619,0.032983825208410034
NVDA,logistic_regression,3,2022-11-16,1,0,0.3966835438954803,0.22831501130051474,0.375001444804005,0.021682099091475282
NVDA,logistic_regression,3,2022-11-17,1,0,0.37548611801523746,0.28355754012728346,0.34095634185747903,0.03452977615775843
NVDA,logistic_regression,3,2022-11-18,1,0,0.3921458479302005,0.2706995020442023,0.337154650025597,0.054991197904603495
NVDA,logistic_regression,3,2022-11-21,1,-1,0.3895697213425991,0.26267543304796187,0.34775484560943914,0.04181487573315995
NVDA,logistic_regression,3,2022-11-22,1,-1,0.4109623224580902,0.2591081616084213,0.3299295159334884,0.08103280652460182
NVDA,logistic_regression,3,2022-11-23,1,0,0.4079158105427091,0.2137619844797919,0.37832220497749897,0.029593605565210124
NVDA,logistic_regression,3,2022-11-25,1,-1,0.40121069846333424,0.2840555763906265,0.3147337251460391,0.08647697331729515
NVDA,logistic_regression,3,2022-11-28,1,0,0.4029889348465934,0.2326154072926957,0.3643956578607109,0.03859327698588255
NVDA,logistic_regression,3,2022-11-29,1,-1,0.3944749667359347,0.26555385004955306,0.3399711832145123,0.05450378352142238
NVDA,logistic_regression,3,2022-11-30,-1,-1,0.4599557806724389,0.2925511586602095,0.2925511586602095,0.16740462201222944
NVDA,logistic_regression,3,2022-12-01,0,-1,0.3939278043163445,0.2571888848285826,0.3488833108550729,0.045044493461271595
NVDA,logistic_regression,3,2022-12-02,0,-1,0.3941881947402016,0.2831022367580186,0.32270956850177984,0.07147862623842177
NVDA,logistic_regression,3,2022-12-05,1,0,0.4008998294442141,0.22773420444718454,0.3713659661086015,0.029533863335612587
NVDA,logistic_regression,3,2022-12-06,1,0,0.402058869762002,0.2602378863330735,0.3377032439049246,0.06435562585707738
NVDA,logistic_regression,3,2022-12-07,1,-1,0.38145252447087113,0.2884930384236958,0.33005443710543303,0.051398087365438105
NVDA,logistic_regression,3,2022-12-08,0,-1,0.4041070677793317,0.32545645015031455,0.32545645015031455,0.07865061762901715
NVDA,logistic_regression,3,2022-12-09,-1,0,0.4069332629261215,0.24469518488032524,0.34837155219355326,0.05856171073256822
NVDA,logistic_regression,3,2022-12-12,-1,0,0.3749423838853863,0.25374372586650534,0.37131389024810835,0.003628493637277963
NVDA,logistic_regression,3,2022-12-13,-1,0,0.5195692224804225,0.17762354828475288,0.30280722923482456,0.21676199324559792
NVDA,logistic_regression,3,2022-12-14,-1,0,0.3719631201782744,0.2650148295711459,0.36302205025057976,0.008941069927694612
NVDA,logistic_regression,3,2022-12-15,-1,-1,0.3668927154846213,0.2737567270158537,0.35935055749952505,0.007542157985096276
NVDA,logistic_regression,3,2022-12-16,-1,-1,0.35865275158565585,0.28271367791953944,0.3586335704948047,1.918109085113917e-05
NVDA,logistic_regression,3,2022-12-19,-1,0,0.3507563561957642,0.302920668650381,0.34632297515385485,0.004433381041909323
NVDA,logistic_regression,3,2022-12-20,-1,0,0.36097202445933085,0.3082787325831988,0.3307492429574704,0.030222781501860474
NVDA,logistic_regression,3,2022-12-21,-1,-1,0.3706817813661393,0.30405522480474745,0.3252629938291132,0.04541878753702605
NVDA,logistic_regression,3,2022-12-22,-1,0,0.3695862304522804,0.31867693273205666,0.31867693273205666,0.050909297720223734
NVDA,logistic_regression,3,2022-12-23,-1,-1,0.4131606023491809,0.32958843867761717,0.32958843867761717,0.08357216367156373
NVDA,logistic_regression,3,2022-12-27,1,-1,0.3498453716828771,0.3310899151389462,0.3310899151389462,0.018755456543930904
NVDA,logistic_regression,3,2022-12-28,0,-1,0.4373040147678776,0.3675269299201746,0.3675269299201746,0.06977708484770301
NVDA,logistic_regression,3,2022-12-29,0,-1,0.463657471398694,0.27452542286240006,0.27452542286240006,0.18913204853629395
NVDA,logistic_regression,3,2022-12-30,1,-1,0.4650842438617488,0.2970547771904619,0.2970547771904619,0.16802946667128688
NVDA,logistic_regression,3,2023-01-03,1,-1,0.38206051380264117,0.30507385125132624,0.31286563494603264,0.06919487885660852
NVDA,logistic_regression,3,2023-01-04,1,-1,0.4759978610698229,0.2743910853509319,0.2743910853509319,0.20160677571889102
NVDA,logistic_regression,3,2023-01-05,1,-1,0.4478787813997172,0.28905616893095715,0.28905616893095715,0.15882261246876006
NVDA,logistic_regression,3,2023-01-06,1,-1,0.4483041850606128,0.35494403684680875,0.35494403684680875,0.09336014821380406
NVDA,logistic_regression,3,2023-01-09,1,-1,0.4325183523351619,0.2589314438180961,0.30855020384674203,0.12396814848841986
NVDA,logistic_regression,3,2023-01-10,1,-1,0.4411959008020868,0.29331753166800995,0.29331753166800995,0.14787836913407687
NVDA,logistic_regression,3,2023-01-11,1,0,0.38112719266585016,0.2580591265852642,0.36081368074888576,0.0203135119169644
NVDA,logistic_regression,3,2023-01-12,1,0,0.3940208419239572,0.25931248713230776,0.3466666709437351,0.0473541709802221
NVDA,logistic_regression,3,2023-01-13,1,-1,0.383279861122149,0.2943905740353645,0.32232956484248637,0.06095029627966264
NVDA,logistic_regression,3,2023-01-17,1,-1,0.3593690310200753,0.30327586166908305,0.33735510731084173,0.02201392370923355
NVDA,logistic_regression,3,2023-01-18,1,0,0.42782895140067356,0.2818670908432086,0.2903039577561178,0.13752499364455578
NVDA,logistic_regression,3,2023-01-19,1,0,0.3684653613964847,0.3161935883056826,0.3161935883056826,0.05227177309080211
NVDA,logistic_regression,3,2023-01-20,1,-1,0.3371214262434019,0.3313692729169262,0.3315093008396719,0.005612125403730017
NVDA,logistic_regression,3,2023-01-23,0,-1,0.3660317058416927,0.33356821181787216,0.33356821181787216,0.03246349402382054
NVDA,logistic_regression,3,2023-01-24,0,1,0.35663054170612246,0.35663054170612246,0.33798040764693515,0.018650134059187307
NVDA,logistic_regression,3,2023-01-25,1,-1,0.34120184954283717,0.3398796015296534,0.3398796015296534,0.0013222480131837577
NVDA,logistic_regression,3,2023-01-26,1,0,0.3500331798554692,0.313413531509463,0.3365532886350678,0.013479891220401441
NVDA,logistic_regression,3,2023-01-27,1,1,0.3896940911904228,0.3896940911904228,0.3392821326241239,0.05041195856629893
NVDA,logistic_regression,3,2023-01-30,1,0,0.3668783273718262,0.33445593798901657,0.33445593798901657,0.03242238938280961
NVDA,logistic_regression,3,2023-01-31,1,-1,0.37722290153379123,0.33792517719225257,0.33792517719225257,0.039297724341538665
NVDA,logistic_regression,3,2023-02-01,1,-1,0.4076308530671264,0.33009942068982,0.33009942068982,0.07753143237730636
NVDA,logistic_regression,3,2023-02-02,1,-1,0.350579417710331,0.3321716565761542,0.3321716565761542,0.018407761134176803
NVDA,logistic_regression,3,2023-02-03,0,-1,0.35630433328079164,0.33243539910172343,0.33243539910172343,0.023868934179068213
NVDA,logistic_regression,3,2023-02-06,1,-1,0.4000490838262379,0.29905294438756225,0.3008979717861999,0.09915111204003796
NVDA,logistic_regression,3,2023-02-07,1,-1,0.41747124511928685,0.2677815484356118,0.31474720644510135,0.1027240386741855
NVDA,logistic_regression,3,2023-02-08,1,0,0.3830235652515605,0.280555958369357,0.33642047637908246,0.04660308887247805
NVDA,logistic_regression,3,2023-02-09,0,0,0.4010591174614368,0.28969863287418474,0.3092422496643786,0.09181686779705822
NVDA,logistic_regression,3,2023-02-10,0,-1,0.3555582578389564,0.29900717525806647,0.3454345669029771,0.010123690935979313
NVDA,logistic_regression,3,2023-02-13,-1,-1,0.3552784115656013,0.28966303824431483,0.35505855019008387,0.00021986137551743834
NVDA,logistic_regression,3,2023-02-14,-1,-1,0.38854322151877296,0.27129047066103495,0.34016630782019197,0.04837691369858099
NVDA,logistic_regression,3,2023-02-15,1,-1,0.38782705988357313,0.2975812961111728,0.3145916440052541,0.07323541587831905
NVDA,logistic_regression,3,2023-02-16,1,-1,0.39322012443458254,0.28281412841346526,0.3239657471519521,0.06925437728263045
NVDA,logistic_regression,3,2023-02-17,1,-1,0.3939287672664185,0.2527926690142451,0.3532785637193364,0.0406502035470821
NVDA,logistic_regression,3,2023-02-21,1,-1,0.3810906747930741,0.2757703368360489,0.34313898837087703,0.037951686422197095
NVDA,logistic_regression,3,2023-02-22,1,-1,0.39117762698413083,0.28004692542091886,0.3287754475949503,0.06240217938918052
NVDA,logistic_regression,3,2023-02-23,0,-1,0.43467764262717307,0.1448560404466463,0.4204663169261807,0.014211325700992372
NVDA,logistic_regression,3,2023-02-24,1,-1,0.4780600566595279,0.21964649467029485,0.3022934486701772,0.17576660798935068
NVDA,logistic_regression,3,2023-02-27,0,-1,0.4222756014770139,0.21834365417802024,0.3593807443449658,0.06289485713204807
NVDA,logistic_regression,3,2023-02-28,0,-1,0.4477985414930463,0.19202660645338027,0.36017485205357336,0.08762368943947296
NVDA,logistic_regression,3,2023-03-01,1,-1,0.4289117146668007,0.24839881837510108,0.3226894669580982,0.10622224770870253
NVDA,logistic_regression,3,2023-03-02,0,-1,0.44139091411760895,0.25853897068487053,0.30007011519752064,0.1413207989200883
NVDA,logistic_regression,3,2023-03-03,-1,-1,0.4097254866979714,0.21025580748250083,0.38001870581952774,0.02970678087844364
NVDA,logistic_regression,3,2023-03-06,-1,0,0.4456911152159781,0.20859570206152195,0.3457131827224999,0.0999779324934782
NVDA,logistic_regression,3,2023-03-07,1,0,0.4727049768994365,0.20429758439500473,0.3229974387055589,0.1497075381938776
NVDA,logistic_regression,3,2023-03-08,0,0,0.4148601781953019,0.2066995336410962,0.3784402881636019,0.036419890031699986
NVDA,logistic_regression,3,2023-03-09,1,0,0.37395805485293004,0.29023040107477804,0.33581154407229197,0.03814651078063808
NVDA,logistic_regression,3,2023-03-10,1,0,0.34264835012015055,0.3234896263826112,0.33386202349723826,0.008786326622912288
NVDA,logistic_regression,3,2023-03-13,1,-1,0.36903736305857654,0.3417107811696765,0.3417107811696765,0.027326581888900026
NVDA,logistic_regression,3,2023-03-14,1,-1,0.38610181590240594,0.29544972174527173,0.3184484623523223,0.06765335355008362
NVDA,logistic_regression,3,2023-03-15,1,0,0.36148942150553415,0.2949881327417158,0.34352244575275015,0.017966975752783998
NVDA,logistic_regression,3,2023-03-16,1,-1,0.39329283613427435,0.34830916505690074,0.34830916505690074,0.04498367107737361
NVDA,logistic_regression,3,2023-03-17,1,0,0.41946655110078074,0.23261129676281153,0.34792215213640776,0.07154439896437298
NVDA,logistic_regression,3,2023-03-20,1,-1,0.35588428009790596,0.3483509996677097,0.3483509996677097,0.007533280430196243
NVDA,logistic_regression,3,2023-03-21,0,0,0.39640324753021994,0.2900397412789872,0.3135570111907929,0.08284623633942706
NVDA,logistic_regression,3,2023-03-22,0,0,0.38283175262308894,0.31966582684246275,0.31966582684246275,0.06316592578062619
NVDA,logistic_regression,3,2023-03-23,0,0,0.41882228893050083,0.29842241695121685,0.29842241695121685,0.12039987197928398
NVDA,logistic_regression,3,2023-03-24,1,0,0.42889033196424353,0.30214800422311916,0.30214800422311916,0.12674232774112437
NVDA,logistic_regression,3,2023-03-27,1,0,0.437126676057862,0.2921021733898899,0.2921021733898899,0.14502450266797207
NVDA,logistic_regression,3,2023-03-28,1,0,0.40791498357788686,0.30104752832789317,0.30104752832789317,0.10686745524999369
NVDA,logistic_regression,3,2023-03-29,0,0,0.4123840902381784,0.29767622995558934,0.29767622995558934,0.11470786028258906
NVDA,logistic_regression,3,2023-03-30,0,0,0.40293270153128313,0.3053310260484964,0.3053310260484964,0.09760167548278675
NVDA,logistic_regression,3,2023-03-31,0,0,0.39209820658187716,0.3128267951329141,0.3128267951329141,0.07927141144896305
NVDA,logistic_regression,3,2023-04-03,-1,0,0.3967836190672627,0.308364645809232,0.308364645809232,0.08841897325803072
NVDA,logistic_regression,3,2023-04-04,-1,0,0.4049183829224285,0.3035055801117261,0.3035055801117261,0.10141280281070236
NVDA,logistic_regression,3,2023-04-05,0,0,0.38413208080036043,0.28965935330033377,0.3262085658993059,0.05792351490105452
NVDA,logistic_regression,3,2023-04-06,0,-1,0.3520090005871189,0.3497122782307083,0.3497122782307083,0.002296722356410652
NVDA,logistic_regression,3,2023-04-10,-1,1,0.3635683512566431,0.3635683512566431,0.3304228897438222,0.033145461512820884
NVDA,logistic_regression,3,2023-04-11,0,0,0.35924763270474186,0.3333977517912041,0.3333977517912041,0.025849880913537737
NVDA,logistic_regression,3,2023-04-12,1,0,0.39969394377172324,0.2917747251516378,0.30853133107663894,0.0911626126950843
NVDA,logistic_regression,3,2023-04-13,1,-1,0.37528109822843814,0.30482729393332225,0.31989160783823956,0.05538949039019858
NVDA,logistic_regression,3,2023-04-14,0,-1,0.37332653414042943,0.28840213392905434,0.3382713319305163,0.03505520220991315
NVDA,logistic_regression,3,2023-04-17,0,-1,0.3771897385371676,0.31800192223117313,0.31800192223117313,0.059187816305994456
NVDA,logistic_regression,3,2023-04-18,-1,0,0.42138201708891665,0.24535179208447455,0.3332661908266088,0.08811582626230785
NVDA,logistic_regression,3,2023-04-19,-1,-1,0.3625150781646215,0.31369628033519054,0.323788641500188,0.03872643666443348
NVDA,logistic_regression,3,2023-04-20,0,0,0.37351045818413187,0.28723741262998853,0.3392521291858796,0.03425832899825226
NVDA,logistic_regression,3,2023-04-21,1,-1,0.38244976429833055,0.2835409513191403,0.3340092843825291,0.04844047991580147
NVDA,logistic_regression,3,2023-04-24,1,-1,0.3741325756381336,0.28772029334948385,0.3381471310123825,0.03598544462575115
NVDA,logistic_regression,3,2023-04-25,1,0,0.3515823813991966,0.30198020399003417,0.34643741461076916,0.005144966788427463
NVDA,logistic_regression,3,2023-04-26,1,0,0.36895139658423404,0.2796818838642689,0.35136671955149706,0.017584677032736973
NVDA,logistic_regression,3,2023-04-27,0,0,0.36448162554787006,0.2812441365555061,0.3542742378966239,0.01020738765124618
NVDA,logistic_regression,3,2023-04-28,1,-1,0.3703418391093265,0.2946166636384026,0.335041497252271,0.035300341857055495
NVDA,logistic_regression,3,2023-05-01,0,0,0.42573668028988804,0.23297971218010888,0.3412836075300031,0.08445307275988495
NVDA,logistic_regression,3,2023-05-02,0,0,0.3680349623830439,0.2651894632051209,0.3667755744118353,0.0012593879712086142
NVDA,logistic_regression,3,2023-05-03,1,-1,0.37615266242959294,0.29666732784802985,0.32718000972237726,0.04897265270721568
NVDA,logistic_regression,3,2023-05-04,1,-1,0.3703809992643747,0.27980469838054467,0.34981430235508065,0.020566696909294024
NVDA,logistic_regression,3,2023-05-05,0,-1,0.3678708395240818,0.3016660981237773,0.3304630623521409,0.03740777717194088
NVDA,logistic_regression,3,2023-05-08,0,0,0.3774625310808561,0.28005982474465285,0.34247764417449106,0.03498488690636503
NVDA,logistic_regression,3,2023-05-09,1,0,0.4134565875797499,0.26631342172834466,0.32022999069190555,0.09322659688784435
NVDA,logistic_regression,3,2023-05-10,1,0,0.41065680671432564,0.2573437652901761,0.3319994279954984,0.07865737871882722
NVDA,logistic_regression,3,2023-05-11,1,0,0.3840625133817858,0.2730324163197273,0.342905070298487,0.04115744308329883
NVDA,logistic_regression,3,2023-05-12,1,0,0.3524270085627468,0.3038525972360501,0.3437203942012032,0.008706614361543574
NVDA,logistic_regression,3,2023-05-15,1,-1,0.3580948077132332,0.2976059163123777,0.34429927597438914,0.013795531738844069
NVDA,logistic_regression,3,2023-05-16,1,0,0.39444342072264643,0.28333568974121237,0.32222088953614125,0.07222253118650518
NVDA,logistic_regression,3,2023-05-17,0,0,0.38101173098138524,0.2950709511670789,0.3239173178515359,0.057094413129849364
NVDA,logistic_regression,3,2023-05-18,1,0,0.41525051287455383,0.2684727439836789,0.3162767431417672,0.09897376973278665
NVDA,logistic_regression,3,2023-05-19,1,0,0.38373230969069205,0.2875542503746849,0.32871343993462304,0.05501886975606901
NVDA,logistic_regression,3,2023-05-22,1,0,0.3555479388146544,0.31135458035538444,0.3330974808299612,0.022450457984693195
NVDA,logistic_regression,3,2023-05-23,1,0,0.399952452964721,0.28349299103179787,0.3165545560034812,0.08339789696123978
NVDA,logistic_regression,3,2023-05-24,1,0,0.4233619745459737,0.2783443584577886,0.29829366699623766,0.12506830754973602
NVDA,logistic_regression,3,2023-05-25,1,0,0.529513671365884,0.11061066446269924,0.35987566417141675,0.16963800719446726
NVDA,logistic_regression,3,2023-05-26,0,-1,0.4750341369603431,0.18536790209850232,0.33959796094115463,0.13543617601918845
NVDA,logistic_regression,3,2023-05-30,-1,0,0.41912044831786643,0.18241458180248032,0.39846496987965335,0.020655478438213082
NVDA,logistic_regression,3,2023-05-31,0,-1,0.4471276603213715,0.1401740757073723,0.41269826397125614,0.03442939635011538
NVDA,logistic_regression,3,2023-06-01,-1,-1,0.5871287475619725,0.17379407518590453,0.2390771772521229,0.3480515703098496
NVDA,logistic_regression,3,2023-06-02,0,-1,0.4626491277500484,0.15800153076661053,0.37934934148334115,0.08329978626670725
NVDA,logistic_regression,3,2023-06-05,0,-1,0.44343370403084487,0.1725250315903551,0.38404126437880004,0.059392439652044826
NVDA,logistic_regression,3,2023-06-06,1,0,0.4463163290690095,0.14046603685278142,0.4132176340782092,0.03309869499080026
NVDA,logistic_regression,3,2023-06-07,1,0,0.45725723278157265,0.15886813599775393,0.3838746312206734,0.07338260156089926
NVDA,logistic_regression,3,2023-06-08,1,-1,0.45187334340445173,0.16123860502609186,0.38688805156945644,0.0649852918349953
NVDA,logistic_regression,3,2023-06-09,1,-1,0.46136419791418887,0.22800101389872218,0.31063478818708895,0.15072940972709992
NVDA,logistic_regression,3,2023-06-12,1,-1,0.47852409773079624,0.24788110722712117,0.27359479504208256,0.20492930268871368
NVDA,logistic_regression,3,2023-06-13,1,-1,0.49855872211517754,0.2026076675521386,0.29883361033268374,0.1997251117824938
NVDA,logistic_regression,3,2023-06-14,0,-1,0.5023058074996108,0.2493931067439375,0.2493931067439375,0.25291270075567335
NVDA,logistic_regression,3,2023-06-15,0,-1,0.4737591046146933,0.22741351919077535,0.29882737619453126,0.17493172842016202
NVDA,logistic_regression,3,2023-06-16,-1,-1,0.40652062757999663,0.18862288679580566,0.40485648562419757,0.0016641419557990589
NVDA,logistic_regression,3,2023-06-20,-1,-1,0.4398595551193576,0.22121385823838857,0.33892658664225367,0.10093296847710392
NVDA,logistic_regression,3,2023-06-21,-1,0,0.4118114035500758,0.22100087456443648,0.3671877218854878,0.044623681664587966
NVDA,logistic_regression,3,2023-06-22,-1,0,0.3710444206126593,0.2638431708502315,0.36511240853710925,0.005932012075550053
NVDA,logistic_regression,3,2023-06-23,0,0,0.3938759759474594,0.2318162400638034,0.3743077839887371,0.01956819195872228
NVDA,logistic_regression,3,2023-06-26,1,0,0.45488160243567977,0.2047761688936047,0.3403422286707154,0.11453937376496437
NVDA,logistic_regression,3,2023-06-27,0,-1,0.4592718330825794,0.21010395647143704,0.3306242104459835,0.1286476226365959
NVDA,logistic_regression,3,2023-06-28,1,-1,0.46571261270610365,0.18942171195359014,0.3448656753403062,0.12084693736579744
NVDA,logistic_regression,3,2023-06-29,1,-1,0.4671917253130403,0.22864577568588978,0.30416249900107,0.1630292263119703
NVDA,logistic_regression,3,2023-06-30,0,-1,0.49649543904424637,0.16377581867545432,0.33972874228029937,0.156766696763947
NVDA,logistic_regression,3,2023-07-03,0,-1,0.4990884457358628,0.19276702776265855,0.3081445265014787,0.19094391923438409
NVDA,logistic_regression,3,2023-07-05,1,-1,0.45309567768482595,0.1852000633731611,0.36170425894201297,0.09139141874281298
NVDA,logistic_regression,3,2023-07-06,1,-1,0.47297174422688815,0.19864104573889793,0.32838721003421395,0.1445845341926742
NVDA,logistic_regression,3,2023-07-07,1,-1,0.44677740890789724,0.2134382125844032,0.33978437850769966,0.10699303040019759
NVDA,logistic_regression,3,2023-07-10,1,-1,0.41167281172256665,0.21909829579697318,0.36922889248046015,0.0424439192421065
NVDA,logistic_regression,3,2023-07-11,1,-1,0.39228008700133066,0.21902235043793172,0.38869756256073756,0.0035825244405930934
NVDA,logistic_regression,3,2023-07-12,1,0,0.4224202429253834,0.18973751459103547,0.3878422424835812,0.034578000441802204
NVDA,logistic_regression,3,2023-07-13,0,-1,0.4032689899365977,0.20723404806442478,0.3894969619989776,0.013772027937620113
NVDA,logistic_regression,3,2023-07-14,-1,0,0.49463503622264904,0.18554286605137998,0.31982209772597103,0.174812938496678
NVDA,logistic_regression,3,2023-07-17,-1,-1,0.4037709005725996,0.19561056402563867,0.40061853540176157,0.0031523651708380562
NVDA,logistic_regression,3,2023-07-18,-1,0,0.4099080988542859,0.19215414296324373,0.39793775818247035,0.011970340671815571
NVDA,logistic_regression,3,2023-07-19,-1,0,0.4322865813751266,0.19340071533849798,0.3743127032863753,0.05797387808875132
NVDA,logistic_regression,3,2023-07-20,0,0,0.4330668545400389,0.19389831038610778,0.3730348350738534,0.06003201946618553
NVDA,logistic_regression,3,2023-07-21,1,0,0.4485883479279478,0.16427218932171228,0.38713946275034006,0.061448885177607715
NVDA,logistic_regression,3,2023-07-24,1,-1,0.4601794206011533,0.21247737642339085,0.32734320297545594,0.13283621762569736
NVDA,logistic_regression,3,2023-07-25,0,-1,0.44653995425288534,0.21078739290318013,0.34267265284393456,0.10386730140895079
NVDA,logistic_regression,3,2023-07-26,-1,-1,0.4242077254275874,0.205204758602813,0.3705875159695996,0.05362020945798779
NVDA,logistic_regression,3,2023-07-27,-1,-1,0.43505070289270525,0.21187604011450917,0.3530732569927854,0.08197744589991984
NVDA,logistic_regression,3,2023-07-28,-1,-1,0.46881021602751,0.20620132566329824,0.32498845830919165,0.14382175771831834
NVDA,logistic_regression,3,2023-07-31,-1,-1,0.4498909075259817,0.2171128175446726,0.33299627492934564,0.11689463259663607
NVDA,logistic_regression,3,2023-08-01,-1,-1,0.43821365533721823,0.229397856799881,0.3323884878629006,0.10582516747431764
NVDA,logistic_regression,3,2023-08-02,-1,-1,0.4232059051759617,0.20167369960601206,0.3751203952180263,0.04808550995793537
NVDA,logistic_regression,3,2023-08-03,-1,-1,0.5019305093784561,0.26038030891185016,0.26038030891185016,0.2415502004666059
NVDA,logistic_regression,3,2023-08-04,-1,-1,0.44183141705775697,0.22434537916177782,0.3338232037804653,0.10800821327729165
NVDA,logistic_regression,3,2023-08-07,-1,-1,0.442867755763213,0.25532696888472756,0.3018052753520594,0.1410624804111536
NVDA,logistic_regression,3,2023-08-08,0,-1,0.45565388120686406,0.23847519727377592,0.30587092151936,0.14978295968750405
NVDA,logistic_regression,3,2023-08-09,1,-1,0.4599764090930016,0.22491416081626325,0.3151094300907351,0.14486697900226647
NVDA,logistic_regression,3,2023-08-10,1,-1,0.5449629568376593,0.23743677792586335,0.23743677792586335,0.3075261789117959
NVDA,logistic_regression,3,2023-08-11,1,-1,0.5471843766664612,0.22073930103775172,0.232076322295787,0.31510805437067424
NVDA,logistic_regression,3,2023-08-14,1,-1,0.584913226046993,0.2619308907945828,0.2619308907945828,0.3229823352524102
NVDA,logistic_regression,3,2023-08-15,1,-1,0.537681712448109,0.18042947145643362,0.2818888160954573,0.25579289635265173
NVDA,logistic_regression,3,2023-08-16,1,-1,0.5090337293557137,0.21966037001329122,0.27130590063099513,0.23772782872471854
NVDA,logistic_regression,3,2023-08-17,1,-1,0.5305348912000324,0.19810832562247813,0.2713567831774895,0.2591781080225429
NVDA,logistic_regression,3,2023-08-18,1,-1,0.5453921903405694,0.2367640680484974,0.2367640680484974,0.30862812229207204
NVDA,logistic_regression,3,2023-08-21,0,-1,0.5545520353368263,0.23639347966625063,0.23639347966625063,0.31815855567057566
NVDA,logistic_regression,3,2023-08-22,1,-1,0.457781794129557,0.20799771428694877,0.33422049158349426,0.12356130254606273
NVDA,logistic_regression,3,2023-08-23,1,-1,0.5153583353492855,0.22578704844789058,0.25885461620282385,0.2565037191464617
NVDA,logistic_regression,3,2023-08-24,1,0,0.44909219211135193,0.15735733387620793,0.39355047401244025,0.055541718098911674
NVDA,logistic_regression,3,2023-08-25,1,-1,0.4642147499173408,0.23745583920386906,0.29832941087879006,0.16588533903855074
NVDA,logistic_regression,3,2023-08-28,1,-1,0.5086713768687584,0.2176258091679985,0.273702813963243,0.23496856290551543
NVDA,logistic_regression,3,2023-08-29,-1,-1,0.5477852926022588,0.21417337045893012,0.23804133693881105,0.3097439556634478
NVDA,logistic_regression,3,2023-08-30,-1,-1,0.48126418969420093,0.19787984423038646,0.32085596607541256,0.16040822361878837
NVDA,logistic_regression,3,2023-08-31,-1,-1,0.47077724913099345,0.19571246167848885,0.33351028919051773,0.13726695994047572
NVDA,logistic_regression,3,2023-09-01,-1,-1,0.4582427525302621,0.19561504019040882,0.346142207279329,0.1121005452509331
NVDA,logistic_regression,3,2023-09-05,-1,-1,0.5011491785737731,0.22701965896754578,0.2718311624586812,0.22931801611509184
NVDA,logistic_regression,3,2023-09-06,-1,-1,0.44441788441638796,0.2321173511099885,0.32346476447362355,0.12095311994276442
NVDA,logistic_regression,3,2023-09-07,0,-1,0.5228771388008654,0.26499577719990597,0.26499577719990597,0.2578813616009594
NVDA,logistic_regression,3,2023-09-08,-1,-1,0.5117814847820545,0.2428348395966537,0.24538367562129168,0.26639780916076283
NVDA,logistic_regression,3,2023-09-11,-1,-1,0.4924019306433243,0.26155049418801346,0.26155049418801346,0.23085143645531087
NVDA,logistic_regression,3,2023-09-12,-1,-1,0.5405247298842046,0.24376941977747463,0.24376941977747463,0.29675531010673
NVDA,logistic_regression,3,2023-09-13,-1,-1,0.547617503279282,0.25496690491041907,0.25496690491041907,0.292650598368863
NVDA,logistic_regression,3,2023-09-14,-1,-1,0.5387510152470519,0.24281834151430837,0.24281834151430837,0.29593267373274357
NVDA,logistic_regression,3,2023-09-15,-1,-1,0.5236498161706283,0.2523123013792192,0.2523123013792192,0.27133751479140916
NVDA,logistic_regression,3,2023-09-18,-1,-1,0.5722902278495788,0.28319261488366804,0.28319261488366804,0.2890976129659108
NVDA,logistic_regression,3,2023-09-19,-1,-1,0.5841535484776583,0.22989292057970753,0.22989292057970753,0.35426062789795076
NVDA,logistic_regression,3,2023-09-20,0,-1,0.531728404241423,0.26391751908888733,0.26391751908888733,0.26781088515253565
NVDA,logistic_regression,3,2023-09-21,1,-1,0.5556423504174178,0.23625640568703157,0.23625640568703157,0.3193859447303863
NVDA,logistic_regression,3,2023-09-22,1,-1,0.5717003442357415,0.23542089602794208,0.23542089602794208,0.33627944820779937
NVDA,logistic_regression,3,2023-09-25,1,-1,0.5572161360145268,0.2643375670110074,0.2643375670110074,0.2928785690035194
NVDA,logistic_regression,3,2023-09-26,1,-1,0.5365160845029235,0.26042650536172685,0.26042650536172685,0.2760895791411967
NVDA,logistic_regression,3,2023-09-27,1,-1,0.5409915973582912,0.24683740874611,0.24683740874611,0.2941541886121812
NVDA,logistic_regression,3,2023-09-28,1,-1,0.55108603593968,0.25066628695588417,0.25066628695588417,0.3004197489837958
NVDA,logistic_regression,3,2023-09-29,1,-1,0.492366928893313,0.2464997532650766,0.26113331784161026,0.23123361105170276
NVDA,logistic_regression,3,2023-10-02,0,-1,0.47735107450206093,0.26133422927966105,0.26133422927966105,0.2160168452223999
NVDA,logistic_regression,3,2023-10-03,1,-1,0.4463175391446429,0.2699283602587534,0.2837541005966038,0.16256343854803912
NVDA,logistic_regression,3,2023-10-04,1,-1,0.46289278796249433,0.2862058508692852,0.2862058508692852,0.17668693709320915
NVDA,logistic_regression,3,2023-10-05,1,-1,0.4257309410286071,0.2686948319802542,0.30557422699113873,0.12015671403746836
NVDA,logistic_regression,3,2023-10-06,0,-1,0.41303524239847184,0.32553361367602857,0.32553361367602857,0.08750162872244327
NVDA,logistic_regression,3,2023-10-09,0,-1,0.41668059612835256,0.2904667875784616,0.2928526162931859,0.12382797983516669
NVDA,logistic_regression,3,2023-10-10,-1,-1,0.41574705841818305,0.28515272574510986,0.2991002158367071,0.11664684258147595
NVDA,logistic_regression,3,2023-10-11,-1,-1,0.4074682423062792,0.2531968771985863,0.33933488049513455,0.06813336181114465
NVDA,logistic_regression,3,2023-10-12,-1,-1,0.36963053640822136,0.2703072917549011,0.3600621718368776,0.009568364571343746
NVDA,logistic_regression,3,2023-10-13,-1,-1,0.3812349604166073,0.29438862903812185,0.324376410545271,0.05685854987133632
NVDA,logistic_regression,3,2023-10-16,-1,-1,0.45291029370873676,0.3054735105940196,0.3054735105940196,0.14743678311471714
NVDA,logistic_regression,3,2023-10-17,0,-1,0.4445280561947306,0.24879020039930413,0.3066817434059652,0.1378463127887654
NVDA,logistic_regression,3,2023-10-18,0,-1,0.49667180898002,0.29382216830860775,0.29382216830860775,0.20284964067141226
NVDA,logistic_regression,3,2023-10-19,-1,-1,0.5108855684262187,0.27239535961774203,0.27239535961774203,0.23849020880847666
NVDA,logistic_regression,3,2023-10-20,-1,-1,0.5204788206661687,0.2912689001437907,0.2912689001437907,0.22920992052237799
NVDA,logistic_regression,3,2023-10-23,-1,-1,0.521453801373471,0.3212711368755298,0.3212711368755298,0.2001826644979412
NVDA,logistic_regression,3,2023-10-24,-1,-1,0.5459689255193544,0.26555456652349346,0.26555456652349346,0.2804143589958609
NVDA,logistic_regression,3,2023-10-25,0,-1,0.5045691415846988,0.30074315331852963,0.30074315331852963,0.20382598826616916
NVDA,logistic_regression,3,2023-10-26,1,-1,0.5147355514409587,0.285340400366718,0.285340400366718,0.22939515107424074
NVDA,logistic_regression,3,2023-10-27,1,-1,0.5583999704553431,0.26201689191417166,0.26201689191417166,0.2963830785411714
NVDA,logistic_regression,3,2023-10-30,1,-1,0.5504705310511754,0.27505173844275704,0.27505173844275704,0.27541879260841834
NVDA,logistic_regression,3,2023-10-31,1,-1,0.5280218813456636,0.28263851787101135,0.28263851787101135,0.24538336347465228
NVDA,logistic_regression,3,2023-11-01,1,-1,0.5496499144525696,0.2685381547052571,0.2685381547052571,0.2811117597473125
NVDA,logistic_regression,3,2023-11-02,1,-1,0.541739774365066,0.21565274025709136,0.24260748537784266,0.2991322889872234
NVDA,logistic_regression,3,2023-11-03,1,-1,0.5177066084102929,0.23062330282788637,0.2516700887618206,0.2660365196484723
NVDA,logistic_regression,3,2023-11-06,1,-1,0.5101615359717757,0.2144762864237814,0.27536217760444287,0.23479935836733284
NVDA,logistic_regression,3,2023-11-07,1,-1,0.5009973577111076,0.2281309837617387,0.2708716585271536,0.23012569918395404
NVDA,logistic_regression,3,2023-11-08,1,-1,0.4406536014407294,0.22042746395283017,0.3389189346064405,0.10173466683428889
NVDA,logistic_regression,3,2023-11-09,1,0,0.446364046958041,0.21047495043401698,0.34316100260794213,0.10320304435009886
NVDA,logistic_regression,3,2023-11-10,0,-1,0.3812700785569095,0.2610324875792615,0.3576974338638291,0.023572644693080402
NVDA,logistic_regression,3,2023-11-13,1,0,0.40782690256083237,0.23577811894625011,0.35639497849291746,0.051431924067914914
NVDA,logistic_regression,3,2023-11-14,0,0,0.44797521884063407,0.22555309275224253,0.3264716884071234,0.1215035304335107
NVDA,logistic_regression,3,2023-11-15,0,0,0.4194518650789241,0.23914513638373544,0.3414029985373404,0.07804886654158372
NVDA,logistic_regression,3,2023-11-16,-1,-1,0.39411140804029077,0.28061018553127165,0.32527840642843764,0.06883300161185313
NVDA,logistic_regression,3,2023-11-17,-1,-1,0.3771157718852007,0.2541560063061121,0.3687282218086871,0.008387550076513595
NVDA,logistic_regression,3,2023-11-20,-1,-1,0.3833389010051227,0.273170974588641,0.3434901244062364,0.039848776598886304
NVDA,logistic_regression,3,2023-11-21,-1,0,0.4017403419646297,0.23685469418589236,0.361404963849478,0.0403353781151517
NVDA,logistic_regression,3,2023-11-22,-1,-1,0.38699089400744535,0.27040199933680753,0.3426071066557471,0.044383787351698234
NVDA,logistic_regression,3,2023-11-24,-1,-1,0.4703812260052757,0.2786591141828416,0.2786591141828416,0.1917221118224341
NVDA,logistic_regression,3,2023-11-27,-1,-1,0.4726263215032198,0.24715527126135575,0.2802184072354245,0.1924079142677953
NVDA,logistic_regression,3,2023-11-28,-1,-1,0.45705145293585997,0.2541022042259845,0.2888463428381555,0.16820511009770445
NVDA,logistic_regression,3,2023-11-29,-1,-1,0.45554649350990994,0.2653457639419924,0.27910774254809767,0.17643875096181227
NVDA,logistic_regression,3,2023-11-30,0,-1,0.4592118090281779,0.23543781881293208,0.30535037215889,0.15386143686928788
NVDA,logistic_regression,3,2023-12-01,0,-1,0.5191327272902564,0.2467447465857563,0.2467447465857563,0.2723879807045001
NVDA,logistic_regression,3,2023-12-04,1,-1,0.5197324665000483,0.2049698264485058,0.2752977070514459,0.24443475944860243
NVDA,logistic_regression,3,2023-12-05,1,-1,0.5423879618621359,0.2414294047717731,0.2414294047717731,0.3009585570903628
NVDA,logistic_regression,3,2023-12-06,1,-1,0.4921067088068402,0.22027667945862445,0.2876166117345354,0.2044900970723048
NVDA,logistic_regression,3,2023-12-07,1,-1,0.539053079221971,0.22266298318932357,0.23828393758870545,0.3007691416332655
NVDA,logistic_regression,3,2023-12-08,1,-1,0.5192622817756591,0.20078520788201845,0.27995251034232255,0.2393097714333366
NVDA,logistic_regression,3,2023-12-11,1,-1,0.48537060660604975,0.20086587740030742,0.3137635159936427,0.17160709061240703
NVDA,logistic_regression,3,2023-12-12,1,-1,0.5412132202943737,0.2204427003680409,0.23834407933758536,0.3028691409567883
NVDA,logistic_regression,3,2023-12-13,0,-1,0.5103890114879817,0.1711045065765973,0.31850648193542114,0.19188252955256052
NVDA,logistic_regression,3,2023-12-14,0,-1,0.463877272823604,0.1985863478957316,0.3375363792806644,0.12634089354293965
NVDA,logistic_regression,3,2023-12-15,0,-1,0.45151845318085393,0.1840477750300901,0.36443377178905606,0.08708468139179787
NVDA,logistic_regression,3,2023-12-18,0,-1,0.4313417157354606,0.19623364294140994,0.37242464132312947,0.05891707441233113
NVDA,logistic_regression,3,2023-12-19,0,-1,0.429072384970273,0.17977883219813906,0.3911487828315878,0.037923602138685175
NVDA,logistic_regression,3,2023-12-20,1,-1,0.4149369224534093,0.2023492283904854,0.38271384915610535,0.03222307329730395
NVDA,logistic_regression,3,2023-12-21,0,-1,0.46694460137548177,0.19098214359323976,0.3420732550312784,0.12487134634420338
NVDA,logistic_regression,3,2023-12-22,0,-1,0.45215772805623133,0.19917277808173667,0.34866949386203194,0.10348823419419939
NVDA,logistic_regression,3,2023-12-26,-1,-1,0.428848782703544,0.20700649547711597,0.36414472181934,0.064704060884204
NVDA,logistic_regression,3,2023-12-27,-1,-1,0.4272064663301758,0.19621787981667121,0.376575653853153,0.05063081247702278
NVDA,logistic_regression,3,2023-12-28,0,-1,0.42567389589794624,0.20248704367051515,0.37183906043153864,0.053834835466407605
NVDA,logistic_regression,3,2023-12-29,1,0,0.4068001613530921,0.20375959054990594,0.38944024809700206,0.017359913256090043
NVDA,logistic_regression,3,2024-01-02,1,-1,0.442144996487322,0.23262811654638535,0.3252268869662928,0.11691810952102916
NVDA,logistic_regression,3,2024-01-03,1,-1,0.4959656966782008,0.2500358860383481,0.25399841728345124,0.24196727939474955
NVDA,logistic_regression,3,2024-01-04,1,-1,0.47552587762905835,0.24252898486647273,0.281945137504469,0.19358074012458937
NVDA,logistic_regression,3,2024-01-05,1,-1,0.42251101052590667,0.24906816852169553,0.32842082095239783,0.09409018957350884
NVDA,logistic_regression,3,2024-01-08,1,-1,0.44357108400411366,0.2583743340168532,0.2980545819790331,0.14551650202508054
NVDA,logistic_regression,3,2024-01-09,1,-1,0.4126628869502538,0.23809172461196443,0.34924538843778175,0.06341749851247208
NVDA,logistic_regression,3,2024-01-10,1,-1,0.43155154278786145,0.236350816518778,0.3320976406933605,0.09945390209450095
NVDA,logistic_regression,3,2024-01-11,1,0,0.40824245170199386,0.2082961256180025,0.3834614226800036,0.024781029021990253
NVDA,logistic_regression,3,2024-01-12,1,0,0.38621075348431566,0.2305739740632359,0.38321527245244835,0.0029954810318673086
NVDA,logistic_regression,3,2024-01-16,1,0,0.42597744487168926,0.22858557342938068,0.34543698169893006,0.0805404631727592
NVDA,logistic_regression,3,2024-01-17,1,0,0.475473687583249,0.22576580962750548,0.2987605027892457,0.17671318479400328
NVDA,logistic_regression,3,2024-01-18,1,0,0.5032410152792193,0.2201060186227819,0.27665296609799883,0.22658804918122044
NVDA,logistic_regression,3,2024-01-19,1,0,0.4780273560114634,0.2155121320145279,0.30646051197400875,0.17156684403745465
NVDA,logistic_regression,3,2024-01-22,1,0,0.4945166584320413,0.21829971200300577,0.2871836295649531,0.2073330288670882
NVDA,logistic_regression,3,2024-01-23,1,0,0.4355945809601924,0.25785521093090896,0.3065502081088987,0.12904437285129366
NVDA,logistic_regression,3,2024-01-24,0,0,0.49226741180584804,0.21546209369017355,0.2922704945039784,0.19999691730186964
NVDA,logistic_regression,3,2024-01-25,1,0,0.4693050260515643,0.23702727702074058,0.29366769692769495,0.17563732912386937
NVDA,logistic_regression,3,2024-01-26,1,0,0.4398025293269631,0.24495678283070507,0.31524068784233183,0.12456184148463129
NVDA,logistic_regression,3,2024-01-29,1,0,0.43529861328348524,0.2397947065210221,0.3249066801954927,0.11039193308799256
NVDA,logistic_regression,3,2024-01-30,1,0,0.48906281530354334,0.2163250550371119,0.29461212965934475,0.1944506856441986
NVDA,logistic_regression,3,2024-01-31,1,0,0.41740862307082466,0.25454649065282475,0.32804488627635053,0.08936373679447412
NVDA,logistic_regression,3,2024-02-01,1,0,0.37580979750087334,0.26601130279989127,0.3581788996992353,0.017630897801638068
NVDA,logistic_regression,3,2024-02-02,1,-1,0.40024032119953196,0.2481740674343286,0.3515856113661394,0.04865470983339254
NVDA,logistic_regression,3,2024-02-05,1,0,0.4121348374839516,0.2055380811286671,0.38232708138738125,0.029807756096570326
NVDA,logistic_regression,3,2024-02-06,1,0,0.4095389495063424,0.211855253207893,0.37860579728576454,0.030933152220577853
NVDA,logistic_regression,3,2024-02-07,1,-1,0.47301685881184324,0.2110816832124006,0.3159014579757562,0.15711540083608705
NVDA,logistic_regression,3,2024-02-08,1,-1,0.4229081522587675,0.16796350083520795,0.40912834690602456,0.013779805352742924
NVDA,logistic_regression,3,2024-02-09,0,-1,0.41785928702154346,0.18746275690136638,0.3946779560770902,0.023181330944453238
NVDA,logistic_regression,3,2024-02-12,-1,0,0.46638544735400966,0.17094898828807573,0.3626655643579146,0.10371988299609508
NVDA,logistic_regression,3,2024-02-13,-1,-1,0.41631226481079936,0.223551871867431,0.36013586332176967,0.05617640148902969
NVDA,logistic_regression,3,2024-02-14,1,0,0.4293334868845983,0.18164539182502173,0.3890211212903799,0.04031236559421841
NVDA,logistic_regression,3,2024-02-15,1,0,0.4301218251656772,0.16808540136272235,0.4017927734716005,0.028329051694076735
NVDA,logistic_regression,3,2024-02-16,1,0,0.45976971337335487,0.16395078220009343,0.3762795044265518,0.08349020894680309
NVDA,logistic_regression,3,2024-02-20,1,-1,0.4756191115643027,0.17774768849586883,0.3466331999398285,0.1289859116244742
NVDA,logistic_regression,3,2024-02-21,1,-1,0.5656685851657104,0.17968447183724864,0.254646942997041,0.3110216421686694
NVDA,logistic_regression,3,2024-02-22,0,-1,0.7391352432317653,0.0763643341463269,0.1845004226219079,0.5546348206098574
NVDA,logistic_regression,3,2024-02-23,1,-1,0.6580977165090284,0.08662507573468514,0.25527720775628654,0.40282050875274183
NVDA,logistic_regression,3,2024-02-26,1,-1,0.6882367418326297,0.10427943849645105,0.20748381967091925,0.4807529221617105
NVDA,logistic_regression,3,2024-02-27,1,-1,0.693236872348103,0.07349467727258498,0.23326845037931207,0.45996842196879095
NVDA,logistic_regression,3,2024-02-28,1,-1,0.6950869939122745,0.08814899821184213,0.2167640078758833,0.4783229860363912
NVDA,logistic_regression,3,2024-02-29,1,-1,0.6331080759120914,0.09168966057026835,0.2752022635176403,0.3579058123944511
NVDA,logistic_regression,3,2024-03-01,1,-1,0.6570635139657347,0.09847447829832082,0.24446200773594456,0.41260150622979014
NVDA,logistic_regression,3,2024-03-04,0,-1,0.62648598839759,0.08560795978011694,0.28790605182229306,0.3385799365752969
NVDA,logistic_regression,3,2024-03-05,1,-1,0.5836203569325057,0.08798108734823266,0.3283985557192617,0.255221801213244
NVDA,logistic_regression,3,2024-03-06,1,-1,0.5466638755010212,0.08016491007866375,0.37317121442031503,0.1734926610807062
NVDA,logistic_regression,3,2024-03-07,-1,-1,0.6442841651067914,0.10335817379110365,0.25235766110210506,0.39192650400468637
NVDA,logistic_regression,3,2024-03-08,0,-1,0.5728060081219802,0.11125498501283747,0.31593900686518234,0.2568670012567979
NVDA,logistic_regression,3,2024-03-11,1,-1,0.7315275431299277,0.09366434664296931,0.17480811022710294,0.5567194329028248
NVDA,logistic_regression,3,2024-03-12,-1,-1,0.7909820488050193,0.06461015675807491,0.1444077944369058,0.6465742543681136
NVDA,logistic_regression,3,2024-03-13,0,-1,0.7299194134606655,0.0689965253166155,0.20108406122271902,0.5288353522379464
NVDA,logistic_regression,3,2024-03-14,1,-1,0.7257827944975851,0.07703696606107041,0.19718023944134455,0.5286025550562405
NVDA,logistic_regression,3,2024-03-15,1,-1,0.776435649437251,0.06334972145938081,0.16021462910336817,0.6162210203338828
NVDA,logistic_regression,3,2024-03-18,1,-1,0.7664753079808032,0.07379990854351265,0.15972478347568417,0.606750524505119
NVDA,logistic_regression,3,2024-03-19,1,-1,0.7990062900491908,0.08393255784957449,0.11706115210123473,0.6819451379479561
NVDA,logistic_regression,3,2024-03-20,0,-1,0.795436532067199,0.07114568600919659,0.1334177819236044,0.6620187501435946
NVDA,logistic_regression,3,2024-03-21,0,-1,0.7732117010110957,0.06076125836742593,0.16602704062147838,0.6071846603896174
NVDA,logistic_regression,3,2024-03-22,-1,-1,0.7652017826580236,0.07072219311233377,0.16407602422964251,0.6011257584283811
NVDA,logistic_regression,3,2024-03-25,-1,-1,0.7233077833607336,0.07744693224620833,0.1992452843930579,0.5240624989676758
NVDA,logistic_regression,3,2024-03-26,-1,-1,0.7149041649658292,0.0894320998082028,0.19566373522596794,0.5192404297398613
NVDA,logistic_regression,3,2024-03-27,-1,-1,0.7305134125300162,0.08471874779746273,0.18476783967252103,0.5457455728574951
NVDA,logistic_regression,3,2024-03-28,-1,-1,0.741840381279658,0.08480625545994268,0.17335336326039924,0.5684870180192587
NVDA,logistic_regression,3,2024-04-01,-1,-1,0.7045565060614463,0.09046092868109995,0.2049825652574537,0.49957394080399253
NVDA,logistic_regression,3,2024-04-02,-1,-1,0.7206334922523798,0.09385798810246263,0.1855085196451576,0.5351249726072222
NVDA,logistic_regression,3,2024-04-03,-1,-1,0.7285472081983762,0.09400851048198816,0.1774442813196357,0.5511029268787404
NVDA,logistic_regression,3,2024-04-04,1,-1,0.7042915112335417,0.0938543913270865,0.2018540974393718,0.50243741379417
NVDA,logistic_regression,3,2024-04-05,0,-1,0.7662955989773997,0.08626240337991609,0.14744199764268417,0.6188536013347156
NVDA,logistic_regression,3,2024-04-08,0,-1,0.7519260814185272,0.09152334384503961,0.1565505747364331,0.5953755066820942
NVDA,logistic_regression,3,2024-04-09,1,-1,0.7350780828472355,0.09982787759674314,0.16509403955602134,0.5699840432912142
NVDA,logistic_regression,3,2024-04-10,-1,-1,0.7921457813317387,0.09246187398728586,0.11539234468097544,0.6767534366507633
NVDA,logistic_regression,3,2024-04-11,-1,-1,0.7785388468572335,0.09055341466312333,0.13090773847964315,0.6476311083775903
NVDA,logistic_regression,3,2024-04-12,-1,-1,0.736657068305046,0.0953065314494353,0.1680364002455188,0.5686206680595272
NVDA,logistic_regression,3,2024-04-15,-1,-1,0.7346373487660718,0.10689530874649628,0.15846734248743188,0.5761700062786399
NVDA,logistic_regression,3,2024-04-16,-1,-1,0.7752340858992824,0.09066044767502644,0.1341054664256911,0.6411286194735913
NVDA,logistic_regression,3,2024-04-17,-1,-1,0.7145532699589647,0.10540477992496414,0.1800419501160712,0.5345113198428936
NVDA,logistic_regression,3,2024-04-18,-1,-1,0.7408759645469214,0.11046615061152906,0.14865788484154951,0.5922180797053719
NVDA,logistic_regression,3,2024-04-19,1,-1,0.7199000873438168,0.10486755033019832,0.17523236232598483,0.544667725017832
NVDA,logistic_regression,3,2024-04-22,1,-1,0.8415634216177224,0.0775343637474995,0.08090221463477808,0.7606612069829443
NVDA,logistic_regression,3,2024-04-23,1,-1,0.843456865381595,0.05577667382035505,0.10076646079804993,0.7426904045835451
NVDA,logistic_regression,3,2024-04-24,1,-1,0.791085540804082,0.08078681786295681,0.12812764133296103,0.6629578994711209
NVDA,logistic_regression,3,2024-04-25,1,-1,0.8703523775700006,0.06688269722301887,0.06688269722301887,0.8034696803469817
NVDA,logistic_regression,3,2024-04-26,0,-1,0.888427109650017,0.045647614867005276,0.06592527548297775,0.8225018341670393
NVDA,logistic_regression,3,2024-04-29,1,-1,0.8484628451332209,0.05902556763910014,0.09251158722767892,0.755951257905542
NVDA,logistic_regression,3,2024-04-30,1,-1,0.8251575076214872,0.0632936666488896,0.11154882572962309,0.7136086818918641
NVDA,logistic_regression,3,2024-05-01,1,-1,0.8053788928382885,0.06730066763541467,0.12732043952629685,0.6780584533119915
NVDA,logistic_regression,3,2024-05-02,1,-1,0.8406996207362426,0.07086359823944263,0.0884367810243149,0.7522628397119278
NVDA,logistic_regression,3,2024-05-03,0,-1,0.7567929609526242,0.07013402111978648,0.17307301792758933,0.5837199430250348
NVDA,logistic_regression,3,2024-05-06,0,-1,0.7798438456294535,0.08246676735922107,0.13768938701132555,0.642154458618128
NVDA,logistic_regression,3,2024-05-07,0,-1,0.7635230782601958,0.07533629996599654,0.16114062177380764,0.6023824564863882
NVDA,logistic_regression,3,2024-05-08,1,-1,0.7680266159470779,0.08318268478879527,0.1487906992641268,0.6192359166829511
NVDA,logistic_regression,3,2024-05-09,1,-1,0.7348354823897272,0.08105014707155733,0.18411437053871543,0.5507211118510118
NVDA,logistic_regression,3,2024-05-10,1,-1,0.7561458859449448,0.09629386765465343,0.1475602464004018,0.608585639544543
NVDA,logistic_regression,3,2024-05-13,1,-1,0.741799662135414,0.10463487174545459,0.15356546611913133,0.5882341960162827
NVDA,logistic_regression,3,2024-05-14,1,-1,0.7406709433007109,0.11192381390416113,0.14740524279512798,0.5932657005055829
NVDA,logistic_regression,3,2024-05-15,0,-1,0.7072975894001824,0.10608696185075316,0.1866154487490644,0.520682140651118
NVDA,logistic_regression,3,2024-05-16,1,-1,0.7019075244951308,0.112175551287753,0.18591692421711614,0.5159906002780147
NVDA,logistic_regression,3,2024-05-17,1,-1,0.6914308948757721,0.13380925782931188,0.1747598472949159,0.5166710475808562
NVDA,logistic_regression,3,2024-05-20,1,-1,0.7288113074195445,0.1186444778460463,0.15254421473440918,0.5762670926851353
NVDA,logistic_regression,3,2024-05-21,1,-1,0.6974893931413052,0.12901364295379303,0.17349696390490177,0.5239924292364034
NVDA,logistic_regression,3,2024-05-22,1,-1,0.6314101725016135,0.1345695332225746,0.234020294275812,0.39738987822580146
