ticker,model,fold,date,y_true,y_pred,confidence,bullish_probability,second_best_probability,probability_margin
CAT,calibrated_hist_gradient_boosting,1,2019-10-03,1,-1,0.4278177955587395,0.37595544892174004,0.37595544892174004,0.05186234663699946
CAT,calibrated_hist_gradient_boosting,1,2019-10-04,1,-1,0.4139355060053053,0.3880570408521302,0.3880570408521302,0.0258784651531751
CAT,calibrated_hist_gradient_boosting,1,2019-10-07,1,-1,0.4341570023740459,0.3576060655897921,0.3576060655897921,0.07655093678425384
CAT,calibrated_hist_gradient_boosting,1,2019-10-08,1,-1,0.4071717316201995,0.39795770442668904,0.39795770442668904,0.009214027193510443
CAT,calibrated_hist_gradient_boosting,1,2019-10-09,1,1,0.41237866697667674,0.41237866697667674,0.40244686174110217,0.009931805235574576
CAT,calibrated_hist_gradient_boosting,1,2019-10-10,1,1,0.40721255364437353,0.40721255364437353,0.3940975599982381,0.013114993646135442
CAT,calibrated_hist_gradient_boosting,1,2019-10-11,1,-1,0.4165111072954726,0.39339189129321833,0.39339189129321833,0.02311921600225425
CAT,calibrated_hist_gradient_boosting,1,2019-10-14,1,-1,0.413003955685684,0.39803871823527553,0.39803871823527553,0.014965237450408453
CAT,calibrated_hist_gradient_boosting,1,2019-10-15,1,-1,0.46636484426275726,0.33101769648785323,0.33101769648785323,0.13534714777490403
CAT,calibrated_hist_gradient_boosting,1,2019-10-16,1,-1,0.4239571476814376,0.36787346085966527,0.36787346085966527,0.05608368682177234
CAT,calibrated_hist_gradient_boosting,1,2019-10-17,1,-1,0.45227422948711427,0.34545690522777855,0.34545690522777855,0.10681732425933571
CAT,calibrated_hist_gradient_boosting,1,2019-10-18,1,-1,0.4098945166267029,0.37757603791754724,0.37757603791754724,0.03231847870915566
CAT,calibrated_hist_gradient_boosting,1,2019-10-21,1,-1,0.41677634356291543,0.3756488246041239,0.3756488246041239,0.04112751895879152
CAT,calibrated_hist_gradient_boosting,1,2019-10-22,1,-1,0.43109236261693934,0.3702146019467139,0.3702146019467139,0.060877760670225434
CAT,calibrated_hist_gradient_boosting,1,2019-10-23,1,-1,0.4171572759938598,0.37790358823849796,0.37790358823849796,0.039253687755361866
CAT,calibrated_hist_gradient_boosting,1,2019-10-24,1,-1,0.44590448941592015,0.34161219183783964,0.34161219183783964,0.1042922975780805
CAT,calibrated_hist_gradient_boosting,1,2019-10-25,1,-1,0.4612555094998207,0.32444046358936857,0.32444046358936857,0.13681504591045213
CAT,calibrated_hist_gradient_boosting,1,2019-10-28,1,-1,0.4683821800728447,0.3427992175699142,0.3427992175699142,0.1255829625029305
CAT,calibrated_hist_gradient_boosting,1,2019-10-29,1,-1,0.4846351164247366,0.32652502213217444,0.32652502213217444,0.15811009429256218
CAT,calibrated_hist_gradient_boosting,1,2019-10-30,1,-1,0.4801638542991065,0.30482797301807646,0.30482797301807646,0.17533588128103006
CAT,calibrated_hist_gradient_boosting,1,2019-10-31,1,-1,0.45829435993220885,0.33060278718402614,0.33060278718402614,0.1276915727481827
CAT,calibrated_hist_gradient_boosting,1,2019-11-01,1,-1,0.4467414175664004,0.3497793441544281,0.3497793441544281,0.09696207341197233
CAT,calibrated_hist_gradient_boosting,1,2019-11-04,0,-1,0.4644685234416217,0.31680642853972896,0.31680642853972896,0.14766209490189275
CAT,calibrated_hist_gradient_boosting,1,2019-11-05,0,-1,0.45527180113069754,0.3349526130925688,0.3349526130925688,0.12031918803812874
CAT,calibrated_hist_gradient_boosting,1,2019-11-06,0,-1,0.44176672740947925,0.3449991822060024,0.3449991822060024,0.09676754520347686
CAT,calibrated_hist_gradient_boosting,1,2019-11-07,-1,-1,0.46346309034132643,0.3205533883716216,0.3205533883716216,0.14290970196970482
CAT,calibrated_hist_gradient_boosting,1,2019-11-08,0,-1,0.4881013639994534,0.3198995754331615,0.3198995754331615,0.16820178856629192
CAT,calibrated_hist_gradient_boosting,1,2019-11-11,-1,-1,0.44458666235210814,0.35253835852682713,0.35253835852682713,0.09204830382528101
CAT,calibrated_hist_gradient_boosting,1,2019-11-12,-1,-1,0.5127708756332631,0.30193296650996576,0.30193296650996576,0.2108379091232973
CAT,calibrated_hist_gradient_boosting,1,2019-11-13,-1,-1,0.4661379296550794,0.3229870032881606,0.3229870032881606,0.14315092636691878
CAT,calibrated_hist_gradient_boosting,1,2019-11-14,0,-1,0.4463904532724546,0.3363888055530855,0.3363888055530855,0.1100016477193691
CAT,calibrated_hist_gradient_boosting,1,2019-11-15,0,-1,0.4607809075898844,0.3358538037759808,0.3358538037759808,0.1249271038139036
CAT,calibrated_hist_gradient_boosting,1,2019-11-18,0,-1,0.4900851946896192,0.29378805414271586,0.29378805414271586,0.19629714054690334
CAT,calibrated_hist_gradient_boosting,1,2019-11-19,1,-1,0.4632733645985169,0.33024451137986366,0.33024451137986366,0.13302885321865326
CAT,calibrated_hist_gradient_boosting,1,2019-11-20,1,-1,0.43974193601847905,0.3497882448932284,0.3497882448932284,0.08995369112525065
CAT,calibrated_hist_gradient_boosting,1,2019-11-21,0,-1,0.4557113646685746,0.3450701796492004,0.3450701796492004,0.1106411850193742
CAT,calibrated_hist_gradient_boosting,1,2019-11-22,0,-1,0.44319297335157043,0.3664760859532962,0.3664760859532962,0.0767168873982742
CAT,calibrated_hist_gradient_boosting,1,2019-11-25,-1,-1,0.45871315699381676,0.3545275334417428,0.3545275334417428,0.10418562355207395
CAT,calibrated_hist_gradient_boosting,1,2019-11-26,-1,-1,0.4468951724200643,0.3479893596170755,0.3479893596170755,0.09890581280298882
CAT,calibrated_hist_gradient_boosting,1,2019-11-27,-1,-1,0.4398262345514579,0.35338685253851726,0.35338685253851726,0.08643938201294066
CAT,calibrated_hist_gradient_boosting,1,2019-11-29,0,-1,0.4193693457931939,0.3680027610830927,0.3680027610830927,0.05136658471010119
CAT,calibrated_hist_gradient_boosting,1,2019-12-02,0,-1,0.43061953872096864,0.37218168036539995,0.37218168036539995,0.058437858355568695
CAT,calibrated_hist_gradient_boosting,1,2019-12-03,1,1,0.3961549194855209,0.3961549194855209,0.38747991935223913,0.008675000133281763
CAT,calibrated_hist_gradient_boosting,1,2019-12-04,1,1,0.4184652052424025,0.4184652052424025,0.38327881414169335,0.03518639110070915
CAT,calibrated_hist_gradient_boosting,1,2019-12-05,1,1,0.4011439390624388,0.4011439390624388,0.38786697992754243,0.013276959134896349
CAT,calibrated_hist_gradient_boosting,1,2019-12-06,0,-1,0.4023529256811418,0.3897692914617282,0.3897692914617282,0.012583634219413609
CAT,calibrated_hist_gradient_boosting,1,2019-12-09,0,-1,0.40194857290298297,0.3948624544452021,0.3948624544452021,0.007086118457780843
CAT,calibrated_hist_gradient_boosting,1,2019-12-10,1,-1,0.3916362470201127,0.385476393238066,0.385476393238066,0.006159853782046698
CAT,calibrated_hist_gradient_boosting,1,2019-12-11,1,-1,0.43220230081552136,0.35922137448871094,0.35922137448871094,0.07298092632681041
CAT,calibrated_hist_gradient_boosting,1,2019-12-12,0,-1,0.43844085631884355,0.3757430992650485,0.3757430992650485,0.06269775705379504
CAT,calibrated_hist_gradient_boosting,1,2019-12-13,0,-1,0.48130322440584683,0.31467355785125833,0.31467355785125833,0.1666296665545885
CAT,calibrated_hist_gradient_boosting,1,2019-12-16,1,-1,0.43067452434334474,0.3772342448207258,0.3772342448207258,0.05344027952261893
CAT,calibrated_hist_gradient_boosting,1,2019-12-17,0,-1,0.4137586559308277,0.3729216120756977,0.3729216120756977,0.04083704385513004
CAT,calibrated_hist_gradient_boosting,1,2019-12-18,0,-1,0.4207627315265685,0.36706095672076483,0.36706095672076483,0.05370177480580368
CAT,calibrated_hist_gradient_boosting,1,2019-12-19,1,-1,0.46772454270031066,0.31906719469950817,0.31906719469950817,0.1486573480008025
CAT,calibrated_hist_gradient_boosting,1,2019-12-20,0,-1,0.4112458379320909,0.3812541327161931,0.3812541327161931,0.029991705215897835
CAT,calibrated_hist_gradient_boosting,1,2019-12-23,0,-1,0.41261967749036027,0.3819443515853913,0.3819443515853913,0.030675325904968964
CAT,calibrated_hist_gradient_boosting,1,2019-12-24,1,-1,0.45287227501597105,0.33933276472866586,0.33933276472866586,0.11353951028730519
CAT,calibrated_hist_gradient_boosting,1,2019-12-26,0,-1,0.4259848021651778,0.3753698154046374,0.3753698154046374,0.05061498676054044
CAT,calibrated_hist_gradient_boosting,1,2019-12-27,0,-1,0.4202034771618424,0.37428864537970674,0.37428864537970674,0.04591483178213568
CAT,calibrated_hist_gradient_boosting,1,2019-12-30,0,1,0.40058686380386455,0.40058686380386455,0.39245628627584966,0.008130577528014882
CAT,calibrated_hist_gradient_boosting,1,2019-12-31,0,-1,0.3976001154124122,0.387864444640343,0.387864444640343,0.009735670772069216
CAT,calibrated_hist_gradient_boosting,1,2020-01-02,-1,-1,0.4155502075653385,0.3760929179151316,0.3760929179151316,0.039457289650206895
CAT,calibrated_hist_gradient_boosting,1,2020-01-03,0,1,0.40753297157937546,0.40753297157937546,0.38182302807437374,0.02570994350500172
CAT,calibrated_hist_gradient_boosting,1,2020-01-06,0,1,0.43061734757329306,0.43061734757329306,0.359008532845273,0.07160881472802005
CAT,calibrated_hist_gradient_boosting,1,2020-01-07,0,-1,0.3865597654565627,0.3801250860049628,0.3801250860049628,0.006434679451599867
CAT,calibrated_hist_gradient_boosting,1,2020-01-08,0,-1,0.40748656882581535,0.3859182133839041,0.3859182133839041,0.02156835544191127
CAT,calibrated_hist_gradient_boosting,1,2020-01-09,0,-1,0.4273973364472823,0.3544222377316523,0.3544222377316523,0.07297509871562996
CAT,calibrated_hist_gradient_boosting,1,2020-01-10,0,-1,0.4449308654903972,0.32464358289723116,0.32464358289723116,0.12028728259316601
CAT,calibrated_hist_gradient_boosting,1,2020-01-13,0,-1,0.4471293053261241,0.34490294778345004,0.34490294778345004,0.10222635754267406
CAT,calibrated_hist_gradient_boosting,1,2020-01-14,-1,-1,0.4427710648175391,0.34342458568247863,0.34342458568247863,0.09934647913506045
CAT,calibrated_hist_gradient_boosting,1,2020-01-15,0,-1,0.4782621083221243,0.2941639168590914,0.2941639168590914,0.1840981914630329
CAT,calibrated_hist_gradient_boosting,1,2020-01-16,-1,-1,0.45929674483621924,0.32629089971467923,0.32629089971467923,0.13300584512154
CAT,calibrated_hist_gradient_boosting,1,2020-01-17,-1,-1,0.42128576766320575,0.37332894519490467,0.37332894519490467,0.047956822468301075
CAT,calibrated_hist_gradient_boosting,1,2020-01-21,-1,-1,0.4866023676364691,0.28188609118978514,0.28188609118978514,0.20471627644668394
CAT,calibrated_hist_gradient_boosting,1,2020-01-22,-1,-1,0.4328010729212008,0.345372163457398,0.345372163457398,0.08742890946380277
CAT,calibrated_hist_gradient_boosting,1,2020-01-23,-1,1,0.40109454472799105,0.40109454472799105,0.39215008210497243,0.008944462623018623
CAT,calibrated_hist_gradient_boosting,1,2020-01-24,-1,-1,0.4050549262520737,0.37860733418470455,0.37860733418470455,0.02644759206736913
CAT,calibrated_hist_gradient_boosting,1,2020-01-27,-1,-1,0.4182342798746633,0.36440463742704526,0.36440463742704526,0.05382964244761801
CAT,calibrated_hist_gradient_boosting,1,2020-01-28,-1,-1,0.4203202055042956,0.3735097987316179,0.3735097987316179,0.046810406772677726
CAT,calibrated_hist_gradient_boosting,1,2020-01-29,0,-1,0.4329161062309264,0.35696522930837515,0.35696522930837515,0.07595087692255126
CAT,calibrated_hist_gradient_boosting,1,2020-01-30,0,1,0.41153893491852483,0.41153893491852483,0.38948820263906425,0.022050732279460583
CAT,calibrated_hist_gradient_boosting,1,2020-01-31,0,-1,0.441293393531923,0.35395133398122597,0.35395133398122597,0.08734205955069702
CAT,calibrated_hist_gradient_boosting,1,2020-02-03,1,-1,0.3958441262634656,0.37739444773972014,0.37739444773972014,0.01844967852374546
CAT,calibrated_hist_gradient_boosting,1,2020-02-04,1,-1,0.4357933384149039,0.36750978646911886,0.36750978646911886,0.06828355194578506
CAT,calibrated_hist_gradient_boosting,1,2020-02-05,0,-1,0.41342320124834914,0.3663628496299638,0.3663628496299638,0.04706035161838534
CAT,calibrated_hist_gradient_boosting,1,2020-02-06,0,-1,0.40920930347118567,0.3779319950102687,0.3779319950102687,0.031277308460916975
CAT,calibrated_hist_gradient_boosting,1,2020-02-07,1,1,0.41262445225385164,0.41262445225385164,0.3760837576612239,0.03654069459262771
CAT,calibrated_hist_gradient_boosting,1,2020-02-10,0,-1,0.41807082103353616,0.382869746171989,0.382869746171989,0.035201074861547166
CAT,calibrated_hist_gradient_boosting,1,2020-02-11,0,-1,0.44460994845117247,0.33322263029264126,0.33322263029264126,0.1113873181585312
CAT,calibrated_hist_gradient_boosting,1,2020-02-12,0,1,0.40226780283221913,0.40226780283221913,0.3956652216699302,0.006602581162288956
CAT,calibrated_hist_gradient_boosting,1,2020-02-13,0,1,0.4000520844645374,0.4000520844645374,0.3863086421866179,0.01374344227791946
CAT,calibrated_hist_gradient_boosting,1,2020-02-14,-1,-1,0.4931262062755855,0.29007457029434075,0.29007457029434075,0.20305163598124476
CAT,calibrated_hist_gradient_boosting,1,2020-02-18,-1,-1,0.4502698447465911,0.3404621592208065,0.3404621592208065,0.10980768552578457
CAT,calibrated_hist_gradient_boosting,1,2020-02-19,-1,-1,0.4188341484606452,0.3715814364865495,0.3715814364865495,0.047252711974095696
CAT,calibrated_hist_gradient_boosting,1,2020-02-20,-1,1,0.4207733802709705,0.4207733802709705,0.38774488439228766,0.03302849587868284
CAT,calibrated_hist_gradient_boosting,1,2020-02-21,-1,1,0.4108771704779433,0.4108771704779433,0.37914214328441975,0.03173502719352356
CAT,calibrated_hist_gradient_boosting,1,2020-02-24,-1,1,0.45956435832596326,0.45956435832596326,0.3357421936376059,0.12382216468835738
CAT,calibrated_hist_gradient_boosting,1,2020-02-25,-1,-1,0.41447148407303785,0.35584358390446374,0.35584358390446374,0.05862790016857411
CAT,calibrated_hist_gradient_boosting,1,2020-02-26,0,1,0.4167657823330084,0.4167657823330084,0.3739423270485891,0.04282345528441933
CAT,calibrated_hist_gradient_boosting,1,2020-02-27,0,1,0.4334515244939519,0.4334515244939519,0.3538585246192363,0.07959299987471563
CAT,calibrated_hist_gradient_boosting,1,2020-02-28,-1,1,0.40661769300095824,0.40661769300095824,0.3733564175264847,0.03326127547447355
CAT,calibrated_hist_gradient_boosting,1,2020-03-02,-1,1,0.4224736655010117,0.4224736655010117,0.3613452360600364,0.061128429440975296
CAT,calibrated_hist_gradient_boosting,1,2020-03-03,-1,1,0.40525384359951805,0.40525384359951805,0.35840981236389435,0.046844031235623695
CAT,calibrated_hist_gradient_boosting,1,2020-03-04,-1,1,0.4247456882618786,0.4247456882618786,0.3669320998217245,0.05781358844015411
CAT,calibrated_hist_gradient_boosting,1,2020-03-05,-1,1,0.4482574199001157,0.4482574199001157,0.334709357506974,0.11354806239314169
CAT,calibrated_hist_gradient_boosting,1,2020-03-06,-1,1,0.437354066869682,0.437354066869682,0.3455533044794265,0.09180076239025547
CAT,calibrated_hist_gradient_boosting,1,2020-03-09,-1,1,0.4705667999684853,0.4705667999684853,0.3255436902105812,0.1450231097579041
CAT,calibrated_hist_gradient_boosting,1,2020-03-10,-1,1,0.44219292091909185,0.44219292091909185,0.3543470915504865,0.08784582936860535
CAT,calibrated_hist_gradient_boosting,1,2020-03-11,0,1,0.4851689322658665,0.4851689322658665,0.31043538305022883,0.17473354921563766
CAT,calibrated_hist_gradient_boosting,1,2020-03-12,1,1,0.4705989319722191,0.4705989319722191,0.32104817210365155,0.14955075986856753
CAT,calibrated_hist_gradient_boosting,1,2020-03-13,-1,1,0.4557707022045179,0.4557707022045179,0.3333805349305931,0.12239016727392477
CAT,calibrated_hist_gradient_boosting,1,2020-03-16,0,1,0.46057910610550623,0.46057910610550623,0.3269394366781187,0.13363966942738753
CAT,calibrated_hist_gradient_boosting,1,2020-03-17,0,1,0.4469317106779225,0.4469317106779225,0.3338173550488855,0.11311435562903699
CAT,calibrated_hist_gradient_boosting,1,2020-03-18,1,1,0.42511938692795254,0.42511938692795254,0.3408275748090019,0.08429181211895065
CAT,calibrated_hist_gradient_boosting,1,2020-03-19,1,1,0.43798347092065243,0.43798347092065243,0.3354766714114448,0.1025067995092076
CAT,calibrated_hist_gradient_boosting,1,2020-03-20,1,1,0.4506301013000948,0.4506301013000948,0.34563567897054853,0.10499442232954626
CAT,calibrated_hist_gradient_boosting,1,2020-03-23,1,1,0.4703113554976733,0.4703113554976733,0.3183138003989866,0.15199755509868668
CAT,calibrated_hist_gradient_boosting,1,2020-03-24,1,1,0.42962663574502463,0.42962663574502463,0.3381040745624359,0.09152256118258872
CAT,calibrated_hist_gradient_boosting,1,2020-03-25,1,1,0.4158745526065606,0.4158745526065606,0.36320784307237286,0.05266670953418773
CAT,calibrated_hist_gradient_boosting,1,2020-03-26,1,1,0.44153954722854755,0.44153954722854755,0.34864036069862575,0.0928991865299218
CAT,calibrated_hist_gradient_boosting,1,2020-03-27,1,1,0.4632904040719675,0.4632904040719675,0.3177046303367134,0.14558577373525405
CAT,calibrated_hist_gradient_boosting,1,2020-03-30,1,-1,0.38907486924689416,0.38832182356435635,0.38832182356435635,0.0007530456825378118
CAT,calibrated_hist_gradient_boosting,1,2020-03-31,1,-1,0.4146720684967244,0.38978500392091336,0.38978500392091336,0.024887064575811024
CAT,calibrated_hist_gradient_boosting,1,2020-04-01,1,1,0.4337128582437428,0.4337128582437428,0.3641579012552701,0.0695549569884727
CAT,calibrated_hist_gradient_boosting,1,2020-04-02,1,-1,0.4435456649094623,0.3552159224882949,0.3552159224882949,0.08832974242116737
CAT,calibrated_hist_gradient_boosting,1,2020-04-03,0,1,0.4230807859074425,0.4230807859074425,0.3748900549984205,0.04819073090902204
CAT,calibrated_hist_gradient_boosting,1,2020-04-06,-1,-1,0.45318391763392496,0.3453193903449698,0.3453193903449698,0.10786452728895518
CAT,calibrated_hist_gradient_boosting,1,2020-04-07,-1,-1,0.460024460463133,0.3322452598210364,0.3322452598210364,0.12777920064209658
CAT,calibrated_hist_gradient_boosting,1,2020-04-08,-1,-1,0.42955526872928435,0.3738926930389681,0.3738926930389681,0.05566257569031624
CAT,calibrated_hist_gradient_boosting,1,2020-04-09,-1,-1,0.4635185139179379,0.32167157745704095,0.32167157745704095,0.14184693646089697
CAT,calibrated_hist_gradient_boosting,1,2020-04-13,0,-1,0.4041893537981207,0.38040384493527757,0.38040384493527757,0.02378550886284314
CAT,calibrated_hist_gradient_boosting,1,2020-04-14,-1,-1,0.4327127359866349,0.3652624990995504,0.3652624990995504,0.06745023688708451
CAT,calibrated_hist_gradient_boosting,1,2020-04-15,0,-1,0.4086773325992689,0.3851338910081911,0.3851338910081911,0.023543441591077796
CAT,calibrated_hist_gradient_boosting,1,2020-04-16,0,-1,0.44527265098434016,0.34298735659267193,0.34298735659267193,0.10228529439166822
CAT,calibrated_hist_gradient_boosting,1,2020-04-17,0,-1,0.4072337615663845,0.39260545477957715,0.39260545477957715,0.014628306786807377
CAT,calibrated_hist_gradient_boosting,1,2020-04-20,0,-1,0.40627555157362466,0.37707632424224785,0.37707632424224785,0.02919922733137681
CAT,calibrated_hist_gradient_boosting,1,2020-04-21,1,1,0.4011640424288368,0.4011640424288368,0.4002971850059592,0.0008668574228776205
CAT,calibrated_hist_gradient_boosting,1,2020-04-22,1,-1,0.41648430706784473,0.3768535291188866,0.3768535291188866,0.03963077794895814
CAT,calibrated_hist_gradient_boosting,1,2020-04-23,1,-1,0.4394108596918418,0.3444125756965845,0.3444125756965845,0.09499828399525728
CAT,calibrated_hist_gradient_boosting,1,2020-04-24,-1,1,0.39437871756533965,0.39437871756533965,0.39358428689621155,0.0007944306691280989
CAT,calibrated_hist_gradient_boosting,1,2020-04-27,-1,1,0.42352900465985127,0.42352900465985127,0.36668557996277956,0.05684342469707171
CAT,calibrated_hist_gradient_boosting,1,2020-04-28,-1,1,0.39920215247806673,0.39920215247806673,0.379750889854292,0.019451262623774723
CAT,calibrated_hist_gradient_boosting,1,2020-04-29,-1,-1,0.4253305221463414,0.3804813745823046,0.3804813745823046,0.04484914756403685
CAT,calibrated_hist_gradient_boosting,1,2020-04-30,-1,1,0.4088361189384231,0.4088361189384231,0.3756380439153128,0.033198075023110285
CAT,calibrated_hist_gradient_boosting,1,2020-05-01,0,1,0.4204794476312352,0.4204794476312352,0.37224935683608534,0.04823009079514984
CAT,calibrated_hist_gradient_boosting,1,2020-05-04,0,-1,0.41339213831427557,0.38538941516506503,0.38538941516506503,0.02800272314921054
CAT,calibrated_hist_gradient_boosting,1,2020-05-05,-1,-1,0.43920137804066695,0.3778532732213253,0.3778532732213253,0.061348104819341664
CAT,calibrated_hist_gradient_boosting,1,2020-05-06,-1,-1,0.4044498545108925,0.3889488204178968,0.3889488204178968,0.015501034092995691
CAT,calibrated_hist_gradient_boosting,1,2020-05-07,0,-1,0.40182363053046943,0.4007653164275877,0.4007653164275877,0.0010583141028817078
CAT,calibrated_hist_gradient_boosting,1,2020-05-08,-1,-1,0.4174034750958076,0.37422297528650406,0.37422297528650406,0.04318049980930355
CAT,calibrated_hist_gradient_boosting,1,2020-05-11,1,-1,0.3981173556616611,0.38496648777832015,0.38496648777832015,0.013150867883340966
CAT,calibrated_hist_gradient_boosting,1,2020-05-12,1,-1,0.4246596566733507,0.3852350851606762,0.3852350851606762,0.03942457151267448
CAT,calibrated_hist_gradient_boosting,1,2020-05-13,1,-1,0.4270440174826578,0.3766009526430732,0.3766009526430732,0.050443064839584606
CAT,calibrated_hist_gradient_boosting,1,2020-05-14,1,-1,0.4098503762266051,0.3997199727644771,0.3997199727644771,0.010130403462127957
CAT,calibrated_hist_gradient_boosting,1,2020-05-15,1,1,0.4258011303995353,0.4258011303995353,0.379672823530222,0.046128306869313296
CAT,calibrated_hist_gradient_boosting,1,2020-05-18,1,-1,0.4321320740161265,0.376458812122814,0.376458812122814,0.05567326189331251
CAT,calibrated_hist_gradient_boosting,1,2020-05-19,1,-1,0.40258825060928344,0.386268720757916,0.386268720757916,0.01631952985136742
CAT,calibrated_hist_gradient_boosting,1,2020-05-20,1,-1,0.45682353475300674,0.34571402658133743,0.34571402658133743,0.11110950817166931
CAT,calibrated_hist_gradient_boosting,1,2020-05-21,1,-1,0.39035252401985215,0.3876304948077535,0.3876304948077535,0.002722029212098631
CAT,calibrated_hist_gradient_boosting,1,2020-05-22,1,-1,0.401717697952056,0.3788119561330037,0.3788119561330037,0.02290574181905225
CAT,calibrated_hist_gradient_boosting,1,2020-05-26,1,-1,0.42552161527643567,0.38416470205802833,0.38416470205802833,0.04135691321840734
CAT,calibrated_hist_gradient_boosting,1,2020-05-27,1,-1,0.4458781361153032,0.3475053348248766,0.3475053348248766,0.09837280129042658
CAT,calibrated_hist_gradient_boosting,1,2020-05-28,1,-1,0.4596840648157561,0.32859934380947564,0.32859934380947564,0.13108472100628044
CAT,calibrated_hist_gradient_boosting,1,2020-05-29,1,1,0.40338796095837126,0.40338796095837126,0.3936143025729631,0.009773658385408168
CAT,calibrated_hist_gradient_boosting,1,2020-06-01,1,-1,0.4400131398166994,0.352702074192316,0.352702074192316,0.0873110656243834
CAT,calibrated_hist_gradient_boosting,1,2020-06-02,1,-1,0.4382463729748423,0.3703237544764298,0.3703237544764298,0.06792261849841252
CAT,calibrated_hist_gradient_boosting,1,2020-06-03,1,-1,0.47380585778053314,0.3261008755834119,0.3261008755834119,0.14770498219712125
CAT,calibrated_hist_gradient_boosting,1,2020-06-04,-1,-1,0.45301546245967333,0.3402169962527379,0.3402169962527379,0.11279846620693545
CAT,calibrated_hist_gradient_boosting,1,2020-06-05,-1,-1,0.4632018911691864,0.3328620728229406,0.3328620728229406,0.1303398183462458
CAT,calibrated_hist_gradient_boosting,1,2020-06-08,-1,-1,0.47833011025457134,0.33527159867054884,0.33527159867054884,0.1430585115840225
CAT,calibrated_hist_gradient_boosting,1,2020-06-09,-1,-1,0.43762878941749817,0.3440356288148448,0.3440356288148448,0.09359316060265338
CAT,calibrated_hist_gradient_boosting,1,2020-06-10,-1,-1,0.4466644096142169,0.3378099957356456,0.3378099957356456,0.10885441387857131
CAT,calibrated_hist_gradient_boosting,1,2020-06-11,1,-1,0.4231008737001963,0.3549453710665887,0.3549453710665887,0.06815550263360759
CAT,calibrated_hist_gradient_boosting,1,2020-06-12,1,-1,0.45213116976100176,0.34825965777484513,0.34825965777484513,0.10387151198615663
CAT,calibrated_hist_gradient_boosting,1,2020-06-15,0,-1,0.42521439989733806,0.36254832539253207,0.36254832539253207,0.06266607450480599
CAT,calibrated_hist_gradient_boosting,1,2020-06-16,-1,-1,0.4475084696512454,0.348055637119477,0.348055637119477,0.0994528325317684
CAT,calibrated_hist_gradient_boosting,1,2020-06-17,-1,-1,0.4639130969979474,0.3431622924731877,0.3431622924731877,0.12075080452475973
CAT,calibrated_hist_gradient_boosting,1,2020-06-18,-1,-1,0.41607461051341516,0.38266746274594166,0.38266746274594166,0.0334071477674735
CAT,calibrated_hist_gradient_boosting,1,2020-06-19,-1,-1,0.43603711337841605,0.36000226294260657,0.36000226294260657,0.07603485043580949
CAT,calibrated_hist_gradient_boosting,1,2020-06-22,0,-1,0.4445523999642738,0.3543702156240734,0.3543702156240734,0.09018218434020042
CAT,calibrated_hist_gradient_boosting,1,2020-06-23,0,-1,0.44093548498013657,0.36283670670049184,0.36283670670049184,0.07809877827964473
CAT,calibrated_hist_gradient_boosting,1,2020-06-24,1,-1,0.401671230951487,0.3981478779327461,0.3981478779327461,0.0035233530187409046
CAT,calibrated_hist_gradient_boosting,1,2020-06-25,1,-1,0.43488967229122694,0.38275997998142336,0.38275997998142336,0.05212969230980358
CAT,calibrated_hist_gradient_boosting,1,2020-06-26,1,1,0.4352606852593294,0.4352606852593294,0.3507800086335758,0.08448067662575365
CAT,calibrated_hist_gradient_boosting,1,2020-06-29,0,-1,0.4153058774482446,0.3991921887145639,0.3991921887145639,0.016113688733680687
CAT,calibrated_hist_gradient_boosting,1,2020-06-30,0,-1,0.42903512742209954,0.37395687874229405,0.37395687874229405,0.055078248679805486
CAT,calibrated_hist_gradient_boosting,1,2020-07-01,0,-1,0.4658607735064863,0.33232245758112167,0.33232245758112167,0.13353831592536464
CAT,calibrated_hist_gradient_boosting,1,2020-07-02,0,-1,0.463986324806066,0.35350957532211086,0.35350957532211086,0.11047674948395514
CAT,calibrated_hist_gradient_boosting,1,2020-07-06,0,-1,0.43422039064319984,0.3945295879966708,0.3945295879966708,0.03969080264652902
CAT,calibrated_hist_gradient_boosting,1,2020-07-07,1,-1,0.43803510664558526,0.3694951946569947,0.3694951946569947,0.06853991198859055
CAT,calibrated_hist_gradient_boosting,1,2020-07-08,1,-1,0.4514193863596832,0.374727727606688,0.374727727606688,0.07669165875299522
CAT,calibrated_hist_gradient_boosting,1,2020-07-09,1,-1,0.4396310940057897,0.36317361216620414,0.36317361216620414,0.07645748183958556
CAT,calibrated_hist_gradient_boosting,1,2020-07-10,1,-1,0.4565304756718733,0.37666614564171136,0.37666614564171136,0.07986433003016197
CAT,calibrated_hist_gradient_boosting,1,2020-07-13,1,-1,0.41410417841975616,0.3917642475128851,0.3917642475128851,0.022339930906871086
CAT,calibrated_hist_gradient_boosting,1,2020-07-14,0,-1,0.4576516711500715,0.34609394486499534,0.34609394486499534,0.11155772628507615
CAT,calibrated_hist_gradient_boosting,1,2020-07-15,0,-1,0.477490047818747,0.3400756936838906,0.3400756936838906,0.13741435413485636
CAT,calibrated_hist_gradient_boosting,1,2020-07-16,0,-1,0.4788945489929639,0.3285263331536125,0.3285263331536125,0.1503682158393514
CAT,calibrated_hist_gradient_boosting,1,2020-07-17,0,-1,0.45099942312726266,0.3519969730348689,0.3519969730348689,0.09900245009239378
CAT,calibrated_hist_gradient_boosting,1,2020-07-20,1,-1,0.43514319791159267,0.3693481611810456,0.3693481611810456,0.0657950367305471
CAT,calibrated_hist_gradient_boosting,1,2020-07-21,0,-1,0.47170013048215403,0.3346044781444921,0.3346044781444921,0.1370956523376619
CAT,calibrated_hist_gradient_boosting,1,2020-07-22,1,-1,0.46728805539813956,0.351348617679762,0.351348617679762,0.11593943771837756
CAT,calibrated_hist_gradient_boosting,1,2020-07-23,0,-1,0.44702654467227737,0.3597914119020625,0.3597914119020625,0.08723513277021488
CAT,calibrated_hist_gradient_boosting,1,2020-07-24,-1,-1,0.45195960296654886,0.347817685101708,0.347817685101708,0.10414191786484084
CAT,calibrated_hist_gradient_boosting,1,2020-07-27,-1,-1,0.46049681450380947,0.34671983927014877,0.34671983927014877,0.1137769752336607
CAT,calibrated_hist_gradient_boosting,1,2020-07-28,-1,-1,0.4500974823798682,0.3526540093141028,0.3526540093141028,0.0974434730657654
CAT,calibrated_hist_gradient_boosting,1,2020-07-29,-1,-1,0.4701811114622769,0.3462839672929408,0.3462839672929408,0.12389714416933612
CAT,calibrated_hist_gradient_boosting,1,2020-07-30,0,-1,0.4538833226815983,0.35259923675311905,0.35259923675311905,0.10128408592847926
CAT,calibrated_hist_gradient_boosting,1,2020-07-31,0,-1,0.4467968340214787,0.3490298541141472,0.3490298541141472,0.09776697990733146
CAT,calibrated_hist_gradient_boosting,1,2020-08-03,1,-1,0.43414240750775845,0.35793019119987163,0.35793019119987163,0.07621221630788683
CAT,calibrated_hist_gradient_boosting,1,2020-08-04,1,-1,0.4040541876653572,0.38331688350061865,0.38331688350061865,0.020737304164738568
CAT,calibrated_hist_gradient_boosting,1,2020-08-05,1,-1,0.4504764359857923,0.35569316912145466,0.35569316912145466,0.09478326686433763
CAT,calibrated_hist_gradient_boosting,1,2020-08-06,1,-1,0.4370940870252637,0.3586532707477372,0.3586532707477372,0.07844081627752653
CAT,calibrated_hist_gradient_boosting,1,2020-08-07,1,-1,0.47102701199198466,0.32726104854551746,0.32726104854551746,0.1437659634464672
CAT,calibrated_hist_gradient_boosting,1,2020-08-10,-1,-1,0.46569827161187566,0.34177644147837843,0.34177644147837843,0.12392183013349722
CAT,calibrated_hist_gradient_boosting,1,2020-08-11,-1,-1,0.47320415667192695,0.3358884670832685,0.3358884670832685,0.13731568958865842
CAT,calibrated_hist_gradient_boosting,1,2020-08-12,-1,-1,0.4627766207957609,0.3575509567792967,0.3575509567792967,0.10522566401646416
CAT,calibrated_hist_gradient_boosting,1,2020-08-13,-1,-1,0.4127780947181936,0.388363742364297,0.388363742364297,0.024414352353896607
CAT,calibrated_hist_gradient_boosting,1,2020-08-14,0,1,0.4172266022558245,0.4172266022558245,0.38824837596194867,0.02897822629387581
CAT,calibrated_hist_gradient_boosting,1,2020-08-17,1,-1,0.47412412805777865,0.32821672366857835,0.32821672366857835,0.1459074043892003
CAT,calibrated_hist_gradient_boosting,1,2020-08-18,1,-1,0.43713256763474373,0.3729850945754329,0.3729850945754329,0.06414747305931084
CAT,calibrated_hist_gradient_boosting,1,2020-08-19,1,-1,0.47515399752726273,0.3354514093800603,0.3354514093800603,0.13970258814720243
CAT,calibrated_hist_gradient_boosting,1,2020-08-20,1,-1,0.4152944405547609,0.3863879035285553,0.3863879035285553,0.028906537026205603
CAT,calibrated_hist_gradient_boosting,1,2020-08-21,1,-1,0.4818444037492234,0.3290411033566265,0.3290411033566265,0.15280330039259687
CAT,calibrated_hist_gradient_boosting,1,2020-08-24,0,-1,0.4417871679841787,0.3745501613559717,0.3745501613559717,0.06723700662820703
CAT,calibrated_hist_gradient_boosting,1,2020-08-25,1,-1,0.45486402486907007,0.3519349148882897,0.3519349148882897,0.10292910998078036
CAT,calibrated_hist_gradient_boosting,1,2020-08-26,1,-1,0.4563981607331393,0.36012131193172064,0.36012131193172064,0.09627684880141868
CAT,calibrated_hist_gradient_boosting,1,2020-08-27,1,-1,0.4769484922033013,0.3507429327856622,0.3507429327856622,0.1262055594176391
CAT,calibrated_hist_gradient_boosting,1,2020-08-28,1,-1,0.4686496192882421,0.343738231673622,0.343738231673622,0.12491138761462012
CAT,calibrated_hist_gradient_boosting,1,2020-08-31,1,-1,0.4880042324933857,0.31459807862269207,0.31459807862269207,0.17340615387069364
CAT,calibrated_hist_gradient_boosting,1,2020-09-01,1,-1,0.4765081351270375,0.339361676710123,0.339361676710123,0.13714645841691447
CAT,calibrated_hist_gradient_boosting,1,2020-09-02,0,-1,0.4656131655488953,0.3366663965719998,0.3366663965719998,0.1289467689768955
CAT,calibrated_hist_gradient_boosting,1,2020-09-03,1,-1,0.4768318624991063,0.32620748382258197,0.32620748382258197,0.15062437867652434
CAT,calibrated_hist_gradient_boosting,1,2020-09-04,1,-1,0.4765753775657094,0.3261018969532872,0.3261018969532872,0.15047348061242222
CAT,calibrated_hist_gradient_boosting,1,2020-09-08,0,-1,0.41836828482645066,0.3825620370023984,0.3825620370023984,0.035806247824052284
CAT,calibrated_hist_gradient_boosting,1,2020-09-09,0,-1,0.4304949041498853,0.36698893505946356,0.36698893505946356,0.06350596909042172
CAT,calibrated_hist_gradient_boosting,1,2020-09-10,1,-1,0.46699690398067295,0.34110150585969073,0.34110150585969073,0.12589539812098222
CAT,calibrated_hist_gradient_boosting,1,2020-09-11,0,-1,0.4723572656838746,0.3296867056935516,0.3296867056935516,0.14267055999032302
CAT,calibrated_hist_gradient_boosting,1,2020-09-14,-1,-1,0.4614709422127518,0.3422310017876929,0.3422310017876929,0.11923994042505892
CAT,calibrated_hist_gradient_boosting,1,2020-09-15,0,-1,0.43446535741856174,0.3528284042472465,0.3528284042472465,0.08163695317131525
CAT,calibrated_hist_gradient_boosting,1,2020-09-16,-1,-1,0.4516193077711806,0.33103147525229454,0.33103147525229454,0.12058783251888605
CAT,calibrated_hist_gradient_boosting,1,2020-09-17,-1,-1,0.4524445162776414,0.3507418977997417,0.3507418977997417,0.10170261847789969
CAT,calibrated_hist_gradient_boosting,1,2020-09-18,-1,-1,0.4856282380994916,0.306387610485139,0.306387610485139,0.1792406276143526
CAT,calibrated_hist_gradient_boosting,1,2020-09-21,0,1,0.4040127938918556,0.4040127938918556,0.3730717810009145,0.030941012890941144
CAT,calibrated_hist_gradient_boosting,1,2020-09-22,0,1,0.4012412199589374,0.4012412199589374,0.40018640879409784,0.0010548111648395753
CAT,calibrated_hist_gradient_boosting,1,2020-09-23,1,-1,0.40402580470567395,0.3732862638130727,0.3732862638130727,0.030739540892601225
CAT,calibrated_hist_gradient_boosting,1,2020-09-24,0,-1,0.41727491161307,0.3725537208593046,0.3725537208593046,0.044721190753765405
CAT,calibrated_hist_gradient_boosting,1,2020-09-25,1,1,0.4287826876585951,0.4287826876585951,0.35969135361215837,0.06909133404643675
CAT,calibrated_hist_gradient_boosting,1,2020-09-28,1,1,0.41650112879495155,0.41650112879495155,0.36393520828554854,0.05256592050940301
CAT,calibrated_hist_gradient_boosting,1,2020-09-29,1,-1,0.4291556920455372,0.36551698176210173,0.36551698176210173,0.06363871028343548
CAT,calibrated_hist_gradient_boosting,1,2020-09-30,1,-1,0.43999969117752674,0.37048786230463676,0.37048786230463676,0.06951182887288998
CAT,calibrated_hist_gradient_boosting,1,2020-10-01,1,-1,0.4627742460839233,0.32646777319845216,0.32646777319845216,0.13630647288547115
CAT,calibrated_hist_gradient_boosting,1,2020-10-02,1,1,0.39986247619050835,0.39986247619050835,0.3972450354147076,0.002617440775800728
CAT,calibrated_hist_gradient_boosting,1,2020-10-05,1,1,0.4137463115091493,0.4137463115091493,0.38710568660475264,0.02664062490439667
CAT,calibrated_hist_gradient_boosting,1,2020-10-06,1,-1,0.4481125058674653,0.36156348084512063,0.36156348084512063,0.08654902502234468
CAT,calibrated_hist_gradient_boosting,1,2020-10-07,1,1,0.4296464517074619,0.4296464517074619,0.38048248902784326,0.049163962679618645
CAT,calibrated_hist_gradient_boosting,1,2020-10-08,1,-1,0.43273220049177974,0.3832822037558777,0.3832822037558777,0.04944999673590206
CAT,calibrated_hist_gradient_boosting,1,2020-10-09,1,-1,0.4327264664272954,0.3689133528027184,0.3689133528027184,0.06381311362457698
CAT,calibrated_hist_gradient_boosting,1,2020-10-12,1,-1,0.4558621697615923,0.35146139611289023,0.35146139611289023,0.10440077364870204
CAT,calibrated_hist_gradient_boosting,1,2020-10-13,1,-1,0.44839848185906755,0.35603440999896546,0.35603440999896546,0.09236407186010209
CAT,calibrated_hist_gradient_boosting,1,2020-10-14,1,-1,0.43374602995584466,0.36974147275554586,0.36974147275554586,0.0640045572002988
CAT,calibrated_hist_gradient_boosting,1,2020-10-15,1,-1,0.421253062787591,0.38041734446987374,0.38041734446987374,0.04083571831771726
CAT,calibrated_hist_gradient_boosting,1,2020-10-16,0,-1,0.44655907147675755,0.35287583241146064,0.35287583241146064,0.09368323906529691
CAT,calibrated_hist_gradient_boosting,1,2020-10-19,0,-1,0.4702773316748387,0.3339598804355098,0.3339598804355098,0.13631745123932892
CAT,calibrated_hist_gradient_boosting,1,2020-10-20,-1,-1,0.45179524842588453,0.34040225887361325,0.34040225887361325,0.11139298955227128
CAT,calibrated_hist_gradient_boosting,1,2020-10-21,-1,-1,0.46390278273760055,0.31933165142289416,0.31933165142289416,0.1445711313147064
CAT,calibrated_hist_gradient_boosting,1,2020-10-22,-1,-1,0.45826011887450074,0.3308878823192038,0.3308878823192038,0.12737223655529695
CAT,calibrated_hist_gradient_boosting,1,2020-10-23,-1,-1,0.44979755745486605,0.3384145706021396,0.3384145706021396,0.11138298685272646
CAT,calibrated_hist_gradient_boosting,1,2020-10-26,0,-1,0.45532592215669343,0.3512159510129022,0.3512159510129022,0.10410997114379122
CAT,calibrated_hist_gradient_boosting,1,2020-10-27,1,-1,0.4302843339123538,0.36164041081462,0.36164041081462,0.06864392309773382
CAT,calibrated_hist_gradient_boosting,1,2020-10-28,1,-1,0.40757717268039556,0.37658979995591024,0.37658979995591024,0.030987372724485318
CAT,calibrated_hist_gradient_boosting,1,2020-10-29,1,-1,0.41261733864714817,0.38472434459066535,0.38472434459066535,0.027892994056482823
CAT,calibrated_hist_gradient_boosting,1,2020-10-30,1,-1,0.4569920582844847,0.3362866785542571,0.3362866785542571,0.1207053797302276
CAT,calibrated_hist_gradient_boosting,1,2020-11-02,1,-1,0.4591544444128804,0.3279784663429128,0.3279784663429128,0.1311759780699676
CAT,calibrated_hist_gradient_boosting,1,2020-11-03,1,-1,0.4654626085906704,0.33110266942909417,0.33110266942909417,0.13435993916157624
CAT,calibrated_hist_gradient_boosting,1,2020-11-04,1,1,0.39966153940193666,0.39966153940193666,0.3866691263567687,0.012992413045167961
CAT,calibrated_hist_gradient_boosting,1,2020-11-05,1,-1,0.4305816096565404,0.3700305244790243,0.3700305244790243,0.06055108517751612
CAT,calibrated_hist_gradient_boosting,1,2020-11-06,1,-1,0.417791716907677,0.3684543721150085,0.3684543721150085,0.04933734479266855
CAT,calibrated_hist_gradient_boosting,1,2020-11-09,0,-1,0.4336937408253451,0.3606809178044265,0.3606809178044265,0.0730128230209186
CAT,calibrated_hist_gradient_boosting,1,2020-11-10,0,-1,0.4450448502136987,0.3529746165468132,0.3529746165468132,0.09207023366688549
CAT,calibrated_hist_gradient_boosting,1,2020-11-11,0,-1,0.43956779823039566,0.35887643275026276,0.35887643275026276,0.08069136548013289
CAT,calibrated_hist_gradient_boosting,1,2020-11-12,1,-1,0.4271252390977951,0.36896654043241567,0.36896654043241567,0.05815869866537943
CAT,calibrated_hist_gradient_boosting,1,2020-11-13,0,-1,0.44678134098836847,0.36111580650514746,0.36111580650514746,0.085665534483221
CAT,calibrated_hist_gradient_boosting,1,2020-11-16,0,-1,0.43169281427174017,0.37523183935612486,0.37523183935612486,0.0564609749156153
CAT,calibrated_hist_gradient_boosting,1,2020-11-17,1,-1,0.45752330898139,0.353233621226013,0.353233621226013,0.104289687755377
CAT,calibrated_hist_gradient_boosting,1,2020-11-18,0,-1,0.45368630472290433,0.360555610894672,0.360555610894672,0.09313069382823236
CAT,calibrated_hist_gradient_boosting,1,2020-11-19,0,-1,0.4128290691470464,0.39247222342683236,0.39247222342683236,0.020356845720214067
CAT,calibrated_hist_gradient_boosting,1,2020-11-20,0,-1,0.43069585600269833,0.36901944940901893,0.36901944940901893,0.0616764065936794
CAT,calibrated_hist_gradient_boosting,1,2020-11-23,0,-1,0.4625306583443029,0.3451680326867854,0.3451680326867854,0.11736262565751748
CAT,calibrated_hist_gradient_boosting,1,2020-11-24,0,-1,0.4771569480295501,0.3325393867570566,0.3325393867570566,0.14461756127249353
CAT,calibrated_hist_gradient_boosting,1,2020-11-25,0,-1,0.5003055331936558,0.31786316629936584,0.31786316629936584,0.18244236689428994
CAT,calibrated_hist_gradient_boosting,1,2020-11-27,1,-1,0.45473038154805917,0.3493682745773439,0.3493682745773439,0.1053621069707153
CAT,calibrated_hist_gradient_boosting,1,2020-11-30,1,-1,0.4296976606712491,0.35587413967888565,0.35587413967888565,0.07382352099236345
CAT,calibrated_hist_gradient_boosting,1,2020-12-01,1,-1,0.4581155669183188,0.35696064920087506,0.35696064920087506,0.10115491771744373
CAT,calibrated_hist_gradient_boosting,1,2020-12-02,1,-1,0.4315182996038775,0.3813119511042015,0.3813119511042015,0.05020634849967598
CAT,calibrated_hist_gradient_boosting,1,2020-12-03,1,-1,0.4543911958697316,0.3443655181573568,0.3443655181573568,0.11002567771237481
CAT,calibrated_hist_gradient_boosting,1,2020-12-04,0,-1,0.45114777949039375,0.3518678767498386,0.3518678767498386,0.09927990274055515
CAT,calibrated_hist_gradient_boosting,1,2020-12-07,0,-1,0.45939319998167094,0.35843007511971114,0.35843007511971114,0.1009631248619598
CAT,calibrated_hist_gradient_boosting,1,2020-12-08,0,-1,0.4420372290865735,0.3804528749226381,0.3804528749226381,0.06158435416393543
CAT,calibrated_hist_gradient_boosting,1,2020-12-09,0,-1,0.44239477296460833,0.37101401655773975,0.37101401655773975,0.07138075640686858
CAT,calibrated_hist_gradient_boosting,1,2020-12-10,0,-1,0.4725246797803653,0.32560481649066036,0.32560481649066036,0.1469198632897049
CAT,calibrated_hist_gradient_boosting,1,2020-12-11,0,-1,0.4416439030618929,0.3856094109468897,0.3856094109468897,0.056034492115003165
CAT,calibrated_hist_gradient_boosting,1,2020-12-14,0,-1,0.4770561569479496,0.3309971308474083,0.3309971308474083,0.14605902610054133
CAT,calibrated_hist_gradient_boosting,1,2020-12-15,-1,-1,0.41084869748308783,0.40812465670793885,0.40812465670793885,0.0027240407751489837
CAT,calibrated_hist_gradient_boosting,1,2020-12-16,0,-1,0.49555790025235247,0.31437700536264435,0.31437700536264435,0.18118089488970812
CAT,calibrated_hist_gradient_boosting,1,2020-12-17,0,-1,0.4673650201759399,0.3413893148699432,0.3413893148699432,0.12597570530599672
CAT,calibrated_hist_gradient_boosting,1,2020-12-18,0,-1,0.4488358265140893,0.36152024571627434,0.36152024571627434,0.08731558079781498
CAT,calibrated_hist_gradient_boosting,1,2020-12-21,0,-1,0.42137017264447946,0.39209647390511587,0.39209647390511587,0.029273698739363585
CAT,calibrated_hist_gradient_boosting,1,2020-12-22,0,-1,0.4776612728051692,0.31772030896625564,0.31772030896625564,0.15994096383891354
CAT,calibrated_hist_gradient_boosting,1,2020-12-23,1,-1,0.44081811962789663,0.3636374702749185,0.3636374702749185,0.07718064935297814
CAT,calibrated_hist_gradient_boosting,1,2020-12-24,0,-1,0.4296467111637046,0.3775967382682029,0.3775967382682029,0.05204997289550173
CAT,calibrated_hist_gradient_boosting,1,2020-12-28,1,-1,0.44027738704272124,0.36964991507835093,0.36964991507835093,0.0706274719643703
CAT,calibrated_hist_gradient_boosting,1,2020-12-29,1,-1,0.4646386625144503,0.31330717180256623,0.31330717180256623,0.15133149071188406
CAT,calibrated_hist_gradient_boosting,1,2020-12-30,1,-1,0.43677451740112283,0.36604986214752827,0.36604986214752827,0.07072465525359456
CAT,calibrated_hist_gradient_boosting,1,2020-12-31,1,-1,0.44076355521682115,0.3874366123925785,0.3874366123925785,0.05332694282424266
CAT,calibrated_hist_gradient_boosting,1,2021-01-04,1,-1,0.45690082206037824,0.3590328300830816,0.3590328300830816,0.09786799197729662
CAT,calibrated_hist_gradient_boosting,1,2021-01-05,1,-1,0.43204674307192165,0.3963424039211098,0.3963424039211098,0.03570433915081184
CAT,calibrated_hist_gradient_boosting,1,2021-01-06,0,-1,0.4336865253363989,0.3643866686838096,0.3643866686838096,0.06929985665258931
CAT,calibrated_hist_gradient_boosting,1,2021-01-07,0,-1,0.4623846804685505,0.34514029782595673,0.34514029782595673,0.11724438264259379
CAT,calibrated_hist_gradient_boosting,1,2021-01-08,0,-1,0.4503168137851703,0.3607949414166453,0.3607949414166453,0.08952187236852499
CAT,calibrated_hist_gradient_boosting,1,2021-01-11,0,-1,0.42659298360889625,0.37607451616816395,0.37607451616816395,0.050518467440732295
CAT,calibrated_hist_gradient_boosting,1,2021-01-12,-1,-1,0.45849057417455513,0.3490599338526246,0.3490599338526246,0.1094306403219305
CAT,calibrated_hist_gradient_boosting,1,2021-01-13,0,-1,0.4828707480551442,0.32074791162496413,0.32074791162496413,0.16212283643018005
CAT,calibrated_hist_gradient_boosting,1,2021-01-14,-1,-1,0.4565769329272927,0.3542204820414363,0.3542204820414363,0.10235645088585638
CAT,calibrated_hist_gradient_boosting,1,2021-01-15,-1,-1,0.41623167235240816,0.3882900626091726,0.3882900626091726,0.027941609743235563
CAT,calibrated_hist_gradient_boosting,1,2021-01-19,-1,-1,0.4438630106183458,0.3756666797106676,0.3756666797106676,0.06819633090767824
CAT,calibrated_hist_gradient_boosting,1,2021-01-20,-1,-1,0.43916317564857366,0.36883071045312404,0.36883071045312404,0.07033246519544961
CAT,calibrated_hist_gradient_boosting,1,2021-01-21,-1,-1,0.4428313982267495,0.37600696469680933,0.37600696469680933,0.06682443352994016
CAT,calibrated_hist_gradient_boosting,1,2021-01-22,-1,-1,0.44236556263637733,0.3562610450383537,0.3562610450383537,0.08610451759802362
CAT,calibrated_hist_gradient_boosting,1,2021-01-25,0,-1,0.4153345730652546,0.3858875272100022,0.3858875272100022,0.02944704585525243
CAT,calibrated_hist_gradient_boosting,1,2021-01-26,1,1,0.40498093799224516,0.40498093799224516,0.4040742668175934,0.0009066711746517631
CAT,calibrated_hist_gradient_boosting,1,2021-01-27,1,1,0.4045847771453583,0.4045847771453583,0.3988567519273742,0.005728025217984101
CAT,calibrated_hist_gradient_boosting,1,2021-01-28,1,1,0.4335026365313897,0.4335026365313897,0.36079233491157964,0.07271030161981007
CAT,calibrated_hist_gradient_boosting,1,2021-01-29,1,-1,0.4137426480519239,0.3972652422609742,0.3972652422609742,0.016477405790949695
CAT,calibrated_hist_gradient_boosting,1,2021-02-01,1,1,0.42950589338687467,0.42950589338687467,0.36040970730946675,0.06909618607740792
CAT,calibrated_hist_gradient_boosting,1,2021-02-02,1,-1,0.4189360655550561,0.38131998359230357,0.38131998359230357,0.03761608196275251
CAT,calibrated_hist_gradient_boosting,1,2021-02-03,1,1,0.42701581661003835,0.42701581661003835,0.37188581502348267,0.05513000158655568
CAT,calibrated_hist_gradient_boosting,1,2021-02-04,1,-1,0.4338728828233523,0.3751767263071186,0.3751767263071186,0.058696156516233666
CAT,calibrated_hist_gradient_boosting,1,2021-02-05,1,-1,0.432062817476828,0.39107817987660426,0.39107817987660426,0.04098463760022375
CAT,calibrated_hist_gradient_boosting,1,2021-02-08,1,1,0.4314581741281833,0.4314581741281833,0.37588203128342146,0.05557614284476187
CAT,calibrated_hist_gradient_boosting,1,2021-02-09,1,-1,0.4188623964437777,0.40654987390038716,0.40654987390038716,0.012312522543390547
CAT,calibrated_hist_gradient_boosting,1,2021-02-10,0,-1,0.42384323996375367,0.39361092033901607,0.39361092033901607,0.030232319624737602
CAT,calibrated_hist_gradient_boosting,1,2021-02-11,1,-1,0.43236005314367315,0.39272312916709734,0.39272312916709734,0.03963692397657581
CAT,calibrated_hist_gradient_boosting,1,2021-02-12,1,-1,0.41211137615835064,0.4020352143052641,0.4020352143052641,0.010076161853086518
CAT,calibrated_hist_gradient_boosting,1,2021-02-16,1,-1,0.4331340249342576,0.37408191971972454,0.37408191971972454,0.05905210521453308
CAT,calibrated_hist_gradient_boosting,1,2021-02-17,1,-1,0.45317259188992276,0.35638430076366734,0.35638430076366734,0.09678829112625542
CAT,calibrated_hist_gradient_boosting,1,2021-02-18,1,-1,0.47946600155215763,0.3251755931295393,0.3251755931295393,0.15429040842261832
CAT,calibrated_hist_gradient_boosting,1,2021-02-19,1,-1,0.48046247100389256,0.31562525927984314,0.31562525927984314,0.16483721172404942
CAT,calibrated_hist_gradient_boosting,1,2021-02-22,0,-1,0.4707694834708603,0.31937827529083546,0.31937827529083546,0.15139120818002483
CAT,calibrated_hist_gradient_boosting,1,2021-02-23,0,-1,0.49609035075450375,0.30476100443623905,0.30476100443623905,0.1913293463182647
CAT,calibrated_hist_gradient_boosting,1,2021-02-24,-1,-1,0.4914357824764939,0.32447372794465,0.32447372794465,0.16696205453184387
CAT,calibrated_hist_gradient_boosting,1,2021-02-25,-1,-1,0.4676367562794314,0.33763710058357965,0.33763710058357965,0.12999965569585176
CAT,calibrated_hist_gradient_boosting,1,2021-02-26,0,-1,0.4497617059973484,0.34201260252944676,0.34201260252944676,0.10774910346790162
CAT,calibrated_hist_gradient_boosting,1,2021-03-01,0,-1,0.42947242252402845,0.3640134876928595,0.3640134876928595,0.06545893483116894
CAT,calibrated_hist_gradient_boosting,1,2021-03-02,0,-1,0.43934419068567704,0.3441734346750554,0.3441734346750554,0.09517075601062164
CAT,calibrated_hist_gradient_boosting,1,2021-03-03,1,-1,0.428745893246369,0.3659809684061978,0.3659809684061978,0.06276492484017121
CAT,calibrated_hist_gradient_boosting,1,2021-03-04,1,-1,0.4302747830247429,0.35232907926369084,0.35232907926369084,0.07794570376105209
CAT,calibrated_hist_gradient_boosting,1,2021-03-05,1,-1,0.44774720984711297,0.3455392839166469,0.3455392839166469,0.10220792593046607
CAT,calibrated_hist_gradient_boosting,1,2021-03-08,1,-1,0.4844776190527725,0.3247671399748229,0.3247671399748229,0.15971047907794955
CAT,calibrated_hist_gradient_boosting,1,2021-03-09,1,-1,0.48614844995112483,0.30489343652147,0.30489343652147,0.18125501342965483
CAT,calibrated_hist_gradient_boosting,1,2021-03-10,1,-1,0.45913688200851305,0.35221387525034786,0.35221387525034786,0.10692300675816518
CAT,calibrated_hist_gradient_boosting,1,2021-03-11,1,-1,0.4609175763160347,0.33796163072510627,0.33796163072510627,0.12295594559092843
CAT,calibrated_hist_gradient_boosting,1,2021-03-12,0,-1,0.4744499248148714,0.31968634102669025,0.31968634102669025,0.15476358378818117
CAT,calibrated_hist_gradient_boosting,1,2021-03-15,-1,-1,0.4773846199301932,0.3184644139152451,0.3184644139152451,0.1589202060149481
CAT,calibrated_hist_gradient_boosting,1,2021-03-16,-1,-1,0.43971561000438975,0.33800096020079334,0.33800096020079334,0.1017146498035964
CAT,calibrated_hist_gradient_boosting,1,2021-03-17,-1,-1,0.45203746922652366,0.3447879046129631,0.3447879046129631,0.10724956461356056
CAT,calibrated_hist_gradient_boosting,1,2021-03-18,-1,-1,0.46347219158950215,0.33256664394820235,0.33256664394820235,0.1309055476412998
CAT,calibrated_hist_gradient_boosting,1,2021-03-19,0,-1,0.4077595917281962,0.3975360644753472,0.3975360644753472,0.01022352725284903
CAT,calibrated_hist_gradient_boosting,1,2021-03-22,0,1,0.4243370497073926,0.4243370497073926,0.3894713512530091,0.03486569845438353
CAT,calibrated_hist_gradient_boosting,1,2021-03-23,1,1,0.4123157512874746,0.4123157512874746,0.3859972508575554,0.026318500429919234
CAT,calibrated_hist_gradient_boosting,1,2021-03-24,1,-1,0.41044161785580685,0.3785443779639465,0.3785443779639465,0.03189723989186033
CAT,calibrated_hist_gradient_boosting,1,2021-03-25,1,1,0.4425445174210354,0.4425445174210354,0.3828619840329662,0.059682533388069225
CAT,calibrated_hist_gradient_boosting,1,2021-03-26,0,-1,0.4112333677389213,0.3987100446634175,0.3987100446634175,0.0125233230755038
CAT,calibrated_hist_gradient_boosting,1,2021-03-29,0,-1,0.41925289803498283,0.3844361853946363,0.3844361853946363,0.034816712640346525
CAT,calibrated_hist_gradient_boosting,1,2021-03-30,0,-1,0.4331353872602864,0.3676195282270358,0.3676195282270358,0.06551585903325058
CAT,calibrated_hist_gradient_boosting,1,2021-03-31,0,-1,0.4157386843686767,0.390536739142646,0.390536739142646,0.025201945226030698
CAT,calibrated_hist_gradient_boosting,1,2021-04-01,0,-1,0.471974364964119,0.3482441984444599,0.3482441984444599,0.12373016651965907
CAT,calibrated_hist_gradient_boosting,1,2021-04-05,0,-1,0.43956919111403314,0.3763350571091566,0.3763350571091566,0.06323413400487654
CAT,calibrated_hist_gradient_boosting,1,2021-04-06,0,-1,0.4901968398738217,0.3200728876352432,0.3200728876352432,0.17012395223857846
CAT,calibrated_hist_gradient_boosting,1,2021-04-07,0,-1,0.42907387613222,0.3811814062312075,0.3811814062312075,0.04789246990101248
CAT,calibrated_hist_gradient_boosting,1,2021-04-08,0,-1,0.42892392539747415,0.37794742620115357,0.37794742620115357,0.05097649919632058
CAT,calibrated_hist_gradient_boosting,1,2021-04-09,0,-1,0.45467183693217184,0.3661376160553847,0.3661376160553847,0.08853422087678714
CAT,calibrated_hist_gradient_boosting,1,2021-04-12,0,-1,0.44287729788418995,0.37301204246245073,0.37301204246245073,0.06986525542173921
CAT,calibrated_hist_gradient_boosting,1,2021-04-13,0,-1,0.47271462092182653,0.33056350386662187,0.33056350386662187,0.14215111705520467
CAT,calibrated_hist_gradient_boosting,1,2021-04-14,0,-1,0.45110859320682345,0.3690043917148707,0.3690043917148707,0.08210420149195274
CAT,calibrated_hist_gradient_boosting,1,2021-04-15,0,-1,0.4297937931322802,0.392707330853918,0.392707330853918,0.03708646227836221
CAT,calibrated_hist_gradient_boosting,1,2021-04-16,0,-1,0.4290879835003006,0.38192027985416505,0.38192027985416505,0.04716770364613554
CAT,calibrated_hist_gradient_boosting,1,2021-04-19,0,-1,0.4255432103947483,0.3747394404436594,0.3747394404436594,0.05080376995108887
CAT,calibrated_hist_gradient_boosting,1,2021-04-20,0,1,0.4114381696898926,0.4114381696898926,0.39131348091318197,0.020124688776710642
CAT,calibrated_hist_gradient_boosting,2,2021-04-21,0,1,0.47160150593300737,0.47160150593300737,0.3234928919112017,0.1481086140218057
CAT,calibrated_hist_gradient_boosting,2,2021-04-22,0,1,0.4928123011295387,0.4928123011295387,0.2994954761047495,0.1933168250247892
CAT,calibrated_hist_gradient_boosting,2,2021-04-23,0,1,0.44227138442738173,0.44227138442738173,0.336447169712055,0.10582421471532671
CAT,calibrated_hist_gradient_boosting,2,2021-04-26,0,1,0.4710145381199354,0.4710145381199354,0.32267737391967993,0.14833716420025544
CAT,calibrated_hist_gradient_boosting,2,2021-04-27,0,1,0.4756565798293366,0.4756565798293366,0.3229181498513118,0.15273842997802484
CAT,calibrated_hist_gradient_boosting,2,2021-04-28,1,1,0.4600584371194529,0.4600584371194529,0.3354739514800497,0.12458448563940316
CAT,calibrated_hist_gradient_boosting,2,2021-04-29,1,1,0.4882169404346019,0.4882169404346019,0.3200119349823995,0.1682050054522024
CAT,calibrated_hist_gradient_boosting,2,2021-04-30,1,1,0.4908084338522936,0.4908084338522936,0.31791614742478513,0.17289228642750848
CAT,calibrated_hist_gradient_boosting,2,2021-05-03,1,1,0.4821364143724572,0.4821364143724572,0.3287416523650915,0.15339476200736568
CAT,calibrated_hist_gradient_boosting,2,2021-05-04,1,1,0.45805877917978804,0.45805877917978804,0.34366009810458903,0.11439868107519902
CAT,calibrated_hist_gradient_boosting,2,2021-05-05,0,1,0.44537914312553806,0.44537914312553806,0.34898829966379835,0.0963908434617397
CAT,calibrated_hist_gradient_boosting,2,2021-05-06,0,1,0.4920377046329325,0.4920377046329325,0.30830181596058964,0.18373588867234286
CAT,calibrated_hist_gradient_boosting,2,2021-05-07,0,1,0.451699662706341,0.451699662706341,0.33610961030240455,0.11559005240393644
CAT,calibrated_hist_gradient_boosting,2,2021-05-10,0,1,0.46228177914264545,0.46228177914264545,0.3442634860676188,0.11801829307502665
CAT,calibrated_hist_gradient_boosting,2,2021-05-11,0,1,0.4835128173097085,0.4835128173097085,0.32643113807520313,0.1570816792345054
CAT,calibrated_hist_gradient_boosting,2,2021-05-12,0,1,0.4831333919485951,0.4831333919485951,0.3201173495367637,0.16301604241183143
CAT,calibrated_hist_gradient_boosting,2,2021-05-13,-1,1,0.5298634507469403,0.5298634507469403,0.2674066087870876,0.2624568419598527
CAT,calibrated_hist_gradient_boosting,2,2021-05-14,-1,1,0.48506736505114506,0.48506736505114506,0.30587384179695126,0.1791935232541938
CAT,calibrated_hist_gradient_boosting,2,2021-05-17,-1,1,0.44473820390483015,0.44473820390483015,0.349492297983701,0.09524590592112914
CAT,calibrated_hist_gradient_boosting,2,2021-05-18,0,1,0.47016034989380334,0.47016034989380334,0.324871572933103,0.14528877696070036
CAT,calibrated_hist_gradient_boosting,2,2021-05-19,0,1,0.5196561935437876,0.5196561935437876,0.29151747943844053,0.22813871410534703
CAT,calibrated_hist_gradient_boosting,2,2021-05-20,1,1,0.51834542698207,0.51834542698207,0.2864466034691387,0.23189882351293128
CAT,calibrated_hist_gradient_boosting,2,2021-05-21,0,1,0.4947815320680369,0.4947815320680369,0.31151346958573095,0.18326806248230593
CAT,calibrated_hist_gradient_boosting,2,2021-05-24,0,1,0.4927159795135279,0.4927159795135279,0.3023477993234582,0.19036818019006974
CAT,calibrated_hist_gradient_boosting,2,2021-05-25,1,1,0.4816978056877658,0.4816978056877658,0.32154230792280963,0.1601554977649562
CAT,calibrated_hist_gradient_boosting,2,2021-05-26,1,1,0.5111785843104788,0.5111785843104788,0.29510721689648856,0.21607136741399025
CAT,calibrated_hist_gradient_boosting,2,2021-05-27,0,1,0.45885213449549905,0.45885213449549905,0.32976459625436516,0.1290875382411339
CAT,calibrated_hist_gradient_boosting,2,2021-05-28,0,1,0.5206919408310938,0.5206919408310938,0.284126047468797,0.23656589336229683
CAT,calibrated_hist_gradient_boosting,2,2021-06-01,0,1,0.5020891739196992,0.5020891739196992,0.30050435542225745,0.20158481849744175
CAT,calibrated_hist_gradient_boosting,2,2021-06-02,-1,1,0.5016469989505237,0.5016469989505237,0.29017425104602906,0.2114727479044946
CAT,calibrated_hist_gradient_boosting,2,2021-06-03,-1,1,0.5235495349812707,0.5235495349812707,0.29241116735153394,0.23113836762973672
CAT,calibrated_hist_gradient_boosting,2,2021-06-04,-1,1,0.521860539508114,0.521860539508114,0.27520685805945183,0.24665368144866212
CAT,calibrated_hist_gradient_boosting,2,2021-06-07,-1,1,0.5088803003400302,0.5088803003400302,0.2852075948406153,0.22367270549941487
CAT,calibrated_hist_gradient_boosting,2,2021-06-08,-1,1,0.5171251453636746,0.5171251453636746,0.2887998918163976,0.228325253547277
CAT,calibrated_hist_gradient_boosting,2,2021-06-09,-1,1,0.49545027961606714,0.49545027961606714,0.30035871877607334,0.1950915608399938
CAT,calibrated_hist_gradient_boosting,2,2021-06-10,-1,1,0.4726956892304666,0.4726956892304666,0.32277204520145203,0.1499236440290146
CAT,calibrated_hist_gradient_boosting,2,2021-06-11,-1,1,0.43587797557394997,0.43587797557394997,0.3496982429278326,0.08617973264611739
CAT,calibrated_hist_gradient_boosting,2,2021-06-14,-1,1,0.47422158657245356,0.47422158657245356,0.3296861574557923,0.14453542911666128
CAT,calibrated_hist_gradient_boosting,2,2021-06-15,-1,1,0.4858439144578546,0.4858439144578546,0.32864699250131896,0.15719692195653562
CAT,calibrated_hist_gradient_boosting,2,2021-06-16,0,1,0.5232249834375695,0.5232249834375695,0.29583861394947103,0.22738636948809848
CAT,calibrated_hist_gradient_boosting,2,2021-06-17,1,1,0.4933918703561055,0.4933918703561055,0.32312176781017093,0.17027010254593455
CAT,calibrated_hist_gradient_boosting,2,2021-06-18,1,1,0.5197172049542162,0.5197172049542162,0.2872805562420455,0.23243664871217073
CAT,calibrated_hist_gradient_boosting,2,2021-06-21,0,1,0.5138573456677916,0.5138573456677916,0.3076950663769953,0.20616227929079634
CAT,calibrated_hist_gradient_boosting,2,2021-06-22,0,1,0.5008550490675733,0.5008550490675733,0.31072291245698896,0.1901321366105843
CAT,calibrated_hist_gradient_boosting,2,2021-06-23,0,1,0.5007915419402625,0.5007915419402625,0.3126610518923349,0.18813049004792765
CAT,calibrated_hist_gradient_boosting,2,2021-06-24,0,1,0.5134206429605485,0.5134206429605485,0.29342222265649015,0.2199984203040583
CAT,calibrated_hist_gradient_boosting,2,2021-06-25,0,1,0.5168864614748353,0.5168864614748353,0.2813287625063521,0.23555769896848322
CAT,calibrated_hist_gradient_boosting,2,2021-06-28,0,1,0.5378444848528009,0.5378444848528009,0.2641007444825777,0.2737437403702232
CAT,calibrated_hist_gradient_boosting,2,2021-06-29,0,1,0.5310222191182487,0.5310222191182487,0.2886774685703522,0.24234475054789645
CAT,calibrated_hist_gradient_boosting,2,2021-06-30,-1,1,0.4586238045942473,0.4586238045942473,0.33144651757056304,0.12717728702368425
CAT,calibrated_hist_gradient_boosting,2,2021-07-01,0,1,0.5063547611244713,0.5063547611244713,0.2827764518106226,0.2235783093138487
CAT,calibrated_hist_gradient_boosting,2,2021-07-02,0,1,0.5019016306964489,0.5019016306964489,0.2864843056186455,0.21541732507780337
CAT,calibrated_hist_gradient_boosting,2,2021-07-06,0,1,0.5025833711200405,0.5025833711200405,0.2957065848423075,0.20687678627773298
CAT,calibrated_hist_gradient_boosting,2,2021-07-07,0,1,0.5186230136964408,0.5186230136964408,0.2858276666614839,0.2327953470349569
CAT,calibrated_hist_gradient_boosting,2,2021-07-08,0,1,0.5427690780892624,0.5427690780892624,0.26061006653533364,0.2821590115539288
CAT,calibrated_hist_gradient_boosting,2,2021-07-09,-1,1,0.4978646509637283,0.4978646509637283,0.2952154625695021,0.2026491883942262
CAT,calibrated_hist_gradient_boosting,2,2021-07-12,-1,1,0.5169314045565447,0.5169314045565447,0.28093277205949785,0.2359986324970469
CAT,calibrated_hist_gradient_boosting,2,2021-07-13,-1,1,0.48824670081085236,0.48824670081085236,0.2801214615979939,0.20812523921285847
CAT,calibrated_hist_gradient_boosting,2,2021-07-14,0,1,0.5233315648483713,0.5233315648483713,0.26991144285921226,0.25342012198915903
CAT,calibrated_hist_gradient_boosting,2,2021-07-15,0,1,0.5596315929240654,0.5596315929240654,0.25643502026412424,0.30319657265994115
CAT,calibrated_hist_gradient_boosting,2,2021-07-16,0,1,0.546050178725336,0.546050178725336,0.25554877674348736,0.29050140198184865
CAT,calibrated_hist_gradient_boosting,2,2021-07-19,1,1,0.5086872782645849,0.5086872782645849,0.28750610115183056,0.22118117711275437
CAT,calibrated_hist_gradient_boosting,2,2021-07-20,0,1,0.5379974370891318,0.5379974370891318,0.2675474358322268,0.27045000125690505
CAT,calibrated_hist_gradient_boosting,2,2021-07-21,0,1,0.499179359040444,0.499179359040444,0.28138022637971316,0.21779913266073087
CAT,calibrated_hist_gradient_boosting,2,2021-07-22,0,1,0.5285136418884916,0.5285136418884916,0.2637100588484573,0.2648035830400343
CAT,calibrated_hist_gradient_boosting,2,2021-07-23,0,1,0.5148967748689441,0.5148967748689441,0.2796105984579164,0.23528617641102773
CAT,calibrated_hist_gradient_boosting,2,2021-07-26,-1,1,0.515130411337864,0.515130411337864,0.2944008212521365,0.22072959008572746
CAT,calibrated_hist_gradient_boosting,2,2021-07-27,0,1,0.5368721963456323,0.5368721963456323,0.2770675073117505,0.2598046890338818
CAT,calibrated_hist_gradient_boosting,2,2021-07-28,-1,1,0.4652539602188363,0.4652539602188363,0.3182005663335549,0.14705339388528138
CAT,calibrated_hist_gradient_boosting,2,2021-07-29,-1,1,0.4814449177752797,0.4814449177752797,0.31531586583109583,0.16612905194418387
CAT,calibrated_hist_gradient_boosting,2,2021-07-30,0,1,0.5335123083081833,0.5335123083081833,0.26501524874613086,0.26849705956205244
CAT,calibrated_hist_gradient_boosting,2,2021-08-02,0,1,0.5195030425359436,0.5195030425359436,0.2704485809784645,0.24905446155747907
CAT,calibrated_hist_gradient_boosting,2,2021-08-03,1,1,0.48586048918745584,0.48586048918745584,0.29867243453913733,0.1871880546483185
CAT,calibrated_hist_gradient_boosting,2,2021-08-04,1,1,0.5340757046694214,0.5340757046694214,0.25783689010551775,0.2762388145639037
CAT,calibrated_hist_gradient_boosting,2,2021-08-05,1,1,0.517865748595189,0.517865748595189,0.2812054293616095,0.23666031923357944
CAT,calibrated_hist_gradient_boosting,2,2021-08-06,1,1,0.5210943103726949,0.5210943103726949,0.29016290481706747,0.23093140555562747
CAT,calibrated_hist_gradient_boosting,2,2021-08-09,1,1,0.4831666011713729,0.4831666011713729,0.3154102407726243,0.16775636039874858
CAT,calibrated_hist_gradient_boosting,2,2021-08-10,0,1,0.4866068587218051,0.4866068587218051,0.3128329865863665,0.1737738721354386
CAT,calibrated_hist_gradient_boosting,2,2021-08-11,-1,1,0.4368066904721783,0.4368066904721783,0.36107872157260695,0.07572796889957134
CAT,calibrated_hist_gradient_boosting,2,2021-08-12,-1,1,0.4495598321384808,0.4495598321384808,0.3438429933330327,0.10571683880544808
CAT,calibrated_hist_gradient_boosting,2,2021-08-13,-1,1,0.5211788345943532,0.5211788345943532,0.292913367404459,0.2282654671898942
CAT,calibrated_hist_gradient_boosting,2,2021-08-16,-1,1,0.5252407816385504,0.5252407816385504,0.28731224130861,0.23792854032994037
CAT,calibrated_hist_gradient_boosting,2,2021-08-17,0,1,0.5206999580904732,0.5206999580904732,0.2832303982709004,0.2374695598195728
CAT,calibrated_hist_gradient_boosting,2,2021-08-18,1,1,0.49308310882716117,0.49308310882716117,0.2964060054373896,0.19667710338977157
CAT,calibrated_hist_gradient_boosting,2,2021-08-19,1,1,0.4760862622668259,0.4760862622668259,0.30656814614263883,0.16951811612418705
CAT,calibrated_hist_gradient_boosting,2,2021-08-20,1,1,0.48063551114002045,0.48063551114002045,0.3010418772180998,0.17959363392192068
CAT,calibrated_hist_gradient_boosting,2,2021-08-23,0,1,0.4857114249851087,0.4857114249851087,0.31544573780064195,0.17026568718446677
CAT,calibrated_hist_gradient_boosting,2,2021-08-24,0,1,0.44281483132813637,0.44281483132813637,0.3564633120728735,0.08635151925526285
CAT,calibrated_hist_gradient_boosting,2,2021-08-25,-1,1,0.4832169804807787,0.4832169804807787,0.32189304496424614,0.16132393551653257
CAT,calibrated_hist_gradient_boosting,2,2021-08-26,0,1,0.4973723093521712,0.4973723093521712,0.3015990176368197,0.19577329171535152
CAT,calibrated_hist_gradient_boosting,2,2021-08-27,0,1,0.5345126624465585,0.5345126624465585,0.2744328644694378,0.26007979797712066
CAT,calibrated_hist_gradient_boosting,2,2021-08-30,0,1,0.5383103979509235,0.5383103979509235,0.27933582038341026,0.25897457756751324
CAT,calibrated_hist_gradient_boosting,2,2021-08-31,0,1,0.5242578675629971,0.5242578675629971,0.2861809986701321,0.238076868892865
CAT,calibrated_hist_gradient_boosting,2,2021-09-01,0,1,0.5140442524482037,0.5140442524482037,0.2997011501481966,0.21434310230000714
CAT,calibrated_hist_gradient_boosting,2,2021-09-02,-1,1,0.4801286687166853,0.4801286687166853,0.32682919195551574,0.15329947676116956
CAT,calibrated_hist_gradient_boosting,2,2021-09-03,0,1,0.5217323765708778,0.5217323765708778,0.294996477813671,0.2267358987572068
CAT,calibrated_hist_gradient_boosting,2,2021-09-07,-1,1,0.5290561394407369,0.5290561394407369,0.2788250066373245,0.2502311328034124
CAT,calibrated_hist_gradient_boosting,2,2021-09-08,0,1,0.5180646111757868,0.5180646111757868,0.2968296438967188,0.22123496727906805
CAT,calibrated_hist_gradient_boosting,2,2021-09-09,0,1,0.5036671688637163,0.5036671688637163,0.30737963185038825,0.19628753701332807
CAT,calibrated_hist_gradient_boosting,2,2021-09-10,-1,1,0.5139252128884827,0.5139252128884827,0.3046348051763531,0.2092904077121296
CAT,calibrated_hist_gradient_boosting,2,2021-09-13,-1,1,0.5034667170018405,0.5034667170018405,0.3178188061480886,0.18564791085375193
CAT,calibrated_hist_gradient_boosting,2,2021-09-14,-1,1,0.5140563203436549,0.5140563203436549,0.27683746514106566,0.23721885520258923
CAT,calibrated_hist_gradient_boosting,2,2021-09-15,-1,1,0.5095443629539718,0.5095443629539718,0.298296622096961,0.21124774085701076
CAT,calibrated_hist_gradient_boosting,2,2021-09-16,-1,1,0.49953241336925114,0.49953241336925114,0.3097991432826874,0.18973327008656377
CAT,calibrated_hist_gradient_boosting,2,2021-09-17,0,1,0.5121728270799893,0.5121728270799893,0.2816681199619224,0.23050470711806692
CAT,calibrated_hist_gradient_boosting,2,2021-09-20,1,1,0.43748106447145246,0.43748106447145246,0.37498267900530696,0.0624983854661455
CAT,calibrated_hist_gradient_boosting,2,2021-09-21,1,1,0.48556665093713103,0.48556665093713103,0.31391747793056307,0.17164917300656796
CAT,calibrated_hist_gradient_boosting,2,2021-09-22,1,1,0.4505418249644701,0.4505418249644701,0.3473741544459894,0.10316767051848069
CAT,calibrated_hist_gradient_boosting,2,2021-09-23,-1,1,0.5221086487650907,0.5221086487650907,0.28646164548812303,0.23564700327696764
CAT,calibrated_hist_gradient_boosting,2,2021-09-24,0,1,0.5532776977154277,0.5532776977154277,0.26320194869019375,0.2900757490252339
CAT,calibrated_hist_gradient_boosting,2,2021-09-27,-1,1,0.5189168146435971,0.5189168146435971,0.28229507752889277,0.2366217371147043
CAT,calibrated_hist_gradient_boosting,2,2021-09-28,-1,1,0.49108017796903763,0.49108017796903763,0.30250437297890537,0.18857580499013227
CAT,calibrated_hist_gradient_boosting,2,2021-09-29,-1,1,0.5031256083031544,0.5031256083031544,0.30396103433897714,0.1991645739641773
CAT,calibrated_hist_gradient_boosting,2,2021-09-30,0,1,0.4874116148888006,0.4874116148888006,0.313197816648706,0.1742137982400946
CAT,calibrated_hist_gradient_boosting,2,2021-10-01,0,1,0.5261022754795058,0.5261022754795058,0.28063652010233786,0.24546575537716797
CAT,calibrated_hist_gradient_boosting,2,2021-10-04,0,1,0.5130337260337656,0.5130337260337656,0.28655373334600737,0.22647999268775826
CAT,calibrated_hist_gradient_boosting,2,2021-10-05,0,1,0.5223212063686278,0.5223212063686278,0.28227124590850144,0.24004996046012633
CAT,calibrated_hist_gradient_boosting,2,2021-10-06,0,1,0.5476769291817903,0.5476769291817903,0.2564886528056166,0.2911882763761737
CAT,calibrated_hist_gradient_boosting,2,2021-10-07,0,1,0.5226313369853363,0.5226313369853363,0.28414525813216757,0.2384860788531687
CAT,calibrated_hist_gradient_boosting,2,2021-10-08,0,1,0.5301449690401842,0.5301449690401842,0.26881561733671766,0.2613293517034665
CAT,calibrated_hist_gradient_boosting,2,2021-10-11,1,1,0.5375917261428107,0.5375917261428107,0.27060699279577966,0.26698473334703104
CAT,calibrated_hist_gradient_boosting,2,2021-10-12,1,1,0.5455723170659377,0.5455723170659377,0.2755555271650064,0.27001678990093125
CAT,calibrated_hist_gradient_boosting,2,2021-10-13,1,1,0.5144401483452469,0.5144401483452469,0.2764760113078921,0.23796413703735475
CAT,calibrated_hist_gradient_boosting,2,2021-10-14,1,1,0.5084658592098212,0.5084658592098212,0.28305136440454387,0.22541449480527737
CAT,calibrated_hist_gradient_boosting,2,2021-10-15,0,1,0.5026410330190854,0.5026410330190854,0.3096838547457896,0.19295717827329578
CAT,calibrated_hist_gradient_boosting,2,2021-10-18,1,1,0.5487503948977622,0.5487503948977622,0.2710859274905524,0.27766446740720985
CAT,calibrated_hist_gradient_boosting,2,2021-10-19,0,1,0.4962299254029701,0.4962299254029701,0.294255946369896,0.20197397903307412
CAT,calibrated_hist_gradient_boosting,2,2021-10-20,-1,1,0.4835661155373115,0.4835661155373115,0.32787078508121803,0.15569533045609346
CAT,calibrated_hist_gradient_boosting,2,2021-10-21,0,1,0.5408588774299496,0.5408588774299496,0.28646938316978415,0.2543894942601655
CAT,calibrated_hist_gradient_boosting,2,2021-10-22,0,1,0.5042536483403849,0.5042536483403849,0.314039227782505,0.1902144205578799
CAT,calibrated_hist_gradient_boosting,2,2021-10-25,0,1,0.5187593123236311,0.5187593123236311,0.2916124484589646,0.22714686386466654
CAT,calibrated_hist_gradient_boosting,2,2021-10-26,1,1,0.48445942597529396,0.48445942597529396,0.3170228694118725,0.16743655656342143
CAT,calibrated_hist_gradient_boosting,2,2021-10-27,1,1,0.48858576269093784,0.48858576269093784,0.29664709561251107,0.19193866707842677
CAT,calibrated_hist_gradient_boosting,2,2021-10-28,0,1,0.4937447111238052,0.4937447111238052,0.3177695665349111,0.17597514458889407
CAT,calibrated_hist_gradient_boosting,2,2021-10-29,0,1,0.4638850855323704,0.4638850855323704,0.3419940085856668,0.12189107694670359
CAT,calibrated_hist_gradient_boosting,2,2021-11-01,1,1,0.48614319617524515,0.48614319617524515,0.3326283251832764,0.15351487099196875
CAT,calibrated_hist_gradient_boosting,2,2021-11-02,0,1,0.46015297241386593,0.46015297241386593,0.34198276550986323,0.1181702069040027
CAT,calibrated_hist_gradient_boosting,2,2021-11-03,0,1,0.47784421725940857,0.47784421725940857,0.322210641172855,0.1556335760865536
CAT,calibrated_hist_gradient_boosting,2,2021-11-04,1,1,0.4970526317870247,0.4970526317870247,0.3128030900452755,0.18424954174174918
CAT,calibrated_hist_gradient_boosting,2,2021-11-05,0,1,0.4492635637024054,0.4492635637024054,0.3584974893544062,0.09076607434799921
CAT,calibrated_hist_gradient_boosting,2,2021-11-08,-1,1,0.4510824566344205,0.4510824566344205,0.35860167127953607,0.09248078535488441
CAT,calibrated_hist_gradient_boosting,2,2021-11-09,-1,1,0.4373830807357308,0.4373830807357308,0.3509990586721852,0.08638402206354556
CAT,calibrated_hist_gradient_boosting,2,2021-11-10,0,1,0.4648593986466197,0.4648593986466197,0.32573007196471054,0.13912932668190914
CAT,calibrated_hist_gradient_boosting,2,2021-11-11,-1,1,0.4883742907923226,0.4883742907923226,0.3177967905134945,0.17057750027882806
CAT,calibrated_hist_gradient_boosting,2,2021-11-12,-1,1,0.49731771078929343,0.49731771078929343,0.3059240595853529,0.19139365120394053
CAT,calibrated_hist_gradient_boosting,2,2021-11-15,-1,1,0.485002857477749,0.485002857477749,0.3080810905757643,0.1769217669019847
CAT,calibrated_hist_gradient_boosting,2,2021-11-16,0,1,0.5002307829713184,0.5002307829713184,0.31620749147741284,0.18402329149390556
CAT,calibrated_hist_gradient_boosting,2,2021-11-17,1,1,0.4824597451581624,0.4824597451581624,0.3228728013888403,0.15958694376932214
CAT,calibrated_hist_gradient_boosting,2,2021-11-18,0,1,0.4776593395760937,0.4776593395760937,0.3146393586975286,0.16301998087856506
CAT,calibrated_hist_gradient_boosting,2,2021-11-19,-1,1,0.5129826041453183,0.5129826041453183,0.2943063011008212,0.2186763030444971
CAT,calibrated_hist_gradient_boosting,2,2021-11-22,-1,1,0.5026230193270043,0.5026230193270043,0.31325788759198453,0.18936513173501973
CAT,calibrated_hist_gradient_boosting,2,2021-11-23,-1,1,0.5117462618372021,0.5117462618372021,0.3040248462384376,0.20772141559876445
CAT,calibrated_hist_gradient_boosting,2,2021-11-24,-1,1,0.5114710237027719,0.5114710237027719,0.3080119022935592,0.20345912140921268
CAT,calibrated_hist_gradient_boosting,2,2021-11-26,0,1,0.5242124950631343,0.5242124950631343,0.2937688072036177,0.23044368785951658
CAT,calibrated_hist_gradient_boosting,2,2021-11-29,1,1,0.48018112429482346,0.48018112429482346,0.31043345433864983,0.16974766995617363
CAT,calibrated_hist_gradient_boosting,2,2021-11-30,1,1,0.48094277577817895,0.48094277577817895,0.3100381242088607,0.17090465156931828
CAT,calibrated_hist_gradient_boosting,2,2021-12-01,1,1,0.48533969318965003,0.48533969318965003,0.30423333868932195,0.18110635450032808
CAT,calibrated_hist_gradient_boosting,2,2021-12-02,1,1,0.4980925054348457,0.4980925054348457,0.32872261455071233,0.16936989088413335
CAT,calibrated_hist_gradient_boosting,2,2021-12-03,1,1,0.45915767500011045,0.45915767500011045,0.33137804097219953,0.12777963402791093
CAT,calibrated_hist_gradient_boosting,2,2021-12-06,0,1,0.49054313828098284,0.49054313828098284,0.3134449429661634,0.17709819531481946
CAT,calibrated_hist_gradient_boosting,2,2021-12-07,0,1,0.462739495265579,0.462739495265579,0.3337058477903558,0.12903364747522322
CAT,calibrated_hist_gradient_boosting,2,2021-12-08,0,1,0.49830700293398905,0.49830700293398905,0.3018916683500978,0.19641533458389127
CAT,calibrated_hist_gradient_boosting,2,2021-12-09,0,1,0.47978878197873837,0.47978878197873837,0.31208734063327437,0.167701441345464
CAT,calibrated_hist_gradient_boosting,2,2021-12-10,0,1,0.502351020052219,0.502351020052219,0.29724071372689864,0.20511030632532035
CAT,calibrated_hist_gradient_boosting,2,2021-12-13,-1,1,0.5027668746447486,0.5027668746447486,0.28186983206357646,0.2208970425811721
CAT,calibrated_hist_gradient_boosting,2,2021-12-14,0,1,0.5077615246086272,0.5077615246086272,0.2835701152170909,0.2241914093915363
CAT,calibrated_hist_gradient_boosting,2,2021-12-15,0,1,0.503534427486627,0.503534427486627,0.28003670139006914,0.22349772609655788
CAT,calibrated_hist_gradient_boosting,2,2021-12-16,0,1,0.5244277735312943,0.5244277735312943,0.2956974466846219,0.22873032684667244
CAT,calibrated_hist_gradient_boosting,2,2021-12-17,1,1,0.49721730883772075,0.49721730883772075,0.2941477347362142,0.20306957410150656
CAT,calibrated_hist_gradient_boosting,2,2021-12-20,1,1,0.4949680709861086,0.4949680709861086,0.29699888693923937,0.19796918404686925
CAT,calibrated_hist_gradient_boosting,2,2021-12-21,1,1,0.4903068013092149,0.4903068013092149,0.2924983677847001,0.19780843352451477
CAT,calibrated_hist_gradient_boosting,2,2021-12-22,0,1,0.5269746128431118,0.5269746128431118,0.28066117542702296,0.2463134374160888
CAT,calibrated_hist_gradient_boosting,2,2021-12-23,0,1,0.4705156370321045,0.4705156370321045,0.3160307903298282,0.15448484670227625
CAT,calibrated_hist_gradient_boosting,2,2021-12-27,0,1,0.4871504826710007,0.4871504826710007,0.31800575140727977,0.16914473126372093
CAT,calibrated_hist_gradient_boosting,2,2021-12-28,1,1,0.509458130482174,0.509458130482174,0.2965625226565187,0.2128956078256553
CAT,calibrated_hist_gradient_boosting,2,2021-12-29,1,1,0.5034317736759825,0.5034317736759825,0.3088503864364554,0.19458138723952706
CAT,calibrated_hist_gradient_boosting,2,2021-12-30,1,1,0.4785281057440019,0.4785281057440019,0.32680212284999194,0.15172598289400996
CAT,calibrated_hist_gradient_boosting,2,2021-12-31,1,1,0.49003767404433907,0.49003767404433907,0.3220455321810708,0.16799214186326827
CAT,calibrated_hist_gradient_boosting,2,2022-01-03,1,1,0.4984447470803508,0.4984447470803508,0.30679081745869907,0.19165392962165173
CAT,calibrated_hist_gradient_boosting,2,2022-01-04,0,1,0.47213104515751025,0.47213104515751025,0.3248419980359989,0.14728904712151136
CAT,calibrated_hist_gradient_boosting,2,2022-01-05,0,1,0.4503516651108684,0.4503516651108684,0.3459939378783188,0.1043577272325496
CAT,calibrated_hist_gradient_boosting,2,2022-01-06,1,1,0.422610594679637,0.422610594679637,0.3458217540438415,0.0767888406357955
CAT,calibrated_hist_gradient_boosting,2,2022-01-07,1,1,0.4311521090026382,0.4311521090026382,0.3416157160942154,0.08953639290842275
CAT,calibrated_hist_gradient_boosting,2,2022-01-10,1,1,0.4571020637173344,0.4571020637173344,0.3305858230788778,0.12651624063845662
CAT,calibrated_hist_gradient_boosting,2,2022-01-11,0,1,0.4551755710773173,0.4551755710773173,0.33584934315193293,0.11932622792538439
CAT,calibrated_hist_gradient_boosting,2,2022-01-12,-1,1,0.4114159411777762,0.4114159411777762,0.3879108672820848,0.023505073895691397
CAT,calibrated_hist_gradient_boosting,2,2022-01-13,-1,1,0.4115712870040705,0.4115712870040705,0.3665986324274775,0.044972654576592996
CAT,calibrated_hist_gradient_boosting,2,2022-01-14,-1,1,0.4178266735341174,0.4178266735341174,0.36335764876991444,0.054469024764202956
CAT,calibrated_hist_gradient_boosting,2,2022-01-18,-1,-1,0.3899329469394122,0.3754212647052015,0.3754212647052015,0.014511682234210732
CAT,calibrated_hist_gradient_boosting,2,2022-01-19,-1,1,0.42372516197719495,0.42372516197719495,0.37956080893910266,0.0441643530380923
CAT,calibrated_hist_gradient_boosting,2,2022-01-20,-1,1,0.46666697540352736,0.46666697540352736,0.3212540300201574,0.14541294538336996
CAT,calibrated_hist_gradient_boosting,2,2022-01-21,-1,1,0.49633017180044653,0.49633017180044653,0.3231038017801753,0.17322637002027125
CAT,calibrated_hist_gradient_boosting,2,2022-01-24,-1,1,0.5072684909095241,0.5072684909095241,0.3002645198454651,0.207003971064059
CAT,calibrated_hist_gradient_boosting,2,2022-01-25,-1,1,0.5017873459551146,0.5017873459551146,0.3215188940701386,0.18026845188497603
CAT,calibrated_hist_gradient_boosting,2,2022-01-26,-1,1,0.49232298518389106,0.49232298518389106,0.3233244260186175,0.16899855916527357
CAT,calibrated_hist_gradient_boosting,2,2022-01-27,-1,1,0.4936441073835078,0.4936441073835078,0.3153401582150765,0.17830394916843129
CAT,calibrated_hist_gradient_boosting,2,2022-01-28,0,1,0.46898402532654715,0.46898402532654715,0.3316261451539052,0.13735788017264194
CAT,calibrated_hist_gradient_boosting,2,2022-01-31,0,1,0.4560780608177071,0.4560780608177071,0.3239459899500039,0.13213207086770318
CAT,calibrated_hist_gradient_boosting,2,2022-02-01,0,1,0.5175551364390064,0.5175551364390064,0.2818831263983747,0.2356720100406317
CAT,calibrated_hist_gradient_boosting,2,2022-02-02,0,1,0.5314992755600616,0.5314992755600616,0.2783209449046103,0.2531783306554513
CAT,calibrated_hist_gradient_boosting,2,2022-02-03,0,1,0.4889403137728375,0.4889403137728375,0.306332495646155,0.18260781812668248
CAT,calibrated_hist_gradient_boosting,2,2022-02-04,0,1,0.4785061836307484,0.4785061836307484,0.31780990909540713,0.1606962745353413
CAT,calibrated_hist_gradient_boosting,2,2022-02-07,0,1,0.4899830883926936,0.4899830883926936,0.31218366919633006,0.17779941919636355
CAT,calibrated_hist_gradient_boosting,2,2022-02-08,0,1,0.4764155651964684,0.4764155651964684,0.32613086624977766,0.15028469894669072
CAT,calibrated_hist_gradient_boosting,2,2022-02-09,0,1,0.502602743217615,0.502602743217615,0.2976688214698328,0.2049339217477822
CAT,calibrated_hist_gradient_boosting,2,2022-02-10,-1,1,0.48517197795383654,0.48517197795383654,0.31750596902088296,0.16766600893295358
CAT,calibrated_hist_gradient_boosting,2,2022-02-11,-1,1,0.490952029534865,0.490952029534865,0.3136883491200419,0.1772636804148231
CAT,calibrated_hist_gradient_boosting,2,2022-02-14,-1,1,0.5177283680807451,0.5177283680807451,0.29168325073997686,0.2260451173407682
CAT,calibrated_hist_gradient_boosting,2,2022-02-15,-1,1,0.46130436733765395,0.46130436733765395,0.3429042100535526,0.11840015728410136
CAT,calibrated_hist_gradient_boosting,2,2022-02-16,-1,1,0.5022264896925307,0.5022264896925307,0.3063197887482136,0.1959067009443171
CAT,calibrated_hist_gradient_boosting,2,2022-02-17,-1,1,0.4851679522791333,0.4851679522791333,0.3191726853347294,0.16599526694440386
CAT,calibrated_hist_gradient_boosting,2,2022-02-18,-1,1,0.477185307762187,0.477185307762187,0.3228961075591713,0.15428920020301568
CAT,calibrated_hist_gradient_boosting,2,2022-02-22,-1,1,0.49484311164524203,0.49484311164524203,0.31001648488062367,0.18482662676461836
CAT,calibrated_hist_gradient_boosting,2,2022-02-23,1,1,0.4761330019829472,0.4761330019829472,0.3250816738091853,0.15105132817376193
CAT,calibrated_hist_gradient_boosting,2,2022-02-24,1,1,0.48737518217300835,0.48737518217300835,0.2986725811171164,0.18870260105589193
CAT,calibrated_hist_gradient_boosting,2,2022-02-25,1,1,0.5060710250326997,0.5060710250326997,0.3001264506662569,0.2059445743664428
CAT,calibrated_hist_gradient_boosting,2,2022-02-28,1,1,0.5237323096383898,0.5237323096383898,0.2928525878440102,0.2308797217943796
CAT,calibrated_hist_gradient_boosting,2,2022-03-01,1,1,0.5057765978580792,0.5057765978580792,0.31689292236507777,0.1888836754930014
CAT,calibrated_hist_gradient_boosting,2,2022-03-02,1,1,0.49286252735551184,0.49286252735551184,0.3221294213832125,0.17073310597229935
CAT,calibrated_hist_gradient_boosting,2,2022-03-03,1,1,0.458756316478323,0.458756316478323,0.32483931971752317,0.13391699676079982
CAT,calibrated_hist_gradient_boosting,2,2022-03-04,1,1,0.502335018919947,0.502335018919947,0.3002078254144036,0.20212719350554342
CAT,calibrated_hist_gradient_boosting,2,2022-03-07,1,1,0.5065045957262199,0.5065045957262199,0.2770972521818016,0.22940734354441827
CAT,calibrated_hist_gradient_boosting,2,2022-03-08,1,1,0.46091885277651096,0.46091885277651096,0.3192881134534893,0.14163073932302167
CAT,calibrated_hist_gradient_boosting,2,2022-03-09,1,1,0.4609897159224771,0.4609897159224771,0.3204853434941308,0.1405043724283463
CAT,calibrated_hist_gradient_boosting,2,2022-03-10,1,1,0.4505636472485048,0.4505636472485048,0.34361034117590045,0.10695330607260434
CAT,calibrated_hist_gradient_boosting,2,2022-03-11,1,1,0.4613556411379814,0.4613556411379814,0.3367330985984333,0.12462254253954808
CAT,calibrated_hist_gradient_boosting,2,2022-03-14,1,1,0.4496530645273685,0.4496530645273685,0.34523045308404704,0.10442261144332143
CAT,calibrated_hist_gradient_boosting,2,2022-03-15,1,1,0.45428106017060815,0.45428106017060815,0.33478957034025464,0.11949148983035351
CAT,calibrated_hist_gradient_boosting,2,2022-03-16,1,1,0.47249544979047337,0.47249544979047337,0.3236230959923181,0.14887235379815528
CAT,calibrated_hist_gradient_boosting,2,2022-03-17,0,1,0.466102609844397,0.466102609844397,0.32285874032175177,0.14324386952264523
CAT,calibrated_hist_gradient_boosting,2,2022-03-18,0,1,0.4617594927323905,0.4617594927323905,0.32681458624709403,0.13494490648529645
CAT,calibrated_hist_gradient_boosting,2,2022-03-21,0,1,0.42134477113438784,0.42134477113438784,0.35759311315556025,0.06375165797882759
CAT,calibrated_hist_gradient_boosting,2,2022-03-22,0,1,0.4895937856981359,0.4895937856981359,0.3150335755285467,0.17456021016958917
CAT,calibrated_hist_gradient_boosting,2,2022-03-23,0,1,0.4678315699753785,0.4678315699753785,0.3409042034096636,0.1269273665657149
CAT,calibrated_hist_gradient_boosting,2,2022-03-24,0,1,0.4625305786105196,0.4625305786105196,0.33433066794908756,0.12819991066143205
CAT,calibrated_hist_gradient_boosting,2,2022-03-25,0,1,0.47310052530303537,0.47310052530303537,0.3503108246931845,0.1227897006098509
CAT,calibrated_hist_gradient_boosting,2,2022-03-28,0,1,0.45515894987127153,0.45515894987127153,0.3543297041063185,0.10082924576495306
CAT,calibrated_hist_gradient_boosting,2,2022-03-29,-1,1,0.46273192269468283,0.46273192269468283,0.3327266501576526,0.1300052725370302
CAT,calibrated_hist_gradient_boosting,2,2022-03-30,-1,1,0.42630056424961166,0.42630056424961166,0.3772206270989174,0.04907993715069425
CAT,calibrated_hist_gradient_boosting,2,2022-03-31,-1,1,0.4330999149365746,0.4330999149365746,0.35319740366738417,0.07990251126919046
CAT,calibrated_hist_gradient_boosting,2,2022-04-01,0,1,0.4581488246555588,0.4581488246555588,0.3297759670766646,0.12837285757889416
CAT,calibrated_hist_gradient_boosting,2,2022-04-04,-1,1,0.4936064289202646,0.4936064289202646,0.29444292396518335,0.19916350495508123
CAT,calibrated_hist_gradient_boosting,2,2022-04-05,0,1,0.5241426645923601,0.5241426645923601,0.28172982770055227,0.24241283689180787
CAT,calibrated_hist_gradient_boosting,2,2022-04-06,0,1,0.5409298313440504,0.5409298313440504,0.27877592408072177,0.2621539072633286
CAT,calibrated_hist_gradient_boosting,2,2022-04-07,1,1,0.5669958113221757,0.5669958113221757,0.2645035094949819,0.3024923018271938
CAT,calibrated_hist_gradient_boosting,2,2022-04-08,1,1,0.5327958652325673,0.5327958652325673,0.28554032337949037,0.2472555418530769
CAT,calibrated_hist_gradient_boosting,2,2022-04-11,1,1,0.5127446629207807,0.5127446629207807,0.29422806796843526,0.21851659495234543
CAT,calibrated_hist_gradient_boosting,2,2022-04-12,1,1,0.5138726587795789,0.5138726587795789,0.30282886941696935,0.21104378936260954
CAT,calibrated_hist_gradient_boosting,2,2022-04-13,1,1,0.49772569156024843,0.49772569156024843,0.303684049847225,0.1940416417130234
CAT,calibrated_hist_gradient_boosting,2,2022-04-14,-1,1,0.46378538925977325,0.46378538925977325,0.33570341834915496,0.1280819709106183
CAT,calibrated_hist_gradient_boosting,2,2022-04-18,-1,1,0.4398309234421777,0.4398309234421777,0.3407925245153023,0.09903839892687544
CAT,calibrated_hist_gradient_boosting,2,2022-04-19,-1,1,0.44240295795033807,0.44240295795033807,0.33566137943927066,0.10674157851106741
CAT,calibrated_hist_gradient_boosting,2,2022-04-20,-1,1,0.4333858948806803,0.4333858948806803,0.3491292897996939,0.08425660508098642
CAT,calibrated_hist_gradient_boosting,2,2022-04-21,-1,1,0.4481891805199642,0.4481891805199642,0.3484396384932012,0.099749542026763
CAT,calibrated_hist_gradient_boosting,2,2022-04-22,-1,1,0.4885977560063794,0.4885977560063794,0.28782232300624155,0.20077543300013784
CAT,calibrated_hist_gradient_boosting,2,2022-04-25,-1,1,0.5013212282581775,0.5013212282581775,0.30226661817682815,0.19905461008134934
CAT,calibrated_hist_gradient_boosting,2,2022-04-26,0,1,0.5267840539632617,0.5267840539632617,0.2729491207258205,0.25383493323744116
CAT,calibrated_hist_gradient_boosting,2,2022-04-27,1,1,0.5265719246498973,0.5265719246498973,0.29091932977378804,0.2356525948761093
CAT,calibrated_hist_gradient_boosting,2,2022-04-28,0,1,0.5297218081126006,0.5297218081126006,0.2745206945809921,0.2552011135316085
CAT,calibrated_hist_gradient_boosting,2,2022-04-29,0,1,0.5133959036451489,0.5133959036451489,0.2767367945089027,0.23665910913624616
CAT,calibrated_hist_gradient_boosting,2,2022-05-02,-1,1,0.4972477993132965,0.4972477993132965,0.28165508294179836,0.21559271637149813
CAT,calibrated_hist_gradient_boosting,2,2022-05-03,-1,1,0.5033065209189335,0.5033065209189335,0.2986239558325154,0.20468256508641808
CAT,calibrated_hist_gradient_boosting,2,2022-05-04,-1,1,0.5054406817607081,0.5054406817607081,0.2890622255846318,0.21637845617607632
CAT,calibrated_hist_gradient_boosting,2,2022-05-05,-1,1,0.49633081873890444,0.49633081873890444,0.28981863423783283,0.20651218450107162
CAT,calibrated_hist_gradient_boosting,2,2022-05-06,-1,1,0.5178477191832562,0.5178477191832562,0.286185889892659,0.23166182929059725
CAT,calibrated_hist_gradient_boosting,2,2022-05-09,0,1,0.4937946277395023,0.4937946277395023,0.26348702977586663,0.23030759796363565
CAT,calibrated_hist_gradient_boosting,2,2022-05-10,1,1,0.4955684394256807,0.4955684394256807,0.29981734388943293,0.19575109553624775
CAT,calibrated_hist_gradient_boosting,2,2022-05-11,0,1,0.5171198619593846,0.5171198619593846,0.2850595869708108,0.23206027498857384
CAT,calibrated_hist_gradient_boosting,2,2022-05-12,0,1,0.5467357506852152,0.5467357506852152,0.24991903665971127,0.2968167140255039
CAT,calibrated_hist_gradient_boosting,2,2022-05-13,-1,1,0.5191872351056938,0.5191872351056938,0.29382840748259215,0.2253588276231016
CAT,calibrated_hist_gradient_boosting,2,2022-05-16,0,1,0.5069833532011999,0.5069833532011999,0.2914884268922681,0.2154949263089318
CAT,calibrated_hist_gradient_boosting,2,2022-05-17,-1,1,0.508577909998646,0.508577909998646,0.2928500099432289,0.21572790005541714
CAT,calibrated_hist_gradient_boosting,2,2022-05-18,0,1,0.5265339750651572,0.5265339750651572,0.2643643424040774,0.2621696326610798
CAT,calibrated_hist_gradient_boosting,2,2022-05-19,1,1,0.5525852474103946,0.5525852474103946,0.25935715961821587,0.29322808779217874
CAT,calibrated_hist_gradient_boosting,2,2022-05-20,1,1,0.4909157862285212,0.4909157862285212,0.29143687767651466,0.19947890855200656
CAT,calibrated_hist_gradient_boosting,2,2022-05-23,1,1,0.5232662561935677,0.5232662561935677,0.27461819602225856,0.24864806017130914
CAT,calibrated_hist_gradient_boosting,2,2022-05-24,1,1,0.5144185024629926,0.5144185024629926,0.2843852315260643,0.23003327093692827
CAT,calibrated_hist_gradient_boosting,2,2022-05-25,1,1,0.49612678183745534,0.49612678183745534,0.2833766139220341,0.21275016791542123
CAT,calibrated_hist_gradient_boosting,2,2022-05-26,1,1,0.5005407279344922,0.5005407279344922,0.2863104365752418,0.21423029135925042
CAT,calibrated_hist_gradient_boosting,2,2022-05-27,1,1,0.43660447041524275,0.43660447041524275,0.3321154668746305,0.10448900354061225
CAT,calibrated_hist_gradient_boosting,2,2022-05-31,1,1,0.5209836729635484,0.5209836729635484,0.27755068001325467,0.24343299295029375
CAT,calibrated_hist_gradient_boosting,2,2022-06-01,1,1,0.4896546719440904,0.4896546719440904,0.30620183072310064,0.18345284122098976
CAT,calibrated_hist_gradient_boosting,2,2022-06-02,0,1,0.46880404266745784,0.46880404266745784,0.3047710407483382,0.16403300191911963
CAT,calibrated_hist_gradient_boosting,2,2022-06-03,-1,1,0.4951119409572006,0.4951119409572006,0.3084931704475113,0.18661877050968934
CAT,calibrated_hist_gradient_boosting,2,2022-06-06,-1,1,0.5085424869491851,0.5085424869491851,0.2947263986902639,0.21381608825892123
CAT,calibrated_hist_gradient_boosting,2,2022-06-07,-1,1,0.49080700532114774,0.49080700532114774,0.30569261941383846,0.18511438590730928
CAT,calibrated_hist_gradient_boosting,2,2022-06-08,-1,1,0.40734252793943465,0.40734252793943465,0.33871750182222143,0.06862502611721322
CAT,calibrated_hist_gradient_boosting,2,2022-06-09,-1,1,0.4739749444151992,0.4739749444151992,0.30908023805349844,0.16489470636170078
CAT,calibrated_hist_gradient_boosting,2,2022-06-10,-1,1,0.4948084334293896,0.4948084334293896,0.3022099673823453,0.19259846604704434
CAT,calibrated_hist_gradient_boosting,2,2022-06-13,-1,1,0.5156485608983189,0.5156485608983189,0.26272805669973665,0.25292050419858225
CAT,calibrated_hist_gradient_boosting,2,2022-06-14,-1,1,0.5042220209938354,0.5042220209938354,0.2728217501814121,0.23140027081242331
CAT,calibrated_hist_gradient_boosting,2,2022-06-15,-1,1,0.5192142386140812,0.5192142386140812,0.27659416633903483,0.2426200722750464
CAT,calibrated_hist_gradient_boosting,2,2022-06-16,-1,1,0.5032977548204175,0.5032977548204175,0.29418028611213215,0.20911746870828535
CAT,calibrated_hist_gradient_boosting,2,2022-06-17,-1,1,0.49838228940015566,0.49838228940015566,0.2986866094300448,0.19969567997011084
CAT,calibrated_hist_gradient_boosting,2,2022-06-21,-1,1,0.5233315520080059,0.5233315520080059,0.2703427993241529,0.25298875268385296
CAT,calibrated_hist_gradient_boosting,2,2022-06-22,-1,1,0.48369450461462904,0.48369450461462904,0.31022663529160033,0.1734678693230287
CAT,calibrated_hist_gradient_boosting,2,2022-06-23,0,1,0.5015859415570558,0.5015859415570558,0.29354178226203914,0.20804415929501668
CAT,calibrated_hist_gradient_boosting,2,2022-06-24,-1,1,0.5383184994030802,0.5383184994030802,0.27283163565677704,0.26548686374630315
CAT,calibrated_hist_gradient_boosting,2,2022-06-27,-1,1,0.5556087281568245,0.5556087281568245,0.2655720826237225,0.290036645533102
CAT,calibrated_hist_gradient_boosting,2,2022-06-28,-1,1,0.5681577625537843,0.5681577625537843,0.24924376047452626,0.318914002079258
CAT,calibrated_hist_gradient_boosting,2,2022-06-29,0,1,0.5585960070587422,0.5585960070587422,0.2542403070992869,0.30435569995945533
CAT,calibrated_hist_gradient_boosting,2,2022-06-30,0,1,0.5502063337831645,0.5502063337831645,0.25425174835363745,0.2959545854295271
CAT,calibrated_hist_gradient_boosting,2,2022-07-01,0,1,0.5601381782451081,0.5601381782451081,0.2562555733100869,0.3038826049350212
CAT,calibrated_hist_gradient_boosting,2,2022-07-05,0,1,0.5369489852240923,0.5369489852240923,0.26974999719493203,0.26719898802916026
CAT,calibrated_hist_gradient_boosting,2,2022-07-06,0,1,0.5168940376461663,0.5168940376461663,0.2785689542516623,0.23832508339450398
CAT,calibrated_hist_gradient_boosting,2,2022-07-07,-1,1,0.5719434998769728,0.5719434998769728,0.2380341317361774,0.3339093681407954
CAT,calibrated_hist_gradient_boosting,2,2022-07-08,-1,1,0.5655900477786339,0.5655900477786339,0.24238675886889674,0.32320328890973715
CAT,calibrated_hist_gradient_boosting,2,2022-07-11,0,1,0.5785623774336148,0.5785623774336148,0.23105101760464455,0.3475113598289703
CAT,calibrated_hist_gradient_boosting,2,2022-07-12,1,1,0.5708789514519218,0.5708789514519218,0.2504923577482203,0.3203865937037015
CAT,calibrated_hist_gradient_boosting,2,2022-07-13,1,1,0.583244059996634,0.583244059996634,0.23685898617594556,0.3463850738206884
CAT,calibrated_hist_gradient_boosting,2,2022-07-14,1,1,0.5444114247314773,0.5444114247314773,0.2693733352722466,0.2750380894592307
CAT,calibrated_hist_gradient_boosting,2,2022-07-15,1,1,0.5769568592157959,0.5769568592157959,0.24134408076353375,0.3356127784522621
CAT,calibrated_hist_gradient_boosting,2,2022-07-18,1,1,0.5634408093016771,0.5634408093016771,0.25019049840817603,0.313250310893501
CAT,calibrated_hist_gradient_boosting,2,2022-07-19,0,1,0.4955465891307605,0.4955465891307605,0.2886586080842302,0.20688798104653028
CAT,calibrated_hist_gradient_boosting,2,2022-07-20,1,1,0.5282465353015815,0.5282465353015815,0.2607835851627534,0.2674629501388281
CAT,calibrated_hist_gradient_boosting,2,2022-07-21,1,1,0.5165921693253794,0.5165921693253794,0.26970010312286746,0.24689206620251197
CAT,calibrated_hist_gradient_boosting,2,2022-07-22,1,1,0.5131029655114289,0.5131029655114289,0.26453053635978013,0.24857242915164873
CAT,calibrated_hist_gradient_boosting,2,2022-07-25,1,1,0.5014434731701364,0.5014434731701364,0.2850354945480786,0.2164079786220578
CAT,calibrated_hist_gradient_boosting,2,2022-07-26,0,1,0.49617750580357445,0.49617750580357445,0.2947393726246064,0.20143813317896803
CAT,calibrated_hist_gradient_boosting,2,2022-07-27,0,1,0.44129277292055064,0.44129277292055064,0.3349093472133822,0.10638342570716841
CAT,calibrated_hist_gradient_boosting,2,2022-07-28,-1,1,0.4513756866900926,0.4513756866900926,0.33480184714161804,0.11657383954847456
CAT,calibrated_hist_gradient_boosting,2,2022-07-29,-1,1,0.457390787230233,0.457390787230233,0.33303587956213304,0.12435490766809998
CAT,calibrated_hist_gradient_boosting,2,2022-08-01,-1,1,0.48453271953316346,0.48453271953316346,0.30339026053497764,0.18114245899818582
CAT,calibrated_hist_gradient_boosting,2,2022-08-02,0,1,0.5543276781484894,0.5543276781484894,0.2626829186778317,0.29164475947065766
CAT,calibrated_hist_gradient_boosting,2,2022-08-03,1,1,0.5092360910078232,0.5092360910078232,0.2731227529321602,0.23611333807566298
CAT,calibrated_hist_gradient_boosting,2,2022-08-04,1,1,0.5132996560095672,0.5132996560095672,0.28642115221442194,0.22687850379514524
CAT,calibrated_hist_gradient_boosting,2,2022-08-05,1,1,0.4776107464246689,0.4776107464246689,0.3274892784172762,0.15012146800739268
CAT,calibrated_hist_gradient_boosting,2,2022-08-08,1,1,0.4872932622438251,0.4872932622438251,0.3232385076135056,0.1640547546303195
CAT,calibrated_hist_gradient_boosting,2,2022-08-09,1,1,0.4760710475421228,0.4760710475421228,0.3307998459506121,0.1452712015915107
CAT,calibrated_hist_gradient_boosting,2,2022-08-10,1,1,0.41639404957670195,0.41639404957670195,0.3578367332946162,0.05855731628208577
CAT,calibrated_hist_gradient_boosting,2,2022-08-11,0,1,0.39336593550276433,0.39336593550276433,0.3694121741364314,0.023953761366332926
CAT,calibrated_hist_gradient_boosting,2,2022-08-12,0,1,0.38192617857445077,0.38192617857445077,0.3646843187544799,0.017241859819970895
CAT,calibrated_hist_gradient_boosting,2,2022-08-15,-1,1,0.41617762403908215,0.41617762403908215,0.3443172318703723,0.07186039216870987
CAT,calibrated_hist_gradient_boosting,2,2022-08-16,0,1,0.4505681427049552,0.4505681427049552,0.3101844532741181,0.14038368943083712
CAT,calibrated_hist_gradient_boosting,2,2022-08-17,0,1,0.4636449873089778,0.4636449873089778,0.3324111017074542,0.1312338856015236
CAT,calibrated_hist_gradient_boosting,2,2022-08-18,0,1,0.46671576420708405,0.46671576420708405,0.31512212660955213,0.15159363759753192
CAT,calibrated_hist_gradient_boosting,2,2022-08-19,0,1,0.48453237195737836,0.48453237195737836,0.29396280710211964,0.19056956485525872
CAT,calibrated_hist_gradient_boosting,2,2022-08-22,0,1,0.526554271884261,0.526554271884261,0.2879414576977197,0.23861281418654123
CAT,calibrated_hist_gradient_boosting,2,2022-08-23,-1,1,0.4755655199437609,0.4755655199437609,0.3254645554010241,0.1501009645427368
CAT,calibrated_hist_gradient_boosting,2,2022-08-24,-1,1,0.47149170410786817,0.47149170410786817,0.31062093058018264,0.16087077352768553
CAT,calibrated_hist_gradient_boosting,2,2022-08-25,-1,1,0.45797451076669266,0.45797451076669266,0.31991867726689077,0.13805583349980188
CAT,calibrated_hist_gradient_boosting,2,2022-08-26,-1,1,0.49412036770289053,0.49412036770289053,0.2834039909836337,0.2107163767192568
CAT,calibrated_hist_gradient_boosting,2,2022-08-29,-1,1,0.5189023626005169,0.5189023626005169,0.2954879039746307,0.22341445862588621
CAT,calibrated_hist_gradient_boosting,2,2022-08-30,-1,1,0.5050856414053437,0.5050856414053437,0.30466955270096197,0.20041608870438177
CAT,calibrated_hist_gradient_boosting,2,2022-08-31,0,1,0.5230639946897885,0.5230639946897885,0.3035344922233987,0.2195295024663898
CAT,calibrated_hist_gradient_boosting,2,2022-09-01,1,1,0.48650834026765244,0.48650834026765244,0.3152790635340846,0.17122927673356786
CAT,calibrated_hist_gradient_boosting,2,2022-09-02,1,1,0.477283522320114,0.477283522320114,0.32541907554388644,0.15186444677622757
CAT,calibrated_hist_gradient_boosting,2,2022-09-06,1,1,0.4949284982109303,0.4949284982109303,0.33208857986104423,0.1628399183498861
CAT,calibrated_hist_gradient_boosting,2,2022-09-07,1,1,0.5047085437490845,0.5047085437490845,0.3034593215945683,0.20124922215451618
CAT,calibrated_hist_gradient_boosting,2,2022-09-08,0,1,0.517701733111123,0.517701733111123,0.2821146803036927,0.2355870528074303
CAT,calibrated_hist_gradient_boosting,2,2022-09-09,-1,1,0.5168251426729432,0.5168251426729432,0.2899894867576697,0.2268356559152735
CAT,calibrated_hist_gradient_boosting,2,2022-09-12,-1,1,0.5056174833098074,0.5056174833098074,0.2838892050072475,0.22172827830255987
CAT,calibrated_hist_gradient_boosting,2,2022-09-13,-1,1,0.5123166244564167,0.5123166244564167,0.29996682053495566,0.21234980392146102
CAT,calibrated_hist_gradient_boosting,2,2022-09-14,-1,1,0.500830484190789,0.500830484190789,0.3081979270324748,0.19263255715831423
CAT,calibrated_hist_gradient_boosting,2,2022-09-15,-1,1,0.4923880255523368,0.4923880255523368,0.31535365024140477,0.17703437531093202
CAT,calibrated_hist_gradient_boosting,2,2022-09-16,-1,1,0.5383365153273143,0.5383365153273143,0.2734347421042733,0.264901773223041
CAT,calibrated_hist_gradient_boosting,2,2022-09-19,-1,1,0.5359235769641431,0.5359235769641431,0.2812669742723212,0.25465660269182183
CAT,calibrated_hist_gradient_boosting,2,2022-09-20,-1,1,0.529755677971505,0.529755677971505,0.26934739306076766,0.26040828491073736
CAT,calibrated_hist_gradient_boosting,2,2022-09-21,-1,1,0.4622958617530016,0.4622958617530016,0.35389081661848937,0.10840504513451221
CAT,calibrated_hist_gradient_boosting,2,2022-09-22,-1,1,0.5064764290542126,0.5064764290542126,0.29833525956392554,0.2081411694902871
CAT,calibrated_hist_gradient_boosting,2,2022-09-23,0,1,0.5171893843786596,0.5171893843786596,0.30069435415339846,0.21649503022526112
CAT,calibrated_hist_gradient_boosting,2,2022-09-26,1,1,0.511399277520996,0.511399277520996,0.29735280436594325,0.21404647315505276
CAT,calibrated_hist_gradient_boosting,2,2022-09-27,1,1,0.5080271806698201,0.5080271806698201,0.3040662979717492,0.2039608826980709
CAT,calibrated_hist_gradient_boosting,2,2022-09-28,1,1,0.5219195815463705,0.5219195815463705,0.29593585664459005,0.22598372490178048
CAT,calibrated_hist_gradient_boosting,2,2022-09-29,1,1,0.5378141553927122,0.5378141553927122,0.2746248474327338,0.26318930795997836
CAT,calibrated_hist_gradient_boosting,2,2022-09-30,1,1,0.5398478369639738,0.5398478369639738,0.2806565620924094,0.25919127487156435
CAT,calibrated_hist_gradient_boosting,2,2022-10-03,1,1,0.5110826343285909,0.5110826343285909,0.2900425855594271,0.22104004876916383
CAT,calibrated_hist_gradient_boosting,2,2022-10-04,0,1,0.4780634923516022,0.4780634923516022,0.320288782844755,0.15777470950684724
CAT,calibrated_hist_gradient_boosting,2,2022-10-05,0,1,0.5181549201024859,0.5181549201024859,0.28998957717789814,0.22816534292458773
CAT,calibrated_hist_gradient_boosting,2,2022-10-06,1,1,0.4591782068285089,0.4591782068285089,0.33141095335321474,0.12776725347529416
CAT,calibrated_hist_gradient_boosting,2,2022-10-07,0,1,0.49475312058353804,0.49475312058353804,0.2855777576543625,0.20917536292917555
CAT,calibrated_hist_gradient_boosting,2,2022-10-10,0,1,0.47567324182791476,0.47567324182791476,0.33657304089714235,0.1391002009307724
CAT,calibrated_hist_gradient_boosting,2,2022-10-11,1,1,0.49347719333719664,0.49347719333719664,0.32173454346511,0.17174264987208665
CAT,calibrated_hist_gradient_boosting,2,2022-10-12,1,1,0.5172270276339379,0.5172270276339379,0.30203700764428526,0.21519001998965265
CAT,calibrated_hist_gradient_boosting,2,2022-10-13,0,1,0.481155954745823,0.481155954745823,0.3209710067069161,0.16018494803890693
CAT,calibrated_hist_gradient_boosting,2,2022-10-14,1,1,0.4751232636766038,0.4751232636766038,0.3161211732810352,0.15900209039556862
CAT,calibrated_hist_gradient_boosting,2,2022-10-17,1,1,0.4400581076048033,0.4400581076048033,0.36835098969653757,0.07170711790826573
CAT,calibrated_hist_gradient_boosting,2,2022-10-18,1,1,0.4418339113676934,0.4418339113676934,0.36494064722356184,0.07689326414413156
CAT,calibrated_hist_gradient_boosting,2,2022-10-19,1,1,0.4139390698362915,0.4139390698362915,0.374617631339037,0.039321438497254446
CAT,calibrated_hist_gradient_boosting,2,2022-10-20,1,1,0.4679599979113272,0.4679599979113272,0.33190570026773475,0.13605429764359245
CAT,calibrated_hist_gradient_boosting,2,2022-10-21,1,1,0.3909654752434632,0.3909654752434632,0.3651504560706363,0.025815019172826914
CAT,calibrated_hist_gradient_boosting,2,2022-10-24,1,1,0.40022825880392193,0.40022825880392193,0.3604290385139115,0.03979922029001043
CAT,calibrated_hist_gradient_boosting,2,2022-10-25,1,1,0.40026648258226966,0.40026648258226966,0.35837009678338444,0.041896385798885216
CAT,calibrated_hist_gradient_boosting,2,2022-10-26,1,-1,0.4118428625997803,0.36545293521246086,0.36545293521246086,0.04638992738731945
CAT,calibrated_hist_gradient_boosting,2,2022-10-27,1,1,0.4240704647960802,0.4240704647960802,0.3548242831943093,0.06924618160177087
CAT,calibrated_hist_gradient_boosting,2,2022-10-28,1,1,0.4062903933792528,0.4062903933792528,0.35495563091011273,0.051334762469140094
CAT,calibrated_hist_gradient_boosting,2,2022-10-31,1,1,0.43011884784973153,0.43011884784973153,0.3430879741590734,0.08703087369065815
CAT,calibrated_hist_gradient_boosting,2,2022-11-01,1,1,0.4047710059945107,0.4047710059945107,0.3709550025672925,0.03381600342721819
CAT,calibrated_hist_gradient_boosting,2,2022-11-02,1,1,0.41654760300076904,0.41654760300076904,0.33953336134507633,0.0770142416556927
CAT,calibrated_hist_gradient_boosting,3,2022-11-03,1,1,0.45901590065094444,0.45901590065094444,0.34576488050648946,0.11325102014445498
CAT,calibrated_hist_gradient_boosting,3,2022-11-04,1,1,0.43253563020233887,0.43253563020233887,0.34509623956577995,0.08743939063655892
CAT,calibrated_hist_gradient_boosting,3,2022-11-07,1,1,0.4430333234034099,0.4430333234034099,0.34221055508664006,0.10082276831676984
CAT,calibrated_hist_gradient_boosting,3,2022-11-08,1,1,0.44267514453338225,0.44267514453338225,0.33489891374592856,0.10777623078745369
CAT,calibrated_hist_gradient_boosting,3,2022-11-09,1,1,0.46289008416798855,0.46289008416798855,0.3186940212303211,0.14419606293766746
CAT,calibrated_hist_gradient_boosting,3,2022-11-10,0,1,0.44472032190541383,0.44472032190541383,0.32880971987210755,0.11591060203330628
CAT,calibrated_hist_gradient_boosting,3,2022-11-11,-1,1,0.4635472486827436,0.4635472486827436,0.3351408746637712,0.12840637401897242
CAT,calibrated_hist_gradient_boosting,3,2022-11-14,0,1,0.4412288863564131,0.4412288863564131,0.35418609914427585,0.08704278721213726
CAT,calibrated_hist_gradient_boosting,3,2022-11-15,0,1,0.4408151605372388,0.4408151605372388,0.3344407336445687,0.10637442689267007
CAT,calibrated_hist_gradient_boosting,3,2022-11-16,0,1,0.4697526921193505,0.4697526921193505,0.3315592702260566,0.13819342189329392
CAT,calibrated_hist_gradient_boosting,3,2022-11-17,1,1,0.4676621850405181,0.4676621850405181,0.3269475122201628,0.14071467282035532
CAT,calibrated_hist_gradient_boosting,3,2022-11-18,0,1,0.44352718199529934,0.44352718199529934,0.34639382051299134,0.097133361482308
CAT,calibrated_hist_gradient_boosting,3,2022-11-21,0,1,0.4348777077613315,0.4348777077613315,0.35823567981831156,0.07664202794301994
CAT,calibrated_hist_gradient_boosting,3,2022-11-22,0,1,0.4474975971083423,0.4474975971083423,0.3337081443263505,0.11378945278199182
CAT,calibrated_hist_gradient_boosting,3,2022-11-23,0,1,0.45126406347672415,0.45126406347672415,0.33954069453525065,0.1117233689414735
CAT,calibrated_hist_gradient_boosting,3,2022-11-25,0,1,0.4492263645420276,0.4492263645420276,0.33992807117905793,0.10929829336296965
CAT,calibrated_hist_gradient_boosting,3,2022-11-28,0,1,0.49171275036524414,0.49171275036524414,0.3306672585886143,0.16104549177662986
CAT,calibrated_hist_gradient_boosting,3,2022-11-29,-1,1,0.4595527327903482,0.4595527327903482,0.3325878388698099,0.12696489392053828
CAT,calibrated_hist_gradient_boosting,3,2022-11-30,-1,1,0.425299709111637,0.425299709111637,0.34596641628566766,0.07933329282596935
CAT,calibrated_hist_gradient_boosting,3,2022-12-01,-1,1,0.42790531294878614,0.42790531294878614,0.3366598528756857,0.09124546007310047
CAT,calibrated_hist_gradient_boosting,3,2022-12-02,-1,1,0.4512227336002081,0.4512227336002081,0.3301334817775457,0.12108925182266239
CAT,calibrated_hist_gradient_boosting,3,2022-12-05,0,1,0.45871820115042755,0.45871820115042755,0.3467200498862588,0.11199815126416873
CAT,calibrated_hist_gradient_boosting,3,2022-12-06,1,1,0.44118216246974157,0.44118216246974157,0.3545793681332979,0.08660279433644369
CAT,calibrated_hist_gradient_boosting,3,2022-12-07,1,1,0.4540462867772068,0.4540462867772068,0.3483697612369703,0.10567652554023654
CAT,calibrated_hist_gradient_boosting,3,2022-12-08,0,1,0.4592439177396222,0.4592439177396222,0.351107324041195,0.10813659369842721
CAT,calibrated_hist_gradient_boosting,3,2022-12-09,1,1,0.4455862099454974,0.4455862099454974,0.3560916559680561,0.08949455397744133
CAT,calibrated_hist_gradient_boosting,3,2022-12-12,0,1,0.4374124377562172,0.4374124377562172,0.34252749056091786,0.09488494719529933
CAT,calibrated_hist_gradient_boosting,3,2022-12-13,0,1,0.4580878794915761,0.4580878794915761,0.31807630189444225,0.14001157759713384
CAT,calibrated_hist_gradient_boosting,3,2022-12-14,1,1,0.42595683588259714,0.42595683588259714,0.35557820216603453,0.07037863371656261
CAT,calibrated_hist_gradient_boosting,3,2022-12-15,1,1,0.4448342156078702,0.4448342156078702,0.352269986646617,0.09256422896125316
CAT,calibrated_hist_gradient_boosting,3,2022-12-16,1,1,0.44796461909772956,0.44796461909772956,0.34784328907215173,0.10012133002557783
CAT,calibrated_hist_gradient_boosting,3,2022-12-19,1,1,0.43801539984721155,0.43801539984721155,0.34749941222490843,0.09051598762230312
CAT,calibrated_hist_gradient_boosting,3,2022-12-20,0,1,0.42308860493856004,0.42308860493856004,0.35436360341988754,0.0687250015186725
CAT,calibrated_hist_gradient_boosting,3,2022-12-21,0,1,0.4508998171326088,0.4508998171326088,0.33121991817050644,0.11967989896210235
CAT,calibrated_hist_gradient_boosting,3,2022-12-22,0,1,0.4289960506690935,0.4289960506690935,0.3685380668723137,0.0604579837967798
CAT,calibrated_hist_gradient_boosting,3,2022-12-23,0,1,0.48724786097073697,0.48724786097073697,0.31525389129166775,0.17199396967906921
CAT,calibrated_hist_gradient_boosting,3,2022-12-27,0,1,0.4410346268625771,0.4410346268625771,0.33999110793600784,0.10104351892656926
CAT,calibrated_hist_gradient_boosting,3,2022-12-28,0,1,0.4426522906252277,0.4426522906252277,0.3642771916895153,0.07837509893571243
CAT,calibrated_hist_gradient_boosting,3,2022-12-29,1,1,0.4674373620124957,0.4674373620124957,0.3408704322510085,0.1265669297614872
CAT,calibrated_hist_gradient_boosting,3,2022-12-30,1,1,0.45355898691087626,0.45355898691087626,0.34996583011236587,0.10359315679851039
CAT,calibrated_hist_gradient_boosting,3,2023-01-03,1,1,0.45246216253409727,0.45246216253409727,0.34010370399389683,0.11235845854020043
CAT,calibrated_hist_gradient_boosting,3,2023-01-04,1,1,0.4781733167156436,0.4781733167156436,0.3297092211247347,0.1484640955909089
CAT,calibrated_hist_gradient_boosting,3,2023-01-05,1,1,0.43366956586040645,0.43366956586040645,0.36563096380819626,0.06803860205221018
CAT,calibrated_hist_gradient_boosting,3,2023-01-06,1,1,0.4007104203094447,0.4007104203094447,0.38841485731703634,0.01229556299240836
CAT,calibrated_hist_gradient_boosting,3,2023-01-09,1,1,0.43611931006054316,0.43611931006054316,0.3645790327491986,0.07154027731134455
CAT,calibrated_hist_gradient_boosting,3,2023-01-10,0,1,0.41834715433486486,0.41834715433486486,0.3782783312650593,0.04006882306980558
CAT,calibrated_hist_gradient_boosting,3,2023-01-11,0,1,0.4564627508597079,0.4564627508597079,0.3546917567177892,0.1017709941419187
CAT,calibrated_hist_gradient_boosting,3,2023-01-12,0,1,0.4607659766581847,0.4607659766581847,0.3332480741924066,0.1275179024657781
CAT,calibrated_hist_gradient_boosting,3,2023-01-13,0,1,0.4674645547586627,0.4674645547586627,0.34633593591319883,0.12112861884546389
CAT,calibrated_hist_gradient_boosting,3,2023-01-17,0,1,0.4358317495848521,0.4358317495848521,0.35437904859400926,0.08145270099084284
CAT,calibrated_hist_gradient_boosting,3,2023-01-18,1,1,0.4552567203457359,0.4552567203457359,0.3527779139059078,0.1024788064398281
CAT,calibrated_hist_gradient_boosting,3,2023-01-19,1,1,0.4137214105427909,0.4137214105427909,0.37613386807887284,0.037587542463918044
CAT,calibrated_hist_gradient_boosting,3,2023-01-20,1,1,0.4913567496449686,0.4913567496449686,0.31292420159076356,0.17843254805420505
CAT,calibrated_hist_gradient_boosting,3,2023-01-23,1,1,0.480292310155295,0.480292310155295,0.32103685623964473,0.15925545391565027
CAT,calibrated_hist_gradient_boosting,3,2023-01-24,-1,1,0.43261737777503856,0.43261737777503856,0.350936521773274,0.08168085600176456
CAT,calibrated_hist_gradient_boosting,3,2023-01-25,-1,1,0.437448806138989,0.437448806138989,0.35467038019419234,0.08277842594479667
CAT,calibrated_hist_gradient_boosting,3,2023-01-26,-1,1,0.4329678888987732,0.4329678888987732,0.3433395400926303,0.0896283488061429
CAT,calibrated_hist_gradient_boosting,3,2023-01-27,-1,1,0.4560389266390213,0.4560389266390213,0.3572283536634682,0.09881057297555307
CAT,calibrated_hist_gradient_boosting,3,2023-01-30,-1,1,0.41453579956241304,0.41453579956241304,0.3721653690829525,0.04237043047946054
CAT,calibrated_hist_gradient_boosting,3,2023-01-31,0,1,0.45776347446286464,0.45776347446286464,0.34983585583111115,0.10792761863175349
CAT,calibrated_hist_gradient_boosting,3,2023-02-01,0,1,0.43008786672610405,0.43008786672610405,0.37425953777761567,0.05582832894848838
CAT,calibrated_hist_gradient_boosting,3,2023-02-02,0,1,0.44957358367110345,0.44957358367110345,0.3495859225488635,0.09998766112223995
CAT,calibrated_hist_gradient_boosting,3,2023-02-03,0,1,0.4531546544558003,0.4531546544558003,0.35641048366355216,0.09674417079224812
CAT,calibrated_hist_gradient_boosting,3,2023-02-06,0,1,0.44417168233285936,0.44417168233285936,0.36858245016262975,0.07558923217022961
CAT,calibrated_hist_gradient_boosting,3,2023-02-07,-1,1,0.4180601937446829,0.4180601937446829,0.37259142364177755,0.04546877010290534
CAT,calibrated_hist_gradient_boosting,3,2023-02-08,0,1,0.4547694695738915,0.4547694695738915,0.3496702916078742,0.10509917796601731
CAT,calibrated_hist_gradient_boosting,3,2023-02-09,0,1,0.459189531830241,0.459189531830241,0.331159539471555,0.128029992358686
CAT,calibrated_hist_gradient_boosting,3,2023-02-10,0,1,0.46363586628324976,0.46363586628324976,0.348700530165082,0.11493533611816775
CAT,calibrated_hist_gradient_boosting,3,2023-02-13,-1,1,0.48141678802490095,0.48141678802490095,0.32917525567601996,0.152241532348881
CAT,calibrated_hist_gradient_boosting,3,2023-02-14,-1,1,0.45246343674417816,0.45246343674417816,0.33392333640376526,0.1185401003404129
CAT,calibrated_hist_gradient_boosting,3,2023-02-15,-1,1,0.47777147871909026,0.47777147871909026,0.337355130133824,0.14041634858526625
CAT,calibrated_hist_gradient_boosting,3,2023-02-16,-1,1,0.49462448070006415,0.49462448070006415,0.31859016728141615,0.176034313418648
CAT,calibrated_hist_gradient_boosting,3,2023-02-17,-1,1,0.47401117299092177,0.47401117299092177,0.32672212310866927,0.1472890498822525
CAT,calibrated_hist_gradient_boosting,3,2023-02-21,0,1,0.47018757097485314,0.47018757097485314,0.3279759521333913,0.14221161884146183
CAT,calibrated_hist_gradient_boosting,3,2023-02-22,1,1,0.43776979313785147,0.43776979313785147,0.3484724264479098,0.08929736668994165
CAT,calibrated_hist_gradient_boosting,3,2023-02-23,1,1,0.46192861173732735,0.46192861173732735,0.33109381802518323,0.13083479371214413
CAT,calibrated_hist_gradient_boosting,3,2023-02-24,1,1,0.49634110937401577,0.49634110937401577,0.31532945827057385,0.18101165110344192
CAT,calibrated_hist_gradient_boosting,3,2023-02-27,1,1,0.45214171492060923,0.45214171492060923,0.3593204045405993,0.0928213103800099
CAT,calibrated_hist_gradient_boosting,3,2023-02-28,1,1,0.4654195914369195,0.4654195914369195,0.3314361174212694,0.13398347401565014
CAT,calibrated_hist_gradient_boosting,3,2023-03-01,0,1,0.44705343410957904,0.44705343410957904,0.34299231626538823,0.10406111784419081
CAT,calibrated_hist_gradient_boosting,3,2023-03-02,-1,1,0.4952989085419615,0.4952989085419615,0.31603592336303765,0.17926298517892386
CAT,calibrated_hist_gradient_boosting,3,2023-03-03,-1,1,0.47464567130174906,0.47464567130174906,0.32265008451949057,0.1519955867822585
CAT,calibrated_hist_gradient_boosting,3,2023-03-06,-1,1,0.48670978237101464,0.48670978237101464,0.3208092058099947,0.16590057656101992
CAT,calibrated_hist_gradient_boosting,3,2023-03-07,-1,1,0.4597370486146608,0.4597370486146608,0.332907313820166,0.12682973479449483
CAT,calibrated_hist_gradient_boosting,3,2023-03-08,-1,1,0.467411466816366,0.467411466816366,0.3243247298778485,0.14308673693851748
CAT,calibrated_hist_gradient_boosting,3,2023-03-09,-1,1,0.4626520531536393,0.4626520531536393,0.3426923598144169,0.11995969333922235
CAT,calibrated_hist_gradient_boosting,3,2023-03-10,-1,1,0.488191256654201,0.488191256654201,0.3323696575776551,0.1558215990765459
CAT,calibrated_hist_gradient_boosting,3,2023-03-13,0,1,0.4727213794953942,0.4727213794953942,0.3275060619056093,0.1452153175897849
CAT,calibrated_hist_gradient_boosting,3,2023-03-14,0,1,0.4602508313850335,0.4602508313850335,0.34530005964617455,0.11495077173885893
CAT,calibrated_hist_gradient_boosting,3,2023-03-15,0,1,0.4732207758569171,0.4732207758569171,0.3433827830846187,0.12983799277229835
CAT,calibrated_hist_gradient_boosting,3,2023-03-16,0,1,0.5036600277350599,0.5036600277350599,0.3210766874825115,0.1825833402525484
CAT,calibrated_hist_gradient_boosting,3,2023-03-17,0,1,0.46530969060033933,0.46530969060033933,0.35208670514278456,0.11322298545755477
CAT,calibrated_hist_gradient_boosting,3,2023-03-20,0,1,0.48530695551372727,0.48530695551372727,0.3137220355403721,0.17158491997335518
CAT,calibrated_hist_gradient_boosting,3,2023-03-21,-1,1,0.47848770406661584,0.47848770406661584,0.31510223315280006,0.16338547091381578
CAT,calibrated_hist_gradient_boosting,3,2023-03-22,0,1,0.45033880259662507,0.45033880259662507,0.33192663410937184,0.11841216848725322
CAT,calibrated_hist_gradient_boosting,3,2023-03-23,1,1,0.4815530257626787,0.4815530257626787,0.31582855096213147,0.16572447480054725
CAT,calibrated_hist_gradient_boosting,3,2023-03-24,1,1,0.45442028828470055,0.45442028828470055,0.3411331611323216,0.11328712715237893
CAT,calibrated_hist_gradient_boosting,3,2023-03-27,1,1,0.4886239425212269,0.4886239425212269,0.32348669365026517,0.1651372488709617
CAT,calibrated_hist_gradient_boosting,3,2023-03-28,0,1,0.4760370660238124,0.4760370660238124,0.3212291823722741,0.1548078836515383
CAT,calibrated_hist_gradient_boosting,3,2023-03-29,-1,1,0.5134530897407698,0.5134530897407698,0.2890242371333229,0.22442885260744683
CAT,calibrated_hist_gradient_boosting,3,2023-03-30,-1,1,0.5072719424728102,0.5072719424728102,0.28777634519298306,0.2194955972798271
CAT,calibrated_hist_gradient_boosting,3,2023-03-31,-1,1,0.5236705704382033,0.5236705704382033,0.2756829208791581,0.24798764955904523
CAT,calibrated_hist_gradient_boosting,3,2023-04-03,-1,1,0.5397761955521508,0.5397761955521508,0.27165457534514986,0.268121620207001
CAT,calibrated_hist_gradient_boosting,3,2023-04-04,0,1,0.49914624558893356,0.49914624558893356,0.3004035742048314,0.19874267138410218
CAT,calibrated_hist_gradient_boosting,3,2023-04-05,1,1,0.45759561978022883,0.45759561978022883,0.3332790434140091,0.12431657636621973
CAT,calibrated_hist_gradient_boosting,3,2023-04-06,1,1,0.4443923530614447,0.4443923530614447,0.35175707874415824,0.09263527431728646
CAT,calibrated_hist_gradient_boosting,3,2023-04-10,1,1,0.5060097868243604,0.5060097868243604,0.30642437085265745,0.19958541597170293
CAT,calibrated_hist_gradient_boosting,3,2023-04-11,1,1,0.4809539194324966,0.4809539194324966,0.30513181887902296,0.17582210055347364
CAT,calibrated_hist_gradient_boosting,3,2023-04-12,0,1,0.4983327828616581,0.4983327828616581,0.2984437362858897,0.1998890465757684
CAT,calibrated_hist_gradient_boosting,3,2023-04-13,0,1,0.4850674403897786,0.4850674403897786,0.29568075940533406,0.18938668098444456
CAT,calibrated_hist_gradient_boosting,3,2023-04-14,0,1,0.4711577424400395,0.4711577424400395,0.31345907994696676,0.15769866249307274
CAT,calibrated_hist_gradient_boosting,3,2023-04-17,0,1,0.4944801817503408,0.4944801817503408,0.3124936448029587,0.1819865369473821
CAT,calibrated_hist_gradient_boosting,3,2023-04-18,-1,1,0.4574139661818935,0.4574139661818935,0.33435461183867776,0.12305935434321574
CAT,calibrated_hist_gradient_boosting,3,2023-04-19,-1,1,0.47222070299728275,0.47222070299728275,0.3255986786492604,0.14662202434802235
CAT,calibrated_hist_gradient_boosting,3,2023-04-20,-1,1,0.4997750945446078,0.4997750945446078,0.2850427150977008,0.21473237944690698
CAT,calibrated_hist_gradient_boosting,3,2023-04-21,0,1,0.48258303637676847,0.48258303637676847,0.30193934969724073,0.18064368667952774
CAT,calibrated_hist_gradient_boosting,3,2023-04-24,-1,1,0.4679027685171964,0.4679027685171964,0.3376181146537425,0.13028465386345395
CAT,calibrated_hist_gradient_boosting,3,2023-04-25,0,1,0.4706479193751567,0.4706479193751567,0.32202141819620367,0.14862650117895304
CAT,calibrated_hist_gradient_boosting,3,2023-04-26,0,1,0.48556670342620006,0.48556670342620006,0.29527120142992586,0.1902955019962742
CAT,calibrated_hist_gradient_boosting,3,2023-04-27,0,1,0.4557893865808434,0.4557893865808434,0.3365180692573601,0.11927131732348328
CAT,calibrated_hist_gradient_boosting,3,2023-04-28,0,1,0.44699309193407194,0.44699309193407194,0.3439117409430885,0.10308135099098342
CAT,calibrated_hist_gradient_boosting,3,2023-05-01,0,1,0.4703513273143211,0.4703513273143211,0.321682489398634,0.14866883791568714
CAT,calibrated_hist_gradient_boosting,3,2023-05-02,0,1,0.46695606773140425,0.46695606773140425,0.3255677319364327,0.14138833579497156
CAT,calibrated_hist_gradient_boosting,3,2023-05-03,0,1,0.47614201286847035,0.47614201286847035,0.30319447704450414,0.17294753582396621
CAT,calibrated_hist_gradient_boosting,3,2023-05-04,0,1,0.46641789001173817,0.46641789001173817,0.31446897645457406,0.1519489135571641
CAT,calibrated_hist_gradient_boosting,3,2023-05-05,-1,1,0.4584675555444398,0.4584675555444398,0.34029466988781465,0.11817288565662515
CAT,calibrated_hist_gradient_boosting,3,2023-05-08,0,1,0.48200023733728764,0.48200023733728764,0.3161351709960263,0.16586506634126136
CAT,calibrated_hist_gradient_boosting,3,2023-05-09,-1,1,0.4548847129698513,0.4548847129698513,0.32910182281589884,0.12578289015395244
CAT,calibrated_hist_gradient_boosting,3,2023-05-10,0,1,0.4726123498619588,0.4726123498619588,0.3136760532355252,0.1589362966264336
CAT,calibrated_hist_gradient_boosting,3,2023-05-11,1,1,0.48673110315924867,0.48673110315924867,0.2905312019034541,0.19619990125579456
CAT,calibrated_hist_gradient_boosting,3,2023-05-12,1,1,0.5058103508587674,0.5058103508587674,0.29372422281445104,0.2120861280443163
CAT,calibrated_hist_gradient_boosting,3,2023-05-15,0,1,0.46820123197242863,0.46820123197242863,0.31389252884334723,0.1543087031290814
CAT,calibrated_hist_gradient_boosting,3,2023-05-16,1,1,0.46427965682963984,0.46427965682963984,0.31532775037906724,0.1489519064505726
CAT,calibrated_hist_gradient_boosting,3,2023-05-17,0,1,0.46192115547389667,0.46192115547389667,0.3339685828317988,0.12795257264209786
CAT,calibrated_hist_gradient_boosting,3,2023-05-18,-1,1,0.4807815235096177,0.4807815235096177,0.31680360282205106,0.16397792068756667
CAT,calibrated_hist_gradient_boosting,3,2023-05-19,0,1,0.45339313523330677,0.45339313523330677,0.3255872160278948,0.12780591920541196
CAT,calibrated_hist_gradient_boosting,3,2023-05-22,-1,1,0.4749365221344875,0.4749365221344875,0.3190631108700579,0.1558734112644296
CAT,calibrated_hist_gradient_boosting,3,2023-05-23,-1,1,0.4664256014346737,0.4664256014346737,0.33317488292864034,0.13325071850603337
CAT,calibrated_hist_gradient_boosting,3,2023-05-24,0,1,0.4510837415866482,0.4510837415866482,0.3335617071349261,0.1175220344517221
CAT,calibrated_hist_gradient_boosting,3,2023-05-25,1,1,0.4531094627732725,0.4531094627732725,0.3264840606038126,0.12662540216945994
CAT,calibrated_hist_gradient_boosting,3,2023-05-26,1,1,0.46730554186344886,0.46730554186344886,0.32684087604118967,0.1404646658222592
CAT,calibrated_hist_gradient_boosting,3,2023-05-30,1,1,0.46374782163764555,0.46374782163764555,0.31657936108753937,0.14716846055010618
CAT,calibrated_hist_gradient_boosting,3,2023-05-31,1,1,0.5000607935731951,0.5000607935731951,0.2960709139309783,0.20398987964221682
CAT,calibrated_hist_gradient_boosting,3,2023-06-01,1,1,0.4672118967657632,0.4672118967657632,0.3400846122910504,0.12712728447471278
CAT,calibrated_hist_gradient_boosting,3,2023-06-02,1,1,0.4637759785808469,0.4637759785808469,0.31375850425492496,0.15001747432592194
CAT,calibrated_hist_gradient_boosting,3,2023-06-05,1,1,0.4490050203356575,0.4490050203356575,0.3403328688800323,0.1086721514556252
CAT,calibrated_hist_gradient_boosting,3,2023-06-06,1,1,0.4806792428767454,0.4806792428767454,0.3152325434813936,0.16544669939535178
CAT,calibrated_hist_gradient_boosting,3,2023-06-07,1,1,0.44351391640814214,0.44351391640814214,0.32995942796639577,0.11355448844174637
CAT,calibrated_hist_gradient_boosting,3,2023-06-08,1,1,0.4736516864973453,0.4736516864973453,0.295414233385849,0.1782374531114963
CAT,calibrated_hist_gradient_boosting,3,2023-06-09,1,1,0.4285220574566584,0.4285220574566584,0.3294739075272787,0.09904814992937971
CAT,calibrated_hist_gradient_boosting,3,2023-06-12,0,1,0.4334152426572763,0.4334152426572763,0.32932678791536457,0.10408845474191175
CAT,calibrated_hist_gradient_boosting,3,2023-06-13,0,1,0.4282127073988258,0.4282127073988258,0.3441960338841659,0.08401667351465986
CAT,calibrated_hist_gradient_boosting,3,2023-06-14,-1,1,0.4246675845925698,0.4246675845925698,0.34647228672582503,0.07819529786674478
CAT,calibrated_hist_gradient_boosting,3,2023-06-15,-1,1,0.44697092850826525,0.44697092850826525,0.31551250025130656,0.1314584282569587
CAT,calibrated_hist_gradient_boosting,3,2023-06-16,-1,1,0.45231241645190784,0.45231241645190784,0.34371958493877447,0.10859283151313337
CAT,calibrated_hist_gradient_boosting,3,2023-06-20,0,1,0.45651887905538563,0.45651887905538563,0.33198548109279086,0.12453339796259477
CAT,calibrated_hist_gradient_boosting,3,2023-06-21,0,1,0.45521224253836134,0.45521224253836134,0.3308804635872853,0.12433177895107606
CAT,calibrated_hist_gradient_boosting,3,2023-06-22,1,1,0.45166619993131735,0.45166619993131735,0.34324565820865893,0.10842054172265841
CAT,calibrated_hist_gradient_boosting,3,2023-06-23,1,1,0.46599002834748254,0.46599002834748254,0.32186778863500315,0.1441222397124794
CAT,calibrated_hist_gradient_boosting,3,2023-06-26,1,1,0.45890388880178895,0.45890388880178895,0.33227995268192084,0.1266239361198681
CAT,calibrated_hist_gradient_boosting,3,2023-06-27,0,1,0.44128652002423346,0.44128652002423346,0.32751560244038674,0.11377091758384672
CAT,calibrated_hist_gradient_boosting,3,2023-06-28,0,1,0.42798379380541807,0.42798379380541807,0.34147706826120067,0.0865067255442174
CAT,calibrated_hist_gradient_boosting,3,2023-06-29,0,1,0.43256382086738215,0.43256382086738215,0.354282717994582,0.07828110287280016
CAT,calibrated_hist_gradient_boosting,3,2023-06-30,0,1,0.43411367822172614,0.43411367822172614,0.35443687641693183,0.0796768018047943
CAT,calibrated_hist_gradient_boosting,3,2023-07-03,1,1,0.44892065428044076,0.44892065428044076,0.34038289608127364,0.10853775819916711
CAT,calibrated_hist_gradient_boosting,3,2023-07-05,1,1,0.44503971890841987,0.44503971890841987,0.34993202284017855,0.09510769606824132
CAT,calibrated_hist_gradient_boosting,3,2023-07-06,1,1,0.4728654047900373,0.4728654047900373,0.3250602006470507,0.1478052041429866
CAT,calibrated_hist_gradient_boosting,3,2023-07-07,1,1,0.4466085653506306,0.4466085653506306,0.3492452624624074,0.0973633028882232
CAT,calibrated_hist_gradient_boosting,3,2023-07-10,1,1,0.4605888545468518,0.4605888545468518,0.32259036377455436,0.13799849077229742
CAT,calibrated_hist_gradient_boosting,3,2023-07-11,1,1,0.45233469590772096,0.45233469590772096,0.3272934265873632,0.12504126932035775
CAT,calibrated_hist_gradient_boosting,3,2023-07-12,1,1,0.4454839701674828,0.4454839701674828,0.34228355053844983,0.10320041962903298
CAT,calibrated_hist_gradient_boosting,3,2023-07-13,1,1,0.4555216231376172,0.4555216231376172,0.34751816748807346,0.10800345564954372
CAT,calibrated_hist_gradient_boosting,3,2023-07-14,0,1,0.4678433153366555,0.4678433153366555,0.3327149153994878,0.13512839993716774
CAT,calibrated_hist_gradient_boosting,3,2023-07-17,0,1,0.43609499049245387,0.43609499049245387,0.34482468088991486,0.09127030960253901
CAT,calibrated_hist_gradient_boosting,3,2023-07-18,0,1,0.46482908899728287,0.46482908899728287,0.3260849249219296,0.13874416407535328
CAT,calibrated_hist_gradient_boosting,3,2023-07-19,0,1,0.4938796862573429,0.4938796862573429,0.3226298821536364,0.1712498041037065
CAT,calibrated_hist_gradient_boosting,3,2023-07-20,0,1,0.43697134176784475,0.43697134176784475,0.3539219044959652,0.08304943727187952
CAT,calibrated_hist_gradient_boosting,3,2023-07-21,0,1,0.44658176373166175,0.44658176373166175,0.3383256016650466,0.10825616206661515
CAT,calibrated_hist_gradient_boosting,3,2023-07-24,1,1,0.44295182092448915,0.44295182092448915,0.34553971240026793,0.09741210852422122
CAT,calibrated_hist_gradient_boosting,3,2023-07-25,1,1,0.41473757153818064,0.41473757153818064,0.37609855482439597,0.03863901671378467
CAT,calibrated_hist_gradient_boosting,3,2023-07-26,1,1,0.4147492743916728,0.4147492743916728,0.35327697636984706,0.061472298021825744
CAT,calibrated_hist_gradient_boosting,3,2023-07-27,1,1,0.45178452175569417,0.45178452175569417,0.333217499322408,0.11856702243328615
CAT,calibrated_hist_gradient_boosting,3,2023-07-28,1,1,0.445779522824658,0.445779522824658,0.3476192205402255,0.09816030228443251
CAT,calibrated_hist_gradient_boosting,3,2023-07-31,1,1,0.4323481597969754,0.4323481597969754,0.36359759476294834,0.06875056503402704
CAT,calibrated_hist_gradient_boosting,3,2023-08-01,0,1,0.44855980595550343,0.44855980595550343,0.3351581651658719,0.11340164078963155
CAT,calibrated_hist_gradient_boosting,3,2023-08-02,0,1,0.45707305216336175,0.45707305216336175,0.335055739674388,0.12201731248897374
CAT,calibrated_hist_gradient_boosting,3,2023-08-03,0,1,0.4957160367984906,0.4957160367984906,0.3135662197171315,0.18214981708135908
CAT,calibrated_hist_gradient_boosting,3,2023-08-04,1,1,0.468285750109974,0.468285750109974,0.3309804272140576,0.13730532289591635
CAT,calibrated_hist_gradient_boosting,3,2023-08-07,0,1,0.4792442475108399,0.4792442475108399,0.32223006309338253,0.15701418441745735
CAT,calibrated_hist_gradient_boosting,3,2023-08-08,0,1,0.454310213345019,0.454310213345019,0.33705750845434795,0.11725270489067102
CAT,calibrated_hist_gradient_boosting,3,2023-08-09,-1,1,0.4270834380883261,0.4270834380883261,0.3535823579292299,0.07350108015909623
CAT,calibrated_hist_gradient_boosting,3,2023-08-10,-1,1,0.45096204029410214,0.45096204029410214,0.3369430116493073,0.11401902864479485
CAT,calibrated_hist_gradient_boosting,3,2023-08-11,-1,1,0.47569412110178727,0.47569412110178727,0.3375679291358357,0.13812619196595155
CAT,calibrated_hist_gradient_boosting,3,2023-08-14,-1,1,0.42484790218342444,0.42484790218342444,0.35658076477228456,0.06826713741113988
CAT,calibrated_hist_gradient_boosting,3,2023-08-15,-1,1,0.46083444513991495,0.46083444513991495,0.32762085417864806,0.1332135909612669
CAT,calibrated_hist_gradient_boosting,3,2023-08-16,0,1,0.4291730801274731,0.4291730801274731,0.36578302731139894,0.06339005281607418
CAT,calibrated_hist_gradient_boosting,3,2023-08-17,-1,1,0.4298024995023522,0.4298024995023522,0.35349833193492247,0.07630416756742975
CAT,calibrated_hist_gradient_boosting,3,2023-08-18,0,1,0.4272133540831085,0.4272133540831085,0.35274487087488754,0.07446848320822097
CAT,calibrated_hist_gradient_boosting,3,2023-08-21,0,1,0.45399478318394987,0.45399478318394987,0.35476964710765485,0.09922513607629502
CAT,calibrated_hist_gradient_boosting,3,2023-08-22,1,1,0.4568994131364777,0.4568994131364777,0.3358424254919463,0.12105698764453138
CAT,calibrated_hist_gradient_boosting,3,2023-08-23,1,1,0.44812406249914494,0.44812406249914494,0.35127152994533617,0.09685253255380877
CAT,calibrated_hist_gradient_boosting,3,2023-08-24,1,1,0.41934233454393266,0.41934233454393266,0.3559682151133807,0.06337411943055193
CAT,calibrated_hist_gradient_boosting,3,2023-08-25,1,1,0.4488967217334019,0.4488967217334019,0.35044731604022966,0.09844940569317223
CAT,calibrated_hist_gradient_boosting,3,2023-08-28,1,1,0.45297794883388415,0.45297794883388415,0.3377313082467251,0.11524664058715905
CAT,calibrated_hist_gradient_boosting,3,2023-08-29,0,1,0.4695420186385823,0.4695420186385823,0.3306636467146186,0.13887837192396368
CAT,calibrated_hist_gradient_boosting,3,2023-08-30,0,1,0.5014499990831555,0.5014499990831555,0.3078068733179395,0.19364312576521597
CAT,calibrated_hist_gradient_boosting,3,2023-08-31,0,1,0.47189218602770583,0.47189218602770583,0.3208278015916825,0.15106438443602332
CAT,calibrated_hist_gradient_boosting,3,2023-09-01,0,1,0.4844195850594357,0.4844195850594357,0.3167184473768503,0.16770113768258543
CAT,calibrated_hist_gradient_boosting,3,2023-09-05,0,1,0.44576333195516576,0.44576333195516576,0.3344408403334234,0.11132249162174235
CAT,calibrated_hist_gradient_boosting,3,2023-09-06,-1,1,0.4535662734829679,0.4535662734829679,0.32075979285664913,0.13280648062631878
CAT,calibrated_hist_gradient_boosting,3,2023-09-07,0,1,0.47969342876399357,0.47969342876399357,0.31333724740847463,0.16635618135551894
CAT,calibrated_hist_gradient_boosting,3,2023-09-08,0,1,0.4626082034694914,0.4626082034694914,0.3375294248806536,0.1250787785888378
CAT,calibrated_hist_gradient_boosting,3,2023-09-11,0,1,0.45554114277488994,0.45554114277488994,0.34517653282929844,0.1103646099455915
CAT,calibrated_hist_gradient_boosting,3,2023-09-12,0,1,0.4621309790426787,0.4621309790426787,0.3356715191967592,0.1264594598459195
CAT,calibrated_hist_gradient_boosting,3,2023-09-13,0,1,0.4544620732324491,0.4544620732324491,0.34218607778014465,0.11227599545230443
CAT,calibrated_hist_gradient_boosting,3,2023-09-14,-1,1,0.46735679741764297,0.46735679741764297,0.3309076632569451,0.13644913416069787
CAT,calibrated_hist_gradient_boosting,3,2023-09-15,-1,1,0.439884176948741,0.439884176948741,0.35599916512350477,0.08388501182523622
CAT,calibrated_hist_gradient_boosting,3,2023-09-18,-1,1,0.45837353442424894,0.45837353442424894,0.32937934617691395,0.128994188247335
CAT,calibrated_hist_gradient_boosting,3,2023-09-19,-1,1,0.45851645765609744,0.45851645765609744,0.3352480356768471,0.12326842197925036
CAT,calibrated_hist_gradient_boosting,3,2023-09-20,-1,1,0.4460961860474903,0.4460961860474903,0.3505788271318215,0.09551735891566882
CAT,calibrated_hist_gradient_boosting,3,2023-09-21,0,1,0.46838448336036365,0.46838448336036365,0.33380337885417594,0.1345811045061877
CAT,calibrated_hist_gradient_boosting,3,2023-09-22,0,1,0.45249113100200744,0.45249113100200744,0.33820968818400576,0.11428144281800168
CAT,calibrated_hist_gradient_boosting,3,2023-09-25,0,1,0.4684063767114462,0.4684063767114462,0.31967738698111453,0.14872898973033166
CAT,calibrated_hist_gradient_boosting,3,2023-09-26,0,1,0.4476206659555319,0.4476206659555319,0.34259907470884204,0.10502159124668986
CAT,calibrated_hist_gradient_boosting,3,2023-09-27,-1,1,0.42255609717614834,0.42255609717614834,0.35787587470199983,0.06468022247414851
CAT,calibrated_hist_gradient_boosting,3,2023-09-28,-1,1,0.4355511729894242,0.4355511729894242,0.3586323759824716,0.07691879700695259
CAT,calibrated_hist_gradient_boosting,3,2023-09-29,-1,1,0.4331156757575492,0.4331156757575492,0.34991344499359367,0.08320223076395555
CAT,calibrated_hist_gradient_boosting,3,2023-10-02,0,1,0.46530465817228145,0.46530465817228145,0.3316509239908917,0.13365373418138976
CAT,calibrated_hist_gradient_boosting,3,2023-10-03,0,1,0.4584854537720111,0.4584854537720111,0.33296626697945136,0.12551918679255974
CAT,calibrated_hist_gradient_boosting,3,2023-10-04,1,1,0.4508478775233506,0.4508478775233506,0.32212117350928376,0.12872670401406683
CAT,calibrated_hist_gradient_boosting,3,2023-10-05,1,1,0.44425404266432605,0.44425404266432605,0.33999382409400186,0.10426021857032419
CAT,calibrated_hist_gradient_boosting,3,2023-10-06,0,1,0.4479487587971396,0.4479487587971396,0.33559014406976395,0.11235861472737563
CAT,calibrated_hist_gradient_boosting,3,2023-10-09,0,1,0.4637647406813996,0.4637647406813996,0.33190846817346203,0.13185627250793758
CAT,calibrated_hist_gradient_boosting,3,2023-10-10,0,1,0.4748650102042801,0.4748650102042801,0.315004156499237,0.1598608537050431
CAT,calibrated_hist_gradient_boosting,3,2023-10-11,-1,1,0.45638161268071514,0.45638161268071514,0.33800303173210317,0.11837858094861198
CAT,calibrated_hist_gradient_boosting,3,2023-10-12,-1,1,0.4499609296051368,0.4499609296051368,0.3376061851619432,0.1123547444431936
CAT,calibrated_hist_gradient_boosting,3,2023-10-13,-1,1,0.4668834711151811,0.4668834711151811,0.3383393285118477,0.12854414260333336
CAT,calibrated_hist_gradient_boosting,3,2023-10-16,-1,1,0.4535164200337712,0.4535164200337712,0.34379183572087385,0.10972458431289733
CAT,calibrated_hist_gradient_boosting,3,2023-10-17,-1,1,0.455350382601367,0.455350382601367,0.32108934514606974,0.13426103745529727
CAT,calibrated_hist_gradient_boosting,3,2023-10-18,-1,1,0.4988265941840684,0.4988265941840684,0.3183972597165469,0.18042933446752146
CAT,calibrated_hist_gradient_boosting,3,2023-10-19,-1,1,0.4594134389227634,0.4594134389227634,0.3326500277022911,0.1267634112204723
CAT,calibrated_hist_gradient_boosting,3,2023-10-20,-1,1,0.46763443148259626,0.46763443148259626,0.3548260311692883,0.11280840031330797
CAT,calibrated_hist_gradient_boosting,3,2023-10-23,-1,1,0.4650480220188029,0.4650480220188029,0.3470882858441282,0.1179597361746747
CAT,calibrated_hist_gradient_boosting,3,2023-10-24,-1,1,0.5012254326252826,0.5012254326252826,0.32706321285375217,0.17416221977153046
CAT,calibrated_hist_gradient_boosting,3,2023-10-25,-1,1,0.46702041580062276,0.46702041580062276,0.3418681589835757,0.12515225681704706
CAT,calibrated_hist_gradient_boosting,3,2023-10-26,0,1,0.4734104683121159,0.4734104683121159,0.3256930078637509,0.14771746044836503
CAT,calibrated_hist_gradient_boosting,3,2023-10-27,0,1,0.4700965374838774,0.4700965374838774,0.3376817061895944,0.132414831294283
CAT,calibrated_hist_gradient_boosting,3,2023-10-30,0,1,0.45586476876260834,0.45586476876260834,0.3336328559755828,0.12223191278702555
CAT,calibrated_hist_gradient_boosting,3,2023-10-31,1,1,0.46771606510169444,0.46771606510169444,0.34421488153209917,0.12350118356959527
CAT,calibrated_hist_gradient_boosting,3,2023-11-01,0,1,0.466648227979318,0.466648227979318,0.3566314408355817,0.1100167871437363
CAT,calibrated_hist_gradient_boosting,3,2023-11-02,-1,1,0.4498829422273734,0.4498829422273734,0.34085175918472405,0.10903118304264936
CAT,calibrated_hist_gradient_boosting,3,2023-11-03,0,1,0.4901670354799335,0.4901670354799335,0.3061011974623879,0.1840658380175456
CAT,calibrated_hist_gradient_boosting,3,2023-11-06,0,1,0.47719165966931515,0.47719165966931515,0.3140734200255111,0.16311823964380406
CAT,calibrated_hist_gradient_boosting,3,2023-11-07,1,1,0.4796123052379593,0.4796123052379593,0.3284269588164003,0.15118534642155895
CAT,calibrated_hist_gradient_boosting,3,2023-11-08,1,1,0.5150495350820011,0.5150495350820011,0.2979716411335602,0.2170778939484409
CAT,calibrated_hist_gradient_boosting,3,2023-11-09,1,1,0.49117488514794777,0.49117488514794777,0.3155566968109547,0.17561818833699305
CAT,calibrated_hist_gradient_boosting,3,2023-11-10,1,1,0.49342907273629416,0.49342907273629416,0.3088555887620597,0.18457348397423445
CAT,calibrated_hist_gradient_boosting,3,2023-11-13,1,1,0.49068076006589906,0.49068076006589906,0.29163908395918836,0.1990416761067107
CAT,calibrated_hist_gradient_boosting,3,2023-11-14,0,1,0.4982230901479194,0.4982230901479194,0.2945624316306674,0.20366065851725196
CAT,calibrated_hist_gradient_boosting,3,2023-11-15,-1,1,0.46415725750725495,0.46415725750725495,0.3409043477024603,0.12325290980479464
CAT,calibrated_hist_gradient_boosting,3,2023-11-16,0,1,0.47643562322493577,0.47643562322493577,0.30250324187269645,0.17393238135223932
CAT,calibrated_hist_gradient_boosting,3,2023-11-17,-1,1,0.47801922635115,0.47801922635115,0.30488664009912186,0.17313258625202815
CAT,calibrated_hist_gradient_boosting,3,2023-11-20,0,1,0.4463789465008678,0.4463789465008678,0.3423725800326116,0.10400636646825617
CAT,calibrated_hist_gradient_boosting,3,2023-11-21,0,1,0.4686809911569781,0.4686809911569781,0.31938377657546785,0.14929721458151024
CAT,calibrated_hist_gradient_boosting,3,2023-11-22,0,1,0.5069360492872436,0.5069360492872436,0.2862625288556271,0.22067352043161648
CAT,calibrated_hist_gradient_boosting,3,2023-11-24,1,1,0.4945543073092215,0.4945543073092215,0.2995886156164206,0.19496569169280092
CAT,calibrated_hist_gradient_boosting,3,2023-11-27,1,1,0.467013888667241,0.467013888667241,0.33385591600784736,0.1331579726593936
CAT,calibrated_hist_gradient_boosting,3,2023-11-28,1,1,0.47542001976810183,0.47542001976810183,0.33444960599508783,0.140970413773014
CAT,calibrated_hist_gradient_boosting,3,2023-11-29,1,1,0.44880812121794084,0.44880812121794084,0.3542642210285962,0.09454390018934461
CAT,calibrated_hist_gradient_boosting,3,2023-11-30,1,1,0.47227404671389267,0.47227404671389267,0.3320276380497846,0.1402464086641081
CAT,calibrated_hist_gradient_boosting,3,2023-12-01,0,1,0.4466959619704782,0.4466959619704782,0.34737440894115984,0.09932155302931833
CAT,calibrated_hist_gradient_boosting,3,2023-12-04,1,1,0.4850245797044435,0.4850245797044435,0.3270660422190567,0.1579585374853868
CAT,calibrated_hist_gradient_boosting,3,2023-12-05,1,1,0.48416786400585793,0.48416786400585793,0.32615969959578256,0.15800816441007537
CAT,calibrated_hist_gradient_boosting,3,2023-12-06,1,1,0.46234918653087814,0.46234918653087814,0.34194116814134445,0.12040801838953369
CAT,calibrated_hist_gradient_boosting,3,2023-12-07,1,1,0.4656333358499431,0.4656333358499431,0.3343763117221073,0.1312570241278358
CAT,calibrated_hist_gradient_boosting,3,2023-12-08,1,1,0.4433078428728594,0.4433078428728594,0.33728805790020955,0.10601978497264986
CAT,calibrated_hist_gradient_boosting,3,2023-12-11,1,1,0.4599463980754428,0.4599463980754428,0.3466695357026506,0.11327686237279222
CAT,calibrated_hist_gradient_boosting,3,2023-12-12,1,1,0.4814639524778371,0.4814639524778371,0.31859518443753054,0.16286876804030653
CAT,calibrated_hist_gradient_boosting,3,2023-12-13,1,1,0.4332411326553489,0.4332411326553489,0.3363559190287817,0.09688521362656721
CAT,calibrated_hist_gradient_boosting,3,2023-12-14,0,1,0.4348644707425879,0.4348644707425879,0.3071826085942165,0.1276818621483714
CAT,calibrated_hist_gradient_boosting,3,2023-12-15,0,1,0.44461072707903293,0.44461072707903293,0.30050827248387907,0.14410245459515386
CAT,calibrated_hist_gradient_boosting,3,2023-12-18,1,1,0.44080999989546577,0.44080999989546577,0.3209060695345484,0.11990393036091734
CAT,calibrated_hist_gradient_boosting,3,2023-12-19,0,1,0.4301290897662646,0.4301290897662646,0.32507856203783736,0.10505052772842727
CAT,calibrated_hist_gradient_boosting,3,2023-12-20,1,1,0.44311199419312186,0.44311199419312186,0.3289814275400645,0.11413056665305737
CAT,calibrated_hist_gradient_boosting,3,2023-12-21,0,1,0.46787046539123356,0.46787046539123356,0.3277477708121079,0.14012269457912568
CAT,calibrated_hist_gradient_boosting,3,2023-12-22,0,1,0.4533567754201018,0.4533567754201018,0.3100534640054433,0.14330331141465846
CAT,calibrated_hist_gradient_boosting,3,2023-12-26,-1,1,0.43821837004519404,0.43821837004519404,0.3102679877210949,0.12795038232409917
CAT,calibrated_hist_gradient_boosting,3,2023-12-27,-1,1,0.44930731552825715,0.44930731552825715,0.3150844021724106,0.13422291335584652
CAT,calibrated_hist_gradient_boosting,3,2023-12-28,-1,1,0.4389322428424946,0.4389322428424946,0.3215154743766691,0.1174167684658255
CAT,calibrated_hist_gradient_boosting,3,2023-12-29,0,1,0.44374000656894136,0.44374000656894136,0.3597625266149959,0.08397747995394544
CAT,calibrated_hist_gradient_boosting,3,2024-01-02,0,1,0.4466276255140649,0.4466276255140649,0.35235131449160023,0.09427631102246464
CAT,calibrated_hist_gradient_boosting,3,2024-01-03,1,1,0.445815869631946,0.445815869631946,0.3286822289829077,0.1171336406490383
CAT,calibrated_hist_gradient_boosting,3,2024-01-04,1,1,0.4352847475171639,0.4352847475171639,0.35240889291321964,0.08287585460394425
CAT,calibrated_hist_gradient_boosting,3,2024-01-05,0,1,0.44125104056692205,0.44125104056692205,0.3348841927880131,0.10636684777890892
CAT,calibrated_hist_gradient_boosting,3,2024-01-08,0,1,0.42487466527542,0.42487466527542,0.33967898717576456,0.08519567809965545
CAT,calibrated_hist_gradient_boosting,3,2024-01-09,-1,1,0.4452964874682867,0.4452964874682867,0.3493026351827595,0.0959938522855272
CAT,calibrated_hist_gradient_boosting,3,2024-01-10,-1,1,0.4387302459106737,0.4387302459106737,0.34526245759520796,0.09346778831546576
CAT,calibrated_hist_gradient_boosting,3,2024-01-11,0,1,0.4443337150722107,0.4443337150722107,0.34398805942776933,0.10034565564444137
CAT,calibrated_hist_gradient_boosting,3,2024-01-12,0,1,0.45954062802859785,0.45954062802859785,0.32288270525004414,0.1366579227785537
CAT,calibrated_hist_gradient_boosting,3,2024-01-16,0,1,0.4231539148618875,0.4231539148618875,0.36313596724555036,0.060017947616337164
CAT,calibrated_hist_gradient_boosting,3,2024-01-17,1,1,0.4341481790802533,0.4341481790802533,0.3562667579678019,0.07788142111245144
CAT,calibrated_hist_gradient_boosting,3,2024-01-18,1,1,0.44953015874418106,0.44953015874418106,0.3526592576231096,0.09687090112107144
CAT,calibrated_hist_gradient_boosting,3,2024-01-19,1,1,0.4458481593339298,0.4458481593339298,0.3437796950605338,0.102068464273396
CAT,calibrated_hist_gradient_boosting,3,2024-01-22,1,1,0.4442293935104382,0.4442293935104382,0.34824413131257925,0.09598526219785897
CAT,calibrated_hist_gradient_boosting,3,2024-01-23,1,1,0.4384329785349261,0.4384329785349261,0.33696698677016595,0.10146599176476012
CAT,calibrated_hist_gradient_boosting,3,2024-01-24,1,1,0.4598442706880225,0.4598442706880225,0.3227792904081464,0.13706498027987613
CAT,calibrated_hist_gradient_boosting,3,2024-01-25,1,1,0.4401252334628321,0.4401252334628321,0.34999286713196764,0.09013236633086447
CAT,calibrated_hist_gradient_boosting,3,2024-01-26,1,1,0.4763671651870451,0.4763671651870451,0.32208680827388286,0.15428035691316222
CAT,calibrated_hist_gradient_boosting,3,2024-01-29,1,1,0.449664856044874,0.449664856044874,0.3351404837094707,0.1145243723354033
CAT,calibrated_hist_gradient_boosting,3,2024-01-30,1,1,0.49195432333675715,0.49195432333675715,0.3087240085449774,0.18323031479177976
CAT,calibrated_hist_gradient_boosting,3,2024-01-31,1,1,0.4511606159617438,0.4511606159617438,0.32728462402562625,0.12387599193611754
CAT,calibrated_hist_gradient_boosting,3,2024-02-01,1,1,0.4263570413782028,0.4263570413782028,0.3289851936135582,0.09737184776464458
CAT,calibrated_hist_gradient_boosting,3,2024-02-02,0,1,0.4131741069877332,0.4131741069877332,0.3412382422568285,0.07193586473090474
CAT,calibrated_hist_gradient_boosting,3,2024-02-05,0,1,0.4506584885743769,0.4506584885743769,0.30688872422036306,0.14376976435401384
CAT,calibrated_hist_gradient_boosting,3,2024-02-06,-1,1,0.45359451117694366,0.45359451117694366,0.31045664542832113,0.14313786574862253
CAT,calibrated_hist_gradient_boosting,3,2024-02-07,-1,1,0.4546507484753488,0.4546507484753488,0.30168073896413033,0.15297000951121847
CAT,calibrated_hist_gradient_boosting,3,2024-02-08,0,1,0.48474010238301074,0.48474010238301074,0.3134736749106745,0.17126642747233622
CAT,calibrated_hist_gradient_boosting,3,2024-02-09,0,1,0.4310033913500144,0.4310033913500144,0.3451789838564386,0.08582440749357584
CAT,calibrated_hist_gradient_boosting,3,2024-02-12,-1,1,0.4421012208862279,0.4421012208862279,0.3426624950856831,0.0994387258005448
CAT,calibrated_hist_gradient_boosting,3,2024-02-13,0,1,0.4796186615788516,0.4796186615788516,0.30983981635237057,0.169778845226481
CAT,calibrated_hist_gradient_boosting,3,2024-02-14,0,1,0.4798222315824858,0.4798222315824858,0.33132713079309306,0.14849510078939276
CAT,calibrated_hist_gradient_boosting,3,2024-02-15,0,1,0.4323165776544235,0.4323165776544235,0.3326055480562335,0.09971102959819
CAT,calibrated_hist_gradient_boosting,3,2024-02-16,0,1,0.4205023193271408,0.4205023193271408,0.3595022493145978,0.06100007001254304
CAT,calibrated_hist_gradient_boosting,3,2024-02-20,1,1,0.46376412970656816,0.46376412970656816,0.32808331905941307,0.1356808106471551
CAT,calibrated_hist_gradient_boosting,3,2024-02-21,1,1,0.4604781426208729,0.4604781426208729,0.31542145572160907,0.14505668689926382
CAT,calibrated_hist_gradient_boosting,3,2024-02-22,1,1,0.4688729051056122,0.4688729051056122,0.3276707376915613,0.1412021674140509
CAT,calibrated_hist_gradient_boosting,3,2024-02-23,1,1,0.44942846841502343,0.44942846841502343,0.3347913813737902,0.11463708704123321
CAT,calibrated_hist_gradient_boosting,3,2024-02-26,1,1,0.44144400645101434,0.44144400645101434,0.3457846050749261,0.09565940137608825
CAT,calibrated_hist_gradient_boosting,3,2024-02-27,0,1,0.4909385401690122,0.4909385401690122,0.31074845331120865,0.18019008685780358
CAT,calibrated_hist_gradient_boosting,3,2024-02-28,0,1,0.4822165471117874,0.4822165471117874,0.3180568507431108,0.1641596963686766
CAT,calibrated_hist_gradient_boosting,3,2024-02-29,0,1,0.45523794145008895,0.45523794145008895,0.3355820332198856,0.11965590823020333
CAT,calibrated_hist_gradient_boosting,3,2024-03-01,0,1,0.4669042491870319,0.4669042491870319,0.33349429511395673,0.13340995407307515
CAT,calibrated_hist_gradient_boosting,3,2024-03-04,0,1,0.44470416841774046,0.44470416841774046,0.34049887640439475,0.10420529201334572
CAT,calibrated_hist_gradient_boosting,3,2024-03-05,0,1,0.46357746230691177,0.46357746230691177,0.3189230841008537,0.1446543782060581
CAT,calibrated_hist_gradient_boosting,3,2024-03-06,0,1,0.47527426082093654,0.47527426082093654,0.3217688003352433,0.15350546048569325
CAT,calibrated_hist_gradient_boosting,3,2024-03-07,0,1,0.45904143726065677,0.45904143726065677,0.3353709010971353,0.12367053616352147
CAT,calibrated_hist_gradient_boosting,3,2024-03-08,1,1,0.44908246414338987,0.44908246414338987,0.3329735111350975,0.11610895300829238
CAT,calibrated_hist_gradient_boosting,3,2024-03-11,1,1,0.4676620064297167,0.4676620064297167,0.3251661756073773,0.1424958308223394
CAT,calibrated_hist_gradient_boosting,3,2024-03-12,1,1,0.4651699501552316,0.4651699501552316,0.3229188362143391,0.14225111394089252
CAT,calibrated_hist_gradient_boosting,3,2024-03-13,1,1,0.4383308827230339,0.4383308827230339,0.35495744274158286,0.08337343998145103
CAT,calibrated_hist_gradient_boosting,3,2024-03-14,1,1,0.45948708611030814,0.45948708611030814,0.34445167809376787,0.11503540801654027
CAT,calibrated_hist_gradient_boosting,3,2024-03-15,1,1,0.4582904985860384,0.4582904985860384,0.35139592676797915,0.10689457181805923
CAT,calibrated_hist_gradient_boosting,3,2024-03-18,0,1,0.47045154247019655,0.47045154247019655,0.3387862067229661,0.13166533574723044
CAT,calibrated_hist_gradient_boosting,3,2024-03-19,0,1,0.4723245618861225,0.4723245618861225,0.3212393235126089,0.15108523837351356
CAT,calibrated_hist_gradient_boosting,3,2024-03-20,1,1,0.4738500917588396,0.4738500917588396,0.2986794628290838,0.17517062892975577
CAT,calibrated_hist_gradient_boosting,3,2024-03-21,0,1,0.4559097064077087,0.4559097064077087,0.337520711145523,0.11838899526218571
CAT,calibrated_hist_gradient_boosting,3,2024-03-22,0,1,0.4381335221891533,0.4381335221891533,0.35155692162710533,0.08657660056204797
CAT,calibrated_hist_gradient_boosting,3,2024-03-25,1,1,0.48301240755522384,0.48301240755522384,0.31971373148634413,0.1632986760688797
CAT,calibrated_hist_gradient_boosting,3,2024-03-26,1,1,0.49644082505522374,0.49644082505522374,0.31078231654314636,0.18565850851207738
CAT,calibrated_hist_gradient_boosting,3,2024-03-27,0,1,0.4627589882120769,0.4627589882120769,0.3223277438711692,0.1404312443409077
CAT,calibrated_hist_gradient_boosting,3,2024-03-28,1,1,0.4525330119682424,0.4525330119682424,0.33890085702881256,0.11363215493942985
CAT,calibrated_hist_gradient_boosting,3,2024-04-01,1,1,0.46631748683892077,0.46631748683892077,0.3307587999307835,0.13555868690813727
CAT,calibrated_hist_gradient_boosting,3,2024-04-02,0,1,0.4473563848075317,0.4473563848075317,0.34088797373376384,0.10646841107376787
CAT,calibrated_hist_gradient_boosting,3,2024-04-03,0,1,0.48424610896721837,0.48424610896721837,0.31732154517661276,0.1669245637906056
CAT,calibrated_hist_gradient_boosting,3,2024-04-04,0,1,0.41672030793980447,0.41672030793980447,0.37731519475690795,0.03940511318289652
CAT,calibrated_hist_gradient_boosting,3,2024-04-05,-1,1,0.4661674547626589,0.4661674547626589,0.342417991814787,0.12374946294787192
CAT,calibrated_hist_gradient_boosting,3,2024-04-08,-1,1,0.44080754953439233,0.44080754953439233,0.33769404524002006,0.10311350429437227
CAT,calibrated_hist_gradient_boosting,3,2024-04-09,-1,1,0.47088432486030524,0.47088432486030524,0.32043714123701816,0.15044718362328707
CAT,calibrated_hist_gradient_boosting,3,2024-04-10,-1,1,0.4416416834932744,0.4416416834932744,0.33264971849066755,0.10899196500260683
CAT,calibrated_hist_gradient_boosting,3,2024-04-11,-1,1,0.43797085777261463,0.43797085777261463,0.34183781247047196,0.09613304530214267
CAT,calibrated_hist_gradient_boosting,3,2024-04-12,-1,1,0.4655561176912591,0.4655561176912591,0.3494893140335547,0.11606680365770439
CAT,calibrated_hist_gradient_boosting,3,2024-04-15,0,1,0.4399531792272138,0.4399531792272138,0.3460758075780586,0.09387737164915516
CAT,calibrated_hist_gradient_boosting,3,2024-04-16,0,1,0.4375803293753097,0.4375803293753097,0.3522394615249553,0.08534086785035444
CAT,calibrated_hist_gradient_boosting,3,2024-04-17,0,1,0.46542104631381226,0.46542104631381226,0.3461388439292071,0.11928220238460518
CAT,calibrated_hist_gradient_boosting,3,2024-04-18,-1,1,0.46235739085346966,0.46235739085346966,0.3425955184097216,0.11976187244374809
CAT,calibrated_hist_gradient_boosting,3,2024-04-19,-1,1,0.4461901237330214,0.4461901237330214,0.3471033636119841,0.09908676012103734
CAT,calibrated_hist_gradient_boosting,3,2024-04-22,-1,1,0.4556198745050734,0.4556198745050734,0.3447113347265571,0.11090853977851634
CAT,calibrated_hist_gradient_boosting,3,2024-04-23,-1,1,0.4599176964959189,0.4599176964959189,0.34172429596101567,0.11819340053490324
CAT,calibrated_hist_gradient_boosting,3,2024-04-24,-1,1,0.44502332361392777,0.44502332361392777,0.34535653638910935,0.09966678722481842
CAT,calibrated_hist_gradient_boosting,3,2024-04-25,0,1,0.45215652926026784,0.45215652926026784,0.3680127878679431,0.08414374139232472
CAT,calibrated_hist_gradient_boosting,3,2024-04-26,0,1,0.43981104212850813,0.43981104212850813,0.3617750333905652,0.07803600873794292
CAT,calibrated_hist_gradient_boosting,3,2024-04-29,-1,1,0.4543267425546402,0.4543267425546402,0.3468097095670612,0.10751703298757898
CAT,calibrated_hist_gradient_boosting,3,2024-04-30,1,1,0.48442284472251845,0.48442284472251845,0.3372156695656772,0.14720717515684123
CAT,calibrated_hist_gradient_boosting,3,2024-05-01,1,1,0.4762529984068964,0.4762529984068964,0.3306818755129048,0.1455711228939916
CAT,calibrated_hist_gradient_boosting,3,2024-05-02,1,1,0.4630022577753599,0.4630022577753599,0.3357309022543198,0.12727135552104013
CAT,calibrated_hist_gradient_boosting,3,2024-05-03,1,1,0.47408086151035383,0.47408086151035383,0.310851790844191,0.16322907066616282
CAT,calibrated_hist_gradient_boosting,3,2024-05-06,1,1,0.4688086041134943,0.4688086041134943,0.33313335038268393,0.13567525373081035
CAT,calibrated_hist_gradient_boosting,3,2024-05-07,1,1,0.44368934951790956,0.44368934951790956,0.34459780561305714,0.09909154390485242
CAT,calibrated_hist_gradient_boosting,3,2024-05-08,1,1,0.47367568453627973,0.47367568453627973,0.33271045165781954,0.1409652328784602
CAT,calibrated_hist_gradient_boosting,3,2024-05-09,0,1,0.4706392000498574,0.4706392000498574,0.3272702515294205,0.14336894852043686
CAT,calibrated_hist_gradient_boosting,3,2024-05-10,0,1,0.4941953964271772,0.4941953964271772,0.31183705295571207,0.18235834347146512
CAT,calibrated_hist_gradient_boosting,3,2024-05-13,0,1,0.4934192684921534,0.4934192684921534,0.3067768778329962,0.18664239065915722
CAT,calibrated_hist_gradient_boosting,3,2024-05-14,0,1,0.5245884848379221,0.5245884848379221,0.29160755535439964,0.23298092948352245
CAT,calibrated_hist_gradient_boosting,3,2024-05-15,0,1,0.49763268690465656,0.49763268690465656,0.281213192465111,0.21641949443954556
CAT,calibrated_hist_gradient_boosting,3,2024-05-16,0,1,0.4913173213880187,0.4913173213880187,0.30150331587385043,0.18981400551416827
CAT,calibrated_hist_gradient_boosting,3,2024-05-17,-1,1,0.48419279646904917,0.48419279646904917,0.31232462759624363,0.17186816887280554
CAT,calibrated_hist_gradient_boosting,3,2024-05-20,-1,1,0.47909011278892244,0.47909011278892244,0.3112100943133968,0.16788001847552564
CAT,calibrated_hist_gradient_boosting,3,2024-05-21,-1,1,0.46927469874441496,0.46927469874441496,0.3334566647978989,0.13581803394651604
CAT,calibrated_hist_gradient_boosting,3,2024-05-22,-1,1,0.46915282118970686,0.46915282118970686,0.31944946425476456,0.1497033569349423
