ticker,model,fold,date,y_true,y_pred,confidence,bullish_probability,second_best_probability,probability_margin
CAT,xgboost,1,2019-10-03,1,-1,0.8841257095336914,0.04618878290057182,0.06968550384044647,0.8144402056932449
CAT,xgboost,1,2019-10-04,1,-1,0.5501253008842468,0.41193073987960815,0.41193073987960815,0.13819456100463867
CAT,xgboost,1,2019-10-07,1,-1,0.755949079990387,0.21536803245544434,0.21536803245544434,0.5405810475349426
CAT,xgboost,1,2019-10-08,1,-1,0.8149796724319458,0.14028777182102203,0.14028777182102203,0.6746919006109238
CAT,xgboost,1,2019-10-09,1,-1,0.4132695496082306,0.19199082255363464,0.39473956823349,0.0185299813747406
CAT,xgboost,1,2019-10-10,1,1,0.5524140000343323,0.5524140000343323,0.41602352261543274,0.13639047741889954
CAT,xgboost,1,2019-10-11,1,1,0.4746295213699341,0.4746295213699341,0.40682893991470337,0.06780058145523071
CAT,xgboost,1,2019-10-14,1,0,0.6539672613143921,0.16929680109024048,0.17673596739768982,0.47723129391670227
CAT,xgboost,1,2019-10-15,1,-1,0.4843558371067047,0.1376364678144455,0.378007709980011,0.10634812712669373
CAT,xgboost,1,2019-10-16,1,0,0.37510931491851807,0.28001928329467773,0.3448714017868042,0.030237913131713867
CAT,xgboost,1,2019-10-17,1,-1,0.636601984500885,0.10000868886709213,0.26338931918144226,0.37321266531944275
CAT,xgboost,1,2019-10-18,1,-1,0.43044599890708923,0.42284390330314636,0.42284390330314636,0.007602095603942871
CAT,xgboost,1,2019-10-21,1,-1,0.5459681749343872,0.16711211204528809,0.2869197428226471,0.2590484321117401
CAT,xgboost,1,2019-10-22,1,-1,0.7204052209854126,0.1789986789226532,0.1789986789226532,0.5414065420627594
CAT,xgboost,1,2019-10-23,1,0,0.7238027453422546,0.1571783423423767,0.1571783423423767,0.5666244029998779
CAT,xgboost,1,2019-10-24,1,0,0.7085652947425842,0.05661234259605408,0.2348223775625229,0.47374291718006134
CAT,xgboost,1,2019-10-25,1,0,0.5109830498695374,0.035957615822553635,0.4530593156814575,0.057923734188079834
CAT,xgboost,1,2019-10-28,1,0,0.8211119174957275,0.003208612324669957,0.17567948997020721,0.6454324275255203
CAT,xgboost,1,2019-10-29,1,-1,0.7480957508087158,0.0034863913897424936,0.24841788411140442,0.4996778666973114
CAT,xgboost,1,2019-10-30,1,-1,0.6974735856056213,0.00452775601297617,0.29799872636795044,0.3994748592376709
CAT,xgboost,1,2019-10-31,1,-1,0.7977877855300903,0.021753422915935516,0.18045878410339355,0.6173290014266968
CAT,xgboost,1,2019-11-01,1,-1,0.6836174130439758,0.01965785212814808,0.29672470688819885,0.386892706155777
CAT,xgboost,1,2019-11-04,0,-1,0.847446620464325,0.007629488594830036,0.14492392539978027,0.7025226950645447
CAT,xgboost,1,2019-11-05,0,-1,0.9181876182556152,0.003755709622055292,0.0780566930770874,0.8401309251785278
CAT,xgboost,1,2019-11-06,0,-1,0.7949755191802979,0.007229241542518139,0.19779519736766815,0.5971803218126297
CAT,xgboost,1,2019-11-07,-1,-1,0.5507309436798096,0.0045959679409861565,0.4446731209754944,0.10605782270431519
CAT,xgboost,1,2019-11-08,0,-1,0.8478454351425171,0.0015092791290953755,0.15064533054828644,0.6972001045942307
CAT,xgboost,1,2019-11-11,-1,-1,0.8867352604866028,0.010695619508624077,0.10256914049386978,0.784166119992733
CAT,xgboost,1,2019-11-12,-1,-1,0.9570515751838684,0.0004202866111882031,0.04252813011407852,0.9145234450697899
CAT,xgboost,1,2019-11-13,-1,-1,0.939797043800354,0.0074249678291380405,0.052777938544750214,0.8870191052556038
CAT,xgboost,1,2019-11-14,0,-1,0.863895833492279,0.01088561862707138,0.12521854043006897,0.7386772930622101
CAT,xgboost,1,2019-11-15,0,-1,0.6881295442581177,0.018025238066911697,0.2938452363014221,0.39428430795669556
CAT,xgboost,1,2019-11-18,0,-1,0.7496257424354553,0.013428024016320705,0.23694628477096558,0.5126794576644897
CAT,xgboost,1,2019-11-19,1,-1,0.5750845074653625,0.044295649975538254,0.3806198239326477,0.19446468353271484
CAT,xgboost,1,2019-11-20,1,-1,0.511969268321991,0.12429535388946533,0.3637353479862213,0.14823392033576965
CAT,xgboost,1,2019-11-21,0,-1,0.982089638710022,0.010257512331008911,0.010257512331008911,0.9718321263790131
CAT,xgboost,1,2019-11-22,0,-1,0.5315462350845337,0.08018247038125992,0.3882713317871094,0.14327490329742432
CAT,xgboost,1,2019-11-25,-1,-1,0.6154457330703735,0.03039020672440529,0.3541640639305115,0.26128166913986206
CAT,xgboost,1,2019-11-26,-1,0,0.7469596266746521,0.025203857570886612,0.22783653438091278,0.5191230922937393
CAT,xgboost,1,2019-11-27,-1,0,0.8724707961082458,0.023532606661319733,0.10399661958217621,0.7684741765260696
CAT,xgboost,1,2019-11-29,0,-1,0.6133580803871155,0.08453787118196487,0.30210405588150024,0.31125402450561523
CAT,xgboost,1,2019-12-02,0,-1,0.6929093599319458,0.24564260244369507,0.24564260244369507,0.44726675748825073
CAT,xgboost,1,2019-12-03,1,1,0.553726077079773,0.553726077079773,0.3583080470561981,0.19541803002357483
CAT,xgboost,1,2019-12-04,1,1,0.570088267326355,0.570088267326355,0.31210044026374817,0.2579878270626068
CAT,xgboost,1,2019-12-05,1,1,0.8702595829963684,0.8702595829963684,0.1030220314860344,0.767237551510334
CAT,xgboost,1,2019-12-06,0,1,0.6346623301506042,0.6346623301506042,0.26375824213027954,0.3709040880203247
CAT,xgboost,1,2019-12-09,0,1,0.43827706575393677,0.43827706575393677,0.35618531703948975,0.08209174871444702
CAT,xgboost,1,2019-12-10,1,1,0.7699621915817261,0.7699621915817261,0.18832077085971832,0.5816414207220078
CAT,xgboost,1,2019-12-11,1,1,0.5571280717849731,0.5571280717849731,0.25005003809928894,0.3070780336856842
CAT,xgboost,1,2019-12-12,0,-1,0.7033141255378723,0.06587223708629608,0.2308136373758316,0.4725004881620407
CAT,xgboost,1,2019-12-13,0,-1,0.9500457048416138,0.011366529390215874,0.038587771356105804,0.911457933485508
CAT,xgboost,1,2019-12-16,1,0,0.9535962343215942,0.02612965926527977,0.02612965926527977,0.9274665750563145
CAT,xgboost,1,2019-12-17,0,0,0.6722241640090942,0.21528494358062744,0.21528494358062744,0.4569392204284668
CAT,xgboost,1,2019-12-18,0,1,0.5705963373184204,0.5705963373184204,0.2974174916744232,0.2731788456439972
CAT,xgboost,1,2019-12-19,1,0,0.9344189763069153,0.017324356362223625,0.04825667291879654,0.8861623033881187
CAT,xgboost,1,2019-12-20,0,0,0.8871541023254395,0.05254051089286804,0.06030534952878952,0.8268487527966499
CAT,xgboost,1,2019-12-23,0,0,0.7796956896781921,0.02822418138384819,0.19208015501499176,0.5876155346632004
CAT,xgboost,1,2019-12-24,1,0,0.895823061466217,0.04306842014193535,0.06110852584242821,0.8347145356237888
CAT,xgboost,1,2019-12-26,0,0,0.9105340242385864,0.06730993837118149,0.06730993837118149,0.8432240858674049
CAT,xgboost,1,2019-12-27,0,0,0.799328088760376,0.18832430243492126,0.18832430243492126,0.6110037863254547
CAT,xgboost,1,2019-12-30,0,1,0.9155964851379395,0.9155964851379395,0.060469549149274826,0.8551269359886646
CAT,xgboost,1,2019-12-31,0,1,0.87671959400177,0.87671959400177,0.09487196058034897,0.781847633421421
CAT,xgboost,1,2020-01-02,-1,0,0.9142916798591614,0.04778540879487991,0.04778540879487991,0.8665062710642815
CAT,xgboost,1,2020-01-03,0,1,0.42384007573127747,0.42384007573127747,0.3249090909957886,0.09893098473548889
CAT,xgboost,1,2020-01-06,0,0,0.6313603520393372,0.3336263597011566,0.3336263597011566,0.29773399233818054
CAT,xgboost,1,2020-01-07,0,1,0.8350615501403809,0.8350615501403809,0.13147540390491486,0.703586146235466
CAT,xgboost,1,2020-01-08,0,0,0.8221677541732788,0.12118694186210632,0.12118694186210632,0.7009808123111725
CAT,xgboost,1,2020-01-09,0,0,0.9549123644828796,0.03956727683544159,0.03956727683544159,0.915345087647438
CAT,xgboost,1,2020-01-10,0,0,0.6104809641838074,0.25390517711639404,0.25390517711639404,0.35657578706741333
CAT,xgboost,1,2020-01-13,0,0,0.9045194983482361,0.07241397351026535,0.07241397351026535,0.8321055248379707
CAT,xgboost,1,2020-01-14,-1,0,0.7235417366027832,0.18993395566940308,0.18993395566940308,0.5336077809333801
CAT,xgboost,1,2020-01-15,0,0,0.8943408727645874,0.058733802288770676,0.058733802288770676,0.8356070704758167
CAT,xgboost,1,2020-01-16,-1,0,0.7950137257575989,0.14461590349674225,0.14461590349674225,0.6503978222608566
CAT,xgboost,1,2020-01-17,-1,0,0.6967865824699402,0.2615378499031067,0.2615378499031067,0.4352487325668335
CAT,xgboost,1,2020-01-21,-1,0,0.960453450679779,0.01803632825613022,0.021510222926735878,0.9389432277530432
CAT,xgboost,1,2020-01-22,-1,0,0.5526645183563232,0.29225093126296997,0.29225093126296997,0.26041358709335327
CAT,xgboost,1,2020-01-23,-1,0,0.7510197162628174,0.16648975014686584,0.16648975014686584,0.5845299661159515
CAT,xgboost,1,2020-01-24,-1,-1,0.6933109164237976,0.18910695612430573,0.18910695612430573,0.5042039602994919
CAT,xgboost,1,2020-01-27,-1,-1,0.8498897552490234,0.12786799669265747,0.12786799669265747,0.722021758556366
CAT,xgboost,1,2020-01-28,-1,-1,0.5785819888114929,0.27350276708602905,0.27350276708602905,0.30507922172546387
CAT,xgboost,1,2020-01-29,0,-1,0.5639533400535583,0.3470156788825989,0.3470156788825989,0.21693766117095947
CAT,xgboost,1,2020-01-30,0,-1,0.5503195524215698,0.37678301334381104,0.37678301334381104,0.1735365390777588
CAT,xgboost,1,2020-01-31,0,0,0.7021392583847046,0.11917813867330551,0.1786825805902481,0.5234566777944565
CAT,xgboost,1,2020-02-03,1,0,0.5908916592597961,0.06544122844934464,0.3436671197414398,0.24722453951835632
CAT,xgboost,1,2020-02-04,1,-1,0.8581123948097229,0.021893125027418137,0.11999452859163284,0.7381178662180901
CAT,xgboost,1,2020-02-05,0,-1,0.5939971208572388,0.2555884122848511,0.2555884122848511,0.3384087085723877
CAT,xgboost,1,2020-02-06,0,-1,0.5501490831375122,0.0759534239768982,0.3738974630832672,0.176251620054245
CAT,xgboost,1,2020-02-07,1,-1,0.490195631980896,0.3783375322818756,0.3783375322818756,0.11185809969902039
CAT,xgboost,1,2020-02-10,0,0,0.7517865896224976,0.1294422447681427,0.1294422447681427,0.6223443448543549
CAT,xgboost,1,2020-02-11,0,-1,0.6058083772659302,0.11830876767635345,0.27588286995887756,0.3299255073070526
CAT,xgboost,1,2020-02-12,0,0,0.5875532031059265,0.28498855233192444,0.28498855233192444,0.3025646507740021
CAT,xgboost,1,2020-02-13,0,0,0.7136107087135315,0.11976030468940735,0.16662898659706116,0.5469817221164703
CAT,xgboost,1,2020-02-14,-1,0,0.7870602607727051,0.00466162571683526,0.2082781046628952,0.5787821561098099
CAT,xgboost,1,2020-02-18,-1,0,0.7953711152076721,0.039276037365198135,0.16535289585590363,0.6300182193517685
CAT,xgboost,1,2020-02-19,-1,0,0.9207135438919067,0.03613677993416786,0.04314965009689331,0.8775638937950134
CAT,xgboost,1,2020-02-20,-1,1,0.6466698050498962,0.6466698050498962,0.27767160534858704,0.3689981997013092
CAT,xgboost,1,2020-02-21,-1,1,0.6936085820198059,0.6936085820198059,0.19740094244480133,0.4962076395750046
CAT,xgboost,1,2020-02-24,-1,1,0.8497282266616821,0.8497282266616821,0.10232887417078018,0.747399352490902
CAT,xgboost,1,2020-02-25,-1,0,0.5344789028167725,0.20474131405353546,0.26077979803085327,0.2736991047859192
CAT,xgboost,1,2020-02-26,0,1,0.5406782627105713,0.5406782627105713,0.3082934617996216,0.2323848009109497
CAT,xgboost,1,2020-02-27,0,1,0.8215369582176208,0.8215369582176208,0.15461066365242004,0.6669262945652008
CAT,xgboost,1,2020-02-28,-1,1,0.8246253132820129,0.8246253132820129,0.14669206738471985,0.6779332458972931
CAT,xgboost,1,2020-03-02,-1,1,0.7448861002922058,0.7448861002922058,0.12889954447746277,0.615986555814743
CAT,xgboost,1,2020-03-03,-1,1,0.8703212738037109,0.8703212738037109,0.08575262874364853,0.7845686450600624
CAT,xgboost,1,2020-03-04,-1,1,0.7308423519134521,0.7308423519134521,0.1661202609539032,0.564722090959549
CAT,xgboost,1,2020-03-05,-1,1,0.9573391675949097,0.9573391675949097,0.038339193910360336,0.9189999736845493
CAT,xgboost,1,2020-03-06,-1,1,0.9683395028114319,0.9683395028114319,0.024384981021285057,0.9439545217901468
CAT,xgboost,1,2020-03-09,-1,1,0.914864718914032,0.914864718914032,0.06671290099620819,0.8481518179178238
CAT,xgboost,1,2020-03-10,-1,1,0.9478662610054016,0.9478662610054016,0.03912876546382904,0.9087374955415726
CAT,xgboost,1,2020-03-11,0,1,0.9369029998779297,0.9369029998779297,0.05629158020019531,0.8806114196777344
CAT,xgboost,1,2020-03-12,1,1,0.9355950355529785,0.9355950355529785,0.0470069982111454,0.8885880373418331
CAT,xgboost,1,2020-03-13,-1,1,0.9759237170219421,0.9759237170219421,0.014458720572292805,0.9614649964496493
CAT,xgboost,1,2020-03-16,0,1,0.940297544002533,0.940297544002533,0.037523746490478516,0.9027737975120544
CAT,xgboost,1,2020-03-17,0,1,0.9603680968284607,0.9603680968284607,0.02291679196059704,0.9374513048678637
CAT,xgboost,1,2020-03-18,1,1,0.9245466589927673,0.9245466589927673,0.04102823883295059,0.8835184201598167
CAT,xgboost,1,2020-03-19,1,1,0.9379713535308838,0.9379713535308838,0.04502016678452492,0.8929511867463589
CAT,xgboost,1,2020-03-20,1,1,0.9387683868408203,0.9387683868408203,0.050703391432762146,0.8880649954080582
CAT,xgboost,1,2020-03-23,1,1,0.9769893288612366,0.9769893288612366,0.02051837556064129,0.9564709533005953
CAT,xgboost,1,2020-03-24,1,1,0.9850825071334839,0.9850825071334839,0.00941297598183155,0.9756695311516523
CAT,xgboost,1,2020-03-25,1,1,0.9048930406570435,0.9048930406570435,0.06452415138483047,0.840368889272213
CAT,xgboost,1,2020-03-26,1,1,0.9239313006401062,0.9239313006401062,0.050615742802619934,0.8733155578374863
CAT,xgboost,1,2020-03-27,1,1,0.8604214191436768,0.8604214191436768,0.1207287609577179,0.7396926581859589
CAT,xgboost,1,2020-03-30,1,-1,0.6742622256278992,0.26968511939048767,0.26968511939048767,0.4045771062374115
CAT,xgboost,1,2020-03-31,1,-1,0.7111390829086304,0.21312028169631958,0.21312028169631958,0.4980188012123108
CAT,xgboost,1,2020-04-01,1,0,0.6751034259796143,0.12963004410266876,0.19526652991771698,0.4798368960618973
CAT,xgboost,1,2020-04-02,1,-1,0.7544346451759338,0.15152467787265778,0.15152467787265778,0.6029099673032761
CAT,xgboost,1,2020-04-03,0,1,0.662930428981781,0.662930428981781,0.24118055403232574,0.42174987494945526
CAT,xgboost,1,2020-04-06,-1,-1,0.5708016157150269,0.18814362585544586,0.24105477333068848,0.3297468423843384
CAT,xgboost,1,2020-04-07,-1,-1,0.7242931723594666,0.06669989973306656,0.2090069055557251,0.5152862668037415
CAT,xgboost,1,2020-04-08,-1,0,0.5577501654624939,0.06795993447303772,0.3742899000644684,0.1834602653980255
CAT,xgboost,1,2020-04-09,-1,0,0.6306316256523132,0.03372645378112793,0.3356419503688812,0.294989675283432
CAT,xgboost,1,2020-04-13,0,0,0.7187659740447998,0.08763312548398972,0.1936008334159851,0.5251651406288147
CAT,xgboost,1,2020-04-14,-1,0,0.4839145243167877,0.037175800651311874,0.47890961170196533,0.005004912614822388
CAT,xgboost,1,2020-04-15,0,0,0.8038720488548279,0.08835939317941666,0.10776854306459427,0.6961035057902336
CAT,xgboost,1,2020-04-16,0,0,0.5185376405715942,0.029488710686564445,0.45197364687919617,0.06656399369239807
CAT,xgboost,1,2020-04-17,0,-1,0.46523016691207886,0.1215498074889183,0.41321998834609985,0.052010178565979004
CAT,xgboost,1,2020-04-20,0,-1,0.5440461039543152,0.12103555351495743,0.3349183201789856,0.2091277837753296
CAT,xgboost,1,2020-04-21,1,1,0.4227967858314514,0.4227967858314514,0.40116024017333984,0.021636545658111572
CAT,xgboost,1,2020-04-22,1,0,0.4783431887626648,0.26771286129951477,0.26771286129951477,0.21063032746315002
CAT,xgboost,1,2020-04-23,1,-1,0.6954643726348877,0.14695295691490173,0.15758270025253296,0.5378816723823547
CAT,xgboost,1,2020-04-24,-1,1,0.7179964184761047,0.7179964184761047,0.18879875540733337,0.5291976630687714
CAT,xgboost,1,2020-04-27,-1,0,0.5550099015235901,0.17339608073234558,0.2715940475463867,0.28341585397720337
CAT,xgboost,1,2020-04-28,-1,0,0.7294212579727173,0.13163810968399048,0.13894064724445343,0.5904806107282639
CAT,xgboost,1,2020-04-29,-1,0,0.7602436542510986,0.08541860431432724,0.15433774888515472,0.6059059053659439
CAT,xgboost,1,2020-04-30,-1,0,0.5434333682060242,0.2981216609477997,0.2981216609477997,0.2453117072582245
CAT,xgboost,1,2020-05-01,0,1,0.6837692260742188,0.6837692260742188,0.16751053929328918,0.5162586867809296
CAT,xgboost,1,2020-05-04,0,0,0.4935742914676666,0.11118705570697784,0.3952386975288391,0.09833559393882751
CAT,xgboost,1,2020-05-05,-1,0,0.9675304293632507,0.014689976349473,0.017779584974050522,0.9497508443892002
CAT,xgboost,1,2020-05-06,-1,0,0.735833466053009,0.15280036628246307,0.15280036628246307,0.583033099770546
CAT,xgboost,1,2020-05-07,0,1,0.4337415397167206,0.4337415397167206,0.3386392295360565,0.09510231018066406
CAT,xgboost,1,2020-05-08,-1,1,0.39045587182044983,0.39045587182044983,0.3293887674808502,0.06106710433959961
CAT,xgboost,1,2020-05-11,1,1,0.555498480796814,0.555498480796814,0.33381468057632446,0.2216838002204895
CAT,xgboost,1,2020-05-12,1,-1,0.5574568510055542,0.28270527720451355,0.28270527720451355,0.27475157380104065
CAT,xgboost,1,2020-05-13,1,-1,0.44564586877822876,0.142668679356575,0.41168543696403503,0.033960431814193726
CAT,xgboost,1,2020-05-14,1,1,0.5555318593978882,0.5555318593978882,0.2843685448169708,0.27116331458091736
CAT,xgboost,1,2020-05-15,1,-1,0.39211931824684143,0.36459389328956604,0.36459389328956604,0.02752542495727539
CAT,xgboost,1,2020-05-18,1,0,0.6434031128883362,0.18428854644298553,0.18428854644298553,0.45911456644535065
CAT,xgboost,1,2020-05-19,1,0,0.6850032210350037,0.05918508768081665,0.2558117210865021,0.4291914999485016
CAT,xgboost,1,2020-05-20,1,0,0.5336437225341797,0.18698650598526,0.2793697416782379,0.2542739808559418
CAT,xgboost,1,2020-05-21,1,0,0.8638651967048645,0.07780752331018448,0.07780752331018448,0.78605767339468
CAT,xgboost,1,2020-05-22,1,0,0.6735643148422241,0.1913665533065796,0.1913665533065796,0.48219776153564453
CAT,xgboost,1,2020-05-26,1,-1,0.5216350555419922,0.23166023194789886,0.24670472741127014,0.27493032813072205
CAT,xgboost,1,2020-05-27,1,0,0.556465208530426,0.050160303711891174,0.3933745324611664,0.16309067606925964
CAT,xgboost,1,2020-05-28,1,0,0.7757962942123413,0.06797567754983902,0.15622802078723907,0.6195682734251022
CAT,xgboost,1,2020-05-29,1,0,0.8730915784835815,0.0817624032497406,0.0817624032497406,0.7913291752338409
CAT,xgboost,1,2020-06-01,1,0,0.9371404051780701,0.009426210075616837,0.05343335121870041,0.8837070539593697
CAT,xgboost,1,2020-06-02,1,0,0.6037543416023254,0.02325299009680748,0.3729926645755768,0.23076167702674866
CAT,xgboost,1,2020-06-03,1,-1,0.793827474117279,0.018385114148259163,0.18778744339942932,0.6060400307178497
CAT,xgboost,1,2020-06-04,-1,0,0.557900071144104,0.015633530914783478,0.4264663755893707,0.13143369555473328
CAT,xgboost,1,2020-06-05,-1,0,0.47392022609710693,0.062373124063014984,0.4637066125869751,0.010213613510131836
CAT,xgboost,1,2020-06-08,-1,0,0.7830768823623657,0.006225788500159979,0.21069729328155518,0.5723795890808105
CAT,xgboost,1,2020-06-09,-1,0,0.7009955048561096,0.013340934179723263,0.28566351532936096,0.41533198952674866
CAT,xgboost,1,2020-06-10,-1,0,0.7311375141143799,0.017163872718811035,0.25169864296913147,0.4794388711452484
CAT,xgboost,1,2020-06-11,1,0,0.891013503074646,0.03246678411960602,0.07651972025632858,0.8144937828183174
CAT,xgboost,1,2020-06-12,1,0,0.9348036050796509,0.0036963666789233685,0.06150000914931297,0.8733035959303379
CAT,xgboost,1,2020-06-15,0,0,0.7764489054679871,0.02112608402967453,0.2024250328540802,0.5740238726139069
CAT,xgboost,1,2020-06-16,-1,-1,0.7484316229820251,0.04327189549803734,0.20829647779464722,0.5401351451873779
CAT,xgboost,1,2020-06-17,-1,-1,0.5273450016975403,0.027057955041527748,0.4455970227718353,0.08174797892570496
CAT,xgboost,1,2020-06-18,-1,-1,0.476705402135849,0.1286609023809433,0.3946336507797241,0.08207175135612488
CAT,xgboost,1,2020-06-19,-1,-1,0.5886785984039307,0.1167948767542839,0.29452651739120483,0.29415208101272583
CAT,xgboost,1,2020-06-22,0,-1,0.5240657925605774,0.13521257042884827,0.34072166681289673,0.18334412574768066
CAT,xgboost,1,2020-06-23,0,0,0.5525657534599304,0.12861023843288422,0.31882399320602417,0.23374176025390625
CAT,xgboost,1,2020-06-24,1,1,0.6788889169692993,0.6788889169692993,0.20040199160575867,0.47848692536354065
CAT,xgboost,1,2020-06-25,1,0,0.5973070859909058,0.03629850968718529,0.3663944602012634,0.23091262578964233
CAT,xgboost,1,2020-06-26,1,0,0.6666678190231323,0.19944950938224792,0.19944950938224792,0.4672183096408844
CAT,xgboost,1,2020-06-29,0,-1,0.5394620895385742,0.03643038123846054,0.42410749197006226,0.11535459756851196
CAT,xgboost,1,2020-06-30,0,-1,0.7739776372909546,0.14064569771289825,0.14064569771289825,0.6333319395780563
CAT,xgboost,1,2020-07-01,0,0,0.5816591382026672,0.05697254091501236,0.3613683581352234,0.22029078006744385
CAT,xgboost,1,2020-07-02,0,0,0.5363737344741821,0.0354824922978878,0.42814379930496216,0.10822993516921997
CAT,xgboost,1,2020-07-06,0,-1,0.6309496164321899,0.13182953000068665,0.2372208833694458,0.39372873306274414
CAT,xgboost,1,2020-07-07,1,0,0.6752246022224426,0.05061369389295578,0.2741617262363434,0.40106287598609924
CAT,xgboost,1,2020-07-08,1,0,0.5054852366447449,0.055892329663038254,0.43862247467041016,0.06686276197433472
CAT,xgboost,1,2020-07-09,1,0,0.7464780211448669,0.14482900500297546,0.14482900500297546,0.6016490161418915
CAT,xgboost,1,2020-07-10,1,-1,0.7211523056030273,0.05463891848921776,0.2242087423801422,0.49694356322288513
CAT,xgboost,1,2020-07-13,1,0,0.7377806901931763,0.0733199417591095,0.18889935314655304,0.5488813370466232
CAT,xgboost,1,2020-07-14,0,-1,0.6615366339683533,0.027939721941947937,0.3105235993862152,0.35101303458213806
CAT,xgboost,1,2020-07-15,0,0,0.6182828545570374,0.014573125168681145,0.3671439588069916,0.2511388957500458
CAT,xgboost,1,2020-07-16,0,-1,0.719110906124115,0.013833670876920223,0.2670554518699646,0.4520554542541504
CAT,xgboost,1,2020-07-17,0,0,0.8538005948066711,0.013867290690541267,0.13233211636543274,0.7214684784412384
CAT,xgboost,1,2020-07-20,1,0,0.7018056511878967,0.15299378335475922,0.15299378335475922,0.5488118678331375
CAT,xgboost,1,2020-07-21,0,-1,0.5602415204048157,0.023082824423909187,0.4166756570339203,0.14356586337089539
CAT,xgboost,1,2020-07-22,1,0,0.5742313265800476,0.01784440129995346,0.40792423486709595,0.16630709171295166
CAT,xgboost,1,2020-07-23,0,-1,0.9143827557563782,0.005562172271311283,0.08005507290363312,0.8343276828527451
CAT,xgboost,1,2020-07-24,-1,-1,0.908226490020752,0.01297729555517435,0.07879618555307388,0.8294303044676781
CAT,xgboost,1,2020-07-27,-1,0,0.721893846988678,0.004257626365870237,0.2738485336303711,0.4480453133583069
CAT,xgboost,1,2020-07-28,-1,-1,0.9607889652252197,0.007832006551325321,0.03137907758355141,0.9294098876416683
CAT,xgboost,1,2020-07-29,-1,-1,0.6453649401664734,0.003930866718292236,0.3507041931152344,0.294660747051239
CAT,xgboost,1,2020-07-30,0,-1,0.6510376334190369,0.15531015396118164,0.1936521977186203,0.45738543570041656
CAT,xgboost,1,2020-07-31,0,0,0.950671911239624,0.027529433369636536,0.027529433369636536,0.9231424778699875
CAT,xgboost,1,2020-08-03,1,0,0.8625457286834717,0.055463917553424835,0.0819903314113617,0.78055539727211
CAT,xgboost,1,2020-08-04,1,0,0.9204463958740234,0.06839711964130402,0.06839711964130402,0.8520492762327194
CAT,xgboost,1,2020-08-05,1,0,0.5687386393547058,0.12513048946857452,0.30613085627555847,0.26260778307914734
CAT,xgboost,1,2020-08-06,1,0,0.627647340297699,0.07235073298215866,0.30000194907188416,0.3276453912258148
CAT,xgboost,1,2020-08-07,1,-1,0.4813448190689087,0.04475380480289459,0.4739014208316803,0.0074433982372283936
CAT,xgboost,1,2020-08-10,-1,-1,0.6405256986618042,0.06649912893772125,0.29297518730163574,0.34755051136016846
CAT,xgboost,1,2020-08-11,-1,-1,0.7206552624702454,0.008547437377274036,0.27079734206199646,0.4498579204082489
CAT,xgboost,1,2020-08-12,-1,0,0.5303852558135986,0.06626898795366287,0.4033457040786743,0.12703955173492432
CAT,xgboost,1,2020-08-13,-1,0,0.5320562124252319,0.1452447772026062,0.3226989805698395,0.20935723185539246
CAT,xgboost,1,2020-08-14,0,1,0.4548857808113098,0.4548857808113098,0.4095308184623718,0.04535496234893799
CAT,xgboost,1,2020-08-17,1,0,0.5402917265892029,0.03778903931379318,0.42191922664642334,0.11837249994277954
CAT,xgboost,1,2020-08-18,1,0,0.7084720134735107,0.11048148572444916,0.1810465157032013,0.5274254977703094
CAT,xgboost,1,2020-08-19,1,-1,0.7680914402008057,0.042265210300683975,0.18964329361915588,0.5784481465816498
CAT,xgboost,1,2020-08-20,1,-1,0.4555954337120056,0.19788895547389984,0.34651562571525574,0.10907980799674988
CAT,xgboost,1,2020-08-21,1,-1,0.6966307163238525,0.02018318697810173,0.2831861674785614,0.41344454884529114
CAT,xgboost,1,2020-08-24,0,-1,0.6452168822288513,0.12374318391084671,0.231039896607399,0.41417698562145233
CAT,xgboost,1,2020-08-25,1,-1,0.6769381165504456,0.06538740545511246,0.2576744854450226,0.419263631105423
CAT,xgboost,1,2020-08-26,1,-1,0.5010544657707214,0.06889913976192474,0.4300463795661926,0.07100808620452881
CAT,xgboost,1,2020-08-27,1,-1,0.5038255453109741,0.010130202397704124,0.4860442280769348,0.017781317234039307
CAT,xgboost,1,2020-08-28,1,0,0.6317723989486694,0.027805641293525696,0.34042200446128845,0.291350394487381
CAT,xgboost,1,2020-08-31,1,-1,0.9070037007331848,0.006238115951418877,0.08675815910100937,0.8202455416321754
CAT,xgboost,1,2020-09-01,1,0,0.680704653263092,0.01056664902716875,0.3087286949157715,0.37197595834732056
CAT,xgboost,1,2020-09-02,0,0,0.7938699722290039,0.01411505974829197,0.19201502203941345,0.6018549501895905
CAT,xgboost,1,2020-09-03,1,0,0.5039644837379456,0.024017762392759323,0.4720177948474884,0.03194668889045715
CAT,xgboost,1,2020-09-04,1,-1,0.6055778861045837,0.019017083570361137,0.3754049837589264,0.23017290234565735
CAT,xgboost,1,2020-09-08,0,-1,0.6221969723701477,0.1097785085439682,0.2680245339870453,0.3541724383831024
CAT,xgboost,1,2020-09-09,0,-1,0.40982428193092346,0.18142108619213104,0.4087546467781067,0.0010696351528167725
CAT,xgboost,1,2020-09-10,1,-1,0.7729186415672302,0.029638109728693962,0.19744321703910828,0.575475424528122
CAT,xgboost,1,2020-09-11,0,-1,0.6002813577651978,0.028154274448752403,0.3715643882751465,0.22871696949005127
CAT,xgboost,1,2020-09-14,-1,0,0.6066005229949951,0.027591582387685776,0.3658079206943512,0.24079260230064392
CAT,xgboost,1,2020-09-15,0,0,0.5996184945106506,0.12897062301635742,0.27141091227531433,0.3282075822353363
CAT,xgboost,1,2020-09-16,-1,-1,0.88632732629776,0.039712511003017426,0.07396017014980316,0.8123671561479568
CAT,xgboost,1,2020-09-17,-1,-1,0.898210883140564,0.02620174176990986,0.07558732479810715,0.8226235583424568
CAT,xgboost,1,2020-09-18,-1,-1,0.9521132707595825,0.0025411448441445827,0.04534563794732094,0.9067676328122616
CAT,xgboost,1,2020-09-21,0,0,0.7667682766914368,0.12433118373155594,0.12433118373155594,0.6424370929598808
CAT,xgboost,1,2020-09-22,0,0,0.9567809700965881,0.02354460582137108,0.02354460582137108,0.9332363642752171
CAT,xgboost,1,2020-09-23,1,0,0.6110215783119202,0.14338041841983795,0.2455979436635971,0.36542363464832306
CAT,xgboost,1,2020-09-24,0,-1,0.5450806617736816,0.20426827669143677,0.2506510317325592,0.29442963004112244
CAT,xgboost,1,2020-09-25,1,1,0.5265697836875916,0.5265697836875916,0.2823522090911865,0.24421757459640503
CAT,xgboost,1,2020-09-28,1,1,0.5575251579284668,0.5575251579284668,0.22886793315410614,0.32865722477436066
CAT,xgboost,1,2020-09-29,1,-1,0.6132956147193909,0.1766069531440735,0.21009743213653564,0.4031981825828552
CAT,xgboost,1,2020-09-30,1,-1,0.4460394084453583,0.26245391368865967,0.29150664806365967,0.1545327603816986
CAT,xgboost,1,2020-10-01,1,0,0.41736310720443726,0.17528127133846283,0.40735557675361633,0.010007530450820923
CAT,xgboost,1,2020-10-02,1,1,0.4870719909667969,0.4870719909667969,0.36072292923927307,0.1263490617275238
CAT,xgboost,1,2020-10-05,1,0,0.5137750506401062,0.3999784290790558,0.3999784290790558,0.11379662156105042
CAT,xgboost,1,2020-10-06,1,-1,0.8186468482017517,0.0641368180513382,0.11721629649400711,0.7014305517077446
CAT,xgboost,1,2020-10-07,1,1,0.5897804498672485,0.5897804498672485,0.2723793685436249,0.31740108132362366
CAT,xgboost,1,2020-10-08,1,0,0.8485540151596069,0.038027599453926086,0.11341838538646698,0.73513562977314
CAT,xgboost,1,2020-10-09,1,-1,0.5377134084701538,0.2459445297718048,0.2459445297718048,0.291768878698349
CAT,xgboost,1,2020-10-12,1,0,0.6565330028533936,0.062477752566337585,0.28098925948143005,0.3755437433719635
CAT,xgboost,1,2020-10-13,1,-1,0.4950847923755646,0.03665154054760933,0.4682636857032776,0.026821106672286987
CAT,xgboost,1,2020-10-14,1,-1,0.6635593175888062,0.07666042447090149,0.25978025794029236,0.4037790596485138
CAT,xgboost,1,2020-10-15,1,-1,0.4987108111381531,0.10427126288414001,0.3970179557800293,0.10169285535812378
CAT,xgboost,1,2020-10-16,0,-1,0.8230496048927307,0.024594180285930634,0.15235625207424164,0.6706933528184891
CAT,xgboost,1,2020-10-19,0,-1,0.797993004322052,0.0063137635588645935,0.1956932097673416,0.6022997945547104
CAT,xgboost,1,2020-10-20,-1,0,0.5304370522499084,0.008692585863173008,0.46087032556533813,0.06956672668457031
CAT,xgboost,1,2020-10-21,-1,-1,0.8527814149856567,0.01054973341524601,0.13666878640651703,0.7161126285791397
CAT,xgboost,1,2020-10-22,-1,-1,0.6527407169342041,0.009361231699585915,0.33789804577827454,0.31484267115592957
CAT,xgboost,1,2020-10-23,-1,-1,0.6575672030448914,0.02379944734275341,0.3186333477497101,0.3389338552951813
CAT,xgboost,1,2020-10-26,0,-1,0.5451187491416931,0.06447620689868927,0.3904050588607788,0.1547136902809143
CAT,xgboost,1,2020-10-27,1,-1,0.7501706480979919,0.06175527721643448,0.1880740225315094,0.5620966255664825
CAT,xgboost,1,2020-10-28,1,1,0.45675382018089294,0.45675382018089294,0.32663124799728394,0.130122572183609
CAT,xgboost,1,2020-10-29,1,0,0.7219293713569641,0.12372323870658875,0.15434738993644714,0.567581981420517
CAT,xgboost,1,2020-10-30,1,-1,0.7966666221618652,0.1075541153550148,0.1075541153550148,0.6891125068068504
CAT,xgboost,1,2020-11-02,1,-1,0.726094663143158,0.07624537497758865,0.1976599246263504,0.5284347385168076
CAT,xgboost,1,2020-11-03,1,-1,0.7261314988136292,0.08576569706201553,0.1881028413772583,0.5380286574363708
CAT,xgboost,1,2020-11-04,1,1,0.7531924247741699,0.7531924247741699,0.1932365894317627,0.5599558353424072
CAT,xgboost,1,2020-11-05,1,0,0.6769156455993652,0.041548799723386765,0.2815355956554413,0.39538004994392395
CAT,xgboost,1,2020-11-06,1,0,0.7869847416877747,0.08825495839118958,0.12476033717393875,0.6622244045138359
CAT,xgboost,1,2020-11-09,0,0,0.582671046257019,0.19335207343101501,0.22397683560848236,0.3586942106485367
CAT,xgboost,1,2020-11-10,0,-1,0.6662339568138123,0.04012332484126091,0.29364266991615295,0.3725912868976593
CAT,xgboost,1,2020-11-11,0,0,0.9654012322425842,0.0076771145686507225,0.026921657845377922,0.9384795743972063
CAT,xgboost,1,2020-11-12,1,0,0.7126331925392151,0.03971566632390022,0.2476511001586914,0.4649820923805237
CAT,xgboost,1,2020-11-13,0,0,0.5212264060974121,0.08082174509763718,0.3979518413543701,0.12327456474304199
CAT,xgboost,1,2020-11-16,0,0,0.4409260153770447,0.24457316100597382,0.3145008385181427,0.12642517685890198
CAT,xgboost,1,2020-11-17,1,-1,0.7605616450309753,0.0571264810860157,0.18231189250946045,0.5782497525215149
CAT,xgboost,1,2020-11-18,0,0,0.7080615162849426,0.0246498491615057,0.2672886252403259,0.4407728910446167
CAT,xgboost,1,2020-11-19,0,0,0.8475027680397034,0.05687204748392105,0.0956251248717308,0.7518776431679726
CAT,xgboost,1,2020-11-20,0,0,0.6255090832710266,0.14926984906196594,0.22522105276584625,0.40028803050518036
CAT,xgboost,1,2020-11-23,0,-1,0.6678012609481812,0.034863896667957306,0.29733482003211975,0.3704664409160614
CAT,xgboost,1,2020-11-24,0,-1,0.8860344886779785,0.016991382464766502,0.09697412699460983,0.7890603616833687
CAT,xgboost,1,2020-11-25,0,-1,0.7025637030601501,0.008819201961159706,0.2886171340942383,0.41394656896591187
CAT,xgboost,1,2020-11-27,1,-1,0.7031941413879395,0.06122003123164177,0.23558582365512848,0.467608317732811
CAT,xgboost,1,2020-11-30,1,1,0.544862687587738,0.544862687587738,0.2579931318759918,0.2868695557117462
CAT,xgboost,1,2020-12-01,1,1,0.7098284959793091,0.7098284959793091,0.20246002078056335,0.5073684751987457
CAT,xgboost,1,2020-12-02,1,-1,0.4275096356868744,0.42516201734542847,0.42516201734542847,0.002347618341445923
CAT,xgboost,1,2020-12-03,1,-1,0.7395027875900269,0.17460769414901733,0.17460769414901733,0.5648950934410095
CAT,xgboost,1,2020-12-04,0,-1,0.6142294406890869,0.05184154212474823,0.33392903208732605,0.28030040860176086
CAT,xgboost,1,2020-12-07,0,-1,0.5236100554466248,0.035166434943675995,0.44122350215911865,0.0823865532875061
CAT,xgboost,1,2020-12-08,0,0,0.6019096970558167,0.045116670429706573,0.35297366976737976,0.2489360272884369
CAT,xgboost,1,2020-12-09,0,0,0.5667914152145386,0.04526009038090706,0.38794854283332825,0.17884287238121033
CAT,xgboost,1,2020-12-10,0,0,0.5573185086250305,0.026072293519973755,0.41660916805267334,0.14070934057235718
CAT,xgboost,1,2020-12-11,0,-1,0.519412100315094,0.06450007110834122,0.4160878360271454,0.10332426428794861
CAT,xgboost,1,2020-12-14,0,-1,0.820492684841156,0.09067646414041519,0.09067646414041519,0.7298162207007408
CAT,xgboost,1,2020-12-15,-1,0,0.8485411405563354,0.056609101593494415,0.09484978765249252,0.7536913529038429
CAT,xgboost,1,2020-12-16,0,-1,0.7138158082962036,0.005074810702353716,0.2811093330383301,0.43270647525787354
CAT,xgboost,1,2020-12-17,0,-1,0.8005898594856262,0.0608813650906086,0.1385287642478943,0.6620610952377319
CAT,xgboost,1,2020-12-18,0,0,0.4773730933666229,0.10746867954730988,0.415158212184906,0.06221488118171692
CAT,xgboost,1,2020-12-21,0,0,0.7870978116989136,0.05809233710169792,0.1548098772764206,0.632287934422493
CAT,xgboost,1,2020-12-22,0,0,0.547925591468811,0.316510409116745,0.316510409116745,0.23141518235206604
CAT,xgboost,1,2020-12-23,1,1,0.4510191082954407,0.4510191082954407,0.27570024132728577,0.1753188669681549
CAT,xgboost,1,2020-12-24,0,0,0.8836237788200378,0.04540623724460602,0.07096999138593674,0.8126537874341011
CAT,xgboost,1,2020-12-28,1,1,0.46134868264198303,0.46134868264198303,0.43533429503440857,0.026014387607574463
CAT,xgboost,1,2020-12-29,1,0,0.7163064479827881,0.2098788022994995,0.2098788022994995,0.5064276456832886
CAT,xgboost,1,2020-12-30,1,0,0.4573526084423065,0.2337380349636078,0.3089093267917633,0.1484432816505432
CAT,xgboost,1,2020-12-31,1,0,0.7043838500976562,0.019752953201532364,0.2758631706237793,0.42852067947387695
CAT,xgboost,1,2021-01-04,1,-1,0.8260940909385681,0.07810892164707184,0.09579701721668243,0.7302970737218857
CAT,xgboost,1,2021-01-05,1,0,0.4419766962528229,0.13715574145317078,0.42086753249168396,0.021109163761138916
CAT,xgboost,1,2021-01-06,0,0,0.7453086972236633,0.07963718473911285,0.1750541627407074,0.5702545344829559
CAT,xgboost,1,2021-01-07,0,0,0.6508955955505371,0.023161204531788826,0.3259432017803192,0.3249523937702179
CAT,xgboost,1,2021-01-08,0,0,0.7890888452529907,0.023143913596868515,0.1877671778202057,0.601321667432785
CAT,xgboost,1,2021-01-11,0,0,0.8247167468070984,0.04654616490006447,0.12873707711696625,0.6959796696901321
CAT,xgboost,1,2021-01-12,-1,-1,0.6822873950004578,0.01639869622886181,0.30131393671035767,0.3809734582901001
CAT,xgboost,1,2021-01-13,0,0,0.7310419678688049,0.01504478044807911,0.2539132535457611,0.4771287143230438
CAT,xgboost,1,2021-01-14,-1,-1,0.8349853157997131,0.015015657991170883,0.14999905228614807,0.6849862635135651
CAT,xgboost,1,2021-01-15,-1,1,0.41319015622138977,0.41319015622138977,0.3310708701610565,0.08211928606033325
CAT,xgboost,1,2021-01-19,-1,0,0.7462731003761292,0.03799179941415787,0.21573513746261597,0.5305379629135132
CAT,xgboost,1,2021-01-20,-1,0,0.816273033618927,0.12563419342041016,0.12563419342041016,0.6906388401985168
CAT,xgboost,1,2021-01-21,-1,0,0.4459822177886963,0.3204333484172821,0.3204333484172821,0.12554886937141418
CAT,xgboost,1,2021-01-22,-1,1,0.46210774779319763,0.46210774779319763,0.3133792579174042,0.14872848987579346
CAT,xgboost,1,2021-01-25,0,0,0.7361078262329102,0.2334776669740677,0.2334776669740677,0.5026301592588425
CAT,xgboost,1,2021-01-26,1,0,0.9575434327125549,0.03532380610704422,0.03532380610704422,0.9222196266055107
CAT,xgboost,1,2021-01-27,1,1,0.7693660259246826,0.7693660259246826,0.2067062109708786,0.562659814953804
CAT,xgboost,1,2021-01-28,1,1,0.5477542281150818,0.5477542281150818,0.36253562569618225,0.18521860241889954
CAT,xgboost,1,2021-01-29,1,1,0.5127919912338257,0.5127919912338257,0.35827767848968506,0.15451431274414062
CAT,xgboost,1,2021-02-01,1,1,0.8132269382476807,0.8132269382476807,0.1340925395488739,0.6791343986988068
CAT,xgboost,1,2021-02-02,1,-1,0.5252202749252319,0.3009489178657532,0.3009489178657532,0.22427135705947876
CAT,xgboost,1,2021-02-03,1,0,0.5330813527107239,0.13962270319461823,0.3272959887981415,0.2057853639125824
CAT,xgboost,1,2021-02-04,1,0,0.7595335841178894,0.09676100313663483,0.14370541274547577,0.6158281713724136
CAT,xgboost,1,2021-02-05,1,0,0.8574102520942688,0.054749369621276855,0.08784031867980957,0.7695699334144592
CAT,xgboost,1,2021-02-08,1,0,0.734909176826477,0.20147517323493958,0.20147517323493958,0.5334340035915375
CAT,xgboost,1,2021-02-09,1,0,0.9266844391822815,0.029187649488449097,0.044127900153398514,0.882556539028883
CAT,xgboost,1,2021-02-10,0,0,0.6786491274833679,0.18314728140830994,0.18314728140830994,0.495501846075058
CAT,xgboost,1,2021-02-11,1,0,0.7785865068435669,0.07782197743654251,0.14359146356582642,0.6349950432777405
CAT,xgboost,1,2021-02-12,1,0,0.7682540416717529,0.1877967268228531,0.1877967268228531,0.5804573148488998
CAT,xgboost,1,2021-02-16,1,0,0.5241355299949646,0.13038010895252228,0.34548431634902954,0.17865121364593506
CAT,xgboost,1,2021-02-17,1,0,0.8679300546646118,0.03022734262049198,0.10184260457754135,0.7660874500870705
CAT,xgboost,1,2021-02-18,1,-1,0.5826385021209717,0.09278560429811478,0.32457590103149414,0.25806260108947754
CAT,xgboost,1,2021-02-19,1,-1,0.5207082033157349,0.048703595995903015,0.4305881857872009,0.09012001752853394
CAT,xgboost,1,2021-02-22,0,-1,0.8607348203659058,0.005723382346332073,0.1335417479276657,0.72719307243824
CAT,xgboost,1,2021-02-23,0,-1,0.9104320406913757,0.007800091523677111,0.08176787197589874,0.828664168715477
CAT,xgboost,1,2021-02-24,-1,-1,0.5659122467041016,0.006542727816849947,0.4275450110435486,0.13836723566055298
CAT,xgboost,1,2021-02-25,-1,-1,0.9121501445770264,0.012854904867708683,0.07499498873949051,0.8371551558375359
CAT,xgboost,1,2021-02-26,0,-1,0.6231877207756042,0.02903149463236332,0.3477807939052582,0.27540692687034607
CAT,xgboost,1,2021-03-01,0,0,0.6425305008888245,0.02891485206782818,0.328554630279541,0.31397587060928345
CAT,xgboost,1,2021-03-02,0,-1,0.5443323850631714,0.03314565122127533,0.4225219190120697,0.12181046605110168
CAT,xgboost,1,2021-03-03,1,-1,0.7306320071220398,0.03589124232530594,0.23347674310207367,0.4971552640199661
CAT,xgboost,1,2021-03-04,1,0,0.845896303653717,0.017929237335920334,0.13617445528507233,0.7097218483686447
CAT,xgboost,1,2021-03-05,1,-1,0.6383301019668579,0.08747854828834534,0.27419131994247437,0.36413878202438354
CAT,xgboost,1,2021-03-08,1,-1,0.9833754897117615,0.006157311145216227,0.010467153042554855,0.9729083366692066
CAT,xgboost,1,2021-03-09,1,-1,0.7611674666404724,0.04184415191411972,0.19698841869831085,0.5641790479421616
CAT,xgboost,1,2021-03-10,1,-1,0.7680866718292236,0.045608535408973694,0.18630479276180267,0.581781879067421
CAT,xgboost,1,2021-03-11,1,-1,0.541122555732727,0.09358014166355133,0.3652972877025604,0.17582526803016663
CAT,xgboost,1,2021-03-12,0,-1,0.620750904083252,0.013773956336081028,0.3654751181602478,0.25527578592300415
CAT,xgboost,1,2021-03-15,-1,-1,0.7783501744270325,0.007743106689304113,0.21390679478645325,0.5644433796405792
CAT,xgboost,1,2021-03-16,-1,0,0.6049665212631226,0.0328923761844635,0.36214110255241394,0.24282541871070862
CAT,xgboost,1,2021-03-17,-1,-1,0.6126746535301208,0.02083197608590126,0.36649343371391296,0.24618121981620789
CAT,xgboost,1,2021-03-18,-1,0,0.5129218101501465,0.01521022617816925,0.47186797857284546,0.041053831577301025
CAT,xgboost,1,2021-03-19,0,1,0.5591776371002197,0.5591776371002197,0.2261144071817398,0.3330632299184799
CAT,xgboost,1,2021-03-22,0,0,0.7733579874038696,0.15647639334201813,0.15647639334201813,0.6168815940618515
CAT,xgboost,1,2021-03-23,1,0,0.4860226511955261,0.42406564950942993,0.42406564950942993,0.06195700168609619
CAT,xgboost,1,2021-03-24,1,-1,0.5587089657783508,0.31550732254981995,0.31550732254981995,0.24320164322853088
CAT,xgboost,1,2021-03-25,1,0,0.5183947682380676,0.2303617000579834,0.251243531703949,0.26715123653411865
CAT,xgboost,1,2021-03-26,0,-1,0.4239954650402069,0.22667886316776276,0.34932568669319153,0.07466977834701538
CAT,xgboost,1,2021-03-29,0,-1,0.7134658098220825,0.10644372552633286,0.18009047210216522,0.5333753377199173
CAT,xgboost,1,2021-03-30,0,-1,0.8825891017913818,0.03729526698589325,0.08011559396982193,0.8024735078215599
CAT,xgboost,1,2021-03-31,0,0,0.48421692848205566,0.279134064912796,0.279134064912796,0.20508286356925964
CAT,xgboost,1,2021-04-01,0,-1,0.545311450958252,0.028512017801404,0.4261764883995056,0.11913496255874634
CAT,xgboost,1,2021-04-05,0,0,0.9055076837539673,0.053624771535396576,0.053624771535396576,0.8518829122185707
CAT,xgboost,1,2021-04-06,0,0,0.6077916622161865,0.042250342667102814,0.34995800256729126,0.25783365964889526
CAT,xgboost,1,2021-04-07,0,0,0.8138237595558167,0.13642843067646027,0.13642843067646027,0.6773953288793564
CAT,xgboost,1,2021-04-08,0,0,0.7872346043586731,0.14675720036029816,0.14675720036029816,0.6404774039983749
CAT,xgboost,1,2021-04-09,0,0,0.5500953793525696,0.1657721996307373,0.2841323912143707,0.26596298813819885
CAT,xgboost,1,2021-04-12,0,1,0.572589099407196,0.572589099407196,0.3510875105857849,0.22150158882141113
CAT,xgboost,1,2021-04-13,0,1,0.7908511757850647,0.7908511757850647,0.12759307026863098,0.6632581055164337
CAT,xgboost,1,2021-04-14,0,-1,0.5920271277427673,0.28104931116104126,0.28104931116104126,0.3109778165817261
CAT,xgboost,1,2021-04-15,0,1,0.45205727219581604,0.45205727219581604,0.28056207299232483,0.1714951992034912
CAT,xgboost,1,2021-04-16,0,1,0.6469393372535706,0.6469393372535706,0.26825717091560364,0.3786821663379669
CAT,xgboost,1,2021-04-19,0,-1,0.47350558638572693,0.4458029568195343,0.4458029568195343,0.027702629566192627
CAT,xgboost,1,2021-04-20,0,1,0.8562407493591309,0.8562407493591309,0.13240350782871246,0.7238372415304184
CAT,xgboost,2,2021-04-21,0,0,0.7073943614959717,0.24356265366077423,0.24356265366077423,0.46383170783519745
CAT,xgboost,2,2021-04-22,0,1,0.6303136348724365,0.6303136348724365,0.30536067485809326,0.32495296001434326
CAT,xgboost,2,2021-04-23,0,1,0.46366259455680847,0.46366259455680847,0.43912121653556824,0.024541378021240234
CAT,xgboost,2,2021-04-26,0,1,0.5170081257820129,0.5170081257820129,0.4448872208595276,0.07212090492248535
CAT,xgboost,2,2021-04-27,0,1,0.8513749837875366,0.8513749837875366,0.11464016139507294,0.7367348223924637
CAT,xgboost,2,2021-04-28,1,1,0.8183695673942566,0.8183695673942566,0.11201612651348114,0.7063534408807755
CAT,xgboost,2,2021-04-29,1,0,0.49174967408180237,0.42170318961143494,0.42170318961143494,0.07004648447036743
CAT,xgboost,2,2021-04-30,1,1,0.679450511932373,0.679450511932373,0.18035347759723663,0.4990970343351364
CAT,xgboost,2,2021-05-03,1,0,0.4798884093761444,0.43814143538475037,0.43814143538475037,0.04174697399139404
CAT,xgboost,2,2021-05-04,1,1,0.8160951733589172,0.8160951733589172,0.15607652068138123,0.660018652677536
CAT,xgboost,2,2021-05-05,0,1,0.5506466031074524,0.5506466031074524,0.3157072365283966,0.2349393665790558
CAT,xgboost,2,2021-05-06,0,0,0.7195402979850769,0.24425284564495087,0.24425284564495087,0.47528745234012604
CAT,xgboost,2,2021-05-07,0,1,0.6276254057884216,0.6276254057884216,0.3342203199863434,0.29340508580207825
CAT,xgboost,2,2021-05-10,0,1,0.7469542026519775,0.7469542026519775,0.1745890974998474,0.5723651051521301
CAT,xgboost,2,2021-05-11,0,1,0.5665941834449768,0.5665941834449768,0.38467708230018616,0.18191710114479065
CAT,xgboost,2,2021-05-12,0,1,0.7869302034378052,0.7869302034378052,0.1474614441394806,0.6394687592983246
CAT,xgboost,2,2021-05-13,-1,1,0.6463708281517029,0.6463708281517029,0.3396134376525879,0.306757390499115
CAT,xgboost,2,2021-05-14,-1,1,0.7335242033004761,0.7335242033004761,0.21293260157108307,0.520591601729393
CAT,xgboost,2,2021-05-17,-1,1,0.6348736882209778,0.6348736882209778,0.23851419985294342,0.39635948836803436
CAT,xgboost,2,2021-05-18,0,0,0.48109737038612366,0.3773524761199951,0.3773524761199951,0.10374489426612854
CAT,xgboost,2,2021-05-19,0,1,0.4819527268409729,0.4819527268409729,0.4735306203365326,0.008422106504440308
CAT,xgboost,2,2021-05-20,1,1,0.5162800550460815,0.5162800550460815,0.4206191599369049,0.09566089510917664
CAT,xgboost,2,2021-05-21,0,1,0.7324284911155701,0.7324284911155701,0.16394919157028198,0.5684792995452881
CAT,xgboost,2,2021-05-24,0,1,0.5807300806045532,0.5807300806045532,0.36275577545166016,0.21797430515289307
CAT,xgboost,2,2021-05-25,1,1,0.5519292950630188,0.5519292950630188,0.3638135492801666,0.18811574578285217
CAT,xgboost,2,2021-05-26,1,0,0.6008379459381104,0.34583041071891785,0.34583041071891785,0.2550075352191925
CAT,xgboost,2,2021-05-27,0,1,0.6388850212097168,0.6388850212097168,0.18923012912273407,0.4496548920869827
CAT,xgboost,2,2021-05-28,0,1,0.6660691499710083,0.6660691499710083,0.28336960077285767,0.38269954919815063
CAT,xgboost,2,2021-06-01,0,1,0.7434649467468262,0.7434649467468262,0.13119632005691528,0.6122686266899109
CAT,xgboost,2,2021-06-02,-1,1,0.7932998538017273,0.7932998538017273,0.15945102274417877,0.6338488310575485
CAT,xgboost,2,2021-06-03,-1,1,0.8838623762130737,0.8838623762130737,0.07022889703512192,0.8136334791779518
CAT,xgboost,2,2021-06-04,-1,1,0.7028945088386536,0.7028945088386536,0.2715410888195038,0.4313534200191498
CAT,xgboost,2,2021-06-07,-1,1,0.7786781191825867,0.7786781191825867,0.1658700555562973,0.6128080636262894
CAT,xgboost,2,2021-06-08,-1,1,0.6764732599258423,0.6764732599258423,0.2584973871707916,0.41797587275505066
CAT,xgboost,2,2021-06-09,-1,1,0.6386304497718811,0.6386304497718811,0.24847029149532318,0.3901601582765579
CAT,xgboost,2,2021-06-10,-1,-1,0.42303627729415894,0.24730217456817627,0.3296615481376648,0.09337472915649414
CAT,xgboost,2,2021-06-11,-1,-1,0.5424957275390625,0.18231046199798584,0.27519387006759644,0.26730185747146606
CAT,xgboost,2,2021-06-14,-1,0,0.5516211986541748,0.22935788333415985,0.22935788333415985,0.32226331532001495
CAT,xgboost,2,2021-06-15,-1,0,0.5807855725288391,0.1742429882287979,0.2449713945388794,0.3358141779899597
CAT,xgboost,2,2021-06-16,0,1,0.5736458897590637,0.5736458897590637,0.3306233882904053,0.24302250146865845
CAT,xgboost,2,2021-06-17,1,0,0.7258949875831604,0.21757224202156067,0.21757224202156067,0.5083227455615997
CAT,xgboost,2,2021-06-18,1,1,0.5553057193756104,0.5553057193756104,0.4307914674282074,0.12451425194740295
CAT,xgboost,2,2021-06-21,0,1,0.44167760014533997,0.44167760014533997,0.30158478021621704,0.14009281992912292
CAT,xgboost,2,2021-06-22,0,1,0.43512725830078125,0.43512725830078125,0.42476949095726013,0.010357767343521118
CAT,xgboost,2,2021-06-23,0,0,0.433738112449646,0.34713175892829895,0.34713175892829895,0.08660635352134705
CAT,xgboost,2,2021-06-24,0,1,0.6408157348632812,0.6408157348632812,0.2042902410030365,0.43652549386024475
CAT,xgboost,2,2021-06-25,0,1,0.669701337814331,0.669701337814331,0.23635682463645935,0.4333445131778717
CAT,xgboost,2,2021-06-28,0,0,0.4633287191390991,0.4551125168800354,0.4551125168800354,0.00821620225906372
CAT,xgboost,2,2021-06-29,0,1,0.5938937664031982,0.5938937664031982,0.28660687804222107,0.3072868883609772
CAT,xgboost,2,2021-06-30,-1,0,0.43187999725341797,0.2546519637107849,0.3134680688381195,0.11841192841529846
CAT,xgboost,2,2021-07-01,0,0,0.544830858707428,0.3983519375324249,0.3983519375324249,0.14647892117500305
CAT,xgboost,2,2021-07-02,0,1,0.47491419315338135,0.47491419315338135,0.43425253033638,0.04066166281700134
CAT,xgboost,2,2021-07-06,0,1,0.6873586177825928,0.6873586177825928,0.24359825253486633,0.44376036524772644
CAT,xgboost,2,2021-07-07,0,0,0.5930107235908508,0.3637895882129669,0.3637895882129669,0.2292211353778839
CAT,xgboost,2,2021-07-08,0,1,0.8309319019317627,0.8309319019317627,0.14132049679756165,0.689611405134201
CAT,xgboost,2,2021-07-09,-1,1,0.5470302104949951,0.5470302104949951,0.3394436240196228,0.20758658647537231
CAT,xgboost,2,2021-07-12,-1,1,0.5102179050445557,0.5102179050445557,0.39142921566963196,0.1187886893749237
CAT,xgboost,2,2021-07-13,-1,1,0.6271786689758301,0.6271786689758301,0.2566593587398529,0.3705193102359772
CAT,xgboost,2,2021-07-14,0,1,0.5446235537528992,0.5446235537528992,0.4064410626888275,0.13818249106407166
CAT,xgboost,2,2021-07-15,0,1,0.6218163371086121,0.6218163371086121,0.34476858377456665,0.2770477533340454
CAT,xgboost,2,2021-07-16,0,1,0.7555183172225952,0.7555183172225952,0.21731898188591003,0.5381993353366852
CAT,xgboost,2,2021-07-19,1,1,0.5291239023208618,0.5291239023208618,0.4158893823623657,0.1132345199584961
CAT,xgboost,2,2021-07-20,0,1,0.8856827020645142,0.8856827020645142,0.07744740694761276,0.8082352951169014
CAT,xgboost,2,2021-07-21,0,1,0.4560140371322632,0.4560140371322632,0.4129112660884857,0.043102771043777466
CAT,xgboost,2,2021-07-22,0,0,0.5216655731201172,0.4540688395500183,0.4540688395500183,0.06759673357009888
CAT,xgboost,2,2021-07-23,0,0,0.6428472995758057,0.30525046586990356,0.30525046586990356,0.3375968337059021
CAT,xgboost,2,2021-07-26,-1,0,0.5790878534317017,0.36298131942749023,0.36298131942749023,0.21610653400421143
CAT,xgboost,2,2021-07-27,0,1,0.7501710057258606,0.7501710057258606,0.18992330133914948,0.5602477043867111
CAT,xgboost,2,2021-07-28,-1,1,0.36381077766418457,0.36381077766418457,0.32889682054519653,0.03491395711898804
CAT,xgboost,2,2021-07-29,-1,1,0.4300136864185333,0.4300136864185333,0.39325645565986633,0.03675723075866699
CAT,xgboost,2,2021-07-30,0,1,0.5636196136474609,0.5636196136474609,0.410337895154953,0.15328171849250793
CAT,xgboost,2,2021-08-02,0,1,0.6750516295433044,0.6750516295433044,0.311278760433197,0.3637728691101074
CAT,xgboost,2,2021-08-03,1,1,0.528026819229126,0.528026819229126,0.344176322221756,0.18385049700737
CAT,xgboost,2,2021-08-04,1,1,0.8546329736709595,0.8546329736709595,0.11459518224000931,0.7400377914309502
CAT,xgboost,2,2021-08-05,1,1,0.7197569608688354,0.7197569608688354,0.22003164887428284,0.4997253119945526
CAT,xgboost,2,2021-08-06,1,1,0.5991039276123047,0.5991039276123047,0.3467417061328888,0.2523622214794159
CAT,xgboost,2,2021-08-09,1,1,0.48810383677482605,0.48810383677482605,0.3027116656303406,0.18539217114448547
CAT,xgboost,2,2021-08-10,0,1,0.7113214731216431,0.7113214731216431,0.17465904355049133,0.5366624295711517
CAT,xgboost,2,2021-08-11,-1,0,0.41343986988067627,0.3498547673225403,0.3498547673225403,0.06358510255813599
CAT,xgboost,2,2021-08-12,-1,0,0.5924575924873352,0.272148460149765,0.272148460149765,0.3203091323375702
CAT,xgboost,2,2021-08-13,-1,0,0.6648285984992981,0.2927153408527374,0.2927153408527374,0.37211325764656067
CAT,xgboost,2,2021-08-16,-1,0,0.7613692283630371,0.17966322600841522,0.17966322600841522,0.5817060023546219
CAT,xgboost,2,2021-08-17,0,0,0.6856570243835449,0.26798635721206665,0.26798635721206665,0.41767066717147827
CAT,xgboost,2,2021-08-18,1,0,0.5105621218681335,0.4173383414745331,0.4173383414745331,0.09322378039360046
CAT,xgboost,2,2021-08-19,1,1,0.4345770478248596,0.4345770478248596,0.3050757050514221,0.1295013427734375
CAT,xgboost,2,2021-08-20,1,0,0.49485722184181213,0.31486305594444275,0.31486305594444275,0.17999416589736938
CAT,xgboost,2,2021-08-23,0,1,0.37457209825515747,0.37457209825515747,0.36130663752555847,0.013265460729598999
CAT,xgboost,2,2021-08-24,0,-1,0.4379255771636963,0.23136550188064575,0.33070898056030273,0.10721659660339355
CAT,xgboost,2,2021-08-25,-1,1,0.5852685570716858,0.5852685570716858,0.24190911650657654,0.34335944056510925
CAT,xgboost,2,2021-08-26,0,1,0.6827959418296814,0.6827959418296814,0.16270354390144348,0.5200923979282379
CAT,xgboost,2,2021-08-27,0,0,0.5172292590141296,0.4422609508037567,0.4422609508037567,0.07496830821037292
CAT,xgboost,2,2021-08-30,0,1,0.47179311513900757,0.47179311513900757,0.4647188186645508,0.007074296474456787
CAT,xgboost,2,2021-08-31,0,1,0.5954341888427734,0.5954341888427734,0.32928016781806946,0.266154021024704
CAT,xgboost,2,2021-09-01,0,1,0.6242596507072449,0.6242596507072449,0.25943243503570557,0.3648272156715393
CAT,xgboost,2,2021-09-02,-1,0,0.443083256483078,0.4303247630596161,0.4303247630596161,0.012758493423461914
CAT,xgboost,2,2021-09-03,0,1,0.6341821551322937,0.6341821551322937,0.31358957290649414,0.32059258222579956
CAT,xgboost,2,2021-09-07,-1,1,0.5928695201873779,0.5928695201873779,0.3079306185245514,0.28493890166282654
CAT,xgboost,2,2021-09-08,0,1,0.638158917427063,0.638158917427063,0.2672102749347687,0.3709486424922943
CAT,xgboost,2,2021-09-09,0,1,0.7814472317695618,0.7814472317695618,0.10937074571847916,0.6720764860510826
CAT,xgboost,2,2021-09-10,-1,1,0.7819708585739136,0.7819708585739136,0.12819211184978485,0.6537787467241287
CAT,xgboost,2,2021-09-13,-1,1,0.40726643800735474,0.40726643800735474,0.3068438470363617,0.10042259097099304
CAT,xgboost,2,2021-09-14,-1,1,0.7093899846076965,0.7093899846076965,0.20589126646518707,0.5034987181425095
CAT,xgboost,2,2021-09-15,-1,1,0.6594453454017639,0.6594453454017639,0.19966566562652588,0.45977967977523804
CAT,xgboost,2,2021-09-16,-1,1,0.5107266306877136,0.5107266306877136,0.37674009799957275,0.13398653268814087
CAT,xgboost,2,2021-09-17,0,1,0.7284609079360962,0.7284609079360962,0.15356563031673431,0.5748952776193619
CAT,xgboost,2,2021-09-20,1,0,0.46803900599479675,0.20280484855175018,0.3291561007499695,0.13888290524482727
CAT,xgboost,2,2021-09-21,1,0,0.4959903955459595,0.43257132172584534,0.43257132172584534,0.06341907382011414
CAT,xgboost,2,2021-09-22,1,0,0.5489653944969177,0.1015051081776619,0.34952953457832336,0.19943585991859436
CAT,xgboost,2,2021-09-23,-1,1,0.6800861954689026,0.6800861954689026,0.22238391637802124,0.45770227909088135
CAT,xgboost,2,2021-09-24,0,1,0.5997533798217773,0.5997533798217773,0.37283456325531006,0.22691881656646729
CAT,xgboost,2,2021-09-27,-1,1,0.6386634707450867,0.6386634707450867,0.24174068868160248,0.3969227820634842
CAT,xgboost,2,2021-09-28,-1,1,0.5685999989509583,0.5685999989509583,0.2875198423862457,0.2810801565647125
CAT,xgboost,2,2021-09-29,-1,1,0.5261340737342834,0.5261340737342834,0.26833489537239075,0.2577991783618927
CAT,xgboost,2,2021-09-30,0,1,0.6631523966789246,0.6631523966789246,0.21006055176258087,0.4530918449163437
CAT,xgboost,2,2021-10-01,0,1,0.6741435527801514,0.6741435527801514,0.2262246012687683,0.44791895151138306
CAT,xgboost,2,2021-10-04,0,1,0.7915588021278381,0.7915588021278381,0.1291782408952713,0.6623805612325668
CAT,xgboost,2,2021-10-05,0,1,0.7240588665008545,0.7240588665008545,0.1989777833223343,0.5250810831785202
CAT,xgboost,2,2021-10-06,0,1,0.866108775138855,0.866108775138855,0.09548528492450714,0.7706234902143478
CAT,xgboost,2,2021-10-07,0,1,0.808929443359375,0.808929443359375,0.09925945103168488,0.7096699923276901
CAT,xgboost,2,2021-10-08,0,1,0.8436018228530884,0.8436018228530884,0.10740572959184647,0.7361960932612419
CAT,xgboost,2,2021-10-11,1,1,0.728203296661377,0.728203296661377,0.19645647704601288,0.5317468196153641
CAT,xgboost,2,2021-10-12,1,1,0.6806698441505432,0.6806698441505432,0.2501276433467865,0.4305422008037567
CAT,xgboost,2,2021-10-13,1,1,0.7560041546821594,0.7560041546821594,0.17505700886249542,0.580947145819664
CAT,xgboost,2,2021-10-14,1,1,0.8290091753005981,0.8290091753005981,0.09941897541284561,0.7295901998877525
CAT,xgboost,2,2021-10-15,0,1,0.6767975687980652,0.6767975687980652,0.20256507396697998,0.4742324948310852
CAT,xgboost,2,2021-10-18,1,1,0.5641827583312988,0.5641827583312988,0.4197579026222229,0.14442485570907593
CAT,xgboost,2,2021-10-19,0,0,0.44205859303474426,0.3877739906311035,0.3877739906311035,0.05428460240364075
CAT,xgboost,2,2021-10-20,-1,0,0.5097042918205261,0.25974181294441223,0.25974181294441223,0.2499624788761139
CAT,xgboost,2,2021-10-21,0,0,0.4901726543903351,0.4288252294063568,0.4288252294063568,0.06134742498397827
CAT,xgboost,2,2021-10-22,0,0,0.5931702256202698,0.2763650119304657,0.2763650119304657,0.3168052136898041
CAT,xgboost,2,2021-10-25,0,0,0.6555511951446533,0.2519225478172302,0.2519225478172302,0.4036286473274231
CAT,xgboost,2,2021-10-26,1,-1,0.40440067648887634,0.23262052237987518,0.3629787564277649,0.04142192006111145
CAT,xgboost,2,2021-10-27,1,1,0.4667188227176666,0.4667188227176666,0.33839893341064453,0.1283198893070221
CAT,xgboost,2,2021-10-28,0,1,0.37347903847694397,0.37347903847694397,0.3554561138153076,0.018022924661636353
CAT,xgboost,2,2021-10-29,0,0,0.42116716504096985,0.22466221451759338,0.35417062044143677,0.06699654459953308
CAT,xgboost,2,2021-11-01,1,0,0.571779191493988,0.12218863517045975,0.3060322105884552,0.26574698090553284
CAT,xgboost,2,2021-11-02,0,0,0.5552093982696533,0.16402214765548706,0.280768483877182,0.2744409143924713
CAT,xgboost,2,2021-11-03,0,0,0.7770073413848877,0.10164538770914078,0.12134724110364914,0.6556601002812386
CAT,xgboost,2,2021-11-04,1,0,0.7373100519180298,0.09309013187885284,0.16959986090660095,0.5677101910114288
CAT,xgboost,2,2021-11-05,0,0,0.6039288640022278,0.13013707101345062,0.2659340500831604,0.3379948139190674
CAT,xgboost,2,2021-11-08,-1,0,0.5457296967506409,0.15348513424396515,0.3007851541042328,0.24494454264640808
CAT,xgboost,2,2021-11-09,-1,0,0.7134950160980225,0.12761574983596802,0.15888923406600952,0.5546057820320129
CAT,xgboost,2,2021-11-10,0,0,0.5634584426879883,0.150381401181221,0.2861601412296295,0.27729830145835876
CAT,xgboost,2,2021-11-11,-1,0,0.776841938495636,0.12129762768745422,0.12129762768745422,0.6555443108081818
CAT,xgboost,2,2021-11-12,-1,0,0.9305493235588074,0.04777153581380844,0.04777153581380844,0.8827777877449989
CAT,xgboost,2,2021-11-15,-1,0,0.8030300140380859,0.14679904282093048,0.14679904282093048,0.6562309712171555
CAT,xgboost,2,2021-11-16,0,0,0.6425547003746033,0.2750428020954132,0.2750428020954132,0.36751189827919006
CAT,xgboost,2,2021-11-17,1,1,0.4374110996723175,0.4374110996723175,0.3227981626987457,0.11461293697357178
CAT,xgboost,2,2021-11-18,0,0,0.4695248603820801,0.4252420663833618,0.4252420663833618,0.04428279399871826
CAT,xgboost,2,2021-11-19,-1,1,0.6132103800773621,0.6132103800773621,0.3030782639980316,0.31013211607933044
CAT,xgboost,2,2021-11-22,-1,0,0.4712705910205841,0.3710491359233856,0.3710491359233856,0.10022145509719849
CAT,xgboost,2,2021-11-23,-1,0,0.5579008460044861,0.3425373435020447,0.3425373435020447,0.2153635025024414
CAT,xgboost,2,2021-11-24,-1,0,0.5441779494285583,0.3576309382915497,0.3576309382915497,0.18654701113700867
CAT,xgboost,2,2021-11-26,0,1,0.7764726281166077,0.7764726281166077,0.1199592724442482,0.6565133556723595
CAT,xgboost,2,2021-11-29,1,1,0.6717748641967773,0.6717748641967773,0.16951966285705566,0.5022552013397217
CAT,xgboost,2,2021-11-30,1,1,0.7626122832298279,0.7626122832298279,0.13253115117549896,0.6300811320543289
CAT,xgboost,2,2021-12-01,1,1,0.5502527356147766,0.5502527356147766,0.28518426418304443,0.2650684714317322
CAT,xgboost,2,2021-12-02,1,1,0.8342700600624084,0.8342700600624084,0.10041903704404831,0.7338510230183601
CAT,xgboost,2,2021-12-03,1,1,0.7264310121536255,0.7264310121536255,0.2032691240310669,0.5231618881225586
CAT,xgboost,2,2021-12-06,0,1,0.6934463381767273,0.6934463381767273,0.15706372261047363,0.5363826155662537
CAT,xgboost,2,2021-12-07,0,1,0.7205572724342346,0.7205572724342346,0.1821964830160141,0.5383607894182205
CAT,xgboost,2,2021-12-08,0,1,0.8997477293014526,0.8997477293014526,0.057956915348768234,0.8417908139526844
CAT,xgboost,2,2021-12-09,0,1,0.8719549775123596,0.8719549775123596,0.07951124757528305,0.7924437299370766
CAT,xgboost,2,2021-12-10,0,1,0.8014035820960999,0.8014035820960999,0.13182951509952545,0.6695740669965744
CAT,xgboost,2,2021-12-13,-1,1,0.4876517653465271,0.4876517653465271,0.4625484049320221,0.025103360414505005
CAT,xgboost,2,2021-12-14,0,1,0.6554602384567261,0.6554602384567261,0.1766325831413269,0.47882765531539917
CAT,xgboost,2,2021-12-15,0,0,0.47613590955734253,0.45228245854377747,0.45228245854377747,0.023853451013565063
CAT,xgboost,2,2021-12-16,0,1,0.6142795085906982,0.6142795085906982,0.25878438353538513,0.3554951250553131
CAT,xgboost,2,2021-12-17,1,1,0.6187663078308105,0.6187663078308105,0.3327055275440216,0.28606078028678894
CAT,xgboost,2,2021-12-20,1,1,0.6615251302719116,0.6615251302719116,0.2976105511188507,0.3639145791530609
CAT,xgboost,2,2021-12-21,1,1,0.8510261178016663,0.8510261178016663,0.10587938874959946,0.7451467290520668
CAT,xgboost,2,2021-12-22,0,1,0.8235129714012146,0.8235129714012146,0.1350594162940979,0.6884535551071167
CAT,xgboost,2,2021-12-23,0,0,0.6082969307899475,0.28104573488235474,0.28104573488235474,0.3272511959075928
CAT,xgboost,2,2021-12-27,0,0,0.7091338038444519,0.19686967134475708,0.19686967134475708,0.5122641324996948
CAT,xgboost,2,2021-12-28,1,0,0.44231143593788147,0.2025897353887558,0.3550988435745239,0.08721259236335754
CAT,xgboost,2,2021-12-29,1,0,0.45823368430137634,0.13747964799404144,0.404286652803421,0.05394703149795532
CAT,xgboost,2,2021-12-30,1,-1,0.44932618737220764,0.14941272139549255,0.4012611508369446,0.04806503653526306
CAT,xgboost,2,2021-12-31,1,0,0.6252835392951965,0.18860597908496857,0.18860597908496857,0.43667756021022797
CAT,xgboost,2,2022-01-03,1,0,0.7340028882026672,0.17094549536705017,0.17094549536705017,0.5630573928356171
CAT,xgboost,2,2022-01-04,0,0,0.4855295717716217,0.45549172163009644,0.45549172163009644,0.03003785014152527
CAT,xgboost,2,2022-01-05,0,0,0.38130983710289,0.3665122389793396,0.3665122389793396,0.014797598123550415
CAT,xgboost,2,2022-01-06,1,0,0.5342558026313782,0.2015371173620224,0.2642070949077606,0.27004870772361755
CAT,xgboost,2,2022-01-07,1,-1,0.6248059272766113,0.16940483450889587,0.20578926801681519,0.41901665925979614
CAT,xgboost,2,2022-01-10,1,0,0.43175074458122253,0.14820332825183868,0.42004597187042236,0.011704772710800171
CAT,xgboost,2,2022-01-11,0,-1,0.3823252022266388,0.27525120973587036,0.34242361783981323,0.03990158438682556
CAT,xgboost,2,2022-01-12,-1,-1,0.5891906023025513,0.10309825092554092,0.307711124420166,0.28147947788238525
CAT,xgboost,2,2022-01-13,-1,-1,0.43681615591049194,0.4146279990673065,0.4146279990673065,0.022188156843185425
CAT,xgboost,2,2022-01-14,-1,0,0.41402876377105713,0.17733129858970642,0.40863996744155884,0.005388796329498291
CAT,xgboost,2,2022-01-18,-1,-1,0.5910917520523071,0.18568862974643707,0.22321964800357819,0.36787210404872894
CAT,xgboost,2,2022-01-19,-1,0,0.634506344795227,0.28076186776161194,0.28076186776161194,0.3537444770336151
CAT,xgboost,2,2022-01-20,-1,1,0.5371341109275818,0.5371341109275818,0.4052859842777252,0.13184812664985657
CAT,xgboost,2,2022-01-21,-1,1,0.908368706703186,0.908368706703186,0.06778669357299805,0.840582013130188
CAT,xgboost,2,2022-01-24,-1,1,0.837154746055603,0.837154746055603,0.14752106368541718,0.6896336823701859
CAT,xgboost,2,2022-01-25,-1,1,0.9462721347808838,0.9462721347808838,0.039856262505054474,0.9064158722758293
CAT,xgboost,2,2022-01-26,-1,1,0.9395904541015625,0.9395904541015625,0.04057741537690163,0.8990130387246609
CAT,xgboost,2,2022-01-27,-1,1,0.9217342734336853,0.9217342734336853,0.039731089025735855,0.8820031844079494
CAT,xgboost,2,2022-01-28,0,0,0.5033658146858215,0.4046820402145386,0.4046820402145386,0.09868377447128296
CAT,xgboost,2,2022-01-31,0,1,0.5124560594558716,0.5124560594558716,0.2856028378009796,0.22685322165489197
CAT,xgboost,2,2022-02-01,0,1,0.8372939825057983,0.8372939825057983,0.12764529883861542,0.7096486836671829
CAT,xgboost,2,2022-02-02,0,1,0.8864061236381531,0.8864061236381531,0.07016390562057495,0.8162422180175781
CAT,xgboost,2,2022-02-03,0,-1,0.424591988325119,0.42015978693962097,0.42015978693962097,0.004432201385498047
CAT,xgboost,2,2022-02-04,0,1,0.6560641527175903,0.6560641527175903,0.23615120351314545,0.4199129492044449
CAT,xgboost,2,2022-02-07,0,1,0.5953822731971741,0.5953822731971741,0.2963102161884308,0.2990720570087433
CAT,xgboost,2,2022-02-08,0,1,0.5847150087356567,0.5847150087356567,0.23173080384731293,0.3529842048883438
CAT,xgboost,2,2022-02-09,0,1,0.8109211325645447,0.8109211325645447,0.10650207102298737,0.7044190615415573
CAT,xgboost,2,2022-02-10,-1,1,0.8122785687446594,0.8122785687446594,0.14930680394172668,0.6629717648029327
CAT,xgboost,2,2022-02-11,-1,1,0.7434954047203064,0.7434954047203064,0.18725503981113434,0.5562403649091721
CAT,xgboost,2,2022-02-14,-1,1,0.878594160079956,0.878594160079956,0.07557884603738785,0.8030153140425682
CAT,xgboost,2,2022-02-15,-1,1,0.564886748790741,0.564886748790741,0.2428526133298874,0.3220341354608536
CAT,xgboost,2,2022-02-16,-1,1,0.670626699924469,0.670626699924469,0.19565358757972717,0.4749731123447418
CAT,xgboost,2,2022-02-17,-1,1,0.5482237339019775,0.5482237339019775,0.34477829933166504,0.2034454345703125
CAT,xgboost,2,2022-02-18,-1,1,0.4942345917224884,0.4942345917224884,0.31525832414627075,0.17897626757621765
CAT,xgboost,2,2022-02-22,-1,1,0.5584181547164917,0.5584181547164917,0.3298208713531494,0.22859728336334229
CAT,xgboost,2,2022-02-23,1,0,0.4615744650363922,0.275987833738327,0.275987833738327,0.18558663129806519
CAT,xgboost,2,2022-02-24,1,1,0.6681998372077942,0.6681998372077942,0.25195083022117615,0.41624900698661804
CAT,xgboost,2,2022-02-25,1,1,0.6440137028694153,0.6440137028694153,0.23834390938282013,0.40566979348659515
CAT,xgboost,2,2022-02-28,1,1,0.7454462647438049,0.7454462647438049,0.17835314571857452,0.5670931190252304
CAT,xgboost,2,2022-03-01,1,1,0.745587944984436,0.745587944984436,0.16009306907653809,0.585494875907898
CAT,xgboost,2,2022-03-02,1,1,0.6428836584091187,0.6428836584091187,0.2730690538883209,0.36981460452079773
CAT,xgboost,2,2022-03-03,1,1,0.42252206802368164,0.42252206802368164,0.34255072474479675,0.07997134327888489
CAT,xgboost,2,2022-03-04,1,1,0.6771717071533203,0.6771717071533203,0.16142693161964417,0.5157447755336761
CAT,xgboost,2,2022-03-07,1,1,0.8090099692344666,0.8090099692344666,0.11258886754512787,0.6964211016893387
CAT,xgboost,2,2022-03-08,1,1,0.4331209063529968,0.4331209063529968,0.42660653591156006,0.006514370441436768
CAT,xgboost,2,2022-03-09,1,0,0.38162800669670105,0.3610232174396515,0.3610232174396515,0.02060478925704956
CAT,xgboost,2,2022-03-10,1,1,0.49388378858566284,0.49388378858566284,0.3154575824737549,0.17842620611190796
CAT,xgboost,2,2022-03-11,1,1,0.484050452709198,0.484050452709198,0.3507288694381714,0.1333215832710266
CAT,xgboost,2,2022-03-14,1,-1,0.4647679626941681,0.37404704093933105,0.37404704093933105,0.09072092175483704
CAT,xgboost,2,2022-03-15,1,1,0.6447672247886658,0.6447672247886658,0.24932323396205902,0.39544399082660675
CAT,xgboost,2,2022-03-16,1,1,0.7024214863777161,0.7024214863777161,0.1710076928138733,0.5314137935638428
CAT,xgboost,2,2022-03-17,0,1,0.7216354012489319,0.7216354012489319,0.1460651159286499,0.575570285320282
CAT,xgboost,2,2022-03-18,0,-1,0.4446775019168854,0.39035844802856445,0.39035844802856445,0.05431905388832092
CAT,xgboost,2,2022-03-21,0,-1,0.4119284152984619,0.30996081233024597,0.30996081233024597,0.10196760296821594
CAT,xgboost,2,2022-03-22,0,-1,0.42050087451934814,0.20673349499702454,0.37276560068130493,0.04773527383804321
CAT,xgboost,2,2022-03-23,0,-1,0.35945597290992737,0.32380783557891846,0.32380783557891846,0.03564813733100891
CAT,xgboost,2,2022-03-24,0,-1,0.4765525758266449,0.1648549735546112,0.3585924804210663,0.11796009540557861
CAT,xgboost,2,2022-03-25,0,-1,0.4796951115131378,0.2658611834049225,0.2658611834049225,0.21383392810821533
CAT,xgboost,2,2022-03-28,0,0,0.5088690519332886,0.20413470268249512,0.2869962453842163,0.22187280654907227
CAT,xgboost,2,2022-03-29,-1,0,0.446207195520401,0.31237831711769104,0.31237831711769104,0.13382887840270996
CAT,xgboost,2,2022-03-30,-1,-1,0.40745291113853455,0.29822301864624023,0.29822301864624023,0.10922989249229431
CAT,xgboost,2,2022-03-31,-1,1,0.7563421130180359,0.7563421130180359,0.19593791663646698,0.5604041963815689
CAT,xgboost,2,2022-04-01,0,1,0.49371233582496643,0.49371233582496643,0.2802095413208008,0.21350279450416565
CAT,xgboost,2,2022-04-04,-1,1,0.5304870009422302,0.5304870009422302,0.42291200160980225,0.10757499933242798
CAT,xgboost,2,2022-04-05,0,1,0.7678233981132507,0.7678233981132507,0.21400676667690277,0.553816631436348
CAT,xgboost,2,2022-04-06,0,1,0.8685193657875061,0.8685193657875061,0.09426584839820862,0.7742535173892975
CAT,xgboost,2,2022-04-07,1,1,0.9195833802223206,0.9195833802223206,0.07258500158786774,0.8469983786344528
CAT,xgboost,2,2022-04-08,1,1,0.8055144548416138,0.8055144548416138,0.12189508229494095,0.6836193725466728
CAT,xgboost,2,2022-04-11,1,1,0.901051938533783,0.901051938533783,0.07886756211519241,0.8221843764185905
CAT,xgboost,2,2022-04-12,1,1,0.7557859420776367,0.7557859420776367,0.2005576491355896,0.5552282929420471
CAT,xgboost,2,2022-04-13,1,1,0.804263174533844,0.804263174533844,0.15418747067451477,0.6500757038593292
CAT,xgboost,2,2022-04-14,-1,1,0.6620585322380066,0.6620585322380066,0.3161158859729767,0.3459426462650299
CAT,xgboost,2,2022-04-18,-1,0,0.5473078489303589,0.39926818013191223,0.39926818013191223,0.14803966879844666
CAT,xgboost,2,2022-04-19,-1,0,0.5148534178733826,0.42802152037620544,0.42802152037620544,0.08683189749717712
CAT,xgboost,2,2022-04-20,-1,1,0.5526136159896851,0.5526136159896851,0.2961040437221527,0.25650957226753235
CAT,xgboost,2,2022-04-21,-1,1,0.6189284920692444,0.6189284920692444,0.29116177558898926,0.3277667164802551
CAT,xgboost,2,2022-04-22,-1,1,0.7103902697563171,0.7103902697563171,0.23493468761444092,0.4754555821418762
CAT,xgboost,2,2022-04-25,-1,0,0.6744800209999084,0.2902797758579254,0.2902797758579254,0.38420024514198303
CAT,xgboost,2,2022-04-26,0,1,0.6019601821899414,0.6019601821899414,0.3287683427333832,0.2731918394565582
CAT,xgboost,2,2022-04-27,1,1,0.5756673812866211,0.5756673812866211,0.34568843245506287,0.22997894883155823
CAT,xgboost,2,2022-04-28,0,1,0.5930206775665283,0.5930206775665283,0.34107911586761475,0.2519415616989136
CAT,xgboost,2,2022-04-29,0,1,0.8047657608985901,0.8047657608985901,0.10143493860960007,0.70333082228899
CAT,xgboost,2,2022-05-02,-1,1,0.8043338060379028,0.8043338060379028,0.13674044609069824,0.6675933599472046
CAT,xgboost,2,2022-05-03,-1,1,0.7088602185249329,0.7088602185249329,0.2040170580148697,0.5048431605100632
CAT,xgboost,2,2022-05-04,-1,1,0.8246543407440186,0.8246543407440186,0.08848512172698975,0.7361692190170288
CAT,xgboost,2,2022-05-05,-1,1,0.7130351662635803,0.7130351662635803,0.22378695011138916,0.48924821615219116
CAT,xgboost,2,2022-05-06,-1,1,0.8482975959777832,0.8482975959777832,0.11437632143497467,0.7339212745428085
CAT,xgboost,2,2022-05-09,0,1,0.8776758313179016,0.8776758313179016,0.08458112180233002,0.7930947095155716
CAT,xgboost,2,2022-05-10,1,1,0.6709302067756653,0.6709302067756653,0.1896902173757553,0.48123998939991
CAT,xgboost,2,2022-05-11,0,1,0.6701530814170837,0.6701530814170837,0.2089882344007492,0.46116484701633453
CAT,xgboost,2,2022-05-12,0,1,0.5536394119262695,0.5536394119262695,0.38976776599884033,0.1638716459274292
CAT,xgboost,2,2022-05-13,-1,1,0.6599771976470947,0.6599771976470947,0.2039620578289032,0.45601513981819153
CAT,xgboost,2,2022-05-16,0,1,0.8431228995323181,0.8431228995323181,0.09809771925210953,0.7450251802802086
CAT,xgboost,2,2022-05-17,-1,1,0.7720619440078735,0.7720619440078735,0.13086995482444763,0.6411919891834259
CAT,xgboost,2,2022-05-18,0,1,0.9277759790420532,0.9277759790420532,0.037199292331933975,0.8905766867101192
CAT,xgboost,2,2022-05-19,1,1,0.7512182593345642,0.7512182593345642,0.2383715808391571,0.5128466784954071
CAT,xgboost,2,2022-05-20,1,1,0.684249997138977,0.684249997138977,0.267556756734848,0.41669324040412903
CAT,xgboost,2,2022-05-23,1,1,0.7596622705459595,0.7596622705459595,0.20455044507980347,0.555111825466156
CAT,xgboost,2,2022-05-24,1,1,0.5950013995170593,0.5950013995170593,0.32401567697525024,0.2709857225418091
CAT,xgboost,2,2022-05-25,1,1,0.6975193023681641,0.6975193023681641,0.16224920749664307,0.535270094871521
CAT,xgboost,2,2022-05-26,1,1,0.5645664930343628,0.5645664930343628,0.33648958802223206,0.22807690501213074
CAT,xgboost,2,2022-05-27,1,0,0.38749539852142334,0.3686148226261139,0.3686148226261139,0.018880575895309448
CAT,xgboost,2,2022-05-31,1,1,0.6342942118644714,0.6342942118644714,0.3102244436740875,0.3240697681903839
CAT,xgboost,2,2022-06-01,1,1,0.5639219880104065,0.5639219880104065,0.26003575325012207,0.3038862347602844
CAT,xgboost,2,2022-06-02,0,1,0.6951534152030945,0.6951534152030945,0.17399033904075623,0.5211630761623383
CAT,xgboost,2,2022-06-03,-1,1,0.4662792384624481,0.4662792384624481,0.28006696701049805,0.18621227145195007
CAT,xgboost,2,2022-06-06,-1,1,0.4991632401943207,0.4991632401943207,0.4631044268608093,0.03605881333351135
CAT,xgboost,2,2022-06-07,-1,1,0.5242670774459839,0.5242670774459839,0.31113389134407043,0.21313318610191345
CAT,xgboost,2,2022-06-08,-1,1,0.6531112790107727,0.6531112790107727,0.18366923928260803,0.4694420397281647
CAT,xgboost,2,2022-06-09,-1,0,0.7102274894714355,0.20849324762821198,0.20849324762821198,0.5017342418432236
CAT,xgboost,2,2022-06-10,-1,1,0.5019872784614563,0.5019872784614563,0.4137518107891083,0.08823546767234802
CAT,xgboost,2,2022-06-13,-1,1,0.8919010758399963,0.8919010758399963,0.08205696940422058,0.8098441064357758
CAT,xgboost,2,2022-06-14,-1,1,0.8145378828048706,0.8145378828048706,0.1179216280579567,0.6966162547469139
CAT,xgboost,2,2022-06-15,-1,1,0.8107866644859314,0.8107866644859314,0.1150427758693695,0.6957438886165619
CAT,xgboost,2,2022-06-16,-1,0,0.6824855804443359,0.23849961161613464,0.23849961161613464,0.4439859688282013
CAT,xgboost,2,2022-06-17,-1,1,0.4491851031780243,0.4491851031780243,0.41873642802238464,0.03044867515563965
CAT,xgboost,2,2022-06-21,-1,1,0.625995397567749,0.625995397567749,0.24429385364055634,0.3817015439271927
CAT,xgboost,2,2022-06-22,-1,0,0.4248507618904114,0.252811998128891,0.32233721017837524,0.10251355171203613
CAT,xgboost,2,2022-06-23,0,1,0.4974857568740845,0.4974857568740845,0.4042057394981384,0.09328001737594604
CAT,xgboost,2,2022-06-24,-1,1,0.7860230803489685,0.7860230803489685,0.11477568000555038,0.6712474003434181
CAT,xgboost,2,2022-06-27,-1,1,0.817658007144928,0.817658007144928,0.11968030780553818,0.6979776993393898
CAT,xgboost,2,2022-06-28,-1,1,0.8746914863586426,0.8746914863586426,0.06876535713672638,0.8059261292219162
CAT,xgboost,2,2022-06-29,0,1,0.8256863951683044,0.8256863951683044,0.12021826207637787,0.7054681330919266
CAT,xgboost,2,2022-06-30,0,1,0.90766841173172,0.90766841173172,0.06153038516640663,0.8461380265653133
CAT,xgboost,2,2022-07-01,0,1,0.8896507024765015,0.8896507024765015,0.08356711268424988,0.8060835897922516
CAT,xgboost,2,2022-07-05,0,1,0.49142932891845703,0.49142932891845703,0.44374874234199524,0.04768058657646179
CAT,xgboost,2,2022-07-06,0,1,0.5773075819015503,0.5773075819015503,0.37510061264038086,0.20220696926116943
CAT,xgboost,2,2022-07-07,-1,1,0.9013766050338745,0.9013766050338745,0.07359421253204346,0.827782392501831
CAT,xgboost,2,2022-07-08,-1,1,0.838826596736908,0.838826596736908,0.15111325681209564,0.6877133399248123
CAT,xgboost,2,2022-07-11,0,1,0.9378494024276733,0.9378494024276733,0.04720928147435188,0.8906401209533215
CAT,xgboost,2,2022-07-12,1,1,0.9111023545265198,0.9111023545265198,0.07082154601812363,0.8402808085083961
CAT,xgboost,2,2022-07-13,1,1,0.9146930575370789,0.9146930575370789,0.08064960688352585,0.834043450653553
CAT,xgboost,2,2022-07-14,1,1,0.7586625814437866,0.7586625814437866,0.20631906390190125,0.5523435175418854
CAT,xgboost,2,2022-07-15,1,1,0.9137059450149536,0.9137059450149536,0.04517484828829765,0.868531096726656
CAT,xgboost,2,2022-07-18,1,1,0.8495680093765259,0.8495680093765259,0.09933216124773026,0.7502358481287956
CAT,xgboost,2,2022-07-19,0,1,0.5214224457740784,0.5214224457740784,0.30803313851356506,0.2133893072605133
CAT,xgboost,2,2022-07-20,1,0,0.44492095708847046,0.40794694423675537,0.40794694423675537,0.03697401285171509
CAT,xgboost,2,2022-07-21,1,1,0.48794522881507874,0.48794522881507874,0.40621083974838257,0.08173438906669617
CAT,xgboost,2,2022-07-22,1,1,0.6603835821151733,0.6603835821151733,0.26017433404922485,0.4002092480659485
CAT,xgboost,2,2022-07-25,1,1,0.6323874592781067,0.6323874592781067,0.23547449707984924,0.39691296219825745
CAT,xgboost,2,2022-07-26,0,1,0.5509381890296936,0.5509381890296936,0.24864043295383453,0.30229775607585907
CAT,xgboost,2,2022-07-27,0,1,0.4359900951385498,0.4359900951385498,0.3089408874511719,0.12704920768737793
CAT,xgboost,2,2022-07-28,-1,0,0.4870701730251312,0.308750718832016,0.308750718832016,0.17831945419311523
CAT,xgboost,2,2022-07-29,-1,0,0.7618792057037354,0.07072068750858307,0.16740009188652039,0.594479113817215
CAT,xgboost,2,2022-08-01,-1,0,0.7835239768028259,0.056748390197753906,0.15972764790058136,0.6237963289022446
CAT,xgboost,2,2022-08-02,0,0,0.9371727705001831,0.049971818923950195,0.049971818923950195,0.8872009515762329
CAT,xgboost,2,2022-08-03,1,0,0.5433157086372375,0.38315191864967346,0.38315191864967346,0.1601637899875641
CAT,xgboost,2,2022-08-04,1,0,0.7686424851417542,0.16448679566383362,0.16448679566383362,0.6041556894779205
CAT,xgboost,2,2022-08-05,1,0,0.5380128622055054,0.22433245182037354,0.2376546710729599,0.30035819113254547
CAT,xgboost,2,2022-08-08,1,0,0.5652442574501038,0.09138324856758118,0.34337252378463745,0.2218717336654663
CAT,xgboost,2,2022-08-09,1,-1,0.4749053120613098,0.06613512337207794,0.45895957946777344,0.015945732593536377
CAT,xgboost,2,2022-08-10,1,-1,0.6646944284439087,0.09483595192432404,0.2404695749282837,0.424224853515625
CAT,xgboost,2,2022-08-11,0,-1,0.7733807563781738,0.05151151120662689,0.17510776221752167,0.5982729941606522
CAT,xgboost,2,2022-08-12,0,-1,0.46053099632263184,0.4153852164745331,0.4153852164745331,0.045145779848098755
CAT,xgboost,2,2022-08-15,-1,1,0.5518490672111511,0.5518490672111511,0.25143980979919434,0.3004092574119568
CAT,xgboost,2,2022-08-16,0,1,0.7078343033790588,0.7078343033790588,0.17108257114887238,0.5367517322301865
CAT,xgboost,2,2022-08-17,0,1,0.8377205729484558,0.8377205729484558,0.10394333302974701,0.7337772399187088
CAT,xgboost,2,2022-08-18,0,1,0.8448018431663513,0.8448018431663513,0.10848381370306015,0.7363180294632912
CAT,xgboost,2,2022-08-19,0,0,0.5427190661430359,0.30552852153778076,0.30552852153778076,0.23719054460525513
CAT,xgboost,2,2022-08-22,0,0,0.5716182589530945,0.4109850227832794,0.4109850227832794,0.16063323616981506
CAT,xgboost,2,2022-08-23,-1,0,0.5483432412147522,0.37102410197257996,0.37102410197257996,0.17731913924217224
CAT,xgboost,2,2022-08-24,-1,0,0.610117495059967,0.32998281717300415,0.32998281717300415,0.2801346778869629
CAT,xgboost,2,2022-08-25,-1,0,0.6058093309402466,0.3543921411037445,0.3543921411037445,0.2514171898365021
CAT,xgboost,2,2022-08-26,-1,1,0.918933629989624,0.918933629989624,0.04536225646734238,0.8735713735222816
CAT,xgboost,2,2022-08-29,-1,1,0.7798396348953247,0.7798396348953247,0.17871752381324768,0.601122111082077
CAT,xgboost,2,2022-08-30,-1,1,0.8707646727561951,0.8707646727561951,0.08197221904993057,0.7887924537062645
CAT,xgboost,2,2022-08-31,0,1,0.8090544939041138,0.8090544939041138,0.1286163628101349,0.6804381310939789
CAT,xgboost,2,2022-09-01,1,1,0.7798632383346558,0.7798632383346558,0.12441664189100266,0.6554465964436531
CAT,xgboost,2,2022-09-02,1,1,0.40340456366539,0.40340456366539,0.3726673722267151,0.030737191438674927
CAT,xgboost,2,2022-09-06,1,1,0.5704169273376465,0.5704169273376465,0.2473323792219162,0.3230845481157303
CAT,xgboost,2,2022-09-07,1,1,0.7974310517311096,0.7974310517311096,0.14451344311237335,0.6529176086187363
CAT,xgboost,2,2022-09-08,0,1,0.7950479388237,0.7950479388237,0.11730741709470749,0.6777405217289925
CAT,xgboost,2,2022-09-09,-1,1,0.8941289782524109,0.8941289782524109,0.07559654861688614,0.8185324296355247
CAT,xgboost,2,2022-09-12,-1,1,0.8898186683654785,0.8898186683654785,0.08984848111867905,0.7999701872467995
CAT,xgboost,2,2022-09-13,-1,1,0.7243504524230957,0.7243504524230957,0.15721198916435242,0.5671384632587433
CAT,xgboost,2,2022-09-14,-1,1,0.6031036972999573,0.6031036972999573,0.3203181028366089,0.2827855944633484
CAT,xgboost,2,2022-09-15,-1,1,0.6122736930847168,0.6122736930847168,0.21567928791046143,0.39659440517425537
CAT,xgboost,2,2022-09-16,-1,1,0.8562058210372925,0.8562058210372925,0.11899930983781815,0.7372065111994743
CAT,xgboost,2,2022-09-19,-1,1,0.48862558603286743,0.48862558603286743,0.47674649953842163,0.0118790864944458
CAT,xgboost,2,2022-09-20,-1,1,0.7837503552436829,0.7837503552436829,0.18320642411708832,0.6005439311265945
CAT,xgboost,2,2022-09-21,-1,1,0.4015129506587982,0.4015129506587982,0.335827499628067,0.0656854510307312
CAT,xgboost,2,2022-09-22,-1,0,0.5478999018669128,0.3592410087585449,0.3592410087585449,0.18865889310836792
CAT,xgboost,2,2022-09-23,0,1,0.5324845314025879,0.5324845314025879,0.25486642122268677,0.2776181101799011
CAT,xgboost,2,2022-09-26,1,0,0.6018175482749939,0.2775128185749054,0.2775128185749054,0.3243047297000885
CAT,xgboost,2,2022-09-27,1,1,0.4554383456707001,0.4554383456707001,0.3931601643562317,0.062278181314468384
CAT,xgboost,2,2022-09-28,1,1,0.8566052317619324,0.8566052317619324,0.11551711708307266,0.7410881146788597
CAT,xgboost,2,2022-09-29,1,1,0.8379158973693848,0.8379158973693848,0.12140742689371109,0.7165084704756737
CAT,xgboost,2,2022-09-30,1,1,0.8126648664474487,0.8126648664474487,0.1351567804813385,0.6775080859661102
CAT,xgboost,2,2022-10-03,1,1,0.8091806173324585,0.8091806173324585,0.14275424182415009,0.6664263755083084
CAT,xgboost,2,2022-10-04,0,1,0.5035598874092102,0.5035598874092102,0.41961318254470825,0.08394670486450195
CAT,xgboost,2,2022-10-05,0,1,0.5933620929718018,0.5933620929718018,0.26898276805877686,0.3243793249130249
CAT,xgboost,2,2022-10-06,1,-1,0.44102734327316284,0.3620438277721405,0.3620438277721405,0.07898351550102234
CAT,xgboost,2,2022-10-07,0,1,0.7911183834075928,0.7911183834075928,0.1528836488723755,0.6382347345352173
CAT,xgboost,2,2022-10-10,0,-1,0.474074125289917,0.42520377039909363,0.42520377039909363,0.048870354890823364
CAT,xgboost,2,2022-10-11,1,1,0.5893107056617737,0.5893107056617737,0.28735166788101196,0.3019590377807617
CAT,xgboost,2,2022-10-12,1,1,0.7646077275276184,0.7646077275276184,0.1602707952260971,0.6043369323015213
CAT,xgboost,2,2022-10-13,0,1,0.7398877739906311,0.7398877739906311,0.1882261335849762,0.5516616404056549
CAT,xgboost,2,2022-10-14,1,1,0.42212656140327454,0.42212656140327454,0.38672736287117004,0.03539919853210449
CAT,xgboost,2,2022-10-17,1,1,0.4817264974117279,0.4817264974117279,0.45341330766677856,0.02831318974494934
CAT,xgboost,2,2022-10-18,1,1,0.4637305736541748,0.4637305736541748,0.282767653465271,0.1809629201889038
CAT,xgboost,2,2022-10-19,1,-1,0.4927268624305725,0.44480133056640625,0.44480133056640625,0.04792553186416626
CAT,xgboost,2,2022-10-20,1,0,0.44815388321876526,0.2815226912498474,0.2815226912498474,0.16663119196891785
CAT,xgboost,2,2022-10-21,1,-1,0.4615922272205353,0.3313474953174591,0.3313474953174591,0.13024473190307617
CAT,xgboost,2,2022-10-24,1,-1,0.48983582854270935,0.24133586883544922,0.26882827281951904,0.2210075557231903
CAT,xgboost,2,2022-10-25,1,-1,0.441272497177124,0.3332476019859314,0.3332476019859314,0.10802489519119263
CAT,xgboost,2,2022-10-26,1,-1,0.7525098323822021,0.17063383758068085,0.17063383758068085,0.5818759948015213
CAT,xgboost,2,2022-10-27,1,-1,0.7344122529029846,0.07046196609735489,0.1951257437467575,0.5392865091562271
CAT,xgboost,2,2022-10-28,1,-1,0.6564670205116272,0.04527703672647476,0.298255980014801,0.35821104049682617
CAT,xgboost,2,2022-10-31,1,-1,0.6202766299247742,0.01630549319088459,0.3634178936481476,0.2568587362766266
CAT,xgboost,2,2022-11-01,1,-1,0.7459900379180908,0.03459833562374115,0.21941164135932922,0.5265783965587616
CAT,xgboost,2,2022-11-02,1,-1,0.6235440373420715,0.04920463636517525,0.3272513151168823,0.2962927222251892
CAT,xgboost,3,2022-11-03,1,-1,0.5822578072547913,0.13578596711158752,0.28195619583129883,0.30030161142349243
CAT,xgboost,3,2022-11-04,1,-1,0.7126662731170654,0.1594427525997162,0.1594427525997162,0.5532235205173492
CAT,xgboost,3,2022-11-07,1,-1,0.5391446948051453,0.09930463135242462,0.3615506589412689,0.17759403586387634
CAT,xgboost,3,2022-11-08,1,-1,0.6421818137168884,0.0948079451918602,0.263010174036026,0.3791716396808624
CAT,xgboost,3,2022-11-09,1,0,0.740612804889679,0.03797047585248947,0.2214166671037674,0.5191961377859116
CAT,xgboost,3,2022-11-10,0,-1,0.5719903111457825,0.07752510905265808,0.35048457980155945,0.22150573134422302
CAT,xgboost,3,2022-11-11,-1,0,0.6017012596130371,0.04973216354846954,0.34856656193733215,0.25313469767570496
CAT,xgboost,3,2022-11-14,0,0,0.6120339632034302,0.06076563149690628,0.32720038294792175,0.2848335802555084
CAT,xgboost,3,2022-11-15,0,0,0.719165027141571,0.038686782121658325,0.24214819073677063,0.4770168364048004
CAT,xgboost,3,2022-11-16,0,0,0.8600040078163147,0.010195394977927208,0.12980064749717712,0.7302033603191376
CAT,xgboost,3,2022-11-17,1,0,0.6559675931930542,0.024767350405454636,0.31926506757736206,0.33670252561569214
CAT,xgboost,3,2022-11-18,0,0,0.6757923364639282,0.02672405168414116,0.2974836230278015,0.3783087134361267
CAT,xgboost,3,2022-11-21,0,-1,0.5678799152374268,0.03127669915556908,0.40084338188171387,0.1670365333557129
CAT,xgboost,3,2022-11-22,0,0,0.71735680103302,0.027870742604136467,0.25477245450019836,0.46258434653282166
CAT,xgboost,3,2022-11-23,0,0,0.7185980081558228,0.027743907645344734,0.25365808606147766,0.4649399220943451
CAT,xgboost,3,2022-11-25,0,0,0.8459790945053101,0.040260300040245056,0.11376060545444489,0.7322184890508652
CAT,xgboost,3,2022-11-28,0,0,0.8008613586425781,0.05233876407146454,0.14679990708827972,0.6540614515542984
CAT,xgboost,3,2022-11-29,-1,0,0.5897948145866394,0.028116021305322647,0.38208913803100586,0.20770567655563354
CAT,xgboost,3,2022-11-30,-1,0,0.6555279493331909,0.09827914834022522,0.24619294703006744,0.4093350023031235
CAT,xgboost,3,2022-12-01,-1,0,0.620233952999115,0.10282474756240845,0.2769412696361542,0.3432926833629608
CAT,xgboost,3,2022-12-02,-1,0,0.5524857640266418,0.1806289255619049,0.26688528060913086,0.285600483417511
CAT,xgboost,3,2022-12-05,0,0,0.9246160984039307,0.03820164501667023,0.03820164501667023,0.8864144533872604
CAT,xgboost,3,2022-12-06,1,0,0.6459769010543823,0.27571767568588257,0.27571767568588257,0.37025922536849976
CAT,xgboost,3,2022-12-07,1,0,0.5608034729957581,0.3146044909954071,0.3146044909954071,0.24619898200035095
CAT,xgboost,3,2022-12-08,0,0,0.8620264530181885,0.10670328140258789,0.10670328140258789,0.7553231716156006
CAT,xgboost,3,2022-12-09,1,0,0.4419828951358795,0.42220842838287354,0.42220842838287354,0.01977446675300598
CAT,xgboost,3,2022-12-12,0,0,0.6746079921722412,0.2206718921661377,0.2206718921661377,0.4539361000061035
CAT,xgboost,3,2022-12-13,0,0,0.6497032046318054,0.20052649080753326,0.20052649080753326,0.44917671382427216
CAT,xgboost,3,2022-12-14,1,0,0.4332998991012573,0.3301868140697479,0.3301868140697479,0.1031130850315094
CAT,xgboost,3,2022-12-15,1,1,0.6232727766036987,0.6232727766036987,0.2518145740032196,0.3714582026004791
CAT,xgboost,3,2022-12-16,1,1,0.6341933608055115,0.6341933608055115,0.21078945696353912,0.42340390384197235
CAT,xgboost,3,2022-12-19,1,1,0.4679739475250244,0.4679739475250244,0.3190234899520874,0.148950457572937
CAT,xgboost,3,2022-12-20,0,0,0.496682733297348,0.28987962007522583,0.28987962007522583,0.2068031132221222
CAT,xgboost,3,2022-12-21,0,1,0.4467701017856598,0.4467701017856598,0.40996959805488586,0.036800503730773926
CAT,xgboost,3,2022-12-22,0,1,0.5279081463813782,0.5279081463813782,0.30513834953308105,0.22276979684829712
CAT,xgboost,3,2022-12-23,0,1,0.45293959975242615,0.45293959975242615,0.3925206661224365,0.060418933629989624
CAT,xgboost,3,2022-12-27,0,1,0.454777330160141,0.454777330160141,0.3710535764694214,0.0837237536907196
CAT,xgboost,3,2022-12-28,0,-1,0.40224429965019226,0.3392293453216553,0.3392293453216553,0.06301495432853699
CAT,xgboost,3,2022-12-29,1,1,0.4721711575984955,0.4721711575984955,0.4005696177482605,0.07160153985023499
CAT,xgboost,3,2022-12-30,1,1,0.6064407229423523,0.6064407229423523,0.23646867275238037,0.3699720501899719
CAT,xgboost,3,2023-01-03,1,1,0.5182724595069885,0.5182724595069885,0.2931816577911377,0.22509080171585083
CAT,xgboost,3,2023-01-04,1,1,0.39128896594047546,0.39128896594047546,0.3384152054786682,0.05287376046180725
CAT,xgboost,3,2023-01-05,1,-1,0.4303782284259796,0.19761180877685547,0.3720099925994873,0.05836823582649231
CAT,xgboost,3,2023-01-06,1,1,0.6202042698860168,0.6202042698860168,0.2059819996356964,0.41422227025032043
CAT,xgboost,3,2023-01-09,1,-1,0.48679471015930176,0.35073530673980713,0.35073530673980713,0.13605940341949463
CAT,xgboost,3,2023-01-10,0,-1,0.6220172047615051,0.24975106120109558,0.24975106120109558,0.37226614356040955
CAT,xgboost,3,2023-01-11,0,-1,0.47830069065093994,0.41664114594459534,0.41664114594459534,0.061659544706344604
CAT,xgboost,3,2023-01-12,0,-1,0.4684032201766968,0.21268151700496674,0.3189152181148529,0.14948800206184387
CAT,xgboost,3,2023-01-13,0,-1,0.6124448180198669,0.11652414500713348,0.271030992269516,0.34141382575035095
CAT,xgboost,3,2023-01-17,0,-1,0.6691522002220154,0.1449483186006546,0.18589945137500763,0.48325274884700775
CAT,xgboost,3,2023-01-18,1,-1,0.5440846085548401,0.20501430332660675,0.25090107321739197,0.2931835353374481
CAT,xgboost,3,2023-01-19,1,0,0.5301405191421509,0.20673370361328125,0.26312580704689026,0.2670147120952606
CAT,xgboost,3,2023-01-20,1,1,0.4474698007106781,0.4474698007106781,0.3659847378730774,0.08148506283760071
CAT,xgboost,3,2023-01-23,1,0,0.8314210772514343,0.08312825113534927,0.085450679063797,0.7459703981876373
CAT,xgboost,3,2023-01-24,-1,-1,0.4297536313533783,0.25776949524879456,0.31247684359550476,0.11727678775787354
CAT,xgboost,3,2023-01-25,-1,0,0.3917168378829956,0.26176974177360535,0.34651342034339905,0.04520341753959656
CAT,xgboost,3,2023-01-26,-1,0,0.5351945161819458,0.1470150351524353,0.3177904784679413,0.21740403771400452
CAT,xgboost,3,2023-01-27,-1,0,0.4899778962135315,0.1326483190059662,0.37737375497817993,0.11260414123535156
CAT,xgboost,3,2023-01-30,-1,-1,0.541064441204071,0.164412260055542,0.2945232689380646,0.24654117226600647
CAT,xgboost,3,2023-01-31,0,0,0.9194977879524231,0.06507771462202072,0.06507771462202072,0.8544200733304024
CAT,xgboost,3,2023-02-01,0,0,0.7199468016624451,0.2099064737558365,0.2099064737558365,0.5100403279066086
CAT,xgboost,3,2023-02-02,0,1,0.5462741255760193,0.5462741255760193,0.33241549134254456,0.21385863423347473
CAT,xgboost,3,2023-02-03,0,1,0.48053938150405884,0.48053938150405884,0.427489697933197,0.053049683570861816
CAT,xgboost,3,2023-02-06,0,0,0.6933978796005249,0.2035076916217804,0.2035076916217804,0.4898901879787445
CAT,xgboost,3,2023-02-07,-1,0,0.7382668256759644,0.20472437143325806,0.20472437143325806,0.5335424542427063
CAT,xgboost,3,2023-02-08,0,0,0.5799297094345093,0.19519442319869995,0.22487588226795197,0.3550538271665573
CAT,xgboost,3,2023-02-09,0,-1,0.3631221652030945,0.2914882004261017,0.34538963437080383,0.01773253083229065
CAT,xgboost,3,2023-02-10,0,0,0.5028710961341858,0.27904245257377625,0.27904245257377625,0.22382864356040955
CAT,xgboost,3,2023-02-13,-1,0,0.4916134774684906,0.3244721293449402,0.3244721293449402,0.16714134812355042
CAT,xgboost,3,2023-02-14,-1,0,0.7110805511474609,0.06084593012928963,0.22807350754737854,0.4830070436000824
CAT,xgboost,3,2023-02-15,-1,-1,0.49649882316589355,0.2607238292694092,0.2607238292694092,0.23577499389648438
CAT,xgboost,3,2023-02-16,-1,0,0.5255521535873413,0.24041268229484558,0.24041268229484558,0.2851394712924957
CAT,xgboost,3,2023-02-17,-1,-1,0.4300508499145508,0.3438604474067688,0.3438604474067688,0.08619040250778198
CAT,xgboost,3,2023-02-21,0,0,0.5596083998680115,0.20432722568511963,0.23606440424919128,0.3235439956188202
CAT,xgboost,3,2023-02-22,1,-1,0.41354483366012573,0.30831748247146606,0.30831748247146606,0.10522735118865967
CAT,xgboost,3,2023-02-23,1,-1,0.4907280206680298,0.23734162747859955,0.2719303071498871,0.2187977135181427
CAT,xgboost,3,2023-02-24,1,0,0.7404780983924866,0.0983540415763855,0.16116788983345032,0.5793102085590363
CAT,xgboost,3,2023-02-27,1,0,0.5322875380516052,0.20231513679027557,0.2653973698616028,0.26689016819000244
CAT,xgboost,3,2023-02-28,1,0,0.5840973854064941,0.19782240688800812,0.21808016300201416,0.36601722240448
CAT,xgboost,3,2023-03-01,0,1,0.5267974138259888,0.5267974138259888,0.34761515259742737,0.1791822612285614
CAT,xgboost,3,2023-03-02,-1,1,0.44001132249832153,0.44001132249832153,0.40184691548347473,0.0381644070148468
CAT,xgboost,3,2023-03-03,-1,-1,0.45907270908355713,0.2974405586719513,0.2974405586719513,0.16163215041160583
CAT,xgboost,3,2023-03-06,-1,0,0.5006985664367676,0.32118821144104004,0.32118821144104004,0.17951035499572754
CAT,xgboost,3,2023-03-07,-1,0,0.4832093417644501,0.2213502675294876,0.2954403758049011,0.18776896595954895
CAT,xgboost,3,2023-03-08,-1,0,0.6902947425842285,0.17304854094982147,0.17304854094982147,0.517246201634407
CAT,xgboost,3,2023-03-09,-1,0,0.47214388847351074,0.22496937215328217,0.3028866946697235,0.16925719380378723
CAT,xgboost,3,2023-03-10,-1,0,0.5692021250724792,0.049060311168432236,0.3817375898361206,0.18746453523635864
CAT,xgboost,3,2023-03-13,0,0,0.5748411417007446,0.06262540072202682,0.36253345012664795,0.21230769157409668
CAT,xgboost,3,2023-03-14,0,-1,0.738824725151062,0.12414152175188065,0.13703373074531555,0.6017909944057465
CAT,xgboost,3,2023-03-15,0,0,0.5583763718605042,0.1177382692694664,0.32388538122177124,0.2344909906387329
CAT,xgboost,3,2023-03-16,0,0,0.678854763507843,0.1792977899312973,0.1792977899312973,0.4995569735765457
CAT,xgboost,3,2023-03-17,0,0,0.6420376896858215,0.3129265010356903,0.3129265010356903,0.3291111886501312
CAT,xgboost,3,2023-03-20,0,0,0.4632108807563782,0.21107399463653564,0.3257150948047638,0.13749578595161438
CAT,xgboost,3,2023-03-21,-1,1,0.4544776678085327,0.4544776678085327,0.44755956530570984,0.006918102502822876
CAT,xgboost,3,2023-03-22,0,0,0.7037575244903564,0.10812681913375854,0.18811571598052979,0.5156418085098267
CAT,xgboost,3,2023-03-23,1,0,0.49920108914375305,0.3650416433811188,0.3650416433811188,0.13415944576263428
CAT,xgboost,3,2023-03-24,1,0,0.7941439151763916,0.17856556177139282,0.17856556177139282,0.6155783534049988
CAT,xgboost,3,2023-03-27,1,0,0.6660750508308411,0.25871264934539795,0.25871264934539795,0.4073624014854431
CAT,xgboost,3,2023-03-28,0,0,0.9171993732452393,0.04415762796998024,0.04415762796998024,0.873041745275259
CAT,xgboost,3,2023-03-29,-1,0,0.9036592245101929,0.08168479055166245,0.08168479055166245,0.8219744339585304
CAT,xgboost,3,2023-03-30,-1,0,0.890412449836731,0.06835784763097763,0.06835784763097763,0.8220546022057533
CAT,xgboost,3,2023-03-31,-1,0,0.8475774526596069,0.034906815737485886,0.11751574277877808,0.7300617098808289
CAT,xgboost,3,2023-04-03,-1,0,0.5249488353729248,0.1256893128156662,0.3493618369102478,0.175586998462677
CAT,xgboost,3,2023-04-04,0,0,0.8138911724090576,0.16044031083583832,0.16044031083583832,0.6534508615732193
CAT,xgboost,3,2023-04-05,1,0,0.5413762927055359,0.37349388003349304,0.37349388003349304,0.16788241267204285
CAT,xgboost,3,2023-04-06,1,0,0.5572565197944641,0.38685154914855957,0.38685154914855957,0.17040497064590454
CAT,xgboost,3,2023-04-10,1,0,0.7157778739929199,0.2072177529335022,0.2072177529335022,0.5085601210594177
CAT,xgboost,3,2023-04-11,1,0,0.5584489703178406,0.11495902389287949,0.32659199833869934,0.23185697197914124
CAT,xgboost,3,2023-04-12,0,0,0.6239397525787354,0.22662901878356934,0.22662901878356934,0.397310733795166
CAT,xgboost,3,2023-04-13,0,0,0.4186212122440338,0.2205812633037567,0.36079755425453186,0.05782365798950195
CAT,xgboost,3,2023-04-14,0,1,0.5022317171096802,0.5022317171096802,0.411405086517334,0.09082663059234619
CAT,xgboost,3,2023-04-17,0,0,0.47755295038223267,0.3628145158290863,0.3628145158290863,0.11473843455314636
CAT,xgboost,3,2023-04-18,-1,0,0.5671114921569824,0.24360230565071106,0.24360230565071106,0.32350918650627136
CAT,xgboost,3,2023-04-19,-1,0,0.611088216304779,0.21965308487415314,0.21965308487415314,0.3914351314306259
CAT,xgboost,3,2023-04-20,-1,0,0.7012574672698975,0.24850893020629883,0.24850893020629883,0.45274853706359863
CAT,xgboost,3,2023-04-21,0,0,0.7212031483650208,0.2071382701396942,0.2071382701396942,0.5140648782253265
CAT,xgboost,3,2023-04-24,-1,0,0.6797567009925842,0.20397375524044037,0.20397375524044037,0.47578294575214386
CAT,xgboost,3,2023-04-25,0,0,0.5841550827026367,0.2742680609226227,0.2742680609226227,0.30988702178001404
CAT,xgboost,3,2023-04-26,0,0,0.48635679483413696,0.32424166798591614,0.32424166798591614,0.16211512684822083
CAT,xgboost,3,2023-04-27,0,0,0.6611132025718689,0.2919352352619171,0.2919352352619171,0.3691779673099518
CAT,xgboost,3,2023-04-28,0,0,0.42818179726600647,0.2776602804660797,0.2941579222679138,0.13402387499809265
CAT,xgboost,3,2023-05-01,0,0,0.5130972266197205,0.2446373552083969,0.2446373552083969,0.26845987141132355
CAT,xgboost,3,2023-05-02,0,0,0.4822709858417511,0.3211546540260315,0.3211546540260315,0.1611163318157196
CAT,xgboost,3,2023-05-03,0,0,0.501302182674408,0.3924535810947418,0.3924535810947418,0.10884860157966614
CAT,xgboost,3,2023-05-04,0,1,0.47399982810020447,0.47399982810020447,0.42444509267807007,0.0495547354221344
CAT,xgboost,3,2023-05-05,-1,0,0.5427066683769226,0.40881893038749695,0.40881893038749695,0.13388773798942566
CAT,xgboost,3,2023-05-08,0,0,0.6051698327064514,0.2783169150352478,0.2783169150352478,0.3268529176712036
CAT,xgboost,3,2023-05-09,-1,0,0.6129094362258911,0.34475380182266235,0.34475380182266235,0.26815563440322876
CAT,xgboost,3,2023-05-10,0,1,0.4538450241088867,0.4538450241088867,0.43488362431526184,0.018961399793624878
CAT,xgboost,3,2023-05-11,1,0,0.7249494194984436,0.20077770948410034,0.20077770948410034,0.5241717100143433
CAT,xgboost,3,2023-05-12,1,0,0.45270684361457825,0.28404441475868225,0.28404441475868225,0.168662428855896
CAT,xgboost,3,2023-05-15,0,0,0.4998078942298889,0.279640793800354,0.279640793800354,0.2201671004295349
CAT,xgboost,3,2023-05-16,1,0,0.5831580758094788,0.2718997299671173,0.2718997299671173,0.31125834584236145
CAT,xgboost,3,2023-05-17,0,0,0.4034704267978668,0.28517940640449524,0.31135010719299316,0.09212031960487366
CAT,xgboost,3,2023-05-18,-1,-1,0.5199249982833862,0.19682878255844116,0.2832461893558502,0.236678808927536
CAT,xgboost,3,2023-05-19,0,-1,0.49832263588905334,0.13963410258293152,0.36204326152801514,0.1362793743610382
CAT,xgboost,3,2023-05-22,-1,-1,0.498845636844635,0.21355728805065155,0.2875971496105194,0.2112484872341156
CAT,xgboost,3,2023-05-23,-1,0,0.4622264802455902,0.18570639193058014,0.35206714272499084,0.11015933752059937
CAT,xgboost,3,2023-05-24,0,0,0.46946409344673157,0.24943679571151733,0.2810991406440735,0.18836495280265808
CAT,xgboost,3,2023-05-25,1,0,0.42646169662475586,0.36004775762557983,0.36004775762557983,0.06641393899917603
CAT,xgboost,3,2023-05-26,1,0,0.4674879312515259,0.2897021472454071,0.2897021472454071,0.17778578400611877
CAT,xgboost,3,2023-05-30,1,0,0.4043286144733429,0.23876303434371948,0.3569083511829376,0.04742026329040527
CAT,xgboost,3,2023-05-31,1,1,0.49375858902931213,0.49375858902931213,0.41664960980415344,0.07710897922515869
CAT,xgboost,3,2023-06-01,1,0,0.3928287923336029,0.2804391086101532,0.3267320990562439,0.06609669327735901
CAT,xgboost,3,2023-06-02,1,1,0.4063786268234253,0.4063786268234253,0.3298068940639496,0.07657173275947571
CAT,xgboost,3,2023-06-05,1,0,0.5280669927597046,0.19043882191181183,0.28149423003196716,0.24657276272773743
CAT,xgboost,3,2023-06-06,1,0,0.5398226380348206,0.2990953326225281,0.2990953326225281,0.24072730541229248
CAT,xgboost,3,2023-06-07,1,-1,0.41937345266342163,0.23776653409004211,0.3428599536418915,0.07651349902153015
CAT,xgboost,3,2023-06-08,1,0,0.6789788007736206,0.16160254180431366,0.16160254180431366,0.517376258969307
CAT,xgboost,3,2023-06-09,1,0,0.4554516077041626,0.11277056485414505,0.43177780508995056,0.023673802614212036
CAT,xgboost,3,2023-06-12,0,-1,0.399821937084198,0.33952802419662476,0.33952802419662476,0.06029391288757324
CAT,xgboost,3,2023-06-13,0,-1,0.39506641030311584,0.298347532749176,0.30658599734306335,0.08848041296005249
CAT,xgboost,3,2023-06-14,-1,0,0.6782177686691284,0.08860720694065094,0.23317502439022064,0.4450427442789078
CAT,xgboost,3,2023-06-15,-1,0,0.5237350463867188,0.054132454097270966,0.4221325218677521,0.10160252451896667
CAT,xgboost,3,2023-06-16,-1,0,0.5855673551559448,0.08419130742549896,0.3302413821220398,0.25532597303390503
CAT,xgboost,3,2023-06-20,0,0,0.762749969959259,0.052339084446430206,0.18491095304489136,0.5778390169143677
CAT,xgboost,3,2023-06-21,0,0,0.49838051199913025,0.09967631101608276,0.401943176984787,0.09643733501434326
CAT,xgboost,3,2023-06-22,1,0,0.9177888035774231,0.01745361089706421,0.06475754082202911,0.853031262755394
CAT,xgboost,3,2023-06-23,1,0,0.9103507399559021,0.029842134565114975,0.059807080775499344,0.8505436591804028
CAT,xgboost,3,2023-06-26,1,0,0.6201744675636292,0.08311266452074051,0.29671281576156616,0.323461651802063
CAT,xgboost,3,2023-06-27,0,0,0.4716112017631531,0.09747616946697235,0.43091264367103577,0.04069855809211731
CAT,xgboost,3,2023-06-28,0,-1,0.6843459010124207,0.050939757376909256,0.2647143602371216,0.4196315407752991
CAT,xgboost,3,2023-06-29,0,-1,0.7752396464347839,0.14597952365875244,0.14597952365875244,0.6292601227760315
CAT,xgboost,3,2023-06-30,0,0,0.5763663649559021,0.16379842162132263,0.25983524322509766,0.31653112173080444
CAT,xgboost,3,2023-07-03,1,0,0.7178645730018616,0.10975662618875504,0.17237882316112518,0.5454857498407364
CAT,xgboost,3,2023-07-05,1,0,0.7109465003013611,0.023915259167551994,0.2651382088661194,0.4458082914352417
CAT,xgboost,3,2023-07-06,1,0,0.8434780240058899,0.10330472886562347,0.10330472886562347,0.7401732951402664
CAT,xgboost,3,2023-07-07,1,0,0.5888066291809082,0.1425998955965042,0.2685934603214264,0.3202131688594818
CAT,xgboost,3,2023-07-10,1,-1,0.47737130522727966,0.18111710250377655,0.3415115475654602,0.13585975766181946
CAT,xgboost,3,2023-07-11,1,0,0.5580276846885681,0.0571603961288929,0.3848119378089905,0.17321574687957764
CAT,xgboost,3,2023-07-12,1,0,0.5241177678108215,0.1216927245259285,0.3541894853115082,0.16992828249931335
CAT,xgboost,3,2023-07-13,1,0,0.7640979290008545,0.1585869938135147,0.1585869938135147,0.6055109351873398
CAT,xgboost,3,2023-07-14,0,0,0.7393232583999634,0.1362898349761963,0.1362898349761963,0.6030334234237671
CAT,xgboost,3,2023-07-17,0,0,0.43797025084495544,0.1771824061870575,0.38484734296798706,0.053122907876968384
CAT,xgboost,3,2023-07-18,0,0,0.7470733523368835,0.10891028493642807,0.1440163254737854,0.6030570268630981
CAT,xgboost,3,2023-07-19,0,0,0.7375583648681641,0.035105086863040924,0.2273366004228592,0.5102217644453049
CAT,xgboost,3,2023-07-20,0,0,0.8066593408584595,0.04059453308582306,0.15274609625339508,0.6539132446050644
CAT,xgboost,3,2023-07-21,0,0,0.7405335307121277,0.03506704419851303,0.22439949214458466,0.516134038567543
CAT,xgboost,3,2023-07-24,1,0,0.7517815232276917,0.039787255227565765,0.20843122899532318,0.5433502942323685
CAT,xgboost,3,2023-07-25,1,0,0.4846392869949341,0.041367825120687485,0.47399285435676575,0.010646432638168335
CAT,xgboost,3,2023-07-26,1,0,0.6718735098838806,0.07306842505931854,0.25505807995796204,0.4168154299259186
CAT,xgboost,3,2023-07-27,1,-1,0.4605286717414856,0.08746875822544098,0.4520025849342346,0.008526086807250977
CAT,xgboost,3,2023-07-28,1,0,0.7424567341804504,0.12964946031570435,0.12964946031570435,0.6128072738647461
CAT,xgboost,3,2023-07-31,1,0,0.5526703000068665,0.11309776455163956,0.334231972694397,0.21843832731246948
CAT,xgboost,3,2023-08-01,0,0,0.633365273475647,0.07367376238107681,0.2929609417915344,0.34040433168411255
CAT,xgboost,3,2023-08-02,0,0,0.7615448832511902,0.09940853714942932,0.13904660940170288,0.6224982738494873
CAT,xgboost,3,2023-08-03,0,0,0.7333852648735046,0.08550078421831131,0.18111392855644226,0.5522713363170624
CAT,xgboost,3,2023-08-04,1,-1,0.5256505012512207,0.16658414900302887,0.3077653646469116,0.21788513660430908
CAT,xgboost,3,2023-08-07,0,0,0.5994206666946411,0.17229436337947845,0.22828495502471924,0.3711357116699219
CAT,xgboost,3,2023-08-08,0,-1,0.5369141697883606,0.1059422492980957,0.3571435511112213,0.17977061867713928
CAT,xgboost,3,2023-08-09,-1,-1,0.44464167952537537,0.11754220724105835,0.43781614303588867,0.006825536489486694
CAT,xgboost,3,2023-08-10,-1,-1,0.46050626039505005,0.10129213333129883,0.4382016062736511,0.022304654121398926
CAT,xgboost,3,2023-08-11,-1,0,0.7884900569915771,0.061124905943870544,0.15038500726222992,0.6381050497293472
CAT,xgboost,3,2023-08-14,-1,0,0.6687477827072144,0.12122268229722977,0.2100294679403305,0.45871831476688385
CAT,xgboost,3,2023-08-15,-1,0,0.9022188186645508,0.031029120087623596,0.06675200909376144,0.8354668095707893
CAT,xgboost,3,2023-08-16,0,0,0.5471436381340027,0.1909548044204712,0.2619015574455261,0.28524208068847656
CAT,xgboost,3,2023-08-17,-1,0,0.7772767543792725,0.09466809779405594,0.12805509567260742,0.649221658706665
CAT,xgboost,3,2023-08-18,0,0,0.7134897708892822,0.11264597624540329,0.1738642305135727,0.5396255403757095
CAT,xgboost,3,2023-08-21,0,0,0.5094729065895081,0.26041340827941895,0.26041340827941895,0.2490594983100891
CAT,xgboost,3,2023-08-22,1,0,0.5237279534339905,0.1295221894979477,0.34674984216690063,0.17697811126708984
CAT,xgboost,3,2023-08-23,1,0,0.8158921599388123,0.05390174686908722,0.1302061676979065,0.6856859922409058
CAT,xgboost,3,2023-08-24,1,0,0.5851998329162598,0.09931004047393799,0.31549012660980225,0.2697097063064575
CAT,xgboost,3,2023-08-25,1,0,0.4775397777557373,0.15720303356647491,0.365257203578949,0.11228257417678833
CAT,xgboost,3,2023-08-28,1,0,0.37999770045280457,0.3172910511493683,0.3172910511493683,0.06270664930343628
CAT,xgboost,3,2023-08-29,0,0,0.42870378494262695,0.36710160970687866,0.36710160970687866,0.06160217523574829
CAT,xgboost,3,2023-08-30,0,0,0.5359029173851013,0.3735787272453308,0.3735787272453308,0.1623241901397705
CAT,xgboost,3,2023-08-31,0,0,0.531404435634613,0.384915292263031,0.384915292263031,0.14648914337158203
CAT,xgboost,3,2023-09-01,0,1,0.5146328806877136,0.5146328806877136,0.3540266454219818,0.1606062352657318
CAT,xgboost,3,2023-09-05,0,1,0.570736289024353,0.570736289024353,0.2813158333301544,0.2894204556941986
CAT,xgboost,3,2023-09-06,-1,1,0.5237084031105042,0.5237084031105042,0.3772871494293213,0.14642125368118286
CAT,xgboost,3,2023-09-07,0,1,0.6587476134300232,0.6587476134300232,0.24080370366573334,0.41794390976428986
CAT,xgboost,3,2023-09-08,0,0,0.5344336032867432,0.3890223801136017,0.3890223801136017,0.14541122317314148
CAT,xgboost,3,2023-09-11,0,0,0.5687410831451416,0.3360806107521057,0.3360806107521057,0.2326604723930359
CAT,xgboost,3,2023-09-12,0,0,0.5744250416755676,0.340342253446579,0.340342253446579,0.23408278822898865
CAT,xgboost,3,2023-09-13,0,0,0.4800848066806793,0.2930642366409302,0.2930642366409302,0.18702057003974915
CAT,xgboost,3,2023-09-14,-1,0,0.7948846817016602,0.1690681278705597,0.1690681278705597,0.6258165538311005
CAT,xgboost,3,2023-09-15,-1,0,0.7910460233688354,0.15664510428905487,0.15664510428905487,0.6344009190797806
CAT,xgboost,3,2023-09-18,-1,0,0.5514162182807922,0.3348143994808197,0.3348143994808197,0.21660181879997253
CAT,xgboost,3,2023-09-19,-1,1,0.4534640610218048,0.4534640610218048,0.3777017593383789,0.0757623016834259
CAT,xgboost,3,2023-09-20,-1,0,0.4768235981464386,0.23109030723571777,0.29208609461784363,0.18473750352859497
CAT,xgboost,3,2023-09-21,0,1,0.36930039525032043,0.36930039525032043,0.3549420237541199,0.014358371496200562
CAT,xgboost,3,2023-09-22,0,1,0.4776664972305298,0.4776664972305298,0.37626516819000244,0.10140132904052734
CAT,xgboost,3,2023-09-25,0,0,0.4779103696346283,0.23073989152908325,0.2913496792316437,0.18656069040298462
CAT,xgboost,3,2023-09-26,0,1,0.4429342746734619,0.4429342746734619,0.40813493728637695,0.03479933738708496
CAT,xgboost,3,2023-09-27,-1,-1,0.5054498910903931,0.4084320664405823,0.4084320664405823,0.09701782464981079
CAT,xgboost,3,2023-09-28,-1,-1,0.5117316842079163,0.42352572083473206,0.42352572083473206,0.0882059633731842
CAT,xgboost,3,2023-09-29,-1,-1,0.5767673254013062,0.33152201771736145,0.33152201771736145,0.2452453076839447
CAT,xgboost,3,2023-10-02,0,-1,0.635543942451477,0.2556038498878479,0.2556038498878479,0.37994009256362915
CAT,xgboost,3,2023-10-03,0,-1,0.6657993793487549,0.19258162379264832,0.19258162379264832,0.47321775555610657
CAT,xgboost,3,2023-10-04,1,0,0.41963353753089905,0.35630589723587036,0.35630589723587036,0.06332764029502869
CAT,xgboost,3,2023-10-05,1,-1,0.6669089198112488,0.14648903906345367,0.18660205602645874,0.48030686378479004
CAT,xgboost,3,2023-10-06,0,0,0.6526590585708618,0.2019205540418625,0.2019205540418625,0.45073850452899933
CAT,xgboost,3,2023-10-09,0,0,0.5989326238632202,0.2601683735847473,0.2601683735847473,0.3387642502784729
CAT,xgboost,3,2023-10-10,0,0,0.714440107345581,0.1814437359571457,0.1814437359571457,0.5329963713884354
CAT,xgboost,3,2023-10-11,-1,0,0.6245604753494263,0.20952938497066498,0.20952938497066498,0.4150310903787613
CAT,xgboost,3,2023-10-12,-1,0,0.5705158114433289,0.21212345361709595,0.2173607498407364,0.35315506160259247
CAT,xgboost,3,2023-10-13,-1,0,0.5673421621322632,0.25245389342308044,0.25245389342308044,0.31488826870918274
CAT,xgboost,3,2023-10-16,-1,0,0.7371087074279785,0.1947130709886551,0.1947130709886551,0.5423956364393234
CAT,xgboost,3,2023-10-17,-1,0,0.3984787166118622,0.3808700740337372,0.3808700740337372,0.017608642578125
CAT,xgboost,3,2023-10-18,-1,0,0.8087421655654907,0.09755615890026093,0.09755615890026093,0.7111860066652298
CAT,xgboost,3,2023-10-19,-1,0,0.5994166135787964,0.1331331729888916,0.267450213432312,0.3319664001464844
CAT,xgboost,3,2023-10-20,-1,-1,0.6147315502166748,0.17182743549346924,0.21344101428985596,0.40129053592681885
CAT,xgboost,3,2023-10-23,-1,0,0.35396668314933777,0.30069082975387573,0.3453425168991089,0.008624166250228882
CAT,xgboost,3,2023-10-24,-1,0,0.8160303831100464,0.07460910826921463,0.10936050117015839,0.706669881939888
CAT,xgboost,3,2023-10-25,-1,0,0.37934398651123047,0.3604494035243988,0.3604494035243988,0.018894582986831665
CAT,xgboost,3,2023-10-26,0,1,0.4329271614551544,0.4329271614551544,0.39097344875335693,0.041953712701797485
CAT,xgboost,3,2023-10-27,0,1,0.5225958228111267,0.5225958228111267,0.2786484956741333,0.2439473271369934
CAT,xgboost,3,2023-10-30,0,0,0.4235277771949768,0.295001357793808,0.295001357793808,0.12852641940116882
CAT,xgboost,3,2023-10-31,1,0,0.7094424962997437,0.21017618477344513,0.21017618477344513,0.4992663115262985
CAT,xgboost,3,2023-11-01,0,0,0.7746902704238892,0.17120467126369476,0.17120467126369476,0.6034855991601944
CAT,xgboost,3,2023-11-02,-1,1,0.6129475831985474,0.6129475831985474,0.24001576006412506,0.3729318231344223
CAT,xgboost,3,2023-11-03,0,0,0.4431002736091614,0.35650065541267395,0.35650065541267395,0.08659961819648743
CAT,xgboost,3,2023-11-06,0,0,0.6751400232315063,0.22676706314086914,0.22676706314086914,0.4483729600906372
CAT,xgboost,3,2023-11-07,1,0,0.6136652231216431,0.3541210889816284,0.3541210889816284,0.25954413414001465
CAT,xgboost,3,2023-11-08,1,0,0.8158575892448425,0.12186192721128464,0.12186192721128464,0.6939956620335579
CAT,xgboost,3,2023-11-09,1,0,0.4457642734050751,0.2955903708934784,0.2955903708934784,0.15017390251159668
CAT,xgboost,3,2023-11-10,1,0,0.501335859298706,0.28635403513908386,0.28635403513908386,0.2149818241596222
CAT,xgboost,3,2023-11-13,1,0,0.7237503528594971,0.18673790991306305,0.18673790991306305,0.537012442946434
CAT,xgboost,3,2023-11-14,0,0,0.6306795477867126,0.06448756903409958,0.3048328757286072,0.32584667205810547
CAT,xgboost,3,2023-11-15,-1,0,0.47667789459228516,0.11280249059200287,0.4105195701122284,0.06615832448005676
CAT,xgboost,3,2023-11-16,0,0,0.7650447487831116,0.1154732033610344,0.11948199570178986,0.6455627530813217
CAT,xgboost,3,2023-11-17,-1,0,0.6067036390304565,0.09819257259368896,0.2951038181781769,0.31159982085227966
CAT,xgboost,3,2023-11-20,0,0,0.8191872835159302,0.07908286899328232,0.10172981023788452,0.7174574732780457
CAT,xgboost,3,2023-11-21,0,0,0.6960245966911316,0.1758447289466858,0.1758447289466858,0.5201798677444458
CAT,xgboost,3,2023-11-22,0,0,0.8487968444824219,0.12872686982154846,0.12872686982154846,0.7200699746608734
CAT,xgboost,3,2023-11-24,1,0,0.5706781148910522,0.2938326895236969,0.2938326895236969,0.27684542536735535
CAT,xgboost,3,2023-11-27,1,0,0.6169775724411011,0.2946094870567322,0.2946094870567322,0.3223680853843689
CAT,xgboost,3,2023-11-28,1,0,0.5738893747329712,0.28399401903152466,0.28399401903152466,0.28989535570144653
CAT,xgboost,3,2023-11-29,1,0,0.7443541884422302,0.10602482408285141,0.14962096512317657,0.5947332233190536
CAT,xgboost,3,2023-11-30,1,0,0.7668599486351013,0.17948578298091888,0.17948578298091888,0.5873741656541824
CAT,xgboost,3,2023-12-01,0,0,0.7583913803100586,0.10606789588928223,0.13554075360298157,0.622850626707077
CAT,xgboost,3,2023-12-04,1,0,0.7421512007713318,0.1918945163488388,0.1918945163488388,0.550256684422493
CAT,xgboost,3,2023-12-05,1,0,0.49293625354766846,0.268222451210022,0.268222451210022,0.22471380233764648
CAT,xgboost,3,2023-12-06,1,0,0.5448354482650757,0.0472753681242466,0.407889187335968,0.13694626092910767
CAT,xgboost,3,2023-12-07,1,0,0.8407617807388306,0.0814303383231163,0.0814303383231163,0.7593314424157143
CAT,xgboost,3,2023-12-08,1,0,0.5135262608528137,0.07863888144493103,0.40783482789993286,0.10569143295288086
CAT,xgboost,3,2023-12-11,1,0,0.5664017796516418,0.17302030324935913,0.2605779469013214,0.30582383275032043
CAT,xgboost,3,2023-12-12,1,0,0.4973740875720978,0.33013981580734253,0.33013981580734253,0.16723427176475525
CAT,xgboost,3,2023-12-13,1,0,0.7480445504188538,0.0731368288397789,0.17881867289543152,0.5692258775234222
CAT,xgboost,3,2023-12-14,0,-1,0.48439738154411316,0.048996035009622574,0.46660658717155457,0.017790794372558594
CAT,xgboost,3,2023-12-15,0,0,0.5636089444160461,0.01829702779650688,0.4180940091609955,0.14551493525505066
CAT,xgboost,3,2023-12-18,1,0,0.6422423720359802,0.0247506070882082,0.3330070376396179,0.3092353343963623
CAT,xgboost,3,2023-12-19,0,-1,0.7042402029037476,0.07516682147979736,0.2205929309129715,0.48364727199077606
CAT,xgboost,3,2023-12-20,1,0,0.5614227652549744,0.03990675136446953,0.3986704647541046,0.16275230050086975
CAT,xgboost,3,2023-12-21,0,0,0.8529776930809021,0.01361872535198927,0.13340359926223755,0.7195740938186646
CAT,xgboost,3,2023-12-22,0,0,0.7168582677841187,0.02353828400373459,0.2596034109592438,0.4572548568248749
CAT,xgboost,3,2023-12-26,-1,0,0.5117089152336121,0.06952087581157684,0.4187701642513275,0.09293875098228455
CAT,xgboost,3,2023-12-27,-1,0,0.6092334389686584,0.0578073151409626,0.33295929431915283,0.2762741446495056
CAT,xgboost,3,2023-12-28,-1,0,0.6027258634567261,0.0424974299967289,0.3547767400741577,0.24794912338256836
CAT,xgboost,3,2023-12-29,0,0,0.6569030284881592,0.03146957978606224,0.3116273880004883,0.3452756404876709
CAT,xgboost,3,2024-01-02,0,0,0.5258097648620605,0.04490302875638008,0.4292871952056885,0.09652256965637207
CAT,xgboost,3,2024-01-03,1,0,0.6620892882347107,0.09556274116039276,0.24234791100025177,0.4197413772344589
CAT,xgboost,3,2024-01-04,1,0,0.6521185040473938,0.11947212368249893,0.22840936481952667,0.4237091392278671
CAT,xgboost,3,2024-01-05,0,-1,0.5085512399673462,0.08182162046432495,0.40962710976600647,0.09892413020133972
CAT,xgboost,3,2024-01-08,0,-1,0.6217455863952637,0.12966108322143555,0.24859337508678436,0.3731522113084793
CAT,xgboost,3,2024-01-09,-1,-1,0.5756831765174866,0.09948176145553589,0.32483500242233276,0.2508481740951538
CAT,xgboost,3,2024-01-10,-1,0,0.521757960319519,0.09059954434633255,0.3876424729824066,0.13411548733711243
CAT,xgboost,3,2024-01-11,0,-1,0.6835633516311646,0.11891082674264908,0.19752582907676697,0.4860375225543976
CAT,xgboost,3,2024-01-12,0,0,0.6269491314888,0.12394257634878159,0.24910828471183777,0.3778408467769623
CAT,xgboost,3,2024-01-16,0,0,0.6908842325210571,0.2794700562953949,0.2794700562953949,0.41141417622566223
CAT,xgboost,3,2024-01-17,1,0,0.5788602828979492,0.31597352027893066,0.31597352027893066,0.26288676261901855
CAT,xgboost,3,2024-01-18,1,0,0.5837451219558716,0.35830801725387573,0.35830801725387573,0.22543710470199585
CAT,xgboost,3,2024-01-19,1,0,0.6818824410438538,0.22792014479637146,0.22792014479637146,0.4539622962474823
CAT,xgboost,3,2024-01-22,1,0,0.8749586939811707,0.08813179284334183,0.08813179284334183,0.7868269011378288
CAT,xgboost,3,2024-01-23,1,0,0.7898575663566589,0.12559932470321655,0.12559932470321655,0.6642582416534424
CAT,xgboost,3,2024-01-24,1,0,0.6656323075294495,0.22883100807666779,0.22883100807666779,0.4368012994527817
CAT,xgboost,3,2024-01-25,1,0,0.7085477709770203,0.19205541908740997,0.19205541908740997,0.5164923518896103
CAT,xgboost,3,2024-01-26,1,0,0.8302825093269348,0.10981893539428711,0.10981893539428711,0.7204635739326477
CAT,xgboost,3,2024-01-29,1,0,0.7820534706115723,0.0974222868680954,0.12052424997091293,0.6615292206406593
CAT,xgboost,3,2024-01-30,1,0,0.7213238477706909,0.13525541126728058,0.1434207409620285,0.5779031068086624
CAT,xgboost,3,2024-01-31,1,0,0.8671473860740662,0.06247054040431976,0.07038204371929169,0.7967653423547745
CAT,xgboost,3,2024-02-01,1,0,0.8063600063323975,0.05706162750720978,0.13657842576503754,0.6697815805673599
CAT,xgboost,3,2024-02-02,0,0,0.7905795574188232,0.04544348642230034,0.1639769971370697,0.6266025602817535
CAT,xgboost,3,2024-02-05,0,-1,0.4735279977321625,0.10382846742868423,0.4226435422897339,0.05088445544242859
CAT,xgboost,3,2024-02-06,-1,0,0.5744867920875549,0.0923309251666069,0.33318230509757996,0.24130448698997498
CAT,xgboost,3,2024-02-07,-1,0,0.612611711025238,0.11576156318187714,0.271626740694046,0.340984970331192
CAT,xgboost,3,2024-02-08,0,0,0.9072025418281555,0.030404087156057358,0.062393393367528915,0.8448091484606266
CAT,xgboost,3,2024-02-09,0,0,0.8720247745513916,0.0954209715127945,0.0954209715127945,0.7766038030385971
CAT,xgboost,3,2024-02-12,-1,0,0.6610866189002991,0.12838971614837646,0.21052366495132446,0.4505629539489746
CAT,xgboost,3,2024-02-13,0,0,0.9505765438079834,0.03028407134115696,0.03028407134115696,0.9202924724668264
CAT,xgboost,3,2024-02-14,0,0,0.7404963970184326,0.12046418339014053,0.13903941214084625,0.6014569848775864
CAT,xgboost,3,2024-02-15,0,-1,0.42209097743034363,0.2695100009441376,0.3083990514278412,0.11369192600250244
CAT,xgboost,3,2024-02-16,0,-1,0.46262305974960327,0.2973903715610504,0.2973903715610504,0.16523268818855286
CAT,xgboost,3,2024-02-20,1,0,0.8203079700469971,0.10513720661401749,0.10513720661401749,0.7151707634329796
CAT,xgboost,3,2024-02-21,1,0,0.8572711944580078,0.07759138196706772,0.07759138196706772,0.7796798124909401
CAT,xgboost,3,2024-02-22,1,0,0.8566226363182068,0.0978872999548912,0.0978872999548912,0.7587353363633156
CAT,xgboost,3,2024-02-23,1,0,0.9007830619812012,0.04180100932717323,0.057415906339883804,0.8433671556413174
CAT,xgboost,3,2024-02-26,1,0,0.7275881171226501,0.06228642538189888,0.21012546122074127,0.5174626559019089
CAT,xgboost,3,2024-02-27,0,0,0.8060644268989563,0.04539613053202629,0.14853940904140472,0.6575250178575516
CAT,xgboost,3,2024-02-28,0,0,0.7523675560951233,0.04891166090965271,0.1987207531929016,0.5536468029022217
CAT,xgboost,3,2024-02-29,0,0,0.8489684462547302,0.03292258456349373,0.11810897290706635,0.7308594733476639
CAT,xgboost,3,2024-03-01,0,0,0.9340540766716003,0.018751414492726326,0.047194480895996094,0.8868595957756042
CAT,xgboost,3,2024-03-04,0,0,0.903652012348175,0.02421368472278118,0.07213430851697922,0.8315177038311958
CAT,xgboost,3,2024-03-05,0,0,0.8056127429008484,0.08210716396570206,0.11228009313344955,0.6933326497673988
CAT,xgboost,3,2024-03-06,0,0,0.8846970200538635,0.0555143877863884,0.059788595885038376,0.8249084241688251
CAT,xgboost,3,2024-03-07,0,0,0.8654218912124634,0.05174872651696205,0.08282934129238129,0.7825925499200821
CAT,xgboost,3,2024-03-08,1,0,0.7574025988578796,0.06819253414869308,0.17440490424633026,0.5829976946115494
CAT,xgboost,3,2024-03-11,1,0,0.8846465945243835,0.017075922340154648,0.0982774943113327,0.7863691002130508
CAT,xgboost,3,2024-03-12,1,0,0.8757457137107849,0.038484930992126465,0.08576932549476624,0.7899763882160187
CAT,xgboost,3,2024-03-13,1,0,0.8528265357017517,0.017314402386546135,0.12985903024673462,0.7229675054550171
CAT,xgboost,3,2024-03-14,1,0,0.6171085238456726,0.046186067163944244,0.33670538663864136,0.28040313720703125
CAT,xgboost,3,2024-03-15,1,0,0.8084750771522522,0.04394187778234482,0.1475830227136612,0.660892054438591
CAT,xgboost,3,2024-03-18,0,0,0.9035854339599609,0.021214138716459274,0.07520046830177307,0.8283849656581879
CAT,xgboost,3,2024-03-19,0,0,0.7903806567192078,0.025314053520560265,0.1843053251504898,0.606075331568718
CAT,xgboost,3,2024-03-20,1,0,0.6718520522117615,0.030985817313194275,0.29716217517852783,0.37468987703323364
CAT,xgboost,3,2024-03-21,0,0,0.5616994500160217,0.0310484878718853,0.4072520434856415,0.15444740653038025
CAT,xgboost,3,2024-03-22,0,0,0.6051015853881836,0.026118645444512367,0.3687797784805298,0.2363218069076538
CAT,xgboost,3,2024-03-25,1,0,0.795686662197113,0.035476960241794586,0.16883635520935059,0.6268503069877625
CAT,xgboost,3,2024-03-26,1,0,0.7798081040382385,0.04267990589141846,0.17751197516918182,0.6022961288690567
CAT,xgboost,3,2024-03-27,0,0,0.7970361113548279,0.029706712812185287,0.17325717210769653,0.6237789392471313
CAT,xgboost,3,2024-03-28,1,0,0.832608163356781,0.035546597093343735,0.13184528052806854,0.7007628828287125
CAT,xgboost,3,2024-04-01,1,0,0.8138017058372498,0.0327092669904232,0.15348903834819794,0.6603126674890518
CAT,xgboost,3,2024-04-02,0,0,0.8469336628913879,0.04794454947113991,0.10512179136276245,0.7418118715286255
CAT,xgboost,3,2024-04-03,0,-1,0.5159940719604492,0.06156596168875694,0.4224399924278259,0.09355407953262329
CAT,xgboost,3,2024-04-04,0,-1,0.49674710631370544,0.1571919173002243,0.34606093168258667,0.15068617463111877
CAT,xgboost,3,2024-04-05,-1,0,0.5936148762702942,0.1718224734067917,0.23456263542175293,0.35905224084854126
CAT,xgboost,3,2024-04-08,-1,0,0.6053314208984375,0.15302924811840057,0.24163928627967834,0.36369213461875916
CAT,xgboost,3,2024-04-09,-1,0,0.41535675525665283,0.3588870167732239,0.3588870167732239,0.056469738483428955
CAT,xgboost,3,2024-04-10,-1,-1,0.38080957531929016,0.3517640233039856,0.3517640233039856,0.029045552015304565
CAT,xgboost,3,2024-04-11,-1,0,0.6683878898620605,0.19667771458625793,0.19667771458625793,0.4717101752758026
CAT,xgboost,3,2024-04-12,-1,0,0.4639695882797241,0.4568980038166046,0.4568980038166046,0.007071584463119507
CAT,xgboost,3,2024-04-15,0,1,0.5535050630569458,0.5535050630569458,0.3482987582683563,0.20520630478858948
CAT,xgboost,3,2024-04-16,0,0,0.6558260321617126,0.3152158260345459,0.3152158260345459,0.34061020612716675
CAT,xgboost,3,2024-04-17,0,1,0.4657249450683594,0.4657249450683594,0.3840824365615845,0.0816425085067749
CAT,xgboost,3,2024-04-18,-1,1,0.43549221754074097,0.43549221754074097,0.2987894117832184,0.13670280575752258
CAT,xgboost,3,2024-04-19,-1,1,0.606895923614502,0.606895923614502,0.2777738869190216,0.32912203669548035
CAT,xgboost,3,2024-04-22,-1,-1,0.4271267056465149,0.28086239099502563,0.2920109033584595,0.13511580228805542
CAT,xgboost,3,2024-04-23,-1,1,0.44342103600502014,0.44342103600502014,0.4221205711364746,0.021300464868545532
CAT,xgboost,3,2024-04-24,-1,1,0.5895973443984985,0.5895973443984985,0.2652244567871094,0.32437288761138916
CAT,xgboost,3,2024-04-25,0,0,0.41589099168777466,0.382186621427536,0.382186621427536,0.03370437026023865
CAT,xgboost,3,2024-04-26,0,1,0.5780925750732422,0.5780925750732422,0.30088332295417786,0.27720925211906433
CAT,xgboost,3,2024-04-29,-1,0,0.5391430258750916,0.38982585072517395,0.38982585072517395,0.1493171751499176
CAT,xgboost,3,2024-04-30,1,0,0.7001855969429016,0.20965608954429626,0.20965608954429626,0.49052950739860535
CAT,xgboost,3,2024-05-01,1,0,0.6138362288475037,0.1215016320347786,0.2646621763706207,0.34917405247688293
CAT,xgboost,3,2024-05-02,1,0,0.518507182598114,0.3128036558628082,0.3128036558628082,0.2057035267353058
CAT,xgboost,3,2024-05-03,1,0,0.4605059027671814,0.17853142321109772,0.3609626293182373,0.09954327344894409
CAT,xgboost,3,2024-05-06,1,0,0.6750120520591736,0.19185517728328705,0.19185517728328705,0.48315687477588654
CAT,xgboost,3,2024-05-07,1,0,0.4584182798862457,0.37576615810394287,0.37576615810394287,0.08265212178230286
CAT,xgboost,3,2024-05-08,1,1,0.5211037993431091,0.5211037993431091,0.26327282190322876,0.25783097743988037
CAT,xgboost,3,2024-05-09,0,0,0.5036964416503906,0.39546632766723633,0.39546632766723633,0.1082301139831543
CAT,xgboost,3,2024-05-10,0,0,0.514225423336029,0.4153483510017395,0.4153483510017395,0.09887707233428955
CAT,xgboost,3,2024-05-13,0,1,0.5122078061103821,0.5122078061103821,0.39965227246284485,0.11255553364753723
CAT,xgboost,3,2024-05-14,0,1,0.5194652676582336,0.5194652676582336,0.43613290786743164,0.083332359790802
CAT,xgboost,3,2024-05-15,0,0,0.7806304693222046,0.1566004902124405,0.1566004902124405,0.6240299791097641
CAT,xgboost,3,2024-05-16,0,0,0.6722643971443176,0.2556910514831543,0.2556910514831543,0.41657334566116333
CAT,xgboost,3,2024-05-17,-1,0,0.6673359870910645,0.2862147390842438,0.2862147390842438,0.3811212480068207
CAT,xgboost,3,2024-05-20,-1,0,0.49365997314453125,0.308651328086853,0.308651328086853,0.18500864505767822
CAT,xgboost,3,2024-05-21,-1,0,0.6834994554519653,0.26840800046920776,0.26840800046920776,0.41509145498275757
CAT,xgboost,3,2024-05-22,-1,0,0.6491188406944275,0.282559335231781,0.282559335231781,0.3665595054626465
