ticker,model,fold,date,y_true,y_pred,confidence,bullish_probability,second_best_probability,probability_margin
META,lightgbm,1,2019-10-03,0,0,0.45661259033910834,0.16189189303809184,0.3814955166227998,0.07511707371630855
META,lightgbm,1,2019-10-04,1,0,0.9088985846214748,0.026833224095696766,0.06426819128282854,0.8446303933386462
META,lightgbm,1,2019-10-07,1,-1,0.48900061412916934,0.19868975989987328,0.3123096259709574,0.17669098815821194
META,lightgbm,1,2019-10-08,1,-1,0.5157124273664329,0.018997752794150797,0.4652898198394163,0.05042260752701655
META,lightgbm,1,2019-10-09,1,0,0.6563980829448093,0.022831688516733676,0.320770228538457,0.3356278544063523
META,lightgbm,1,2019-10-10,1,-1,0.9768785015294645,0.008143690376967118,0.01497780809356837,0.9619006934358961
META,lightgbm,1,2019-10-11,0,-1,0.6846392805381156,0.006598341227608694,0.30876237823427566,0.37587690230383997
META,lightgbm,1,2019-10-14,1,0,0.9574505657253507,0.00841737341101407,0.03413206086363536,0.9233185048617153
META,lightgbm,1,2019-10-15,-1,0,0.841261964469187,0.06723815212887839,0.09149988340193474,0.7497620810672523
META,lightgbm,1,2019-10-16,0,0,0.9403161762089441,0.04446885515904837,0.04446885515904837,0.8958473210498957
META,lightgbm,1,2019-10-17,-1,0,0.7902857566082656,0.1047081368057924,0.10500610658594192,0.6852796500223237
META,lightgbm,1,2019-10-18,0,-1,0.5870752909584114,0.11650386512114694,0.2964208439204416,0.2906544470379698
META,lightgbm,1,2019-10-21,0,0,0.9914733888410878,0.00744962625418584,0.00744962625418584,0.9840237625869019
META,lightgbm,1,2019-10-22,1,-1,0.7024363301384813,0.003309352530496455,0.2942543173310222,0.4081820128074591
META,lightgbm,1,2019-10-23,0,0,0.5552554159576486,0.07085964312383108,0.3738849409185202,0.1813704750391284
META,lightgbm,1,2019-10-24,1,-1,0.9496659217753799,0.015417964637274928,0.0349161135873452,0.9147498081880348
META,lightgbm,1,2019-10-25,1,-1,0.7455599511145061,0.20881126952058182,0.20881126952058182,0.5367486815939243
META,lightgbm,1,2019-10-28,1,1,0.7738960642121661,0.7738960642121661,0.18165815968614132,0.5922379045260248
META,lightgbm,1,2019-10-29,1,1,0.6728970344980928,0.6728970344980928,0.32406631909254435,0.34883071540554844
META,lightgbm,1,2019-10-30,0,0,0.7464398549158867,0.24844945879870256,0.24844945879870256,0.49799039611718415
META,lightgbm,1,2019-10-31,0,1,0.7527408160796515,0.7527408160796515,0.23859912641336156,0.5141416896662899
META,lightgbm,1,2019-11-01,0,1,0.7761530867564728,0.7761530867564728,0.21070109249530453,0.5654519942611682
META,lightgbm,1,2019-11-04,-1,1,0.9368899126795516,0.9368899126795516,0.05905383676897941,0.8778360759105721
META,lightgbm,1,2019-11-05,0,0,0.9947119260670134,0.00446733990717769,0.00446733990717769,0.9902445861598357
META,lightgbm,1,2019-11-06,0,0,0.4969709567204467,0.19591447863506653,0.30711456464448655,0.18985639207596017
META,lightgbm,1,2019-11-07,0,0,0.6080501731931977,0.1316084598553293,0.260341366951473,0.3477088062417247
META,lightgbm,1,2019-11-08,1,0,0.5769932086551439,0.035768183474678736,0.38723860787017744,0.18975460078496648
META,lightgbm,1,2019-11-11,1,0,0.6822853254729043,0.25603099913957245,0.25603099913957245,0.4262543263333319
META,lightgbm,1,2019-11-12,1,-1,0.8378200058122951,0.14935420222029322,0.14935420222029322,0.6884658035920019
META,lightgbm,1,2019-11-13,1,0,0.3853464860764206,0.2569686374052652,0.3576848765183142,0.02766160955810637
META,lightgbm,1,2019-11-14,1,1,0.9957696850655413,0.9957696850655413,0.002196952929977762,0.9935727321355635
META,lightgbm,1,2019-11-15,0,1,0.8528900922256965,0.8528900922256965,0.08176342723870351,0.7711266649869929
META,lightgbm,1,2019-11-18,0,1,0.874647651497125,0.874647651497125,0.11650114089251895,0.758146510604606
META,lightgbm,1,2019-11-19,0,1,0.852183293469078,0.852183293469078,0.13862448402017602,0.7135588094489019
META,lightgbm,1,2019-11-20,1,1,0.9652121908989785,0.9652121908989785,0.02580163134772181,0.9394105595512566
META,lightgbm,1,2019-11-21,0,1,0.914998015892075,0.914998015892075,0.04264583297475572,0.8723521829173192
META,lightgbm,1,2019-11-22,0,-1,0.4133227651292916,0.2824922118909215,0.30418502297978695,0.10913774214950467
META,lightgbm,1,2019-11-25,0,1,0.7988106243256182,0.7988106243256182,0.1101507289492799,0.6886598953763383
META,lightgbm,1,2019-11-26,0,1,0.9833397283997738,0.9833397283997738,0.01601559025673216,0.9673241381430416
META,lightgbm,1,2019-11-27,0,1,0.9790889866470947,0.9790889866470947,0.015385712205358263,0.9637032744417364
META,lightgbm,1,2019-11-29,0,1,0.8798813516587202,0.8798813516587202,0.1099770314358119,0.7699043202229082
META,lightgbm,1,2019-12-02,0,1,0.9679494405009124,0.9679494405009124,0.022905257941809178,0.9450441825591032
META,lightgbm,1,2019-12-03,0,1,0.6253366807846439,0.6253366807846439,0.3485447321355887,0.2767919486490552
META,lightgbm,1,2019-12-04,0,1,0.9006026345798196,0.9006026345798196,0.09818951461403469,0.8024131199657849
META,lightgbm,1,2019-12-05,0,1,0.9907093331172967,0.9907093331172967,0.00803166704098403,0.9826776660763127
META,lightgbm,1,2019-12-06,-1,1,0.9876203624293367,0.9876203624293367,0.011638776572268219,0.9759815858570685
META,lightgbm,1,2019-12-09,0,1,0.999080574901521,0.999080574901521,0.0006987697908809832,0.99838180511064
META,lightgbm,1,2019-12-10,0,1,0.9936442682448865,0.9936442682448865,0.006149600995185836,0.9874946672497007
META,lightgbm,1,2019-12-11,0,1,0.9946128002501373,0.9946128002501373,0.004878821835329306,0.989733978414808
META,lightgbm,1,2019-12-12,1,1,0.5565465013555698,0.5565465013555698,0.2640168559067853,0.2925296454487845
META,lightgbm,1,2019-12-13,1,1,0.9358517150714684,0.9358517150714684,0.04359468280676249,0.8922570322647059
META,lightgbm,1,2019-12-16,1,1,0.5959763314193265,0.5959763314193265,0.31412429494706334,0.28185203647226315
META,lightgbm,1,2019-12-17,1,1,0.9521390384065676,0.9521390384065676,0.02564677011246375,0.9264922682941038
META,lightgbm,1,2019-12-18,1,1,0.6671627495404681,0.6671627495404681,0.20798883848755625,0.45917391105291183
META,lightgbm,1,2019-12-19,0,1,0.8928061205464621,0.8928061205464621,0.09358060127902083,0.7992255192674413
META,lightgbm,1,2019-12-20,0,1,0.9716421569526035,0.9716421569526035,0.023854397348211414,0.9477877596043921
META,lightgbm,1,2019-12-23,0,1,0.8692865907578872,0.8692865907578872,0.09345124591936466,0.7758353448385225
META,lightgbm,1,2019-12-24,1,1,0.9471794150996653,0.9471794150996653,0.0472549247945609,0.8999244903051044
META,lightgbm,1,2019-12-26,0,1,0.9587220355332821,0.9587220355332821,0.03282326625665582,0.9258987692766263
META,lightgbm,1,2019-12-27,1,0,0.9552362611096821,0.02528860192113163,0.02528860192113163,0.9299476591885505
META,lightgbm,1,2019-12-30,1,1,0.7350670327809015,0.7350670327809015,0.17236821317693315,0.5626988196039683
META,lightgbm,1,2019-12-31,1,1,0.9634660262585464,0.9634660262585464,0.0347958537299535,0.9286701725285929
META,lightgbm,1,2020-01-02,1,0,0.9711124867877177,0.023548365585874968,0.023548365585874968,0.9475641212018427
META,lightgbm,1,2020-01-03,1,1,0.9571725302748174,0.9571725302748174,0.03911153306022087,0.9180609972145966
META,lightgbm,1,2020-01-06,1,1,0.9066411748248389,0.9066411748248389,0.08344207757692948,0.8231990972479094
META,lightgbm,1,2020-01-07,1,1,0.9313075914567184,0.9313075914567184,0.04986500673483262,0.8814425847218857
META,lightgbm,1,2020-01-08,1,1,0.712456079744031,0.712456079744031,0.2786761546691308,0.4337799250749002
META,lightgbm,1,2020-01-09,0,0,0.8309969880084024,0.058519752096323846,0.11048325989527374,0.7205137281131286
META,lightgbm,1,2020-01-10,0,1,0.885133091975498,0.885133091975498,0.09344980812436954,0.7916832838511285
META,lightgbm,1,2020-01-13,0,-1,0.6919781847337386,0.004296607650961408,0.3037252076152999,0.3882529771184387
META,lightgbm,1,2020-01-14,0,1,0.6311775386589106,0.6311775386589106,0.368192095851211,0.2629854428076996
META,lightgbm,1,2020-01-15,0,0,0.8753739507556904,0.054677915595612706,0.06994813364869712,0.8054258171069932
META,lightgbm,1,2020-01-16,0,0,0.8659996430399898,0.10174120541439542,0.10174120541439542,0.7642584376255943
META,lightgbm,1,2020-01-17,-1,0,0.6974026389616189,0.2834748549994374,0.2834748549994374,0.4139277839621815
META,lightgbm,1,2020-01-21,0,1,0.9827395460106966,0.9827395460106966,0.012963872344326246,0.9697756736663703
META,lightgbm,1,2020-01-22,0,1,0.9407918703672851,0.9407918703672851,0.05846212186440066,0.8823297485028844
META,lightgbm,1,2020-01-23,-1,1,0.933184674943942,0.933184674943942,0.06647770525823103,0.8667069696857109
META,lightgbm,1,2020-01-24,-1,1,0.9034928063447241,0.9034928063447241,0.0961617557520284,0.8073310505926956
META,lightgbm,1,2020-01-27,-1,1,0.6181454562002259,0.6181454562002259,0.28102472261115663,0.33712073358906924
META,lightgbm,1,2020-01-28,-1,1,0.4899943542652997,0.4899943542652997,0.4874440690377018,0.0025502852275978705
META,lightgbm,1,2020-01-29,-1,0,0.8565932044555709,0.10001760445373319,0.10001760445373319,0.7565756000018377
META,lightgbm,1,2020-01-30,0,-1,0.6754175282413583,0.037985447436316176,0.28659702432232553,0.3888205039190327
META,lightgbm,1,2020-01-31,1,-1,0.804416636737007,0.17363714053509813,0.17363714053509813,0.6307794962019089
META,lightgbm,1,2020-02-03,1,1,0.7420758033632904,0.7420758033632904,0.1765616773993694,0.5655141259639209
META,lightgbm,1,2020-02-04,0,1,0.8267662660652702,0.8267662660652702,0.11314308683554211,0.7136231792297281
META,lightgbm,1,2020-02-05,0,1,0.5045779035514804,0.5045779035514804,0.3109425902882548,0.19363531326322553
META,lightgbm,1,2020-02-06,0,1,0.8654330940477926,0.8654330940477926,0.06833191256839277,0.7971011814793998
META,lightgbm,1,2020-02-07,0,1,0.7116542140872384,0.7116542140872384,0.27351601077394816,0.43813820331329023
META,lightgbm,1,2020-02-10,1,1,0.982337614326173,0.982337614326173,0.01347469113885102,0.9688629231873219
META,lightgbm,1,2020-02-11,1,0,0.6803531495808139,0.2406988688690189,0.2406988688690189,0.439654280711795
META,lightgbm,1,2020-02-12,0,0,0.6972575228081521,0.061295857546852836,0.24144661964499495,0.4558109031631572
META,lightgbm,1,2020-02-13,0,1,0.6328711319853791,0.6328711319853791,0.2317327765379296,0.4011383554474496
META,lightgbm,1,2020-02-14,-1,0,0.9637195950701469,0.013716152810939311,0.022564252118913924,0.941155342951233
META,lightgbm,1,2020-02-18,-1,0,0.9852559168280026,0.01428401662489846,0.01428401662489846,0.9709719002031042
META,lightgbm,1,2020-02-19,-1,1,0.6694494604144389,0.6694494604144389,0.33010556135822533,0.33934389905621354
META,lightgbm,1,2020-02-20,-1,0,0.7002032889371809,0.2039741106944306,0.2039741106944306,0.49622917824275026
META,lightgbm,1,2020-02-21,-1,-1,0.9317613933070344,0.0022919224860614273,0.06594668420690414,0.8658147091001303
META,lightgbm,1,2020-02-24,-1,-1,0.8513584812815197,0.11298410194365431,0.11298410194365431,0.7383743793378654
META,lightgbm,1,2020-02-25,-1,1,0.9919693818928744,0.9919693818928744,0.007858360045968755,0.9841110218469057
META,lightgbm,1,2020-02-26,-1,1,0.5640544045798668,0.5640544045798668,0.31726565659605965,0.24678874798380712
META,lightgbm,1,2020-02-27,-1,1,0.9829503517277461,0.9829503517277461,0.0156654498307968,0.9672849018969494
META,lightgbm,1,2020-02-28,-1,1,0.5007824690515612,0.5007824690515612,0.48877234893010885,0.012010120121452361
META,lightgbm,1,2020-03-02,-1,-1,0.8740950817854594,0.10671462459995479,0.10671462459995479,0.7673804571855045
META,lightgbm,1,2020-03-03,-1,1,0.5049301321795955,0.5049301321795955,0.4880635775384234,0.016866554641172093
META,lightgbm,1,2020-03-04,-1,0,0.8911530479182671,0.10508113592270996,0.10508113592270996,0.7860719119955571
META,lightgbm,1,2020-03-05,-1,1,0.9333669312730422,0.9333669312730422,0.05907072302922053,0.8742962082438216
META,lightgbm,1,2020-03-06,-1,1,0.9515088592195052,0.9515088592195052,0.03789825965588916,0.9136105995636161
META,lightgbm,1,2020-03-09,-1,1,0.9887663712784359,0.9887663712784359,0.009748399928354938,0.979017971350081
META,lightgbm,1,2020-03-10,-1,1,0.9950296858600344,0.9950296858600344,0.004892742165848108,0.9901369436941863
META,lightgbm,1,2020-03-11,-1,1,0.9884690640998627,0.9884690640998627,0.007313732557167365,0.9811553315426953
META,lightgbm,1,2020-03-12,0,1,0.9664316772592376,0.9664316772592376,0.02097819874687559,0.945453478512362
META,lightgbm,1,2020-03-13,-1,1,0.9940809029675667,0.9940809029675667,0.005868100520548029,0.9882128024470187
META,lightgbm,1,2020-03-16,0,1,0.9917775951490381,0.9917775951490381,0.006848623344727877,0.9849289718043102
META,lightgbm,1,2020-03-17,1,1,0.9906306357422754,0.9906306357422754,0.00868896011287793,0.9819416756293975
META,lightgbm,1,2020-03-18,1,1,0.974766386630073,0.974766386630073,0.024627166321057034,0.950139220309016
META,lightgbm,1,2020-03-19,1,1,0.9936725219985727,0.9936725219985727,0.00629069379096382,0.9873818282076089
META,lightgbm,1,2020-03-20,1,1,0.9899382423359228,0.9899382423359228,0.009931292449509134,0.9800069498864136
META,lightgbm,1,2020-03-23,1,1,0.999951625719606,0.999951625719606,4.518791662138616e-05,0.9999064378029847
META,lightgbm,1,2020-03-24,1,1,0.9900468612924671,0.9900468612924671,0.009721929092265881,0.9803249322002012
META,lightgbm,1,2020-03-25,1,1,0.9991455708243191,0.9991455708243191,0.0007876929045389341,0.9983578779197801
META,lightgbm,1,2020-03-26,-1,1,0.9942716299621595,0.9942716299621595,0.0044722783018857175,0.9897993516602738
META,lightgbm,1,2020-03-27,0,1,0.998700211845929,0.998700211845929,0.0008879019088418359,0.9978123099370872
META,lightgbm,1,2020-03-30,0,1,0.9523311037272141,0.9523311037272141,0.0472526937942496,0.9050784099329645
META,lightgbm,1,2020-03-31,0,1,0.9888897599807386,0.9888897599807386,0.01075816774606288,0.9781315922346757
META,lightgbm,1,2020-04-01,1,1,0.9959404437902121,0.9959404437902121,0.002537240215337718,0.9934032035748743
META,lightgbm,1,2020-04-02,1,1,0.9989692667424575,0.9989692667424575,0.0005639162838747474,0.9984053504585827
META,lightgbm,1,2020-04-03,1,1,0.9942964280198312,0.9942964280198312,0.004014479542201967,0.9902819484776292
META,lightgbm,1,2020-04-06,1,1,0.8854143750897108,0.8854143750897108,0.07864244044842193,0.8067719346412888
META,lightgbm,1,2020-04-07,1,0,0.839168815999079,0.11346811852138848,0.11346811852138848,0.7257006974776905
META,lightgbm,1,2020-04-08,0,0,0.8664753861167701,0.012537182912835539,0.12098743097039429,0.7454879551463758
META,lightgbm,1,2020-04-09,1,-1,0.5464958739422848,0.3257123457277187,0.3257123457277187,0.22078352821456615
META,lightgbm,1,2020-04-13,0,-1,0.6563691407236173,0.19320113354089868,0.19320113354089868,0.4631680071827186
META,lightgbm,1,2020-04-14,-1,0,0.5145306258073813,0.476150986632031,0.476150986632031,0.03837963917535031
META,lightgbm,1,2020-04-15,1,1,0.84581223625636,0.84581223625636,0.07821951628587637,0.7675927199704837
META,lightgbm,1,2020-04-16,1,1,0.6580339753449358,0.6580339753449358,0.21124314320421564,0.44679083214072013
META,lightgbm,1,2020-04-17,1,0,0.8862739054734848,0.08211177293679786,0.08211177293679786,0.804162132536687
META,lightgbm,1,2020-04-20,1,0,0.6324305571607397,0.13625872100477826,0.231310721834482,0.4011198353262577
META,lightgbm,1,2020-04-21,1,1,0.9653627572298886,0.9653627572298886,0.03127462961529006,0.9340881276145986
META,lightgbm,1,2020-04-22,1,0,0.9938203416026571,0.005934292338990715,0.005934292338990715,0.9878860492636664
META,lightgbm,1,2020-04-23,1,0,0.6621321841780105,0.3358552021332183,0.3358552021332183,0.32627698204479216
META,lightgbm,1,2020-04-24,1,0,0.6505817619283677,0.2810437170361116,0.2810437170361116,0.3695380448922561
META,lightgbm,1,2020-04-27,1,0,0.8123704453613724,0.1860339885314153,0.1860339885314153,0.6263364568299571
META,lightgbm,1,2020-04-28,1,1,0.9730488110516449,0.9730488110516449,0.0204818325930564,0.9525669784585885
META,lightgbm,1,2020-04-29,1,0,0.9977863155098999,0.0002914208277254083,0.0019222636623746536,0.9958640518475252
META,lightgbm,1,2020-04-30,1,0,0.9948356443530021,0.00027443973705190943,0.00488991590994608,0.9899457284430561
META,lightgbm,1,2020-05-01,1,0,0.9492864262141012,0.01647019123610269,0.03424338254979611,0.9150430436643051
META,lightgbm,1,2020-05-04,1,0,0.6645105600285042,0.017214941445653133,0.3182744985258428,0.3462360615026614
META,lightgbm,1,2020-05-05,0,-1,0.92788280518551,0.0012499230553772544,0.07086727175911271,0.8570155334263974
META,lightgbm,1,2020-05-06,0,0,0.9440833174701561,0.003066782162719931,0.05284990036712411,0.8912334171030319
META,lightgbm,1,2020-05-07,-1,0,0.6550134489119518,0.0051987931523734985,0.3397877579356748,0.315225690976277
META,lightgbm,1,2020-05-08,0,0,0.7608356959661685,0.002834773854784013,0.23632953017904748,0.5245061657871211
META,lightgbm,1,2020-05-11,0,-1,0.9406436363699411,0.011904128921062095,0.047452234708996725,0.8931914016609444
META,lightgbm,1,2020-05-12,1,-1,0.9193127509565553,0.002841744678725147,0.07784550436471963,0.8414672465918357
META,lightgbm,1,2020-05-13,1,0,0.8677491865767949,0.073315480006727,0.073315480006727,0.794433706570068
META,lightgbm,1,2020-05-14,1,-1,0.755543551129214,0.12919477033192026,0.12919477033192026,0.6263487807972937
META,lightgbm,1,2020-05-15,1,-1,0.9266525943857374,0.04246332906262918,0.04246332906262918,0.8841892653231083
META,lightgbm,1,2020-05-18,1,-1,0.7778745028764125,0.07050703785258106,0.15161845927100653,0.6262560436054059
META,lightgbm,1,2020-05-19,1,0,0.8966134885150089,0.045840480955019004,0.057546030529972085,0.8390674579850368
META,lightgbm,1,2020-05-20,0,0,0.9937929201040472,0.00041431900094917603,0.005792760895003689,0.9880001592090435
META,lightgbm,1,2020-05-21,-1,0,0.9592448786266267,0.0017465544319994622,0.03900856694137372,0.920236311685253
META,lightgbm,1,2020-05-22,0,-1,0.7034917055529311,0.006127139085501269,0.2903811553615676,0.41311055019136345
META,lightgbm,1,2020-05-26,0,0,0.885893795380587,0.010618059373519633,0.10348814524589334,0.7824056501346937
META,lightgbm,1,2020-05-27,0,0,0.7756871993253684,0.01786517466320832,0.20644762601142322,0.5692395733139453
META,lightgbm,1,2020-05-28,0,-1,0.9503455274716984,0.009762289044897954,0.03989218348340373,0.9104533439882947
META,lightgbm,1,2020-05-29,1,-1,0.6791785358020151,0.01109619860154794,0.3097252655964369,0.3694532702055782
META,lightgbm,1,2020-06-01,0,-1,0.6202516393999316,0.0290228372606796,0.3507255233393888,0.2695261160605428
META,lightgbm,1,2020-06-02,1,-1,0.9919623896553154,0.0014715901993873918,0.006566020145297408,0.985396369510018
META,lightgbm,1,2020-06-03,1,-1,0.7338055264279735,0.16083595475825424,0.16083595475825424,0.5729695716697192
META,lightgbm,1,2020-06-04,0,-1,0.8884107596837829,0.033942799987947275,0.07764644032826971,0.8107643193555132
META,lightgbm,1,2020-06-05,0,0,0.862198300871212,0.022444707857407764,0.1153569912713803,0.7468413095998316
META,lightgbm,1,2020-06-08,0,-1,0.581641285074845,0.024446513372283513,0.3939122015528715,0.18772908352197354
META,lightgbm,1,2020-06-09,0,0,0.9552917609634323,0.006346648238435202,0.03836159079813249,0.9169301701652998
META,lightgbm,1,2020-06-10,0,1,0.700166668568213,0.700166668568213,0.24896476861572087,0.4512018999524921
META,lightgbm,1,2020-06-11,1,-1,0.89092837323667,0.01992872759578267,0.08914289916754743,0.8017854740691225
META,lightgbm,1,2020-06-12,1,-1,0.514873170846177,0.012723766029527806,0.47240306312429525,0.042470107721881756
META,lightgbm,1,2020-06-15,1,-1,0.9574735736953827,0.020912535676105307,0.02161389062851211,0.9358596830668705
META,lightgbm,1,2020-06-16,1,0,0.7908443330179463,0.015889564142722957,0.19326610283933068,0.5975782301786157
META,lightgbm,1,2020-06-17,0,0,0.3712026632223254,0.26868979163605355,0.360107545141621,0.011095118080704403
META,lightgbm,1,2020-06-18,0,0,0.5622579145937513,0.2863235899302772,0.2863235899302772,0.2759343246634741
META,lightgbm,1,2020-06-19,-1,1,0.49698356938208643,0.49698356938208643,0.26386714521770593,0.2331164241643805
META,lightgbm,1,2020-06-22,-1,-1,0.4454960293447164,0.220932641745871,0.3335713289094127,0.11192470043530367
META,lightgbm,1,2020-06-23,-1,-1,0.8152716500494017,0.1615450706586596,0.1615450706586596,0.6537265793907421
META,lightgbm,1,2020-06-24,0,-1,0.5376252298664581,0.3904144169505444,0.3904144169505444,0.1472108129159137
META,lightgbm,1,2020-06-25,0,-1,0.9620758691719323,0.02725636732305577,0.02725636732305577,0.9348195018488765
META,lightgbm,1,2020-06-26,1,1,0.8385171403969196,0.8385171403969196,0.15184168094769532,0.6866754594492243
META,lightgbm,1,2020-06-29,1,-1,0.6453608953173671,0.328026965011387,0.328026965011387,0.31733393030598006
META,lightgbm,1,2020-06-30,1,1,0.8362620295951505,0.8362620295951505,0.09331547254812499,0.7429465570470255
META,lightgbm,1,2020-07-01,1,1,0.8539176154847227,0.8539176154847227,0.13117644702381015,0.7227411684609125
META,lightgbm,1,2020-07-02,1,1,0.9206431141278879,0.9206431141278879,0.04865831622880523,0.8719847978990827
META,lightgbm,1,2020-07-06,0,1,0.9747687709369665,0.9747687709369665,0.018611028231172347,0.9561577427057941
META,lightgbm,1,2020-07-07,0,1,0.9710551564143903,0.9710551564143903,0.027038338555398604,0.9440168178589917
META,lightgbm,1,2020-07-08,0,1,0.9695373167222981,0.9695373167222981,0.0283790810103468,0.9411582357119513
META,lightgbm,1,2020-07-09,0,1,0.985658781935193,0.985658781935193,0.009756267381574016,0.975902514553619
META,lightgbm,1,2020-07-10,0,1,0.9951736008687984,0.9951736008687984,0.004416706571437801,0.9907568942973606
META,lightgbm,1,2020-07-13,1,-1,0.8372716760943418,0.0925914151882876,0.0925914151882876,0.7446802609060542
META,lightgbm,1,2020-07-14,0,-1,0.9290438651522347,0.03132152980137735,0.039634605046388084,0.8894092601058466
META,lightgbm,1,2020-07-15,0,0,0.6593467862654195,0.14529864638826162,0.19535456734631895,0.4639922189191006
META,lightgbm,1,2020-07-16,-1,0,0.4721177396646044,0.4355651059818759,0.4355651059818759,0.036552633682728486
META,lightgbm,1,2020-07-17,-1,-1,0.7187752920684661,0.26333928251152844,0.26333928251152844,0.4554360095569377
META,lightgbm,1,2020-07-20,-1,1,0.8265418705477897,0.8265418705477897,0.17123167689249527,0.6553101936552944
META,lightgbm,1,2020-07-21,-1,1,0.7354187858719214,0.7354187858719214,0.2539566440178677,0.4814621418540537
META,lightgbm,1,2020-07-22,-1,1,0.7359755686353804,0.7359755686353804,0.14511653177138847,0.5908590368639919
META,lightgbm,1,2020-07-23,0,0,0.591819389595669,0.06394364395855637,0.34423696644577456,0.24758242314989448
META,lightgbm,1,2020-07-24,1,-1,0.5609029065635041,0.08461339009031305,0.3544837033461829,0.20641920321732116
META,lightgbm,1,2020-07-27,1,-1,0.9051604437728731,0.0665018860752937,0.0665018860752937,0.8386585576975794
META,lightgbm,1,2020-07-28,1,0,0.7586763772368119,0.01368796378863989,0.22763565897454824,0.5310407182622636
META,lightgbm,1,2020-07-29,1,-1,0.74727666348068,0.038186801972739125,0.21453653454658092,0.532740128934099
META,lightgbm,1,2020-07-30,1,-1,0.6588608231886737,0.2530284283940938,0.2530284283940938,0.4058323947945799
META,lightgbm,1,2020-07-31,1,0,0.964884797929268,0.03197986602168848,0.03197986602168848,0.9329049319075795
META,lightgbm,1,2020-08-03,1,1,0.9128777111503329,0.9128777111503329,0.08411314518322013,0.8287645659671128
META,lightgbm,1,2020-08-04,1,1,0.9027247280018308,0.9027247280018308,0.09465980675265571,0.8080649212491751
META,lightgbm,1,2020-08-05,1,1,0.9639632347044241,0.9639632347044241,0.0264532898651232,0.937509944839301
META,lightgbm,1,2020-08-06,0,0,0.9265801064951145,0.001094880318051326,0.07232501318683436,0.8542550933082801
META,lightgbm,1,2020-08-07,-1,0,0.82267812468016,0.0022812169662425664,0.1750406583535973,0.6476374663265627
META,lightgbm,1,2020-08-10,0,0,0.9213135116966894,0.008108010455664323,0.07057847784764627,0.8507350338490431
META,lightgbm,1,2020-08-11,1,1,0.7782760536516505,0.7782760536516505,0.11241396646842752,0.665862087183223
META,lightgbm,1,2020-08-12,0,1,0.8510121754743095,0.8510121754743095,0.08981279939208293,0.7611993760822265
META,lightgbm,1,2020-08-13,1,-1,0.801804977211565,0.127114034543863,0.127114034543863,0.6746909426677019
META,lightgbm,1,2020-08-14,1,-1,0.6411612588361333,0.3000987640615536,0.3000987640615536,0.34106249477457967
META,lightgbm,1,2020-08-17,1,-1,0.8441505591975288,0.14626092919914008,0.14626092919914008,0.6978896299983888
META,lightgbm,1,2020-08-18,1,1,0.8944733358482028,0.8944733358482028,0.10387717866128765,0.7905961571869151
META,lightgbm,1,2020-08-19,1,1,0.9453884363713582,0.9453884363713582,0.04243800973424122,0.9029504266371169
META,lightgbm,1,2020-08-20,1,1,0.6107560508323612,0.6107560508323612,0.34464599728611595,0.26611005354624523
META,lightgbm,1,2020-08-21,1,1,0.9734531032508983,0.9734531032508983,0.02142550637811848,0.9520275968727798
META,lightgbm,1,2020-08-24,1,1,0.39145013124907013,0.39145013124907013,0.33168071160346957,0.05976941964560056
META,lightgbm,1,2020-08-25,1,0,0.6159715658324953,0.0021077934543679536,0.38192064071313664,0.2340509251193587
META,lightgbm,1,2020-08-26,0,0,0.8451371186214964,0.005353209605109583,0.14950967177339403,0.6956274468481024
META,lightgbm,1,2020-08-27,0,0,0.9119453019232201,0.007623448494116637,0.08043124958266312,0.831514052340557
META,lightgbm,1,2020-08-28,-1,0,0.8669375576813859,0.010563675884655592,0.12249876643395861,0.7444387912474273
META,lightgbm,1,2020-08-31,-1,-1,0.8775375884235086,0.0013293065435790986,0.12113310503291214,0.7564044833905965
META,lightgbm,1,2020-09-01,-1,-1,0.9277406640131188,0.0018320034713957658,0.07042733251548551,0.8573133314976333
META,lightgbm,1,2020-09-02,-1,-1,0.9110659637951042,0.007102297546867418,0.08183173865802851,0.8292342251370757
META,lightgbm,1,2020-09-03,-1,0,0.6276095246699279,0.06924119209668363,0.3031492832333886,0.32446024143653934
META,lightgbm,1,2020-09-04,-1,-1,0.485388253047494,0.3542462388964691,0.3542462388964691,0.1311420141510249
META,lightgbm,1,2020-09-08,0,1,0.5659484577025532,0.5659484577025532,0.23180266537338942,0.33414579232916375
META,lightgbm,1,2020-09-09,-1,1,0.5045215709476206,0.5045215709476206,0.4767700057679855,0.027751565179635118
META,lightgbm,1,2020-09-10,-1,-1,0.7266474742146232,0.20343520278811725,0.20343520278811725,0.523212271426506
META,lightgbm,1,2020-09-11,-1,1,0.7983350465819464,0.7983350465819464,0.14460076708747818,0.6537342794944683
META,lightgbm,1,2020-09-14,-1,0,0.6133502153986758,0.2767839206404654,0.2767839206404654,0.3365662947582104
META,lightgbm,1,2020-09-15,-1,0,0.5333350079699027,0.4433207023359021,0.4433207023359021,0.09001430563400065
META,lightgbm,1,2020-09-16,-1,0,0.42416162746724434,0.18138925560599606,0.3944491169267597,0.029712510540484627
META,lightgbm,1,2020-09-17,-1,-1,0.9556593973439154,0.0044767037988460035,0.03986389885723884,0.9157954984866765
META,lightgbm,1,2020-09-18,0,0,0.6778839244508121,0.0375348212260779,0.28458125432310993,0.3933026701277022
META,lightgbm,1,2020-09-21,1,-1,0.5519942729472246,0.07525683155270917,0.37274889550006635,0.17924537744715824
META,lightgbm,1,2020-09-22,1,1,0.4051242800466249,0.4051242800466249,0.376490189572041,0.028634090474583873
META,lightgbm,1,2020-09-23,1,1,0.8053281627440111,0.8053281627440111,0.16340752401609568,0.6419206387279154
META,lightgbm,1,2020-09-24,1,1,0.5570293832999741,0.5570293832999741,0.4370330732224258,0.1199963100775483
META,lightgbm,1,2020-09-25,1,-1,0.8821384492410764,0.09003287387602064,0.09003287387602064,0.7921055753650558
META,lightgbm,1,2020-09-28,1,0,0.7900192784217266,0.02076027255799081,0.1892204490202826,0.600798829401444
META,lightgbm,1,2020-09-29,0,0,0.5638911290843707,0.13524356305307755,0.3008653078625519,0.2630258212218188
META,lightgbm,1,2020-09-30,0,0,0.7323816735699796,0.24308426985393378,0.24308426985393378,0.48929740371604585
META,lightgbm,1,2020-10-01,0,0,0.782138503638217,0.19577449107766276,0.19577449107766276,0.5863640125605543
META,lightgbm,1,2020-10-02,0,0,0.8641215853085882,0.013433420779944201,0.12244499391146756,0.7416765913971206
META,lightgbm,1,2020-10-05,1,0,0.739514528630799,0.20530883014102105,0.20530883014102105,0.534205698489778
META,lightgbm,1,2020-10-06,1,-1,0.6336438897921848,0.13157157591086377,0.23478453429695156,0.3988593554952332
META,lightgbm,1,2020-10-07,1,-1,0.4202937179892769,0.3174219482211667,0.3174219482211667,0.10287176976811019
META,lightgbm,1,2020-10-08,0,0,0.5797861135914666,0.2938144214696819,0.2938144214696819,0.2859716921217847
META,lightgbm,1,2020-10-09,0,0,0.7146867147750104,0.2791843854388266,0.2791843854388266,0.4355023293361838
META,lightgbm,1,2020-10-12,-1,0,0.9969405571151223,0.00021706542184748168,0.0028423774630302093,0.9940981796520921
META,lightgbm,1,2020-10-13,-1,0,0.9890432235832834,0.009105739267849376,0.009105739267849376,0.979937484315434
META,lightgbm,1,2020-10-14,1,1,0.7651796310912444,0.7651796310912444,0.1184869418495853,0.6466926892416591
META,lightgbm,1,2020-10-15,1,-1,0.7422568758441721,0.1981786044783941,0.1981786044783941,0.544078271365778
META,lightgbm,1,2020-10-16,1,-1,0.6933363193769048,0.3044661670043707,0.3044661670043707,0.3888701523725341
META,lightgbm,1,2020-10-19,1,-1,0.9641222098255803,0.024000297644209228,0.024000297644209228,0.9401219121813711
META,lightgbm,1,2020-10-20,1,-1,0.7555710963779303,0.23290554159015775,0.23290554159015775,0.5226655547877725
META,lightgbm,1,2020-10-21,-1,0,0.8980985680670084,0.10139808407553388,0.10139808407553388,0.7967004839914745
META,lightgbm,1,2020-10-22,0,1,0.9426598076991447,0.9426598076991447,0.05666064257371393,0.8859991651254308
META,lightgbm,1,2020-10-23,-1,0,0.8541686593106528,0.125688034639319,0.125688034639319,0.7284806246713338
META,lightgbm,1,2020-10-26,-1,1,0.5270506215435373,0.5270506215435373,0.4543011758748009,0.07274944566873642
META,lightgbm,1,2020-10-27,-1,1,0.9856404571622708,0.9856404571622708,0.011075560978394353,0.9745648961838764
META,lightgbm,1,2020-10-28,1,1,0.9814327609467819,0.9814327609467819,0.01502521356725634,0.9664075473795255
META,lightgbm,1,2020-10-29,1,1,0.9308856162189657,0.9308856162189657,0.06823038808104669,0.8626552281379191
META,lightgbm,1,2020-10-30,1,-1,0.45233053541807655,0.40475907375697134,0.40475907375697134,0.04757146166110521
META,lightgbm,1,2020-11-02,1,1,0.9031343747489626,0.9031343747489626,0.06779825859605106,0.8353361161529116
META,lightgbm,1,2020-11-03,1,1,0.8492687621278159,0.8492687621278159,0.14609701747195059,0.7031717446558653
META,lightgbm,1,2020-11-04,-1,1,0.5398176282333174,0.5398176282333174,0.4587916595897833,0.08102596864353406
META,lightgbm,1,2020-11-05,-1,0,0.9652902856875829,0.020669529639605538,0.020669529639605538,0.9446207560479774
META,lightgbm,1,2020-11-06,-1,0,0.7437126440706506,0.23111872562101352,0.23111872562101352,0.5125939184496371
META,lightgbm,1,2020-11-09,0,1,0.6386470817742902,0.6386470817742902,0.3511786483444712,0.287468433429819
META,lightgbm,1,2020-11-10,0,1,0.9210227909255366,0.9210227909255366,0.06135510409819151,0.8596676868273451
META,lightgbm,1,2020-11-11,0,1,0.8550693680664246,0.8550693680664246,0.10040089540859748,0.7546684726578272
META,lightgbm,1,2020-11-12,0,1,0.7700728321010558,0.7700728321010558,0.2218323273227255,0.5482405047783303
META,lightgbm,1,2020-11-13,-1,1,0.7059784619325477,0.7059784619325477,0.2446151688302048,0.46136329310234286
META,lightgbm,1,2020-11-16,-1,1,0.7197752436767552,0.7197752436767552,0.20971408309317527,0.5100611605835799
META,lightgbm,1,2020-11-17,0,1,0.9194444675998813,0.9194444675998813,0.07755186426571932,0.8418926033341619
META,lightgbm,1,2020-11-18,0,-1,0.6170048340201747,0.04995669820566383,0.3330384677741614,0.2839663662460133
META,lightgbm,1,2020-11-19,0,1,0.9511585717054596,0.9511585717054596,0.041268883358116924,0.9098896883473426
META,lightgbm,1,2020-11-20,1,0,0.6308439084528933,0.09645936788676782,0.272696723660339,0.3581471847925543
META,lightgbm,1,2020-11-23,1,-1,0.8183705948362977,0.08738888071011683,0.09424052445358547,0.7241300703827123
META,lightgbm,1,2020-11-24,1,1,0.6212783700531734,0.6212783700531734,0.3544030536962389,0.2668753163569345
META,lightgbm,1,2020-11-25,1,1,0.7893599292360918,0.7893599292360918,0.19806403911887727,0.5912958901172145
META,lightgbm,1,2020-11-27,0,1,0.39304244548920003,0.39304244548920003,0.35009382702245584,0.04294861846674419
META,lightgbm,1,2020-11-30,1,1,0.6255712911662523,0.6255712911662523,0.2118059000388425,0.41376539112740984
META,lightgbm,1,2020-12-01,0,1,0.9556580978720843,0.9556580978720843,0.026027900689654732,0.9296301971824296
META,lightgbm,1,2020-12-02,-1,1,0.9370537843280209,0.9370537843280209,0.04339749808966204,0.8936562862383588
META,lightgbm,1,2020-12-03,0,1,0.8947831629452542,0.8947831629452542,0.09501861871201153,0.7997645442332426
META,lightgbm,1,2020-12-04,-1,1,0.7903550198839389,0.7903550198839389,0.1075096156761045,0.6828454042078343
META,lightgbm,1,2020-12-07,-1,1,0.6009981332272891,0.6009981332272891,0.3814953589230216,0.2195027743042675
META,lightgbm,1,2020-12-08,-1,1,0.868640447582473,0.868640447582473,0.1133539479664444,0.7552864996160287
META,lightgbm,1,2020-12-09,0,0,0.8242346501769173,0.07353487614363376,0.10223047367944893,0.7220041764974684
META,lightgbm,1,2020-12-10,0,1,0.9163335593562716,0.9163335593562716,0.05179070438725285,0.8645428549690187
META,lightgbm,1,2020-12-11,0,-1,0.7504325892656258,0.13377547108299453,0.13377547108299453,0.6166571181826312
META,lightgbm,1,2020-12-14,0,1,0.47878124806182365,0.47878124806182365,0.4006334748600079,0.07814777320181576
META,lightgbm,1,2020-12-15,-1,-1,0.9111171805955718,0.04903002171024051,0.04903002171024051,0.8620871588853313
META,lightgbm,1,2020-12-16,-1,-1,0.7832757946588451,0.1781268973644182,0.1781268973644182,0.6051488972944269
META,lightgbm,1,2020-12-17,-1,-1,0.6757781969237127,0.23821625145423597,0.23821625145423597,0.4375619454694767
META,lightgbm,1,2020-12-18,0,-1,0.8435604862651683,0.15005018345324217,0.15005018345324217,0.6935103028119262
META,lightgbm,1,2020-12-21,0,-1,0.870976825826921,0.014123942839406156,0.11489923133367261,0.7560775944932484
META,lightgbm,1,2020-12-22,0,-1,0.8510123154088005,0.10457987454619203,0.10457987454619203,0.7464324408626085
META,lightgbm,1,2020-12-23,0,-1,0.9801086214244947,0.008265669394533524,0.011625709180971886,0.9684829122435229
META,lightgbm,1,2020-12-24,0,-1,0.8035306236029426,0.015110209216890297,0.181359167180167,0.6221714564227756
META,lightgbm,1,2020-12-28,-1,-1,0.7284207162810152,0.25787283905515634,0.25787283905515634,0.4705478772258589
META,lightgbm,1,2020-12-29,-1,1,0.6498769270753046,0.6498769270753046,0.2243654572834412,0.42551146979186344
META,lightgbm,1,2020-12-30,0,0,0.5769934995688581,0.16712195814840597,0.2558845422827359,0.32110895728612227
META,lightgbm,1,2020-12-31,-1,-1,0.887882474885921,0.0934789871071974,0.0934789871071974,0.7944034877787236
META,lightgbm,1,2021-01-04,-1,-1,0.9343907326502113,0.008946592810701495,0.05666267453908721,0.8777280581111241
META,lightgbm,1,2021-01-05,-1,-1,0.6749802146949125,0.15321147395584755,0.17180831134923985,0.5031719033456727
META,lightgbm,1,2021-01-06,-1,-1,0.9223633727068935,0.000734334632746032,0.07690229266036057,0.845461080046533
META,lightgbm,1,2021-01-07,-1,-1,0.8251272377722046,0.0433440961324519,0.13152866609534344,0.6935985716768612
META,lightgbm,1,2021-01-08,-1,-1,0.5560487010693888,0.07848236809957392,0.3654689308310374,0.19057977023835138
META,lightgbm,1,2021-01-11,0,-1,0.7523495871452616,0.004144854122132073,0.2435055587326063,0.5088440284126553
META,lightgbm,1,2021-01-12,1,1,0.5022966549970198,0.5022966549970198,0.3615789051492403,0.14071774984777952
META,lightgbm,1,2021-01-13,1,1,0.47617179170182483,0.47617179170182483,0.47408853939394924,0.002083252307875594
META,lightgbm,1,2021-01-14,1,1,0.6218778585094088,0.6218778585094088,0.36892692752713224,0.25295093098227656
META,lightgbm,1,2021-01-15,1,-1,0.5508361431025945,0.00629026946774856,0.44287358742965693,0.10796255567293761
META,lightgbm,1,2021-01-19,1,0,0.7931432004643643,0.025469456932446205,0.18138734260318956,0.6117558578611747
META,lightgbm,1,2021-01-20,0,0,0.6916655421953274,0.3013943321778089,0.3013943321778089,0.39027121001751847
META,lightgbm,1,2021-01-21,-1,1,0.7947483955512036,0.7947483955512036,0.13938653028386047,0.6553618652673431
META,lightgbm,1,2021-01-22,-1,1,0.602496877046219,0.602496877046219,0.3417781748816295,0.26071870216458953
META,lightgbm,1,2021-01-25,-1,1,0.9118278093729328,0.9118278093729328,0.05975938558464444,0.8520684237882884
META,lightgbm,1,2021-01-26,-1,0,0.962543480574847,0.03235815482177469,0.03235815482177469,0.9301853257530722
META,lightgbm,1,2021-01-27,-1,1,0.39358330741188974,0.39358330741188974,0.38331966993277866,0.010263637479111076
META,lightgbm,1,2021-01-28,0,-1,0.6291975148080217,0.1253554117949511,0.24544707339702732,0.38375044141099435
META,lightgbm,1,2021-01-29,1,-1,0.9990047984941945,0.0007290065740691332,0.0007290065740691332,0.9982757919201254
META,lightgbm,1,2021-02-01,0,-1,0.9958647890237103,0.003996006983880096,0.003996006983880096,0.9918687820398302
META,lightgbm,1,2021-02-02,0,-1,0.6733608689751727,0.16219944479301757,0.1644396862318097,0.508921182743363
META,lightgbm,1,2021-02-03,0,-1,0.6007916063552134,0.20027866896230814,0.20027866896230814,0.4005129373929053
META,lightgbm,1,2021-02-04,0,-1,0.7044483459588893,0.18389380468451202,0.18389380468451202,0.5205545412743773
META,lightgbm,1,2021-02-05,0,1,0.5484420281477451,0.5484420281477451,0.32820944908390365,0.22023257906384147
META,lightgbm,1,2021-02-08,1,1,0.6381301794462253,0.6381301794462253,0.2959354650197882,0.3421947144264371
META,lightgbm,1,2021-02-09,0,1,0.5415496291377169,0.5415496291377169,0.3152506533052885,0.22629897583242836
META,lightgbm,1,2021-02-10,0,1,0.8399794873673444,0.8399794873673444,0.09623948211436832,0.7437400052529761
META,lightgbm,1,2021-02-11,-1,1,0.4991215299492098,0.4991215299492098,0.25108061037764984,0.24804091957155994
META,lightgbm,1,2021-02-12,-1,1,0.797673327395068,0.797673327395068,0.12556277179966793,0.6721105555954001
META,lightgbm,1,2021-02-16,-1,1,0.8806626834273406,0.8806626834273406,0.09769428089748987,0.7829684025298507
META,lightgbm,1,2021-02-17,-1,-1,0.6948013785428596,0.2011671433749353,0.2011671433749353,0.4936342351679243
META,lightgbm,1,2021-02-18,-1,-1,0.6986473476087118,0.039013325428408345,0.26233932696287965,0.4363080206458322
META,lightgbm,1,2021-02-19,0,-1,0.8952199034519761,0.01161813959350516,0.09316195695451888,0.8020579464974572
META,lightgbm,1,2021-02-22,0,-1,0.831158291428903,0.005539914022624394,0.16330179454847268,0.6678564968804303
META,lightgbm,1,2021-02-23,-1,-1,0.8546691641639294,0.1084019535996977,0.1084019535996977,0.7462672105642316
META,lightgbm,1,2021-02-24,-1,-1,0.8681513437068707,0.054061227981637046,0.07778742831149224,0.7903639153953785
META,lightgbm,1,2021-02-25,0,1,0.45648088104424,0.45648088104424,0.37223282642972993,0.08424805461451007
META,lightgbm,1,2021-02-26,1,1,0.4200551055951199,0.4200551055951199,0.36046841833042814,0.05958668726469174
META,lightgbm,1,2021-03-01,-1,-1,0.7904224684361597,0.12568858472570668,0.12568858472570668,0.664733883710453
META,lightgbm,1,2021-03-02,1,-1,0.9462605204054599,0.009448507285244028,0.04429097230929602,0.9019695480961639
META,lightgbm,1,2021-03-03,1,-1,0.6557885575876855,0.052815834431477866,0.29139560798083675,0.36439294960684876
META,lightgbm,1,2021-03-04,1,-1,0.9534547875058795,0.032115932853780886,0.032115932853780886,0.9213388546520986
META,lightgbm,1,2021-03-05,0,-1,0.8471543268826232,0.13091569512986634,0.13091569512986634,0.7162386317527568
META,lightgbm,1,2021-03-08,1,-1,0.9829617374119384,0.010643109606680908,0.010643109606680908,0.9723186278052575
META,lightgbm,1,2021-03-09,1,1,0.7542167002462956,0.7542167002462956,0.2183317491684933,0.5358849510778023
META,lightgbm,1,2021-03-10,1,1,0.7620065286644262,0.7620065286644262,0.2311253068634186,0.5308812218010076
META,lightgbm,1,2021-03-11,0,1,0.6155570707231065,0.6155570707231065,0.3477831431611165,0.26777392756199
META,lightgbm,1,2021-03-12,1,1,0.7440650218590921,0.7440650218590921,0.1325746283373409,0.6114903935217512
META,lightgbm,1,2021-03-15,1,1,0.9530209445421401,0.9530209445421401,0.025742306023513357,0.9272786385186268
META,lightgbm,1,2021-03-16,1,1,0.5569598538945445,0.5569598538945445,0.42947181619077623,0.12748803770376826
META,lightgbm,1,2021-03-17,0,0,0.9547098962107812,0.010877073512144893,0.03441303027707392,0.9202968659337073
META,lightgbm,1,2021-03-18,0,1,0.6930000643218751,0.6930000643218751,0.297940332788682,0.3950597315331931
META,lightgbm,1,2021-03-19,-1,0,0.9974227044005157,0.0009563647539759602,0.001620930845508543,0.9958017735550072
META,lightgbm,1,2021-03-22,0,-1,0.897538009739382,0.0019895062228607145,0.10047248403775744,0.7970655257016246
META,lightgbm,1,2021-03-23,0,0,0.6981289693460471,0.048136279257012596,0.25373475139694024,0.44439421794910683
META,lightgbm,1,2021-03-24,1,1,0.5743244536052995,0.5743244536052995,0.40141055960339356,0.17291389400190593
META,lightgbm,1,2021-03-25,1,1,0.9452098264426182,0.9452098264426182,0.04452503872917528,0.900684787713443
META,lightgbm,1,2021-03-26,1,-1,0.5031949060038688,0.48029023780671354,0.48029023780671354,0.02290466819715531
META,lightgbm,1,2021-03-29,1,0,0.9197165673321801,0.04164144251009739,0.04164144251009739,0.8780751248220827
META,lightgbm,1,2021-03-30,1,1,0.9545168401728534,0.9545168401728534,0.04096356216552522,0.9135532780073282
META,lightgbm,1,2021-03-31,1,1,0.9854702765131591,0.9854702765131591,0.009719681822597064,0.975750594690562
META,lightgbm,1,2021-04-01,1,0,0.5385010188858277,0.03963981814637593,0.4218591629677963,0.11664185591803139
META,lightgbm,1,2021-04-05,0,0,0.8682266363768966,0.044476449506189716,0.08729691411691361,0.7809297222599829
META,lightgbm,1,2021-04-06,0,0,0.9171851167997811,0.06129136823119659,0.06129136823119659,0.8558937485685845
META,lightgbm,1,2021-04-07,-1,0,0.980384154838405,0.00768361997598944,0.011932225185605516,0.9684519296527995
META,lightgbm,1,2021-04-08,0,0,0.958055888558961,0.0031985792034361195,0.03874553223760282,0.9193103563213582
META,lightgbm,1,2021-04-09,-1,0,0.926762613381196,0.013986654483077678,0.05925073213572635,0.8675118812454696
META,lightgbm,1,2021-04-12,-1,-1,0.7408816508706181,0.010948871509761097,0.24816947761962094,0.49271217325099714
META,lightgbm,1,2021-04-13,-1,0,0.9824335356641997,0.005458851904376449,0.012107612431423751,0.9703259232327759
META,lightgbm,1,2021-04-14,0,0,0.6334579314328099,0.29147101003168724,0.29147101003168724,0.3419869214011227
META,lightgbm,1,2021-04-15,-1,0,0.554200537071556,0.04992568111852741,0.39587378180991656,0.15832675526163947
META,lightgbm,1,2021-04-16,0,0,0.8723046616193008,0.08568391774260313,0.08568391774260313,0.7866207438766977
META,lightgbm,1,2021-04-19,0,0,0.5356159205492516,0.3031326443271578,0.3031326443271578,0.23248327622209375
META,lightgbm,1,2021-04-20,0,1,0.4468434195017849,0.4468434195017849,0.3707200038567423,0.0761234156450426
META,lightgbm,2,2021-04-21,0,-1,0.6892917509768641,0.16458307833927546,0.16458307833927546,0.5247086726375887
META,lightgbm,2,2021-04-22,1,0,0.9600362586799619,0.033743117059923874,0.033743117059923874,0.9262931416200381
META,lightgbm,2,2021-04-23,1,-1,0.5486084015414903,0.26075455482198007,0.26075455482198007,0.2878538467195102
META,lightgbm,2,2021-04-26,1,-1,0.6095541076115693,0.23326498570883966,0.23326498570883966,0.37628912190272956
META,lightgbm,2,2021-04-27,1,-1,0.6500707301292417,0.3263020822121039,0.3263020822121039,0.3237686479171378
META,lightgbm,2,2021-04-28,1,0,0.7273428421004551,0.03492915295035758,0.23772800494918742,0.48961483715126763
META,lightgbm,2,2021-04-29,-1,0,0.4891062816162682,0.15894944859309365,0.35194426979063814,0.13716201182563004
META,lightgbm,2,2021-04-30,0,0,0.8726968717909845,0.028070621120501273,0.09923250708851422,0.7734643647024704
META,lightgbm,2,2021-05-03,-1,0,0.7816488359241955,0.1482168813459617,0.1482168813459617,0.6334319545782339
META,lightgbm,2,2021-05-04,-1,0,0.5782667200642827,0.37311248614804665,0.37311248614804665,0.20515423391623605
META,lightgbm,2,2021-05-05,-1,1,0.9423279743222553,0.9423279743222553,0.04258214912345298,0.8997458251988024
META,lightgbm,2,2021-05-06,-1,-1,0.8368489161301066,0.1386038711779234,0.1386038711779234,0.6982450449521832
META,lightgbm,2,2021-05-07,0,1,0.6017096943647814,0.6017096943647814,0.3319034234765299,0.2698062708882515
META,lightgbm,2,2021-05-10,1,1,0.9815011982455183,0.9815011982455183,0.018043962980918433,0.9634572352645998
META,lightgbm,2,2021-05-11,0,0,0.756731787253473,0.2388424016170799,0.2388424016170799,0.5178893856363931
META,lightgbm,2,2021-05-12,1,1,0.9926024729941442,0.9926024729941442,0.006292214961327924,0.9863102580328162
META,lightgbm,2,2021-05-13,1,1,0.5186239547831866,0.5186239547831866,0.405152946823337,0.11347100795984955
META,lightgbm,2,2021-05-14,0,1,0.85657417441786,0.85657417441786,0.13264630602752867,0.7239278683903313
META,lightgbm,2,2021-05-17,1,-1,0.6203646974679997,0.10410241609935339,0.27553288643264684,0.3448318110353529
META,lightgbm,2,2021-05-18,1,1,0.8586782873004499,0.8586782873004499,0.09795772162935944,0.7607205656710905
META,lightgbm,2,2021-05-19,1,-1,0.8384326545181431,0.12686947096520507,0.12686947096520507,0.711563183552938
META,lightgbm,2,2021-05-20,1,0,0.65605752056029,0.3344137163558993,0.3344137163558993,0.3216438042043907
META,lightgbm,2,2021-05-21,1,1,0.6141744600181694,0.6141744600181694,0.37893539254566494,0.2352390674725045
META,lightgbm,2,2021-05-24,0,0,0.4805525778490548,0.2976728941296519,0.2976728941296519,0.18287968371940289
META,lightgbm,2,2021-05-25,0,0,0.919090769068288,0.007592285212075201,0.07331694571963679,0.8457738233486513
META,lightgbm,2,2021-05-26,0,0,0.9752904804753442,0.0002786098173931227,0.024430909707262832,0.9508595707680814
META,lightgbm,2,2021-05-27,0,0,0.5778029667458472,0.07991010128883357,0.3422869319653192,0.23551603478052802
META,lightgbm,2,2021-05-28,1,0,0.8647655190311677,0.0476432027653607,0.08759127820347161,0.7771742408276962
META,lightgbm,2,2021-06-01,0,-1,0.7768094597418231,0.1268102820216988,0.1268102820216988,0.6499991777201244
META,lightgbm,2,2021-06-02,0,-1,0.9467461606346053,0.04575066152614327,0.04575066152614327,0.900995499108462
META,lightgbm,2,2021-06-03,0,-1,0.8102722230852204,0.05046098290443599,0.13926679401034356,0.6710054290748768
META,lightgbm,2,2021-06-04,0,-1,0.7488394793459879,0.16839714256821126,0.16839714256821126,0.5804423367777767
META,lightgbm,2,2021-06-07,0,-1,0.8036105027643247,0.17745334243011787,0.17745334243011787,0.6261571603342068
META,lightgbm,2,2021-06-08,0,1,0.8677977568146474,0.8677977568146474,0.1171273355562948,0.7506704212583526
META,lightgbm,2,2021-06-09,0,-1,0.5135479899924373,0.27574621561768414,0.27574621561768414,0.2378017743747532
META,lightgbm,2,2021-06-10,0,0,0.68999741431273,0.219005001138252,0.219005001138252,0.470992413174478
META,lightgbm,2,2021-06-11,0,1,0.6724158025557826,0.6724158025557826,0.2299727515662202,0.4424430509895624
META,lightgbm,2,2021-06-14,0,-1,0.5030506854045962,0.40352391538686444,0.40352391538686444,0.09952677001773175
META,lightgbm,2,2021-06-15,0,-1,0.5483414834660445,0.26907539460132196,0.26907539460132196,0.27926608886472254
META,lightgbm,2,2021-06-16,1,-1,0.9792115573827499,0.011744047757797084,0.011744047757797084,0.9674675096249528
META,lightgbm,2,2021-06-17,0,-1,0.809617671238587,0.1689697813301508,0.1689697813301508,0.6406478899084361
META,lightgbm,2,2021-06-18,1,0,0.7024390487962311,0.0967342023932898,0.20082674881047916,0.501612299985752
META,lightgbm,2,2021-06-21,1,0,0.6738407107633122,0.11997778921890018,0.20618150001778768,0.4676592107455245
META,lightgbm,2,2021-06-22,1,1,0.9037643889098563,0.9037643889098563,0.0775382679135105,0.8262261209963458
META,lightgbm,2,2021-06-23,1,-1,0.4951670455344263,0.05581071720491162,0.4490222372606621,0.046144808273764215
META,lightgbm,2,2021-06-24,1,-1,0.5224135864615443,0.019480644576599364,0.45810576896185634,0.064307817499688
META,lightgbm,2,2021-06-25,1,1,0.4385194987590755,0.4385194987590755,0.30443348670551695,0.13408601205355852
META,lightgbm,2,2021-06-28,0,-1,0.8949828200547492,0.02203545500156228,0.08298172494368841,0.8120010951110608
META,lightgbm,2,2021-06-29,0,0,0.6690399877947277,0.3218402969268133,0.3218402969268133,0.3471996908679144
META,lightgbm,2,2021-06-30,0,1,0.4861294212133048,0.4861294212133048,0.37829576753104194,0.10783365368226289
META,lightgbm,2,2021-07-01,0,1,0.9762241646500428,0.9762241646500428,0.019900870743861366,0.9563232939061814
META,lightgbm,2,2021-07-02,0,0,0.9797335961540158,0.0013087294819787631,0.018957674364005438,0.9607759217900104
META,lightgbm,2,2021-07-06,0,1,0.48474571052859905,0.48474571052859905,0.4305862184950687,0.054159492033530376
META,lightgbm,2,2021-07-07,0,0,0.641968906239252,0.1150180425856583,0.24301305117508967,0.3989558550641623
META,lightgbm,2,2021-07-08,0,0,0.8503060357656782,0.13613600142562596,0.13613600142562596,0.7141700343400522
META,lightgbm,2,2021-07-09,-1,0,0.462256001919568,0.4169472682412306,0.4169472682412306,0.04530873367833743
META,lightgbm,2,2021-07-12,-1,0,0.841973746944022,0.011845371875759387,0.14618088118021857,0.6957928657638035
META,lightgbm,2,2021-07-13,-1,-1,0.9306217112271283,0.041609350231858806,0.041609350231858806,0.8890123609952695
META,lightgbm,2,2021-07-14,0,-1,0.885290412828929,0.027401135589784183,0.08730845158128694,0.797981961247642
META,lightgbm,2,2021-07-15,0,-1,0.7402604170809324,0.21824251054268262,0.21824251054268262,0.5220179065382498
META,lightgbm,2,2021-07-16,1,0,0.4710254943093776,0.10120271485415669,0.42777179083646566,0.043253703472911964
META,lightgbm,2,2021-07-19,1,0,0.7303906403217088,0.14633601660311982,0.14633601660311982,0.584054623718589
META,lightgbm,2,2021-07-20,1,-1,0.906439321615784,0.08862866077857721,0.08862866077857721,0.8178106608372068
META,lightgbm,2,2021-07-21,1,-1,0.7750654620094846,0.1067331063984326,0.11820143159208288,0.6568640304174017
META,lightgbm,2,2021-07-22,1,0,0.49862663496540477,0.09492702123553201,0.4064463437990633,0.09218029116634147
META,lightgbm,2,2021-07-23,-1,-1,0.5931952113973001,0.14682180244709003,0.2599829861556098,0.33321222524169036
META,lightgbm,2,2021-07-26,-1,-1,0.6639458610685126,0.0027996206747278474,0.3332545182567595,0.3306913428117531
META,lightgbm,2,2021-07-27,-1,0,0.4222294870632555,0.32286138919580176,0.32286138919580176,0.09936809786745376
META,lightgbm,2,2021-07-28,-1,-1,0.980559635724584,0.005963976737720463,0.01347638753769549,0.9670832481868885
META,lightgbm,2,2021-07-29,0,0,0.7492500450405115,0.24719088842524853,0.24719088842524853,0.502059156615263
META,lightgbm,2,2021-07-30,1,0,0.8960070171970725,0.10361212656798308,0.10361212656798308,0.7923948906290894
META,lightgbm,2,2021-08-02,1,1,0.5583546073970369,0.5583546073970369,0.4371921537974392,0.12116245359959771
META,lightgbm,2,2021-08-03,1,0,0.8131098381114412,0.1840268777275357,0.1840268777275357,0.6290829603839055
META,lightgbm,2,2021-08-04,0,1,0.7668256201733683,0.7668256201733683,0.2122500304664022,0.5545755897069661
META,lightgbm,2,2021-08-05,0,1,0.9799439397394393,0.9799439397394393,0.013948532911713019,0.9659954068277262
META,lightgbm,2,2021-08-06,0,0,0.8566053370029232,0.07553950951793807,0.07553950951793807,0.7810658274849851
META,lightgbm,2,2021-08-09,0,1,0.8931977912050842,0.8931977912050842,0.09385599862789132,0.799341792577193
META,lightgbm,2,2021-08-10,0,0,0.7570014520497662,0.198100749741399,0.198100749741399,0.5589007023083672
META,lightgbm,2,2021-08-11,0,1,0.824064657715456,0.824064657715456,0.10280232950205558,0.7212623282134004
META,lightgbm,2,2021-08-12,-1,0,0.4724772871896024,0.11859975222487941,0.4089229605855182,0.06355432660408422
META,lightgbm,2,2021-08-13,0,-1,0.5026382969491076,0.024065751396440804,0.47329595165445165,0.029342345294655903
META,lightgbm,2,2021-08-16,0,-1,0.9665192811511,0.014629792941053866,0.018850925907846115,0.9476683552432539
META,lightgbm,2,2021-08-17,0,-1,0.9898795365068125,0.007997801216228393,0.007997801216228393,0.9818817352905841
META,lightgbm,2,2021-08-18,1,-1,0.5794021296899258,0.13342530701525984,0.2871725632948144,0.2922295663951114
META,lightgbm,2,2021-08-19,1,-1,0.7212447260241875,0.24203304573043,0.24203304573043,0.47921168029375755
META,lightgbm,2,2021-08-20,1,-1,0.9041271086308056,0.04181070213230691,0.05406218923688763,0.8500649193939179
META,lightgbm,2,2021-08-23,1,-1,0.9300807057002148,0.020628691596024203,0.04929060270376096,0.8807901029964539
META,lightgbm,2,2021-08-24,1,0,0.5561255426183965,0.03318900398155465,0.4106854534000488,0.14544008921834772
META,lightgbm,2,2021-08-25,1,-1,0.6958044913403594,0.036158847524981656,0.26803666113465896,0.4277678302057004
META,lightgbm,2,2021-08-26,1,-1,0.5290382634993059,0.22909231734946636,0.24186941915122764,0.2871688443480783
META,lightgbm,2,2021-08-27,0,1,0.9047246253737865,0.9047246253737865,0.0731059711359641,0.8316186542378224
META,lightgbm,2,2021-08-30,0,1,0.7162458576342312,0.7162458576342312,0.2806116163310417,0.4356342413031895
META,lightgbm,2,2021-08-31,0,0,0.5136227484848978,0.3857730257122782,0.3857730257122782,0.12784972277261958
META,lightgbm,2,2021-09-01,0,0,0.6646644038198342,0.027234527614640007,0.30810106856552577,0.3565633352543084
META,lightgbm,2,2021-09-02,0,0,0.6746116196979071,0.2879254291765647,0.2879254291765647,0.38668619052134234
META,lightgbm,2,2021-09-03,0,0,0.8309118620246283,0.01570345335128074,0.1533846846240908,0.6775271774005375
META,lightgbm,2,2021-09-07,0,-1,0.5437440265763525,0.43852604483725366,0.43852604483725366,0.1052179817390988
META,lightgbm,2,2021-09-08,0,-1,0.6501525994200836,0.1074906494088924,0.24235675117102395,0.4077958482490597
META,lightgbm,2,2021-09-09,0,0,0.6833533789143801,0.028570836151148405,0.28807578493447145,0.39527759397990864
META,lightgbm,2,2021-09-10,-1,-1,0.9327191412503001,0.037632651342553794,0.037632651342553794,0.8950864899077463
META,lightgbm,2,2021-09-13,-1,-1,0.9447353467587931,0.036883231296714385,0.036883231296714385,0.9078521154620788
META,lightgbm,2,2021-09-14,-1,-1,0.6991791566401743,0.004562027637100928,0.2962588157227248,0.4029203409174495
META,lightgbm,2,2021-09-15,-1,-1,0.9778603438210978,0.008362018318081694,0.013777637860820546,0.9640827059602772
META,lightgbm,2,2021-09-16,-1,-1,0.9547584488847557,0.019151639044625118,0.02608991207061921,0.9286685368141365
META,lightgbm,2,2021-09-17,-1,-1,0.8036407000609146,0.1506238295617351,0.1506238295617351,0.6530168704991794
META,lightgbm,2,2021-09-20,0,0,0.730899939779124,0.18430025401965047,0.18430025401965047,0.5465996857594736
META,lightgbm,2,2021-09-21,-1,0,0.8577300232526599,0.12755483682839316,0.12755483682839316,0.7301751864242667
META,lightgbm,2,2021-09-22,0,1,0.9700984045890975,0.9700984045890975,0.015465623053071692,0.9546327815360258
META,lightgbm,2,2021-09-23,0,1,0.9925033879836787,0.9925033879836787,0.007426661708323252,0.9850767262753554
META,lightgbm,2,2021-09-24,-1,1,0.7600238308519035,0.7600238308519035,0.15004691235724982,0.6099769184946537
META,lightgbm,2,2021-09-27,-1,1,0.48946667749576006,0.48946667749576006,0.2869824989453004,0.20248417855045964
META,lightgbm,2,2021-09-28,-1,1,0.9395576769762917,0.9395576769762917,0.05834064038072544,0.8812170365955663
META,lightgbm,2,2021-09-29,0,1,0.9970251392646594,0.9970251392646594,0.001504659305815058,0.9955204799588444
META,lightgbm,2,2021-09-30,-1,1,0.9938842989472662,0.9938842989472662,0.005248963846102618,0.9886353351011635
META,lightgbm,2,2021-10-01,-1,1,0.7857185527326863,0.7857185527326863,0.16192878493504875,0.6237897677976376
META,lightgbm,2,2021-10-04,0,1,0.9854907495807933,0.9854907495807933,0.00788976680330745,0.9776009827774859
META,lightgbm,2,2021-10-05,-1,1,0.9965318825569819,0.9965318825569819,0.0030863976189152162,0.9934454849380666
META,lightgbm,2,2021-10-06,-1,1,0.8982689083182258,0.8982689083182258,0.05529552692722795,0.8429733813909979
META,lightgbm,2,2021-10-07,0,1,0.9985346507105144,0.9985346507105144,0.0008553827140526496,0.9976792679964618
META,lightgbm,2,2021-10-08,0,1,0.6002746231435436,0.6002746231435436,0.39693516975318294,0.2033394533903607
META,lightgbm,2,2021-10-11,1,1,0.9945307302130462,0.9945307302130462,0.0049664428163746326,0.9895642873966716
META,lightgbm,2,2021-10-12,1,1,0.996760299517728,0.996760299517728,0.002760470522546598,0.9939998289951815
META,lightgbm,2,2021-10-13,1,1,0.5530623816142636,0.5530623816142636,0.44171313025784437,0.11134925135641921
META,lightgbm,2,2021-10-14,1,1,0.7422912402313249,0.7422912402313249,0.1914688208927702,0.5508224193385547
META,lightgbm,2,2021-10-15,0,1,0.9033723642047993,0.9033723642047993,0.05113907281117386,0.8522332913936255
META,lightgbm,2,2021-10-18,0,0,0.6972316340761815,0.23121715762250625,0.23121715762250625,0.4660144764536752
META,lightgbm,2,2021-10-19,-1,0,0.9222602063141554,0.003688641009216838,0.07405115267662787,0.8482090536375275
META,lightgbm,2,2021-10-20,-1,0,0.6846166912651006,0.0030386914287020297,0.31234461730619734,0.37227207395890327
META,lightgbm,2,2021-10-21,-1,-1,0.6132625782771791,0.06913931845223766,0.3175981032705833,0.2956644750065958
META,lightgbm,2,2021-10-22,0,0,0.6718936776754563,0.012747388796775465,0.3153589335277682,0.35653474414768804
META,lightgbm,2,2021-10-25,0,-1,0.5902697048624721,0.2720793866437606,0.2720793866437606,0.3181903182187115
META,lightgbm,2,2021-10-26,1,1,0.6951721466206395,0.6951721466206395,0.29911832397442784,0.3960538226462117
META,lightgbm,2,2021-10-27,1,1,0.5363674544868838,0.5363674544868838,0.45626064360381174,0.08010681088307209
META,lightgbm,2,2021-10-28,1,1,0.7075766032339279,0.7075766032339279,0.1664413520829743,0.5411352511509536
META,lightgbm,2,2021-10-29,1,1,0.432316148217336,0.432316148217336,0.38561388881711833,0.04670225940021766
META,lightgbm,2,2021-11-01,1,0,0.7039858017351287,0.07859731925659838,0.21741687900827297,0.4865689227268557
META,lightgbm,2,2021-11-02,1,0,0.7268797888768064,0.14412868225613343,0.14412868225613343,0.582751106620673
META,lightgbm,2,2021-11-03,0,0,0.9922724537841731,0.0014802081613673485,0.00624733805445972,0.9860251157297133
META,lightgbm,2,2021-11-04,-1,0,0.9967058583041335,0.0008028671156567295,0.0024912745802099724,0.9942145837239236
META,lightgbm,2,2021-11-05,0,0,0.660911248278517,0.0016655911080617376,0.3374231606134213,0.3234880876650957
META,lightgbm,2,2021-11-08,1,1,0.5484598213732648,0.5484598213732648,0.3963226471546478,0.15213717421861694
META,lightgbm,2,2021-11-09,1,0,0.6987489941249988,0.23988049312046764,0.23988049312046764,0.45886850100453114
META,lightgbm,2,2021-11-10,1,0,0.676600060115313,0.27394358737952945,0.27394358737952945,0.4026564727357836
META,lightgbm,2,2021-11-11,1,0,0.8886132962798498,0.08573659555377097,0.08573659555377097,0.8028767007260788
META,lightgbm,2,2021-11-12,0,1,0.9296011844946581,0.9296011844946581,0.04395464953682851,0.8856465349578296
META,lightgbm,2,2021-11-15,0,0,0.7145896170282734,0.030064586542265258,0.2553457964294613,0.4592438205988121
META,lightgbm,2,2021-11-16,0,0,0.7191991454264969,0.09304197247338776,0.18775888210011543,0.5314402633263815
META,lightgbm,2,2021-11-17,0,0,0.7319156396876383,0.19975261029415203,0.19975261029415203,0.5321630293934863
META,lightgbm,2,2021-11-18,0,0,0.9537375423109755,0.03814305823021396,0.03814305823021396,0.9155944840807616
META,lightgbm,2,2021-11-19,-1,1,0.7141463907580927,0.7141463907580927,0.24182725354750104,0.4723191372105917
META,lightgbm,2,2021-11-22,-1,0,0.7505023188677904,0.17039840418271227,0.17039840418271227,0.5801039146850782
META,lightgbm,2,2021-11-23,-1,0,0.8961523361373875,0.06715210763153807,0.06715210763153807,0.8290002285058494
META,lightgbm,2,2021-11-24,-1,1,0.645350228582451,0.645350228582451,0.18315839000942988,0.46219183857302104
META,lightgbm,2,2021-11-26,-1,1,0.9386667037033736,0.9386667037033736,0.03371202433374748,0.9049546793696261
META,lightgbm,2,2021-11-29,-1,1,0.5501978499728637,0.5501978499728637,0.26907967602289673,0.28111817394996697
META,lightgbm,2,2021-11-30,0,1,0.838215905859892,0.838215905859892,0.1577474105808977,0.6804684952789943
META,lightgbm,2,2021-12-01,1,1,0.768377925977179,0.768377925977179,0.1606124730543407,0.6077654529228383
META,lightgbm,2,2021-12-02,1,1,0.9416064136231299,0.9416064136231299,0.04861744245696894,0.8929889711661609
META,lightgbm,2,2021-12-03,1,1,0.6534840725849996,0.6534840725849996,0.3442473362712298,0.30923673631376986
META,lightgbm,2,2021-12-06,1,1,0.8574387902762113,0.8574387902762113,0.08974246330024996,0.7676963269759614
META,lightgbm,2,2021-12-07,1,-1,0.979702084821862,0.007973837397266204,0.01232407778087162,0.9673780070409904
META,lightgbm,2,2021-12-08,1,0,0.522161576029129,0.07374347783601903,0.404094946134852,0.11806662989427708
META,lightgbm,2,2021-12-09,0,0,0.9657749129011054,0.005170062322591405,0.029055024776303187,0.9367198881248022
META,lightgbm,2,2021-12-10,0,0,0.6614101518457546,0.05415465857854289,0.2844351895757025,0.37697496227005206
META,lightgbm,2,2021-12-13,-1,0,0.5593707596128523,0.02518012011700249,0.41544912027014513,0.14392163934270719
META,lightgbm,2,2021-12-14,0,0,0.8670305394697397,0.02337834609963959,0.10959111443062058,0.7574394250391192
META,lightgbm,2,2021-12-15,-1,-1,0.7082109333779839,0.00435644890409042,0.2874326177179258,0.42077831566005813
META,lightgbm,2,2021-12-16,0,-1,0.9472397726024561,0.003653673362270298,0.0491065540352737,0.8981332185671824
META,lightgbm,2,2021-12-17,1,0,0.5664073792265777,0.03680831789058667,0.3967843028828357,0.16962307634374196
META,lightgbm,2,2021-12-20,1,0,0.9504823033693306,0.03908398362782671,0.03908398362782671,0.9113983197415039
META,lightgbm,2,2021-12-21,1,0,0.8118859839100533,0.04062334357620881,0.14749067251373804,0.6643953113963152
META,lightgbm,2,2021-12-22,1,0,0.9340593676364963,0.01581999032213847,0.0501206420413652,0.8839387255951311
META,lightgbm,2,2021-12-23,0,0,0.8567322405448674,0.028271514003519915,0.11499624545161279,0.7417359950932546
META,lightgbm,2,2021-12-27,-1,-1,0.8676781097650456,0.03915461685059281,0.0931672733843617,0.7745108363806839
META,lightgbm,2,2021-12-28,-1,-1,0.7907505158775405,0.02662382172001009,0.18262566240244932,0.6081248534750912
META,lightgbm,2,2021-12-29,-1,1,0.87087366296765,0.87087366296765,0.09849887629387452,0.7723747866737755
META,lightgbm,2,2021-12-30,-1,0,0.7613033040568246,0.23069002187838045,0.23069002187838045,0.5306132821784442
META,lightgbm,2,2021-12-31,0,1,0.9546750538362171,0.9546750538362171,0.04369365883635467,0.9109813949998624
META,lightgbm,2,2022-01-03,-1,1,0.9082812924292688,0.9082812924292688,0.08447572280559737,0.8238055696236715
META,lightgbm,2,2022-01-04,0,1,0.9627171848075439,0.9627171848075439,0.032992022270853204,0.9297251625366907
META,lightgbm,2,2022-01-05,1,1,0.8692618012852867,0.8692618012852867,0.11492683653147842,0.7543349647538083
META,lightgbm,2,2022-01-06,0,-1,0.34170126758194913,0.3290734803166235,0.32922525210142733,0.012476015480521796
META,lightgbm,2,2022-01-07,0,0,0.9785193917496053,0.013167898691832136,0.013167898691832136,0.9653514930577732
META,lightgbm,2,2022-01-10,-1,-1,0.8245311320797678,0.014330106707568985,0.16113876121266316,0.6633923708671047
META,lightgbm,2,2022-01-11,-1,0,0.5259776112990552,0.009357662535484038,0.4646647261654608,0.0613128851335944
META,lightgbm,2,2022-01-12,-1,0,0.4657022114645277,0.42355564502035825,0.42355564502035825,0.042146566444169475
META,lightgbm,2,2022-01-13,-1,1,0.8579654297717852,0.8579654297717852,0.12447536112885808,0.7334900686429272
META,lightgbm,2,2022-01-14,-1,-1,0.6021148094674027,0.08001315145657777,0.3178720390760194,0.2842427703913833
META,lightgbm,2,2022-01-18,-1,1,0.5002958933033116,0.5002958933033116,0.29184232691707235,0.20845356638623924
META,lightgbm,2,2022-01-19,-1,1,0.5177265919437036,0.5177265919437036,0.3281368486615875,0.18958974328211614
META,lightgbm,2,2022-01-20,-1,0,0.47004818809957216,0.0616373735780752,0.4683144383223526,0.0017337497772195731
META,lightgbm,2,2022-01-21,0,1,0.9650420626696652,0.9650420626696652,0.034795436282761376,0.9302466263869038
META,lightgbm,2,2022-01-24,0,1,0.8295204404087972,0.8295204404087972,0.17002418225920762,0.6594962581495896
META,lightgbm,2,2022-01-25,1,1,0.6756024196365513,0.6756024196365513,0.2929668002145486,0.38263561942200275
META,lightgbm,2,2022-01-26,1,1,0.8564967201228354,0.8564967201228354,0.14280933845598737,0.7136873816668481
META,lightgbm,2,2022-01-27,-1,1,0.9712457141093829,0.9712457141093829,0.028308346232690417,0.9429373678766925
META,lightgbm,2,2022-01-28,-1,1,0.5839307065313316,0.5839307065313316,0.41013764624926036,0.17379306028207125
META,lightgbm,2,2022-01-31,-1,1,0.9805989059346697,0.9805989059346697,0.012690923699995006,0.9679079822346747
META,lightgbm,2,2022-02-01,-1,0,0.5612898986719268,0.054220246243231386,0.38448985508484196,0.17680004358708484
META,lightgbm,2,2022-02-02,-1,-1,0.8173872332739279,0.06539623278539732,0.1172165339406747,0.7001706993332533
META,lightgbm,2,2022-02-03,-1,0,0.9726299793380929,0.02628081724191342,0.02628081724191342,0.9463491620961795
META,lightgbm,2,2022-02-04,-1,1,0.987346998619688,0.987346998619688,0.012590270275628005,0.97475672834406
META,lightgbm,2,2022-02-07,-1,1,0.9615298198834277,0.9615298198834277,0.03814951372870653,0.9233803061547211
META,lightgbm,2,2022-02-08,0,1,0.9970463857420916,0.9970463857420916,0.0028334630423173628,0.9942129226997742
META,lightgbm,2,2022-02-09,-1,1,0.9957193697451996,0.9957193697451996,0.003714223493501508,0.9920051462516981
META,lightgbm,2,2022-02-10,-1,1,0.8279142722207772,0.8279142722207772,0.1716280197571018,0.6562862524636754
META,lightgbm,2,2022-02-11,-1,1,0.9712153554078307,0.9712153554078307,0.026318166170492985,0.9448971892373377
META,lightgbm,2,2022-02-14,-1,1,0.9954434213538799,0.9954434213538799,0.004286205019458206,0.9911572163344217
META,lightgbm,2,2022-02-15,-1,1,0.9985015747145904,0.9985015747145904,0.0012287362300899042,0.9972728384845005
META,lightgbm,2,2022-02-16,-1,1,0.9817731504166032,0.9817731504166032,0.01623745625755783,0.9655356941590454
META,lightgbm,2,2022-02-17,0,1,0.9870220252801466,0.9870220252801466,0.007512472747479754,0.9795095525326668
META,lightgbm,2,2022-02-18,1,1,0.9890379472187008,0.9890379472187008,0.006607204259803576,0.9824307429588972
META,lightgbm,2,2022-02-22,0,1,0.9983429270376705,0.9983429270376705,0.001119959812507975,0.9972229672251625
META,lightgbm,2,2022-02-23,1,1,0.9988197565574918,0.9988197565574918,0.0011029486515631527,0.9977168079059286
META,lightgbm,2,2022-02-24,-1,1,0.9806837419472128,0.9806837419472128,0.014042496448361336,0.9666412454988514
META,lightgbm,2,2022-02-25,-1,1,0.9974084742288422,0.9974084742288422,0.0025543351709062237,0.994854139057936
META,lightgbm,2,2022-02-28,-1,1,0.9742350871215703,0.9742350871215703,0.024935427161406502,0.9492996599601637
META,lightgbm,2,2022-03-01,-1,1,0.9940916375696047,0.9940916375696047,0.004470209672766072,0.9896214278968386
META,lightgbm,2,2022-03-02,-1,1,0.9968110690336354,0.9968110690336354,0.0019370130577679985,0.9948740559758674
META,lightgbm,2,2022-03-03,-1,1,0.9955294988565885,0.9955294988565885,0.0036784565179263846,0.9918510423386621
META,lightgbm,2,2022-03-04,-1,1,0.9930736374946199,0.9930736374946199,0.003662353881033612,0.9894112836135862
META,lightgbm,2,2022-03-07,0,1,0.9876500004832756,0.9876500004832756,0.010248884013600636,0.9774011164696749
META,lightgbm,2,2022-03-08,0,1,0.9988580532688852,0.9988580532688852,0.0006450039653656747,0.9982130493035195
META,lightgbm,2,2022-03-09,1,-1,0.8291102188257434,0.1518514543200903,0.1518514543200903,0.6772587645056531
META,lightgbm,2,2022-03-10,1,1,0.9373916582543635,0.9373916582543635,0.04232462665791367,0.8950670315964498
META,lightgbm,2,2022-03-11,1,1,0.9963098254616439,0.9963098254616439,0.0024783502013944773,0.9938314752602494
META,lightgbm,2,2022-03-14,1,1,0.9977786690586653,0.9977786690586653,0.0019311311460837065,0.9958475379125816
META,lightgbm,2,2022-03-15,1,1,0.9881868730233905,0.9881868730233905,0.011374431103289308,0.9768124419201012
META,lightgbm,2,2022-03-16,1,1,0.9629747669174451,0.9629747669174451,0.026565349009094113,0.936409417908351
META,lightgbm,2,2022-03-17,1,0,0.5699508952365633,0.41868802224619545,0.41868802224619545,0.15126287299036784
META,lightgbm,2,2022-03-18,1,0,0.6317614615919832,0.32485344060887217,0.32485344060887217,0.30690802098311104
META,lightgbm,2,2022-03-21,1,0,0.6756530274069422,0.3218110150713679,0.3218110150713679,0.35384201233557433
META,lightgbm,2,2022-03-22,1,0,0.9472947173690112,0.03388092154197834,0.03388092154197834,0.9134137958270329
META,lightgbm,2,2022-03-23,1,1,0.5833616201721816,0.5833616201721816,0.4035940237878227,0.1797675963843589
META,lightgbm,2,2022-03-24,0,0,0.7149320226542926,0.23772691733584256,0.23772691733584256,0.47720510531845
META,lightgbm,2,2022-03-25,0,-1,0.6066813266297295,0.11698113070513268,0.27633754266513777,0.33034378396459174
META,lightgbm,2,2022-03-28,1,0,0.7688729821149466,0.02245798508806132,0.20866903279699225,0.5602039493179544
META,lightgbm,2,2022-03-29,0,0,0.5049910697995094,0.10923612822869748,0.3857728019717931,0.11921826782771627
META,lightgbm,2,2022-03-30,0,0,0.9767077577682147,0.000921374189067594,0.022370868042717797,0.9543368897254969
META,lightgbm,2,2022-03-31,0,1,0.6153118863838437,0.6153118863838437,0.36207004125249187,0.25324184513135184
META,lightgbm,2,2022-04-01,0,1,0.9481289793166686,0.9481289793166686,0.035414618104546235,0.9127143612121223
META,lightgbm,2,2022-04-04,-1,1,0.9051467907699914,0.9051467907699914,0.09095760150985181,0.8141891892601396
META,lightgbm,2,2022-04-05,-1,1,0.9898587579091527,0.9898587579091527,0.00686031356298349,0.9829984443461692
META,lightgbm,2,2022-04-06,-1,1,0.972846471915014,0.972846471915014,0.01743968708904567,0.9554067848259684
META,lightgbm,2,2022-04-07,-1,1,0.9997019340938492,0.9997019340938492,0.00016078157819279164,0.9995411525156565
META,lightgbm,2,2022-04-08,-1,1,0.9991487331941512,0.9991487331941512,0.0007647381281509071,0.9983839950660003
META,lightgbm,2,2022-04-11,0,1,0.9910360678285339,0.9910360678285339,0.007423883298290867,0.983612184530243
META,lightgbm,2,2022-04-12,-1,1,0.9797667555901572,0.9797667555901572,0.018872484849229407,0.9608942707409278
META,lightgbm,2,2022-04-13,-1,1,0.9848200322996676,0.9848200322996676,0.010387621431554429,0.9744324108681132
META,lightgbm,2,2022-04-14,-1,1,0.8021690308522257,0.8021690308522257,0.1923304396194753,0.6098385912327504
META,lightgbm,2,2022-04-18,-1,1,0.6927118642954924,0.6927118642954924,0.20222615282856912,0.4904857114669232
META,lightgbm,2,2022-04-19,-1,1,0.9570934417176634,0.9570934417176634,0.02200941586450151,0.9350840258531619
META,lightgbm,2,2022-04-20,-1,1,0.701767417745815,0.701767417745815,0.21046347664437048,0.4913039411014445
META,lightgbm,2,2022-04-21,1,0,0.34579529790609764,0.3452176852401444,0.3452176852401444,0.0005776126659532421
META,lightgbm,2,2022-04-22,1,1,0.9519330480475163,0.9519330480475163,0.03845541806684646,0.9134776299806698
META,lightgbm,2,2022-04-25,1,1,0.9611239015644175,0.9611239015644175,0.03788231299734209,0.9232415885670754
META,lightgbm,2,2022-04-26,1,1,0.6182588912409166,0.6182588912409166,0.3097563859848359,0.3085025052560807
META,lightgbm,2,2022-04-27,1,1,0.42881054149020276,0.42881054149020276,0.40828370114537016,0.020526840344832598
META,lightgbm,2,2022-04-28,0,1,0.5242040831772682,0.5242040831772682,0.33265930093549706,0.19154478224177113
META,lightgbm,2,2022-04-29,0,0,0.5418968970318941,0.37439981318738624,0.37439981318738624,0.1674970838445079
META,lightgbm,2,2022-05-02,-1,1,0.8909915444873077,0.8909915444873077,0.05747126280605966,0.833520281681248
META,lightgbm,2,2022-05-03,-1,1,0.47934341287751286,0.47934341287751286,0.29099828169826264,0.18834513117925022
META,lightgbm,2,2022-05-04,-1,0,0.7149175006126647,0.013295987483656293,0.271786511903679,0.4431309887089857
META,lightgbm,2,2022-05-05,-1,1,0.5421524558000893,0.5421524558000893,0.45070543225170895,0.09144702354838036
META,lightgbm,2,2022-05-06,-1,0,0.5032446628525487,0.482841748027826,0.482841748027826,0.020402914824722673
META,lightgbm,2,2022-05-09,0,1,0.9428888970795242,0.9428888970795242,0.03263173390711405,0.9102571631724101
META,lightgbm,2,2022-05-10,1,1,0.9866072647173285,0.9866072647173285,0.006957566527189782,0.9796496981901387
META,lightgbm,2,2022-05-11,0,1,0.989010675977567,0.989010675977567,0.008628818662133287,0.9803818573154337
META,lightgbm,2,2022-05-12,0,1,0.9528272410668939,0.9528272410668939,0.030592342199890616,0.9222348988670033
META,lightgbm,2,2022-05-13,-1,1,0.7005409809306532,0.7005409809306532,0.1810340640074647,0.5195069169231885
META,lightgbm,2,2022-05-16,0,1,0.6009791903110412,0.6009791903110412,0.371711436515061,0.2292677537959802
META,lightgbm,2,2022-05-17,-1,1,0.7886924137091481,0.7886924137091481,0.14997772266600432,0.6387146910431438
META,lightgbm,2,2022-05-18,-1,-1,0.9409068574078633,0.03475840042126864,0.03475840042126864,0.9061484569865946
META,lightgbm,2,2022-05-19,0,1,0.95147927969869,0.95147927969869,0.040694688990219496,0.9107845907084704
META,lightgbm,2,2022-05-20,0,1,0.7035782888482741,0.7035782888482741,0.163293967067587,0.5402843217806871
META,lightgbm,2,2022-05-23,0,1,0.8250704535519742,0.8250704535519742,0.1702536352457509,0.6548168183062233
META,lightgbm,2,2022-05-24,1,-1,0.38298235167693806,0.3695886567545058,0.3695886567545058,0.013393694922432253
META,lightgbm,2,2022-05-25,1,1,0.9804631995616638,0.9804631995616638,0.018706320210507003,0.9617568793511568
META,lightgbm,2,2022-05-26,0,-1,0.5495447661515117,0.444991696289658,0.444991696289658,0.1045530698618537
META,lightgbm,2,2022-05-27,0,-1,0.5940613816712724,0.3985704639112314,0.3985704639112314,0.19549091776004102
META,lightgbm,2,2022-05-31,0,1,0.8890405055882707,0.8890405055882707,0.08170774440673446,0.8073327611815363
META,lightgbm,2,2022-06-01,1,1,0.6545687206157863,0.6545687206157863,0.2899213672890642,0.3646473533267221
META,lightgbm,2,2022-06-02,-1,1,0.8063902541791363,0.8063902541791363,0.16347910646147099,0.6429111477176653
META,lightgbm,2,2022-06-03,-1,1,0.5522459715519967,0.5522459715519967,0.42161250800354055,0.13063346354845617
META,lightgbm,2,2022-06-06,-1,1,0.9837121654413516,0.9837121654413516,0.01489407202020927,0.9688180934211423
META,lightgbm,2,2022-06-07,-1,1,0.9633409097008295,0.9633409097008295,0.03647462009447052,0.926866289606359
META,lightgbm,2,2022-06-08,-1,1,0.8982716841067101,0.8982716841067101,0.09731804261539906,0.800953641491311
META,lightgbm,2,2022-06-09,-1,1,0.9727926881309306,0.9727926881309306,0.021293676749810996,0.9514990113811196
META,lightgbm,2,2022-06-10,-1,1,0.9913951241864326,0.9913951241864326,0.005104570401442241,0.9862905537849904
META,lightgbm,2,2022-06-13,-1,-1,0.9063368623207939,0.031007765545161593,0.06265537213404442,0.8436814901867495
META,lightgbm,2,2022-06-14,-1,1,0.9522458798745903,0.9522458798745903,0.042588428835032714,0.9096574510395576
META,lightgbm,2,2022-06-15,-1,1,0.9942189899530819,0.9942189899530819,0.0031835402141449894,0.9910354497389369
META,lightgbm,2,2022-06-16,1,-1,0.8755526586108247,0.06760567569283048,0.06760567569283048,0.8079469829179942
META,lightgbm,2,2022-06-17,1,1,0.9241089110020396,0.9241089110020396,0.0719304000421626,0.8521785109598771
META,lightgbm,2,2022-06-21,1,1,0.5960732701388455,0.5960732701388455,0.3662060363754021,0.22986723376344337
META,lightgbm,2,2022-06-22,1,1,0.9946251683384667,0.9946251683384667,0.00446965731516101,0.9901555110233057
META,lightgbm,2,2022-06-23,0,1,0.9902092913735551,0.9902092913735551,0.0069694949688959675,0.9832397964046591
META,lightgbm,2,2022-06-24,-1,1,0.9214551520326747,0.9214551520326747,0.0535068030465033,0.8679483489861713
META,lightgbm,2,2022-06-27,0,1,0.853328376511988,0.853328376511988,0.1451296608583651,0.7081987156536229
META,lightgbm,2,2022-06-28,1,1,0.9521311875108451,0.9521311875108451,0.047698136413585446,0.9044330510972597
META,lightgbm,2,2022-06-29,1,1,0.9751190847918643,0.9751190847918643,0.024247171867785095,0.9508719129240791
META,lightgbm,2,2022-06-30,1,1,0.9939297434178016,0.9939297434178016,0.00572361543642721,0.9882061279813744
META,lightgbm,2,2022-07-01,0,1,0.9993181882284279,0.9993181882284279,0.00038093049466553545,0.9989372577337623
META,lightgbm,2,2022-07-05,-1,1,0.991608955559457,0.991608955559457,0.007679863647460248,0.9839290919119968
META,lightgbm,2,2022-07-06,-1,0,0.5856769602109909,0.4120306396122673,0.4120306396122673,0.1736463205987236
META,lightgbm,2,2022-07-07,-1,1,0.6620846284872344,0.6620846284872344,0.3291658379580095,0.33291879052922485
META,lightgbm,2,2022-07-08,-1,1,0.8583510751103878,0.8583510751103878,0.1380696636669296,0.7202814114434581
META,lightgbm,2,2022-07-11,1,1,0.9561077669041972,0.9561077669041972,0.03213224947300821,0.923975517431189
META,lightgbm,2,2022-07-12,1,1,0.7749657063316227,0.7749657063316227,0.1972944769509375,0.5776712293806852
META,lightgbm,2,2022-07-13,1,-1,0.5973553262318442,0.396129836079711,0.396129836079711,0.2012254901521332
META,lightgbm,2,2022-07-14,1,1,0.9942921762733157,0.9942921762733157,0.003582772252365562,0.9907094040209501
META,lightgbm,2,2022-07-15,1,1,0.7835133702432634,0.7835133702432634,0.14231925027731374,0.6411941199659497
META,lightgbm,2,2022-07-18,0,0,0.4846732277832542,0.3032645532544001,0.3032645532544001,0.18140867452885412
META,lightgbm,2,2022-07-19,-1,-1,0.7573465822516113,0.2183628507005027,0.2183628507005027,0.5389837315511086
META,lightgbm,2,2022-07-20,-1,1,0.9941563578049907,0.9941563578049907,0.0031513769265584814,0.9910049808784321
META,lightgbm,2,2022-07-21,-1,1,0.950034362290976,0.950034362290976,0.033717736113737067,0.916316626177239
META,lightgbm,2,2022-07-22,-1,1,0.5538287361397818,0.5538287361397818,0.43647765043303854,0.11735108570674324
META,lightgbm,2,2022-07-25,-1,1,0.9330856108405478,0.9330856108405478,0.055926607499405305,0.8771590033411425
META,lightgbm,2,2022-07-26,0,1,0.9682947192150735,0.9682947192150735,0.029898810661406955,0.9383959085536665
META,lightgbm,2,2022-07-27,0,1,0.9670121767198043,0.9670121767198043,0.02519124549406618,0.9418209312257382
META,lightgbm,2,2022-07-28,1,0,0.8759877985073027,0.11601975448157913,0.11601975448157913,0.7599680440257236
META,lightgbm,2,2022-07-29,1,1,0.6424185709003627,0.6424185709003627,0.34538914177991775,0.29702942912044494
META,lightgbm,2,2022-08-01,1,0,0.8940849887728404,0.10292513534013638,0.10292513534013638,0.791159853432704
META,lightgbm,2,2022-08-02,1,1,0.7776737645232652,0.7776737645232652,0.19547746253674983,0.5821963019865154
META,lightgbm,2,2022-08-03,1,1,0.9144916563409522,0.9144916563409522,0.0843523032737231,0.8301393530672291
META,lightgbm,2,2022-08-04,1,0,0.9781538379901713,0.01967152575297117,0.01967152575297117,0.9584823122372002
META,lightgbm,2,2022-08-05,1,0,0.8639627171062387,0.11954059744442702,0.11954059744442702,0.7444221196618117
META,lightgbm,2,2022-08-08,1,0,0.6730527728445737,0.28189044498882004,0.28189044498882004,0.3911623278557536
META,lightgbm,2,2022-08-09,1,1,0.5369461521660592,0.5369461521660592,0.36080600982349037,0.17614014234256886
META,lightgbm,2,2022-08-10,0,1,0.7892848409981024,0.7892848409981024,0.1555059427312377,0.6337788982668646
META,lightgbm,2,2022-08-11,0,1,0.8563730867750613,0.8563730867750613,0.14153177346053666,0.7148413133145246
META,lightgbm,2,2022-08-12,-1,0,0.8374315702400973,0.025268193719581125,0.13730023604032154,0.7001313341997757
META,lightgbm,2,2022-08-15,-1,0,0.9803676434462233,0.010112674654154136,0.010112674654154136,0.9702549687920692
META,lightgbm,2,2022-08-16,-1,1,0.5811717877840885,0.5811717877840885,0.41305965130789546,0.16811213647619305
META,lightgbm,2,2022-08-17,-1,0,0.831095073543409,0.0662064721257605,0.10269845433083051,0.7283966192125785
META,lightgbm,2,2022-08-18,-1,0,0.4243438144207942,0.32906560428160964,0.32906560428160964,0.09527821013918458
META,lightgbm,2,2022-08-19,-1,0,0.5453926217940923,0.4164495725421382,0.4164495725421382,0.1289430492519541
META,lightgbm,2,2022-08-22,-1,0,0.5121472459783605,0.4061390387902155,0.4061390387902155,0.10600820718814497
META,lightgbm,2,2022-08-23,-1,1,0.743313389944204,0.743313389944204,0.19655408060415513,0.5467593093400489
META,lightgbm,2,2022-08-24,0,1,0.6121333197423575,0.6121333197423575,0.23450911829648657,0.37762420144587094
META,lightgbm,2,2022-08-25,-1,0,0.49995087181717185,0.11354660660482123,0.3865025215780069,0.11344835023916494
META,lightgbm,2,2022-08-26,0,1,0.6661501372944347,0.6661501372944347,0.29789473349963613,0.3682554037947986
META,lightgbm,2,2022-08-29,0,-1,0.8197818547885708,0.14179575235947664,0.14179575235947664,0.6779861024290942
META,lightgbm,2,2022-08-30,1,1,0.6061746886483754,0.6061746886483754,0.30793410380506514,0.2982405848433103
META,lightgbm,2,2022-08-31,0,1,0.6699516186282884,0.6699516186282884,0.31955867566384766,0.3503929429644408
META,lightgbm,2,2022-09-01,1,1,0.9379225610172853,0.9379225610172853,0.05278981079161944,0.8851327502256658
META,lightgbm,2,2022-09-02,1,1,0.9563736162141245,0.9563736162141245,0.025087466244145165,0.9312861499699794
META,lightgbm,2,2022-09-06,-1,1,0.8826265661892643,0.8826265661892643,0.1143894849504991,0.7682370812387652
META,lightgbm,2,2022-09-07,-1,1,0.9630333948730688,0.9630333948730688,0.031165849883828926,0.9318675449892398
META,lightgbm,2,2022-09-08,-1,1,0.9904745141284973,0.9904745141284973,0.0057736247824181535,0.9847008893460791
META,lightgbm,2,2022-09-09,-1,1,0.9314041125907868,0.9314041125907868,0.06713959093046501,0.8642645216603217
META,lightgbm,2,2022-09-12,-1,0,0.9750119079696177,0.002484969021347349,0.022503123009035047,0.9525087849605827
META,lightgbm,2,2022-09-13,-1,0,0.49676970423082717,0.3406606840158282,0.3406606840158282,0.15610902021499895
META,lightgbm,2,2022-09-14,-1,1,0.9953659168827643,0.9953659168827643,0.0037734570179242415,0.9915924598648401
META,lightgbm,2,2022-09-15,-1,1,0.997060613288749,0.997060613288749,0.00153481976157177,0.9955257935271772
META,lightgbm,2,2022-09-16,-1,1,0.9332447050079826,0.9332447050079826,0.06666541185446463,0.866579293153518
META,lightgbm,2,2022-09-19,-1,1,0.9961399723489236,0.9961399723489236,0.0026501986904142495,0.9934897736585093
META,lightgbm,2,2022-09-20,-1,1,0.9706262964188572,0.9706262964188572,0.02214389053287105,0.9484824058859862
META,lightgbm,2,2022-09-21,0,1,0.949713226701391,0.949713226701391,0.050042700222968556,0.8996705264784225
META,lightgbm,2,2022-09-22,-1,1,0.9713685185730675,0.9713685185730675,0.026531143508913536,0.944837375064154
META,lightgbm,2,2022-09-23,-1,1,0.7715480897080489,0.7715480897080489,0.22374909065607418,0.5477989990519747
META,lightgbm,2,2022-09-26,0,1,0.5143125690550807,0.5143125690550807,0.46446298467497044,0.04984958438011028
META,lightgbm,2,2022-09-27,1,1,0.8855705868236748,0.8855705868236748,0.10660402340318623,0.7789665634204886
META,lightgbm,2,2022-09-28,0,1,0.9569750179213486,0.9569750179213486,0.02355333091255992,0.9334216870087887
META,lightgbm,2,2022-09-29,0,1,0.9620546244073285,0.9620546244073285,0.018981104937127024,0.9430735194702015
META,lightgbm,2,2022-09-30,0,1,0.9986541551483645,0.9986541551483645,0.001183149331723673,0.9974710058166408
META,lightgbm,2,2022-10-03,-1,1,0.9036591186536702,0.9036591186536702,0.0939086139529099,0.8097505047007603
META,lightgbm,2,2022-10-04,-1,1,0.7948039180297494,0.7948039180297494,0.20223176171039536,0.592572156319354
META,lightgbm,2,2022-10-05,-1,1,0.9717701260561241,0.9717701260561241,0.02140309069604544,0.9503670353600787
META,lightgbm,2,2022-10-06,-1,1,0.957467200341124,0.957467200341124,0.037556923385512996,0.919910276955611
META,lightgbm,2,2022-10-07,-1,1,0.9835195794579683,0.9835195794579683,0.011844678776196174,0.9716749006817721
META,lightgbm,2,2022-10-10,0,1,0.76332628426173,0.76332628426173,0.1883124962947296,0.5750137879670004
META,lightgbm,2,2022-10-11,1,1,0.9875694954618622,0.9875694954618622,0.008368666685493156,0.979200828776369
META,lightgbm,2,2022-10-12,1,1,0.9853908088055857,0.9853908088055857,0.014551955000010887,0.9708388538055748
META,lightgbm,2,2022-10-13,0,-1,0.9089887026138107,0.08995960790567303,0.08995960790567303,0.8190290947081377
META,lightgbm,2,2022-10-14,1,1,0.5781785373552919,0.5781785373552919,0.40348844239625364,0.17469009495903826
META,lightgbm,2,2022-10-17,-1,1,0.5939708273036294,0.5939708273036294,0.32860798425801035,0.265362843045619
META,lightgbm,2,2022-10-18,1,1,0.7686695564926821,0.7686695564926821,0.23004542227695746,0.5386241342157246
META,lightgbm,2,2022-10-19,-1,1,0.8059413255230525,0.8059413255230525,0.1741837381924533,0.6317575873305992
META,lightgbm,2,2022-10-20,-1,1,0.8770706936841772,0.8770706936841772,0.0974899584195853,0.7795807352645919
META,lightgbm,2,2022-10-21,-1,-1,0.7584482049743635,0.21987287302490488,0.21987287302490488,0.5385753319494586
META,lightgbm,2,2022-10-24,-1,1,0.8559452559249785,0.8559452559249785,0.10141044141593407,0.7545348145090445
META,lightgbm,2,2022-10-25,-1,0,0.6299273142323298,0.36073943127929436,0.36073943127929436,0.2691878829530355
META,lightgbm,2,2022-10-26,-1,-1,0.5327906264135707,0.1085699502159626,0.3586394233704668,0.17415120304310389
META,lightgbm,2,2022-10-27,-1,0,0.986702627358648,0.012660538270703816,0.012660538270703816,0.9740420890879442
META,lightgbm,2,2022-10-28,-1,1,0.9674734153941521,0.9674734153941521,0.029781352600783458,0.9376920627933687
META,lightgbm,2,2022-10-31,1,1,0.8528422542929466,0.8528422542929466,0.14673322443694647,0.7061090298560001
META,lightgbm,2,2022-11-01,0,1,0.9966631799880391,0.9966631799880391,0.0030942513508370596,0.993568928637202
META,lightgbm,2,2022-11-02,1,1,0.9331379670826321,0.9331379670826321,0.05907569774665846,0.8740622693359736
META,lightgbm,3,2022-11-03,1,1,0.41163620739437407,0.41163620739437407,0.3349283631546169,0.07670784423975718
META,lightgbm,3,2022-11-04,1,1,0.49600873065356094,0.49600873065356094,0.36207473799391393,0.133933992659647
META,lightgbm,3,2022-11-07,1,1,0.7509600064117629,0.7509600064117629,0.2049459243933443,0.5460140820184185
META,lightgbm,3,2022-11-08,1,1,0.5847802213657125,0.5847802213657125,0.41027195272476163,0.17450826864095087
META,lightgbm,3,2022-11-09,1,-1,0.6894982129558125,0.19068292390149244,0.19068292390149244,0.49881528905432004
META,lightgbm,3,2022-11-10,0,-1,0.6437866713087234,0.14091164875937545,0.21530167993190114,0.4284849913768222
META,lightgbm,3,2022-11-11,0,-1,0.6872107131952765,0.19245582153559787,0.19245582153559787,0.4947548916596786
META,lightgbm,3,2022-11-14,-1,-1,0.5365175341212051,0.4313357346907278,0.4313357346907278,0.10518179943047729
META,lightgbm,3,2022-11-15,-1,1,0.8397257107821041,0.8397257107821041,0.08332206200684283,0.7564036487752612
META,lightgbm,3,2022-11-16,0,-1,0.7334129852963926,0.18542305804301557,0.18542305804301557,0.547989927253377
META,lightgbm,3,2022-11-17,0,-1,0.8788231507520661,0.0764653178452542,0.0764653178452542,0.8023578329068118
META,lightgbm,3,2022-11-18,-1,1,0.954296553943497,0.954296553943497,0.04086231958246204,0.913434234361035
META,lightgbm,3,2022-11-21,0,-1,0.6738880953669497,0.24232344783458692,0.24232344783458692,0.4315646475323628
META,lightgbm,3,2022-11-22,1,-1,0.859316442613974,0.0742642760370147,0.0742642760370147,0.7850521665769593
META,lightgbm,3,2022-11-23,1,-1,0.8771733963026767,0.04376457067182358,0.07906203302549968,0.798111363277177
META,lightgbm,3,2022-11-25,1,0,0.5292988254711478,0.17124385599579287,0.2994573185330593,0.22984150693808852
META,lightgbm,3,2022-11-28,1,1,0.5941434499975192,0.5941434499975192,0.3566598829339162,0.23748356706360302
META,lightgbm,3,2022-11-29,1,1,0.9153012163218913,0.9153012163218913,0.061016015244799146,0.8542852010770922
META,lightgbm,3,2022-11-30,-1,0,0.4951041423169694,0.09538600072634185,0.4095098569566887,0.08559428536028074
META,lightgbm,3,2022-12-01,-1,0,0.4587194551327504,0.268628229129219,0.27265231573803056,0.18606713939471986
META,lightgbm,3,2022-12-02,-1,-1,0.8036278318377371,0.09150937100357001,0.10486279715869287,0.6987650346790443
META,lightgbm,3,2022-12-05,-1,-1,0.7205364429893936,0.18419821066766187,0.18419821066766187,0.5363382323217317
META,lightgbm,3,2022-12-06,1,-1,0.8028838485304117,0.15421631163730729,0.15421631163730729,0.6486675368931044
META,lightgbm,3,2022-12-07,1,-1,0.6720579567995261,0.3125698366583626,0.3125698366583626,0.3594881201411635
META,lightgbm,3,2022-12-08,0,1,0.8655427156494119,0.8655427156494119,0.09305627918079198,0.7724864364686199
META,lightgbm,3,2022-12-09,1,0,0.9506115491760968,0.04221265543617435,0.04221265543617435,0.9083988937399224
META,lightgbm,3,2022-12-12,0,1,0.8701943307750756,0.8701943307750756,0.0724452209294928,0.7977491098455828
META,lightgbm,3,2022-12-13,-1,0,0.4844364550207198,0.48235479727507075,0.48235479727507075,0.002081657745649057
META,lightgbm,3,2022-12-14,0,1,0.838392908205497,0.838392908205497,0.11045437904519174,0.7279385291603052
META,lightgbm,3,2022-12-15,0,1,0.6509303806118935,0.6509303806118935,0.23091579778321708,0.4200145828286764
META,lightgbm,3,2022-12-16,0,1,0.7178447369300416,0.7178447369300416,0.27005149405968176,0.4477932428703598
META,lightgbm,3,2022-12-19,1,1,0.637131772631837,0.637131772631837,0.3451826819807974,0.2919490906510396
META,lightgbm,3,2022-12-20,0,1,0.9553608166363925,0.9553608166363925,0.03525609575235902,0.9201047208840335
META,lightgbm,3,2022-12-21,0,1,0.9128328509282353,0.9128328509282353,0.08020618061670176,0.8326266703115335
META,lightgbm,3,2022-12-22,1,1,0.51970898235407,0.51970898235407,0.4526194720977739,0.06708951025629611
META,lightgbm,3,2022-12-23,1,1,0.9437131033950902,0.9437131033950902,0.05521166054052368,0.8885014428545666
META,lightgbm,3,2022-12-27,1,1,0.9108553991718958,0.9108553991718958,0.05047259974298982,0.860382799428906
META,lightgbm,3,2022-12-28,1,-1,0.8636295314409976,0.10962660712136787,0.10962660712136787,0.7540029243196298
META,lightgbm,3,2022-12-29,1,1,0.9767751656498024,0.9767751656498024,0.016619288141228657,0.9601558775085737
META,lightgbm,3,2022-12-30,1,1,0.9143163175605825,0.9143163175605825,0.0606162073745994,0.8537001101859831
META,lightgbm,3,2023-01-03,1,-1,0.4180720805634438,0.19216892289286108,0.38975899654369517,0.028313084019748636
META,lightgbm,3,2023-01-04,1,-1,0.5389577395652771,0.007393389580721436,0.45364887085400135,0.0853088687112758
META,lightgbm,3,2023-01-05,1,-1,0.729604288142329,0.013350063068163527,0.2570456487895075,0.47255863935282155
META,lightgbm,3,2023-01-06,1,-1,0.8427195182513034,0.007335142578886452,0.14994533916981015,0.6927741790814933
META,lightgbm,3,2023-01-09,1,0,0.9563759066292136,0.0015935364060775256,0.042030556964709004,0.9143453496645045
META,lightgbm,3,2023-01-10,0,1,0.4742913779676579,0.4742913779676579,0.4062684467666663,0.06802293120099162
META,lightgbm,3,2023-01-11,1,0,0.8731037623798861,0.1065843621406893,0.1065843621406893,0.7665194002391967
META,lightgbm,3,2023-01-12,0,0,0.952839298677308,0.011277386040596459,0.03588331528209564,0.9169559833952123
META,lightgbm,3,2023-01-13,1,-1,0.8660766339794889,0.0009465216290305549,0.13297684439148066,0.7330997895880083
META,lightgbm,3,2023-01-17,1,0,0.8505898491772265,0.05920550801296376,0.09020464280980987,0.7603852063674166
META,lightgbm,3,2023-01-18,1,-1,0.6615867524422001,0.037657718604699277,0.3007555289531006,0.3608312234890995
META,lightgbm,3,2023-01-19,1,1,0.5098020963332958,0.5098020963332958,0.3362873522018756,0.17351474413142015
META,lightgbm,3,2023-01-20,1,0,0.7964937843380517,0.10923771193658717,0.10923771193658717,0.6872560724014646
META,lightgbm,3,2023-01-23,1,0,0.7985552036622405,0.0367404645334505,0.16470433180430902,0.6338508718579315
META,lightgbm,3,2023-01-24,1,-1,0.715280459079849,0.0030935597757173706,0.2816259811444336,0.43365447793541545
META,lightgbm,3,2023-01-25,1,0,0.9450465790315818,0.04126008010911219,0.04126008010911219,0.9037864989224696
META,lightgbm,3,2023-01-26,1,-1,0.5417331432249793,0.024609570036476045,0.4336572867385446,0.10807585648643475
META,lightgbm,3,2023-01-27,1,0,0.7931538381241978,0.01489671933658682,0.19194944253921523,0.6012043955849826
META,lightgbm,3,2023-01-30,1,0,0.8924909232312241,0.09619894990024709,0.09619894990024709,0.796291973330977
META,lightgbm,3,2023-01-31,1,0,0.8976721489598704,0.019169008597470703,0.08315884244265886,0.8145133065172114
META,lightgbm,3,2023-02-01,1,-1,0.7602363417775567,0.031649330679037815,0.20811432754340556,0.5521220142341512
META,lightgbm,3,2023-02-02,-1,0,0.9275764727806148,0.012760291909411775,0.059663235309973355,0.8679132374706415
META,lightgbm,3,2023-02-03,-1,0,0.8501078597390115,0.020666270132448688,0.12922587012853978,0.7208819896104717
META,lightgbm,3,2023-02-06,-1,-1,0.7765591170837932,0.0021657945884278377,0.22127508832777898,0.5552840287560142
META,lightgbm,3,2023-02-07,-1,-1,0.6277700400370184,0.0418736916663624,0.3303562682966192,0.29741377174039924
META,lightgbm,3,2023-02-08,-1,0,0.8771315265775953,0.010067722340345819,0.11280075108205881,0.7643307754955365
META,lightgbm,3,2023-02-09,-1,1,0.5173694544227798,0.5173694544227798,0.38025297795422264,0.13711647646855718
META,lightgbm,3,2023-02-10,0,1,0.5410583352767975,0.5410583352767975,0.4169340247761268,0.12412431050067069
META,lightgbm,3,2023-02-13,-1,1,0.6185498592276516,0.6185498592276516,0.28988383323899614,0.32866602598865546
META,lightgbm,3,2023-02-14,-1,0,0.6115185228572431,0.3394628329097544,0.3394628329097544,0.2720556899474887
META,lightgbm,3,2023-02-15,-1,0,0.569913721665723,0.23832716810629057,0.23832716810629057,0.3315865535594324
META,lightgbm,3,2023-02-16,0,0,0.7803906206524538,0.12207043606343165,0.12207043606343165,0.6583201845890221
META,lightgbm,3,2023-02-17,0,1,0.8858146017712567,0.8858146017712567,0.07073013167171573,0.815084470099541
META,lightgbm,3,2023-02-21,0,1,0.9909725235672909,0.9909725235672909,0.005059665771257553,0.9859128577960333
META,lightgbm,3,2023-02-22,0,1,0.8991506988309109,0.8991506988309109,0.07928709537729087,0.8198636034536201
META,lightgbm,3,2023-02-23,0,1,0.9542580745397609,0.9542580745397609,0.024701761989537982,0.9295563125502229
META,lightgbm,3,2023-02-24,1,1,0.7118392271871969,0.7118392271871969,0.18319106885705222,0.5286481583301448
META,lightgbm,3,2023-02-27,1,0,0.49935308436541803,0.16680485410402557,0.3338420615305563,0.16551102283486174
META,lightgbm,3,2023-02-28,1,1,0.9811024403646686,0.9811024403646686,0.01732472923018427,0.9637777111344844
META,lightgbm,3,2023-03-01,1,1,0.9641842037110087,0.9641842037110087,0.02914922150979676,0.935034982201212
META,lightgbm,3,2023-03-02,1,1,0.9863454233419251,0.9863454233419251,0.007829766986026233,0.9785156563558989
META,lightgbm,3,2023-03-03,-1,-1,0.6419650361305516,0.014625924170857273,0.34340903969859127,0.2985559964319603
META,lightgbm,3,2023-03-06,-1,0,0.8840030444999404,0.006617714827953799,0.1093792406721058,0.7746238038278346
META,lightgbm,3,2023-03-07,1,0,0.6980251670396528,0.02723350521905213,0.274741327741295,0.4232838392983578
META,lightgbm,3,2023-03-08,1,0,0.8557867737060313,0.05050388237974508,0.09370934391422368,0.7620774297918076
META,lightgbm,3,2023-03-09,1,1,0.5805637331032046,0.5805637331032046,0.40627375442060065,0.17428997868260399
META,lightgbm,3,2023-03-10,1,0,0.48992987435987106,0.06594273475795435,0.4441273908821747,0.04580248347769639
META,lightgbm,3,2023-03-13,1,-1,0.4752551542173979,0.1719947336095013,0.35275011217310076,0.12250504204429713
META,lightgbm,3,2023-03-14,1,0,0.90896960317983,0.01896861874673541,0.07206177807343457,0.8369078251063954
META,lightgbm,3,2023-03-15,0,-1,0.5095896949831051,0.003973245952812544,0.4864370590640822,0.023152635919022946
META,lightgbm,3,2023-03-16,0,-1,0.8555561145102174,0.07359227294440458,0.07359227294440458,0.7819638415658128
META,lightgbm,3,2023-03-17,1,0,0.7070548503715066,0.1853228109528428,0.1853228109528428,0.5217320394186638
META,lightgbm,3,2023-03-20,1,0,0.8103852040749387,0.13952748068844506,0.13952748068844506,0.6708577233864936
META,lightgbm,3,2023-03-21,0,-1,0.44583958817231095,0.23813008916885728,0.3160303226588317,0.12980926551347927
META,lightgbm,3,2023-03-22,1,1,0.9286492692639822,0.9286492692639822,0.057135538384157226,0.871513730879825
META,lightgbm,3,2023-03-23,0,-1,0.43244530660324576,0.4300115376840266,0.4300115376840266,0.002433768919219148
META,lightgbm,3,2023-03-24,1,0,0.6025894797485278,0.17633147248390468,0.2210790477675674,0.38151043198096046
META,lightgbm,3,2023-03-27,1,1,0.4406113976385317,0.4406113976385317,0.40772074782298146,0.03289064981555023
META,lightgbm,3,2023-03-28,1,1,0.8000482870001322,0.8000482870001322,0.16811295628397785,0.6319353307161544
META,lightgbm,3,2023-03-29,1,1,0.9243033092565586,0.9243033092565586,0.05309993827713576,0.8712033709794228
META,lightgbm,3,2023-03-30,1,1,0.9893276606916543,0.9893276606916543,0.0060177286446255595,0.9833099320470288
META,lightgbm,3,2023-03-31,0,0,0.7569312753736002,0.06644854043858428,0.17662018418781567,0.5803110911857845
META,lightgbm,3,2023-04-03,0,-1,0.5468926751458348,0.18996760011987077,0.2631397247342944,0.2837529504115404
META,lightgbm,3,2023-04-04,0,0,0.7341745438686519,0.08891934163048765,0.17690611450086052,0.5572684293677914
META,lightgbm,3,2023-04-05,1,0,0.9537571714195547,0.043069538505778125,0.043069538505778125,0.9106876329137766
META,lightgbm,3,2023-04-06,1,1,0.9088013087327509,0.9088013087327509,0.06121505292793116,0.8475862558048197
META,lightgbm,3,2023-04-10,0,1,0.7919527451202781,0.7919527451202781,0.12697932797456174,0.6649734171457164
META,lightgbm,3,2023-04-11,0,1,0.9299547637381295,0.9299547637381295,0.05317654813555856,0.8767782156025709
META,lightgbm,3,2023-04-12,0,-1,0.6222973783787327,0.005738136285182626,0.37196448533608467,0.250332893042648
META,lightgbm,3,2023-04-13,-1,-1,0.6769212236783088,0.03216327493769178,0.2909155013839996,0.3860057222943092
META,lightgbm,3,2023-04-14,-1,-1,0.6780015396744962,0.0016490420903672272,0.32034941823513663,0.35765212143935954
META,lightgbm,3,2023-04-17,-1,1,0.7916591583180589,0.7916591583180589,0.1849715223366016,0.6066876359814573
META,lightgbm,3,2023-04-18,-1,0,0.9403541427781299,0.04307606623251108,0.04307606623251108,0.8972780765456189
META,lightgbm,3,2023-04-19,-1,0,0.9490960833637802,0.0075847621793179755,0.043319154456901786,0.9057769289068783
META,lightgbm,3,2023-04-20,1,0,0.9602593320700048,0.03477079548013103,0.03477079548013103,0.9254885365898737
META,lightgbm,3,2023-04-21,1,0,0.6759770765523778,0.31504378023106033,0.31504378023106033,0.3609332963213175
META,lightgbm,3,2023-04-24,1,1,0.5939176658055109,0.5939176658055109,0.39845322207592176,0.1954644437295891
META,lightgbm,3,2023-04-25,1,0,0.5332770536448482,0.40368063607871035,0.40368063607871035,0.12959641756613788
META,lightgbm,3,2023-04-26,1,0,0.5131747723583809,0.36009763809900536,0.36009763809900536,0.15307713425937558
META,lightgbm,3,2023-04-27,-1,0,0.740393225613186,0.0662497329546754,0.1933570414321386,0.5470361841810474
META,lightgbm,3,2023-04-28,-1,-1,0.8189767629295067,0.011832125179529867,0.16919111189096328,0.6497856510385435
META,lightgbm,3,2023-05-01,-1,0,0.4821918507838346,0.0445446188375072,0.4732635303786582,0.008928320405176382
META,lightgbm,3,2023-05-02,-1,0,0.6341300146539404,0.005214107421007352,0.3606558779250522,0.27347413672888815
META,lightgbm,3,2023-05-03,0,-1,0.5074255983645928,0.06752946776057688,0.42504493387483044,0.08238066448976233
META,lightgbm,3,2023-05-04,0,1,0.6364884257490404,0.6364884257490404,0.317359667156234,0.3191287585928064
META,lightgbm,3,2023-05-05,0,0,0.5508219974394232,0.415256732196115,0.415256732196115,0.1355652652433082
META,lightgbm,3,2023-05-08,1,0,0.4538938649813677,0.24499570033673618,0.301110434681896,0.15278343029947167
META,lightgbm,3,2023-05-09,1,0,0.5356692857028844,0.25023293487248793,0.25023293487248793,0.2854363508303965
META,lightgbm,3,2023-05-10,1,0,0.6385696678558463,0.21695772921246037,0.21695772921246037,0.421611938643386
META,lightgbm,3,2023-05-11,1,0,0.9830900226499392,0.0049796003655730925,0.011930376984487859,0.9711596456654513
META,lightgbm,3,2023-05-12,1,0,0.9610314068322372,0.012724909537792756,0.02624368362997006,0.9347877232022671
META,lightgbm,3,2023-05-15,1,0,0.6797127075627308,0.126760917074368,0.19352637536290118,0.48618633219982965
META,lightgbm,3,2023-05-16,1,0,0.5521548278045727,0.42696227219748495,0.42696227219748495,0.12519255560708775
META,lightgbm,3,2023-05-17,1,0,0.6664059594793761,0.2793417562771229,0.2793417562771229,0.3870642032022532
META,lightgbm,3,2023-05-18,1,-1,0.6988409884788644,0.2617424112990842,0.2617424112990842,0.43709857717978023
META,lightgbm,3,2023-05-19,1,0,0.9005006364414041,0.0734641995822106,0.0734641995822106,0.8270364368591935
META,lightgbm,3,2023-05-22,1,-1,0.5276832533883864,0.04469574019481231,0.42762100641680134,0.10006224697158506
META,lightgbm,3,2023-05-23,1,1,0.5035800475513537,0.5035800475513537,0.28026634866637967,0.223313698884974
META,lightgbm,3,2023-05-24,1,-1,0.7913881159795837,0.04477092315446868,0.16384096086594768,0.627547155113636
META,lightgbm,3,2023-05-25,1,-1,0.8431574947979444,0.0047297949589964,0.1521127102430591,0.6910447845548853
META,lightgbm,3,2023-05-26,1,0,0.9378338992865078,0.004447168243797284,0.05771893246969485,0.880114966816813
META,lightgbm,3,2023-05-30,1,0,0.8603750595245169,0.0009221583162925173,0.13870278215919077,0.7216722773653261
META,lightgbm,3,2023-05-31,0,0,0.6773515433090425,0.0011868499242752412,0.3214616067666822,0.3558899365423603
META,lightgbm,3,2023-06-01,-1,0,0.7448501034362844,0.04920316985096434,0.2059467267127513,0.5389033767235332
META,lightgbm,3,2023-06-02,-1,0,0.6344220943746366,0.02017009938448883,0.3454078062408747,0.2890142881337619
META,lightgbm,3,2023-06-05,0,0,0.6660542982863333,0.015038961921853096,0.3189067397918135,0.34714755849451984
META,lightgbm,3,2023-06-06,0,-1,0.7182158662066523,0.035333230812454895,0.24645090298089264,0.47176496322575967
META,lightgbm,3,2023-06-07,1,0,0.7556876651402499,0.1748624728288889,0.1748624728288889,0.580825192311361
META,lightgbm,3,2023-06-08,1,1,0.46052408391919775,0.46052408391919775,0.30008354896070233,0.16044053495849542
META,lightgbm,3,2023-06-09,1,0,0.721205105104218,0.07619051687840556,0.20260437801737652,0.5186007270868415
META,lightgbm,3,2023-06-12,1,-1,0.6764875252184446,0.22875148991622093,0.22875148991622093,0.4477360353022236
META,lightgbm,3,2023-06-13,1,-1,0.4759917613089506,0.2565834920914554,0.2674247465995939,0.20856701470935668
META,lightgbm,3,2023-06-14,1,-1,0.48130830942700703,0.09727226471781383,0.4214194258551791,0.05988888357182792
META,lightgbm,3,2023-06-15,1,1,0.9274637112342846,0.9274637112342846,0.0470750460393128,0.8803886651949718
META,lightgbm,3,2023-06-16,0,-1,0.6768560622508688,0.05889333381230954,0.2642506039368216,0.4126054583140472
META,lightgbm,3,2023-06-20,0,0,0.8444635117429488,0.06499766517046361,0.09053882308658756,0.7539246886563612
META,lightgbm,3,2023-06-21,0,0,0.8625993710079648,0.0189616499471774,0.11843897904485781,0.744160391963107
META,lightgbm,3,2023-06-22,0,-1,0.8098081176722447,0.12767320368176277,0.12767320368176277,0.682134913990482
META,lightgbm,3,2023-06-23,0,-1,0.582969513245572,0.19949792908706165,0.21753255766736643,0.36543695557820555
META,lightgbm,3,2023-06-26,1,0,0.7971364769108784,0.189404410897078,0.189404410897078,0.6077320660138004
META,lightgbm,3,2023-06-27,1,-1,0.5506476828471237,0.15192848086958177,0.29742383628329455,0.2532238465638292
META,lightgbm,3,2023-06-28,1,-1,0.9779539128279098,0.008383823934544146,0.013662263237545972,0.9642916495903638
META,lightgbm,3,2023-06-29,1,-1,0.6097174844087412,0.04594871098201357,0.3443338046092451,0.26538367979949606
META,lightgbm,3,2023-06-30,1,-1,0.9788755654198716,0.01114138720186854,0.01114138720186854,0.9677341782180031
META,lightgbm,3,2023-07-03,1,0,0.7278190073407326,0.12075015906065768,0.15143083359860965,0.5763881737421229
META,lightgbm,3,2023-07-05,1,-1,0.46337278604316434,0.1080539925535509,0.42857322140328474,0.0347995646398796
META,lightgbm,3,2023-07-06,1,0,0.44791024840558963,0.11953410104501323,0.4325556505493972,0.01535459785619242
META,lightgbm,3,2023-07-07,1,0,0.6089604735740279,0.17321357770205822,0.2178259487239138,0.39113452485011413
META,lightgbm,3,2023-07-10,1,-1,0.719692383049007,0.1802546468067029,0.1802546468067029,0.5394377362423041
META,lightgbm,3,2023-07-11,1,0,0.5535892392334424,0.020007530184589763,0.4264032305819678,0.1271860086514746
META,lightgbm,3,2023-07-12,1,0,0.5971171355783415,0.055215474121865636,0.3476673902997928,0.24944974527854863
META,lightgbm,3,2023-07-13,-1,-1,0.7822866231117273,0.024079127412107663,0.19363424947616517,0.5886523736355621
META,lightgbm,3,2023-07-14,-1,0,0.9787404592953606,0.0006062977047488588,0.020653242999890502,0.9580872162954701
META,lightgbm,3,2023-07-17,-1,-1,0.9728825368750588,0.0008145949835753831,0.026302868141366016,0.9465796687336927
META,lightgbm,3,2023-07-18,-1,-1,0.7675738378639188,0.0007808506858307555,0.2316453114502505,0.5359285264136683
META,lightgbm,3,2023-07-19,-1,0,0.6096928745224912,0.0007912194476185076,0.38951590602989017,0.22017696849260104
META,lightgbm,3,2023-07-20,1,0,0.9387650351067279,0.037760718949811325,0.037760718949811325,0.9010043161569166
META,lightgbm,3,2023-07-21,1,1,0.9079797532578554,0.9079797532578554,0.0874203743027266,0.8205593789551288
META,lightgbm,3,2023-07-24,1,1,0.8171211841598833,0.8171211841598833,0.16630448880837495,0.6508166953515084
META,lightgbm,3,2023-07-25,1,1,0.8647017194344183,0.8647017194344183,0.07753184717997572,0.7871698722544426
META,lightgbm,3,2023-07-26,1,0,0.6728571557060447,0.24420936306897545,0.24420936306897545,0.4286477926370692
META,lightgbm,3,2023-07-27,0,-1,0.6611449323819067,0.15047441145595256,0.18838065616214061,0.47276427621976613
META,lightgbm,3,2023-07-28,-1,-1,0.8717974670493623,0.006651535280537626,0.1215509976701,0.7502464693792623
META,lightgbm,3,2023-07-31,0,0,0.5861385389073556,0.2878161795483149,0.2878161795483149,0.29832235935904067
META,lightgbm,3,2023-08-01,-1,-1,0.656890091821173,0.12603202013327505,0.21707788804555192,0.439812203775621
META,lightgbm,3,2023-08-02,-1,0,0.8985260657017857,0.011471556249691066,0.09000237804852323,0.8085236876532624
META,lightgbm,3,2023-08-03,-1,-1,0.6228661223528696,0.09479672273645381,0.28233715491067674,0.3405289674421929
META,lightgbm,3,2023-08-04,-1,1,0.7344170583437856,0.7344170583437856,0.20061771551436658,0.533799342829419
META,lightgbm,3,2023-08-07,-1,0,0.5351902457840998,0.30414985802329303,0.30414985802329303,0.23104038776080676
META,lightgbm,3,2023-08-08,-1,0,0.7752934064266208,0.11525609721644692,0.11525609721644692,0.6600373092101739
META,lightgbm,3,2023-08-09,-1,1,0.6594587013362287,0.6594587013362287,0.25752989016769684,0.4019288111685319
META,lightgbm,3,2023-08-10,-1,1,0.5911042311516375,0.5911042311516375,0.26469206936132866,0.3264121617903088
META,lightgbm,3,2023-08-11,-1,1,0.7538276282127926,0.7538276282127926,0.1662432246455799,0.5875844035672126
META,lightgbm,3,2023-08-14,-1,0,0.6933957934832486,0.10472363457890639,0.20188057193784484,0.49151522154540384
META,lightgbm,3,2023-08-15,-1,1,0.45983903544663224,0.45983903544663224,0.30784405655046726,0.15199497889616498
META,lightgbm,3,2023-08-16,0,0,0.8366490483763931,0.15484774322006528,0.15484774322006528,0.6818013051563279
META,lightgbm,3,2023-08-17,0,1,0.9302032422710699,0.9302032422710699,0.06125782156379633,0.8689454207072735
META,lightgbm,3,2023-08-18,0,1,0.9253896296504647,0.9253896296504647,0.05951651006229634,0.8658731195881684
META,lightgbm,3,2023-08-21,0,1,0.630490021984451,0.630490021984451,0.20448943568227082,0.4260005863021802
META,lightgbm,3,2023-08-22,1,1,0.9446917634689713,0.9446917634689713,0.045689116907541946,0.8990026465614294
META,lightgbm,3,2023-08-23,0,-1,0.5956486583202671,0.23597764993341275,0.23597764993341275,0.3596710083868544
META,lightgbm,3,2023-08-24,1,1,0.705766401492655,0.705766401492655,0.21165963908424926,0.4941067624084058
META,lightgbm,3,2023-08-25,1,1,0.5601652578308055,0.5601652578308055,0.30596035876771105,0.25420489906309446
META,lightgbm,3,2023-08-28,1,0,0.7277689868972956,0.15569710371396459,0.15569710371396459,0.572071883183331
META,lightgbm,3,2023-08-29,0,-1,0.5464933508654356,0.20852770557244468,0.24497894356211963,0.30151440730331597
META,lightgbm,3,2023-08-30,0,0,0.4670305079541464,0.32724714723576337,0.32724714723576337,0.13978336071838304
META,lightgbm,3,2023-08-31,0,0,0.6175113605125054,0.22077181753391592,0.22077181753391592,0.3967395429785895
META,lightgbm,3,2023-09-01,1,0,0.6125417666854861,0.17980221370900476,0.20765601960550908,0.40488574707997704
META,lightgbm,3,2023-09-05,0,0,0.4548612483621527,0.18040557242552485,0.36473317921232246,0.09012806914983024
META,lightgbm,3,2023-09-06,0,0,0.5002213609981877,0.20317699567040276,0.29660164333140954,0.20361971766677817
META,lightgbm,3,2023-09-07,1,-1,0.8013429267078689,0.11308406719179234,0.11308406719179234,0.6882588595160766
META,lightgbm,3,2023-09-08,0,0,0.4976143509147024,0.45271704995820694,0.45271704995820694,0.04489730095649547
META,lightgbm,3,2023-09-11,0,0,0.6272304205347031,0.13240343155352088,0.24036614791177602,0.3868642726229271
META,lightgbm,3,2023-09-12,0,0,0.6383155831750753,0.2096100147239932,0.2096100147239932,0.4287055684510821
META,lightgbm,3,2023-09-13,0,1,0.6370034429668119,0.6370034429668119,0.20390656297890636,0.4330968799879055
META,lightgbm,3,2023-09-14,-1,-1,0.5383687313947342,0.08663396417602626,0.3749973044292396,0.16337142696549456
META,lightgbm,3,2023-09-15,0,-1,0.757941782193833,0.21693497738616224,0.21693497738616224,0.5410068048076708
META,lightgbm,3,2023-09-18,0,-1,0.7263480705591296,0.12527735748849764,0.14837457195237272,0.577973498606757
META,lightgbm,3,2023-09-19,-1,-1,0.8275909524720592,0.06431889768904828,0.10809014983889256,0.7195008026331666
META,lightgbm,3,2023-09-20,0,-1,0.5821284787255585,0.3285181804283343,0.3285181804283343,0.2536102982972242
META,lightgbm,3,2023-09-21,1,-1,0.8303195598237764,0.07705101636203598,0.0926294238141875,0.7376901360095889
META,lightgbm,3,2023-09-22,0,-1,0.8645275476456156,0.07966562489748369,0.07966562489748369,0.7848619227481319
META,lightgbm,3,2023-09-25,0,-1,0.9858246048204378,0.011504078111993962,0.011504078111993962,0.9743205267084438
META,lightgbm,3,2023-09-26,0,-1,0.9042026148822919,0.026770699692771606,0.06902668542493652,0.8351759294573554
META,lightgbm,3,2023-09-27,1,-1,0.8944711974097833,0.0605212358235426,0.0605212358235426,0.8339499615862407
META,lightgbm,3,2023-09-28,0,-1,0.5735854811081714,0.03814549657675651,0.3882690223150721,0.18531645879309933
META,lightgbm,3,2023-09-29,1,-1,0.974919201411281,0.014844664511346783,0.014844664511346783,0.9600745368999342
META,lightgbm,3,2023-10-02,1,-1,0.8044839393167391,0.14555449076295165,0.14555449076295165,0.6589294485537874
META,lightgbm,3,2023-10-03,1,-1,0.6784510527141353,0.043415390378150176,0.2781335569077145,0.4003174958064208
META,lightgbm,3,2023-10-04,1,-1,0.5849068162116849,0.1958835887747913,0.2192095950135238,0.36569722119816117
META,lightgbm,3,2023-10-05,1,-1,0.7473137527278386,0.22422001492024854,0.22422001492024854,0.52309373780759
META,lightgbm,3,2023-10-06,0,-1,0.8323416393017061,0.08110343976752628,0.08655492093076761,0.7457867183709386
META,lightgbm,3,2023-10-09,0,1,0.48911255309911406,0.48911255309911406,0.3166454713150442,0.17246708178406983
META,lightgbm,3,2023-10-10,0,0,0.7123244338222533,0.04540874355778332,0.2422668226199634,0.4700576112022899
META,lightgbm,3,2023-10-11,-1,0,0.8847307686963469,0.0067773399238486715,0.10849189137980435,0.7762388773165426
META,lightgbm,3,2023-10-12,-1,0,0.9457727947157791,0.01876521354101048,0.03546199174321033,0.9103108029725688
META,lightgbm,3,2023-10-13,0,-1,0.4628756579412904,0.3827573704236563,0.3827573704236563,0.08011828751763406
META,lightgbm,3,2023-10-16,-1,-1,0.4655571154515873,0.298029232706281,0.298029232706281,0.16752788274530628
META,lightgbm,3,2023-10-17,-1,1,0.38795293491215,0.38795293491215,0.3248431536487429,0.0631097812634071
META,lightgbm,3,2023-10-18,-1,0,0.4764921322391003,0.07031889969575406,0.4531889680651457,0.023303164173954616
META,lightgbm,3,2023-10-19,-1,-1,0.6594563790989939,0.2764467671971678,0.2764467671971678,0.3830096119018261
META,lightgbm,3,2023-10-20,-1,-1,0.6010283201389348,0.3765020570234748,0.3765020570234748,0.22452626311546003
META,lightgbm,3,2023-10-23,-1,-1,0.827244184736662,0.10674375304634637,0.10674375304634637,0.7205004316903156
META,lightgbm,3,2023-10-24,-1,-1,0.8575179275560557,0.11406194126144857,0.11406194126144857,0.7434559862946072
META,lightgbm,3,2023-10-25,1,1,0.49665709179241324,0.49665709179241324,0.47012412204606824,0.026532969746345003
META,lightgbm,3,2023-10-26,1,1,0.7820840290476887,0.7820840290476887,0.1353136280584891,0.6467704009891996
META,lightgbm,3,2023-10-27,1,1,0.6585386462616408,0.6585386462616408,0.3214699382743391,0.3370687079873017
META,lightgbm,3,2023-10-30,1,-1,0.8060542080209943,0.05255446965026704,0.14139132232873872,0.6646628856922555
META,lightgbm,3,2023-10-31,1,-1,0.8925088235747308,0.09458440003595237,0.09458440003595237,0.7979244235387785
META,lightgbm,3,2023-11-01,1,-1,0.9295810573531598,0.04947737854572295,0.04947737854572295,0.8801036788074368
META,lightgbm,3,2023-11-02,1,1,0.452923839456075,0.452923839456075,0.44914308111802076,0.0037807583380542464
META,lightgbm,3,2023-11-03,1,1,0.5215758145794659,0.5215758145794659,0.4184439873491978,0.10313182723026809
META,lightgbm,3,2023-11-06,1,1,0.4854905055266388,0.4854905055266388,0.2783307275725179,0.20715977795412088
META,lightgbm,3,2023-11-07,1,-1,0.6748856640150045,0.3011551679544604,0.3011551679544604,0.3737304960605441
META,lightgbm,3,2023-11-08,1,0,0.4941248190399405,0.3396293308823498,0.3396293308823498,0.15449548815759068
META,lightgbm,3,2023-11-09,1,1,0.5158219372307321,0.5158219372307321,0.34378718134839975,0.17203475588233236
META,lightgbm,3,2023-11-10,0,0,0.8640895267495294,0.0691571639830658,0.0691571639830658,0.7949323627664636
META,lightgbm,3,2023-11-13,1,0,0.9341035846555708,0.05538539774809433,0.05538539774809433,0.8787181869074764
META,lightgbm,3,2023-11-14,0,0,0.6970317570681096,0.025025045310868105,0.2779431976210224,0.4190885594470872
META,lightgbm,3,2023-11-15,1,0,0.9761030347082822,0.013239608492538713,0.013239608492538713,0.9628634262157435
META,lightgbm,3,2023-11-16,0,-1,0.8030166427718197,0.014913730461878563,0.1820696267663017,0.620947016005518
META,lightgbm,3,2023-11-17,0,-1,0.5958915430231375,0.025601930317145843,0.37850652665971674,0.21738501636342078
META,lightgbm,3,2023-11-20,0,0,0.9759602074071462,0.006644445414603492,0.017395347178250316,0.9585648602288959
META,lightgbm,3,2023-11-21,0,-1,0.45153650657924566,0.26102302895561097,0.28744046446514343,0.16409604211410223
META,lightgbm,3,2023-11-22,-1,0,0.9553552873157053,0.023217294199139944,0.023217294199139944,0.9321379931165653
META,lightgbm,3,2023-11-24,-1,1,0.979892487304342,0.979892487304342,0.01808656414792201,0.96180592315642
META,lightgbm,3,2023-11-27,-1,0,0.758957662889012,0.17945183944323162,0.17945183944323162,0.5795058234457804
META,lightgbm,3,2023-11-28,-1,1,0.41507340456266617,0.41507340456266617,0.3152866318301234,0.09978677273254277
META,lightgbm,3,2023-11-29,-1,0,0.9767335251201045,0.020699011219651446,0.020699011219651446,0.956034513900453
META,lightgbm,3,2023-11-30,0,0,0.8468968592458114,0.13323664013327277,0.13323664013327277,0.7136602191125386
META,lightgbm,3,2023-12-01,1,-1,0.6274013966493714,0.36123265723020376,0.36123265723020376,0.2661687394191677
META,lightgbm,3,2023-12-04,0,0,0.6978075982769013,0.2716341628383368,0.2716341628383368,0.4261734354385645
META,lightgbm,3,2023-12-05,1,0,0.6496736734981041,0.2320563729851735,0.2320563729851735,0.4176173005129306
META,lightgbm,3,2023-12-06,1,1,0.5139296391515542,0.5139296391515542,0.3917751739425998,0.1221544652089544
META,lightgbm,3,2023-12-07,1,1,0.5584153496575764,0.5584153496575764,0.32682638540343556,0.23158896425414088
META,lightgbm,3,2023-12-08,0,-1,0.5745397295490517,0.18910296754562575,0.23635730290532253,0.3381824266437292
META,lightgbm,3,2023-12-11,1,0,0.6012223072740571,0.3684362862211014,0.3684362862211014,0.2327860210529557
META,lightgbm,3,2023-12-12,1,0,0.8199874247684557,0.104591797072994,0.104591797072994,0.7153956276954616
META,lightgbm,3,2023-12-13,1,0,0.9644935554502082,0.005800694959884924,0.029705749589906866,0.9347878058603013
META,lightgbm,3,2023-12-14,1,-1,0.7541196102417635,0.10360305591218233,0.14227733384605423,0.6118422763957093
META,lightgbm,3,2023-12-15,1,-1,0.616353298341397,0.08522920379398094,0.2984174978646222,0.3179358004767748
META,lightgbm,3,2023-12-18,1,0,0.960287828994094,0.0014674768145057683,0.03824469419140007,0.922043134802694
META,lightgbm,3,2023-12-19,1,0,0.9729558927756494,0.0016943748898811857,0.025349732334469296,0.9476061604411802
META,lightgbm,3,2023-12-20,1,0,0.945893302329711,0.039625779331911734,0.039625779331911734,0.9062675229977993
META,lightgbm,3,2023-12-21,0,0,0.9097313951979669,0.001407032800048238,0.08886157200198479,0.8208698231959821
META,lightgbm,3,2023-12-22,-1,0,0.9135204300534062,0.007679033412242753,0.07880053653435094,0.8347198935190553
META,lightgbm,3,2023-12-26,-1,0,0.8950904826797333,0.033694919015252296,0.07121459830501436,0.8238758843747189
META,lightgbm,3,2023-12-27,-1,0,0.9651975242890899,0.0006800073537696945,0.03412246835714054,0.9310750559319494
META,lightgbm,3,2023-12-28,0,0,0.9957786832450838,7.026322552531667e-05,0.004151053529390824,0.991627629715693
META,lightgbm,3,2023-12-29,0,0,0.9563552670576959,0.005800047073753817,0.03784468586855024,0.9185105811891456
META,lightgbm,3,2024-01-02,1,0,0.6080317064261936,0.01755334214809148,0.37441495142571485,0.2336167550004788
META,lightgbm,3,2024-01-03,1,1,0.4363076546623091,0.4363076546623091,0.38277242588609234,0.05353522877621675
META,lightgbm,3,2024-01-04,1,0,0.8894297518722423,0.04610150473138686,0.06446874339637096,0.8249610084758713
META,lightgbm,3,2024-01-05,1,0,0.6094863874865282,0.2634774110992292,0.2634774110992292,0.346008976387299
META,lightgbm,3,2024-01-08,1,0,0.5375670122184975,0.4111637918150549,0.4111637918150549,0.12640322040344254
META,lightgbm,3,2024-01-09,1,1,0.6985747169229934,0.6985747169229934,0.28348588435227584,0.4150888325707176
META,lightgbm,3,2024-01-10,0,0,0.7044022357880821,0.08708472170724013,0.2085130425046777,0.4958891932834044
META,lightgbm,3,2024-01-11,1,0,0.9739546312817836,0.0013588964993694402,0.02468647221884694,0.9492681590629367
META,lightgbm,3,2024-01-12,0,-1,0.7268219493592265,0.0007498481878115686,0.27242820245296184,0.45439374690626466
META,lightgbm,3,2024-01-16,1,0,0.9813675857625087,0.011380889288980197,0.011380889288980197,0.9699866964735285
META,lightgbm,3,2024-01-17,1,0,0.6966756428228023,0.1171896350583277,0.18613472211887017,0.5105409207039321
META,lightgbm,3,2024-01-18,1,-1,0.6187866448264097,0.011597406437665991,0.36961594873592446,0.2491706960904852
META,lightgbm,3,2024-01-19,1,-1,0.8698978791694135,0.0006204903399767285,0.1294816304906098,0.7404162486788037
META,lightgbm,3,2024-01-22,1,0,0.8070577036790186,0.0004895419585358814,0.19245275436244544,0.6146049493165732
META,lightgbm,3,2024-01-23,1,-1,0.8474663855937055,0.00017750763554914189,0.15235610677074535,0.6951102788229602
META,lightgbm,3,2024-01-24,0,0,0.7024528381794714,0.0002363403822164568,0.2973108214383121,0.40514201674115924
META,lightgbm,3,2024-01-25,0,-1,0.6183307160187052,0.0035837809521977854,0.37808550302909705,0.2402452129896081
META,lightgbm,3,2024-01-26,1,0,0.6598033190438698,0.00018355412259219066,0.34001312683353807,0.3197901922103317
META,lightgbm,3,2024-01-29,1,0,0.5443050381628916,0.0040604856536652955,0.4516344761834431,0.09267056197944845
META,lightgbm,3,2024-01-30,1,0,0.8520873047430969,0.0005980255335852344,0.14731466972331778,0.7047726350197792
META,lightgbm,3,2024-01-31,1,0,0.5097774828089278,0.018315338727776905,0.47190717846329533,0.03787030434563243
META,lightgbm,3,2024-02-01,1,-1,0.5858857926411549,0.35365410237172473,0.35365410237172473,0.2322316902694302
META,lightgbm,3,2024-02-02,0,-1,0.6287073289052971,0.0022813453191041495,0.3690113257755987,0.2596960031296984
META,lightgbm,3,2024-02-05,1,0,0.8436952301497359,0.002709943972189952,0.15359482587807413,0.6901004042716617
META,lightgbm,3,2024-02-06,0,0,0.5950929942137675,0.0033833359590395655,0.40152366982719284,0.19356932438657465
META,lightgbm,3,2024-02-07,0,-1,0.9765573381481745,0.0011262824235164883,0.022316379428308917,0.9542409587198656
META,lightgbm,3,2024-02-08,1,-1,0.9302472063222725,5.962599121099492e-05,0.06969316768651662,0.860554038635756
META,lightgbm,3,2024-02-09,0,-1,0.9953884306282835,0.00022330640996568243,0.004388262961750724,0.9910001676665328
META,lightgbm,3,2024-02-12,0,-1,0.9776048339032698,0.00012807983846017978,0.02226708625826993,0.9553377476449999
META,lightgbm,3,2024-02-13,0,-1,0.913197218605853,0.0016838637775020578,0.08511891761664493,0.8280783009892081
META,lightgbm,3,2024-02-14,1,-1,0.9960864200893236,0.00045226211062873213,0.0034613178000477674,0.9926251022892758
META,lightgbm,3,2024-02-15,0,-1,0.9894565637519984,0.0013062940907932446,0.009237142157208325,0.9802194215947901
META,lightgbm,3,2024-02-16,0,-1,0.5375402702502546,0.0057076873704261415,0.45675204237931927,0.08078822787093537
META,lightgbm,3,2024-02-20,1,-1,0.7614953757275493,0.19590602160001877,0.19590602160001877,0.5655893541275305
META,lightgbm,3,2024-02-21,1,-1,0.6920980076747092,0.23138824683735362,0.23138824683735362,0.4607097608373556
META,lightgbm,3,2024-02-22,0,-1,0.9954145694090906,0.0035940543490662912,0.0035940543490662912,0.9918205150600242
META,lightgbm,3,2024-02-23,1,-1,0.6973500208520925,0.012801165774806892,0.28984881337310064,0.4075012074789919
META,lightgbm,3,2024-02-26,1,-1,0.863973276760545,0.04156147272846832,0.09446525051098666,0.7695080262495584
META,lightgbm,3,2024-02-27,0,-1,0.9205811258137645,0.005452214757007083,0.07396665942922852,0.846614466384536
META,lightgbm,3,2024-02-28,1,-1,0.8509642029973337,0.07526530046267384,0.07526530046267384,0.7756989025346598
META,lightgbm,3,2024-02-29,1,-1,0.9285428531446884,0.054896252130796803,0.054896252130796803,0.8736466010138916
META,lightgbm,3,2024-03-01,0,-1,0.9517874342471248,0.005180925404230342,0.043031640348645074,0.9087557938984797
META,lightgbm,3,2024-03-04,-1,-1,0.6486682305685028,0.0004904185636536659,0.3508413508678436,0.29782687970065913
META,lightgbm,3,2024-03-05,0,-1,0.842576518817129,0.007139993235358211,0.15028348794751267,0.6922930308696164
META,lightgbm,3,2024-03-06,0,-1,0.9414113743051421,0.0011314414235500364,0.0574571842713078,0.8839541900338344
META,lightgbm,3,2024-03-07,-1,-1,0.9786655645808492,0.0001461167175184006,0.02118831870163244,0.9574772458792168
META,lightgbm,3,2024-03-08,-1,-1,0.8295361109136793,0.005190857721930702,0.1652730313643899,0.6642630795492894
META,lightgbm,3,2024-03-11,1,0,0.9312376951023601,0.008433144137476,0.06032916076016378,0.8709085343421963
META,lightgbm,3,2024-03-12,0,-1,0.802403411149662,0.025305547617099158,0.1722910412332388,0.6301123699164232
META,lightgbm,3,2024-03-13,1,-1,0.7377342425808971,0.005193551049322281,0.2570722063697805,0.48066203621111664
META,lightgbm,3,2024-03-14,1,-1,0.9605547866183729,0.01262475711498945,0.02682045626663765,0.9337343303517353
META,lightgbm,3,2024-03-15,1,-1,0.6891857331644131,0.05592395304785845,0.2548903137877283,0.4342954193766848
META,lightgbm,3,2024-03-18,0,-1,0.7800071256948132,0.04202730818886091,0.1779655661163258,0.6020415595784874
META,lightgbm,3,2024-03-19,0,-1,0.973914757627008,0.0010187793199388027,0.02506646305305313,0.9488482945739548
META,lightgbm,3,2024-03-20,-1,-1,0.9276146506702393,0.005878609902209897,0.06650673942755085,0.8611079112426885
META,lightgbm,3,2024-03-21,-1,-1,0.9885338464085586,0.004701443623940503,0.006764709967500912,0.9817691364410577
META,lightgbm,3,2024-03-22,-1,-1,0.6320622113464325,0.0008800853240321063,0.3670577033295355,0.26500450801689696
META,lightgbm,3,2024-03-25,0,-1,0.8784101116493981,0.0006421341971698668,0.1209477541534319,0.7574623574959662
META,lightgbm,3,2024-03-26,1,-1,0.7104000701908705,0.025684143895367554,0.26391578591376186,0.4464842842771086
META,lightgbm,3,2024-03-27,1,0,0.575909072845323,0.11291159974216568,0.31117932741251136,0.26472974543281164
META,lightgbm,3,2024-03-28,1,0,0.48128274607714616,0.18276111021743605,0.3359561437054178,0.14532660237172834
META,lightgbm,3,2024-04-01,1,-1,0.9202587974776998,0.013800280791672172,0.06594092173062802,0.8543178757470717
META,lightgbm,3,2024-04-02,1,-1,0.8413564245097167,0.0127881302729395,0.14585544521734373,0.695500979292373
META,lightgbm,3,2024-04-03,1,-1,0.8411465968621759,0.06360697504261467,0.0952464280952095,0.7459001687669664
META,lightgbm,3,2024-04-04,1,-1,0.9774744218131453,0.0026065567090042463,0.01991902147785053,0.9575554003352947
META,lightgbm,3,2024-04-05,-1,-1,0.9615857648246139,0.000363583354052895,0.03805065182133327,0.9235351130032806
META,lightgbm,3,2024-04-08,-1,0,0.5757094325233746,0.004151433026109905,0.42013913445051543,0.15557029807285916
META,lightgbm,3,2024-04-09,-1,-1,0.7061107365555849,0.007924964487264652,0.2859642989571505,0.4201464375984344
META,lightgbm,3,2024-04-10,-1,-1,0.9638650487986536,0.001517635470775261,0.034617315730571044,0.9292477330680826
META,lightgbm,3,2024-04-11,-1,-1,0.9334153588917458,0.0027277899689627035,0.06385685113929152,0.8695585077524542
META,lightgbm,3,2024-04-12,-1,-1,0.918607344338999,0.013217132119681512,0.06817552354131953,0.8504318207976795
META,lightgbm,3,2024-04-15,-1,-1,0.8902804248828886,0.09794335967612698,0.09794335967612698,0.7923370652067616
META,lightgbm,3,2024-04-16,0,-1,0.9286929261595137,0.006537627122072253,0.06476944671841402,0.8639234794410997
META,lightgbm,3,2024-04-17,0,-1,0.9885533049521488,0.006122137166647038,0.006122137166647038,0.9824311677855018
META,lightgbm,3,2024-04-18,-1,-1,0.9827496007175976,0.011236404706608237,0.011236404706608237,0.9715131960109894
META,lightgbm,3,2024-04-19,-1,0,0.7055508737542869,0.22063908797012266,0.22063908797012266,0.4849117857841643
META,lightgbm,3,2024-04-22,-1,-1,0.9334442868748856,0.012513952697764986,0.054041760427349386,0.8794025264475361
META,lightgbm,3,2024-04-23,-1,-1,0.9108793440297038,0.045710192243483765,0.045710192243483765,0.8651691517862201
META,lightgbm,3,2024-04-24,-1,-1,0.949879713330399,0.0069010042262757695,0.04321928244332532,0.9066604308870737
META,lightgbm,3,2024-04-25,0,-1,0.8299488550755979,0.09841074821459861,0.09841074821459861,0.7315381068609993
META,lightgbm,3,2024-04-26,0,-1,0.6570231257181502,0.1774844311613489,0.1774844311613489,0.4795386945568013
META,lightgbm,3,2024-04-29,1,0,0.4225876660590285,0.27463195882910346,0.30278037511186806,0.11980729094716042
META,lightgbm,3,2024-04-30,1,1,0.7586840066536216,0.7586840066536216,0.2010610385440897,0.5576229681095319
META,lightgbm,3,2024-05-01,1,-1,0.8540497593624021,0.14484278426635086,0.14484278426635086,0.7092069750960512
META,lightgbm,3,2024-05-02,1,1,0.551358395780738,0.551358395780738,0.44286830014516115,0.10849009563557682
META,lightgbm,3,2024-05-03,1,-1,0.9267582938168794,0.055267550303397084,0.055267550303397084,0.8714907435134822
META,lightgbm,3,2024-05-06,0,-1,0.8895760611349863,0.04504929213788206,0.06537464672713172,0.8242014144078547
META,lightgbm,3,2024-05-07,0,-1,0.714566045312465,0.01790903922378065,0.2675249154637543,0.44704112984871075
META,lightgbm,3,2024-05-08,0,-1,0.8049434777952174,0.015463757495686662,0.17959276470909602,0.6253507130861213
META,lightgbm,3,2024-05-09,0,-1,0.9638323173551809,0.002221149998626352,0.03394653264619265,0.9298857847089883
META,lightgbm,3,2024-05-10,0,-1,0.9772514716700014,0.003741398876448476,0.019007129453550174,0.9582443422164512
META,lightgbm,3,2024-05-13,0,-1,0.8381655637881593,0.05685148995068913,0.10498294626115151,0.7331826175270078
META,lightgbm,3,2024-05-14,0,-1,0.9791897078270044,0.009705838480083427,0.01110445369291203,0.9680852541340924
META,lightgbm,3,2024-05-15,-1,-1,0.9185826067222128,0.03573741843816136,0.04567997483962582,0.872902631882587
META,lightgbm,3,2024-05-16,0,-1,0.9442806633405249,0.003358806703485021,0.05236052995599015,0.8919201333845347
META,lightgbm,3,2024-05-17,0,-1,0.9139787883230361,0.031304369998830135,0.05471684167813385,0.8592619466449023
META,lightgbm,3,2024-05-20,1,-1,0.7267168478325682,0.06885545071567856,0.20442770145175335,0.5222891463808148
META,lightgbm,3,2024-05-21,1,-1,0.8233956795019144,0.12553240267376017,0.12553240267376017,0.6978632768281542
META,lightgbm,3,2024-05-22,0,-1,0.7762050031043772,0.025176355957243594,0.19861864093837917,0.577586362165998
