ticker,model,fold,date,y_true,y_pred,confidence,bullish_probability,second_best_probability,probability_margin
META,logistic_regression,1,2019-10-03,0,-1,0.39465654023019553,0.3018399748857416,0.30350348488406287,0.09115305534613266
META,logistic_regression,1,2019-10-04,1,-1,0.3412911791618447,0.34115697340428813,0.34115697340428813,0.00013420575755657138
META,logistic_regression,1,2019-10-07,1,-1,0.3894593359660024,0.3028801089465241,0.30766055508747353,0.08179878087852888
META,logistic_regression,1,2019-10-08,1,-1,0.5426489747530912,0.2610975407587731,0.2610975407587731,0.28155143399431803
META,logistic_regression,1,2019-10-09,1,-1,0.49441728598250256,0.2540883654138954,0.2540883654138954,0.24032892056860716
META,logistic_regression,1,2019-10-10,1,-1,0.5301759398784067,0.20123990671007916,0.26858415341151415,0.2615917864668926
META,logistic_regression,1,2019-10-11,0,-1,0.49350944965486315,0.1703106692628363,0.3361798810823005,0.15732956857256264
META,logistic_regression,1,2019-10-14,1,-1,0.44020508186480567,0.21427674233643348,0.3455181757987609,0.0946869060660448
META,logistic_regression,1,2019-10-15,-1,-1,0.5236486884176679,0.1340836267285959,0.3422676848537362,0.18138100356393166
META,logistic_regression,1,2019-10-16,0,-1,0.45186165829707303,0.15273632100864026,0.39540202069428665,0.05645963760278638
META,logistic_regression,1,2019-10-17,-1,0,0.42961931265271636,0.17323219619044009,0.3971484911568436,0.03247082149587277
META,logistic_regression,1,2019-10-18,0,0,0.4301861019995269,0.16934734741465896,0.40046655058581415,0.02971955141371274
META,logistic_regression,1,2019-10-21,0,0,0.4264156262858831,0.17161231433270838,0.40197205938140845,0.024443566904474634
META,logistic_regression,1,2019-10-22,1,-1,0.39016894352496606,0.229129118875331,0.380701937599703,0.009467005925263061
META,logistic_regression,1,2019-10-23,0,-1,0.4086037993715461,0.1917884058529718,0.399607794775482,0.008996004596064144
META,logistic_regression,1,2019-10-24,1,0,0.4131584306130756,0.20894548202854113,0.37789608735838337,0.03526234325469224
META,logistic_regression,1,2019-10-25,1,0,0.37316338904008883,0.3088888898400522,0.31794772111985886,0.05521566792022997
META,logistic_regression,1,2019-10-28,1,0,0.43101115286612557,0.2387150457651843,0.3302738013686901,0.10073735149743546
META,logistic_regression,1,2019-10-29,1,1,0.4153347304673859,0.4153347304673859,0.3837409054337716,0.0315938250336143
META,logistic_regression,1,2019-10-30,0,1,0.4382539471432215,0.4382539471432215,0.3154290599113607,0.1228248872318608
META,logistic_regression,1,2019-10-31,0,0,0.48832037609770257,0.4039966276646552,0.4039966276646552,0.08432374843304735
META,logistic_regression,1,2019-11-01,0,0,0.47952663671350176,0.2995813479434172,0.2995813479434172,0.1799452887700846
META,logistic_regression,1,2019-11-04,-1,0,0.4724339088771797,0.3451833525331121,0.3451833525331121,0.12725055634406757
META,logistic_regression,1,2019-11-05,0,1,0.35413740038054714,0.35413740038054714,0.3489755828414003,0.005161817539146851
META,logistic_regression,1,2019-11-06,0,1,0.34199774229700564,0.34199774229700564,0.3397857864396578,0.002211955857347847
META,logistic_regression,1,2019-11-07,0,-1,0.3613534570162757,0.312648024742346,0.3259985182413784,0.035354938774897315
META,logistic_regression,1,2019-11-08,1,0,0.37409393256816353,0.26020973184953644,0.3656963355823,0.008397596985863509
META,logistic_regression,1,2019-11-11,1,-1,0.36482987665293903,0.2922762232787115,0.34289390006834947,0.021935976584589567
META,logistic_regression,1,2019-11-12,1,0,0.4319335822104942,0.20981872867334153,0.3582476891161642,0.07368589309432999
META,logistic_regression,1,2019-11-13,1,0,0.43557496769039145,0.26148238658765216,0.3029426457219565,0.13263232196843494
META,logistic_regression,1,2019-11-14,1,0,0.4108720746760482,0.26701951568213195,0.32210840964181986,0.08876366503422833
META,logistic_regression,1,2019-11-15,0,0,0.4118696709508814,0.3114129470802711,0.3114129470802711,0.10045672387061028
META,logistic_regression,1,2019-11-18,0,0,0.45125953323134693,0.26798568056176986,0.28075478620688316,0.17050474702446378
META,logistic_regression,1,2019-11-19,0,0,0.41034783729853325,0.35273964458250834,0.35273964458250834,0.05760819271602491
META,logistic_regression,1,2019-11-20,1,0,0.3889450762728578,0.31837371436021056,0.31837371436021056,0.07057136191264723
META,logistic_regression,1,2019-11-21,0,-1,0.34777972467352763,0.31042670574581643,0.3417935695806559,0.005986155092871759
META,logistic_regression,1,2019-11-22,0,0,0.36424164038496626,0.301048264459352,0.3347100951556817,0.029531545229284584
META,logistic_regression,1,2019-11-25,0,0,0.37686095702130984,0.253288887615405,0.36985015536328525,0.00701080165802459
META,logistic_regression,1,2019-11-26,0,0,0.4092323986718648,0.283452715301133,0.3073148860270023,0.10191751264486248
META,logistic_regression,1,2019-11-27,0,0,0.4087638110030337,0.2728896742793788,0.3183465147175874,0.09041729628544631
META,logistic_regression,1,2019-11-29,0,0,0.4054337675049454,0.27935453855398606,0.3152116939410685,0.0902220735638769
META,logistic_regression,1,2019-12-02,0,0,0.3853049742793466,0.2559595513868759,0.35873547433377734,0.026569499945569286
META,logistic_regression,1,2019-12-03,0,-1,0.4246254432568664,0.22841884138951252,0.346955715353621,0.07766972790324539
META,logistic_regression,1,2019-12-04,0,0,0.3742787678122099,0.2760587126154668,0.3496625195723234,0.024616248239886507
META,logistic_regression,1,2019-12-05,0,-1,0.3630605101007176,0.27616401211669134,0.360775477782591,0.002285032318126601
META,logistic_regression,1,2019-12-06,-1,0,0.37538308684719457,0.28802445412654665,0.33659245902625884,0.03879062782093573
META,logistic_regression,1,2019-12-09,0,0,0.3574271117167277,0.3154963428552291,0.32707654542804326,0.030350566288684433
META,logistic_regression,1,2019-12-10,0,1,0.36662473415988256,0.36662473415988256,0.31689353487922917,0.04973119928065339
META,logistic_regression,1,2019-12-11,0,-1,0.35587189038211725,0.3131742179727947,0.33095389164508815,0.0249179987370291
META,logistic_regression,1,2019-12-12,1,-1,0.4347823758808347,0.24523735778138595,0.3199802663377795,0.1148021095430552
META,logistic_regression,1,2019-12-13,1,-1,0.4399797492494999,0.25155329579747926,0.3084669549530209,0.131512794296479
META,logistic_regression,1,2019-12-16,1,0,0.398862953347003,0.2271611028613504,0.37397594379164645,0.024887009555356554
META,logistic_regression,1,2019-12-17,1,0,0.4189544312877792,0.24158670024245496,0.33945886846976575,0.07949556281801345
META,logistic_regression,1,2019-12-18,1,0,0.46255715777155,0.2162324771779848,0.3212103650504651,0.1413467927210849
META,logistic_regression,1,2019-12-19,0,0,0.46403707997819443,0.2750183983083771,0.2750183983083771,0.18901868166981733
META,logistic_regression,1,2019-12-20,0,0,0.4438561773740818,0.3193466363030935,0.3193466363030935,0.12450954107098827
META,logistic_regression,1,2019-12-23,0,0,0.4617186646319514,0.3181059610148825,0.3181059610148825,0.1436127036170689
META,logistic_regression,1,2019-12-24,1,0,0.4362502765014984,0.2978358427374215,0.2978358427374215,0.13841443376407692
META,logistic_regression,1,2019-12-26,0,0,0.4507545026771124,0.2699852945367881,0.27926020278609937,0.17149429989101306
META,logistic_regression,1,2019-12-27,1,0,0.47083190104815176,0.21760268729990825,0.3115654116519399,0.15926648939621185
META,logistic_regression,1,2019-12-30,1,-1,0.43273564618915805,0.20142345247526847,0.3658409013355734,0.06689474485358465
META,logistic_regression,1,2019-12-31,1,-1,0.4293474437510426,0.23568379671519335,0.3349687595337641,0.09437868421727852
META,logistic_regression,1,2020-01-02,1,0,0.3874518362880598,0.2596728303320775,0.35287533337986277,0.03457650290819703
META,logistic_regression,1,2020-01-03,1,0,0.3675294197184731,0.28809496261797224,0.34437561766355473,0.02315380205491835
META,logistic_regression,1,2020-01-06,1,0,0.4105016314241844,0.27044647608066263,0.3190518924951529,0.09144973892903147
META,logistic_regression,1,2020-01-07,1,0,0.4401404245521921,0.31494152209439213,0.31494152209439213,0.12519890245779997
META,logistic_regression,1,2020-01-08,1,0,0.41736056056946325,0.31984738034832516,0.31984738034832516,0.09751318022113808
META,logistic_regression,1,2020-01-09,0,0,0.48163358083721036,0.3013547517236622,0.3013547517236622,0.18027882911354814
META,logistic_regression,1,2020-01-10,0,0,0.44514579405547855,0.34349305386197565,0.34349305386197565,0.1016527401935029
META,logistic_regression,1,2020-01-13,0,0,0.44362980019895937,0.33858554333679336,0.33858554333679336,0.10504425686216601
META,logistic_regression,1,2020-01-14,0,0,0.3551814676609299,0.3497789623878914,0.3497789623878914,0.005402505273038483
META,logistic_regression,1,2020-01-15,0,0,0.38468168031073563,0.3152608545293946,0.3152608545293946,0.06942082578134101
META,logistic_regression,1,2020-01-16,0,0,0.42523307292459317,0.328125119582507,0.328125119582507,0.09710795334208616
META,logistic_regression,1,2020-01-17,-1,0,0.39536028000233375,0.2985133519581381,0.3061263680395281,0.08923391196280567
META,logistic_regression,1,2020-01-21,0,0,0.45390186025070195,0.29097869403135074,0.29097869403135074,0.1629231662193512
META,logistic_regression,1,2020-01-22,0,0,0.41060552314387744,0.323994503602112,0.323994503602112,0.08661101954176542
META,logistic_regression,1,2020-01-23,-1,0,0.3803015113424798,0.3128735037868113,0.3128735037868113,0.06742800755566852
META,logistic_regression,1,2020-01-24,-1,0,0.36248334097862234,0.3483375190023409,0.3483375190023409,0.014145821976281447
META,logistic_regression,1,2020-01-27,-1,-1,0.4947137494520597,0.25477437215708726,0.25477437215708726,0.23993937729497244
META,logistic_regression,1,2020-01-28,-1,0,0.3493719357297543,0.321862955263662,0.3287651090065837,0.0206068267231706
META,logistic_regression,1,2020-01-29,-1,0,0.36596579039053956,0.36316576643879717,0.36316576643879717,0.002800023951742392
META,logistic_regression,1,2020-01-30,0,-1,0.5034954657522567,0.28346399907976116,0.28346399907976116,0.2200314666724955
META,logistic_regression,1,2020-01-31,1,1,0.46409178587978894,0.46409178587978894,0.305612747431139,0.15847903844864997
META,logistic_regression,1,2020-02-03,1,1,0.45366660949293763,0.45366660949293763,0.3019962628591531,0.15167034663378454
META,logistic_regression,1,2020-02-04,0,0,0.4372846417244057,0.3528285178175692,0.3528285178175692,0.08445612390683649
META,logistic_regression,1,2020-02-05,0,0,0.5348445925744306,0.33755207697184253,0.33755207697184253,0.1972925156025881
META,logistic_regression,1,2020-02-06,0,0,0.4712470158442542,0.3408902646315266,0.3408902646315266,0.1303567512127276
META,logistic_regression,1,2020-02-07,0,0,0.4295864591507367,0.320189275429301,0.320189275429301,0.1093971837214357
META,logistic_regression,1,2020-02-10,1,0,0.4155956364464961,0.30359537853391727,0.30359537853391727,0.11200025791257884
META,logistic_regression,1,2020-02-11,1,0,0.4500705709534576,0.25886875197680065,0.29106067706974187,0.15900989388371572
META,logistic_regression,1,2020-02-12,0,0,0.530153556467508,0.2841895336551471,0.2841895336551471,0.24596402281236085
META,logistic_regression,1,2020-02-13,0,0,0.48152600629888276,0.16516822876950563,0.3533057649316116,0.12822024136727117
META,logistic_regression,1,2020-02-14,-1,0,0.44832682841691096,0.13284070005230667,0.41883247153078235,0.029494356886128614
META,logistic_regression,1,2020-02-18,-1,0,0.4605427629069268,0.10957266066130461,0.4298845764317685,0.030658186475158333
META,logistic_regression,1,2020-02-19,-1,0,0.48402105956585,0.1634226134264861,0.352556327007664,0.13146473255818603
META,logistic_regression,1,2020-02-20,-1,0,0.45820724134020746,0.16343196884122033,0.3783607898185721,0.07984645152163539
META,logistic_regression,1,2020-02-21,-1,0,0.41337647961344853,0.18857164879880323,0.3980518715877484,0.015324608025700126
META,logistic_regression,1,2020-02-24,-1,-1,0.511656187835389,0.25574623173763655,0.25574623173763655,0.25590995609775247
META,logistic_regression,1,2020-02-25,-1,1,0.4750141737867841,0.4750141737867841,0.298249268582551,0.1767649052042331
META,logistic_regression,1,2020-02-26,-1,-1,0.46946807459231304,0.3161807361981782,0.3161807361981782,0.15328733839413483
META,logistic_regression,1,2020-02-27,-1,-1,0.45603319542678894,0.4024392265829595,0.4024392265829595,0.05359396884382944
META,logistic_regression,1,2020-02-28,-1,-1,0.541333308833768,0.36268582613662625,0.36268582613662625,0.1786474826971417
META,logistic_regression,1,2020-03-02,-1,1,0.60780072065819,0.60780072065819,0.23255090360615424,0.37524981705203575
META,logistic_regression,1,2020-03-03,-1,1,0.797906055930957,0.797906055930957,0.11556007607999154,0.6823459798509655
META,logistic_regression,1,2020-03-04,-1,1,0.5859450144783718,0.5859450144783718,0.26513629021301127,0.3208087242653605
META,logistic_regression,1,2020-03-05,-1,1,0.6652436092074616,0.6652436092074616,0.18091309669836117,0.4843305125091004
META,logistic_regression,1,2020-03-06,-1,1,0.6197451829737807,0.6197451829737807,0.2520622020843565,0.3676829808894242
META,logistic_regression,1,2020-03-09,-1,1,0.7410874650461596,0.7410874650461596,0.19725125579172545,0.5438362092544342
META,logistic_regression,1,2020-03-10,-1,1,0.6973413266215754,0.6973413266215754,0.16992419219286214,0.5274171344287133
META,logistic_regression,1,2020-03-11,-1,1,0.8320107931834629,0.8320107931834629,0.08588048609776314,0.7461303070856998
META,logistic_regression,1,2020-03-12,0,1,0.9323378784820664,0.9323378784820664,0.05344406329759501,0.8788938151844714
META,logistic_regression,1,2020-03-13,-1,1,0.831503144274101,0.831503144274101,0.11626175059496502,0.715241393679136
META,logistic_regression,1,2020-03-16,0,1,0.9846232273320863,0.9846232273320863,0.009460115892427517,0.9751631114396587
META,logistic_regression,1,2020-03-17,1,1,0.9583138825488574,0.9583138825488574,0.03337993749888513,0.9249339450499723
META,logistic_regression,1,2020-03-18,1,1,0.9373112600343317,0.9373112600343317,0.04332680044833548,0.8939844595859963
META,logistic_regression,1,2020-03-19,1,1,0.9416940308413283,0.9416940308413283,0.04031974378000713,0.9013742870613212
META,logistic_regression,1,2020-03-20,1,1,0.9365782687527756,0.9365782687527756,0.0581260733630084,0.8784521953897673
META,logistic_regression,1,2020-03-23,1,1,0.9731956684759939,0.9731956684759939,0.014229190809150569,0.9589664776668434
META,logistic_regression,1,2020-03-24,1,1,0.8996242922358807,0.8996242922358807,0.08186267161517478,0.8177616206207059
META,logistic_regression,1,2020-03-25,1,1,0.8935394122799277,0.8935394122799277,0.08570721820056833,0.8078321940793594
META,logistic_regression,1,2020-03-26,-1,1,0.7157596790209262,0.7157596790209262,0.1882946338293206,0.5274650451916056
META,logistic_regression,1,2020-03-27,0,1,0.8248032631200337,0.8248032631200337,0.14499850924929425,0.6798047538707395
META,logistic_regression,1,2020-03-30,0,-1,0.4520222895205745,0.2267893258601684,0.3211883846192571,0.1308339049013174
META,logistic_regression,1,2020-03-31,0,0,0.4405303516117916,0.29304827133428873,0.29304827133428873,0.14748208027750287
META,logistic_regression,1,2020-04-01,1,1,0.36799550956245997,0.36799550956245997,0.3570574264188586,0.01093808314360134
META,logistic_regression,1,2020-04-02,1,1,0.4299719573537582,0.4299719573537582,0.32744340997546195,0.10252854737829625
META,logistic_regression,1,2020-04-03,1,1,0.559700784005587,0.559700784005587,0.22060559962077003,0.33909518438481695
META,logistic_regression,1,2020-04-06,1,1,0.4399612702930818,0.4399612702930818,0.3565718382358849,0.0833894320571969
META,logistic_regression,1,2020-04-07,1,0,0.7559269061211127,0.19075041502051276,0.19075041502051276,0.5651764911005999
META,logistic_regression,1,2020-04-08,0,0,0.6064800299505314,0.2464963205509483,0.2464963205509483,0.35998370939958313
META,logistic_regression,1,2020-04-09,1,1,0.6963080622317299,0.6963080622317299,0.2514074785839697,0.4449005836477602
META,logistic_regression,1,2020-04-13,0,0,0.4997995886348172,0.28678177640038527,0.28678177640038527,0.21301781223443195
META,logistic_regression,1,2020-04-14,-1,1,0.8039087768804308,0.8039087768804308,0.15631091581249087,0.6475978610679399
META,logistic_regression,1,2020-04-15,1,1,0.686264496121633,0.686264496121633,0.22926373723645022,0.45700075888518277
META,logistic_regression,1,2020-04-16,1,1,0.7956063377166775,0.7956063377166775,0.12227601836250489,0.6733303193541726
META,logistic_regression,1,2020-04-17,1,1,0.6452984307657424,0.6452984307657424,0.23324532969496498,0.41205310107077747
META,logistic_regression,1,2020-04-20,1,1,0.7837538348392185,0.7837538348392185,0.12736495672034687,0.6563888781188716
META,logistic_regression,1,2020-04-21,1,1,0.9345744618225411,0.9345744618225411,0.03421146891205648,0.9003629929104846
META,logistic_regression,1,2020-04-22,1,1,0.5491130493189119,0.5491130493189119,0.3633400830047233,0.1857729663141886
META,logistic_regression,1,2020-04-23,1,1,0.5927442771661917,0.5927442771661917,0.3367457200558715,0.2559985571103202
META,logistic_regression,1,2020-04-24,1,0,0.6172806287740202,0.23497070719400476,0.23497070719400476,0.3823099215800155
META,logistic_regression,1,2020-04-27,1,0,0.5057017369333275,0.43301531502522816,0.43301531502522816,0.07268642190809937
META,logistic_regression,1,2020-04-28,1,0,0.5485044486529398,0.3814570134554933,0.3814570134554933,0.16704743519744647
META,logistic_regression,1,2020-04-29,1,0,0.8176849797050816,0.12706288911750654,0.12706288911750654,0.6906220905875751
META,logistic_regression,1,2020-04-30,1,0,0.7950141223906262,0.17991948614297254,0.17991948614297254,0.6150946362476537
META,logistic_regression,1,2020-05-01,1,0,0.6486973430928085,0.28137693192227253,0.28137693192227253,0.36732041117053593
META,logistic_regression,1,2020-05-04,1,0,0.49923983112513354,0.3859952299071948,0.3859952299071948,0.11324460121793872
META,logistic_regression,1,2020-05-05,0,0,0.6841272670629482,0.1153340668171944,0.20053866611985732,0.4835886009430909
META,logistic_regression,1,2020-05-06,0,0,0.7654704628075147,0.11505308845729036,0.11947644873519495,0.6459940140723198
META,logistic_regression,1,2020-05-07,-1,0,0.8748218004286739,0.047192177018652824,0.07798602255267335,0.7968357778760005
META,logistic_regression,1,2020-05-08,0,0,0.8806352515313459,0.04529045933289928,0.07407428913575487,0.806560962395591
META,logistic_regression,1,2020-05-11,0,0,0.8326344632958915,0.05372702892283897,0.11363850778126944,0.7189959555146221
META,logistic_regression,1,2020-05-12,1,0,0.8008127529993326,0.049537732066956164,0.14964951493371115,0.6511632380656215
META,logistic_regression,1,2020-05-13,1,0,0.7394584634123197,0.1190552366666612,0.14148629992101905,0.5979721634913007
META,logistic_regression,1,2020-05-14,1,0,0.7524909094211302,0.10078719036484207,0.14672190021402778,0.6057690092071024
META,logistic_regression,1,2020-05-15,1,0,0.8147202926517749,0.052673791366758704,0.13260591598146637,0.6821143766703086
META,logistic_regression,1,2020-05-18,1,0,0.8615822706435159,0.05853984584841897,0.07987788350806518,0.7817043871354508
META,logistic_regression,1,2020-05-19,1,0,0.7642632308795831,0.14117896829266474,0.14117896829266474,0.6230842625869184
META,logistic_regression,1,2020-05-20,0,0,0.9168421506820041,0.035799933338833786,0.04735791597916203,0.8694842347028421
META,logistic_regression,1,2020-05-21,-1,0,0.9181208304024895,0.04856242588603153,0.04856242588603153,0.8695584045164579
META,logistic_regression,1,2020-05-22,0,0,0.9058672605803786,0.0377994141787398,0.05633332524088148,0.8495339353394971
META,logistic_regression,1,2020-05-26,0,0,0.9221468823443117,0.04324016518876806,0.04324016518876806,0.8789067171555437
META,logistic_regression,1,2020-05-27,0,0,0.8437024695353962,0.06783695365387311,0.08846057681073083,0.7552418927246654
META,logistic_regression,1,2020-05-28,0,0,0.8735795301606085,0.028593148162099964,0.09782732167729165,0.7757522084833168
META,logistic_regression,1,2020-05-29,1,0,0.9003286082070717,0.02665255552048896,0.07301883627243931,0.8273097719346324
META,logistic_regression,1,2020-06-01,0,0,0.9018516205550099,0.031514647280412575,0.06663373216457756,0.8352178883904323
META,logistic_regression,1,2020-06-02,1,0,0.9059903715754859,0.03735260004084119,0.05665702838367292,0.849333343191813
META,logistic_regression,1,2020-06-03,1,0,0.9012428213630822,0.04844847092571993,0.050308707711197796,0.8509341136518844
META,logistic_regression,1,2020-06-04,0,0,0.8825036461271447,0.07207180219520809,0.07207180219520809,0.8104318439319367
META,logistic_regression,1,2020-06-05,0,0,0.9100814097256813,0.04559983807144955,0.04559983807144955,0.8644815716542318
META,logistic_regression,1,2020-06-08,0,0,0.9352988555125261,0.03396432429088161,0.03396432429088161,0.9013345312216445
META,logistic_regression,1,2020-06-09,0,0,0.9359444025132336,0.030039915972023892,0.03401568151474245,0.9019287209984912
META,logistic_regression,1,2020-06-10,0,0,0.8947523287083659,0.07249289855853032,0.07249289855853032,0.8222594301498355
META,logistic_regression,1,2020-06-11,1,0,0.5581616693273962,0.32669457273163865,0.32669457273163865,0.23146709659575754
META,logistic_regression,1,2020-06-12,1,0,0.6453202928616683,0.26124951722848355,0.26124951722848355,0.3840707756331847
META,logistic_regression,1,2020-06-15,1,0,0.6870827165427089,0.19672159873242637,0.19672159873242637,0.4903611178102826
META,logistic_regression,1,2020-06-16,1,0,0.8233955639860819,0.12645337942088222,0.12645337942088222,0.6969421845651997
META,logistic_regression,1,2020-06-17,0,0,0.7854215043687354,0.1400904520552244,0.1400904520552244,0.645331052313511
META,logistic_regression,1,2020-06-18,0,0,0.7735114029717445,0.11229288070279192,0.11419571632546349,0.659315686646281
META,logistic_regression,1,2020-06-19,-1,0,0.7804725576779659,0.11732191728838634,0.11732191728838634,0.6631506403895795
META,logistic_regression,1,2020-06-22,-1,0,0.7909647740797145,0.11305233699644031,0.11305233699644031,0.6779124370832742
META,logistic_regression,1,2020-06-23,-1,0,0.8299793403309934,0.10177331485643731,0.10177331485643731,0.7282060254745562
META,logistic_regression,1,2020-06-24,0,0,0.7518175546521129,0.16010340378858814,0.16010340378858814,0.5917141508635247
META,logistic_regression,1,2020-06-25,0,0,0.6176669248709279,0.13694520069231914,0.24538787443675297,0.3722790504341749
META,logistic_regression,1,2020-06-26,1,0,0.5630058454739972,0.28599379802891284,0.28599379802891284,0.2770120474450844
META,logistic_regression,1,2020-06-29,1,0,0.6309875900492689,0.16737258666997107,0.2016398232807601,0.4293477667685087
META,logistic_regression,1,2020-06-30,1,0,0.8412608061318458,0.09592057568569706,0.09592057568569706,0.7453402304461487
META,logistic_regression,1,2020-07-01,1,0,0.8695742939052046,0.07692602312849041,0.07692602312849041,0.7926482707767142
META,logistic_regression,1,2020-07-02,1,0,0.8619219867846235,0.10892041863276299,0.10892041863276299,0.7530015681518605
META,logistic_regression,1,2020-07-06,0,0,0.8679665679959117,0.07973803807396736,0.07973803807396736,0.7882285299219443
META,logistic_regression,1,2020-07-07,0,0,0.8836616779616897,0.07314272532410963,0.07314272532410963,0.8105189526375801
META,logistic_regression,1,2020-07-08,0,0,0.9000642232925978,0.05492381278477115,0.05492381278477115,0.8451404105078266
META,logistic_regression,1,2020-07-09,0,0,0.9120951694232505,0.050587919384047254,0.050587919384047254,0.8615072500392033
META,logistic_regression,1,2020-07-10,0,0,0.7605913252847762,0.1769927911492833,0.1769927911492833,0.583598534135493
META,logistic_regression,1,2020-07-13,1,0,0.7592087812687811,0.11160368126085109,0.12918753747036785,0.6300212437984133
META,logistic_regression,1,2020-07-14,0,0,0.7455195947148054,0.0830778959876681,0.1714025092975265,0.5741170854172789
META,logistic_regression,1,2020-07-15,0,0,0.8569608214082489,0.06131905166191931,0.08172012692983179,0.7752406944784171
META,logistic_regression,1,2020-07-16,-1,0,0.8331070044836,0.07657169133749002,0.09032130417890998,0.74278570030469
META,logistic_regression,1,2020-07-17,-1,0,0.8341385958613204,0.07266110771102416,0.09320029642765539,0.7409382994336651
META,logistic_regression,1,2020-07-20,-1,0,0.8454992268132938,0.06761158754078027,0.08688918564592592,0.7586100411673679
META,logistic_regression,1,2020-07-21,-1,0,0.8582825240841028,0.07853308007846854,0.07853308007846854,0.7797494440056343
META,logistic_regression,1,2020-07-22,-1,0,0.8383284994594566,0.0766908386528342,0.08498066188770907,0.7533478375717476
META,logistic_regression,1,2020-07-23,0,0,0.7435578851024796,0.17406766007075664,0.17406766007075664,0.5694902250317229
META,logistic_regression,1,2020-07-24,1,0,0.6932602464252445,0.17931173108026488,0.17931173108026488,0.5139485153449797
META,logistic_regression,1,2020-07-27,1,0,0.5276289828976476,0.34158485496600555,0.34158485496600555,0.18604412793164204
META,logistic_regression,1,2020-07-28,1,0,0.5145643986740778,0.36290326452921884,0.36290326452921884,0.15166113414485893
META,logistic_regression,1,2020-07-29,1,0,0.5895995358510032,0.26695115557019683,0.26695115557019683,0.3226483802808064
META,logistic_regression,1,2020-07-30,1,0,0.6124099888293291,0.203250174428972,0.203250174428972,0.4091598144003571
META,logistic_regression,1,2020-07-31,1,0,0.8441425641023225,0.1352023428932909,0.1352023428932909,0.7089402212090316
META,logistic_regression,1,2020-08-03,1,0,0.8426853094569651,0.11659665062117808,0.11659665062117808,0.726088658835787
META,logistic_regression,1,2020-08-04,1,0,0.7625588313893218,0.16972571003655812,0.16972571003655812,0.5928331213527637
META,logistic_regression,1,2020-08-05,1,0,0.7976191038431895,0.1279887697858194,0.1279887697858194,0.66963033405737
META,logistic_regression,1,2020-08-06,0,0,0.798111264504942,0.04860916252180803,0.15327957297325007,0.6448316915316918
META,logistic_regression,1,2020-08-07,-1,0,0.9129101000054703,0.029500380697256606,0.05758951929727304,0.8553205807081973
META,logistic_regression,1,2020-08-10,0,0,0.8930075306086559,0.06446093095839918,0.06446093095839918,0.8285465996502567
META,logistic_regression,1,2020-08-11,1,0,0.8472662949260255,0.07472625696833818,0.07800744810563634,0.7692588468203891
META,logistic_regression,1,2020-08-12,0,0,0.8695821526107644,0.06243980221458362,0.06797804517465203,0.8016041074361124
META,logistic_regression,1,2020-08-13,1,0,0.8928584000669159,0.05461795478518898,0.05461795478518898,0.8382404452817269
META,logistic_regression,1,2020-08-14,1,0,0.8997098755892579,0.06569787245859797,0.06569787245859797,0.8340120031306599
META,logistic_regression,1,2020-08-17,1,0,0.895523223167138,0.06310072986502933,0.06310072986502933,0.8324224933021086
META,logistic_regression,1,2020-08-18,1,0,0.8475383792182054,0.08359219787179722,0.08359219787179722,0.7639461813464081
META,logistic_regression,1,2020-08-19,1,0,0.8296251762363929,0.09507008511060186,0.09507008511060186,0.734555091125791
META,logistic_regression,1,2020-08-20,1,0,0.8144457298504922,0.1278493984003278,0.1278493984003278,0.6865963314501644
META,logistic_regression,1,2020-08-21,1,0,0.7489119851231454,0.2014955711076742,0.2014955711076742,0.5474164140154711
META,logistic_regression,1,2020-08-24,1,0,0.7973074562752153,0.14824365301385342,0.14824365301385342,0.6490638032613618
META,logistic_regression,1,2020-08-25,1,0,0.793222229229475,0.12163419490866076,0.12163419490866076,0.6715880343208143
META,logistic_regression,1,2020-08-26,0,0,0.9106396324500938,0.041732741564148,0.047627625985758225,0.8630120064643356
META,logistic_regression,1,2020-08-27,0,0,0.8875208462758333,0.0811743646673974,0.0811743646673974,0.8063464816084359
META,logistic_regression,1,2020-08-28,-1,0,0.9166458705056241,0.04775422101562873,0.04775422101562873,0.8688916494899953
META,logistic_regression,1,2020-08-31,-1,0,0.8981035959804172,0.05474330505216471,0.05474330505216471,0.8433602909282525
META,logistic_regression,1,2020-09-01,-1,0,0.8897393015731832,0.06105081467453205,0.06105081467453205,0.828688486898651
META,logistic_regression,1,2020-09-02,-1,0,0.9415908668489886,0.028194898642347522,0.030214234508664086,0.9113766323403245
META,logistic_regression,1,2020-09-03,-1,0,0.9243711476463112,0.04115090632286439,0.04115090632286439,0.8832202413234469
META,logistic_regression,1,2020-09-04,-1,0,0.9059728366277465,0.053833757836626514,0.053833757836626514,0.85213907879112
META,logistic_regression,1,2020-09-08,0,0,0.7978348888700946,0.13234598414433926,0.13234598414433926,0.6654889047257553
META,logistic_regression,1,2020-09-09,-1,0,0.8000001123415116,0.16808174647086155,0.16808174647086155,0.63191836587065
META,logistic_regression,1,2020-09-10,-1,0,0.8312432407033298,0.15213619619820187,0.15213619619820187,0.6791070445051279
META,logistic_regression,1,2020-09-11,-1,0,0.7733773482098921,0.19396801771556896,0.19396801771556896,0.5794093304943232
META,logistic_regression,1,2020-09-14,-1,0,0.7929882128670928,0.17942407256346962,0.17942407256346962,0.6135641403036232
META,logistic_regression,1,2020-09-15,-1,0,0.7798903315852663,0.19101953871139699,0.19101953871139699,0.5888707928738693
META,logistic_regression,1,2020-09-16,-1,0,0.7189876369341658,0.24142160011872588,0.24142160011872588,0.4775660368154399
META,logistic_regression,1,2020-09-17,-1,0,0.6029032064756216,0.3603390077819284,0.3603390077819284,0.24256419869369317
META,logistic_regression,1,2020-09-18,0,0,0.6362789078611627,0.32735006347005946,0.32735006347005946,0.30892884439110324
META,logistic_regression,1,2020-09-21,1,0,0.5147254483105522,0.3928890023963678,0.3928890023963678,0.12183644591418441
META,logistic_regression,1,2020-09-22,1,0,0.6826116060762633,0.23826971563971394,0.23826971563971394,0.4443418904365493
META,logistic_regression,1,2020-09-23,1,0,0.642877294769234,0.2915804601387701,0.2915804601387701,0.35129683463046396
META,logistic_regression,1,2020-09-24,1,0,0.6723289984822802,0.16983420450164216,0.16983420450164216,0.5024947939806381
META,logistic_regression,1,2020-09-25,1,0,0.7454383893998595,0.13413097193018922,0.13413097193018922,0.6113074174696703
META,logistic_regression,1,2020-09-28,1,0,0.7995507108086752,0.11979056303922873,0.11979056303922873,0.6797601477694465
META,logistic_regression,1,2020-09-29,0,0,0.8334402753139075,0.09402311163223737,0.09402311163223737,0.7394171636816702
META,logistic_regression,1,2020-09-30,0,0,0.8168406380514924,0.07561888143083334,0.10754048051767422,0.7093001575338183
META,logistic_regression,1,2020-10-01,0,0,0.8398593447822474,0.03788304995106328,0.12225760526668915,0.7176017395155583
META,logistic_regression,1,2020-10-02,0,0,0.7242259063935017,0.08040614901103839,0.19536794459545986,0.5288579617980418
META,logistic_regression,1,2020-10-05,1,0,0.7243482746379233,0.07490691028826157,0.20074481507381517,0.5236034595641081
META,logistic_regression,1,2020-10-06,1,0,0.6499506950491131,0.16516196886732815,0.1848873360835588,0.4650633589655543
META,logistic_regression,1,2020-10-07,1,0,0.6482757448720294,0.11347301439611168,0.23825124073185894,0.4100245041401705
META,logistic_regression,1,2020-10-08,0,0,0.720566509685817,0.10766234108788125,0.17177114922630174,0.5487953604595153
META,logistic_regression,1,2020-10-09,0,0,0.6974441009621052,0.14157318228980934,0.16098271674808556,0.5364613842140196
META,logistic_regression,1,2020-10-12,-1,0,0.853684281940298,0.06155986949141437,0.08475584856828762,0.7689284333720103
META,logistic_regression,1,2020-10-13,-1,0,0.8679950625876758,0.07149765520912328,0.07149765520912328,0.7964974073785525
META,logistic_regression,1,2020-10-14,1,0,0.770463671272928,0.14263711671076784,0.14263711671076784,0.6278265545621602
META,logistic_regression,1,2020-10-15,1,0,0.6646643950182285,0.21182467949886183,0.21182467949886183,0.45283971551936664
META,logistic_regression,1,2020-10-16,1,0,0.5944817798308261,0.2556774405860673,0.2556774405860673,0.3388043392447588
META,logistic_regression,1,2020-10-19,1,0,0.5248889458031792,0.3612843710975025,0.3612843710975025,0.16360457470567674
META,logistic_regression,1,2020-10-20,1,0,0.6055320719605178,0.22734034736147554,0.22734034736147554,0.37819172459904227
META,logistic_regression,1,2020-10-21,-1,0,0.6597117042315732,0.272008694735809,0.272008694735809,0.3877030094957642
META,logistic_regression,1,2020-10-22,0,0,0.5696397175628247,0.3480658722429351,0.3480658722429351,0.2215738453198896
META,logistic_regression,1,2020-10-23,-1,0,0.6608517307299464,0.231970792950556,0.231970792950556,0.4288809377793904
META,logistic_regression,1,2020-10-26,-1,0,0.6067133600073393,0.3131776942486687,0.3131776942486687,0.2935356657586706
META,logistic_regression,1,2020-10-27,-1,0,0.6316090957586347,0.2712715559322921,0.2712715559322921,0.3603375398263426
META,logistic_regression,1,2020-10-28,1,0,0.5281373911266325,0.3820574757043504,0.3820574757043504,0.1460799154222821
META,logistic_regression,1,2020-10-29,1,0,0.6942269228834873,0.21054373599273188,0.21054373599273188,0.4836831868907554
META,logistic_regression,1,2020-10-30,1,0,0.5630281131806849,0.37516008189281624,0.37516008189281624,0.18786803128786866
META,logistic_regression,1,2020-11-02,1,0,0.6014337961615871,0.3277684459282713,0.3277684459282713,0.2736653502333158
META,logistic_regression,1,2020-11-03,1,0,0.6973757879653848,0.2558816045868901,0.2558816045868901,0.4414941833784947
META,logistic_regression,1,2020-11-04,-1,0,0.8772546279954722,0.10892216664968553,0.10892216664968553,0.7683324613457866
META,logistic_regression,1,2020-11-05,-1,0,0.9457640750991925,0.04455756268552887,0.04455756268552887,0.9012065124136636
META,logistic_regression,1,2020-11-06,-1,0,0.9005646498674224,0.08480270511223058,0.08480270511223058,0.8157619447551918
META,logistic_regression,1,2020-11-09,0,0,0.9141619542371264,0.06728377082078643,0.06728377082078643,0.84687818341634
META,logistic_regression,1,2020-11-10,0,0,0.8954448595415335,0.08476436294361117,0.08476436294361117,0.8106804965979224
META,logistic_regression,1,2020-11-11,0,0,0.9272643001853543,0.05020854572495162,0.05020854572495162,0.8770557544604027
META,logistic_regression,1,2020-11-12,0,0,0.9089374703477097,0.07578532884371911,0.07578532884371911,0.8331521415039905
META,logistic_regression,1,2020-11-13,-1,0,0.9042306593569155,0.060856932454333504,0.060856932454333504,0.8433737269025819
META,logistic_regression,1,2020-11-16,-1,0,0.8463958523811562,0.08826113179928613,0.08826113179928613,0.75813472058187
META,logistic_regression,1,2020-11-17,0,0,0.8246466412635011,0.11848434263880762,0.11848434263880762,0.7061622986246935
META,logistic_regression,1,2020-11-18,0,0,0.8484284936184309,0.11216297203084817,0.11216297203084817,0.7362655215875827
META,logistic_regression,1,2020-11-19,0,0,0.8382144329015696,0.11322314520147081,0.11322314520147081,0.7249912877000988
META,logistic_regression,1,2020-11-20,1,0,0.8309368650092226,0.11681344846840076,0.11681344846840076,0.7141234165408218
META,logistic_regression,1,2020-11-23,1,0,0.7655168053121829,0.13913111656360627,0.13913111656360627,0.6263856887485766
META,logistic_regression,1,2020-11-24,1,0,0.8240450844530461,0.07393145647526324,0.10202345907169054,0.7220216253813556
META,logistic_regression,1,2020-11-25,1,0,0.7190821517453619,0.20924053010695878,0.20924053010695878,0.5098416216384032
META,logistic_regression,1,2020-11-27,0,0,0.7788601344172702,0.13824562047167188,0.13824562047167188,0.6406145139455983
META,logistic_regression,1,2020-11-30,1,0,0.6076198914513312,0.264267808052272,0.264267808052272,0.3433520833990592
META,logistic_regression,1,2020-12-01,0,0,0.6902615980695912,0.2218740966067394,0.2218740966067394,0.4683875014628518
META,logistic_regression,1,2020-12-02,-1,0,0.7751577956061622,0.14871715527519952,0.14871715527519952,0.6264406403309626
META,logistic_regression,1,2020-12-03,0,0,0.8231033851722227,0.09116580130456098,0.09116580130456098,0.7319375838676617
META,logistic_regression,1,2020-12-04,-1,0,0.8443644566544977,0.05880400936137796,0.09683153398412447,0.7475329226703732
META,logistic_regression,1,2020-12-07,-1,0,0.8448277712746586,0.047072678112419095,0.10809955061292228,0.7367282206617363
META,logistic_regression,1,2020-12-08,-1,0,0.8362591858223551,0.06803369522078048,0.09570711895686436,0.7405520668654908
META,logistic_regression,1,2020-12-09,0,0,0.8200075352025938,0.09616650731583576,0.09616650731583576,0.7238410278867581
META,logistic_regression,1,2020-12-10,0,0,0.7917231767805664,0.09466010162806504,0.11361672159136865,0.6781064551891978
META,logistic_regression,1,2020-12-11,0,0,0.7429478741644887,0.1377766502864554,0.1377766502864554,0.6051712238780333
META,logistic_regression,1,2020-12-14,0,0,0.7635826649090597,0.11422297706787636,0.12219435802306401,0.6413883068859957
META,logistic_regression,1,2020-12-15,-1,0,0.8304237705488139,0.08232835913617573,0.08724787031501031,0.7431759002338035
META,logistic_regression,1,2020-12-16,-1,0,0.7930573716212573,0.11760612718187782,0.11760612718187782,0.6754512444393795
META,logistic_regression,1,2020-12-17,-1,0,0.7580988401779066,0.13904725029004522,0.13904725029004522,0.6190515898878615
META,logistic_regression,1,2020-12-18,0,0,0.7333239747207795,0.1384802309303451,0.1384802309303451,0.5948437437904344
META,logistic_regression,1,2020-12-21,0,0,0.6738415073536448,0.18878779546579277,0.18878779546579277,0.485053711887852
META,logistic_regression,1,2020-12-22,0,0,0.6408914032358483,0.2078337088025739,0.2078337088025739,0.43305769443327435
META,logistic_regression,1,2020-12-23,0,0,0.6859909717277778,0.1289515369473262,0.18505749132489596,0.5009334804028818
META,logistic_regression,1,2020-12-24,0,0,0.6773790891274184,0.14551723650681683,0.1771036743657648,0.5002754147616536
META,logistic_regression,1,2020-12-28,-1,0,0.7346908036510719,0.09048756745147202,0.17482162889745603,0.5598691747536159
META,logistic_regression,1,2020-12-29,-1,0,0.753092954786047,0.13465779043502574,0.13465779043502574,0.6184351643510213
META,logistic_regression,1,2020-12-30,0,0,0.7551908607432802,0.12657937961959637,0.12657937961959637,0.6286114811236838
META,logistic_regression,1,2020-12-31,-1,0,0.7636499643186923,0.09785440271665088,0.13849563296465672,0.6251543313540355
META,logistic_regression,1,2021-01-04,-1,0,0.7215943406584395,0.14169698032773184,0.14169698032773184,0.5798973603307077
META,logistic_regression,1,2021-01-05,-1,0,0.7230273533427075,0.11976996524792373,0.15720268140936874,0.5658246719333387
META,logistic_regression,1,2021-01-06,-1,0,0.6512100344027252,0.08797637837951185,0.2608135872177631,0.3903964471849621
META,logistic_regression,1,2021-01-07,-1,0,0.7830797634350989,0.08307951890020289,0.13384071766469835,0.6492390457704005
META,logistic_regression,1,2021-01-08,-1,0,0.7730978186000539,0.09628089759481577,0.13062128380513038,0.6424765347949235
META,logistic_regression,1,2021-01-11,0,0,0.6534147550949186,0.15210657879767575,0.19447866610740558,0.45893608898751304
META,logistic_regression,1,2021-01-12,1,0,0.7037305638679701,0.18878087174727937,0.18878087174727937,0.5149496921206906
META,logistic_regression,1,2021-01-13,1,0,0.6611812790408881,0.20572164994208228,0.20572164994208228,0.4554596290988058
META,logistic_regression,1,2021-01-14,1,0,0.697550666739075,0.18928753777335486,0.18928753777335486,0.5082631289657201
META,logistic_regression,1,2021-01-15,1,0,0.7244992518211943,0.1775854362667115,0.1775854362667115,0.5469138155544828
META,logistic_regression,1,2021-01-19,1,0,0.7924461944507453,0.14090432371192893,0.14090432371192893,0.6515418707388163
META,logistic_regression,1,2021-01-20,0,0,0.8318970684884033,0.12910697586514736,0.12910697586514736,0.702790092623256
META,logistic_regression,1,2021-01-21,-1,0,0.8079425156494848,0.11925812813125286,0.11925812813125286,0.688684387518232
META,logistic_regression,1,2021-01-22,-1,0,0.7298698414586751,0.18135277832121244,0.18135277832121244,0.5485170631374626
META,logistic_regression,1,2021-01-25,-1,0,0.7743148953384992,0.15582596521488162,0.15582596521488162,0.6184889301236176
META,logistic_regression,1,2021-01-26,-1,0,0.7566465618633101,0.10595709633115312,0.13739634180553664,0.6192502200577735
META,logistic_regression,1,2021-01-27,-1,0,0.7550179722068412,0.10422599929205902,0.14075602850109983,0.6142619437057414
META,logistic_regression,1,2021-01-28,0,0,0.8207677481916524,0.09860450420982002,0.09860450420982002,0.7221632439818324
META,logistic_regression,1,2021-01-29,1,0,0.7242280033721626,0.133939880868944,0.14183211575889346,0.5823958876132692
META,logistic_regression,1,2021-02-01,0,0,0.7760034869206385,0.09348948821503823,0.13050702486432345,0.6454964620563151
META,logistic_regression,1,2021-02-02,0,0,0.8443698823898536,0.0877350058041753,0.0877350058041753,0.7566348765856783
META,logistic_regression,1,2021-02-03,0,0,0.8282804697683046,0.10305384360687592,0.10305384360687592,0.7252266261614286
META,logistic_regression,1,2021-02-04,0,0,0.796019742268328,0.13598847643535586,0.13598847643535586,0.6600312658329721
META,logistic_regression,1,2021-02-05,0,0,0.8126016491669626,0.11596774561698496,0.11596774561698496,0.6966339035499777
META,logistic_regression,1,2021-02-08,1,0,0.8177536362570703,0.11641607015970377,0.11641607015970377,0.7013375660973665
META,logistic_regression,1,2021-02-09,0,0,0.7824305201943039,0.15484459371427245,0.15484459371427245,0.6275859264800314
META,logistic_regression,1,2021-02-10,0,0,0.7406045429038113,0.18124942631259888,0.18124942631259888,0.5593551165912124
META,logistic_regression,1,2021-02-11,-1,0,0.6728099592998408,0.19013285691856602,0.19013285691856602,0.48267710238127476
META,logistic_regression,1,2021-02-12,-1,0,0.570293875115694,0.21731954584725147,0.21731954584725147,0.3529743292684425
META,logistic_regression,1,2021-02-16,-1,0,0.5807818309015105,0.20486676353488065,0.2143514055636088,0.3664304253379017
META,logistic_regression,1,2021-02-17,-1,0,0.6275392443066558,0.17302193530049817,0.19943882039284608,0.42810042391380965
META,logistic_regression,1,2021-02-18,-1,0,0.6306801911625193,0.13861307230550385,0.2307067365319768,0.39997345463054246
META,logistic_regression,1,2021-02-19,0,0,0.6614452405288997,0.14668785166326126,0.19186690780783888,0.46957833272106086
META,logistic_regression,1,2021-02-22,0,0,0.5839166474854425,0.14897581333230955,0.26710753918224805,0.3168091083031944
META,logistic_regression,1,2021-02-23,-1,0,0.7029549693414324,0.1031222224838733,0.1939228081746943,0.5090321611667381
META,logistic_regression,1,2021-02-24,-1,0,0.7481962595200274,0.0957228248082557,0.15608091567171695,0.5921153438483104
META,logistic_regression,1,2021-02-25,0,0,0.6296312755527386,0.24240389578932356,0.24240389578932356,0.38722737976341504
META,logistic_regression,1,2021-02-26,1,0,0.5798774095242742,0.26250211948239566,0.26250211948239566,0.3173752900418786
META,logistic_regression,1,2021-03-01,-1,0,0.6027080409826547,0.29362325361160524,0.29362325361160524,0.3090847873710495
META,logistic_regression,1,2021-03-02,1,0,0.6328858793571267,0.29546341191599756,0.29546341191599756,0.33742246744112914
META,logistic_regression,1,2021-03-03,1,0,0.6191646627807533,0.2825817563416502,0.2825817563416502,0.3365829064391031
META,logistic_regression,1,2021-03-04,1,0,0.5756748270866415,0.272086719464597,0.272086719464597,0.3035881076220445
META,logistic_regression,1,2021-03-05,0,0,0.6722672318391115,0.1878447956178612,0.1878447956178612,0.48442243622125036
META,logistic_regression,1,2021-03-08,1,0,0.6949140934265768,0.21418692290366342,0.21418692290366342,0.4807271705229134
META,logistic_regression,1,2021-03-09,1,0,0.7850431961752496,0.14177527708893436,0.14177527708893436,0.6432679190863153
META,logistic_regression,1,2021-03-10,1,0,0.796585760375069,0.140274112745187,0.140274112745187,0.656311647629882
META,logistic_regression,1,2021-03-11,0,0,0.8194911644974102,0.07710704635665651,0.1034017891459333,0.7160893753514769
META,logistic_regression,1,2021-03-12,1,0,0.8306400907677913,0.0824191120936786,0.08694079713853006,0.7436992936292612
META,logistic_regression,1,2021-03-15,1,0,0.8370600391496245,0.08671209930864439,0.08671209930864439,0.75034793984098
META,logistic_regression,1,2021-03-16,1,0,0.8823316441945471,0.04814804375747539,0.06952031204797753,0.8128113321465696
META,logistic_regression,1,2021-03-17,0,0,0.8401049979731956,0.044199935032208815,0.11569506699459552,0.7244099309786001
META,logistic_regression,1,2021-03-18,0,0,0.8254006875407981,0.07373790926277025,0.10086140319643168,0.7245392843443664
META,logistic_regression,1,2021-03-19,-1,0,0.8272702683679088,0.07376260646700851,0.09896712516508271,0.7283031432028262
META,logistic_regression,1,2021-03-22,0,0,0.8329336043807215,0.06211377288067548,0.10495262273860313,0.7279809816421183
META,logistic_regression,1,2021-03-23,0,0,0.843427648959971,0.07971527177869035,0.07971527177869035,0.7637123771812807
META,logistic_regression,1,2021-03-24,1,0,0.8262560178749457,0.09838460671440523,0.09838460671440523,0.7278714111605405
META,logistic_regression,1,2021-03-25,1,0,0.6940300976873698,0.20820948982548665,0.20820948982548665,0.48582060786188314
META,logistic_regression,1,2021-03-26,1,0,0.7587444204474576,0.13666966115826634,0.13666966115826634,0.6220747592891913
META,logistic_regression,1,2021-03-29,1,0,0.8724150133163057,0.06972577191630205,0.06972577191630205,0.8026892414000036
META,logistic_regression,1,2021-03-30,1,0,0.7973299019874961,0.14408475254904288,0.14408475254904288,0.6532451494384532
META,logistic_regression,1,2021-03-31,1,0,0.7463923769354313,0.19103048473911816,0.19103048473911816,0.555361892196313
META,logistic_regression,1,2021-04-01,1,0,0.7420179003635295,0.19232008252875762,0.19232008252875762,0.5496978178347719
META,logistic_regression,1,2021-04-05,0,0,0.8567538995396278,0.09165970573850206,0.09165970573850206,0.7650941938011258
META,logistic_regression,1,2021-04-06,0,0,0.7919957573205129,0.17027879576482802,0.17027879576482802,0.6217169615556848
META,logistic_regression,1,2021-04-07,-1,0,0.83176530617197,0.10314094351447274,0.10314094351447274,0.7286243626574972
META,logistic_regression,1,2021-04-08,0,0,0.8238494765773527,0.10106196438559958,0.10106196438559958,0.7227875121917532
META,logistic_regression,1,2021-04-09,-1,0,0.8038522566753799,0.08003771779210907,0.11611002553251096,0.6877422311428689
META,logistic_regression,1,2021-04-12,-1,0,0.7940290183947174,0.10497545845119766,0.10497545845119766,0.6890535599435197
META,logistic_regression,1,2021-04-13,-1,0,0.7898516239659679,0.11714759249396156,0.11714759249396156,0.6727040314720063
META,logistic_regression,1,2021-04-14,0,0,0.7589871049665263,0.11818414194854246,0.12282875308493124,0.6361583518815951
META,logistic_regression,1,2021-04-15,-1,0,0.8293037251222249,0.09052081322215999,0.09052081322215999,0.738782911900065
META,logistic_regression,1,2021-04-16,0,0,0.7687302224164142,0.14970846974046725,0.14970846974046725,0.619021752675947
META,logistic_regression,1,2021-04-19,0,0,0.7742850858495983,0.14566564932059312,0.14566564932059312,0.6286194365290052
META,logistic_regression,1,2021-04-20,0,0,0.7771079679905276,0.12971371256808537,0.12971371256808537,0.6473942554224422
META,logistic_regression,2,2021-04-21,0,1,0.3686424808626094,0.3686424808626094,0.316571875171915,0.05207060569069444
META,logistic_regression,2,2021-04-22,1,1,0.4815739818207971,0.4815739818207971,0.28493040894023963,0.19664357288055745
META,logistic_regression,2,2021-04-23,1,1,0.4631629652998715,0.4631629652998715,0.3123651489527676,0.15079781634710387
META,logistic_regression,2,2021-04-26,1,1,0.3874899711961117,0.3874899711961117,0.3150168055703145,0.07247316562579725
META,logistic_regression,2,2021-04-27,1,1,0.3466907057525674,0.3466907057525674,0.33689764528120364,0.009793060471363746
META,logistic_regression,2,2021-04-28,1,-1,0.40893010709930655,0.3547789628034898,0.3547789628034898,0.054151144295816744
META,logistic_regression,2,2021-04-29,-1,0,0.3973870882957244,0.36650145210203067,0.36650145210203067,0.030885636193693722
META,logistic_regression,2,2021-04-30,0,0,0.5236664433892831,0.22954075275781133,0.24679280385290545,0.27687363953637767
META,logistic_regression,2,2021-05-03,-1,0,0.5430217734512233,0.20398493271388649,0.2529932938348903,0.290028479616333
META,logistic_regression,2,2021-05-04,-1,0,0.4531851095515085,0.23638782872031805,0.3104270617281734,0.14275804782333507
META,logistic_regression,2,2021-05-05,-1,0,0.4953394190082894,0.24009029041534508,0.2645702905763654,0.23076912843192404
META,logistic_regression,2,2021-05-06,-1,-1,0.38743292980597105,0.2523095118420444,0.36025755835198453,0.02717537145398652
META,logistic_regression,2,2021-05-07,0,0,0.4278366272606724,0.2701225131513299,0.3020408595879977,0.1257957676726747
META,logistic_regression,2,2021-05-10,1,0,0.34974274485044377,0.3431192373484343,0.3431192373484343,0.0066235075020094625
META,logistic_regression,2,2021-05-11,0,-1,0.35388677810254293,0.2947781597108757,0.3513350621865814,0.002551715915961539
META,logistic_regression,2,2021-05-12,1,1,0.38573599340406306,0.38573599340406306,0.36692301765765173,0.01881297574641133
META,logistic_regression,2,2021-05-13,1,1,0.38935967347003314,0.38935967347003314,0.36181348453975604,0.027546188930277105
META,logistic_regression,2,2021-05-14,0,-1,0.3907797022580475,0.3337185483457246,0.3337185483457246,0.05706115391232286
META,logistic_regression,2,2021-05-17,1,-1,0.349356614209446,0.304308768532257,0.34633461725829695,0.003021996951149075
META,logistic_regression,2,2021-05-18,1,1,0.37022642682759316,0.37022642682759316,0.3229484477824813,0.047277979045111884
META,logistic_regression,2,2021-05-19,1,-1,0.4573827684450324,0.25945809467206227,0.2831591368829052,0.17422363156212717
META,logistic_regression,2,2021-05-20,1,-1,0.3613918760247858,0.3451814402813828,0.3451814402813828,0.016210435743402973
META,logistic_regression,2,2021-05-21,1,1,0.36991349796822426,0.36991349796822426,0.3248711752944357,0.04504232267378855
META,logistic_regression,2,2021-05-24,0,-1,0.4727943251282933,0.24969174080175496,0.27751393406995173,0.19528039105834155
META,logistic_regression,2,2021-05-25,0,-1,0.41438177926086933,0.24627929228528586,0.33933892845384483,0.0750428508070245
META,logistic_regression,2,2021-05-26,0,-1,0.3985441501784903,0.22321883031104406,0.3782370195104656,0.020307130668024698
META,logistic_regression,2,2021-05-27,0,-1,0.49701225248467074,0.16297649145871682,0.34001125605661237,0.15700099642805837
META,logistic_regression,2,2021-05-28,1,0,0.4673005572618108,0.19358875668447806,0.3391106860537111,0.12818987120809971
META,logistic_regression,2,2021-06-01,0,0,0.4039317405013377,0.23285452286892697,0.3632137366297353,0.040718003871602404
META,logistic_regression,2,2021-06-02,0,-1,0.40576422993604244,0.24490326820208067,0.3493325018618768,0.05643172807416563
META,logistic_regression,2,2021-06-03,0,-1,0.4187543666446779,0.2673702766882503,0.31387535666707184,0.10487900997760607
META,logistic_regression,2,2021-06-04,0,-1,0.4168157035977442,0.24239885092738161,0.340785445474874,0.07603025812287023
META,logistic_regression,2,2021-06-07,0,-1,0.45574951755329846,0.20097027834868622,0.3432802040980153,0.11246931345528316
META,logistic_regression,2,2021-06-08,0,-1,0.34891119756643324,0.31314679970795983,0.3379420027256068,0.010969194840826424
META,logistic_regression,2,2021-06-09,0,1,0.3789141390739617,0.3789141390739617,0.3302147786670206,0.04869936040694112
META,logistic_regression,2,2021-06-10,0,1,0.4104702451053791,0.4104702451053791,0.3306124820617079,0.0798577630436712
META,logistic_regression,2,2021-06-11,0,1,0.4118387815966247,0.4118387815966247,0.32714045493490923,0.08469832666171545
META,logistic_regression,2,2021-06-14,0,-1,0.3742038394463935,0.29908997229618467,0.3267061882574217,0.04749765118897181
META,logistic_regression,2,2021-06-15,0,-1,0.37486312229225266,0.3255654742339693,0.3255654742339693,0.04929764805828335
META,logistic_regression,2,2021-06-16,1,1,0.39652040208995176,0.39652040208995176,0.3369059681814699,0.05961443390848187
META,logistic_regression,2,2021-06-17,0,-1,0.3994280546340134,0.3373493523820802,0.3373493523820802,0.06207870225193318
META,logistic_regression,2,2021-06-18,1,-1,0.38792547506127834,0.3740808951200242,0.3740808951200242,0.013844579941254154
META,logistic_regression,2,2021-06-21,1,1,0.3937958849837516,0.3937958849837516,0.35426395104990077,0.03953193393385085
META,logistic_regression,2,2021-06-22,1,-1,0.43079349716861204,0.298040878110967,0.298040878110967,0.13275261905764502
META,logistic_regression,2,2021-06-23,1,-1,0.381193983616208,0.2741768221180112,0.3446291942657807,0.036564789350427285
META,logistic_regression,2,2021-06-24,1,-1,0.36753745506327423,0.28556051217524264,0.3469020327614831,0.020635422301791106
META,logistic_regression,2,2021-06-25,1,0,0.37326361608145625,0.25400971425945756,0.37272666965908624,0.0005369464223700104
META,logistic_regression,2,2021-06-28,0,-1,0.3934319344279962,0.22815164865028073,0.3784164169217232,0.015015517506273002
META,logistic_regression,2,2021-06-29,0,0,0.42967528503348895,0.28688299831565706,0.28688299831565706,0.1427922867178319
META,logistic_regression,2,2021-06-30,0,0,0.3927918038955423,0.29835103279480707,0.3088571633096505,0.08393464058589178
META,logistic_regression,2,2021-07-01,0,-1,0.3598706735688095,0.28955109421483705,0.3505782322163535,0.009292441352455993
META,logistic_regression,2,2021-07-02,0,0,0.42511105676836686,0.24581795294950262,0.3290709902821306,0.09604006648623625
META,logistic_regression,2,2021-07-06,0,0,0.3850857854136944,0.28918185388795054,0.32573236069835515,0.059353424715339276
META,logistic_regression,2,2021-07-07,0,0,0.36017396325343454,0.32710531279180666,0.32710531279180666,0.03306865046162788
META,logistic_regression,2,2021-07-08,0,-1,0.3439906300706434,0.32890857213569,0.32890857213569,0.015082057934953375
META,logistic_regression,2,2021-07-09,-1,-1,0.3477480730739312,0.323574226552719,0.32867770037334976,0.01907037270058143
META,logistic_regression,2,2021-07-12,-1,0,0.3597288235908146,0.31563234096292664,0.3246388354462588,0.03508998814455577
META,logistic_regression,2,2021-07-13,-1,0,0.3660445539941787,0.29543915844254753,0.3385162875632738,0.02752826643090489
META,logistic_regression,2,2021-07-14,0,1,0.3465967103738161,0.3465967103738161,0.3412198349228232,0.005376875450992913
META,logistic_regression,2,2021-07-15,0,1,0.36129824750146944,0.36129824750146944,0.3574364055167423,0.0038618419847271657
META,logistic_regression,2,2021-07-16,1,1,0.37400169325618043,0.37400169325618043,0.36494014159906446,0.009061551657115974
META,logistic_regression,2,2021-07-19,1,1,0.43964173906696324,0.43964173906696324,0.4050621993824218,0.03457953968454147
META,logistic_regression,2,2021-07-20,1,-1,0.4124999608084554,0.3831053848781688,0.3831053848781688,0.029394575930286604
META,logistic_regression,2,2021-07-21,1,-1,0.42122795059846385,0.3134764716647478,0.3134764716647478,0.10775147893371606
META,logistic_regression,2,2021-07-22,1,-1,0.43443432005170857,0.2848823482006322,0.2848823482006322,0.14955197185107638
META,logistic_regression,2,2021-07-23,-1,-1,0.42000396355098385,0.28052067334135006,0.2994753631076661,0.12052860044331776
META,logistic_regression,2,2021-07-26,-1,0,0.5198014831942184,0.21601346172156108,0.26418505508422047,0.2556164281099979
META,logistic_regression,2,2021-07-27,-1,0,0.5126279467223536,0.22237629821464658,0.26499575506299977,0.2476321916593538
META,logistic_regression,2,2021-07-28,-1,0,0.4016932745388636,0.26074910518990496,0.33755762027123154,0.06413565426763207
META,logistic_regression,2,2021-07-29,0,0,0.3692297275566208,0.2871436693942564,0.34362660304912274,0.025603124507498076
META,logistic_regression,2,2021-07-30,1,0,0.3637812516379215,0.3077927426149023,0.3284260057471761,0.0353552458907454
META,logistic_regression,2,2021-08-02,1,-1,0.3551112545948396,0.3549823309419673,0.3549823309419673,0.00012892365287231478
META,logistic_regression,2,2021-08-03,1,1,0.3654044529758669,0.3654044529758669,0.35751309019845773,0.00789136277740915
META,logistic_regression,2,2021-08-04,0,-1,0.38751234482196717,0.3432426683262705,0.3432426683262705,0.044269676495696686
META,logistic_regression,2,2021-08-05,0,1,0.34457063904975727,0.34457063904975727,0.3304453667284325,0.014125272321324767
META,logistic_regression,2,2021-08-06,0,0,0.3555173061174825,0.3145252688182257,0.3299574250642917,0.02555988105319079
META,logistic_regression,2,2021-08-09,0,0,0.38603542297919724,0.30950325485891156,0.30950325485891156,0.07653216812028568
META,logistic_regression,2,2021-08-10,0,0,0.3718541983354545,0.30945324057194135,0.318692561092604,0.0531616372428505
META,logistic_regression,2,2021-08-11,0,1,0.3672792783807828,0.3672792783807828,0.3191864950359262,0.04809278334485656
META,logistic_regression,2,2021-08-12,-1,-1,0.41154182011583557,0.2903042277036834,0.2981539521804811,0.11338786793535449
META,logistic_regression,2,2021-08-13,0,-1,0.3954084186920501,0.3358995398964649,0.3358995398964649,0.059508878795585196
META,logistic_regression,2,2021-08-16,0,-1,0.42879357938911655,0.33646605720524514,0.33646605720524514,0.09232752218387141
META,logistic_regression,2,2021-08-17,0,-1,0.41249377498074685,0.339526097917723,0.339526097917723,0.07296767706302387
META,logistic_regression,2,2021-08-18,1,-1,0.4279855404276015,0.3346836377842591,0.3346836377842591,0.09330190264334243
META,logistic_regression,2,2021-08-19,1,-1,0.4938424159229866,0.30615351066964475,0.30615351066964475,0.18768890525334186
META,logistic_regression,2,2021-08-20,1,-1,0.4462512625047491,0.23926577875377242,0.3144829587414784,0.1317683037632707
META,logistic_regression,2,2021-08-23,1,-1,0.4575713619154657,0.23000728918969734,0.31242134889483686,0.14515001302062885
META,logistic_regression,2,2021-08-24,1,0,0.3879384471700409,0.22441791387334642,0.38764363895661286,0.00029480821342803276
META,logistic_regression,2,2021-08-25,1,0,0.41913737263270456,0.19808175638426626,0.38278087098302926,0.0363565016496753
META,logistic_regression,2,2021-08-26,1,0,0.38136670938794026,0.26044630850394634,0.35818698210811345,0.02317972727982681
META,logistic_regression,2,2021-08-27,0,-1,0.39194889114211134,0.2562339890998778,0.3518171197580109,0.040131771384100456
META,logistic_regression,2,2021-08-30,0,0,0.3935918828215116,0.262105193687661,0.3443029234908273,0.04928895933068428
META,logistic_regression,2,2021-08-31,0,0,0.3888824475520785,0.25724054371832966,0.35387700872959177,0.035005438822486745
META,logistic_regression,2,2021-09-01,0,0,0.3995129594522242,0.22876843106264882,0.37171860948512697,0.02779434996709723
META,logistic_regression,2,2021-09-02,0,-1,0.37804417062367557,0.24684133107786618,0.3751144982984582,0.0029296723252173473
META,logistic_regression,2,2021-09-03,0,0,0.4165693055138703,0.2442669651543592,0.33916372933177047,0.07740557618209981
META,logistic_regression,2,2021-09-07,0,-1,0.39784912739426365,0.26591810474072447,0.33623276786501194,0.06161635952925171
META,logistic_regression,2,2021-09-08,0,-1,0.36141416517335256,0.3071028798067647,0.33148295501988284,0.029931210153469723
META,logistic_regression,2,2021-09-09,0,-1,0.3575111175582835,0.3231504852550976,0.3231504852550976,0.03436063230318592
META,logistic_regression,2,2021-09-10,-1,-1,0.3947838410756552,0.3047922276045721,0.3047922276045721,0.08999161347108309
META,logistic_regression,2,2021-09-13,-1,-1,0.3790575086023447,0.32639822319407735,0.32639822319407735,0.052659285408267364
META,logistic_regression,2,2021-09-14,-1,-1,0.37809715283930306,0.31466331057780145,0.31466331057780145,0.06343384226150162
META,logistic_regression,2,2021-09-15,-1,-1,0.44820483557299806,0.3609185245351159,0.3609185245351159,0.08728631103788215
META,logistic_regression,2,2021-09-16,-1,1,0.38487777922326266,0.38487777922326266,0.3723445670771153,0.012533212146147388
META,logistic_regression,2,2021-09-17,-1,-1,0.46309418722678813,0.4135073595308135,0.4135073595308135,0.04958682769597461
META,logistic_regression,2,2021-09-20,0,-1,0.45585704476004735,0.3911148329911837,0.3911148329911837,0.06474221176886363
META,logistic_regression,2,2021-09-21,-1,-1,0.46897503429759035,0.39443559757614005,0.39443559757614005,0.0745394367214503
META,logistic_regression,2,2021-09-22,0,-1,0.5902752185577546,0.3610413439185658,0.3610413439185658,0.22923387463918876
META,logistic_regression,2,2021-09-23,0,-1,0.4408369305192702,0.40858981412911055,0.40858981412911055,0.03224711639015965
META,logistic_regression,2,2021-09-24,-1,-1,0.4704656094720212,0.34958020704349163,0.34958020704349163,0.12088540242852958
META,logistic_regression,2,2021-09-27,-1,-1,0.4585778598827505,0.31384812614066937,0.31384812614066937,0.14472973374208115
META,logistic_regression,2,2021-09-28,-1,-1,0.44844187949184916,0.37362731225720075,0.37362731225720075,0.07481456723464841
META,logistic_regression,2,2021-09-29,0,-1,0.43028612888315,0.3716617361662758,0.3716617361662758,0.058624392716874196
META,logistic_regression,2,2021-09-30,-1,-1,0.4745297215314901,0.35796877991472703,0.35796877991472703,0.11656094161676306
META,logistic_regression,2,2021-10-01,-1,-1,0.4898410400785935,0.34261169530666474,0.34261169530666474,0.14722934477192878
META,logistic_regression,2,2021-10-04,0,-1,0.5264605502186879,0.38000382242629177,0.38000382242629177,0.1464567277923961
META,logistic_regression,2,2021-10-05,-1,-1,0.4560446537076671,0.34335379922855114,0.34335379922855114,0.11269085447911598
META,logistic_regression,2,2021-10-06,-1,-1,0.5406508023853327,0.2662202201927167,0.2662202201927167,0.274430582192616
META,logistic_regression,2,2021-10-07,0,-1,0.43224928733352225,0.3636313392609255,0.3636313392609255,0.06861794807259675
META,logistic_regression,2,2021-10-08,0,-1,0.41887680677304445,0.3667672787293021,0.3667672787293021,0.05210952804374236
META,logistic_regression,2,2021-10-11,1,-1,0.44132873396826255,0.3278222615387976,0.3278222615387976,0.11350647242946493
META,logistic_regression,2,2021-10-12,1,-1,0.5697484681683193,0.29986156378979817,0.29986156378979817,0.2698869043785211
META,logistic_regression,2,2021-10-13,1,-1,0.47765668247118553,0.3124616479868103,0.3124616479868103,0.16519503448437522
META,logistic_regression,2,2021-10-14,1,-1,0.4751187644206889,0.2938049733853219,0.2938049733853219,0.181313791035367
META,logistic_regression,2,2021-10-15,0,-1,0.4376883594348467,0.3462595661604,0.3462595661604,0.0914287932744467
META,logistic_regression,2,2021-10-18,0,-1,0.4609854924054875,0.2720252777206624,0.2720252777206624,0.1889602146848251
META,logistic_regression,2,2021-10-19,-1,-1,0.38982934436117417,0.2785752756544019,0.33159537998442407,0.0582339643767501
META,logistic_regression,2,2021-10-20,-1,0,0.3522332911351482,0.3005563055556997,0.3472104033091522,0.00502288782599597
META,logistic_regression,2,2021-10-21,-1,-1,0.43285034824230384,0.2395468211406552,0.327602830617041,0.10524751762526285
META,logistic_regression,2,2021-10-22,0,-1,0.44744253047025784,0.2744590673242544,0.27809840220548787,0.16934412826476997
META,logistic_regression,2,2021-10-25,0,-1,0.4016745341238776,0.2736946863727614,0.324630779503361,0.0770437546205166
META,logistic_regression,2,2021-10-26,1,1,0.5017540490125854,0.5017540490125854,0.27029470699942965,0.2314593420131557
META,logistic_regression,2,2021-10-27,1,1,0.5032525156919259,0.5032525156919259,0.2576829198768058,0.24556959581512006
META,logistic_regression,2,2021-10-28,1,1,0.5171281419722557,0.5171281419722557,0.30689460324434037,0.21023353872791528
META,logistic_regression,2,2021-10-29,1,1,0.41686742490763706,0.41686742490763706,0.3021121152379269,0.11475530966971015
META,logistic_regression,2,2021-11-01,1,1,0.5161914295230812,0.5161914295230812,0.24354169922728064,0.27264973029580053
META,logistic_regression,2,2021-11-02,1,1,0.437107738056166,0.437107738056166,0.3401119372874239,0.09699580076874209
META,logistic_regression,2,2021-11-03,0,0,0.40683707400662733,0.36552518068521644,0.36552518068521644,0.041311893321410886
META,logistic_regression,2,2021-11-04,-1,1,0.3999993755597319,0.3999993755597319,0.37853538606521664,0.02146398949451528
META,logistic_regression,2,2021-11-05,0,0,0.36729491987952045,0.34028752131418355,0.34028752131418355,0.027007398565336904
META,logistic_regression,2,2021-11-08,1,1,0.4116843778541956,0.4116843778541956,0.36110332977707255,0.05058104807712305
META,logistic_regression,2,2021-11-09,1,1,0.369498164520511,0.369498164520511,0.32471673354584357,0.04478143097466741
META,logistic_regression,2,2021-11-10,1,1,0.38948301478763114,0.38948301478763114,0.3647868544899501,0.02469616029768107
META,logistic_regression,2,2021-11-11,1,1,0.36858989174913426,0.36858989174913426,0.35125592669278216,0.017333965056352096
META,logistic_regression,2,2021-11-12,0,-1,0.4383395698050878,0.33918832887336275,0.33918832887336275,0.09915124093172506
META,logistic_regression,2,2021-11-15,0,0,0.37890492607526755,0.2943825946580511,0.32671247926668134,0.0521924468085862
META,logistic_regression,2,2021-11-16,0,0,0.4178485495178035,0.2559598040700745,0.32619164641212206,0.09165690310568142
META,logistic_regression,2,2021-11-17,0,0,0.45750522338573596,0.2577324176551571,0.28476235895910695,0.172742864426629
META,logistic_regression,2,2021-11-18,0,0,0.41631519876816675,0.2678894674852392,0.31579533374659424,0.10051986502157251
META,logistic_regression,2,2021-11-19,-1,1,0.36878431431147907,0.36878431431147907,0.32624278702168114,0.04254152728979793
META,logistic_regression,2,2021-11-22,-1,1,0.3917982044424374,0.3917982044424374,0.33206303408877713,0.05973517035366027
META,logistic_regression,2,2021-11-23,-1,1,0.40755565997045795,0.40755565997045795,0.3128461986122615,0.09470946135819647
META,logistic_regression,2,2021-11-24,-1,-1,0.38624182382056943,0.36462658353939303,0.36462658353939303,0.021615240281176396
META,logistic_regression,2,2021-11-26,-1,-1,0.39040308772839255,0.38693196497355314,0.38693196497355314,0.0034711227548394064
META,logistic_regression,2,2021-11-29,-1,1,0.4059644358177448,0.4059644358177448,0.3951592516091729,0.01080518420857185
META,logistic_regression,2,2021-11-30,0,1,0.45227607208746856,0.45227607208746856,0.3433913377045172,0.10888473438295138
META,logistic_regression,2,2021-12-01,1,1,0.5693940303558083,0.5693940303558083,0.24871571447508328,0.320678315880725
META,logistic_regression,2,2021-12-02,1,1,0.4766796268768879,0.4766796268768879,0.37541033663493895,0.10126929024194897
META,logistic_regression,2,2021-12-03,1,1,0.46472855571360316,0.46472855571360316,0.35852907759990343,0.10619947811369973
META,logistic_regression,2,2021-12-06,1,-1,0.4150726989233373,0.3732886522637802,0.3732886522637802,0.041784046659557095
META,logistic_regression,2,2021-12-07,1,-1,0.3852575425372082,0.3660793457846475,0.3660793457846475,0.01917819675256066
META,logistic_regression,2,2021-12-08,1,-1,0.3616817767101122,0.2840205832121118,0.3542976400777759,0.00738413663233628
META,logistic_regression,2,2021-12-09,0,0,0.3471932805722993,0.3367495524244296,0.3367495524244296,0.010443728147869702
META,logistic_regression,2,2021-12-10,0,0,0.36179951613552286,0.326346969145928,0.326346969145928,0.03545254698959488
META,logistic_regression,2,2021-12-13,-1,0,0.3584166116165651,0.28501247317773376,0.3565709152057011,0.0018456964108639617
META,logistic_regression,2,2021-12-14,0,-1,0.4356502386699459,0.20751068546163592,0.3568390758684183,0.07881116280152761
META,logistic_regression,2,2021-12-15,-1,-1,0.565086637581281,0.15355552533253142,0.2813578370861875,0.28372880049509347
META,logistic_regression,2,2021-12-16,0,-1,0.4750726491525877,0.21996494370716277,0.3049624071402494,0.17011024201233826
META,logistic_regression,2,2021-12-17,1,-1,0.5801512062017351,0.21940395132756788,0.21940395132756788,0.36074725487416726
META,logistic_regression,2,2021-12-20,1,-1,0.46801846487333393,0.27106628606247796,0.27106628606247796,0.19695217881085597
META,logistic_regression,2,2021-12-21,1,-1,0.4898251137675528,0.2618624995040792,0.2618624995040792,0.22796261426347358
META,logistic_regression,2,2021-12-22,1,-1,0.42083074991374314,0.35115312787043196,0.35115312787043196,0.06967762204331118
META,logistic_regression,2,2021-12-23,0,-1,0.41796418019992265,0.27192353804426334,0.310112281755814,0.10785189844410864
META,logistic_regression,2,2021-12-27,-1,-1,0.3945486342273919,0.32253508355119165,0.32253508355119165,0.07201355067620024
META,logistic_regression,2,2021-12-28,-1,0,0.419504780503814,0.2702918729085692,0.3102033465876168,0.10930143391619723
META,logistic_regression,2,2021-12-29,-1,1,0.40776615038717795,0.40776615038717795,0.32793978098989235,0.0798263693972856
META,logistic_regression,2,2021-12-30,-1,1,0.5098786947471903,0.5098786947471903,0.2505035605021675,0.2593751342450228
META,logistic_regression,2,2021-12-31,0,1,0.5130446937711742,0.5130446937711742,0.2803942737997251,0.23265041997144914
META,logistic_regression,2,2022-01-03,-1,1,0.5709621783086363,0.5709621783086363,0.2734011568583325,0.2975610214503038
META,logistic_regression,2,2022-01-04,0,1,0.4506434613619051,0.4506434613619051,0.3478353774317066,0.10280808393019847
META,logistic_regression,2,2022-01-05,1,1,0.4698797638220129,0.4698797638220129,0.3350469622537839,0.13483280156822902
META,logistic_regression,2,2022-01-06,0,-1,0.4618399472422393,0.351350535774659,0.351350535774659,0.11048941146758029
META,logistic_regression,2,2022-01-07,0,1,0.4175397094511471,0.4175397094511471,0.3612196016859599,0.0563201077651872
META,logistic_regression,2,2022-01-10,-1,-1,0.44656898184690547,0.3958449489826692,0.3958449489826692,0.05072403286423627
META,logistic_regression,2,2022-01-11,-1,-1,0.3975264477353536,0.382641724865247,0.382641724865247,0.014884722870106615
META,logistic_regression,2,2022-01-12,-1,1,0.40849891760318896,0.40849891760318896,0.34554768372138234,0.06295123388180662
META,logistic_regression,2,2022-01-13,-1,1,0.42637606945989837,0.42637606945989837,0.3313216786092679,0.09505439085063044
META,logistic_regression,2,2022-01-14,-1,-1,0.47089220308735946,0.3323693066168864,0.3323693066168864,0.13852289647047306
META,logistic_regression,2,2022-01-18,-1,1,0.48719287265594186,0.48719287265594186,0.3562987212288708,0.13089415142707106
META,logistic_regression,2,2022-01-19,-1,1,0.5742151251129981,0.5742151251129981,0.3099262862290937,0.2642888388839044
META,logistic_regression,2,2022-01-20,-1,1,0.47042772553859646,0.47042772553859646,0.4060386562028848,0.06438906933571165
META,logistic_regression,2,2022-01-21,0,1,0.5244064457820881,0.5244064457820881,0.3828315765898419,0.14157486919224616
META,logistic_regression,2,2022-01-24,0,-1,0.5487623542691977,0.36080121205397686,0.36080121205397686,0.18796114221522087
META,logistic_regression,2,2022-01-25,1,-1,0.5192904505683329,0.3512079011324438,0.3512079011324438,0.16808254943588907
META,logistic_regression,2,2022-01-26,1,1,0.5074321489138538,0.5074321489138538,0.38223777993624747,0.12519436897760633
META,logistic_regression,2,2022-01-27,-1,-1,0.461345802191097,0.4431231228719876,0.4431231228719876,0.018222679319109425
META,logistic_regression,2,2022-01-28,-1,-1,0.5483569373009352,0.3217126462996926,0.3217126462996926,0.22664429100124256
META,logistic_regression,2,2022-01-31,-1,-1,0.5049972322511742,0.30717053540015266,0.30717053540015266,0.19782669685102156
META,logistic_regression,2,2022-02-01,-1,-1,0.5043855171874196,0.24331715772156023,0.25229732509102004,0.2520881920963996
META,logistic_regression,2,2022-02-02,-1,-1,0.5241870466004817,0.29161344050970633,0.29161344050970633,0.23257360609077532
META,logistic_regression,2,2022-02-03,-1,1,0.7219891454291472,0.7219891454291472,0.18563867210957435,0.5363504733195728
META,logistic_regression,2,2022-02-04,-1,1,0.8390045755214163,0.8390045755214163,0.1344264616585012,0.704578113862915
META,logistic_regression,2,2022-02-07,-1,1,0.9121748684542933,0.9121748684542933,0.07275941623201218,0.8394154522222811
META,logistic_regression,2,2022-02-08,0,1,0.9143745982640354,0.9143745982640354,0.06431063842151567,0.8500639598425198
META,logistic_regression,2,2022-02-09,-1,1,0.8860011492756631,0.8860011492756631,0.06940494832825687,0.8165962009474063
META,logistic_regression,2,2022-02-10,-1,1,0.6477090940456568,0.6477090940456568,0.3004688851940173,0.3472402088516395
META,logistic_regression,2,2022-02-11,-1,1,0.7750901389479447,0.7750901389479447,0.1962542127132261,0.5788359262347186
META,logistic_regression,2,2022-02-14,-1,1,0.7363068538437866,0.7363068538437866,0.2257797775237084,0.5105270763200782
META,logistic_regression,2,2022-02-15,-1,1,0.7660605942828607,0.7660605942828607,0.20292773069470713,0.5631328635881535
META,logistic_regression,2,2022-02-16,-1,1,0.7578646768721263,0.7578646768721263,0.2090048516829666,0.5488598251891598
META,logistic_regression,2,2022-02-17,0,1,0.5054268521830595,0.5054268521830595,0.27821836325047106,0.22720848893258844
META,logistic_regression,2,2022-02-18,1,1,0.5906646181522671,0.5906646181522671,0.26153992076031823,0.3291246973919489
META,logistic_regression,2,2022-02-22,0,1,0.44062182753722684,0.44062182753722684,0.3931024571722005,0.04751937036502635
META,logistic_regression,2,2022-02-23,1,1,0.571375394108275,0.571375394108275,0.302339678791624,0.269035715316651
META,logistic_regression,2,2022-02-24,-1,-1,0.5442691355498912,0.30152312820180216,0.30152312820180216,0.24274600734808904
META,logistic_regression,2,2022-02-25,-1,-1,0.41312405721118317,0.36700892487631437,0.36700892487631437,0.0461151323348688
META,logistic_regression,2,2022-02-28,-1,-1,0.45453404719322377,0.2511044816317274,0.294361471175049,0.16017257601817475
META,logistic_regression,2,2022-03-01,-1,0,0.42481377401268805,0.24301205692976183,0.33217416905755004,0.09263960495513801
META,logistic_regression,2,2022-03-02,-1,0,0.45640019008020977,0.18135695177574446,0.36224285814404583,0.09415733193616393
META,logistic_regression,2,2022-03-03,-1,0,0.5267358807685241,0.20084076543378493,0.27242335379769095,0.2543125269708331
META,logistic_regression,2,2022-03-04,-1,1,0.4790076288603547,0.4790076288603547,0.3260806203432302,0.15292700851712449
META,logistic_regression,2,2022-03-07,0,1,0.6166668315886925,0.6166668315886925,0.19487761271207277,0.42178921887661974
META,logistic_regression,2,2022-03-08,0,1,0.5431144846613641,0.5431144846613641,0.3070377668478972,0.23607671781346695
META,logistic_regression,2,2022-03-09,1,1,0.539809558764697,0.539809558764697,0.33819084464703286,0.2016187141176642
META,logistic_regression,2,2022-03-10,1,1,0.4078004425497718,0.4078004425497718,0.341355066286335,0.06644537626343683
META,logistic_regression,2,2022-03-11,1,1,0.553369453375213,0.553369453375213,0.24922713004446193,0.3041423233307511
META,logistic_regression,2,2022-03-14,1,1,0.5565060535838517,0.5565060535838517,0.23491676037582854,0.3215892932080232
META,logistic_regression,2,2022-03-15,1,1,0.5372346384834847,0.5372346384834847,0.26195919544954127,0.27527544303394347
META,logistic_regression,2,2022-03-16,1,1,0.40473875564351236,0.40473875564351236,0.3032984694087138,0.10144028623479856
META,logistic_regression,2,2022-03-17,1,0,0.40750104947840043,0.3035477430348257,0.3035477430348257,0.10395330644357476
META,logistic_regression,2,2022-03-18,1,0,0.3989678252977126,0.28450353387689664,0.3165286408253908,0.08243918447232179
META,logistic_regression,2,2022-03-21,1,0,0.4780342202535843,0.25925326472359067,0.26271251502282505,0.21532170523075922
META,logistic_regression,2,2022-03-22,1,0,0.41618315317312093,0.2987802579077386,0.2987802579077386,0.11740289526538233
META,logistic_regression,2,2022-03-23,1,1,0.485375911263879,0.485375911263879,0.3187580875275943,0.1666178237362847
META,logistic_regression,2,2022-03-24,0,1,0.3773234686230492,0.3773234686230492,0.3430519374666042,0.034271531156445045
META,logistic_regression,2,2022-03-25,0,-1,0.3905060632002874,0.263596160496143,0.3458977763035695,0.04460828689671792
META,logistic_regression,2,2022-03-28,1,0,0.44551834940164714,0.21312342926741165,0.34135822133094124,0.1041601280707059
META,logistic_regression,2,2022-03-29,0,0,0.3533076432423256,0.2984529141252986,0.34823944263237594,0.005068200609949669
META,logistic_regression,2,2022-03-30,0,0,0.49846130199350275,0.24716924752852817,0.25436945047796916,0.2440918515155336
META,logistic_regression,2,2022-03-31,0,1,0.4086719907531961,0.4086719907531961,0.38793328114027514,0.020738709612920958
META,logistic_regression,2,2022-04-01,0,1,0.47377106406476666,0.47377106406476666,0.3063907603136357,0.16738030375113094
META,logistic_regression,2,2022-04-04,-1,1,0.5503156123263939,0.5503156123263939,0.2706326310055163,0.2796829813208776
META,logistic_regression,2,2022-04-05,-1,1,0.652429797915776,0.652429797915776,0.17760294215526762,0.4748268557605084
META,logistic_regression,2,2022-04-06,-1,1,0.5405220366265525,0.5405220366265525,0.23478100144104855,0.305741035185504
META,logistic_regression,2,2022-04-07,-1,1,0.601991903101671,0.601991903101671,0.2038838754706929,0.3981080276309782
META,logistic_regression,2,2022-04-08,-1,1,0.7066403363169037,0.7066403363169037,0.17175491765724732,0.5348854186596563
META,logistic_regression,2,2022-04-11,0,1,0.7818547407232174,0.7818547407232174,0.14448129214553954,0.6373734485776779
META,logistic_regression,2,2022-04-12,-1,1,0.7692997933284177,0.7692997933284177,0.14861776007605632,0.6206820332523614
META,logistic_regression,2,2022-04-13,-1,1,0.531685886466663,0.531685886466663,0.31811627860997055,0.2135696078566925
META,logistic_regression,2,2022-04-14,-1,1,0.5282140338971717,0.5282140338971717,0.30407122598482766,0.22414280791234403
META,logistic_regression,2,2022-04-18,-1,1,0.4208509890174766,0.4208509890174766,0.3870822193609736,0.033768769656502995
META,logistic_regression,2,2022-04-19,-1,-1,0.424804508995851,0.36387156233480933,0.36387156233480933,0.060932946661041654
META,logistic_regression,2,2022-04-20,-1,1,0.5084286487786459,0.5084286487786459,0.2541371480092687,0.25429150076937723
META,logistic_regression,2,2022-04-21,1,1,0.6260639360371754,0.6260639360371754,0.23313083415526847,0.3929331018819069
META,logistic_regression,2,2022-04-22,1,1,0.5937686837813576,0.5937686837813576,0.21115166336282928,0.3826170204185283
META,logistic_regression,2,2022-04-25,1,1,0.49700314609332713,0.49700314609332713,0.321186035331088,0.1758171107622391
META,logistic_regression,2,2022-04-26,1,1,0.5724645715820058,0.5724645715820058,0.2761060623934027,0.2963585091886031
META,logistic_regression,2,2022-04-27,1,-1,0.46465634441104814,0.3831778156143728,0.3831778156143728,0.08147852879667533
META,logistic_regression,2,2022-04-28,0,1,0.5768988367135898,0.5768988367135898,0.28225012288640877,0.294648713827181
META,logistic_regression,2,2022-04-29,0,0,0.47851154224550374,0.37250252462076644,0.37250252462076644,0.1060090176247373
META,logistic_regression,2,2022-05-02,-1,0,0.4204759441677246,0.3352863356264454,0.3352863356264454,0.08518960854127922
META,logistic_regression,2,2022-05-03,-1,0,0.56026208115786,0.2519856696882751,0.2519856696882751,0.3082764114695849
META,logistic_regression,2,2022-05-04,-1,0,0.6878551072974934,0.09190504237637553,0.22023985032613103,0.4676152569713624
META,logistic_regression,2,2022-05-05,-1,0,0.44355427289931626,0.36174835173080416,0.36174835173080416,0.0818059211685121
META,logistic_regression,2,2022-05-06,-1,1,0.3917862966677031,0.3917862966677031,0.3791651402827528,0.012621156384950316
META,logistic_regression,2,2022-05-09,0,1,0.5323130216215909,0.5323130216215909,0.2592091836289547,0.2731038379926362
META,logistic_regression,2,2022-05-10,1,1,0.6015636585246573,0.6015636585246573,0.21796268042986713,0.3836009780947902
META,logistic_regression,2,2022-05-11,0,1,0.6617588495827704,0.6617588495827704,0.19706513971043862,0.46469370987233183
META,logistic_regression,2,2022-05-12,0,1,0.49517393587450226,0.49517393587450226,0.3637013303628649,0.13147260551163736
META,logistic_regression,2,2022-05-13,-1,1,0.45846287260246843,0.45846287260246843,0.40196678774773015,0.05649608485473828
META,logistic_regression,2,2022-05-16,0,1,0.44136334800848037,0.44136334800848037,0.35845208317122845,0.08291126483725192
META,logistic_regression,2,2022-05-17,-1,1,0.40238966990139396,0.40238966990139396,0.3516353023122036,0.050754367589190386
META,logistic_regression,2,2022-05-18,-1,1,0.5550317194227969,0.5550317194227969,0.2350834941141021,0.3199482253086948
META,logistic_regression,2,2022-05-19,0,1,0.5793634123590268,0.5793634123590268,0.3207137978622709,0.2586496144967559
META,logistic_regression,2,2022-05-20,0,1,0.6690767428303708,0.6690767428303708,0.270080389880282,0.3989963529500888
META,logistic_regression,2,2022-05-23,0,1,0.5473853649458418,0.5473853649458418,0.37745636036865204,0.16992900457718974
META,logistic_regression,2,2022-05-24,1,1,0.6787612225700357,0.6787612225700357,0.2741960491339716,0.4045651734360641
META,logistic_regression,2,2022-05-25,1,1,0.6880984033314486,0.6880984033314486,0.25511967160200794,0.4329787317294406
META,logistic_regression,2,2022-05-26,0,-1,0.4624056025624282,0.36257327732833866,0.36257327732833866,0.09983232523408953
META,logistic_regression,2,2022-05-27,0,1,0.5509502018127728,0.5509502018127728,0.29042198898801896,0.2605282128247538
META,logistic_regression,2,2022-05-31,0,1,0.515698490331098,0.515698490331098,0.2640816462669591,0.2516168440641389
META,logistic_regression,2,2022-06-01,1,1,0.4723988903411079,0.4723988903411079,0.3331286484913698,0.13927024184973807
META,logistic_regression,2,2022-06-02,-1,0,0.43595870183252783,0.17357081972084276,0.39047047844662935,0.045488223385898474
META,logistic_regression,2,2022-06-03,-1,1,0.46136433991220505,0.46136433991220505,0.32443815517938235,0.1369261847328227
META,logistic_regression,2,2022-06-06,-1,1,0.556317356472818,0.556317356472818,0.23470144060242185,0.3216159158703962
META,logistic_regression,2,2022-06-07,-1,1,0.5861100071169281,0.5861100071169281,0.20897814784026128,0.3771318592766668
META,logistic_regression,2,2022-06-08,-1,1,0.41430775692663663,0.41430775692663663,0.35790510215243015,0.05640265477420647
META,logistic_regression,2,2022-06-09,-1,1,0.7066585044910905,0.7066585044910905,0.14902685686840353,0.5576316476226869
META,logistic_regression,2,2022-06-10,-1,1,0.7807326229054813,0.7807326229054813,0.11777267863954873,0.6629599442659325
META,logistic_regression,2,2022-06-13,-1,1,0.774300017670432,0.774300017670432,0.12721746687266297,0.647082550797769
META,logistic_regression,2,2022-06-14,-1,1,0.806848063767962,0.806848063767962,0.12952958903676876,0.6773184747311933
META,logistic_regression,2,2022-06-15,-1,1,0.6805770387684292,0.6805770387684292,0.23795290696993904,0.4426241317984902
META,logistic_regression,2,2022-06-16,1,1,0.7835724596064296,0.7835724596064296,0.1435137973999338,0.6400586622064959
META,logistic_regression,2,2022-06-17,1,1,0.7333614376224855,0.7333614376224855,0.20396904775333205,0.5293923898691535
META,logistic_regression,2,2022-06-21,1,1,0.763127602073897,0.763127602073897,0.14150680015042302,0.6216208019234739
META,logistic_regression,2,2022-06-22,1,1,0.6936110905973458,0.6936110905973458,0.16005179926385962,0.5335592913334862
META,logistic_regression,2,2022-06-23,0,1,0.7339814027210982,0.7339814027210982,0.1718545767595142,0.562126825961584
META,logistic_regression,2,2022-06-24,-1,1,0.519002836235528,0.519002836235528,0.3097160481267236,0.2092867881088044
META,logistic_regression,2,2022-06-27,0,1,0.4077588679284305,0.4077588679284305,0.32640713123759335,0.08135173669083717
META,logistic_regression,2,2022-06-28,1,0,0.42844136484584644,0.3034893024682654,0.3034893024682654,0.12495206237758105
META,logistic_regression,2,2022-06-29,1,-1,0.3704639412890228,0.29163040798370055,0.33790565072727663,0.032558290561746195
META,logistic_regression,2,2022-06-30,1,1,0.3497758477068037,0.3497758477068037,0.33305741115768533,0.016718436549118365
META,logistic_regression,2,2022-07-01,0,-1,0.42523853377634613,0.2667207202431983,0.3080407459804556,0.11719778779589052
META,logistic_regression,2,2022-07-05,-1,-1,0.4765868779196551,0.2021322269972736,0.32128089508307134,0.15530598283658376
META,logistic_regression,2,2022-07-06,-1,-1,0.44401366283517424,0.1603025807082221,0.3956837564566037,0.04832990637857054
META,logistic_regression,2,2022-07-07,-1,-1,0.4672732087053623,0.13104157007140518,0.40168522122323247,0.06558798748212985
META,logistic_regression,2,2022-07-08,-1,0,0.5186058454443483,0.12983327563509214,0.3515608789205595,0.1670449665237888
META,logistic_regression,2,2022-07-11,1,0,0.4619268519041929,0.29364569194804896,0.29364569194804896,0.16828115995614396
META,logistic_regression,2,2022-07-12,1,1,0.4968443738017847,0.4968443738017847,0.28926373449921533,0.20758063930256937
META,logistic_regression,2,2022-07-13,1,1,0.5111826372001487,0.5111826372001487,0.3246910470053215,0.1864915901948272
META,logistic_regression,2,2022-07-14,1,1,0.6589338744406468,0.6589338744406468,0.21864515765283912,0.4402887167878077
META,logistic_regression,2,2022-07-15,1,1,0.5033044297152371,0.5033044297152371,0.3104556333855674,0.19284879632966972
META,logistic_regression,2,2022-07-18,0,1,0.5745955965804017,0.5745955965804017,0.24032037042523388,0.3342752261551678
META,logistic_regression,2,2022-07-19,-1,1,0.5072525214692972,0.5072525214692972,0.2530723797591588,0.2541801417101384
META,logistic_regression,2,2022-07-20,-1,1,0.4335572793634825,0.4335572793634825,0.29503630130985714,0.13852097805362534
META,logistic_regression,2,2022-07-21,-1,1,0.40818838520895806,0.40818838520895806,0.3675206976484839,0.040667687560474175
META,logistic_regression,2,2022-07-22,-1,1,0.5116292042081448,0.5116292042081448,0.3299475103005346,0.18168169390761024
META,logistic_regression,2,2022-07-25,-1,0,0.4473203383156074,0.37479062615427106,0.37479062615427106,0.07252971216133636
META,logistic_regression,2,2022-07-26,0,1,0.5392265610296288,0.5392265610296288,0.32213392205693614,0.2170926389726927
META,logistic_regression,2,2022-07-27,0,1,0.6385813889035576,0.6385813889035576,0.18390331650999972,0.45467807239355795
META,logistic_regression,2,2022-07-28,1,1,0.5891479476575614,0.5891479476575614,0.21380418164930512,0.37534376600825625
META,logistic_regression,2,2022-07-29,1,1,0.5798782655290524,0.5798782655290524,0.3089408999435982,0.2709373655854542
META,logistic_regression,2,2022-08-01,1,1,0.5298292597696326,0.5298292597696326,0.33815285809648665,0.19167640167314592
META,logistic_regression,2,2022-08-02,1,1,0.4537144364584034,0.4537144364584034,0.4357494756031884,0.01796496085521504
META,logistic_regression,2,2022-08-03,1,1,0.4974708617341484,0.4974708617341484,0.37581836958336806,0.12165249215078033
META,logistic_regression,2,2022-08-04,1,0,0.5665321967458207,0.3250165046154054,0.3250165046154054,0.2415156921304153
META,logistic_regression,2,2022-08-05,1,0,0.5447705045303551,0.28661500696503733,0.28661500696503733,0.2581554975653178
META,logistic_regression,2,2022-08-08,1,0,0.47386257555688654,0.35097739824238483,0.35097739824238483,0.12288517731450171
META,logistic_regression,2,2022-08-09,1,0,0.42490172786027863,0.367988531061428,0.367988531061428,0.05691319679885065
META,logistic_regression,2,2022-08-10,0,1,0.490754989540051,0.490754989540051,0.31997533152497326,0.17077965801507772
META,logistic_regression,2,2022-08-11,0,1,0.4119816866861426,0.4119816866861426,0.35752306897610997,0.05445861771003263
META,logistic_regression,2,2022-08-12,-1,0,0.45555184580076585,0.2818819904726871,0.2818819904726871,0.17366985532807877
META,logistic_regression,2,2022-08-15,-1,0,0.5091436221886759,0.23478127844631003,0.256075099365014,0.25306852282366193
META,logistic_regression,2,2022-08-16,-1,0,0.6042259149077623,0.15766056222794603,0.2381135228642916,0.36611239204347074
META,logistic_regression,2,2022-08-17,-1,0,0.6210739301961868,0.18625195099378203,0.19267411881003105,0.4283998113861558
META,logistic_regression,2,2022-08-18,-1,0,0.620595101765457,0.18048720960091863,0.19891768863362452,0.42167741313183243
META,logistic_regression,2,2022-08-19,-1,0,0.4249759095189125,0.3378466003270342,0.3378466003270342,0.08712930919187833
META,logistic_regression,2,2022-08-22,-1,1,0.44669375127171346,0.44669375127171346,0.35513722180854856,0.09155652946316489
META,logistic_regression,2,2022-08-23,-1,1,0.5672654220068498,0.5672654220068498,0.21752131859263962,0.3497441034142102
META,logistic_regression,2,2022-08-24,0,1,0.3686472923574659,0.3686472923574659,0.31821235135427794,0.05043494100318796
META,logistic_regression,2,2022-08-25,-1,1,0.39297917914486263,0.39297917914486263,0.3080832721481275,0.08489590699673516
META,logistic_regression,2,2022-08-26,0,1,0.4504168413043158,0.4504168413043158,0.31686884703824864,0.13354799426606717
META,logistic_regression,2,2022-08-29,0,1,0.4482702756123125,0.4482702756123125,0.2808547145697438,0.16741556104256866
META,logistic_regression,2,2022-08-30,1,1,0.4929365009288595,0.4929365009288595,0.2582337628443085,0.234702738084551
META,logistic_regression,2,2022-08-31,0,1,0.49570461263289045,0.49570461263289045,0.28704011432664656,0.2086644983062439
META,logistic_regression,2,2022-09-01,1,-1,0.36317079702692995,0.3368799324785405,0.3368799324785405,0.02629086454838947
META,logistic_regression,2,2022-09-02,1,1,0.3839184423032607,0.3839184423032607,0.3197290196563783,0.06418942264688243
META,logistic_regression,2,2022-09-06,-1,-1,0.4206495626762766,0.31287358122133224,0.31287358122133224,0.10777598145494438
META,logistic_regression,2,2022-09-07,-1,-1,0.4719585577382725,0.26070792191706676,0.26733352034466074,0.20462503739361176
META,logistic_regression,2,2022-09-08,-1,-1,0.48558030376883937,0.1951635956937041,0.3192561005374565,0.16632420323138286
META,logistic_regression,2,2022-09-09,-1,-1,0.4075615392366179,0.18513225555694623,0.4073062052064359,0.0002553340301820195
META,logistic_regression,2,2022-09-12,-1,0,0.45949665292185254,0.1094845413642243,0.43101880571392326,0.028477847207929285
META,logistic_regression,2,2022-09-13,-1,0,0.5123911241352946,0.2148631885780858,0.2727456872866195,0.23964543684867512
META,logistic_regression,2,2022-09-14,-1,0,0.39630870736280255,0.28158457431401523,0.3221067183231821,0.07420198903962044
META,logistic_regression,2,2022-09-15,-1,0,0.3634603565807729,0.32565972067592575,0.32565972067592575,0.03780063590484717
META,logistic_regression,2,2022-09-16,-1,1,0.4312863387640305,0.4312863387640305,0.3063921900108047,0.1248941487532258
META,logistic_regression,2,2022-09-19,-1,1,0.40853823676933804,0.40853823676933804,0.3777920587009747,0.030746178068363328
META,logistic_regression,2,2022-09-20,-1,1,0.4190123330873021,0.4190123330873021,0.35369257829973805,0.06531975478756408
META,logistic_regression,2,2022-09-21,0,1,0.5297657787943492,0.5297657787943492,0.2817018170421597,0.24806396175218948
META,logistic_regression,2,2022-09-22,-1,1,0.45957652900390034,0.45957652900390034,0.34536306834860697,0.11421346065529336
META,logistic_regression,2,2022-09-23,-1,1,0.4143367087433443,0.4143367087433443,0.35593642251034974,0.058400286232994536
META,logistic_regression,2,2022-09-26,0,1,0.5967569205163447,0.5967569205163447,0.25266945067205776,0.3440874698442869
META,logistic_regression,2,2022-09-27,1,-1,0.4578323257875062,0.4455604471732773,0.4455604471732773,0.012271878614228904
META,logistic_regression,2,2022-09-28,0,-1,0.5277968824537291,0.33729559793570707,0.33729559793570707,0.19050128451802206
META,logistic_regression,2,2022-09-29,0,1,0.4463501863775369,0.4463501863775369,0.3909695249428046,0.05538066143473225
META,logistic_regression,2,2022-09-30,0,-1,0.4407506010673719,0.3859118612927991,0.3859118612927991,0.05483873977457282
META,logistic_regression,2,2022-10-03,-1,-1,0.4462589575164536,0.39716274034957433,0.39716274034957433,0.049096217166879286
META,logistic_regression,2,2022-10-04,-1,1,0.39695367863149944,0.39695367863149944,0.3967955301905772,0.00015814844092226776
META,logistic_regression,2,2022-10-05,-1,-1,0.4360604802678321,0.29468860866351715,0.29468860866351715,0.14137187160431497
META,logistic_regression,2,2022-10-06,-1,-1,0.46476390557589714,0.2584379755593511,0.2767981188647517,0.18796578671114544
META,logistic_regression,2,2022-10-07,-1,-1,0.39503576382429684,0.24843058514549277,0.3565336510302103,0.03850211279408655
META,logistic_regression,2,2022-10-10,0,-1,0.5038540606424553,0.22545046851989356,0.2706954708376511,0.2331585898048042
META,logistic_regression,2,2022-10-11,1,1,0.43777967779067356,0.43777967779067356,0.4255282132085663,0.012251464582107241
META,logistic_regression,2,2022-10-12,1,1,0.4585355132503268,0.4585355132503268,0.4018792646601665,0.05665624859016033
META,logistic_regression,2,2022-10-13,0,-1,0.5946403785349277,0.26509717746189726,0.26509717746189726,0.3295432010730304
META,logistic_regression,2,2022-10-14,1,1,0.47531743674850296,0.47531743674850296,0.3375922887913491,0.13772514795715385
META,logistic_regression,2,2022-10-17,-1,-1,0.4139028340722642,0.40331385474607023,0.40331385474607023,0.010588979326193959
META,logistic_regression,2,2022-10-18,1,1,0.4351337875779881,0.4351337875779881,0.30130560559213265,0.13382818198585544
META,logistic_regression,2,2022-10-19,-1,1,0.4370818975543014,0.4370818975543014,0.28689300141461815,0.15018889613968323
META,logistic_regression,2,2022-10-20,-1,1,0.4737363060004015,0.4737363060004015,0.2632782335022108,0.2104580724981907
META,logistic_regression,2,2022-10-21,-1,-1,0.41140778728054517,0.38574397509407676,0.38574397509407676,0.025663812186468404
META,logistic_regression,2,2022-10-24,-1,1,0.4861329511303489,0.4861329511303489,0.3035077695102426,0.18262518162010627
META,logistic_regression,2,2022-10-25,-1,1,0.39085256564285087,0.39085256564285087,0.3103329231631668,0.08051964247968407
META,logistic_regression,2,2022-10-26,-1,1,0.3940608849985428,0.3940608849985428,0.3065832508177585,0.0874776341807843
META,logistic_regression,2,2022-10-27,-1,1,0.6907515149686428,0.6907515149686428,0.2630133525891392,0.42773816237950363
META,logistic_regression,2,2022-10-28,-1,1,0.8659966590230731,0.8659966590230731,0.12601710488937654,0.7399795541336965
META,logistic_regression,2,2022-10-31,1,1,0.8238461750700493,0.8238461750700493,0.16818600722209456,0.6556601678479548
META,logistic_regression,2,2022-11-01,0,1,0.8295603135955186,0.8295603135955186,0.156717029612553,0.6728432839829657
META,logistic_regression,2,2022-11-02,1,1,0.8311875457269203,0.8311875457269203,0.15361875816628032,0.67756878756064
META,logistic_regression,3,2022-11-03,1,1,0.5093260493156186,0.5093260493156186,0.3293424489931734,0.17998360032244526
META,logistic_regression,3,2022-11-04,1,1,0.567752893247404,0.567752893247404,0.3225715801902982,0.24518131305710578
META,logistic_regression,3,2022-11-07,1,1,0.4563940761555327,0.4563940761555327,0.4030372853694774,0.053356790786055264
META,logistic_regression,3,2022-11-08,1,1,0.49217845758360307,0.49217845758360307,0.3925788292590057,0.09959962832459734
META,logistic_regression,3,2022-11-09,1,1,0.45082673721111,0.45082673721111,0.37819371418583414,0.07263302302527586
META,logistic_regression,3,2022-11-10,0,-1,0.567209833921914,0.1742149244900688,0.2585752415880171,0.30863459233389695
META,logistic_regression,3,2022-11-11,0,-1,0.606940502245034,0.1349266445275099,0.258132853227456,0.34880764901757805
META,logistic_regression,3,2022-11-14,-1,-1,0.5319569502669965,0.08433237049937813,0.3837106792336253,0.14824627103337124
META,logistic_regression,3,2022-11-15,-1,-1,0.5176920273750106,0.08922719040518308,0.3930807822198063,0.12461124515520433
META,logistic_regression,3,2022-11-16,0,-1,0.46838990171692596,0.09617868643043397,0.4354314118526401,0.032958489864285845
META,logistic_regression,3,2022-11-17,0,-1,0.47689691378044086,0.11759060402656661,0.4055124821929925,0.07138443158744834
META,logistic_regression,3,2022-11-18,-1,0,0.490450888847972,0.15415575680032872,0.3553933543516992,0.13505753449627278
META,logistic_regression,3,2022-11-21,0,0,0.47109200729562717,0.15766699037463516,0.3712410023297377,0.09985100496588944
META,logistic_regression,3,2022-11-22,1,-1,0.4693603391596095,0.0946039663653928,0.4360356944749976,0.03332464468461188
META,logistic_regression,3,2022-11-23,1,0,0.43958744328498606,0.12338198841853666,0.43703056829647735,0.002556874988508706
META,logistic_regression,3,2022-11-25,1,1,0.46949829291201206,0.46949829291201206,0.3264642942652678,0.14303399864674426
META,logistic_regression,3,2022-11-28,1,1,0.45511950162984666,0.45511950162984666,0.3330877640452553,0.12203173758459135
META,logistic_regression,3,2022-11-29,1,1,0.5786685670538947,0.5786685670538947,0.2686722491446735,0.30999631790922116
META,logistic_regression,3,2022-11-30,-1,1,0.4492685469344749,0.4492685469344749,0.30235774433709284,0.14691080259738204
META,logistic_regression,3,2022-12-01,-1,1,0.6253499814309956,0.6253499814309956,0.24950412430550545,0.3758458571254902
META,logistic_regression,3,2022-12-02,-1,1,0.6021608650967919,0.6021608650967919,0.2367293581694975,0.3654315069272944
META,logistic_regression,3,2022-12-05,-1,1,0.5725363594489015,0.5725363594489015,0.2765365698685382,0.29599978958036327
META,logistic_regression,3,2022-12-06,1,1,0.6013917231360292,0.6013917231360292,0.24990092097969316,0.351490802156336
META,logistic_regression,3,2022-12-07,1,1,0.6101256716743825,0.6101256716743825,0.24519318149855637,0.3649324901758261
META,logistic_regression,3,2022-12-08,0,1,0.6103642933666978,0.6103642933666978,0.2330749328053859,0.3772893605613119
META,logistic_regression,3,2022-12-09,1,0,0.4236221862013775,0.3445207947021928,0.3445207947021928,0.07910139149918466
META,logistic_regression,3,2022-12-12,0,0,0.3771893473454636,0.34073630973226965,0.34073630973226965,0.03645303761319396
META,logistic_regression,3,2022-12-13,-1,0,0.46102779227792223,0.31306429787175205,0.31306429787175205,0.14796349440617018
META,logistic_regression,3,2022-12-14,0,0,0.45439979571142414,0.1999398379981899,0.34566036629038593,0.1087394294210382
META,logistic_regression,3,2022-12-15,0,0,0.3832651963364858,0.32808425431825183,0.32808425431825183,0.05518094201823398
META,logistic_regression,3,2022-12-16,0,1,0.3872308317721455,0.3872308317721455,0.3496168534981734,0.037613978273972115
META,logistic_regression,3,2022-12-19,1,1,0.40075243880578787,0.40075243880578787,0.3014983658556604,0.09925407295012745
META,logistic_regression,3,2022-12-20,0,1,0.36344476381683716,0.36344476381683716,0.33025777487834795,0.033186988938489204
META,logistic_regression,3,2022-12-21,0,1,0.34280024429118133,0.34280024429118133,0.3334071600736697,0.009393084217511616
META,logistic_regression,3,2022-12-22,1,0,0.3655481302762716,0.31912786270016985,0.31912786270016985,0.04642026757610174
META,logistic_regression,3,2022-12-23,1,1,0.34717895203964716,0.34717895203964716,0.3330839060776521,0.014095045961995067
META,logistic_regression,3,2022-12-27,1,1,0.41408079650018087,0.41408079650018087,0.30229998526063867,0.1117808112395422
META,logistic_regression,3,2022-12-28,1,1,0.44717839358510314,0.44717839358510314,0.2998136087555032,0.14736478482959992
META,logistic_regression,3,2022-12-29,1,-1,0.3896473598153965,0.27119663404229466,0.33915600614230884,0.05049135367308766
META,logistic_regression,3,2022-12-30,1,-1,0.4062219067407897,0.1977501915237824,0.39602790173542796,0.010194005005361717
META,logistic_regression,3,2023-01-03,1,0,0.43136704926498337,0.182740405836672,0.3858925448983448,0.04547450436663858
META,logistic_regression,3,2023-01-04,1,0,0.43851696881440294,0.1963013592394549,0.3651816719461421,0.07333529686826085
META,logistic_regression,3,2023-01-05,1,0,0.40729518532518244,0.2627079941397792,0.3299968205350384,0.07729836479014401
META,logistic_regression,3,2023-01-06,1,0,0.35264228910869716,0.3157674842090066,0.33159022668229626,0.021052062426400897
META,logistic_regression,3,2023-01-09,1,0,0.4396765713508927,0.27540932498848225,0.284914103660625,0.15476246769026775
META,logistic_regression,3,2023-01-10,0,0,0.40546138964959505,0.21452369757936912,0.3800149127710357,0.025446476878559332
META,logistic_regression,3,2023-01-11,1,0,0.4312748974021608,0.24720444439279804,0.32152065820504105,0.10975423919711974
META,logistic_regression,3,2023-01-12,0,0,0.5399421032616754,0.16063016095318738,0.29942773578513726,0.2405143674765381
META,logistic_regression,3,2023-01-13,1,0,0.5113420619865274,0.169856919233981,0.3188010187794916,0.19254104320703586
META,logistic_regression,3,2023-01-17,1,0,0.45284036979168985,0.29182825736609946,0.29182825736609946,0.16101211242559038
META,logistic_regression,3,2023-01-18,1,0,0.4144994035878693,0.3565575245150161,0.3565575245150161,0.0579418790728532
META,logistic_regression,3,2023-01-19,1,1,0.37748659663261336,0.37748659663261336,0.34776717519616024,0.02971942143645312
META,logistic_regression,3,2023-01-20,1,1,0.37785562291514263,0.37785562291514263,0.33761159587979644,0.040244027035346186
META,logistic_regression,3,2023-01-23,1,0,0.4128244217482086,0.3030610092075613,0.3030610092075613,0.10976341254064731
META,logistic_regression,3,2023-01-24,1,0,0.3971415986552801,0.3552359272398085,0.3552359272398085,0.04190567141547158
META,logistic_regression,3,2023-01-25,1,0,0.3642469373132381,0.3606939746784064,0.3606939746784064,0.00355296263483168
META,logistic_regression,3,2023-01-26,1,1,0.3916292795842627,0.3916292795842627,0.38585454970213456,0.005774729882128127
META,logistic_regression,3,2023-01-27,1,1,0.42428656362701495,0.42428656362701495,0.35020124792000135,0.0740853157070136
META,logistic_regression,3,2023-01-30,1,1,0.4346679094466936,0.4346679094466936,0.3594256888825473,0.07524222056414631
META,logistic_regression,3,2023-01-31,1,1,0.4285563719231392,0.4285563719231392,0.3321323286303707,0.09642404329276855
META,logistic_regression,3,2023-02-01,1,0,0.35982405113718574,0.28465534213537314,0.35552060672744124,0.004303444409744506
META,logistic_regression,3,2023-02-02,-1,0,0.41226541709612824,0.40456014920120165,0.40456014920120165,0.007705267894926593
META,logistic_regression,3,2023-02-03,-1,-1,0.39945520274451585,0.32585695620286714,0.32585695620286714,0.0735982465416487
META,logistic_regression,3,2023-02-06,-1,0,0.36276068800979067,0.2863812437313006,0.35085806825890886,0.011902619750881804
META,logistic_regression,3,2023-02-07,-1,-1,0.5048404134386166,0.23607905798656684,0.2590805285748165,0.24575988486380013
META,logistic_regression,3,2023-02-08,-1,0,0.3405009094478407,0.3311622059251414,0.3311622059251414,0.009338703522699332
META,logistic_regression,3,2023-02-09,-1,1,0.5821122549765249,0.5821122549765249,0.2639316345327853,0.31818062044373957
META,logistic_regression,3,2023-02-10,0,1,0.4985046723658679,0.4985046723658679,0.2609639280160549,0.23754074434981298
META,logistic_regression,3,2023-02-13,-1,1,0.4801901185350607,0.4801901185350607,0.2868556956471957,0.193334422887865
META,logistic_regression,3,2023-02-14,-1,1,0.5040339213602779,0.5040339213602779,0.26492721379375794,0.23910670756651997
META,logistic_regression,3,2023-02-15,-1,1,0.5799844623174311,0.5799844623174311,0.22022115418998373,0.35976330812744733
META,logistic_regression,3,2023-02-16,0,1,0.5913039373934063,0.5913039373934063,0.21338580328943665,0.37791813410396957
META,logistic_regression,3,2023-02-17,0,1,0.5152319497890671,0.5152319497890671,0.24978852950884584,0.2654434202802212
META,logistic_regression,3,2023-02-21,0,1,0.5433671117001657,0.5433671117001657,0.2682518299829519,0.27511528171721383
META,logistic_regression,3,2023-02-22,0,1,0.5714036244201309,0.5714036244201309,0.2302232001939036,0.3411804242262273
META,logistic_regression,3,2023-02-23,0,1,0.5886923081551115,0.5886923081551115,0.2302774910590384,0.35841481709607315
META,logistic_regression,3,2023-02-24,1,1,0.43017663127912886,0.43017663127912886,0.3005563279301101,0.12962030334901875
META,logistic_regression,3,2023-02-27,1,1,0.46388359668364315,0.46388359668364315,0.31202430522795865,0.1518592914556845
META,logistic_regression,3,2023-02-28,1,1,0.45916424325800226,0.45916424325800226,0.2768719427816041,0.18229230047639816
META,logistic_regression,3,2023-03-01,1,1,0.4824195313360341,0.4824195313360341,0.3110668656312961,0.171352665704738
META,logistic_regression,3,2023-03-02,1,1,0.3954593107673643,0.3954593107673643,0.35146293310494764,0.04399637766241665
META,logistic_regression,3,2023-03-03,-1,-1,0.5138762762433279,0.09121779232571982,0.39490593143095226,0.11897034481237562
META,logistic_regression,3,2023-03-06,-1,0,0.5206451790691227,0.13336239828599347,0.3459924226448839,0.17465275642423878
META,logistic_regression,3,2023-03-07,1,0,0.5572579779737848,0.15253521365985,0.2902068083663651,0.26705116960741976
META,logistic_regression,3,2023-03-08,1,0,0.48107432722293225,0.09421385777317219,0.4247118150038954,0.056362512219036875
META,logistic_regression,3,2023-03-09,1,0,0.48860769706286883,0.1809718666164479,0.33042043632068335,0.15818726074218548
META,logistic_regression,3,2023-03-10,1,0,0.4250368212502916,0.2486293178850896,0.32633386086461885,0.09870296038567272
META,logistic_regression,3,2023-03-13,1,0,0.38639847208970113,0.25664697498933,0.35695455292096884,0.02944391916873229
META,logistic_regression,3,2023-03-14,1,0,0.42095146719826,0.18366571609432905,0.395382816707411,0.025568650490849
META,logistic_regression,3,2023-03-15,0,0,0.4595399349704258,0.15301156334902657,0.3874485016805477,0.0720914332898781
META,logistic_regression,3,2023-03-16,0,0,0.42943801510910906,0.15184450111875947,0.41871748377213164,0.010720531336977424
META,logistic_regression,3,2023-03-17,1,-1,0.3792583384409778,0.2762841775442319,0.34445748401479037,0.03480085442618741
META,logistic_regression,3,2023-03-20,1,0,0.3803387552014769,0.29865789634339557,0.3210033484551275,0.059335406746349406
META,logistic_regression,3,2023-03-21,0,1,0.35956843917884074,0.35956843917884074,0.33673986521102367,0.022828573967817067
META,logistic_regression,3,2023-03-22,1,1,0.3887846443905263,0.3887846443905263,0.372450141532037,0.016334502858489308
META,logistic_regression,3,2023-03-23,0,1,0.3776107662550803,0.3776107662550803,0.3631211413766055,0.014489624878474772
META,logistic_regression,3,2023-03-24,1,1,0.3626214322441488,0.3626214322441488,0.3422759094189373,0.02034552282521146
META,logistic_regression,3,2023-03-27,1,1,0.4220607042600699,0.4220607042600699,0.3332345633632739,0.08882614089679602
META,logistic_regression,3,2023-03-28,1,1,0.3927911125385436,0.3927911125385436,0.30544872112806315,0.08734239141048045
META,logistic_regression,3,2023-03-29,1,1,0.4319657942116481,0.4319657942116481,0.2995700001567273,0.1323957940549208
META,logistic_regression,3,2023-03-30,1,1,0.38659340080067306,0.38659340080067306,0.3160587546924418,0.07053464610823124
META,logistic_regression,3,2023-03-31,0,0,0.4202327362123817,0.2547325646794504,0.3250346991081679,0.09519803710421382
META,logistic_regression,3,2023-04-03,0,0,0.4496758144216536,0.23947317789054715,0.31085100768779916,0.13882480673385444
META,logistic_regression,3,2023-04-04,0,0,0.4525401461492277,0.27014771071938565,0.2773121431313866,0.17522800301784114
META,logistic_regression,3,2023-04-05,1,0,0.41486611710338045,0.33582452473766655,0.33582452473766655,0.0790415923657139
META,logistic_regression,3,2023-04-06,1,0,0.3593094927774999,0.33752351197203245,0.33752351197203245,0.021785980805467453
META,logistic_regression,3,2023-04-10,0,1,0.4637638502086858,0.4637638502086858,0.32298007469530154,0.14078377551338428
META,logistic_regression,3,2023-04-11,0,1,0.4701336794972803,0.4701336794972803,0.33074611592407527,0.13938756357320503
META,logistic_regression,3,2023-04-12,0,0,0.42074413609116706,0.32827744812625187,0.32827744812625187,0.0924666879649152
META,logistic_regression,3,2023-04-13,-1,0,0.4108085890555581,0.2748461133068984,0.3143452976375435,0.09646329141801463
META,logistic_regression,3,2023-04-14,-1,0,0.4836781045880811,0.20534340254885305,0.31097849286306584,0.17269961172501525
META,logistic_regression,3,2023-04-17,-1,0,0.3990873439302435,0.3426599903261561,0.3426599903261561,0.05642735360408735
META,logistic_regression,3,2023-04-18,-1,0,0.4225124773540538,0.33292984634267503,0.33292984634267503,0.08958263101137875
META,logistic_regression,3,2023-04-19,-1,0,0.38984607310972597,0.26146144032245944,0.34869248656781465,0.04115358654191131
META,logistic_regression,3,2023-04-20,1,1,0.3610498840641727,0.3610498840641727,0.3608650278172572,0.00018485624691549907
META,logistic_regression,3,2023-04-21,1,0,0.3486273539844736,0.3248447647599321,0.32652788125559423,0.022099472728879355
META,logistic_regression,3,2023-04-24,1,0,0.38359296552494326,0.3392394277714382,0.3392394277714382,0.04435353775350509
META,logistic_regression,3,2023-04-25,1,1,0.4011952750556816,0.4011952750556816,0.32057460150003264,0.08062067355564895
META,logistic_regression,3,2023-04-26,1,1,0.44038120223411875,0.44038120223411875,0.2962536811788365,0.14412752105528226
META,logistic_regression,3,2023-04-27,-1,0,0.44480508793744633,0.38215661181545574,0.38215661181545574,0.06264847612199059
META,logistic_regression,3,2023-04-28,-1,0,0.4133927732810984,0.23951782123232376,0.3470894054865778,0.06630336779452062
META,logistic_regression,3,2023-05-01,-1,0,0.4879288788506107,0.1682303837657139,0.3438407373836753,0.14408814146693538
META,logistic_regression,3,2023-05-02,-1,0,0.4604248107894929,0.18630537816010007,0.35326981105040695,0.10715499973908593
META,logistic_regression,3,2023-05-03,0,0,0.43745915851426764,0.19570227175581784,0.36683856972991435,0.07062058878435329
META,logistic_regression,3,2023-05-04,0,0,0.41879751223442807,0.31024206232182494,0.31024206232182494,0.10855544991260313
META,logistic_regression,3,2023-05-05,0,-1,0.3707198643441824,0.27691618375382615,0.35236395190199155,0.01835591244219087
META,logistic_regression,3,2023-05-08,1,0,0.4279656344101278,0.28362128719047824,0.28841307839939384,0.13955255601073396
META,logistic_regression,3,2023-05-09,1,0,0.43564820841568724,0.26761537982675027,0.29673641175756255,0.1389117966581247
META,logistic_regression,3,2023-05-10,1,0,0.412253997047789,0.3311160636953035,0.3311160636953035,0.08113793335248548
META,logistic_regression,3,2023-05-11,1,0,0.47230917772808545,0.23362663949782017,0.29406418277409435,0.1782449949539911
META,logistic_regression,3,2023-05-12,1,0,0.45265464726316534,0.28355438541525024,0.28355438541525024,0.1691002618479151
META,logistic_regression,3,2023-05-15,1,0,0.4617800017630911,0.26160127308657616,0.2766187251503327,0.18516127661275839
META,logistic_regression,3,2023-05-16,1,0,0.4728087873700704,0.2379119898985178,0.2892792227314118,0.1835295646386586
META,logistic_regression,3,2023-05-17,1,0,0.4635430376165792,0.25386007085904827,0.2825968915243726,0.1809461460922066
META,logistic_regression,3,2023-05-18,1,0,0.48509785684324574,0.24789733810707032,0.26700480504968405,0.2180930517935617
META,logistic_regression,3,2023-05-19,1,0,0.5132524055505314,0.2814195628991206,0.2814195628991206,0.2318328426514108
META,logistic_regression,3,2023-05-22,1,0,0.5087271629660306,0.27078889370241505,0.27078889370241505,0.23793826926361555
META,logistic_regression,3,2023-05-23,1,0,0.46181089352125904,0.3557939428140493,0.3557939428140493,0.10601695070720973
META,logistic_regression,3,2023-05-24,1,0,0.45748008229009696,0.3401666659788927,0.3401666659788927,0.11731341631120423
META,logistic_regression,3,2023-05-25,1,0,0.5472881267141122,0.19927130193480944,0.2534405713510784,0.2938475553630338
META,logistic_regression,3,2023-05-26,1,0,0.569600565824202,0.1288779540633907,0.30152148011240726,0.2680790857117948
META,logistic_regression,3,2023-05-30,1,0,0.6259696382357965,0.15272905684186716,0.2213013049223363,0.40466833331346025
META,logistic_regression,3,2023-05-31,0,0,0.5916279300241479,0.13893182934125822,0.26944024063459393,0.322187689389554
META,logistic_regression,3,2023-06-01,-1,0,0.5602271424712626,0.15945423569539294,0.2803186218333445,0.2799085206379181
META,logistic_regression,3,2023-06-02,-1,0,0.5498080311001934,0.21108367697169375,0.2391082919281128,0.3106997391720806
META,logistic_regression,3,2023-06-05,0,0,0.5897828378971116,0.19786810888480622,0.2123490532180823,0.3774337846790293
META,logistic_regression,3,2023-06-06,0,0,0.5756002674756072,0.2146546353052223,0.2146546353052223,0.3609456321703849
META,logistic_regression,3,2023-06-07,1,0,0.44326644931585124,0.34807297395982006,0.34807297395982006,0.09519347535603118
META,logistic_regression,3,2023-06-08,1,0,0.441986950997499,0.3131365880002231,0.3131365880002231,0.12885036299727592
META,logistic_regression,3,2023-06-09,1,0,0.4474425368438038,0.3102005017377607,0.3102005017377607,0.1372420351060431
META,logistic_regression,3,2023-06-12,1,0,0.4596532877689471,0.327529231953977,0.327529231953977,0.1321240558149701
META,logistic_regression,3,2023-06-13,1,0,0.47880250996606405,0.3265079231968007,0.3265079231968007,0.15229458676926333
META,logistic_regression,3,2023-06-14,1,0,0.48682605613739893,0.2839639222391289,0.2839639222391289,0.20286213389827001
META,logistic_regression,3,2023-06-15,1,0,0.4925907503406242,0.2205024085116845,0.28690684114769127,0.20568390919293295
META,logistic_regression,3,2023-06-16,0,0,0.551465164746388,0.22801952855212873,0.22801952855212873,0.32344563619425926
META,logistic_regression,3,2023-06-20,0,0,0.5826328785442153,0.20812793291600434,0.2092391885397804,0.3733936900044349
META,logistic_regression,3,2023-06-21,0,0,0.5197676310225787,0.2487451210686637,0.2487451210686637,0.271022509953915
META,logistic_regression,3,2023-06-22,0,0,0.5204619840825981,0.23536952897927305,0.24416848693812876,0.2762934971444694
META,logistic_regression,3,2023-06-23,0,0,0.4637032807885083,0.2170205258819791,0.3192761933295125,0.1444270874589958
META,logistic_regression,3,2023-06-26,1,0,0.40498650208094406,0.3969199563875637,0.3969199563875637,0.008066545693380334
META,logistic_regression,3,2023-06-27,1,0,0.4482700377184578,0.2550343575919155,0.29669560468962675,0.15157443302883106
META,logistic_regression,3,2023-06-28,1,0,0.4420400422704281,0.2567319087948266,0.30122804893474536,0.14081199333568273
META,logistic_regression,3,2023-06-29,1,0,0.4016258524129261,0.3116286303972878,0.3116286303972878,0.08999722201563831
META,logistic_regression,3,2023-06-30,1,0,0.42055207668702754,0.24484068395809275,0.3346072393548797,0.08594483733214786
META,logistic_regression,3,2023-07-03,1,0,0.48693273597854836,0.22085477631916126,0.29221248770229036,0.194720248276258
META,logistic_regression,3,2023-07-05,1,-1,0.4307713836722189,0.17921112150499058,0.3900174948227906,0.04075388884942832
META,logistic_regression,3,2023-07-06,1,0,0.47066873542823523,0.2434112923196803,0.28591997225208443,0.1847487631761508
META,logistic_regression,3,2023-07-07,1,0,0.4476899450991154,0.3031401096866286,0.3031401096866286,0.14454983541248684
META,logistic_regression,3,2023-07-10,1,0,0.43414369446874373,0.30953069294429875,0.30953069294429875,0.12461300152444499
META,logistic_regression,3,2023-07-11,1,0,0.4872600528551853,0.24451005377233057,0.2682298933724841,0.21903015948270121
META,logistic_regression,3,2023-07-12,1,0,0.5202457969373849,0.2002135707880328,0.27954063227458226,0.24070516466280267
META,logistic_regression,3,2023-07-13,-1,0,0.5684416511246886,0.20075053782579336,0.23080781104951806,0.3376338400751705
META,logistic_regression,3,2023-07-14,-1,0,0.5453792821232029,0.2059541618433906,0.24866655603340648,0.2967127260897964
META,logistic_regression,3,2023-07-17,-1,0,0.5489568034959207,0.156059295534694,0.2949839009693853,0.25397290252653537
META,logistic_regression,3,2023-07-18,-1,0,0.5657774244658403,0.17440758494735092,0.2598149905868087,0.30596243387903166
META,logistic_regression,3,2023-07-19,-1,0,0.5788817337903651,0.17658123707576198,0.24453702913387285,0.33434470465649224
META,logistic_regression,3,2023-07-20,1,0,0.42220955950018635,0.33130979487801765,0.33130979487801765,0.0908997646221687
META,logistic_regression,3,2023-07-21,1,1,0.36307945947566456,0.36307945947566456,0.3580804605293346,0.004998998946329936
META,logistic_regression,3,2023-07-24,1,1,0.36243017781484643,0.36243017781484643,0.34850451643817015,0.01392566137667628
META,logistic_regression,3,2023-07-25,1,1,0.4105329103781084,0.4105329103781084,0.3377513074371168,0.07278160294099162
META,logistic_regression,3,2023-07-26,1,1,0.3613282528606898,0.3613282528606898,0.339379607624152,0.021948645236537834
META,logistic_regression,3,2023-07-27,0,0,0.43242423292433413,0.4238096082268728,0.4238096082268728,0.008614624697461326
META,logistic_regression,3,2023-07-28,-1,0,0.4111039457983502,0.2650103300283877,0.32388572417326206,0.08721822162508813
META,logistic_regression,3,2023-07-31,0,0,0.39729539799394725,0.27284285852901474,0.329861743477038,0.06743365451690925
META,logistic_regression,3,2023-08-01,-1,0,0.4128806873325366,0.2338365321028092,0.35328278056465423,0.05959790676788235
META,logistic_regression,3,2023-08-02,-1,-1,0.3732927734852849,0.25922605161855017,0.36748117489616494,0.005811598589119948
META,logistic_regression,3,2023-08-03,-1,0,0.3646214703134528,0.28293248779875935,0.3524460418877878,0.012175428425665047
META,logistic_regression,3,2023-08-04,-1,1,0.3722579874459389,0.3722579874459389,0.34884164518518096,0.02341634226075795
META,logistic_regression,3,2023-08-07,-1,0,0.3766351863581512,0.30560485800973497,0.3177599556321139,0.058875230726037286
META,logistic_regression,3,2023-08-08,-1,0,0.3687854847468918,0.3140667481931172,0.31714776705999104,0.051637717686900786
META,logistic_regression,3,2023-08-09,-1,0,0.3496234908088408,0.3148891158083681,0.33548739338279104,0.014136097426049765
META,logistic_regression,3,2023-08-10,-1,0,0.35819319850015646,0.2943341637140338,0.3474726377858097,0.010720560714346739
META,logistic_regression,3,2023-08-11,-1,-1,0.3954539348267982,0.3031919776663118,0.3031919776663118,0.09226195716048641
META,logistic_regression,3,2023-08-14,-1,-1,0.39550962010958257,0.2745572030030148,0.3299331768874026,0.06557644322217998
META,logistic_regression,3,2023-08-15,-1,0,0.3546991753382692,0.3134502248236619,0.33185059983806886,0.022848575500200363
META,logistic_regression,3,2023-08-16,0,-1,0.4028181433678685,0.2989088935327165,0.2989088935327165,0.10390924983515198
META,logistic_regression,3,2023-08-17,0,1,0.4330172965585778,0.4330172965585778,0.32387109135097053,0.10914620520760726
META,logistic_regression,3,2023-08-18,0,-1,0.40892939844201165,0.3861884137753022,0.3861884137753022,0.02274098466670943
META,logistic_regression,3,2023-08-21,0,1,0.42218452705472714,0.42218452705472714,0.3259269889432653,0.09625753811146187
META,logistic_regression,3,2023-08-22,1,1,0.4629824079054971,0.4629824079054971,0.2690998509906963,0.19388255691480083
META,logistic_regression,3,2023-08-23,0,-1,0.3995184452058745,0.3269842907396875,0.3269842907396875,0.072534154466187
META,logistic_regression,3,2023-08-24,1,1,0.3767272238677839,0.3767272238677839,0.31457099526275184,0.06215622860503206
META,logistic_regression,3,2023-08-25,1,-1,0.479734652922959,0.24464426004346745,0.2756210870335735,0.2041135658893855
META,logistic_regression,3,2023-08-28,1,-1,0.4276176433492001,0.25285755710398966,0.3195247995468101,0.10809284380238998
META,logistic_regression,3,2023-08-29,0,-1,0.5353858834033526,0.1671529379150147,0.2974611786816328,0.23792470472171978
META,logistic_regression,3,2023-08-30,0,-1,0.40814710457024217,0.2541603076122984,0.33769258781745937,0.0704545167527828
META,logistic_regression,3,2023-08-31,0,-1,0.40945338618308275,0.2209958671564744,0.3695507466604429,0.03990263952263984
META,logistic_regression,3,2023-09-01,1,0,0.3770639893982031,0.25079350578042775,0.37214250482136924,0.00492148457683389
META,logistic_regression,3,2023-09-05,0,-1,0.4200691295252609,0.18453182161288223,0.39539904886185695,0.024670080663403926
META,logistic_regression,3,2023-09-06,0,0,0.39552574305605176,0.2422236827749967,0.3622505741689515,0.03327516888710025
META,logistic_regression,3,2023-09-07,1,-1,0.4347667518980488,0.2572268811386299,0.3080063669633214,0.1267603849347274
META,logistic_regression,3,2023-09-08,0,0,0.3649433242551758,0.2797186867871907,0.35533798895763347,0.009605335297542317
META,logistic_regression,3,2023-09-11,0,0,0.39813802516209845,0.22760393311220004,0.37425804172570154,0.023879983436396912
META,logistic_regression,3,2023-09-12,0,0,0.38134722894956763,0.27369327969904256,0.34495949135138987,0.03638773759817776
META,logistic_regression,3,2023-09-13,0,-1,0.37227835074809984,0.26925043034726376,0.35847121890463646,0.013807131843463383
META,logistic_regression,3,2023-09-14,-1,-1,0.3905494003977392,0.27150456687091024,0.33794603273135054,0.05260336766638868
META,logistic_regression,3,2023-09-15,0,1,0.4591407614407247,0.4591407614407247,0.2736012808283397,0.185539480612385
META,logistic_regression,3,2023-09-18,0,1,0.4149444198914434,0.4149444198914434,0.3055997219262744,0.10934469796516899
META,logistic_regression,3,2023-09-19,-1,1,0.35497643869894074,0.35497643869894074,0.3514012685758499,0.0035751701230908317
META,logistic_regression,3,2023-09-20,0,1,0.4527815332084241,0.4527815332084241,0.27900704783144104,0.1737744853769831
META,logistic_regression,3,2023-09-21,1,1,0.39341766854671645,0.39341766854671645,0.33650772787202926,0.05690994067468719
META,logistic_regression,3,2023-09-22,0,1,0.4542640810550943,0.4542640810550943,0.3039078144354342,0.15035626661966012
META,logistic_regression,3,2023-09-25,0,1,0.4215280786799563,0.4215280786799563,0.3401871745755953,0.08134090410436101
META,logistic_regression,3,2023-09-26,0,1,0.3949656512499541,0.3949656512499541,0.3285429812312779,0.06642267001867619
META,logistic_regression,3,2023-09-27,1,1,0.38739457328434057,0.38739457328434057,0.36141153897749356,0.025983034306847008
META,logistic_regression,3,2023-09-28,0,-1,0.35059473298017313,0.3404792309625805,0.3404792309625805,0.010115502017592648
META,logistic_regression,3,2023-09-29,1,1,0.397766046346029,0.397766046346029,0.3105003519510449,0.0872656943949841
META,logistic_regression,3,2023-10-02,1,0,0.36475645046488614,0.3130797707372902,0.3221637787978237,0.04259267166706243
META,logistic_regression,3,2023-10-03,1,-1,0.35833666207049836,0.3329000382895449,0.3329000382895449,0.02543662378095346
META,logistic_regression,3,2023-10-04,1,-1,0.40409564358359806,0.2902762872423872,0.30562806917401464,0.09846757440958342
META,logistic_regression,3,2023-10-05,1,-1,0.3630731653381015,0.32386170956613014,0.32386170956613014,0.03921145577197138
META,logistic_regression,3,2023-10-06,0,-1,0.42475284707280614,0.2409098709096626,0.33433728201753116,0.09041556505527498
META,logistic_regression,3,2023-10-09,0,-1,0.40695046878905566,0.21398057374603038,0.3790689574649138,0.02788151132414185
META,logistic_regression,3,2023-10-10,0,0,0.42841182203951256,0.23228713929716802,0.3393010386633194,0.08911078337619316
META,logistic_regression,3,2023-10-11,-1,0,0.44885674979630114,0.19143352144917186,0.35970972875452695,0.08914702104177419
META,logistic_regression,3,2023-10-12,-1,0,0.4695050901618875,0.20253388158650745,0.32796102825160517,0.14154406191028235
META,logistic_regression,3,2023-10-13,0,0,0.35932645040269273,0.3510719859222058,0.3510719859222058,0.008254464480486945
META,logistic_regression,3,2023-10-16,-1,0,0.3754755646980366,0.2970429615404948,0.3274814737614686,0.047994090936568035
META,logistic_regression,3,2023-10-17,-1,0,0.3961225100625954,0.23786310880777428,0.3660143811296304,0.030108128932964995
META,logistic_regression,3,2023-10-18,-1,1,0.3688708360880675,0.3688708360880675,0.34812851277211404,0.020742323315953437
META,logistic_regression,3,2023-10-19,-1,1,0.46458391554789025,0.46458391554789025,0.2793625382693196,0.18522137727857063
META,logistic_regression,3,2023-10-20,-1,1,0.4458578781833562,0.4458578781833562,0.3003080721268792,0.145549806056477
META,logistic_regression,3,2023-10-23,-1,1,0.401990689260415,0.401990689260415,0.3251294539627672,0.07686123529764777
META,logistic_regression,3,2023-10-24,-1,1,0.49628655599778376,0.49628655599778376,0.28789418799076294,0.20839236800702082
META,logistic_regression,3,2023-10-25,1,1,0.5308999185734011,0.5308999185734011,0.3011966586440733,0.22970325992932783
META,logistic_regression,3,2023-10-26,1,1,0.5123007150945906,0.5123007150945906,0.33168919122627843,0.1806115238683122
META,logistic_regression,3,2023-10-27,1,1,0.49424879700436,0.49424879700436,0.294137872840833,0.200110924163527
META,logistic_regression,3,2023-10-30,1,1,0.44253243735334763,0.44253243735334763,0.3669900613110602,0.07554237604228742
META,logistic_regression,3,2023-10-31,1,1,0.5171926868518952,0.5171926868518952,0.30320982578733024,0.213982861064565
META,logistic_regression,3,2023-11-01,1,-1,0.44666242763115493,0.33466447481309664,0.33466447481309664,0.1119979528180583
META,logistic_regression,3,2023-11-02,1,1,0.4033957015014867,0.4033957015014867,0.3691449115521932,0.03425078994929348
META,logistic_regression,3,2023-11-03,1,-1,0.41927235747127195,0.27013205409692054,0.31059558843180746,0.1086767690394645
META,logistic_regression,3,2023-11-06,1,-1,0.4051341013747911,0.26018558352605115,0.33468031509915774,0.07045378627563337
META,logistic_regression,3,2023-11-07,1,-1,0.420662693574707,0.21837575594813552,0.36096155047715744,0.059701143097549536
META,logistic_regression,3,2023-11-08,1,0,0.40748602111346294,0.18812156157941043,0.4043924173071266,0.0030936038063363314
META,logistic_regression,3,2023-11-09,1,0,0.44643081407636515,0.17862352287653324,0.37494566304710164,0.0714851510292635
META,logistic_regression,3,2023-11-10,0,-1,0.4039180194444628,0.19487970027093982,0.4012022802845974,0.0027157391598653935
META,logistic_regression,3,2023-11-13,1,0,0.47070202252776355,0.17167703128279413,0.35762094618944246,0.1130810763383211
META,logistic_regression,3,2023-11-14,0,0,0.49703177450953245,0.1678828615743538,0.33508536391611377,0.1619464105934187
META,logistic_regression,3,2023-11-15,1,0,0.46792275207959433,0.2316576416745587,0.30041960624584707,0.16750314583374726
META,logistic_regression,3,2023-11-16,0,0,0.4361345433892318,0.20556446788482702,0.35830098872594107,0.07783355466329073
META,logistic_regression,3,2023-11-17,0,0,0.4239292691504921,0.25153034037429983,0.32454039047520805,0.09938887867528406
META,logistic_regression,3,2023-11-20,0,0,0.44269037830718067,0.22962408875237988,0.3276855329404394,0.11500484536674127
META,logistic_regression,3,2023-11-21,0,0,0.4508395326923641,0.2704586157109021,0.27870185159673383,0.17213768109563027
META,logistic_regression,3,2023-11-22,-1,0,0.4177095568530832,0.3337360544566396,0.3337360544566396,0.08397350239644358
META,logistic_regression,3,2023-11-24,-1,1,0.4604475385350497,0.4604475385350497,0.33436854220460566,0.12607899633044406
META,logistic_regression,3,2023-11-27,-1,1,0.41468737320423865,0.41468737320423865,0.31951013974750825,0.0951772334567304
META,logistic_regression,3,2023-11-28,-1,1,0.3730204463919009,0.3730204463919009,0.35999683838438534,0.013023608007515564
META,logistic_regression,3,2023-11-29,-1,1,0.48280317492303754,0.48280317492303754,0.2886039250770529,0.19419924984598463
META,logistic_regression,3,2023-11-30,0,1,0.43632954477006675,0.43632954477006675,0.28681374398175585,0.1495158007883109
META,logistic_regression,3,2023-12-01,1,1,0.40523184206331364,0.40523184206331364,0.31036275514707895,0.09486908691623469
META,logistic_regression,3,2023-12-04,0,-1,0.35863431753144637,0.34687785201304483,0.34687785201304483,0.011756465518401538
META,logistic_regression,3,2023-12-05,1,1,0.4128100245082707,0.4128100245082707,0.29368055410105914,0.11912947040721156
META,logistic_regression,3,2023-12-06,1,1,0.421242807635396,0.421242807635396,0.3149006201568021,0.10634218747859392
META,logistic_regression,3,2023-12-07,1,-1,0.3683501603150468,0.3087629044804298,0.3228869352045234,0.04546322511052342
META,logistic_regression,3,2023-12-08,0,-1,0.367208533431355,0.27833930377571414,0.3544521627929309,0.012756370638424108
META,logistic_regression,3,2023-12-11,1,-1,0.3974941372389783,0.2842049383661677,0.3183009243948539,0.0791932128441244
META,logistic_regression,3,2023-12-12,1,0,0.392014923246664,0.22523686662894588,0.3827482101243902,0.009266713122273784
META,logistic_regression,3,2023-12-13,1,0,0.4181008169067223,0.19664494172119867,0.385254241372079,0.03284657553464332
META,logistic_regression,3,2023-12-14,1,0,0.4510157001669621,0.21287763187760617,0.33610666795543187,0.1149090322115302
META,logistic_regression,3,2023-12-15,1,0,0.4464971543968754,0.19189384000953374,0.3616090055935909,0.08488814880328449
META,logistic_regression,3,2023-12-18,1,0,0.5355057392709576,0.16010890192379207,0.3043853588052503,0.23112038046570726
META,logistic_regression,3,2023-12-19,1,0,0.5580264177736679,0.13696996405687786,0.3050036181694542,0.2530227996042137
META,logistic_regression,3,2023-12-20,1,0,0.5802777621324033,0.14522908696796238,0.2744931508996343,0.30578461123276907
META,logistic_regression,3,2023-12-21,0,0,0.5546424647815973,0.1462832482366203,0.29907428698178234,0.25556817779981494
META,logistic_regression,3,2023-12-22,-1,0,0.5615763083248934,0.16101689536128463,0.27740679631382187,0.2841695120110715
META,logistic_regression,3,2023-12-26,-1,0,0.581087996942266,0.1651450756007646,0.25376692745696944,0.32732106948529655
META,logistic_regression,3,2023-12-27,-1,0,0.5712548892407014,0.15195722995810315,0.2767878808011954,0.2944670084395061
META,logistic_regression,3,2023-12-28,0,0,0.5913915351873611,0.18048163890817298,0.22812682590446595,0.3632647092828951
META,logistic_regression,3,2023-12-29,0,0,0.5259716069348489,0.23872874517139764,0.23872874517139764,0.28724286176345126
META,logistic_regression,3,2024-01-02,1,0,0.4337806064589775,0.29889391094839163,0.29889391094839163,0.13488669551058585
META,logistic_regression,3,2024-01-03,1,0,0.4045742186633897,0.33869911445596956,0.33869911445596956,0.06587510420742015
META,logistic_regression,3,2024-01-04,1,0,0.39426838029234024,0.3569989429412142,0.3569989429412142,0.037269437351126034
META,logistic_regression,3,2024-01-05,1,0,0.3890388154074246,0.3534148995172877,0.3534148995172877,0.03562391589013686
META,logistic_regression,3,2024-01-08,1,0,0.42948747364536893,0.302131055229739,0.302131055229739,0.12735641841562995
META,logistic_regression,3,2024-01-09,1,0,0.45876885869631034,0.2540149506421914,0.2872161906614983,0.17155266803481206
META,logistic_regression,3,2024-01-10,0,0,0.4707367338365354,0.23702846448802423,0.2922348016754403,0.1785019321610951
META,logistic_regression,3,2024-01-11,1,0,0.5103609450246531,0.24482030590949203,0.24482030590949203,0.2655406391151611
META,logistic_regression,3,2024-01-12,0,0,0.5398304214034508,0.2032257744576011,0.256943804138948,0.2828866172645028
META,logistic_regression,3,2024-01-16,1,0,0.4772253169707297,0.2830886926969766,0.2830886926969766,0.19413662427375306
META,logistic_regression,3,2024-01-17,1,0,0.5054938247403878,0.24475826904257605,0.2497479062170361,0.2557459185233517
META,logistic_regression,3,2024-01-18,1,0,0.5127523293000626,0.20639441834204472,0.2808532523578926,0.23189907694217005
META,logistic_regression,3,2024-01-19,1,0,0.5485574013919504,0.1730688712407937,0.2783737273672559,0.2701836740246945
META,logistic_regression,3,2024-01-22,1,0,0.5498745152889183,0.23551194722049892,0.23551194722049892,0.31436256806841933
META,logistic_regression,3,2024-01-23,1,0,0.566687734042479,0.18196072166318034,0.25135154429434065,0.3153361897481383
META,logistic_regression,3,2024-01-24,0,0,0.5876093146159064,0.1741310943443128,0.23825959103978075,0.3493497235761256
META,logistic_regression,3,2024-01-25,0,0,0.5735879574791108,0.17502315528733653,0.2513888872335526,0.3221990702455582
META,logistic_regression,3,2024-01-26,1,0,0.6068924619231658,0.17208462503148897,0.22102291304534527,0.38586954887782055
META,logistic_regression,3,2024-01-29,1,0,0.5747931933301966,0.1592126543307936,0.2659941523390098,0.3087990409911868
META,logistic_regression,3,2024-01-30,1,0,0.6121861832028342,0.1889183349764515,0.19889548182071423,0.41329070138212
META,logistic_regression,3,2024-01-31,1,0,0.46471563570655844,0.26563930993941437,0.26964505435402725,0.1950705813525312
META,logistic_regression,3,2024-02-01,1,0,0.40621426123584115,0.33484862615224115,0.33484862615224115,0.0713656350836
META,logistic_regression,3,2024-02-02,0,0,0.43459689950194386,0.3428170341239325,0.3428170341239325,0.09177986537801136
META,logistic_regression,3,2024-02-05,1,-1,0.3596515437440697,0.32542518634031753,0.32542518634031753,0.03422635740375218
META,logistic_regression,3,2024-02-06,0,0,0.36699957077440004,0.3201325804491427,0.3201325804491427,0.04686699032525732
META,logistic_regression,3,2024-02-07,0,-1,0.503634498644871,0.21487527881383928,0.28149022254128975,0.22214427610358123
META,logistic_regression,3,2024-02-08,1,-1,0.44442581877263015,0.19060262513465082,0.36497155609271914,0.07945426267991101
META,logistic_regression,3,2024-02-09,0,0,0.3630171273764746,0.347394060458103,0.347394060458103,0.01562306691837162
META,logistic_regression,3,2024-02-12,0,0,0.3663893150061407,0.30267723534320734,0.33093344965065197,0.035455865355488725
META,logistic_regression,3,2024-02-13,0,-1,0.3475724852897598,0.3383013290265002,0.3383013290265002,0.009271156263259639
META,logistic_regression,3,2024-02-14,1,1,0.3997639977305656,0.3997639977305656,0.3243379278139574,0.07542606991660816
META,logistic_regression,3,2024-02-15,0,-1,0.34430443774279584,0.32888505237710236,0.32888505237710236,0.015419385365693483
META,logistic_regression,3,2024-02-16,0,1,0.3773015079205643,0.3773015079205643,0.3268809837075794,0.05042052421298493
META,logistic_regression,3,2024-02-20,1,1,0.37340732883702166,0.37340732883702166,0.3458949179350409,0.027512410901980755
META,logistic_regression,3,2024-02-21,1,1,0.36244369703032325,0.36244369703032325,0.33229187993531994,0.030151817095003308
META,logistic_regression,3,2024-02-22,0,1,0.3787191010170149,0.3787191010170149,0.31994077071454724,0.05877833030246765
META,logistic_regression,3,2024-02-23,1,1,0.3917509658567988,0.3917509658567988,0.36209010184185375,0.029660864014945054
META,logistic_regression,3,2024-02-26,1,1,0.37630973240632337,0.37630973240632337,0.37573736014859327,0.0005723722577301027
META,logistic_regression,3,2024-02-27,0,0,0.38150067042883085,0.3137319003762625,0.3137319003762625,0.06776877005256837
META,logistic_regression,3,2024-02-28,1,0,0.38006181179244153,0.3432867253017837,0.3432867253017837,0.036775086490657805
META,logistic_regression,3,2024-02-29,1,1,0.4585499720598953,0.4585499720598953,0.32426023574068824,0.13428973631920704
META,logistic_regression,3,2024-03-01,0,1,0.40086788554710634,0.40086788554710634,0.36027450491953994,0.0405933806275664
META,logistic_regression,3,2024-03-04,-1,0,0.49618637228730034,0.16177058629002547,0.3420430414226743,0.15414333086462606
META,logistic_regression,3,2024-03-05,0,0,0.43062082922582284,0.21615194656700998,0.3532272242071672,0.07739360501865566
META,logistic_regression,3,2024-03-06,0,0,0.44810591856348886,0.2384767266241298,0.3134173548123813,0.13468856375110755
META,logistic_regression,3,2024-03-07,-1,0,0.4367225626372331,0.17150904101735587,0.39176839634541116,0.04495416629182192
META,logistic_regression,3,2024-03-08,-1,0,0.46173781360424254,0.22793359209487885,0.31032859430087856,0.15140921930336398
META,logistic_regression,3,2024-03-11,1,-1,0.39070562823516514,0.28250367426491946,0.3267906974999154,0.06391493073524973
META,logistic_regression,3,2024-03-12,0,-1,0.394038561608171,0.23893685310177745,0.3670245852900516,0.027013976318119415
META,logistic_regression,3,2024-03-13,1,-1,0.3984184874023927,0.2746584996584384,0.3269230129391689,0.0714954744632238
META,logistic_regression,3,2024-03-14,1,0,0.3569880007007068,0.30993205174487204,0.33307994755442116,0.023908053146285635
META,logistic_regression,3,2024-03-15,1,-1,0.4809748324325795,0.24445802751226126,0.2745671400551592,0.2064076923774203
META,logistic_regression,3,2024-03-18,0,-1,0.37892864279128036,0.27227862112813006,0.34879273608058947,0.030135906710690885
META,logistic_regression,3,2024-03-19,0,-1,0.44974915943563626,0.25901418481898075,0.29123665574538304,0.15851250369025321
META,logistic_regression,3,2024-03-20,-1,-1,0.3905515140259057,0.28134824593046537,0.3281002400436289,0.06245127398227679
META,logistic_regression,3,2024-03-21,-1,0,0.39708857219689064,0.24671701147507358,0.35619441632803567,0.040894155868854976
META,logistic_regression,3,2024-03-22,-1,0,0.40320206837077444,0.20073927992244622,0.39605865170677934,0.007143416663995095
META,logistic_regression,3,2024-03-25,0,-1,0.3852064881318044,0.23107777850535538,0.3837157333628403,0.0014907547689640976
META,logistic_regression,3,2024-03-26,1,-1,0.36688374866139634,0.2763561405343165,0.3567601108042872,0.010123637857109125
META,logistic_regression,3,2024-03-27,1,-1,0.3502038844768155,0.3070925452375397,0.34270357028564474,0.007500314191170754
META,logistic_regression,3,2024-03-28,1,-1,0.39429630673075516,0.2903603431467775,0.3153433501224672,0.07895295660828794
META,logistic_regression,3,2024-04-01,1,0,0.3978497811627288,0.23806576748618966,0.3640844513510816,0.033765329811647204
META,logistic_regression,3,2024-04-02,1,-1,0.44543080075398395,0.19917988473949208,0.35538931450652406,0.09004148624745989
META,logistic_regression,3,2024-04-03,1,-1,0.39534575953714346,0.23320691652576153,0.37144732393709495,0.023898435600048507
META,logistic_regression,3,2024-04-04,1,0,0.3861928613934246,0.24172279515920353,0.3720843434473718,0.014108517946052834
META,logistic_regression,3,2024-04-05,-1,-1,0.4237636525242231,0.16013610521282426,0.41610024226295256,0.007663410261270542
META,logistic_regression,3,2024-04-08,-1,0,0.39288261125631313,0.2269484831231715,0.38016890562051525,0.012713705635797878
META,logistic_regression,3,2024-04-09,-1,0,0.3789873357491035,0.2904736840770167,0.3305389801738798,0.0484483555752237
META,logistic_regression,3,2024-04-10,-1,-1,0.42685927219533387,0.18039786847392053,0.39274285933074554,0.03411641286458833
META,logistic_regression,3,2024-04-11,-1,0,0.4016772555507231,0.22502136994356284,0.3733013745057141,0.028375881045008988
META,logistic_regression,3,2024-04-12,-1,0,0.3691910281473099,0.28210050366468453,0.3487084681880056,0.020482559959304314
META,logistic_regression,3,2024-04-15,-1,1,0.4200071997020225,0.4200071997020225,0.29797352087608414,0.12203367882593835
META,logistic_regression,3,2024-04-16,0,-1,0.39791119945452524,0.31552644637700455,0.31552644637700455,0.08238475307752069
META,logistic_regression,3,2024-04-17,0,1,0.3848714634188441,0.3848714634188441,0.3471767050662097,0.03769475835263442
META,logistic_regression,3,2024-04-18,-1,-1,0.38550307237443754,0.31317138400797784,0.31317138400797784,0.0723316883664597
META,logistic_regression,3,2024-04-19,-1,1,0.4164532475214437,0.4164532475214437,0.3649471723965874,0.051506075124856276
META,logistic_regression,3,2024-04-22,-1,1,0.3908157560364886,0.3908157560364886,0.3730415759470135,0.017774180089475122
META,logistic_regression,3,2024-04-23,-1,-1,0.43400254474277783,0.31113912652234704,0.31113912652234704,0.12286341822043079
META,logistic_regression,3,2024-04-24,-1,-1,0.3880665755636406,0.37809589867766946,0.37809589867766946,0.009970676885971141
META,logistic_regression,3,2024-04-25,0,-1,0.786750523762778,0.15167221812517148,0.15167221812517148,0.6350783056376065
META,logistic_regression,3,2024-04-26,0,-1,0.42492239261800313,0.416119101254452,0.416119101254452,0.008803291363551125
META,logistic_regression,3,2024-04-29,1,-1,0.4350444926005062,0.41363632167079234,0.41363632167079234,0.021408170929713866
META,logistic_regression,3,2024-04-30,1,1,0.4261286628900118,0.4261286628900118,0.39493790779003723,0.031190755099974543
META,logistic_regression,3,2024-05-01,1,-1,0.50070688311894,0.3417665302402951,0.3417665302402951,0.15894035287864489
META,logistic_regression,3,2024-05-02,1,-1,0.5596088060839493,0.29576807403600025,0.29576807403600025,0.263840732047949
META,logistic_regression,3,2024-05-03,1,-1,0.6040469904298821,0.2111855150017523,0.2111855150017523,0.39286147542812977
META,logistic_regression,3,2024-05-06,0,-1,0.6153884180774906,0.17407530423749293,0.21053627768501645,0.4048521403924741
META,logistic_regression,3,2024-05-07,0,-1,0.5857804025157926,0.18061449128023704,0.23360510620397046,0.3521752963118221
META,logistic_regression,3,2024-05-08,0,-1,0.6201608627463263,0.1566208542397223,0.22321828301395139,0.3969425797323749
META,logistic_regression,3,2024-05-09,0,-1,0.5723995352759029,0.12221242536698147,0.30538803935711567,0.26701149591878726
META,logistic_regression,3,2024-05-10,0,-1,0.5153145524643319,0.16383500434346193,0.3208504431922061,0.19446410927212576
META,logistic_regression,3,2024-05-13,0,-1,0.5057515728436006,0.21212808047273,0.2821203466836694,0.2236312261599312
META,logistic_regression,3,2024-05-14,0,-1,0.510101479111168,0.18749045152453284,0.30240806936429915,0.20769340974686884
META,logistic_regression,3,2024-05-15,-1,-1,0.49457102274295883,0.20288208924854786,0.3025468880084932,0.1920241347344656
META,logistic_regression,3,2024-05-16,0,-1,0.5114288020976846,0.2015543925941683,0.2870168053081471,0.2244119967895375
META,logistic_regression,3,2024-05-17,0,-1,0.4345782020863564,0.2829548553276803,0.2829548553276803,0.15162334675867611
META,logistic_regression,3,2024-05-20,1,-1,0.4605027016535508,0.27442375325527235,0.27442375325527235,0.18607894839827843
META,logistic_regression,3,2024-05-21,1,-1,0.4624314545506575,0.25530202762980686,0.28226651781953577,0.18016493673112172
META,logistic_regression,3,2024-05-22,0,-1,0.41679982197583404,0.2716508258595579,0.31154935216460794,0.1052504698112261
